gmap_id,name,address,latitude,longitude,category,avg_rating,num_of_reviews,price,hours
0x872b06c0e4c2c79b:0x6c5530b133da1179,I Sushi,"I Sushi, 4939 W Ray Rd #1&2, Chandler, AZ 85226",33.3189967,-111.9258165,"['Restaurant', 'Asian fusion restaurant', 'Japanese restaurant', 'Korean barbecue restaurant', 'Sushi restaurant']",4.3,8,,"[['Tuesday', '11AM–2PM'], ['Wednesday', '11AM–2PM'], ['Thursday', '11AM–2PM'], ['Friday', '11AM–2PM'], ['Saturday', '11AM–2PM'], ['Sunday', 'Closed'], ['Monday', '11AM–2PM']]"
0x872b6df53a3bd1df:0xac587f858a1402a2,Yogis Grill - Bethany,"Yogis Grill - Bethany, 6075 N 19th Ave # 101, Phoenix, AZ 85015",33.5253008,-112.09925539999999,"['Japanese restaurant', 'Fast food restaurant', 'Pan-Asian restaurant', 'Sushi restaurant']",3.7,15,,"[['Monday', '10:30AM–9PM'], ['Tuesday', '10:30AM–9PM'], ['Wednesday', '10:30AM–9PM'], ['Thursday', '10:30AM–9PM'], ['Friday', '10:30AM–9PM'], ['Saturday', '10:30AM–9PM'], ['Sunday', 'Closed']]"
0x872b1555bd32fee9:0x89c4a6c01a58d24,Señor Yoshi,"Señor Yoshi, 4105 N 51st Ave, Phoenix, AZ 85031",33.4953348,-112.16652909999999,"['Asian restaurant', 'Japanese restaurant', 'Takeout Restaurant', 'Ramen restaurant', 'Sushi restaurant', 'Sushi takeaway', 'Udon noodle restaurant']",4.4,36,$,"[['Sunday', '11AM–5PM'], ['Monday', '11AM–9PM'], ['Tuesday', '11AM–9PM'], ['Wednesday', '11AM–9PM'], ['Thursday', '11AM–9PM'], ['Friday', '11AM–9PM'], ['Saturday', '11AM–8PM']]"
0x872b0b124545dc41:0xd7209beffc55c60,Blue Wasabi,"Blue Wasabi, 6137 N Scottsdale Rd, Scottsdale, AZ 85250",33.5261006,-111.9247608,"['Sushi restaurant', 'Japanese restaurant', 'Restaurant']",4.2,5,,
0x86d67321826590a7:0x3e4049d7c004acc7,Sushi Bomb,,32.15591,-110.883805,"['Japanese delicatessen', 'Service establishment']",5.0,5,,"[['Thursday', '12–8PM'], ['Friday', '12–8PM'], ['Saturday', '12–8PM'], ['Sunday', 'Closed'], ['Monday', 'Closed'], ['Tuesday', '12–8PM'], ['Wednesday', '12–8PM']]"
0x872b13c24cff7a41:0x65fd775dc1a3721b,Sushi Tokoro,"Sushi Tokoro, 1575 E Camelback Rd, Phoenix, AZ 85014",33.508962,-112.04828909999999,"['Japanese restaurant', 'Sushi restaurant']",4.7,48,,"[['Sunday', '11AM–9:30PM'], ['Monday', '11AM–9:30PM'], ['Tuesday', '11AM–9:30PM'], ['Wednesday', '11AM–9:30PM'], ['Thursday', '11AM–9:30PM'], ['Friday', '11AM–10PM'], ['Saturday', '11AM–10PM']]"
0x872b44b7c0b4f095:0x594e7915351c97e1,Samurai Sam's,"Samurai Sam's, 13761 W Bell Rd #211, Surprise, AZ 85374",33.63708,-112.3568569,"['Fast food restaurant', 'Asian restaurant', 'Chinese restaurant', 'Japanese restaurant', 'Restaurant']",2.9,8,,"[['Friday', '10:30AM–8PM'], ['Saturday', '11AM–8PM'], ['Sunday', 'Closed'], ['Monday', '10:30AM–8PM'], ['Tuesday', '10:30AM–8PM'], ['Wednesday', '10:30AM–8PM'], ['Thursday', '10:30AM–8PM']]"
0x872b44c9d835b5e3:0xccda5859afd7b84b,Hayashi Hibachi,"Hayashi Hibachi, 13823 W Bell Rd, Surprise, AZ 85374",33.6382747,-112.35784009999999,"['Japanese restaurant', 'Asian restaurant', 'Japanese steakhouse', 'Steak house', 'Sushi restaurant']",3.3,27,,"[['Tuesday', '11AM–10:30PM'], ['Wednesday', '11AM–10:30PM'], ['Thursday', '11AM–10:30PM'], ['Friday', '11AM–11:30PM'], ['Saturday', '11AM–11:30PM'], ['Sunday', '11AM–10PM'], ['Monday', '11AM–10:30PM']]"
0x86d60dc7daea9887:0xd89d52fcbca8c68,Sakura Sushi,"Sakura Sushi, 12125 N Oracle Rd #105, Oro Valley, AZ 85737",32.425584,-110.938092,"['Sushi restaurant', 'Bar', 'Chinese restaurant', 'Japanese restaurant']",4.0,14,,"[['Sunday', '12–8PM'], ['Monday', '4–9PM'], ['Tuesday', '4–9PM'], ['Wednesday', '4–9PM'], ['Thursday', '4–9PM'], ['Friday', '4–10PM'], ['Saturday', '4–10PM']]"
0x80d663c2b3a2804b:0x7f47a6467ad83ae4,Rolls & Bowls Sushi of Foothills,"Rolls & Bowls Sushi of Foothills, 11242 S Foothills Blvd Suite 15, Yuma, AZ 85367",32.667159399999996,-114.41018369999999,"['Sushi restaurant', 'Asian fusion restaurant', 'Fusion restaurant', 'Japanese restaurant']",4.7,55,,"[['Tuesday', '11AM–7PM'], ['Wednesday', 'Closed'], ['Thursday', '11AM–7PM'], ['Friday', '11AM–7PM'], ['Saturday', '11AM–7PM'], ['Sunday', '11AM–7PM'], ['Monday', '11AM–7PM']]"
0x872b0bbdc117e2c3:0x6b5e04bf709c8f67,Tokyo Tonic,"Tokyo Tonic, 7140 E 6th Ave, Scottsdale, AZ 85251",33.4989573,-111.92675299999999,"['Restaurant', 'Bar', 'Japanese restaurant', 'Karaoke bar', 'Sushi restaurant']",3.2,5,,"[['Friday', '3PM–12AM'], ['Saturday', '3PM–12AM'], ['Sunday', '3PM–12AM'], ['Monday', 'Closed'], ['Tuesday', 'Closed'], ['Wednesday', 'Closed'], ['Thursday', 'Closed']]"
0x872a48ecc904cdd5:0xfb18b8f209622028,Wok N Roll Japanese and Chinese Cuisine,"Wok N Roll Japanese and Chinese Cuisine, 2510 E Hunt Hwy #21, San Tan Valley, AZ 85143",33.1370333,-111.53902819999999,"['Chinese restaurant', 'Japanese restaurant', 'Restaurant', 'Sushi restaurant']",3.6,8,$$,"[['Friday', '4AM–10PM'], ['Saturday', '4AM–10PM'], ['Sunday', '4–8PM'], ['Monday', 'Closed'], ['Tuesday', '4AM–9PM'], ['Wednesday', '4AM–9PM'], ['Thursday', '4AM–9PM']]"
0x872b69a2e8e9c817:0xc4d37ae230d7bcae,Teriyaki Madness,"Teriyaki Madness, 16955 N 75th Ave Ste 115, Peoria, AZ 85382",33.6375218,-112.21963339999999,"['Asian fusion restaurant', 'Caterer', 'Fast food restaurant', 'Gluten-free restaurant', 'Japanese restaurant', 'Restaurant']",3.7,38,$,"[['Friday', '11AM–9PM'], ['Saturday', '11AM–9PM'], ['Sunday', '11AM–9PM'], ['Monday', '11AM–9PM'], ['Tuesday', '11AM–9PM'], ['Wednesday', '11AM–9PM'], ['Thursday', '11AM–9PM']]"
0x872b08c270f19523:0xdaa8ee82ee40a41b,Osaka Grill Teriyaki & Roll,"Osaka Grill Teriyaki & Roll, 681 E Apache Blvd, Tempe, AZ 85281",33.4140371,-111.92894,['Japanese restaurant'],3.6,65,$$,"[['Monday', '12–11:30PM'], ['Tuesday', '12–11:30PM'], ['Wednesday', '12–11:30PM'], ['Thursday', '12–11:30PM'], ['Friday', '12–11:30PM'], ['Saturday', 'Closed'], ['Sunday', '12–11:30PM']]"
0x872b12c333458575:0x35e35437244c2fda,Kyoto Bowl,"Kyoto Bowl, 702 W Camelback Rd #1, Phoenix, AZ 85013",33.509789,-112.083452,"['Japanese restaurant', 'Asian restaurant']",3.1,18,$,"[['Monday', '10:30AM–9PM'], ['Tuesday', '10:30AM–9PM'], ['Wednesday', '10:30AM–9PM'], ['Thursday', '10:30AM–9PM'], ['Friday', '10:30AM–9PM'], ['Saturday', '10:30AM–9PM'], ['Sunday', '11AM–8PM']]"
0x872b7583be2ab90d:0xee5bc038334cf023,BIG EYE SUSHI BAR,"BIG EYE SUSHI BAR, 14144 N 100th St, Scottsdale, AZ 85260",33.613017899999996,-111.86503909999999,"['Sushi restaurant', 'Asian restaurant', 'Japanese restaurant']",4.2,58,$$,"[['Sunday', 'Closed'], ['Monday', '4–9:30PM'], ['Tuesday', '11AM–2PM'], ['Wednesday', '11AM–2PM'], ['Thursday', '11AM–2PM'], ['Friday', '11AM–2PM'], ['Saturday', '1–10:30PM']]"
0x872b75f31eb3e239:0x3b2411f791bbfd9c,Yama Sushi & Asian Cuisine,"Yama Sushi & Asian Cuisine, 7704 E Doubletree Ranch Rd, Scottsdale, AZ 85258",33.5652117,-111.91578829999999,['Japanese restaurant'],4.5,26,$$,"[['Sunday', '12–9PM'], ['Monday', 'Closed'], ['Tuesday', '11AM–9PM'], ['Wednesday', '11AM–9PM'], ['Thursday', '11AM–9PM'], ['Friday', '11AM–10PM'], ['Saturday', '11AM–10PM']]"
0x872b695814acc595:0x988c28f39973dc71,Daiso Japan,"Daiso Japan, 4330 W Union Hills Dr, Glendale, AZ 85308",33.6554545,-112.15410589999999,['Japanese confectionery shop'],3.8,28,,"[['Sunday', '9AM–9PM'], ['Monday', '9AM–9PM'], ['Tuesday', '9AM–9PM'], ['Wednesday', '9AM–9PM'], ['Thursday', '9AM–9PM'], ['Friday', '9AM–9PM'], ['Saturday', '9AM–9PM']]"
0x872b77142244235f:0xb137edc6db69e88c,Toyama Restaurant,"Toyama Restaurant, 23415 N Scottsdale Rd, Scottsdale, AZ 85255",33.6990666,-111.9235913,['Japanese restaurant'],4.6,54,$$,"[['Saturday', '5–10PM'], ['Sunday', '5–9PM'], ['Monday', 'Closed'], ['Tuesday', '5–9:30PM'], ['Wednesday', '5–9:30PM'], ['Thursday', '5–9:30PM'], ['Friday', '5–10PM']]"
0x872da3e1fd021b3b:0x497431dd4f4b3eb7,Takashi Japanese Restaurant,"Takashi Japanese Restaurant, 465 Jordan Rd # 1, Sedona, AZ 86336",34.873703,-111.761371,"['Japanese restaurant', 'Asian restaurant', 'Bar', 'Sushi restaurant']",4.3,28,$$,"[['Saturday', '4–8:30PM'], ['Sunday', '4–8:30PM'], ['Monday', 'Closed'], ['Tuesday', '12–8:30PM'], ['Wednesday', '4–8:30PM'], ['Thursday', '4–8:30PM'], ['Friday', '12–8:30PM']]"
0x872b0b3ee84ca069:0xd32e736e289eb4f0,ShinBay,"ShinBay, 3720 N Scottsdale Rd #201, Scottsdale, AZ 85251",33.491025,-111.926402,"['Japanese restaurant', 'Asian restaurant', 'Restaurant', 'Seafood restaurant']",4.7,44,,"[['Saturday', '5:45–10PM'], ['Sunday', '5:45–10PM'], ['Monday', 'Closed'], ['Tuesday', 'Closed'], ['Wednesday', '5:45–10PM'], ['Thursday', '5:45–10PM'], ['Friday', '5:45–10PM']]"
0x872b0756d50e4647:0x2608bca876929344,Seksun Sushi,"Seksun Sushi, 1175 W Ray Rd #3633, Chandler, AZ 85224",33.3200874,-111.8627319,"['Sushi restaurant', 'Japanese restaurant']",3.8,118,$$,"[['Friday', '11AM–10PM'], ['Saturday', '12–10PM'], ['Sunday', '12–10PM'], ['Monday', '11AM–10PM'], ['Tuesday', '11AM–10PM'], ['Wednesday', '11AM–10PM'], ['Thursday', '11AM–10PM']]"
0x872b744ad4cfd397:0x2e25bff595d237e4,Samurai Sam's,"Samurai Sam's, 15111 N Hayden Rd #120, Scottsdale, AZ 85260",33.622056,-111.904496,"['Japanese restaurant', 'Asian fusion restaurant', 'Asian restaurant', 'Chinese restaurant', 'Fast food restaurant', 'Food court', 'Noodle shop', 'Salad shop', 'Thai restaurant']",4.3,58,$,"[['Wednesday', '10AM–3:30PM'], ['Thursday', '10AM–3:30PM'], ['Friday', '10AM–3:30PM'], ['Saturday', 'Closed'], ['Sunday', 'Closed'], ['Monday', '10AM–3:30PM'], ['Tuesday', '10AM–3:30PM']]"
0x872b0bc064cbb9bb:0xe516771420e712e9,BENIHANA - Delivery Only,"BENIHANA - Delivery Only, 3815 N Scottsdale Rd, Scottsdale, AZ 85251",33.4920225,-111.9258761,['Japanese restaurant'],1.0,5,$$$,
0x86d66e2835c34089:0x43c3a1d35aafcf57,Sandyi Oriental Market,"Sandyi Oriental Market, 4270 E Pima St, Tucson, AZ 85712, United States",32.2431537,-110.9013904,"['Korean grocery store', 'Japanese grocery store']",4.6,328,,"[['Tuesday', '9AM–7PM'], ['Wednesday', '9AM–7PM'], ['Thursday', '9AM–7PM'], ['Friday', '9AM–7PM'], ['Saturday', '9AM–7PM'], ['Sunday', '10AM–6PM'], ['Monday', '9AM–7PM']]"
0x872b7423fa0ec2e9:0x301464b672582cdc,Yume Sushi Grill,"Yume Sushi Grill, 16459 N Scottsdale Rd, Scottsdale, AZ 85254, United States",33.6363427,-111.92290799999999,"['Sushi restaurant', 'Barbecue restaurant', 'Japanese restaurant', 'Korean restaurant']",4.5,238,₩₩,"[['Monday', 'Closed'], ['Tuesday', '11AM–8PM'], ['Wednesday', '11AM–8PM'], ['Thursday', '11AM–8PM'], ['Friday', '11AM–8PM'], ['Saturday', '12–8PM'], ['Sunday', 'Closed']]"
0x872b0814361d561f:0xa136f07e6962936e,Kingo Bowl,"Kingo Bowl, 66 S Dobson Rd STE 112, Mesa, AZ 85202",33.413565999999996,-111.87594899999999,"['Asian fusion restaurant', 'Chinese restaurant', 'Japanese steakhouse', 'Korean restaurant', 'Rice restaurant']",4.4,28,,"[['Saturday', '11AM–9PM'], ['Sunday', '11AM–9PM'], ['Monday', '11AM–9PM'], ['Tuesday', '11AM–9PM'], ['Wednesday', '11AM–9PM'], ['Thursday', '11AM–9PM'], ['Friday', '11AM–9PM']]"
0x872baf946ac51ba5:0x67baa72d7bf55903,L&L FRESH HIBACHI SUSHI,"Arizona, Gilbert, N Higley Rd, L&L FRESH HIBACHI SUSHI邮政编码: 85234",33.3774337,-111.72214819999999,['Japanese restaurant'],4.3,7,,"[['Saturday', '11AM–9:30PM'], ['Sunday', '11:30AM–9PM'], ['Monday', '11AM–9PM'], ['Tuesday', '11AM–9PM'], ['Wednesday', '11AM–9PM'], ['Thursday', '11AM–9PM'], ['Friday', '11AM–9:30PM']]"
0x80d6614fcc8856ab:0x9ec27d9f999642db,Yogis Grill (foothills),"Yogis Grill (foothills), 11259 S Frontage Rd #106, Yuma, AZ 85367, United States",32.6690792,-114.4409048,['Japanese restaurant'],4.3,136,₩,"[['Wednesday', '10:30AM–9PM'], ['Thursday', '10:30AM–9PM'], ['Friday', '10:30AM–9PM'], ['Saturday', '10:30AM–9PM'], ['Sunday', 'Closed'], ['Monday', '10:30AM–9PM'], ['Tuesday', '10:30AM–9PM']]"
0x80d6f5ef02ba28a5:0xd904ae0671429892,Ah-So,"Ah-So, 1325 Yuma Palms Pkwy Ste 3, Yuma, AZ 85365, United States",32.7040733,-114.60275829999999,"['Sushi restaurant', 'Asian restaurant', 'Japanese restaurant', 'Japanese steakhouse', 'Steak house']",4.4,562,₩₩,"[['Wednesday', '11AM–10PM'], ['Thursday', '11AM–10PM'], ['Friday', '11AM–11PM'], ['Saturday', '11:30AM–11PM'], ['Sunday', '11:30AM–10PM'], ['Monday', '11AM–10PM'], ['Tuesday', '11AM–10PM']]"
0x86d6adf8e26101e1:0xb59e3463f3258645,Nigatsu Sushi,"Nigatsu Sushi, 60 E Madison St, Nogales, AZ 85621",31.3432192,-110.9306269,['Japanese restaurant'],4.5,73,,"[['Tuesday', '12–7PM'], ['Wednesday', '12–7PM'], ['Thursday', '12–7PM'], ['Friday', '12–7PM'], ['Saturday', '12–7PM'], ['Sunday', 'Closed'], ['Monday', '12–7PM']]"
0x872b7272746f3d43:0xf975362c54609f06,Noodle and Rice,"Noodle and Rice, 2017 E Cactus Rd, Phoenix, AZ 85022",33.5961304,-112.0362091,"['Asian restaurant', 'Chinese restaurant', 'Japanese restaurant', 'Noodle shop', 'Southeast Asian restaurant', 'Thai restaurant']",4.4,68,$$,"[['Monday', '11:30AM–3PM'], ['Tuesday', '11:30AM–3PM'], ['Wednesday', '11:30AM–3PM'], ['Thursday', '11:30AM–3PM'], ['Friday', '11:30AM–3PM'], ['Saturday', '12–9PM'], ['Sunday', 'Closed']]"
0x872b621a52d56f65:0x862bec30f865c119,Ebisu Sushi & Grill,"Ebisu Sushi & Grill, 39510 N, W Daisy Mountain Dr #160, Anthem, AZ 85086",33.844222699999996,-112.13267049999999,['Japanese restaurant'],3.5,54,$$,"[['Sunday', 'Closed'], ['Monday', '11AM–2PM'], ['Tuesday', '11AM–2PM'], ['Wednesday', '11AM–2PM'], ['Thursday', '11AM–2PM'], ['Friday', '11AM–2PM'], ['Saturday', '11AM–2PM']]"
0x872b988dfe6d65a1:0x5072b803751470b6,Katana Sushi & Grill,"Katana Sushi & Grill, 16425 E Palisades Blvd #103, Fountain Hills, AZ 85268",33.6095009,-111.7253418,"['Japanese restaurant', 'Grill', 'Restaurant']",4.6,116,$$,"[['Sunday', 'Closed'], ['Monday', '11AM–2:30PM'], ['Tuesday', '11AM–2:30PM'], ['Wednesday', '11AM–2:30PM'], ['Thursday', '11AM–2:30PM'], ['Friday', '11AM–2:30PM'], ['Saturday', '12–9PM']]"
0x872b76bec1728499:0x979505f3851cb6ee,Yoshi Bento,"Yoshi Bento, 7000 E Mayo Blvd, Phoenix, AZ 85054",33.6580556,-111.93305559999999,['Japanese restaurant'],4.3,105,,"[['Saturday', '10:30AM–9PM'], ['Sunday', '10:30AM–7PM'], ['Monday', '10:30AM–9PM'], ['Tuesday', '10:30AM–9PM'], ['Wednesday', '10:30AM–9PM'], ['Thursday', '10:30AM–9PM'], ['Friday', '10:30AM–9PM']]"
0x872a55c946e325d3:0x5eba3a7c0fd9bd5b,Teriyaki Madness,"Teriyaki Madness, 4225 S Gilbert Rd Ste 1, Chandler, AZ 85249",33.2449874,-111.7889009,"['Asian fusion restaurant', 'Caterer', 'Fast food restaurant', 'Gluten-free restaurant', 'Japanese restaurant', 'Restaurant']",4.2,128,$,"[['Friday', '11AM–9PM'], ['Saturday', '11AM–9PM'], ['Sunday', '11AM–9PM'], ['Monday', '11AM–9PM'], ['Tuesday', '11AM–9PM'], ['Wednesday', '11AM–9PM'], ['Thursday', '11AM–9PM']]"
0x872b3f5fbce31445:0x3a0f2452f8abfdac,El Mexibachi,"El Mexibachi, 1902 N 99th Ave, Avondale, AZ 85392",33.4668433,-112.27248349999999,['Japanese restaurant'],3.6,18,,"[['Friday', '5–11PM'], ['Saturday', '5–11PM'], ['Sunday', 'Closed'], ['Monday', 'Closed'], ['Tuesday', 'Closed'], ['Wednesday', '5–10PM'], ['Thursday', '5–10PM']]"
0x872b683b22a6579f:0x6e3fec842b3f7104,Little Tokyo,"Little Tokyo, 7700 W Arrowhead Towne Center, Glendale, AZ 85308",33.6423219,-112.2250134,['Japanese restaurant'],4.4,104,,"[['Friday', '10AM–9PM'], ['Saturday', '10AM–9PM'], ['Sunday', '11AM–6PM'], ['Monday', '10AM–9PM'], ['Tuesday', '10AM–9PM'], ['Wednesday', '10AM–9PM'], ['Thursday', '10AM–9PM']]"
0x872b0db9e97134e7:0x71e10b89f0f9c0d2,Kyoto Bowl,"Kyoto Bowl, 2910 N 32nd St UNIT 160, Phoenix, AZ 85018",33.481117999999995,-112.013188,"['Japanese restaurant', 'Asian restaurant', 'Sushi restaurant']",3.6,88,$,"[['Thursday', '10:30AM–9PM'], ['Friday', '10:30AM–9PM'], ['Saturday', '10:30AM–9PM'], ['Sunday', '11AM–8PM'], ['Monday', '10:30AM–9PM'], ['Tuesday', '10:30AM–9PM'], ['Wednesday', '10:30AM–9PM']]"
0x872ba802f4a0d85b:0x244938b1ff9e74cd,Yogis Grill,"Yogis Grill, 1130 W Grove Ave, Mesa, AZ 85210",33.3906446,-111.8554025,"['Japanese restaurant', 'Restaurant']",4.2,256,$,"[['Thursday', '10:30AM–9PM'], ['Friday', '10:30AM–9PM'], ['Saturday', '10:30AM–9PM'], ['Sunday', 'Closed'], ['Monday', '10:30AM–9PM'], ['Tuesday', '10:30AM–9PM'], ['Wednesday', '10:30AM–9PM']]"
0x872b117eced3b64f:0x57bab6aa5164613f,Ezbachi Japanese Grill,"Ezbachi Japanese Grill, 1713 S Central Ave, Phoenix, AZ 85004",33.4305984,-112.0734021,"['Restaurant', 'Japanese restaurant', 'Teppanyaki restaurant']",4.3,35,,"[['Thursday', '12–10PM'], ['Friday', '12PM–12AM'], ['Saturday', '12PM–12AM'], ['Sunday', 'Closed'], ['Monday', 'Closed'], ['Tuesday', '12–10PM'], ['Wednesday', '12–10PM']]"
0x872b6dfbf52a9795:0x86468e93ad59b762,Temaki Sushi,"Temaki Sushi, 6135 N 35th Ave UNIT 133, Phoenix, AZ 85017",33.525659499999996,-112.13048669999999,"['Sushi restaurant', 'Asian restaurant', 'Japanese restaurant']",4.3,78,,"[['Thursday', '11AM–9PM'], ['Friday', '11AM–3PM'], ['Saturday', '4–9PM'], ['Sunday', 'Closed'], ['Monday', '11:30AM–2PM'], ['Tuesday', '11AM–9PM'], ['Wednesday', '11AM–9PM']]"
0x872b75a60ef168d1:0xd3cbf452df102369,Teriyaki Madness,"Teriyaki Madness, 14884 N Pima Rd Ste 101, Scottsdale, AZ 85260",33.619806499999996,-111.89222339999999,"['Asian fusion restaurant', 'Caterer', 'Fast food restaurant', 'Gluten-free restaurant', 'Japanese restaurant', 'Restaurant']",4.2,74,$,"[['Wednesday', '11AM–9PM'], ['Thursday', '11AM–9PM'], ['Friday', '11AM–9PM'], ['Saturday', '11AM–9PM'], ['Sunday', '11AM–9PM'], ['Monday', '11AM–9PM'], ['Tuesday', '11AM–9PM']]"
0x872b73babd4d82d1:0x2802ffe0d42909bc,Yasu Sushi Bistro,"Yasu Sushi Bistro, 4316 E Cactus Rd, Phoenix, AZ 85032",33.599395699999995,-111.9893314,"['Japanese restaurant', 'Restaurant', 'Sushi restaurant']",4.3,193,$$,"[['Wednesday', '5:30–9PM'], ['Thursday', '5:30–9PM'], ['Friday', '5:30–9:30PM'], ['Saturday', '5:30–9:30PM'], ['Sunday', 'Closed'], ['Monday', '5:30–9PM'], ['Tuesday', '5:30–9PM']]"
0x872b0d3610661db1:0x58b6448ecbf055e1,Nanaya Japanese Kitchen,"Nanaya Japanese Kitchen, 3603 E Indian School Rd Ste B, Phoenix, AZ 85018",33.4941846,-112.00360909999999,"['Japanese restaurant', 'Restaurant']",4.6,78,,"[['Tuesday', '4–9:30PM'], ['Wednesday', '4–9:30PM'], ['Thursday', '4–9:30PM'], ['Friday', '4–9:30PM'], ['Saturday', '12–9:30PM'], ['Sunday', '12–8PM'], ['Monday', '4–9:30PM']]"
0x80d6f7d9e45bc46b:0xb4884f1dc94e7a68,Yogis Grill (Pacific Ave),"85365 Arizona, Yuma, S Pacific Ave, Yogis Grill (Pacific Ave)",32.6978345,-114.59921109999999,['Japanese restaurant'],4.4,305,$,"[['Tuesday', '10:30AM–9PM'], ['Wednesday', '10:30AM–9PM'], ['Thursday', '10:30AM–9PM'], ['Friday', '10:30AM–9PM'], ['Saturday', '10:30AM–9PM'], ['Sunday', 'Closed'], ['Monday', '10:30AM–9PM']]"
0x86d67397e3c990dd:0x5c7b5f323a39ec44,East Buffet,"East Buffet, 75 W River Rd, Tucson, AZ 85704",32.2958888,-110.97325,"['Chinese restaurant', 'Japanese restaurant']",3.6,68,,"[['Tuesday', '11AM–9:30PM'], ['Wednesday', '11AM–9:30PM'], ['Thursday', '11AM–9:30PM'], ['Friday', '11AM–9:30PM'], ['Saturday', '11AM–9:30PM'], ['Sunday', '11AM–9PM'], ['Monday', '11AM–9:30PM']]"
0x872b749361972621:0xcff944c9fa9eb711,Jasmine Tokyo Asian Buffet,"Jasmine Tokyo Asian Buffet, 7000 E Shea Blvd, Scottsdale, AZ 85254",33.5825244,-111.9286695,"['Japanese restaurant', 'Asian restaurant', 'Buffet restaurant', 'Chinese restaurant', 'Fine dining restaurant', 'Sushi restaurant']",3.9,168,$$,"[['Tuesday', '11AM–9PM'], ['Wednesday', '11AM–9PM'], ['Thursday', '11AM–9PM'], ['Friday', '11AM–9:30PM'], ['Saturday', '11AM–9:30PM'], ['Sunday', '11AM–9PM'], ['Monday', '11AM–9PM']]"
0x872b0f5a109d770f:0x5b659eebc39c9f81,Sukotto Japanese Grill,"Sukotto Japanese Grill, 5005 S Arizona Mills Cir Suite 655, Tempe, AZ 85282",33.3797626,-111.9628113,"['Restaurant', 'Japanese restaurant']",1.8,58,,"[['Tuesday', '10AM–9PM'], ['Wednesday', '10AM–9PM'], ['Thursday', '10AM–9PM'], ['Friday', '10AM–9PM'], ['Saturday', '10AM–9PM'], ['Sunday', '12–6PM'], ['Monday', '10AM–9PM']]"
0x872b73bfe36425c7:0x154043a08ab00d4c,Eastwind Sushi And Grill,"Eastwind Sushi And Grill, 13637 N Tatum Blvd #30, Phoenix, AZ 85032",33.610788,-111.97754019999999,"['Japanese restaurant', 'Asian fusion restaurant', 'Sushi restaurant']",4.1,278,$,"[['Monday', '10:30AM–10PM'], ['Tuesday', '10:30AM–10PM'], ['Wednesday', '10:30AM–10PM'], ['Thursday', '10:30AM–10PM'], ['Friday', '10:30AM–10PM'], ['Saturday', '10:30AM–10PM'], ['Sunday', '11AM–9PM']]"
0x872b0731013daf2b:0x9d8ece11b8677df2,Shu Sushi Ramen & Grill,"Shu Sushi Ramen & Grill, 4929 W Chandler Blvd #3, Chandler, AZ 85226",33.304846399999995,-111.9272475,"['Japanese restaurant', 'Asian restaurant', 'Korean restaurant']",4.6,226,$$,"[['Monday', 'Closed'], ['Tuesday', '11AM–2:30PM'], ['Wednesday', '11AM–2:30PM'], ['Thursday', '11AM–2:30PM'], ['Friday', '11AM–10PM'], ['Saturday', '12–10PM'], ['Sunday', '12–9PM']]"
0x872b0d6c742c3efd:0x36902a697845828c,Stingray Sushi,"Stingray Sushi, 2502 E Camelback Rd, Phoenix, AZ 85016",33.5104889,-112.02627939999999,"['Restaurant', 'Asian restaurant', 'Japanese restaurant', 'Seafood restaurant', 'Sushi restaurant']",3.7,78,$$,"[['Monday', '11AM–10:30PM'], ['Tuesday', '11AM–10:30PM'], ['Wednesday', '11AM–10:30PM'], ['Thursday', '11AM–10:30PM'], ['Friday', '11–11:30AM'], ['Saturday', '11–11:30AM'], ['Sunday', '11AM–10:30PM']]"
0x872babefa8fe2635:0xf51449a460c8316d,Shinme Sushi,"Shinme Sushi, 3020 S Gilbert Rd Ste 5, Chandler, AZ 85286",33.2622286,-111.7910977,"['Restaurant', 'Delivery service', 'Japanese inn', 'Sushi restaurant', 'Sushi takeaway']",4.4,28,,
0x872bafcc079fc01d:0x97fc6a7fedfb2348,Teriyaki Madness,"Teriyaki Madness, 1229 S Power Rd Ste 105, Mesa, AZ 85206",33.392663899999995,-111.683889,"['Asian fusion restaurant', 'Caterer', 'Fast food restaurant', 'Gluten-free restaurant', 'Japanese restaurant', 'Restaurant']",3.5,317,$,"[['Sunday', '10AM–9PM'], ['Monday', '10AM–9PM'], ['Tuesday', '10AM–9PM'], ['Wednesday', '10AM–9PM'], ['Thursday', '10AM–9PM'], ['Friday', '10AM–9PM'], ['Saturday', '10AM–9PM']]"
0x86d7284b74092b11:0x5f41075cca446eeb,Bunbuku Restaurant,"Bunbuku Restaurant, 297 W Fry Blvd, Sierra Vista, AZ 85635",31.5548401,-110.3020859,"['Korean restaurant', 'Japanese restaurant']",4.6,278,,"[['Sunday', '12–9PM'], ['Monday', '11AM–9PM'], ['Tuesday', '11AM–9PM'], ['Wednesday', '11AM–9PM'], ['Thursday', '11AM–9PM'], ['Friday', '11AM–9PM'], ['Saturday', '11AM–9PM']]"
0x872b0b3e9cdfe957:0x6830d5636a202bfd,Sushi Sen,"Sushi Sen, 7001 N Scottsdale Rd STE 154, Scottsdale, AZ 85253",33.539442199999996,-111.9244908,['Japanese restaurant'],4.5,248,$$,"[['Sunday', '11:30AM–2:30PM'], ['Monday', '11:30AM–2:30PM'], ['Tuesday', '11:30AM–2:30PM'], ['Wednesday', '11:30AM–2:30PM'], ['Thursday', '11:30AM–2:30PM'], ['Friday', '11:30AM–2:30PM'], ['Saturday', '11:30AM–2:30PM']]"
0x872b073359d0906d:0x30f66a653e8d9a9b,DARUMA sushi/roll/noodle,"DARUMA sushi/roll/noodle, 1116 S Dobson Rd #113, Mesa, AZ 85202",33.3947485,-111.8755363,['Japanese restaurant'],4.7,93,$$,"[['Sunday', '11:30AM–9PM'], ['Monday', '11:30AM–9PM'], ['Tuesday', '11:30AM–9PM'], ['Wednesday', '11:30AM–9PM'], ['Thursday', '11:30AM–9PM'], ['Friday', '11:30AM–10PM'], ['Saturday', '11:30AM–10PM']]"
0x86d673e85861f45f:0x554564edc33b4d9d,Samurai,"Samurai, 3912 N Oracle Rd #100, Tucson, AZ 85705",32.2782011,-110.9771619,['Japanese restaurant'],4.6,296,$,"[['Saturday', '11AM–3PM'], ['Sunday', '11AM–3PM'], ['Monday', '11AM–3PM'], ['Tuesday', '11AM–3PM'], ['Wednesday', '11AM–3PM'], ['Thursday', '11AM–3PM'], ['Friday', '11AM–3PM']]"
0x872b00d32ddfb0bd:0xe2b708466ea9f811,Hibachi-San,"Hibachi-San, 3111 W Chandler Blvd, Chandler, AZ 85226",33.300691799999996,-111.89832519999999,"['Japanese restaurant', 'Asian restaurant', 'Restaurant']",3.4,48,$$,"[['Saturday', '10AM–9PM'], ['Sunday', '11AM–6PM'], ['Monday', '10AM–9PM'], ['Tuesday', '10AM–9PM'], ['Wednesday', '10AM–9PM'], ['Thursday', '10AM–9PM'], ['Friday', '10AM–9PM']]"
0x872b143b11a4605f:0x9caca601ea1f182d,Samurai Sam's,"Samurai Sam's, 5340 W Buckeye Rd, Phoenix, AZ 85043",33.4372889,-112.17461189999999,"['Japanese restaurant', 'Asian fusion restaurant', 'Asian restaurant', 'Chinese restaurant', 'Fast food restaurant', 'Food court', 'Noodle shop', 'Salad shop', 'Thai restaurant']",4.1,288,$,"[['Saturday', 'Closed'], ['Sunday', 'Closed'], ['Monday', '9AM–4PM'], ['Tuesday', '9AM–4PM'], ['Wednesday', '9AM–8PM'], ['Thursday', '9AM–4PM'], ['Friday', '9AM–4PM']]"
0x872b0618c650fa95:0x9e3100d625d202ca,Sushi Time,"Sushi Time, 5136 S Rural Rd #104, Tempe, AZ 85282",33.3790887,-111.9301715,"['Sushi restaurant', 'Asian restaurant', 'Japanese restaurant']",4.6,295,$$,"[['Saturday', '11AM–10PM'], ['Sunday', 'Closed'], ['Monday', '11AM–10PM'], ['Tuesday', '11AM–10PM'], ['Wednesday', '11AM–10PM'], ['Thursday', '11AM–10PM'], ['Friday', '11AM–10PM']]"
0x872babfaf945b035:0xc2362c5faf806d72,JINYA Ramen Bar - Chandler,"JINYA Ramen Bar - Chandler, 130 S Arizona Ave #1, Chandler, AZ 85225",33.3017039,-111.8416907,"['Restaurant', 'Asian restaurant', 'Japanese restaurant', 'Ramen restaurant']",4.4,47,,"[['Saturday', '11AM–10PM'], ['Sunday', '11AM–10PM'], ['Monday', '11AM–10PM'], ['Tuesday', '11AM–10PM'], ['Wednesday', '11AM–10PM'], ['Thursday', '11AM–10PM'], ['Friday', '11AM–10PM']]"
0x872baa2ad1ed554b:0xc6bbe6e325d14f00,Taiko Fine Japanese Cuisine,"Taiko Fine Japanese Cuisine, 1909 E Ray Rd #10, Chandler, AZ 85225",33.3203172,-111.80967989999999,['Japanese restaurant'],4.7,24,$$,"[['Friday', '11:30AM–2:30PM'], ['Saturday', '11:30AM–2:30PM'], ['Sunday', '11:30AM–2:30PM'], ['Monday', 'Closed'], ['Tuesday', '11:30AM–2:30PM'], ['Wednesday', '11:30AM–2:30PM'], ['Thursday', '11:30AM–2:30PM']]"
0x872baed3d80935e7:0xd7292e192dddab2f,Temari Fine Japanese Cuisine,"Temari Fine Japanese Cuisine, 919 N Val Vista Dr, Gilbert, AZ 85234",33.367007799999996,-111.75566699999999,['Japanese restaurant'],4.5,408,$$,"[['Friday', '11:30AM–1:30PM'], ['Saturday', '5–9:30PM'], ['Sunday', '5–8:30PM'], ['Monday', '11:30AM–1:30PM'], ['Tuesday', '11:30AM–1:30PM'], ['Wednesday', '11:30AM–1:30PM'], ['Thursday', '11:30AM–1:30PM']]"
0x86d66fa2a3bfc0c5:0x9977c13e241b7a52,Sarku Japan,"Sarku Japan, 5870 E Broadway Blvd Suite 556, Tucson, AZ 85711",32.2185468,-110.86517579999999,"['Japanese restaurant', 'Asian restaurant', 'Fast food restaurant', 'Restaurant', 'Sushi restaurant', 'Teppanyaki restaurant']",4.0,158,$,"[['Friday', '11AM–8PM'], ['Saturday', '11AM–8PM'], ['Sunday', '11AM–6PM'], ['Monday', '11AM–7PM'], ['Tuesday', '11AM–7PM'], ['Wednesday', '11AM–7PM'], ['Thursday', '11AM–7PM']]"
0x8833e57316f304f1:0xa4595e4c4e50a99d,Samurai Sam's,"Samurai Sam's, 3013 W Agua Fria Fwy Suite 1, Phoenix, AZ 85027",33.666683,-112.12370999999999,"['Japanese restaurant', 'Asian fusion restaurant', 'Asian restaurant', 'Chinese restaurant', 'Fast food restaurant', 'Food court', 'Noodle shop', 'Salad shop', 'Thai restaurant']",4.1,105,$,"[['Friday', '10:30AM–9PM'], ['Saturday', '11AM–9PM'], ['Sunday', '11AM–8PM'], ['Monday', '10:30AM–9PM'], ['Tuesday', '10:30AM–9PM'], ['Wednesday', '10:30AM–9PM'], ['Thursday', '10:30AM–9PM']]"
0x872b73dc2e19bf5b:0xde59f4d3537affb6,Samurai Sam's,"Samurai Sam's, 4731 E Greenway Rd Ste 6, Phoenix, AZ 85032",33.6258811,-111.9794622,"['Japanese restaurant', 'Asian fusion restaurant', 'Asian restaurant', 'Chinese restaurant', 'Fast food restaurant', 'Food court', 'Noodle shop', 'Salad shop', 'Thai restaurant']",4.1,148,$,"[['Friday', '10AM–9PM'], ['Saturday', '10AM–9PM'], ['Sunday', '11AM–7PM'], ['Monday', '10AM–9PM'], ['Tuesday', '10AM–9PM'], ['Wednesday', '10AM–9PM'], ['Thursday', '10AM–9PM']]"
0x872b1218fa8f115d:0xd03db1745af2c452,Omoide Sushi and Noodle,"Omoide Sushi and Noodle, 455 N 3rd St #1120, Phoenix, AZ 85004",33.452920299999995,-112.0688873,"['Sushi restaurant', 'Japanese restaurant', 'Ramen restaurant']",4.3,258,$$,"[['Thursday', '11AM–9PM'], ['Friday', '11AM–9PM'], ['Saturday', '11AM–9PM'], ['Sunday', '12–9PM'], ['Monday', '11AM–9PM'], ['Tuesday', '11AM–9PM'], ['Wednesday', '11AM–9PM']]"
0x80ce415e4fea0997:0xb614c9b1083a778a,Maki Sushi,"Maki Sushi, 1970 AZ-95, Bullhead City, AZ 86442",35.1178279,-114.5975259,"['Sushi restaurant', 'Caterer', 'Japanese restaurant']",4.3,225,$$,"[['Thursday', '11AM–10PM'], ['Friday', '11AM–10PM'], ['Saturday', '11AM–10PM'], ['Sunday', '11AM–10PM'], ['Monday', 'Closed'], ['Tuesday', '11AM–10PM'], ['Wednesday', '11AM–10PM']]"
0x872b07fecdf86273:0x92623d45628ddf27,Sarku Japan,"Sarku Japan, 1445 W Southern Ave, Mesa, AZ 85202",33.3890087,-111.8610314,"['Japanese restaurant', 'Asian restaurant', 'Sushi restaurant']",4.7,15,$,
0x54906da6b9fb034b:0x215753d3c1364a03,Samurai Sam's,"Samurai Sam's, 20229 N 67th Ave Ste C6, Glendale, AZ 85308",33.670462,-112.20178399999999,"['Japanese restaurant', 'Asian fusion restaurant', 'Asian restaurant', 'Chinese restaurant', 'Fast food restaurant', 'Food court', 'Noodle shop', 'Salad shop', 'Thai restaurant']",4.2,178,$,"[['Thursday', '10:30AM–8PM'], ['Friday', '10:30AM–8PM'], ['Saturday', '11AM–8PM'], ['Sunday', '11AM–8PM'], ['Monday', '10:30AM–8PM'], ['Tuesday', '10:30AM–8PM'], ['Wednesday', '10:30AM–8PM']]"
0x872bab9fdea3182d:0xd15eaad98661f9ab,Yogis Grill,"Yogis Grill, 75 E Rivulon Blvd #108, Gilbert, AZ 85297",33.285406,-111.78783209999999,"['Authentic Japanese restaurant', 'Restaurant']",3.7,125,$,"[['Tuesday', '10:30AM–9PM'], ['Wednesday', '10:30AM–9PM'], ['Thursday', '10:30AM–9PM'], ['Friday', '10:30AM–9PM'], ['Saturday', '10:30AM–9PM'], ['Sunday', 'Closed'], ['Monday', '10:30AM–9PM']]"
0x86d6771482dbfdd1:0x272cb9b3c0a2bedb,Maru Japanese Noodle Shop,"Maru Japanese Noodle Shop, 1370 N Silverbell Rd #180, Tucson, AZ 85745",32.239152,-111.00547119999999,"['Japanese restaurant', 'Authentic Japanese restaurant', 'Japanese curry restaurant', 'Noodle shop', 'Restaurant', 'Udon noodle restaurant']",4.2,348,$$,"[['Tuesday', '11AM–8PM'], ['Wednesday', '11AM–8PM'], ['Thursday', '11AM–8PM'], ['Friday', '11AM–8PM'], ['Saturday', '11AM–8PM'], ['Sunday', '11AM–8PM'], ['Monday', '11AM–8PM']]"
0x86d671b6729714dd:0xabb4fbef74123fd,Raijin Ramen,"Raijin Ramen, 2955 E Speedway Blvd, Tucson, AZ 85716",32.2364159,-110.9284201,"['Ramen restaurant', 'Japanese restaurant', 'Takeout Restaurant', 'Noodle shop', 'Restaurant']",4.6,1602,$$,"[['Tuesday', '12–8PM'], ['Wednesday', '12–8PM'], ['Thursday', '12–8PM'], ['Friday', '12–8PM'], ['Saturday', '12–8PM'], ['Sunday', '4–8PM'], ['Monday', 'Closed']]"
0x86d66fabd615ca61:0xa55580878ae28d6,Sachiko Sushi,"Sachiko Sushi, 1101 N Wilmot Rd, Tucson, AZ 85712",32.2367154,-110.8589176,"['Sushi restaurant', 'Japanese restaurant']",4.6,1088,$$,"[['Tuesday', '11AM–9PM'], ['Wednesday', '11AM–9PM'], ['Thursday', '11AM–9PM'], ['Friday', '11AM–10PM'], ['Saturday', '11AM–10PM'], ['Sunday', '11AM–9PM'], ['Monday', '11AM–9PM']]"
0x86d6719b32e1baed:0xf76752074b6c7f67,K Sushi-Bar Japanese Restaurant,"K Sushi-Bar Japanese Restaurant, 2962 N Campbell Ave, Tucson, AZ 85719",32.2603301,-110.94264129999999,"['Sushi restaurant', 'Japanese restaurant', 'Ramen restaurant']",4.5,237,,
0x872b1223c4be89f1:0x5343e3bcf27f15d2,Harumi Sushi & Sake,"Harumi Sushi & Sake, 114 W Adams St c101, Phoenix, AZ 85003",33.4497334,-112.07529059999999,['Japanese restaurant'],4.7,1527,$$,"[['Tuesday', '11AM–9PM'], ['Wednesday', '11AM–9PM'], ['Thursday', '11AM–9PM'], ['Friday', '11AM–10PM'], ['Saturday', '11AM–10PM'], ['Sunday', '12–8PM'], ['Monday', '11AM–9PM']]"
0x872b123f96fb5669:0x88ee4febbfa34789,Blue Fin,"Blue Fin, 1401 N Central Ave, Phoenix, AZ 85004",33.464092199999996,-112.0735007,"['Japanese restaurant', 'Fast food restaurant']",4.7,515,$,"[['Tuesday', '10:30AM–6:30PM'], ['Wednesday', '10:30AM–6:30PM'], ['Thursday', '10:30AM–6:30PM'], ['Friday', '10:30AM–6:30PM'], ['Saturday', 'Closed'], ['Sunday', 'Closed'], ['Monday', '10:30AM–6:30PM']]"
0x86d67397e10d0f7f:0x7e38e4ecb1083845,Sushi Cortaro On River,"Sushi Cortaro On River, 75 W River Rd #181, Tucson, AZ 85704",32.2958907,-110.9731302,['Japanese restaurant'],4.6,404,$$,"[['Tuesday', '11AM–3PM'], ['Wednesday', '11AM–3PM'], ['Thursday', '11AM–3PM'], ['Friday', '11AM–3PM'], ['Saturday', '11AM–3PM'], ['Sunday', '12–3PM'], ['Monday', 'Closed']]"
0x872b69f1c0674c2d:0xd44b13add4ec436e,Lee Lee International Supermarkets,"Lee Lee International Supermarkets, 7575 W Cactus Rd, Peoria, AZ 85381",33.5946741,-112.22192799999999,"['Asian grocery store', 'Grocery store', 'Indian grocery store', 'Japanese grocery store', 'Korean grocery store', 'Produce market', 'Russian grocery store', 'Seafood market', 'Supermarket']",4.4,4465,,"[['Tuesday', '9AM–8PM'], ['Wednesday', '9AM–8PM'], ['Thursday', '9AM–8PM'], ['Friday', '9AM–8PM'], ['Saturday', '9AM–8PM'], ['Sunday', '9AM–8PM'], ['Monday', '9AM–8PM']]"
0x872b76be6838ce25:0x5400cdb6f4101e25,"Ohya Sushi, Korean Grill & Bar","Ohya Sushi, Korean Grill & Bar, 7000 E Mayo Blvd #1090, Phoenix, AZ 85054",33.6568318,-111.93220529999999,"['Korean barbecue restaurant', 'Japanese restaurant', 'Korean restaurant', 'Sushi restaurant']",4.0,146,$$,"[['Tuesday', '11AM–11PM'], ['Wednesday', '11AM–11PM'], ['Thursday', '11AM–11PM'], ['Friday', '11AM–11PM'], ['Saturday', '11AM–11PM'], ['Sunday', '11AM–11PM'], ['Monday', '11AM–11PM']]"
0x872b0928d881a64b:0xeaa074fee584edc6,Ramen Time,"Ramen Time, 1857 N Scottsdale Rd, Tempe, AZ 85281",33.450843299999995,-111.92521459999999,"['Ramen restaurant', 'Bubble tea store', 'Japanese restaurant', 'Noodle shop', 'Udon noodle restaurant']",4.5,248,$,"[['Tuesday', '11AM–9PM'], ['Wednesday', '11AM–9PM'], ['Thursday', '11AM–9PM'], ['Friday', '11AM–9:30PM'], ['Saturday', '11AM–9:30PM'], ['Sunday', '11AM–9PM'], ['Monday', '11AM–9PM']]"
0x872b682a0e5f1a3d:0xf57c675609ffbe42,Osaka P83,"Osaka P83, 16049B N Arrowhead Fountains Center Dr, Peoria, AZ 85382",33.6304099,-112.2378337,['Japanese steakhouse'],4.1,493,$$,"[['Monday', 'Closed'], ['Tuesday', '3–11PM'], ['Wednesday', '3–11PM'], ['Thursday', '3–11PM'], ['Friday', '3PM–12AM'], ['Saturday', '3PM–12AM'], ['Sunday', '3–9PM']]"
0x872b4035f7810081:0x5826fb01796d4ac6,Kabuki Japanese Restaurant,"Kabuki Japanese Restaurant, 6770 N Sunrise Blvd, Glendale, AZ 85305",33.5335675,-112.26097929999999,"['Japanese restaurant', 'Asian restaurant', 'Sushi restaurant']",4.4,1859,$$,"[['Monday', '11AM–9PM'], ['Tuesday', '11AM–9PM'], ['Wednesday', '11AM–9PM'], ['Thursday', '11AM–9PM'], ['Friday', '11AM–10PM'], ['Saturday', '11AM–10PM'], ['Sunday', '11AM–9PM']]"
0x872b44b68702f897:0x1d16cda54403991,Fresh Wasabi Sushi & Grill,"Fresh Wasabi Sushi & Grill, 13732 W Bell Rd #2, Surprise, AZ 85374",33.640786,-112.35466199999999,"['Sushi restaurant', 'Asian restaurant', 'Family restaurant', 'Fine dining restaurant', 'Japanese restaurant', 'Restaurant', 'Seafood restaurant']",4.4,158,$$,"[['Monday', '11AM–8:30PM'], ['Tuesday', '11AM–8:30PM'], ['Wednesday', '11AM–8:30PM'], ['Thursday', '11AM–8:30PM'], ['Friday', '11AM–9:30AM'], ['Saturday', '12–9:30PM'], ['Sunday', 'Closed']]"
0x872b45c6485c14bf:0xba3c48380f4eb683,Blu Sushi Lounge & Grill Surprise,"Blu Sushi Lounge & Grill Surprise, 13732 W Bell Rd #2, Surprise, AZ 85374",33.6408159,-112.35462389999999,"['Sushi restaurant', 'Japanese restaurant']",4.5,78,,"[['Sunday', '11AM–9PM'], ['Monday', '11AM–9PM'], ['Tuesday', '11AM–9PM'], ['Wednesday', '11AM–9PM'], ['Thursday', '11AM–9PM'], ['Friday', '11AM–9:30PM'], ['Saturday', '11AM–9:30PM']]"
0x872b07fbbfe9d295:0x8d76d2357c1945a6,Crazy Sushi & Crab (송산),"Crazy Sushi & Crab (송산), 1310 S Longmore, Mesa, AZ 85202",33.3906738,-111.86424,"['Chinese restaurant', 'Crab house', 'Japanese restaurant', 'Sushi restaurant']",4.1,133,$$,"[['Sunday', '11:30AM–9PM'], ['Monday', 'Closed'], ['Tuesday', '11:30AM–9:30PM'], ['Wednesday', 'Closed'], ['Thursday', '11:30AM–9:30PM'], ['Friday', '11:30AM–9:30PM'], ['Saturday', '11:30AM–9:30PM']]"
0x872b6d18eb8d2e2b:0x89b9ff14e126cda9,Ginza Sushi Fusion Cuisine,"Ginza Sushi Fusion Cuisine, 13216 N 7th St b2, Phoenix, AZ 85022",33.606018,-112.06629939999999,"['Japanese restaurant', 'Asian fusion restaurant', 'Chinese restaurant', 'Fusion restaurant', 'Sushi restaurant']",4.2,148,$$,"[['Saturday', '11AM–10PM'], ['Sunday', '11AM–9PM'], ['Monday', 'Closed'], ['Tuesday', '11AM–9PM'], ['Wednesday', '11AM–9PM'], ['Thursday', '11AM–9PM'], ['Friday', '11AM–10PM']]"
0x872b07c8a860ce91:0xc1939d35255cebbc,Yama Sushi House,"Yama Sushi House, 1175 W Ray Rd Ste 1, Chandler, AZ 85224",33.320266,-111.8627075,"['Japanese restaurant', 'Sushi restaurant']",4.6,228,$$,"[['Saturday', '11AM–10PM'], ['Sunday', '12–9PM'], ['Monday', 'Closed'], ['Tuesday', '11AM–9PM'], ['Wednesday', '11AM–9PM'], ['Thursday', '11AM–9PM'], ['Friday', '11AM–10PM']]"
0x872b6f40611e2057:0x90de292dc5e85d8e,Poke Bar,"Poke Bar, 3009 W Agua Fria Fwy #3, Phoenix, AZ 85027",33.666693699999996,-112.12344639999999,"['Hawaiian restaurant', 'Japanese restaurant', 'Restaurant', 'Sushi restaurant']",4.5,313,$,"[['Saturday', '11AM–9PM'], ['Sunday', '11AM–9PM'], ['Monday', '11AM–9PM'], ['Tuesday', '11AM–9PM'], ['Wednesday', '11AM–9PM'], ['Thursday', '11AM–9PM'], ['Friday', '11AM–9PM']]"
0x872b092806c72b8f:0x5b2cc117426d2e3,Poke2U,"Poke2U, 414 S Mill Ave #114, Tempe, AZ 85281",33.4263435,-111.9405946,"['Restaurant', 'Hawaiian restaurant', 'Japanese restaurant', 'Korean barbecue restaurant', 'Sushi restaurant']",4.6,398,$$,"[['Saturday', '12AM–9PM'], ['Sunday', '12–9PM'], ['Monday', '11AM–9PM'], ['Tuesday', '11AM–9PM'], ['Wednesday', '11AM–9PM'], ['Thursday', '11PM–12AM'], ['Friday', '12AM–9PM']]"
0x872b17f97afc835b:0xe1574d0340a7c52d,Yogi's Grill,"Yogi's Grill, 7620 S 59th Ave #104, Laveen Village, AZ 85339",33.3766223,-112.1856555,['Japanese restaurant'],3.9,178,$,"[['Friday', '10:30AM–9PM'], ['Saturday', '11AM–9PM'], ['Sunday', 'Closed'], ['Monday', '10:30AM–9PM'], ['Tuesday', '10:30AM–9PM'], ['Wednesday', '10:30AM–9PM'], ['Thursday', '10:30AM–9PM']]"
0x872b75b691025269:0x694adfd7aac06c8a,Kodo sushi sake,"Kodo sushi sake, 104, 15040 N Northsight Blvd, Scottsdale, AZ 85260",33.6222251,-111.89765,['Japanese restaurant'],4.8,518,$$,"[['Friday', '11AM–2PM'], ['Saturday', '4–10PM'], ['Sunday', 'Closed'], ['Monday', '11AM–2PM'], ['Tuesday', '11AM–2PM'], ['Wednesday', '11AM–2PM'], ['Thursday', '11AM–2PM']]"
0x872b7695ff305e09:0x2547a1b25996853,Poke Bar,"Poke Bar, 7000 E Mayo Blvd UNIT 1028, Phoenix, AZ 85054",33.6555308,-111.92936859999999,"['Hawaiian restaurant', 'Japanese restaurant', 'Sushi restaurant']",4.3,108,$,"[['Friday', '11AM–9PM'], ['Saturday', '11AM–9PM'], ['Sunday', '11AM–9PM'], ['Monday', '11AM–9PM'], ['Tuesday', '11AM–9PM'], ['Wednesday', '11AM–9PM'], ['Thursday', '11AM–9PM']]"
0x872b08d807e45415:0x9c1cf091d986ae4b,RA Sushi Bar Restaurant,"RA Sushi Bar Restaurant, 411 S Mill Ave, Tempe, AZ 85281",33.4260443,-111.9397992,"['Sushi restaurant', 'Asian restaurant', 'Bar', 'Japanese restaurant']",4.0,356,$$,"[['Friday', '11AM–1AM'], ['Saturday', '11AM–1AM'], ['Sunday', '11AM–12AM'], ['Monday', '11AM–12AM'], ['Tuesday', '11AM–12AM'], ['Wednesday', '11AM–12AM'], ['Thursday', '11AM–12AM']]"
0x872b68541ab7b927:0xd3e92e1686e74a2c,Sushi Catcher,"Sushi Catcher, 6334 W Bell Rd, Glendale, AZ 85308",33.6391944,-112.1959139,"['Sushi restaurant', 'Japanese restaurant']",4.6,368,$$,"[['Friday', '12–9PM'], ['Saturday', '12–9PM'], ['Sunday', '4:30–9PM'], ['Monday', '11:30AM–8:30PM'], ['Tuesday', '11:30AM–8:30PM'], ['Wednesday', '11:30AM–8:30PM'], ['Thursday', '11:30AM–8:30PM']]"
0x872a48ecea7cec1d:0xd26c6e0aa8d93bd1,Kiyoshi Teriyaki & Sushi,"Kiyoshi Teriyaki & Sushi, 2510 E Hunt Hwy, San Tan Valley, AZ 85143",33.1374515,-111.5393551,['Japanese restaurant'],4.5,318,$$,"[['Thursday', '10AM–8PM'], ['Friday', '10AM–8PM'], ['Saturday', '10AM–8PM'], ['Sunday', 'Closed'], ['Monday', '10AM–8PM'], ['Tuesday', '10AM–8PM'], ['Wednesday', '10AM–8PM']]"
0x86d66f46e49334a5:0x53cdfc7fd6525c3a,The Rice Bowl,"The Rice Bowl, 210 N Pantano Rd, Tucson, AZ 85710",32.2234388,-110.823392,"['Asian restaurant', 'Caterer', 'Chinese restaurant', 'Fast food restaurant', 'Health food restaurant', 'Japanese restaurant', 'Delivery Restaurant']",3.6,86,,"[['Thursday', '10AM–9PM'], ['Friday', '10AM–9PM'], ['Saturday', '10AM–9PM'], ['Sunday', '11AM–8PM'], ['Monday', '10AM–9PM'], ['Tuesday', '10AM–9PM'], ['Wednesday', '10AM–9PM']]"
0x872b007873f5424d:0x3b8dd5ad4469d94f,Mikado Sushi,"Mikado Sushi, 3125 S Alma School Rd #3b, Chandler, AZ 85248",33.2612279,-111.85691329999999,"['Sushi restaurant', 'Japanese restaurant']",4.4,274,$$,"[['Thursday', '11AM–9:15PM'], ['Friday', '11AM–9:15PM'], ['Saturday', '12–9:15PM'], ['Sunday', 'Closed'], ['Monday', '11AM–9:15PM'], ['Tuesday', '11AM–9:15PM'], ['Wednesday', '11AM–9:15PM']]"
0x872b078a88baa2c5:0x8818cdbe24c7af52,LOMI POKI - Poke & Grilled,"LOMI POKI - Poke & Grilled, 1840 E Warner Rd #118, Tempe, AZ 85284",33.335650199999996,-111.90942419999999,"['Hawaiian restaurant', 'Japanese restaurant']",4.9,38,$,"[['Wednesday', '11AM–9PM'], ['Thursday', '11AM–9PM'], ['Friday', '11AM–9PM'], ['Saturday', '11AM–9PM'], ['Sunday', 'Closed'], ['Monday', '11AM–9PM'], ['Tuesday', '11AM–9PM']]"
0x872b08d912dc2fe5:0xe0f6088f480265ea,Grilled Avenue- Teriyaki House,"Grilled Avenue- Teriyaki House, 705 S Forest Ave, Tempe, AZ 85281",33.4228957,-111.93654,['Japanese restaurant'],4.7,115,,"[['Wednesday', '10:30AM–9PM'], ['Thursday', '10:30AM–9PM'], ['Friday', '10:30AM–9PM'], ['Saturday', '11AM–5PM'], ['Sunday', 'Closed'], ['Monday', '10:30AM–9PM'], ['Tuesday', '10:30AM–9PM']]"
0x86d67a6ea0b798e1:0x87ff3c799bb87b80,Sushi Lounge,"Sushi Lounge, 4802 S 6th Ave, Tucson, AZ 85714",32.164874999999995,-110.96842219999999,"['Sushi restaurant', 'Asian restaurant', 'Dim sum restaurant', 'Japanese restaurant']",4.4,538,$$,"[['Wednesday', 'Closed'], ['Thursday', '11AM–7:30PM'], ['Friday', '11AM–7:30PM'], ['Saturday', '11AM–7:30PM'], ['Sunday', '11AM–7:30PM'], ['Monday', 'Closed'], ['Tuesday', 'Closed']]"
0x86d66c379c511dfd:0x91a5f0c026e257f,Ginza Sushi & Izakaya,"Ginza Sushi & Izakaya, 5425 N Kolb Rd #115, Tucson, AZ 85750",32.3053869,-110.8442929,"['Sushi restaurant', 'Izakaya restaurant', 'Japanese restaurant']",4.7,313,$$,"[['Wednesday', '4:30–8:30PM'], ['Thursday', '4:30–8:30PM'], ['Friday', '4:30–8:30PM'], ['Saturday', '4:30–8:30PM'], ['Sunday', '4:30–8:30PM'], ['Monday', 'Closed'], ['Tuesday', '4:30–8:30PM']]"
0x80d6f61cde90c369:0xf949f2deeb234815,Charki's Teriyaki,"Charki's Teriyaki, 2241 S Avenue A, Yuma, AZ 85364",32.6864407,-114.6324004,['Japanese restaurant'],4.6,118,$,"[['Tuesday', '10:30AM–9PM'], ['Wednesday', '10:30AM–9PM'], ['Thursday', '10:30AM–9PM'], ['Friday', '10:30AM–9PM'], ['Saturday', '10:30AM–9PM'], ['Sunday', '12–8:30PM'], ['Monday', '10:30AM–9PM']]"
0x80d651d332c406cd:0x47e2f3d94c9e855f,Rolls and Bowls Sushi,"Rolls and Bowls Sushi, 1627 Cesar Chavez St, San Luis, AZ 85349",32.4940135,-114.77905489999999,['Japanese restaurant'],4.4,224,,"[['Tuesday', '11AM–10PM'], ['Wednesday', '11AM–10PM'], ['Thursday', '11AM–10PM'], ['Friday', '11AM–10PM'], ['Saturday', '1–10PM'], ['Sunday', '1–10PM'], ['Monday', '11AM–10PM']]"
0x87346b57d5cca259:0xe4eb6db018e0f3b8,New York Teriyaki,"New York Teriyaki, 663 S Lake Powell Blvd, Page, AZ 86040",36.907505,-111.4796447,['Japanese restaurant'],4.6,198,,"[['Tuesday', '11AM–9PM'], ['Wednesday', '11AM–9PM'], ['Thursday', '11AM–9PM'], ['Friday', '11AM–9PM'], ['Saturday', '11AM–9PM'], ['Sunday', 'Closed'], ['Monday', '11AM–9PM']]"
0x872ba5dbf06b6eff:0x209fbc842982d4a5,Toh Zan Nagasaki Grill,"Toh Zan Nagasaki Grill, 1135 N Recker Rd UNIT 113, Mesa, AZ 85205",33.4367777,-111.70036809999999,['Japanese restaurant'],4.9,97,,"[['Tuesday', '12–2:30PM'], ['Wednesday', '12–2:30PM'], ['Thursday', '12–2:30PM'], ['Friday', '12–2:30PM'], ['Saturday', '12–2:30PM'], ['Sunday', 'Closed'], ['Monday', '12–2:30PM']]"
0x872b6c85af66d6f7:0x795b5c6f9f24350f,New Tokyo Food Market,"New Tokyo Food Market, 3435 W Northern Ave, Phoenix, AZ 85051",33.5527446,-112.13331509999999,['Japanese grocery store'],4.7,338,,"[['Tuesday', 'Closed'], ['Wednesday', 'Closed'], ['Thursday', '10AM–6PM'], ['Friday', '10AM–6PM'], ['Saturday', '10AM–6PM'], ['Sunday', '11AM–4PM'], ['Monday', '10AM–4PM']]"
0x872b0f29cffd4731:0xd35a6c86ff961864,Fujiya Market,"Fujiya Market, 1335 W University Dr #5, Tempe, AZ 85281",33.4212209,-111.96004579999999,['Japanese grocery store'],4.7,472,,"[['Tuesday', '12–6PM'], ['Wednesday', '12–6PM'], ['Thursday', '12–6PM'], ['Friday', '12–6PM'], ['Saturday', '12–6PM'], ['Sunday', '12–6PM'], ['Monday', 'Closed']]"
0x80ce424a53caaf87:0xc2c473a59d8ebd51,Tokyo Garden,"Tokyo Garden, 1047 AZ-95, Bullhead City, AZ 86442",35.150143899999996,-114.56828879999999,"['Japanese restaurant', 'Restaurant', 'Sushi restaurant']",4.3,58,$$,"[['Monday', '11AM–10PM'], ['Tuesday', '11AM–10PM'], ['Wednesday', 'Closed'], ['Thursday', '11AM–10PM'], ['Friday', '11AM–10PM'], ['Saturday', '11AM–10PM'], ['Sunday', '11AM–10PM']]"
0x87b2047287a79c6d:0x4188ca9477bffeff,Samurai Sam's,"Samurai Sam's, 4801 E Washington St, Phoenix, AZ 85034",33.446943,-111.97796699999999,"['Japanese restaurant', 'Asian fusion restaurant', 'Asian restaurant', 'Chinese restaurant', 'Fast food restaurant', 'Food court', 'Noodle shop', 'Salad shop', 'Thai restaurant']",4.1,118,$,"[['Monday', '10AM–5PM'], ['Tuesday', '10AM–5PM'], ['Wednesday', '10AM–5PM'], ['Thursday', '10AM–5PM'], ['Friday', '10AM–5PM'], ['Saturday', 'Closed'], ['Sunday', 'Closed']]"
0x872b75515c5d567d:0x8b1f5bcf93f545c8,Samurai Sam's,"Samurai Sam's, 10105 E Vía Linda Ste A-104, Scottsdale, AZ 85258",33.5730244,-111.8634335,"['Japanese restaurant', 'Asian fusion restaurant', 'Asian restaurant', 'Chinese restaurant', 'Fast food restaurant', 'Food court', 'Noodle shop', 'Salad shop', 'Thai restaurant']",4.5,98,$,"[['Monday', '10AM–8:30PM'], ['Tuesday', '10AM–8:30PM'], ['Wednesday', '10AM–8:30PM'], ['Thursday', '10AM–8:30PM'], ['Friday', '10AM–8:30PM'], ['Saturday', '10AM–8:30PM'], ['Sunday', 'Closed']]"
0x872b38cee1e33c9d:0x4e4f28f077f77f91,Samurai Asian Bistro,"Samurai Asian Bistro, 330 N Dysart Rd #101, Goodyear, AZ 85338",33.4501955,-112.34274239999999,"['Asian restaurant', 'Chinese restaurant', 'Japanese restaurant', 'Restaurant', 'Sushi restaurant', 'Thai restaurant']",4.4,398,$,"[['Monday', 'Closed'], ['Tuesday', '11AM–9:30PM'], ['Wednesday', '11AM–9:30PM'], ['Thursday', '11AM–9:30PM'], ['Friday', '11AM–10PM'], ['Saturday', '11AM–9:30PM'], ['Sunday', '11AM–9:30PM']]"
0x872b6bf39186e729:0x4da5ab5dd84103f2,YakiRamen,"YakiRamen, 10605 N 43rd Ave, Phoenix, AZ 85029",33.5822585,-112.1498457,"['Japanese restaurant', 'Ramen restaurant']",4.0,286,,"[['Monday', 'Closed'], ['Tuesday', '5–10:45PM'], ['Wednesday', '5–10:45PM'], ['Thursday', '5–10:45PM'], ['Friday', '5–11:45PM'], ['Saturday', '5–11:45PM'], ['Sunday', '5–10:45PM']]"
0x872baabb8a1efa4b:0x71e69a153a39738a,Yogis Grill,"Yogis Grill, 4015 S Arizona Ave #5, Chandler, AZ 85248",33.2470642,-111.840762,"['Asian restaurant', 'Japanese restaurant', 'Sushi restaurant']",4.1,276,$,"[['Monday', '11AM–9PM'], ['Tuesday', '11AM–9PM'], ['Wednesday', '11AM–9PM'], ['Thursday', '11AM–9PM'], ['Friday', '11AM–9PM'], ['Saturday', '11AM–9PM'], ['Sunday', 'Closed']]"
0x872b73bcd34ae6af:0xf222413d2bc60265,Shogun Restaurant,"Shogun Restaurant, 12615 N Tatum Blvd, Phoenix, AZ 85032",33.6004433,-111.9786982,['Authentic Japanese restaurant'],4.3,405,$$,"[['Monday', '11AM–8PM'], ['Tuesday', '11AM–8PM'], ['Wednesday', '11AM–8PM'], ['Thursday', '11AM–8PM'], ['Friday', '11AM–8PM'], ['Saturday', '11AM–8PM'], ['Sunday', '4–8PM']]"
0x872b1359c8c9dabf:0x6e7326192227b12b,Ramen Kagawa,"Ramen Kagawa, 111 W Monroe St UNIT 130, Phoenix, AZ 85003, United States",33.44999,-112.0753242,['Japanese restaurant'],4.5,116,,"[['Sunday', '11AM–3PM'], ['Monday', 'Closed'], ['Tuesday', '11AM–3PM'], ['Wednesday', '11AM–3PM'], ['Thursday', '11AM–3PM'], ['Friday', '11AM–3PM'], ['Saturday', '11AM–3PM']]"
0x86d7293faff5d19d:0x9d516ebae37df517,Hana Tokyo,"Hana Tokyo, 1633 AZ-92, Sierra Vista, AZ 85635",31.538902999999998,-110.25677999999999,['Japanese restaurant'],4.3,743,$$,"[['Sunday', '12–9PM'], ['Monday', '11AM–2:30PM'], ['Tuesday', '11AM–2:30PM'], ['Wednesday', '11AM–2:30PM'], ['Thursday', '11AM–2:30PM'], ['Friday', '11AM–2:30PM'], ['Saturday', '11AM–10PM']]"
0x872d8f60f8a5c577:0x2a8dc13dfffbbc4c,Hiro's Sushi Bar & Japanese Restaurant,"Hiro's Sushi Bar & Japanese Restaurant, 1312 S Plaza Way, Flagstaff, AZ 86001",35.187399,-111.663418,"['Japanese restaurant', 'Asian restaurant', 'Sushi restaurant']",4.4,377,$$,"[['Sunday', '12–2PM'], ['Monday', '11:30AM–2PM'], ['Tuesday', '11:30AM–2PM'], ['Wednesday', '11:30AM–2PM'], ['Thursday', '11:30AM–2PM'], ['Friday', '11:30AM–2PM'], ['Saturday', '11:30AM–2PM']]"
0x872b083dfea1ac55:0x6f43dd8ec4f33174,Yogis Grill,"Yogis Grill, 929 N Dobson Rd #103, Mesa, AZ 85201",33.433984699999996,-111.8682894,"['Japanese restaurant', 'American restaurant']",4.3,516,$,"[['Saturday', '10:30AM–9PM'], ['Sunday', 'Closed'], ['Monday', '10:30AM–9PM'], ['Tuesday', '10:30AM–9PM'], ['Wednesday', '10:30AM–9PM'], ['Thursday', '10:30AM–9PM'], ['Friday', '10:30AM–9PM']]"
0x872b07243c963d03:0x8a1c3eda227a0631,Yogi's Grill,"Yogi's Grill, 3235 W Ray Rd #5, Chandler, AZ 85226",33.319596,-111.89774799999999,['Japanese restaurant'],4.3,258,$,"[['Saturday', '10:30AM–8PM'], ['Sunday', '11:30AM–8PM'], ['Monday', '10:30AM–9PM'], ['Tuesday', '10:30AM–9PM'], ['Wednesday', '10:30AM–9PM'], ['Thursday', '10:30AM–9PM'], ['Friday', '10:30AM–9PM']]"
0x872b7b8b56d53a01:0x76e8898cd1c48384,Samurai Sam's,"Samurai Sam's, 4815 E Carefree Hwy Ste 112, Cave Creek, AZ 85331",33.799104,-112.019111,"['Japanese restaurant', 'Asian fusion restaurant', 'Asian restaurant', 'Chinese restaurant', 'Fast food restaurant', 'Food court', 'Noodle shop', 'Salad shop', 'Thai restaurant']",3.9,14,$,"[['Friday', '10:30AM–8:30PM'], ['Saturday', '10:30AM–8:30PM'], ['Sunday', 'Closed'], ['Monday', '10:30AM–8:30PM'], ['Tuesday', '10:30AM–8:30PM'], ['Wednesday', '10:30AM–8:30PM'], ['Thursday', '10:30AM–8:30PM']]"
0x872b4731bc399731:0xa2e69938ef16ddfc,Yogis Grill,"Yogis Grill, 5104 N Dysart Rd #110, Litchfield Park, AZ 85340",33.509053699999996,-112.34149049999999,['Japanese restaurant'],3.8,198,$,"[['Friday', '10:30AM–9PM'], ['Saturday', '10:30AM–8PM'], ['Sunday', '12–8PM'], ['Monday', '10:30AM–9PM'], ['Tuesday', '10:30AM–9PM'], ['Wednesday', '10:30AM–9PM'], ['Thursday', '10:30AM–9PM']]"
0x872ba9762ed8429f:0x3f873e921953b546,YANAGI SUSHI,"YANAGI SUSHI, 884 W Warner Rd, Gilbert, AZ 85233",33.336000999999996,-111.808735,['Japanese restaurant'],4.5,285,$$,"[['Friday', '11:30AM–3PM'], ['Saturday', '12–10PM'], ['Sunday', '12–9PM'], ['Monday', 'Closed'], ['Tuesday', '11:30AM–3PM'], ['Wednesday', '11:30AM–3PM'], ['Thursday', '11:30AM–3PM']]"
0x872b09245b1c7af7:0xb5b3a57c964e6a5c,Cutie (MESA),"Cutie (MESA), 1228 W University Dr, Mesa, AZ 85201",33.4234448,-111.8572956,"['Gift shop', 'Discount store', 'Dollar store', 'Japanese grocery store', 'Novelty store']",4.7,215,,"[['Friday', '2–7PM'], ['Saturday', '2–7PM'], ['Sunday', '2–6PM'], ['Monday', '2–7PM'], ['Tuesday', '2–7PM'], ['Wednesday', '2–7PM'], ['Thursday', '2–7PM']]"
0x872b05b958ff4727:0x7585be35b2fa388c,Pacific Gardens,"Pacific Gardens, 4747 E Elliot Rd, Phoenix, AZ 85044",33.348220999999995,-111.982098,"['Restaurant', 'Asian fusion restaurant', 'Bar', 'Buffet restaurant', 'Chinese restaurant', 'Japanese restaurant', 'Thai restaurant']",3.4,15,,"[['Friday', '11AM–2:30PM'], ['Saturday', '12–10PM'], ['Sunday', '4–9PM'], ['Monday', '11AM–2:30PM'], ['Tuesday', '11AM–2:30PM'], ['Wednesday', '11AM–2:30PM'], ['Thursday', '11AM–2:30PM']]"
0x86d671f0a5360375:0x63c2b66baeab4884,JA Ramen,"JA Ramen, 2643 N Campbell Ave, Tucson, AZ 85719",32.255190299999995,-110.94428359999999,"['Ramen restaurant', 'Authentic Japanese restaurant', 'Japanese regional restaurant', 'Japanese restaurant']",4.4,287,,"[['Friday', '11AM–9PM'], ['Saturday', '11AM–9PM'], ['Sunday', '11AM–9PM'], ['Monday', '11AM–9PM'], ['Tuesday', '11AM–9PM'], ['Wednesday', '11AM–9PM'], ['Thursday', '11AM–9PM']]"
0x872b69cc0719e8ed:0x331e53b9f75420,Nagoya Sushi,"Nagoya Sushi, 7557 W Greenway Rd #104, Peoria, AZ 85381",33.6244916,-112.22087739999999,"['Sushi restaurant', 'Japanese restaurant', 'Restaurant']",4.7,428,,"[['Friday', '11AM–10PM'], ['Saturday', '11AM–10PM'], ['Sunday', '12–9PM'], ['Monday', '4–9PM'], ['Tuesday', 'Closed'], ['Wednesday', '11AM–9PM'], ['Thursday', '11AM–9PM']]"
0x872da607377d408d:0x1f558004e64d1b67,Minami,"Minami, 6586 AZ-179 a1, Sedona, AZ 86351",34.779120899999995,-111.763352,['Japanese restaurant'],4.0,98,$$,"[['Friday', '11:30AM–1:30PM'], ['Saturday', '11:30AM–1:30PM'], ['Sunday', 'Closed'], ['Monday', '11:30AM–1:30PM'], ['Tuesday', '11:30AM–1:30PM'], ['Wednesday', '11:30AM–1:30PM'], ['Thursday', '11:30AM–1:30PM']]"
0x872da13992e04671:0xdc9007904eb0c0f6,Hiro's Sushi & Japanese Kitchen,"Hiro's Sushi & Japanese Kitchen, 1730 AZ-89A, Sedona, AZ 86336",34.863803499999996,-111.79029299999999,"['Japanese restaurant', 'Restaurant']",4.5,276,$$,"[['Friday', '11:30AM–1:30PM'], ['Saturday', '11:30AM–1:30PM'], ['Sunday', 'Closed'], ['Monday', 'Closed'], ['Tuesday', '11:30AM–1:30PM'], ['Wednesday', '11:30AM–1:30PM'], ['Thursday', '11:30AM–1:30PM']]"
0x872b71938ccafefb:0xd746dd2241779771,Sushi Ave,"Sushi Ave, 866 N Higley Rd, Gilbert, AZ 85234",33.3662023,-111.72254559999999,"['Sushi restaurant', 'Asian restaurant', 'Bar & grill', 'Cocktail bar', 'Authentic Japanese restaurant', 'Japanese restaurant', 'Korean restaurant', 'Restaurant']",4.4,359,,"[['Thursday', '11:30AM–9:30PM'], ['Friday', '11:30AM–10PM'], ['Saturday', '11:30AM–10PM'], ['Sunday', '11:30AM–9PM'], ['Monday', '11:30AM–9:30PM'], ['Tuesday', '11:30AM–9:30PM'], ['Wednesday', '11:30AM–9:30PM']]"
0x872b1217e9ef3e3d:0xd2420cfb4788114,MOIRA Sushi Bar & Kitchen,"MOIRA Sushi Bar & Kitchen, 215 E McKinley St STE 102, Phoenix, AZ 85004",33.456418899999996,-112.070371,"['Sushi restaurant', 'Asian restaurant', 'Bar', 'Japanese restaurant']",4.4,688,$$,"[['Thursday', '5–11PM'], ['Friday', '5PM–2AM'], ['Saturday', '5PM–2AM'], ['Sunday', 'Closed'], ['Monday', '5–11PM'], ['Tuesday', '5–11PM'], ['Wednesday', '5–11PM']]"
0x872b0bb9f4858399:0x7c38d1bb21989611,Sushi J,"Sushi J, 4320 N Miller Rd, Scottsdale, AZ 85251",33.499191599999996,-111.9178159,['Japanese restaurant'],4.4,108,$$,"[['Thursday', '11:30AM–2:30PM'], ['Friday', '11:30AM–2:30PM'], ['Saturday', '4–10PM'], ['Sunday', '11:30AM–2:30PM'], ['Monday', '11:30AM–2:30PM'], ['Tuesday', '11:30AM–2:30PM'], ['Wednesday', '11:30AM–2:30PM']]"
0x872b0bcd936af253:0xd7e847ea4530850,House of Rice Store,"House of Rice Store, 3221 N Hayden Rd, Scottsdale, AZ 85251",33.4853908,-111.9083948,"['Store', 'Japanese grocery store', 'Supermarket']",4.7,154,,"[['Thursday', '10AM–5PM'], ['Friday', '10AM–5PM'], ['Saturday', '10AM–5PM'], ['Sunday', '11AM–4PM'], ['Monday', '10AM–5PM'], ['Tuesday', '10AM–5PM'], ['Wednesday', '10AM–5PM']]"
0x549e186307bcf437:0x1ce92d17486f033e,Samurai Sam's,"Samurai Sam's, 3039 W Peoria Ave Ste 103, Phoenix, AZ 85029",33.581438999999996,-112.125087,"['Japanese restaurant', 'Asian fusion restaurant', 'Asian restaurant', 'Chinese restaurant', 'Fast food restaurant', 'Food court', 'Noodle shop', 'Salad shop', 'Thai restaurant']",4.0,218,$,"[['Thursday', '10:30AM–9PM'], ['Friday', '10:30AM–9PM'], ['Saturday', '10:30AM–9PM'], ['Sunday', '11AM–8PM'], ['Monday', '10:30AM–9PM'], ['Tuesday', '10:30AM–9PM'], ['Wednesday', '10:30AM–9PM']]"
0x872b6ccd14c203b5:0x7d30d25f169be68d,Samurai Sam's,"Samurai Sam's, 2316 W Bethany Home Rd, Phoenix, AZ 85015",33.523967999999996,-112.10852,"['Japanese restaurant', 'Asian fusion restaurant', 'Asian restaurant', 'Chinese restaurant', 'Fast food restaurant', 'Food court', 'Noodle shop', 'Salad shop', 'Thai restaurant']",3.8,98,$,
0x80d658b41d3e822b:0x4cab8a0ff57a2542,Carnitas El Taste,"Carnitas El Taste, 3250 S 4th Ave D, Yuma, AZ 85365",32.6683845,-114.6251755,"['Mexican restaurant', 'Burrito restaurant', 'Home automation company', 'Home cinema installation', 'Authentic Japanese restaurant', 'Takeout Restaurant', 'Mexican goods store', 'Restaurant', 'Salsa bar', 'Taco restaurant']",4.2,128,$,"[['Wednesday', '8AM–8PM'], ['Thursday', '8AM–8PM'], ['Friday', '8AM–8PM'], ['Saturday', '8AM–8PM'], ['Sunday', '8AM–6PM'], ['Monday', '8AM–8PM'], ['Tuesday', '8AM–8PM']]"
0x86d674cdc3a3954d:0x51d2ea9c17f94f1a,Wok & Roll,"Wok & Roll, 3000 W Ina Rd, Tucson, AZ 85741",32.3378182,-111.0324038,"['Buffet restaurant', 'Japanese restaurant', 'Restaurant', 'Sushi restaurant']",4.2,1152,$$,"[['Wednesday', '11AM–9:30PM'], ['Thursday', '11AM–9:30PM'], ['Friday', '11AM–10PM'], ['Saturday', '11AM–10PM'], ['Sunday', '11AM–9:30PM'], ['Monday', '11AM–9:30PM'], ['Tuesday', '11AM–9:30PM']]"
0x872ba8967fcaac61:0x99ad6cc5b6610305,Sekai Sushi,"85204 Arizona, Mesa, S Gilbert Rd, Sekai Sushi",33.3964952,-111.78675829999999,['Japanese restaurant'],4.6,448,$$,"[['Tuesday', '11:30AM–9:30PM'], ['Wednesday', '11:30AM–9:30PM'], ['Thursday', '11:30AM–9:30PM'], ['Friday', '11:30AM–9:30PM'], ['Saturday', '12–9:30PM'], ['Sunday', 'Closed'], ['Monday', '11:30AM–9:30PM']]"
0x872a4d3c4b385243:0xd45a6095aa74ff4d,Sushi Creek,"Sushi Creek, 21805 S Ellsworth Rd #103, Queen Creek, AZ 85142",33.25004,-111.6327302,"['Sushi restaurant', 'Asian restaurant', 'Japanese restaurant']",4.4,916,$$,"[['Tuesday', '11:30AM–9PM'], ['Wednesday', '11:30AM–9PM'], ['Thursday', '11:30AM–9PM'], ['Friday', '11:30AM–10PM'], ['Saturday', '11:30AM–10PM'], ['Sunday', '11:30AM–8PM'], ['Monday', 'Closed']]"
0x872b3fa355ffda07:0x177e321129a74efb,Yogis Grill - Avondale,"Yogis Grill - Avondale, 10220 W McDowell Rd #110, Avondale, AZ 85392",33.4663155,-112.28007729999999,"['Restaurant', 'Asian restaurant', 'Japanese restaurant']",3.9,506,$,"[['Tuesday', '11:30AM–9PM'], ['Wednesday', '11:30AM–9PM'], ['Thursday', '11:30AM–9PM'], ['Friday', '11:30AM–9PM'], ['Saturday', '11:30AM–9PM'], ['Sunday', '11:30AM–9PM'], ['Monday', '11:30AM–9PM']]"
0x872bab121afcc265:0xfec635dd682c65a1,Otaku,"Otaku, 2430 S Gilbert Rd suite 5, Chandler, AZ 85286",33.2712041,-111.79082299999999,"['Sushi restaurant', 'Japanese restaurant']",4.3,378,$$,"[['Tuesday', '11AM–2PM'], ['Wednesday', '11AM–2PM'], ['Thursday', '11AM–2PM'], ['Friday', '11AM–2PM'], ['Saturday', '4–10PM'], ['Sunday', 'Closed'], ['Monday', '11AM–2PM']]"
0x872b7b8b56d53a01:0x4dfdf2d187b391f3,Samurai Sam's,"Samurai Sam's, 550 W Bell Rd Ste 102, Phoenix, AZ 85023",33.640640399999995,-112.08140859999999,"['Japanese restaurant', 'Asian fusion restaurant', 'Asian restaurant', 'Chinese restaurant', 'Fast food restaurant', 'Food court', 'Noodle shop', 'Salad shop', 'Thai restaurant']",4.0,173,$,"[['Tuesday', '10:30AM–8PM'], ['Wednesday', '10:30AM–8PM'], ['Thursday', '10:30AM–8PM'], ['Friday', '10:30AM–8PM'], ['Saturday', '10:30AM–8PM'], ['Sunday', 'Closed'], ['Monday', '10:30AM–8PM']]"
0x872aed6242f7d8b3:0xa797cd19468fa840,Say Sushi,"Say Sushi, 21101 N John Wayne Pkwy e103, Maricopa, AZ 85138",33.0699957,-112.0448436,"['Sushi restaurant', 'Asian restaurant', 'Japanese restaurant']",4.6,828,$$,"[['Monday', 'Closed'], ['Tuesday', '11AM–9PM'], ['Wednesday', '11AM–9PM'], ['Thursday', '11AM–9PM'], ['Friday', '11AM–9PM'], ['Saturday', '11AM–9PM'], ['Sunday', 'Closed']]"
0x8728cb0d33661dd1:0xc5d44c7f49486716,Samurai Sam's,"Samurai Sam's, 5171 Cub Lake Rd Ste A110, Show Low, AZ 85901",34.202301299999995,-110.0211008,"['Japanese restaurant', 'Asian fusion restaurant', 'Asian restaurant', 'Chinese restaurant', 'Fast food restaurant', 'Food court', 'Noodle shop', 'Salad shop', 'Thai restaurant']",4.2,153,$,
0x872b088c63c732f7:0xad9a338ef29385bc,SakeBomber Sushi & Grill,"SakeBomber Sushi & Grill, 1705 E Broadway Rd, Tempe, AZ 85282",33.4071184,-111.91149419999999,"['Sushi restaurant', 'Bubble tea store', 'Cocktail bar', 'Coffee shop', 'Japanese restaurant', 'Ramen restaurant']",4.4,717,$$,"[['Monday', '5–9:30PM'], ['Tuesday', '11AM–2PM'], ['Wednesday', '11AM–2PM'], ['Thursday', '11AM–2PM'], ['Friday', '11AM–2PM'], ['Saturday', '5–10PM'], ['Sunday', 'Closed']]"
0x872b05b8a11e299b:0x1d91e49a16a8fe6d,Sakana Sushi & Grill,"Sakana Sushi & Grill, 5061 E Elliot Rd, Phoenix, AZ 85044",33.3476412,-111.9761436,"['Sushi restaurant', 'Bar & grill', 'Authentic Japanese restaurant', 'Teppanyaki restaurant']",4.5,592,$$,"[['Monday', '5–8:30PM'], ['Tuesday', '5–8:30PM'], ['Wednesday', '5–8:30PM'], ['Thursday', '12–2PM'], ['Friday', '12–2PM'], ['Saturday', '5–9PM'], ['Sunday', '5–8:30PM']]"
0x872b121ea0f9d209:0x7c1f50df5bab6268,Nobuo at Teeter House,"Nobuo at Teeter House, 622 E Adams St, Phoenix, AZ 85004",33.449557,-112.06567299999999,"['Japanese restaurant', 'Asian restaurant', 'Bar', 'Restaurant', 'Sushi restaurant', 'Tea house']",4.6,224,$$$,
0x872b044ba0e82f41:0x36bc2b86893953c5,Sushi Eye,"Sushi Eye, 4855 Warner Rd, Phoenix, AZ 85044",33.3318414,-111.9777766,"['Japanese restaurant', 'Sushi restaurant']",4.6,18,$$,
0x872b0bbdc5131a9f:0x654198b1958d98e5,Stingray Chandler/Ahwatukee,"Stingray Chandler/Ahwatukee, 900 N 54th St, Chandler, AZ 85226",33.3181078,-111.96934209999999,"['Sushi restaurant', 'Cocktail bar', 'Japanese restaurant']",4.2,44,,"[['Monday', '11AM–10PM'], ['Tuesday', '11AM–10PM'], ['Wednesday', '11AM–10PM'], ['Thursday', '11AM–10PM'], ['Friday', '11AM–11PM'], ['Saturday', '11AM–11PM'], ['Sunday', '11AM–10PM']]"
0x872b1223c496fa53:0x66eb1fe0e3a25962,Noodle Bar,"Noodle Bar, 114 W Adams St C-103, Phoenix, AZ 85003",33.4496338,-112.0753445,"['Ramen restaurant', 'Cold noodle restaurant', 'Italian restaurant', 'Japanese restaurant', 'Noodle shop', 'Udon noodle restaurant']",4.2,534,$$,"[['Monday', '11AM–10PM'], ['Tuesday', '11AM–10PM'], ['Wednesday', '11AM–10PM'], ['Thursday', '11AM–10PM'], ['Friday', '11AM–11PM'], ['Saturday', '12–11PM'], ['Sunday', 'Closed']]"
0x872b7420f2f4b425:0x9a9c414cf5afb90,Sushi Brokers Scottsdale,"Sushi Brokers Scottsdale, 17025 N Scottsdale Rd #190, Scottsdale, AZ 85255",33.6409991,-111.9247271,"['Sushi restaurant', 'Asian restaurant', 'Bar & grill', 'Cocktail bar', 'Japanese restaurant']",4.4,637,$$,"[['Monday', '11AM–11PM'], ['Tuesday', '11AM–11PM'], ['Wednesday', '11AM–11PM'], ['Thursday', '11AM–11PM'], ['Friday', '11AM–12AM'], ['Saturday', '11AM–12AM'], ['Sunday', '11AM–11PM']]"
0x86d670e1839a2393:0x12a2453c3d894b99,MiAn Sushi & Modern Asian Cuisine,"MiAn Sushi & Modern Asian Cuisine, 88 E Broadway Blvd, Tucson, AZ 85701",32.2208793,-110.9690038,"['Japanese restaurant', 'Asian restaurant', 'Sushi restaurant']",4.3,353,$$$,"[['Monday', '11AM–2PM'], ['Tuesday', '11AM–2PM'], ['Wednesday', '11AM–2PM'], ['Thursday', '11AM–2PM'], ['Friday', '11AM–2PM'], ['Saturday', '3–10PM'], ['Sunday', '3PM–12AM']]"
0x872b1221ba3e395d:0x35fceae0f6737c9d,Squid Ink,"Squid Ink, 2 E Jefferson St, Phoenix, AZ 85004",33.447461,-112.0736912,"['Sushi restaurant', 'Asian fusion restaurant', 'Bar', 'Cocktail bar', 'Japanese restaurant']",4.2,802,$$,"[['Sunday', 'Closed'], ['Monday', '12–8PM'], ['Tuesday', '12–8PM'], ['Wednesday', '12–8PM'], ['Thursday', '12–8PM'], ['Friday', '12–8PM'], ['Saturday', '5–9PM']]"
0x872b1297e8ffaa3f:0xa6b7703efb8c4f08,Tokyo Express,"Tokyo Express, 914 E Camelback Rd #5, Phoenix, AZ 85014",33.5098357,-112.0611205,['Japanese restaurant'],4.2,168,$,"[['Sunday', '11AM–5PM'], ['Monday', '10:30AM–8:30PM'], ['Tuesday', '10:30AM–8:30PM'], ['Wednesday', '10:30AM–8:30PM'], ['Thursday', '10:30AM–8:30PM'], ['Friday', '10:30AM–8:30PM'], ['Saturday', '10:30AM–8:30PM']]"
0x872b7536caa4395b:0x73062d2012526916,Hiro Sushi,"Hiro Sushi, 9393 N 90th St, Scottsdale, AZ 85258",33.5706139,-111.88660829999999,"['Japanese restaurant', 'Asian restaurant', 'Restaurant', 'Sushi restaurant']",4.7,657,$$,"[['Sunday', '5–9PM'], ['Monday', '11:30AM–2PM'], ['Tuesday', '11:30AM–2PM'], ['Wednesday', '11:30AM–2PM'], ['Thursday', '11:30AM–2PM'], ['Friday', '11:30AM–2PM'], ['Saturday', '5–9PM']]"
0x872b12ea879bd653:0x881ccd92dba54a3a,Yama Sushi House - Phoenix,"Yama Sushi House - Phoenix, 4750 N Central Ave #150, Phoenix, AZ 85012",33.5071601,-112.07416459999999,"['Sushi restaurant', 'Japanese restaurant']",4.5,598,$$,"[['Sunday', '12–9PM'], ['Monday', 'Closed'], ['Tuesday', '11AM–9PM'], ['Wednesday', '11AM–9PM'], ['Thursday', '11AM–9PM'], ['Friday', '11AM–10PM'], ['Saturday', '11AM–10PM']]"
0x872b06f2df9cb42f:0xc3fcfa693416f04c,Sushi Kee in Tempe,"Sushi Kee in Tempe, 1006 E Warner Rd #113, Tempe, AZ 85284",33.3352734,-111.9271402,"['Sushi restaurant', 'Asian restaurant', 'Japanese restaurant']",4.1,38,,"[['Sunday', 'Closed'], ['Monday', '11AM–2PM'], ['Tuesday', '11AM–2PM'], ['Wednesday', '11AM–2PM'], ['Thursday', '11AM–2PM'], ['Friday', '11AM–2PM'], ['Saturday', '5–9PM']]"
0x872b74ec76f7d6a9:0xa793ae35fb0f7bcf,Poke Bar,"Poke Bar, 10701 N Scottsdale Rd #103, Scottsdale, AZ 85254",33.583695,-111.9244197,"['Hawaiian restaurant', 'Japanese restaurant', 'Restaurant', 'Sushi restaurant']",4.6,274,,"[['Sunday', '11AM–8PM'], ['Monday', '11AM–8PM'], ['Tuesday', '11AM–8PM'], ['Wednesday', '11AM–8PM'], ['Thursday', '11AM–8PM'], ['Friday', '11AM–8PM'], ['Saturday', '11AM–8PM']]"
0x872b3897c42cfca7:0xc6269dd3bd649a4b,Hayashi Hibachi,"Hayashi Hibachi, 1480 N Litchfield Rd, Goodyear, AZ 85395",33.4634037,-112.3586394,"['Japanese steakhouse', 'Restaurant']",4.1,658,$$,"[['Sunday', '11:30AM–10PM'], ['Monday', '11:30AM–10:30PM'], ['Tuesday', '11:30AM–10:30PM'], ['Wednesday', '11:30AM–10:30PM'], ['Thursday', '11:30AM–10:30PM'], ['Friday', '11:30AM–11:30PM'], ['Saturday', '11:30AM–11:30PM']]"
0x86d67a224884401b:0x23c1529a142f0d76,Hana Tokyo,"Hana Tokyo, 5435 S Calle Santa Cruz #185, Tucson, AZ 85706",32.152631,-110.988214,"['Sushi restaurant', 'Asian restaurant', 'Bar', 'Japanese restaurant', 'Restaurant']",4.2,683,$$,"[['Sunday', '12–9:30PM'], ['Monday', '11AM–9:30PM'], ['Tuesday', '11AM–9:30PM'], ['Wednesday', '11AM–9:30PM'], ['Thursday', '11AM–9:30PM'], ['Friday', '11AM–10:30PM'], ['Saturday', '11AM–10:30PM']]"
0x872baf4e2e996065:0x83d72d0514136094,Gyoza Bar,"Gyoza Bar, 3641 E Baseline Rd Ste Q-100, Gilbert, AZ 85234",33.3777227,-111.75305979999999,"['Japanese restaurant', 'Dumpling restaurant', 'Japanese curry restaurant', 'Ramen restaurant', 'Sushi restaurant']",4.6,193,,"[['Sunday', '11AM–8:30PM'], ['Monday', 'Closed'], ['Tuesday', '11AM–8:30PM'], ['Wednesday', '11AM–8:30PM'], ['Thursday', '11AM–8:30PM'], ['Friday', '11AM–8:30PM'], ['Saturday', '11AM–8:30PM']]"
0x872b08813a11065b:0xf63e4dfe57fa1e2e,Tampopo Ramen,"Tampopo Ramen, 3223 S McClintock Dr Suite103, Tempe, AZ 85282",33.3938104,-111.90862609999999,"['Japanese restaurant', 'Restaurant']",4.5,1354,$,"[['Sunday', '11AM–9PM'], ['Monday', '11AM–3PM'], ['Tuesday', '11AM–3PM'], ['Wednesday', '11AM–3PM'], ['Thursday', '11AM–3PM'], ['Friday', '11AM–3PM'], ['Saturday', '11AM–9PM']]"
0x872b744235cb03eb:0xb5070332046ddfbe,"Bei Sushi, Bar, Asian Cuisine","Bei Sushi, Bar, Asian Cuisine, 2200 N Scottsdale Rd, Scottsdale, AZ 85257",33.472154599999996,-111.92649739999999,"['Sushi restaurant', 'Asian fusion restaurant', 'Bar & grill', 'Japanese restaurant']",4.5,624,$$,"[['Sunday', '12–2:30PM'], ['Monday', '11AM–2:30PM'], ['Tuesday', '11AM–2:30PM'], ['Wednesday', '11AM–2:30PM'], ['Thursday', '11AM–2:30PM'], ['Friday', '11AM–2:30PM'], ['Saturday', '12–2:30PM']]"
0x872b082c16d67cdf:0x3878be01324611b6,Makitto Sushi,"Makitto Sushi, 1055 N Dobson Rd #106, Mesa, AZ 85201",33.4355805,-111.8639127,['Japanese restaurant'],4.6,278,$$,"[['Sunday', '4:30–9:30PM'], ['Monday', '4:30–9:30PM'], ['Tuesday', '11:30AM–2:30PM'], ['Wednesday', '11:30AM–2:30PM'], ['Thursday', '11:30AM–2:30PM'], ['Friday', '11:30AM–2:30PM'], ['Saturday', '11:30AM–2:30PM']]"
0x872b046695610a19:0xc0264b66daa19209,Sushi Ken,"Sushi Ken, 4206 E Chandler Blvd #7, Phoenix, AZ 85048",33.3058219,-111.99247109999999,"['Japanese restaurant', 'Sushi restaurant']",4.4,454,$$,"[['Saturday', '12–9:30PM'], ['Sunday', 'Closed'], ['Monday', '11AM–9PM'], ['Tuesday', '11AM–9PM'], ['Wednesday', '11AM–9PM'], ['Thursday', '11AM–9PM'], ['Friday', '11AM–9:30PM']]"
0x872b0461c7c7b7a9:0xf91dc82b6cb827fb,Ginban Sushi,"Ginban Sushi, 3941 E Chandler Blvd #107, Phoenix, AZ 85048",33.3038853,-111.9994815,"['Sushi restaurant', 'Asian restaurant', 'Japanese restaurant', 'Restaurant']",4.5,237,$$,"[['Saturday', '12–9:30PM'], ['Sunday', '12–9:30PM'], ['Monday', '11AM–9:30PM'], ['Tuesday', '11AM–9:30PM'], ['Wednesday', '11AM–9:30PM'], ['Thursday', '11AM–9:30PM'], ['Friday', '11AM–9:30PM']]"
0x872b38a2b4a53bf9:0xd9888b5dc25f81ba,Chef Ben Sushi & Asian Express,"Chef Ben Sushi & Asian Express, 13824 W McDowell Rd #107, Goodyear, AZ 85395",33.4654721,-112.3560366,"['Japanese restaurant', 'Asian restaurant', 'Sushi restaurant']",4.3,268,$,"[['Saturday', '11AM–9PM'], ['Sunday', '12–8PM'], ['Monday', 'Closed'], ['Tuesday', '11AM–8PM'], ['Wednesday', '11AM–8PM'], ['Thursday', '11AM–8PM'], ['Friday', '11AM–9PM']]"
0x872b132610937665:0xf6a988517c44c31b,Ichi Bowl,"Ichi Bowl, 5130 N 19th Ave #17, Phoenix, AZ 85015",33.5125477,-112.1002984,"['Japanese restaurant', 'Asian restaurant', 'Korean restaurant', 'Sushi restaurant']",4.3,272,$,"[['Saturday', '11AM–8:30PM'], ['Sunday', 'Closed'], ['Monday', '10:30AM–8:30PM'], ['Tuesday', '10:30AM–8:30PM'], ['Wednesday', '10:30AM–8:30PM'], ['Thursday', '10:30AM–8:30PM'], ['Friday', '10:30AM–8:30PM']]"
0x872b68865a5812d3:0xf1720650d1b5db6a,Sakana Sushi and Grill,"Sakana Sushi and Grill, 20250 N 59th Ave, Glendale, AZ 85308",33.6699693,-112.18714059999999,"['Sushi restaurant', 'Authentic Japanese restaurant']",4.5,721,$$,"[['Saturday', '5–9PM'], ['Sunday', '5–8:30PM'], ['Monday', '5–8:30PM'], ['Tuesday', '5–8:30PM'], ['Wednesday', '5–8:30PM'], ['Thursday', '12–2PM'], ['Friday', '12–2PM']]"
0x872b0ef5153f8dd1:0x1b7a81df6979368c,Yoshi's Fresh Asian Grill,"Yoshi's Fresh Asian Grill, 4102 N 24th St, Phoenix, AZ 85016",33.4954611,-112.0307301,"['Japanese restaurant', 'Fast food restaurant', 'Restaurant']",4.3,432,$,"[['Friday', '10AM–9PM'], ['Saturday', '10AM–8PM'], ['Sunday', '11AM–8PM'], ['Monday', '10AM–9PM'], ['Tuesday', '10AM–9PM'], ['Wednesday', '10AM–9PM'], ['Thursday', '10AM–9PM']]"
0x872b0bc07987e4df:0x577e931acabcdb2,RA Sushi Bar Restaurant,"RA Sushi Bar Restaurant, 3815 N Scottsdale Rd, Scottsdale, AZ 85251",33.4919833,-111.9259,"['Sushi restaurant', 'Bar', 'Japanese restaurant']",4.2,1128,$$,"[['Friday', '11AM–1AM'], ['Saturday', '11AM–1AM'], ['Sunday', '11AM–12AM'], ['Monday', '11AM–12AM'], ['Tuesday', '11AM–12AM'], ['Wednesday', '11AM–12AM'], ['Thursday', '11AM–12AM']]"
0x872b0bbd9f623113:0x3c0ee419e08033d0,Kyoto Scottsdale at the Waterfront,"Kyoto Scottsdale at the Waterfront, 7170 E Stetson Dr, Scottsdale, AZ 85251",33.5002292,-111.92685089999999,"['Japanese restaurant', 'Asian restaurant', 'Bar', 'Bar & grill', 'Japanese steakhouse', 'Restaurant', 'Sushi restaurant', 'Teppanyaki restaurant']",4.2,671,$$,"[['Friday', '11AM–11PM'], ['Saturday', '11AM–11PM'], ['Sunday', '11AM–10PM'], ['Monday', '11AM–10PM'], ['Tuesday', '11AM–10PM'], ['Wednesday', '11AM–10PM'], ['Thursday', '11AM–10PM']]"
0x872c11fd058f1093:0x55159130f6ee2ad0,W & Z Asian bistro & sushi bar,"W & Z Asian bistro & sushi bar, 203 East, AZ-260, Payson, AZ 85541",34.2395864,-111.31930109999999,['Japanese restaurant'],4.4,128,,"[['Friday', '11AM–9PM'], ['Saturday', '11AM–9PM'], ['Sunday', '11AM–9PM'], ['Monday', '11AM–9PM'], ['Tuesday', '11AM–9PM'], ['Wednesday', '11AM–9PM'], ['Thursday', '11AM–9PM']]"
0x872b007888caf469:0xe35071177fcdc83a,HonMachi,"HonMachi, 2975 S Alma School Rd, Chandler, AZ 85248",33.2628608,-111.8563614,"['Sushi restaurant', 'Japanese restaurant', 'Restaurant']",4.4,468,$$,"[['Friday', '11AM–2:30PM'], ['Saturday', '11AM–2:30PM'], ['Sunday', '11AM–2:30PM'], ['Monday', '11AM–2:30PM'], ['Tuesday', '11AM–2:30PM'], ['Wednesday', '11AM–2:30PM'], ['Thursday', '11AM–2:30PM']]"
0x872b0cfce5877fdf:0xc610642ac09e76fe,Sushiholic,"Sushiholic, 3957 E Camelback Rd, Phoenix, AZ 85018",33.5090088,-111.99582579999999,"['Sushi restaurant', 'Japanese restaurant', 'Restaurant']",4.6,998,$$,"[['Friday', '11AM–12AM'], ['Saturday', '11AM–12AM'], ['Sunday', 'Closed'], ['Monday', '11AM–12AM'], ['Tuesday', '11AM–12AM'], ['Wednesday', '11AM–12AM'], ['Thursday', '11AM–12AM']]"
0x86d673bfdd853b0d:0x9bd8f60ade238721,Sarku Japan,"Sarku Japan, 4500 N. Oracle Road Space #FC-02, Tucson, AZ 85705",32.2885001,-110.9741348,"['Japanese restaurant', 'Fast food restaurant', 'Restaurant', 'Sushi restaurant', 'Teppanyaki restaurant']",4.3,128,$,"[['Friday', '11AM–8PM'], ['Saturday', '11AM–8PM'], ['Sunday', '11AM–6PM'], ['Monday', '11AM–7PM'], ['Tuesday', '11AM–7PM'], ['Wednesday', '11AM–7PM'], ['Thursday', '11AM–7PM']]"
0x872b0b1e9a288da9:0x8eaa3a5626cfe11b,Roka Akor - Scottsdale,"Roka Akor - Scottsdale, 7299 N Scottsdale Rd, Scottsdale, AZ 85253",33.542742499999996,-111.9250891,['Japanese restaurant'],4.6,698,$$$,"[['Friday', '4:30–10PM'], ['Saturday', '4:30–10PM'], ['Sunday', '4:30–9PM'], ['Monday', 'Closed'], ['Tuesday', '4:30–9PM'], ['Wednesday', '4:30–9PM'], ['Thursday', '4:30–9PM']]"
0x872ba914ea525e43:0x809dec752f78b424,Sushiya,"Sushiya, 2531 S Gilbert Rd Suite # 109, Gilbert, AZ 85295",33.304062,-111.788899,['Japanese restaurant'],4.6,326,$$,"[['Friday', '11AM–2PM'], ['Saturday', '12–9:30PM'], ['Sunday', '12–8:30PM'], ['Monday', '4:30–8:30PM'], ['Tuesday', '4:30–8:30PM'], ['Wednesday', '11AM–2PM'], ['Thursday', '11AM–2PM']]"
0x872d8f43e5b461c5:0x962411acc97cda56,Karma Sushi Bar & Grill,"Karma Sushi Bar & Grill, 6 E Rte 66, Flagstaff, AZ 86001",35.1976465,-111.64878709999999,"['Sushi restaurant', 'American restaurant', 'Asian restaurant', 'Bar & grill', 'Hamburger restaurant', 'Japanese restaurant', 'Restaurant']",4.5,1481,$$,"[['Friday', '11AM–11PM'], ['Saturday', '11AM–11PM'], ['Sunday', '11AM–10PM'], ['Monday', '11AM–10PM'], ['Tuesday', '11AM–10PM'], ['Wednesday', '11AM–10PM'], ['Thursday', '11AM–11PM']]"
0x80cddc10adcb0231:0xbf3f0bfcf12c57c4,Sakura's Sushi and Grill,"Arizona, Kingman, Stockton Hill Rd, Sakura's Sushi and Grill邮政编码: 86409",35.2256711,-114.03697489999999,"['Japanese restaurant', 'Restaurant']",4.1,618,$$,"[['Friday', '11AM–8:30PM'], ['Saturday', '11AM–8:30PM'], ['Sunday', 'Closed'], ['Monday', '11AM–8:30PM'], ['Tuesday', '11AM–8:30PM'], ['Wednesday', '11AM–8:30PM'], ['Thursday', '11AM–8:30PM']]"
0x80ce415c34c5d82f:0x393a13aeb27e950e,Samurai Japanese Steakhouse,"Samurai Japanese Steakhouse, 6004, 2019 AZ-95, Bullhead City, AZ 86442",35.1143505,-114.5985529,"['Japanese steakhouse', 'Restaurant']",4.5,786,$$,"[['Thursday', '11:30AM–10PM'], ['Friday', '11:30AM–10PM'], ['Saturday', '11:30AM–10PM'], ['Sunday', '11:30AM–10PM'], ['Monday', '11:30AM–10PM'], ['Tuesday', '11:30AM–10PM'], ['Wednesday', '11:30AM–10PM']]"
0x86d66e71c2771849:0xb7c2993d6da7a61b,Sushi Zona,"Sushi Zona, 5655 E River Rd #151, Tucson, AZ 85750",32.273818,-110.87303899999999,"['Sushi restaurant', 'Asian restaurant', 'Japanese restaurant', 'Ramen restaurant', 'Restaurant']",4.5,204,$$,"[['Thursday', '11AM–2:30PM'], ['Friday', '11AM–2:30PM'], ['Saturday', '11:30AM–2:30PM'], ['Sunday', 'Closed'], ['Monday', '5–8:30PM'], ['Tuesday', '11AM–2:30PM'], ['Wednesday', '11AM–2:30PM']]"
0x86d674b3e86690b1:0x14e7fa374d90be30,Sushi Garden - La Cholla,"Sushi Garden - La Cholla, 7395 N La Cholla Blvd STE 312, Tucson, AZ 85741",32.3408999,-111.0156509,"['Sushi restaurant', 'Asian restaurant', 'Bar', 'Japanese restaurant', 'Restaurant']",3.9,544,$$,"[['Thursday', '11AM–8PM'], ['Friday', '11AM–9PM'], ['Saturday', '12–9PM'], ['Sunday', '12–8PM'], ['Monday', '11AM–8PM'], ['Tuesday', '11AM–8PM'], ['Wednesday', '11AM–8PM']]"
0x872b75c7e9c92a7b:0xbd5e16746e8601ad,"Hot Noodles, Cold Sake","Hot Noodles, Cold Sake, 15689 N Hayden Rd #127, Scottsdale, AZ 85260",33.6280771,-111.89165609999999,"['Ramen restaurant', 'Japanese restaurant']",4.5,195,$$,"[['Thursday', '11AM–8PM'], ['Friday', '11AM–8PM'], ['Saturday', '11AM–8PM'], ['Sunday', 'Closed'], ['Monday', 'Closed'], ['Tuesday', '11AM–8PM'], ['Wednesday', '11AM–8PM']]"
0x86d67497ef4f0837:0xd74679a76b1e659c,Ikkyu,"Ikkyu, 2040 W Orange Grove Rd # 180, Tucson, AZ 85704",32.3246178,-111.0109432,"['Japanese restaurant', 'Restaurant']",4.6,705,$,"[['Thursday', '11AM–8PM'], ['Friday', '11AM–8PM'], ['Saturday', '11AM–8PM'], ['Sunday', 'Closed'], ['Monday', '11AM–8PM'], ['Tuesday', '11AM–8PM'], ['Wednesday', '11AM–8PM']]"
0x86d729aad51b1583:0x82797a02c8b16e48,Tanuki Sushi Bar & Garden,"Tanuki Sushi Bar & Garden, 1221 E Fry Blvd, Sierra Vista, AZ 85635",31.555054,-110.28586299999999,"['Japanese restaurant', 'Restaurant']",4.6,388,$$,"[['Wednesday', '4–8PM'], ['Thursday', '4–8PM'], ['Friday', '4–8PM'], ['Saturday', '8AM–8PM'], ['Sunday', 'Closed'], ['Monday', '4–8PM'], ['Tuesday', '4–8PM']]"
0x872b5da5e9174d2b:0x270cc83aac994fc,Squid Ink Sushi Bar - Peoria,"Squid Ink Sushi Bar - Peoria, 9947 W Happy Valley Pkwy #109, Peoria, AZ 85383",33.7105667,-112.2732444,"['Sushi restaurant', 'Asian restaurant', 'Bar', 'Cocktail bar', 'Japanese restaurant']",4.2,545,$$,"[['Wednesday', '11AM–9PM'], ['Thursday', '11AM–9PM'], ['Friday', '11AM–11PM'], ['Saturday', '11AM–11PM'], ['Sunday', '11AM–9PM'], ['Monday', '11AM–9PM'], ['Tuesday', '11AM–9PM']]"
0x872b6820391f2b33:0x72d6ea1b4dd94c5a,Yellowtail Sushi and Steak,"Yellowtail Sushi and Steak, 18255 N 83rd Ave b113, Glendale, AZ 85308",33.6464397,-112.23637319999999,"['Sushi restaurant', 'Asian restaurant', 'Bar', 'Japanese restaurant', 'Japanese steakhouse']",4.5,374,$$,"[['Wednesday', '4:30–11PM'], ['Thursday', '4:30–11PM'], ['Friday', '4:30PM–12AM'], ['Saturday', '4:30PM–12AM'], ['Sunday', '4:30–9PM'], ['Monday', 'Closed'], ['Tuesday', '4:30–11PM']]"
0x872b6bbc43144029:0x3c94cf3509650d03,Japan Express,"Japan Express, 5162 W Olive Ave, Glendale, AZ 85302",33.567859299999995,-112.17087719999999,['Japanese restaurant'],4.4,398,$,"[['Wednesday', '11AM–9PM'], ['Thursday', '11AM–9PM'], ['Friday', '11AM–9PM'], ['Saturday', '11AM–9PM'], ['Sunday', '11AM–9PM'], ['Monday', '11AM–9PM'], ['Tuesday', '11AM–9PM']]"
0x872b6cf1da146bcd:0x88702108460f280b,Akaihana,"Akaihana, 8041 N Black Canyon Hwy #112, Phoenix, AZ 85021",33.5544667,-112.110969,"['Japanese restaurant', 'Asian restaurant', 'Restaurant', 'Sushi restaurant']",4.7,1695,$$,"[['Wednesday', '11AM–2PM'], ['Thursday', '11AM–2PM'], ['Friday', '11AM–2PM'], ['Saturday', '11AM–2PM'], ['Sunday', '11AM–2PM'], ['Monday', '11AM–2PM'], ['Tuesday', '11AM–2PM']]"
0x872b0bbdc0fe0157:0xac7631d1b0dbed47,Geisha A Go Go,"Geisha A Go Go, 7150 E 6th Ave, Scottsdale, AZ 85251",33.4989734,-111.9266323,"['Restaurant', 'Bar', 'Cocktail bar', 'Japanese restaurant', 'Sushi restaurant']",4.2,718,$$,"[['Wednesday', '3–10PM'], ['Thursday', '3–10PM'], ['Friday', '3–11PM'], ['Saturday', '3–11PM'], ['Sunday', '3–11PM'], ['Monday', '3–10PM'], ['Tuesday', '3–10PM']]"
0x872b730c81959e21:0xe0c6727ed384250d,Iron Chef,"Iron Chef, 10810 N Tatum Blvd Suite 106, Phoenix, AZ 85028",33.5850189,-111.9784578,"['Asian restaurant', 'Chinese restaurant', 'Japanese restaurant', 'Sushi restaurant']",4.5,618,$,"[['Wednesday', '11AM–9:30PM'], ['Thursday', '11AM–9:30PM'], ['Friday', '11AM–9:30PM'], ['Saturday', '11AM–9:30PM'], ['Sunday', '11AM–9:30PM'], ['Monday', '11AM–9:30PM'], ['Tuesday', '11AM–9:30PM']]"
0x80d6f5f1ca009351:0x21fc14a4b193bbe6,Ninja Sushi,"Ninja Sushi, 1400 E 16th St, Yuma, AZ 85365",32.698949999999996,-114.606273,"['Sushi restaurant', 'Asian restaurant', 'Japanese restaurant', 'Seafood restaurant']",4.4,597,$$,"[['Wednesday', '11AM–9PM'], ['Thursday', '11AM–9PM'], ['Friday', '11AM–10PM'], ['Saturday', '11AM–10PM'], ['Sunday', '12–9PM'], ['Monday', '11AM–9PM'], ['Tuesday', '11AM–9PM']]"
0x872b085550d0c2e7:0xdbd1efe84935d289,Yogis Grill,"Yogis Grill, 2000 E Rio Salado Pkwy #1146, Tempe, AZ 85281",33.434319099999996,-111.9020736,"['Japanese restaurant', 'Restaurant']",4.2,512,$,"[['Monday', '10:30AM–9PM'], ['Tuesday', '10:30AM–9PM'], ['Wednesday', '10:30AM–9PM'], ['Thursday', '10:30AM–9PM'], ['Friday', '10:30AM–9PM'], ['Saturday', '11AM–9PM'], ['Sunday', '11AM–9PM']]"
0x872b7533fd6f8fdb:0x76368af25adcd44,Akita Sushi,"Akita Sushi, 9011 E Vía Linda, Scottsdale, AZ 85258",33.5688495,-111.8868782,"['Sushi restaurant', 'Asian restaurant', 'Health food restaurant', 'Japanese restaurant', 'Restaurant', 'Sushi takeaway']",4.4,1358,$$,"[['Monday', '11AM–9PM'], ['Tuesday', '11AM–9PM'], ['Wednesday', '11AM–9PM'], ['Thursday', '11AM–9PM'], ['Friday', '11AM–10PM'], ['Saturday', '11AM–10PM'], ['Sunday', '12–9PM']]"
0x86d5e02092d7eedb:0x5b2c9b55f1acb772,Sushi Cortaro,"Sushi Cortaro, 8225 N Courtney Page Way #141, Tucson, AZ 85743",32.3565933,-111.0952739,"['Sushi restaurant', 'Japanese restaurant']",4.6,788,$$,"[['Monday', '11AM–3PM'], ['Tuesday', 'Closed'], ['Wednesday', '11AM–3PM'], ['Thursday', '11AM–3PM'], ['Friday', '11AM–3PM'], ['Saturday', '11AM–3PM'], ['Sunday', '12–3PM']]"
0x872b67af520af2f5:0xde5621674e3994a,Kawaii Sushi and Asian Cuisine - Glendale,"Kawaii Sushi and Asian Cuisine - Glendale, 6530 W Happy Valley Rd Suite 112, Glendale, AZ 85310",33.713600899999996,-112.200566,"['Restaurant', 'Asian restaurant', 'Bar', 'Chinese restaurant', 'Japanese restaurant', 'Sushi restaurant', 'Wine bar']",4.5,528,$$,"[['Sunday', '12–9PM'], ['Monday', '11AM–9PM'], ['Tuesday', '11AM–9PM'], ['Wednesday', '11AM–9PM'], ['Thursday', '11AM–9PM'], ['Friday', '11AM–10PM'], ['Saturday', '12–10PM']]"
0x872b08e721653a01:0xbef0c87ea5814be5,Sushi 101,"Sushi 101, 920 E University Dr D-101, Tempe, AZ 85281",33.4223912,-111.9257592,"['Japanese restaurant', 'Grill', 'Asian restaurant', 'Bar', 'Bar & grill', 'Sushi restaurant', 'Vegan restaurant', 'Vegetarian restaurant']",4.2,526,$$,"[['Sunday', '12–10PM'], ['Monday', '11AM–10PM'], ['Tuesday', '11AM–10PM'], ['Wednesday', '11AM–10PM'], ['Thursday', '11AM–10PM'], ['Friday', '11AM–11PM'], ['Saturday', '12–11PM']]"
0x872ba91741846e77:0x565d1de206afdb9a,Sushi Brokers,"Sushi Brokers, 350 N Gilbert Rd #101, Gilbert, AZ 85234",33.3562578,-111.7910242,"['Restaurant', 'Asian fusion restaurant', 'Asian restaurant', 'Bar', 'Japanese restaurant', 'Sushi restaurant']",4.2,858,$$,"[['Sunday', '11AM–11PM'], ['Monday', '11AM–11PM'], ['Tuesday', '11AM–11PM'], ['Wednesday', '11AM–11PM'], ['Thursday', '11AM–11PM'], ['Friday', '11AM–1AM'], ['Saturday', '11AM–1AM']]"
0x872b076044ad44c1:0x59c5779cdebb8148,Tokyo House,"Tokyo House, 2050 N Alma School Rd # 5, Chandler, AZ 85224",33.3366457,-111.8595237,['Japanese restaurant'],4.1,377,$,"[['Sunday', 'Closed'], ['Monday', '10:30AM–9:30PM'], ['Tuesday', '10:30AM–9:30PM'], ['Wednesday', '10:30AM–9:30PM'], ['Thursday', '10:30AM–9:30PM'], ['Friday', '10:30AM–9:30PM'], ['Saturday', '11:30AM–9:30PM']]"
0x872bac64afe99527:0xd4f5653733f915a,Teriyaki Madness,"Teriyaki Madness, 3131 S Market St Ste 108, Gilbert, AZ 85295",33.2965503,-111.7486569,"['Asian fusion restaurant', 'Caterer', 'Fast food restaurant', 'Gluten-free restaurant', 'Japanese restaurant', 'Restaurant']",4.1,508,$,"[['Sunday', '11AM–9PM'], ['Monday', '11AM–9PM'], ['Tuesday', '11AM–9PM'], ['Wednesday', '11AM–9PM'], ['Thursday', '11AM–9PM'], ['Friday', '11AM–9PM'], ['Saturday', '11AM–9PM']]"
0x872b12f300ba10fd:0x7d5f7e58e6d35569,Yoshi's Restaurant,"Yoshi's Restaurant, 4050 N Central Ave, Phoenix, AZ 85012",33.4940588,-112.07410279999999,"['Japanese restaurant', 'Fast food restaurant', 'Restaurant']",4.3,658,$,"[['Sunday', '11AM–8PM'], ['Monday', '10:30AM–9PM'], ['Tuesday', '10:30AM–9PM'], ['Wednesday', '10:30AM–9PM'], ['Thursday', '10:30AM–9PM'], ['Friday', '10:30AM–9PM'], ['Saturday', '11AM–8PM']]"
0x872b0d65d47175cf:0x798a5b30a835e243,Tokyo Joe's - Town & Country,"Tokyo Joe's - Town & Country, 2131 E Camelback Rd, Phoenix, AZ 85016",33.5083942,-112.03564539999999,"['Restaurant', 'Asian fusion restaurant', 'Fast food restaurant', 'Japanese restaurant', 'Sushi restaurant']",4.2,238,,"[['Saturday', '10:45AM–9:05PM'], ['Sunday', '10:45AM–9:05PM'], ['Monday', '10:45AM–9:05PM'], ['Tuesday', '10:45AM–9:05PM'], ['Wednesday', '10:45AM–9:05PM'], ['Thursday', '10:45AM–9:05PM'], ['Friday', '10:45AM–9:05PM']]"
0x872b0683ec24b287:0x16c8a6a9ae062396,Hachi Ramen,"Hachi Ramen, 655 W Warner Rd STE 114, Tempe, AZ 85284",33.3329318,-111.94776499999999,"['Ramen restaurant', 'Japanese restaurant']",4.5,698,,"[['Saturday', '11AM–8:30PM'], ['Sunday', '11AM–3:30PM'], ['Monday', '11AM–8:30PM'], ['Tuesday', '11AM–8:30PM'], ['Wednesday', '11AM–8:30PM'], ['Thursday', '11AM–8:30PM'], ['Friday', '11AM–8:30PM']]"
0x872bac76a9035485:0xf63c83a84c4b9e3,Ryu Sushi & Teppanyaki,"Ryu Sushi & Teppanyaki, 2512 S Val Vista Dr #101, Gilbert, AZ 85295",33.3048729,-111.75599749999999,"['Japanese restaurant', 'Event venue', 'Lunch restaurant', 'Sports bar', 'Sushi restaurant', 'Teppanyaki restaurant']",4.5,577,$$,"[['Saturday', '11AM–2:30PM'], ['Sunday', '3–9PM'], ['Monday', '11AM–2:30PM'], ['Tuesday', '11AM–2:30PM'], ['Wednesday', '11AM–2:30PM'], ['Thursday', '11AM–2:30PM'], ['Friday', '11AM–2:30PM']]"
0x872b0f29da534779:0x8df0d0e9c8bd6d2d,Tokyo Stop,"Tokyo Stop, 1335 W University Dr #6, Tempe, AZ 85281",33.4212413,-111.9602302,['Japanese restaurant'],4.6,298,$,"[['Saturday', 'Closed'], ['Sunday', 'Closed'], ['Monday', '9AM–6PM'], ['Tuesday', '9AM–6PM'], ['Wednesday', '9AM–6PM'], ['Thursday', '9AM–6PM'], ['Friday', '9AM–6PM']]"
0x872ba8950b88165b:0x4fce9075ba042a5d,Yoko Fast Food,"Yoko Fast Food, 1235 S Gilbert Rd #1, Mesa, AZ 85204",33.3931172,-111.7866262,"['Japanese restaurant', 'Restaurant']",4.7,497,$,"[['Saturday', '11AM–9:30PM'], ['Sunday', 'Closed'], ['Monday', '11AM–9:30PM'], ['Tuesday', '11AM–9:30PM'], ['Wednesday', '11AM–9:30PM'], ['Thursday', '11AM–9:30PM'], ['Friday', '11AM–9:30PM']]"
0x872b07bc52312b59:0x822bfa270e2b36e0,Bonchon Tempe,"Bonchon Tempe, 780 W Elliot Rd Suite 101, Tempe, AZ 85284",33.3496667,-111.9499386,"['Asian fusion restaurant', 'Asian restaurant', 'Chicken restaurant', 'Chicken wings restaurant', 'Fried chicken takeaway', 'Japanese restaurant', 'Korean restaurant', 'Pan-Asian restaurant']",4.5,548,$$,"[['Saturday', '11AM–10PM'], ['Sunday', '12–9PM'], ['Monday', '11AM–9PM'], ['Tuesday', 'Closed'], ['Wednesday', '11AM–9PM'], ['Thursday', '11AM–9PM'], ['Friday', '11AM–10PM']]"
0x872baeb446e9e615:0xd1e18af190630798,Yogis Grill,"Yogis Grill, 70 S Val Vista Dr, Gilbert, AZ 85296",33.3495239,-111.7573007,"['Japanese restaurant', 'Restaurant']",4.1,228,$,"[['Saturday', '10:30AM–9PM'], ['Sunday', 'Closed'], ['Monday', '10:30AM–9PM'], ['Tuesday', '10:30AM–9PM'], ['Wednesday', '10:30AM–9PM'], ['Thursday', '10:30AM–9PM'], ['Friday', '10:30AM–9PM']]"
0x872b682a08a14155:0xeb4ade7a2fa106a7,Yogis Grill,"Yogis Grill, 4771, 16055 N Arrowhead Fountains Center Dr B, Peoria, AZ 85382",33.6305116,-112.23824889999999,"['Japanese restaurant', 'Grill', 'Fast food restaurant']",4.1,148,$,"[['Saturday', '3–7PM'], ['Sunday', 'Closed'], ['Monday', '11AM–7PM'], ['Tuesday', '11AM–7PM'], ['Wednesday', '11AM–7PM'], ['Thursday', '11AM–7PM'], ['Friday', '11AM–7PM']]"
0x872b68fdce9ef34b:0x99c89668c715098a,Tokyo Lobby,"Tokyo Lobby, 5795 W Bell Rd #1, Glendale, AZ 85308",33.6384142,-112.1838849,"['Sushi restaurant', 'Japanese restaurant']",4.6,594,$$,"[['Saturday', '11:30AM–9PM'], ['Sunday', '11:30AM–9PM'], ['Monday', '11:30AM–8:30PM'], ['Tuesday', '11:30AM–8:30PM'], ['Wednesday', '11:30AM–8:30PM'], ['Thursday', '11:30AM–8:30PM'], ['Friday', '11:30AM–9PM']]"
0x872b6596647d0b5d:0x2d0fb734a8036e0d,Bento Box,"Bento Box, 2501 W Happy Valley Rd, Phoenix, AZ 85085",33.7112933,-112.111346,"['Japanese restaurant', 'Sushi restaurant']",4.3,344,$$,"[['Saturday', '12–3PM'], ['Sunday', '12–3PM'], ['Monday', '11AM–3PM'], ['Tuesday', '11AM–3PM'], ['Wednesday', '11AM–3PM'], ['Thursday', '11AM–3PM'], ['Friday', '11AM–3PM']]"
0x872b09e9399fc447:0x7a827cc91b5fb2c7,Junn All You Can Eat Sushi,"Junn All You Can Eat Sushi, 1320 E Broadway Rd STE 101, Tempe, AZ 85282",33.4083138,-111.9172346,"['Sushi restaurant', 'Japanese restaurant', 'Ramen restaurant', 'Seafood restaurant', 'Sushi takeaway']",4.4,718,$$,"[['Saturday', '11AM–10PM'], ['Sunday', '11AM–10PM'], ['Monday', '11AM–10PM'], ['Tuesday', '11AM–10PM'], ['Wednesday', '11AM–10PM'], ['Thursday', '11AM–10PM'], ['Friday', '11AM–10PM']]"
0x872a6708c0e22691:0x741d637204bcef5f,Lucky Sushi & Chinese Restaurant,"Lucky Sushi & Chinese Restaurant, 1350 E Florence Blvd B, Casa Grande, AZ 85122",32.880732699999996,-111.72842809999999,"['Chinese restaurant', 'Japanese restaurant', 'Sushi restaurant']",4.3,593,$$,"[['Saturday', '11:30AM–9:30PM'], ['Sunday', 'Closed'], ['Monday', '11AM–9:30PM'], ['Tuesday', '11AM–9:30PM'], ['Wednesday', '11AM–9:30PM'], ['Thursday', '11AM–9:30PM'], ['Friday', '11AM–10PM']]"
0x86d66f7765142d0f:0x87e056075b2c8a27,Kiwami Ramen,"Kiwami Ramen, 4610 E Speedway Blvd, Tucson, AZ 85712",32.2358757,-110.89461809999999,['Japanese restaurant'],4.5,224,,"[['Friday', '11AM–9:30PM'], ['Saturday', '11AM–9:30PM'], ['Sunday', '11AM–9PM'], ['Monday', '11AM–6:30PM'], ['Tuesday', '11AM–9PM'], ['Wednesday', '11AM–9PM'], ['Thursday', '11AM–9PM']]"
0x872baf6714428929:0x8ea7132f62e01fb4,Tao Yuan Chinese Food,"Tao Yuan Chinese Food, 4419 E Main St Ste 117, Mesa, AZ 85205",33.4142216,-111.73599929999999,"['Chinese restaurant', 'Asian restaurant', 'Buffet restaurant', 'Japanese restaurant', 'Delivery Restaurant', 'Restaurant']",4.4,306,$,"[['Friday', '11AM–9:30PM'], ['Saturday', '11AM–9:30PM'], ['Sunday', '11AM–9PM'], ['Monday', '11AM–9PM'], ['Tuesday', 'Closed'], ['Wednesday', '11AM–9PM'], ['Thursday', '11AM–9PM']]"
0x872b077defcd512b:0x1d8bd980a85db55e,Masa Sushi & Izakaya - Chandler,"Masa Sushi & Izakaya - Chandler, 941 W Elliot Rd UNIT 13, Chandler, AZ 85225",33.3490202,-111.85650469999999,"['Asian restaurant', 'Izakaya restaurant', 'Japanese restaurant', 'Sushi restaurant']",4.6,308,$$,"[['Friday', '4–10:30PM'], ['Saturday', '4–10:30PM'], ['Sunday', 'Closed'], ['Monday', '4–8:30PM'], ['Tuesday', '4–8:30PM'], ['Wednesday', '4–8:30PM'], ['Thursday', '4–10:30PM']]"
0x872b0b1f63aefec9:0x1ba6d397b1038f40,Sakana Restaurant,"Sakana Restaurant, 6989 N Hayden Rd, Scottsdale, AZ 85250",33.5379496,-111.9060327,['Japanese restaurant'],4.6,465,$$,"[['Friday', '12–2PM'], ['Saturday', '5–9PM'], ['Sunday', '5–8:30PM'], ['Monday', '5–8:30PM'], ['Tuesday', '5–8:30PM'], ['Wednesday', '5–8:30PM'], ['Thursday', '12–2PM']]"
0x872b427640e0999b:0x49f7f863a8e6d1fc,Kabuki Sushi & Grill,"Kabuki Sushi & Grill, 8378 W Thunderbird Rd #107, Peoria, AZ 85381",33.611443699999995,-112.23913379999999,['Japanese restaurant'],4.6,408,$$,"[['Friday', '11AM–10PM'], ['Saturday', '11AM–10PM'], ['Sunday', '11AM–9PM'], ['Monday', '11AM–9PM'], ['Tuesday', '11AM–9PM'], ['Wednesday', '11AM–9PM'], ['Thursday', '11AM–9PM']]"
0x872b0aea3597e9e7:0x1c1dd42b7403cd8e,Pick N' Roll,"Pick N' Roll, 9120 East Talking Stick Way Suite # E-6, Scottsdale, AZ 85250",33.540546,-111.885339,"['Japanese restaurant', 'Asian restaurant', 'Fast food restaurant', 'Sushi restaurant']",4.7,158,$,"[['Thursday', '11AM–8PM'], ['Friday', '11AM–9PM'], ['Saturday', '11AM–9PM'], ['Sunday', 'Closed'], ['Monday', '11AM–8PM'], ['Tuesday', '11AM–8PM'], ['Wednesday', '11AM–8PM']]"
0x872d85ed14fb199f:0x33a884124aacbb3,Sakura Sushi &Teppanyaki Flagstaff,"Sakura Sushi &Teppanyaki Flagstaff, 1175 W Rte 66, Flagstaff, AZ 86001",35.188261,-111.666524,"['Japanese restaurant', 'Asian restaurant']",4.1,183,$$,"[['Thursday', '4–10PM'], ['Friday', '4–10PM'], ['Saturday', '4–10PM'], ['Sunday', '4–10PM'], ['Monday', '4–10PM'], ['Tuesday', '4–10PM'], ['Wednesday', '4–10PM']]"
0x872b1541ef4adaf7:0x95828543e4944ad5,Hibachi Grill,"Hibachi Grill, 2929 N 75th Ave, Phoenix, AZ 85033",33.4815197,-112.2190215,"['Japanese restaurant', 'Asian restaurant', 'Bar', 'Bar & grill', 'Buffet restaurant', 'Chinese restaurant']",4.0,1073,$$,"[['Thursday', '11AM–8PM'], ['Friday', '11AM–8PM'], ['Saturday', '11AM–8PM'], ['Sunday', '11AM–8PM'], ['Monday', '11AM–8PM'], ['Tuesday', 'Closed'], ['Wednesday', '11AM–8PM']]"
0x872b6c6cc22a7b5f:0x4e72abb06c506855,Yogis Grill,"Yogis Grill, 3121 W Peoria Ave #105, Phoenix, AZ 85029",33.5813756,-112.12650769999999,['Japanese restaurant'],3.9,316,$,"[['Thursday', '10:30AM–9PM'], ['Friday', '10:30AM–9PM'], ['Saturday', '10:30AM–9PM'], ['Sunday', '10:30AM–8PM'], ['Monday', '10:30AM–9PM'], ['Tuesday', '10:30AM–9PM'], ['Wednesday', '10:30AM–9PM']]"
0x86d6736cb1b9abef:0x9f3b463603b70ed1,Kampai Sushi,"Kampai Sushi, 6462 N Oracle Rd, Tucson, AZ 85704",32.3242562,-110.97403639999999,"['Sushi restaurant', 'Asian restaurant', 'Japanese restaurant', 'Restaurant']",4.6,118,,"[['Wednesday', '11:30AM–2PM'], ['Thursday', '11:30AM–2PM'], ['Friday', '11:30AM–2PM'], ['Saturday', '4–8PM'], ['Sunday', 'Closed'], ['Monday', 'Closed'], ['Tuesday', '11:30AM–2PM']]"
0x86d673982c96ed67:0xa3b0b7d649a13774,Shogun Japanese Restaurant,"Shogun Japanese Restaurant, 5036 N Oracle Rd, Tucson, AZ 85704",32.2982712,-110.9773331,['Japanese restaurant'],4.4,718,$$,"[['Wednesday', '11:30AM–2:30PM'], ['Thursday', '11:30AM–2:30PM'], ['Friday', '11:30AM–2:30PM'], ['Saturday', '12–9PM'], ['Sunday', '12–9PM'], ['Monday', '11:30AM–2:30PM'], ['Tuesday', '11:30AM–2:30PM']]"
0x872d28a5b6081fe3:0xff7e34d12a4ac935,Fujiyama Japanese Restaurant & Sushi Bar,"Fujiyama Japanese Restaurant & Sushi Bar, 1781 AZ-69 UNIT 15, Prescott, AZ 86301",34.5482606,-112.43887389999999,"['Japanese restaurant', 'Sushi restaurant']",4.5,417,$$,"[['Wednesday', '11AM–2PM'], ['Thursday', '11AM–2PM'], ['Friday', '11AM–2PM'], ['Saturday', '11:30AM–2PM'], ['Sunday', '11:30AM–2PM'], ['Monday', 'Closed'], ['Tuesday', '11AM–2PM']]"
0x872b09b06040fbc9:0xd8de5207ef9f599a,Azusa Ramen,"Azusa Ramen, 3128 S Mill Ave, Tempe, AZ 85282",33.3948781,-111.9407772,"['Restaurant', 'Japanese restaurant']",4.6,148,,"[['Tuesday', '11AM–8PM'], ['Wednesday', '11AM–8PM'], ['Thursday', '11AM–8PM'], ['Friday', '11AM–8PM'], ['Saturday', '11AM–8PM'], ['Sunday', '11AM–8PM'], ['Monday', '11AM–8PM']]"
0x872b01912eceb9f7:0x6735280bd4003d68,Sizzle Mongolian Grill,"Sizzle Mongolian Grill, 1050 W Chandler Blvd SUITE #3, Chandler, AZ 85224",33.3065389,-111.86025869999999,"['Mongolian barbecue restaurant', 'Asian restaurant', 'Chinese restaurant', 'Japanese restaurant']",4.5,125,,"[['Tuesday', '11AM–9PM'], ['Wednesday', '11AM–9PM'], ['Thursday', '11AM–9PM'], ['Friday', '11AM–9:30PM'], ['Saturday', '11AM–9:30PM'], ['Sunday', '11AM–9:30PM'], ['Monday', '11AM–9PM']]"
0x872b06a8c568762f:0x64b2ae6d1550080d,Yogis Grill,"Yogis Grill, 3419, 6050 W Chandler Blvd #3, Chandler, AZ 85226",33.305852,-111.94636299999999,"['Japanese restaurant', 'Asian restaurant', 'Restaurant']",4.1,278,$,"[['Tuesday', '10:30AM–9PM'], ['Wednesday', '10:30AM–9PM'], ['Thursday', '10:30AM–9PM'], ['Friday', '10:30AM–9PM'], ['Saturday', '10:30AM–8PM'], ['Sunday', 'Closed'], ['Monday', '10:30AM–9PM']]"
0x872b3fa154e5de1d:0x558e4499de8f6621,Tokyo Joe's - Avondale,"Tokyo Joe's - Avondale, 10285 W McDowell Rd A100, Avondale, AZ 85392",33.4641926,-112.28078389999999,['Japanese restaurant'],4.2,598,,"[['Tuesday', '10:45AM–9:05PM'], ['Wednesday', '10:45AM–9:05PM'], ['Thursday', '10:45AM–9:05PM'], ['Friday', '10:45AM–9:05PM'], ['Saturday', '10:45AM–9:05PM'], ['Sunday', '10:45AM–9:05PM'], ['Monday', '10:45AM–9:05PM']]"
0x872b456cc8833bfd:0x87c12431c6c05231,Ugly Tuna Sushi,"Ugly Tuna Sushi, 15459 W Bell Rd #113, Surprise, AZ 85374",33.637207,-112.3927925,"['Sushi restaurant', 'Japanese restaurant', 'Restaurant', 'Seafood restaurant']",4.7,298,,"[['Monday', '11AM–2:30PM'], ['Tuesday', '11AM–2:30PM'], ['Wednesday', '11AM–2:30PM'], ['Thursday', '11AM–2:30PM'], ['Friday', '11AM–2:30PM'], ['Saturday', '11AM–2:30PM'], ['Sunday', '11AM–2:30PM']]"
0x872b5da59118be8b:0xdcb109a60507ec3a,Sushi Doraku,"Sushi Doraku, 9940 W Happy Valley Pkwy #1060, Peoria, AZ 85383",33.7115035,-112.2732276,"['Sushi restaurant', 'Japanese restaurant']",4.5,265,$$,"[['Monday', 'Closed'], ['Tuesday', '11:30AM–8:30PM'], ['Wednesday', '11:30AM–8:30PM'], ['Thursday', '11:30AM–8:30PM'], ['Friday', '11:30AM–9PM'], ['Saturday', '11:30AM–9PM'], ['Sunday', '12–8PM']]"
0x872ba5247457e641:0xeadf4e3edd99d78,Got Sushi?,"Got Sushi?, 6744 E McDowell Rd #102, Mesa, AZ 85215",33.466944399999996,-111.68444439999999,"['Sushi restaurant', 'Asian fusion restaurant', 'Asian restaurant', 'Chinese restaurant', 'Japanese restaurant', 'Korean restaurant']",4.5,538,$$,"[['Monday', '11AM–9PM'], ['Tuesday', '11AM–9PM'], ['Wednesday', '11AM–9PM'], ['Thursday', '11AM–9PM'], ['Friday', '11AM–10PM'], ['Saturday', '11AM–10PM'], ['Sunday', '12–9PM']]"
0x872b759f959fca11:0x9719dfb4473bcafc,Ramen Hood,"Ramen Hood, 15807 N Frank Lloyd Wright Blvd #105, Scottsdale, AZ 85260",33.630262,-111.888037,"['Ramen restaurant', 'Japanese restaurant', 'Noodle shop']",4.4,401,$$,"[['Monday', '11AM–9PM'], ['Tuesday', '11AM–9PM'], ['Wednesday', '11AM–9PM'], ['Thursday', '11AM–9PM'], ['Friday', '11AM–10PM'], ['Saturday', '11AM–10PM'], ['Sunday', '11AM–9PM']]"
0x872b395b67f6683b:0xd0304b3862454842,Yogis Grill,"Yogis Grill, 211 N Estrella Pkwy #102, Goodyear, AZ 85338",33.448729799999995,-112.391925,['Japanese restaurant'],2.7,58,$,"[['Sunday', 'Closed'], ['Monday', '10:30AM–9PM'], ['Tuesday', '10:30AM–9PM'], ['Wednesday', '10:30AM–9PM'], ['Thursday', '10:30AM–9PM'], ['Friday', '10:30AM–9PM'], ['Saturday', '10:30AM–9PM']]"
0x872bab0bab84b99d:0xd3c1edbff77ea548,Osaka Japanese Steakhouse,"Osaka Japanese Steakhouse, 3843 S Gilbert Rd, Gilbert, AZ 85297",33.280249,-111.7886034,"['Japanese restaurant', 'Bar & grill', 'Seafood restaurant', 'Sushi restaurant', 'Teppanyaki restaurant']",4.6,1265,$$,"[['Sunday', '11AM–10PM'], ['Monday', '11AM–10PM'], ['Tuesday', '11AM–10PM'], ['Wednesday', '11AM–10PM'], ['Thursday', '11AM–10PM'], ['Friday', '11AM–11PM'], ['Saturday', '11AM–11PM']]"
0x872b15182c549aa9:0x21690af314200979,Uni Sushi,"Uni Sushi, 17191 N Litchfield Rd, Surprise, AZ 85374",33.6405218,-112.3578132,"['Sushi restaurant', 'Authentic Japanese restaurant', 'Japanese steakhouse', 'Restaurant', 'Seafood restaurant']",4.4,1135,$$,"[['Sunday', '11AM–10PM'], ['Monday', '11AM–10PM'], ['Tuesday', '11AM–10PM'], ['Wednesday', '11AM–10PM'], ['Thursday', '11AM–10PM'], ['Friday', '11AM–10PM'], ['Saturday', '11AM–10PM']]"
0x872d8f0916bd69cb:0x9b1aac2fc90eca8d,Go Sushi,"Go Sushi, 1411 S Milton Rd, Flagstaff, AZ 86001",35.1865336,-111.6620172,"['Japanese restaurant', 'Sushi restaurant']",4.5,148,,"[['Saturday', '11:30AM–9PM'], ['Sunday', '12–8PM'], ['Monday', '11:30AM–8PM'], ['Tuesday', '11:30AM–8PM'], ['Wednesday', '11:30AM–8PM'], ['Thursday', '11:30AM–8PM'], ['Friday', '11:30AM–9PM']]"
0x872b08ba857ca71d:0x20938ad03915e650,Kyoto Bowl,"Kyoto Bowl, 3101 S Mill Ave, Tempe, AZ 85282",33.394825,-111.939329,"['Japanese restaurant', 'Asian restaurant', 'Sushi restaurant']",3.9,248,$,"[['Saturday', '11AM–7PM'], ['Sunday', '11:30AM–6PM'], ['Monday', '11AM–7PM'], ['Tuesday', '11AM–7PM'], ['Wednesday', '11AM–7PM'], ['Thursday', '11AM–7PM'], ['Friday', '11AM–7PM']]"
0x872b68e24914d1ef:0xa7298f90c2c1bcc,LF Market Oriental & Seafood,"LF Market Oriental & Seafood, 5350 W Bell Rd, Glendale, AZ 85308",33.640218,-112.174539,"['Asian grocery store', 'African goods store', 'Fruit and vegetable store', 'Indian grocery store', 'Japanese grocery store', 'Korean grocery store', 'Oriental goods store', 'Seafood market', 'Spice store', 'Supermarket']",4.0,505,,"[['Saturday', '8AM–9PM'], ['Sunday', '8AM–9PM'], ['Monday', '9AM–9PM'], ['Tuesday', '8AM–9PM'], ['Wednesday', '9AM–9PM'], ['Thursday', '9AM–9PM'], ['Friday', '8AM–9PM']]"
0x872b6852355f95d7:0x2263503a7b3086eb,Fresh Wasabi Japanese Restaurant,"Fresh Wasabi Japanese Restaurant, 6645 W Bell Rd, Glendale, AZ 85308",33.6372213,-112.1998041,['Japanese restaurant'],4.6,67,,"[['Saturday', '11AM–10PM'], ['Sunday', 'Closed'], ['Monday', '11AM–9PM'], ['Tuesday', '11AM–9PM'], ['Wednesday', '11AM–9PM'], ['Thursday', '11AM–9PM'], ['Friday', '11AM–10PM']]"
0x872b74eb926cde2b:0x8ccb5d93de096ff4,Yogis Grill Scottsdale,"Yogis Grill Scottsdale, 10629 N Scottsdale Rd #105, Scottsdale, AZ 85254",33.5828157,-111.92423799999999,['Japanese restaurant'],4.0,178,$,"[['Saturday', '10:30AM–8PM'], ['Sunday', 'Closed'], ['Monday', '10:30AM–9PM'], ['Tuesday', '10:30AM–9PM'], ['Wednesday', '10:30AM–9PM'], ['Thursday', '10:30AM–9PM'], ['Friday', '10:30AM–9PM']]"
0x872b6831550ea855:0x78fa71c20c2a6a2e,Ah-So Sushi & Steak,"Ah-So Sushi & Steak, 16610 N 75th Ave, Peoria, AZ 85382",33.6347734,-112.2208366,"['Teppanyaki restaurant', 'Asian restaurant', 'Japanese restaurant', 'Sushi restaurant']",4.3,1024,$$,"[['Saturday', '12–11PM'], ['Sunday', '12–10PM'], ['Monday', '11:30AM–2:30PM'], ['Tuesday', '11:30AM–2:30PM'], ['Wednesday', '11:30AM–2:30PM'], ['Thursday', '11:30AM–2:30PM'], ['Friday', '11:30AM–11PM']]"
0x872b744197d0b385:0xdaec9817a0974e93,Kasai Scottsdale - Japanese Steakhouse,"Kasai Scottsdale - Japanese Steakhouse, 14344 N Scottsdale Rd, Scottsdale, AZ 85254",33.616503,-111.926299,"['Japanese restaurant', 'Bar', 'Family restaurant', 'Japanese steakhouse', 'Sushi restaurant', 'Teppanyaki restaurant']",4.5,878,$$$,"[['Saturday', '4–10PM'], ['Sunday', '4–9PM'], ['Monday', 'Closed'], ['Tuesday', '4–9PM'], ['Wednesday', '4–9PM'], ['Thursday', '4–9PM'], ['Friday', '4–10PM']]"
0x872b691035e29b3b:0x19386b88da3969c5,HARU sushi,"HARU sushi, 20165 N 67th Ave #125, Glendale, AZ 85308",33.6655511,-112.20172799999999,['Japanese restaurant'],4.8,286,$$,"[['Saturday', '11:30AM–9PM'], ['Sunday', 'Closed'], ['Monday', '11:30AM–9PM'], ['Tuesday', '11:30AM–9PM'], ['Wednesday', '11:30AM–9PM'], ['Thursday', '11:30AM–9PM'], ['Friday', '11:30AM–9PM']]"
0x872b0bec7b6f53cd:0x69dc3e2479f13436,Nobu Scottsdale,"Nobu Scottsdale, 7014 E Camelback Rd #1170, Scottsdale, AZ 85251",33.5040835,-111.9320278,"['Japanese restaurant', 'Bar']",4.5,88,,"[['Saturday', '5:30–10:15PM'], ['Sunday', '5:30–9:45PM'], ['Monday', '5:30–9:45PM'], ['Tuesday', '5:30–9:45PM'], ['Wednesday', '5:30–9:45PM'], ['Thursday', '5:30–9:45PM'], ['Friday', '5:30–10:15PM']]"
0x872b005e66137eb5:0x2163f8f982f64a8d,Rock Lobster,"Rock Lobster, 2475 W Queen Creek Rd, Chandler, AZ 85248",33.2611364,-111.8843911,"['Seafood restaurant', 'Asian fusion restaurant', 'Japanese steakhouse', 'Sushi restaurant']",4.3,724,$$,"[['Saturday', '11AM–10PM'], ['Sunday', '11AM–9PM'], ['Monday', '11AM–9PM'], ['Tuesday', '11AM–9PM'], ['Wednesday', '11AM–9PM'], ['Thursday', '11AM–9PM'], ['Friday', '11AM–10PM']]"
0x872b09001a4740bb:0x54515c0411d42739,Kabuki Japanese Restaurant,"Kabuki Japanese Restaurant, 2000 E Rio Salado Pkwy, Tempe, AZ 85281",33.4330172,-111.90520149999999,"['Japanese restaurant', 'Asian restaurant', 'Sushi restaurant']",4.4,1868,$$,"[['Friday', '11AM–10PM'], ['Saturday', '11AM–10PM'], ['Sunday', '11AM–9PM'], ['Monday', '11AM–9PM'], ['Tuesday', '11AM–9PM'], ['Wednesday', '11AM–9PM'], ['Thursday', '11AM–9PM']]"
0x872b05d780814b93:0x2943a4e519092d3c,Kobe Japanese Steak House,"Kobe Japanese Steak House, 1125 W Elliot Rd, Tempe, AZ 85284",33.3485639,-111.95503889999999,['Japanese restaurant'],4.2,798,$$,"[['Friday', '11:30AM–2:30PM'], ['Saturday', '11:30AM–2:30PM'], ['Sunday', '12–9PM'], ['Monday', '11:30AM–2:30PM'], ['Tuesday', '11:30AM–2:30PM'], ['Wednesday', '11:30AM–2:30PM'], ['Thursday', '11:30AM–2:30PM']]"
0x872baefd83cde281:0xcea7c0735ed506ae,Four Seasons Sushi Bar and Grill,"Four Seasons Sushi Bar and Grill, 1652 N Higley Rd, Gilbert, AZ 85234",33.3804115,-111.7242988,"['Sushi restaurant', 'Asian restaurant', 'Bar', 'Japanese restaurant', 'Seafood restaurant']",4.3,338,$$,"[['Friday', '11AM–9:30PM'], ['Saturday', '12–9:30PM'], ['Sunday', '12–8PM'], ['Monday', '11AM–9PM'], ['Tuesday', '11AM–9PM'], ['Wednesday', '11AM–9PM'], ['Thursday', '11AM–9PM']]"
0x872ba9bad30cfe07:0xe55b145bc96a27b4,Orient Sushi & Grill,"Orient Sushi & Grill, 1455 W Elliot Rd #105, Gilbert, AZ 85233",33.3494556,-111.82146139999999,"['Japanese restaurant', 'Chinese restaurant', 'Sushi restaurant']",4.6,884,$$,"[['Friday', '11AM–2:30PM'], ['Saturday', '11AM–10PM'], ['Sunday', '4:30–10PM'], ['Monday', '11AM–2:30PM'], ['Tuesday', '11AM–2:30PM'], ['Wednesday', '11AM–2:30PM'], ['Thursday', '11AM–2:30PM']]"
0x872baf31e0a0692b:0xcb42b809f3deb0a4,RA Sushi,"RA Sushi, 1652 S Val Vista Dr Suite 101, Mesa, AZ 85204",33.3853678,-111.75481049999999,"['Sushi restaurant', 'Asian restaurant', 'Bar', 'Japanese restaurant']",4.2,1588,$$,"[['Friday', '11AM–12AM'], ['Saturday', '11AM–12AM'], ['Sunday', '11AM–11PM'], ['Monday', '11AM–11PM'], ['Tuesday', '11AM–11PM'], ['Wednesday', '11AM–11PM'], ['Thursday', '11AM–11PM']]"
0x872b0c5af7945b6d:0xafecba6cdd94634c,Sushi Brokers Arcadia,"Sushi Brokers Arcadia, 4419 E Indian School Rd, Phoenix, AZ 85018",33.494556599999996,-111.98583529999999,"['Japanese restaurant', 'Asian restaurant', 'Bar & grill', 'Cocktail bar', 'Sushi restaurant']",4.3,608,$$,"[['Friday', '11AM–11PM'], ['Saturday', '11AM–11PM'], ['Sunday', '11AM–11PM'], ['Monday', '11AM–11PM'], ['Tuesday', '11AM–11PM'], ['Wednesday', '11AM–11PM'], ['Thursday', '11AM–11PM']]"
0x872b14c0cc6cd57d:0xc5c498eae9042cbf,Tokyo Express,"Tokyo Express, 4105 N 51st Ave # 151, Phoenix, AZ 85031",33.4953995,-112.1664505,['Japanese restaurant'],4.2,166,$,"[['Friday', '10:30AM–9PM'], ['Saturday', '10:30AM–9PM'], ['Sunday', '10:30AM–7PM'], ['Monday', '10:30AM–9PM'], ['Tuesday', '10:30AM–9PM'], ['Wednesday', '10:30AM–9PM'], ['Thursday', '10:30AM–9PM']]"
0x872b12cfeee64323:0xe34b514519d36df5,Hana Japanese Eatery,"Hana Japanese Eatery, 5524 N 7th Ave, Phoenix, AZ 85013",33.5173652,-112.0828504,"['Japanese restaurant', 'Sushi restaurant']",4.5,516,$$,"[['Friday', '12–8PM'], ['Saturday', '5–8PM'], ['Sunday', '5–8PM'], ['Monday', 'Closed'], ['Tuesday', '12–8PM'], ['Wednesday', '12–8PM'], ['Thursday', '12–8PM']]"
0x872b69df602161af:0x6542bd8fd1c03b63,Sushi Yuki,"Sushi Yuki, 8345 W Thunderbird Rd #111, Peoria, AZ 85381",33.608454099999996,-112.23827709999999,"['Japanese restaurant', 'Asian restaurant', 'Korean restaurant', 'Sushi restaurant']",4.7,532,$$,"[['Friday', '11AM–9:30PM'], ['Saturday', '11AM–9:30PM'], ['Sunday', 'Closed'], ['Monday', '11AM–9PM'], ['Tuesday', '11AM–9PM'], ['Wednesday', '11AM–9PM'], ['Thursday', '11AM–9PM']]"
0x872b77b17dd48143:0x92bea3765ec1d91f,Blu Sushi,"Blu Sushi, 23233 North Pima Road Suite #g101, Scottsdale, AZ 85255",33.6967108,-111.88928399999999,"['Sushi restaurant', 'Bar', 'Japanese restaurant', 'Lunch restaurant', 'Ramen restaurant', 'Seafood restaurant', 'Sports bar', 'Udon noodle restaurant']",4.3,147,,"[['Friday', '11AM–9PM'], ['Saturday', '11AM–9PM'], ['Sunday', 'Closed'], ['Monday', '11AM–9PM'], ['Tuesday', '11AM–9PM'], ['Wednesday', '11AM–9PM'], ['Thursday', '11AM–9PM']]"
0x872b0763d30c9f85:0x3601f150ba0d33b2,Ninja Japanese Restaurant,"Ninja Japanese Restaurant, 2330 N Alma School Rd # 130, Chandler, AZ 85224",33.33992,-111.8600125,"['Japanese restaurant', 'Restaurant', 'Teppanyaki restaurant']",4.3,517,$$,"[['Friday', '11:30AM–10:30PM'], ['Saturday', '11:30AM–10:30PM'], ['Sunday', '11:30AM–9:30PM'], ['Monday', '11:30AM–10PM'], ['Tuesday', '11:30AM–10PM'], ['Wednesday', '11:30AM–10PM'], ['Thursday', '11:30AM–10PM']]"
0x872b478635dbb2db:0xd251f67a9ee82716,Akai Hana Sushi & Grill,"Akai Hana Sushi & Grill, 2293 N PebbleCreek Pkwy Suite 101, Goodyear, AZ 85395",33.472134,-112.39201999999999,"['Sushi restaurant', 'Asian restaurant', 'Japanese restaurant']",4.4,862,$$,"[['Friday', '11AM–2PM'], ['Saturday', '11AM–9PM'], ['Sunday', '11AM–9PM'], ['Monday', '11AM–2PM'], ['Tuesday', '11AM–2PM'], ['Wednesday', '11AM–2PM'], ['Thursday', '11AM–2PM']]"
0x872b0dece2442751:0x788ca5beb3fe31af,Pokitrition - Sushi Burritos & Poke,"Pokitrition - Sushi Burritos & Poke, 4811 N 16th St #104, Phoenix, AZ 85016",33.5073551,-112.0470356,"['Sushi restaurant', 'Hawaiian restaurant', 'Japanese restaurant', 'Salad shop']",4.5,236,,"[['Thursday', '10:45AM–9PM'], ['Friday', '10:45AM–9PM'], ['Saturday', '11AM–8:45PM'], ['Sunday', '11:30AM–8PM'], ['Monday', '10:45AM–9PM'], ['Tuesday', '10:45AM–9PM'], ['Wednesday', '10:45AM–9PM']]"
0x872b00d2d6d38f27:0x92ee42587e8b5c0d,Benihana,"Benihana, 3025 W Chandler Blvd, Chandler, AZ 85226",33.3039911,-111.8953591,"['Japanese restaurant', 'Asian restaurant', 'Japanese steakhouse', 'Restaurant', 'Steak house', 'Sushi restaurant', 'Teppanyaki restaurant']",4.1,1914,$$$,"[['Thursday', '11AM–10PM'], ['Friday', '11AM–11PM'], ['Saturday', '11AM–11PM'], ['Sunday', '11AM–11PM'], ['Monday', '11AM–10PM'], ['Tuesday', '11AM–10PM'], ['Wednesday', '11AM–10PM']]"
0x872b04470e6e28fb:0xe1844d9a2fecbd1c,RA Sushi Bar Restaurant,"RA Sushi Bar Restaurant, 4921 E Ray Rd Suite B1, Phoenix, AZ 85044",33.317198499999996,-111.9769639,"['Sushi restaurant', 'Asian restaurant', 'Bar', 'Japanese restaurant']",4.2,917,$$,"[['Thursday', '11AM–11PM'], ['Friday', '11AM–12AM'], ['Saturday', '11AM–12AM'], ['Sunday', '11AM–11PM'], ['Monday', '11AM–11PM'], ['Tuesday', '11AM–11PM'], ['Wednesday', '11AM–11PM']]"
0x86d672f3773ab99d:0xc2e5a3e8dd37cb77,RA Sushi Bar Restaurant,"RA Sushi Bar Restaurant, 2905 E Skyline Dr #289, Tucson, AZ 85718",32.3254417,-110.9288464,"['Sushi restaurant', 'Asian restaurant', 'Bar', 'Japanese restaurant']",4.1,754,$$,"[['Wednesday', '11AM–10PM'], ['Thursday', '11AM–10PM'], ['Friday', '11AM–10PM'], ['Saturday', '11AM–10PM'], ['Sunday', '11AM–10PM'], ['Monday', '11AM–10PM'], ['Tuesday', '11AM–10PM']]"
0x872b076ba8543b65:0x2a2c2ec4832c1889,Shimogamo Japanese Restaurant,"Shimogamo Japanese Restaurant, 2051 W Warner Rd, Chandler, AZ 85224",33.333858,-111.877772,"['Authentic Japanese restaurant', 'Catering food and drink supplier', 'Japanese restaurant', 'Japanese steakhouse', 'Takeout Restaurant', 'Restaurant', 'Sushi restaurant', 'Udon noodle restaurant']",4.7,514,$$,"[['Wednesday', '5–9:30PM'], ['Thursday', '5–9:30PM'], ['Friday', '5–10PM'], ['Saturday', '5–10PM'], ['Sunday', '5–9:30PM'], ['Monday', 'Closed'], ['Tuesday', '5–9:30PM']]"
0x872b38b6cb1cde89:0xd9c8bd08df0db058,Tomo Japanese Cuisine,"Tomo Japanese Cuisine, 1550 N Dysart Rd, Goodyear, AZ 85395",33.4635429,-112.34152859999999,"['Japanese restaurant', 'Sushi restaurant']",4.5,1403,$$,"[['Wednesday', '11AM–10PM'], ['Thursday', '11AM–10PM'], ['Friday', '11AM–10:30PM'], ['Saturday', '11AM–10:30PM'], ['Sunday', '11AM–9PM'], ['Monday', '11AM–10PM'], ['Tuesday', '11AM–10PM']]"
0x872b05d9fe517ae5:0x4e3d84dcaed92cb4,Kyoto Bowl,"Kyoto Bowl, 1245 W Elliot Rd #101, Tempe, AZ 85284",33.348669,-111.957813,"['Asian restaurant', 'Fast food restaurant', 'Japanese restaurant', 'Sushi restaurant']",3.9,258,$,"[['Tuesday', '11AM–7PM'], ['Wednesday', '11AM–7PM'], ['Thursday', '11AM–7PM'], ['Friday', '11AM–7PM'], ['Saturday', '11AM–7PM'], ['Sunday', '11:30AM–6PM'], ['Monday', '11AM–7PM']]"
0x872b387a3ed79729:0xa731d8c928a2c5da,AH-SO Sushi & Steak,"AH-SO Sushi & Steak, 15475 W McDowell Rd, Goodyear, AZ 85395",33.4627751,-112.39184329999999,"['Teppanyaki restaurant', 'Asian restaurant', 'Bar', 'Bar & grill', 'Japanese restaurant', 'Sushi restaurant']",4.2,816,$$,"[['Tuesday', '11:30AM–2:30PM'], ['Wednesday', '11:30AM–2:30PM'], ['Thursday', '11:30AM–2:30PM'], ['Friday', '11:30AM–11PM'], ['Saturday', '11:30AM–11PM'], ['Sunday', '11:30AM–10PM'], ['Monday', '11:30AM–2:30PM']]"
0x872b71f640511aed:0x8686fa50c6ac1c43,Cutie (N. Phoenix),"Cutie (N. Phoenix), 15034 N Cave Creek Rd #1, Phoenix, AZ 85032",33.623633999999996,-112.031397,"['Gift shop', 'Discount store', 'Dollar store', 'Japanese grocery store', 'Novelty store']",4.8,371,,"[['Monday', 'Closed'], ['Tuesday', 'Closed'], ['Wednesday', '10AM–2PM'], ['Thursday', '10AM–2PM'], ['Friday', '10AM–2PM'], ['Saturday', '10AM–2PM'], ['Sunday', '10AM–2PM']]"
0x872d8587bc2b88a3:0xd544bb60d2d97b99,Teppan FuJi Restaurant,"Teppan FuJi Restaurant, 2500 S Woodlands Village Blvd UNIT 9, Flagstaff, AZ 86001",35.178158599999996,-111.6670159,['Japanese restaurant'],4.3,426,$$,"[['Monday', '11AM–2:30PM'], ['Tuesday', '11AM–2:30PM'], ['Wednesday', '11AM–2:30PM'], ['Thursday', '11AM–2:30PM'], ['Friday', '11AM–2:30PM'], ['Saturday', '11AM–2:30PM'], ['Sunday', '12–9:30PM']]"
0x872ba8f3876c629f:0x8f19bde93e92af98,HOUSE - Modern Sushi Restaurant,"HOUSE - Modern Sushi Restaurant, 1641 S Stapley Dr #103, Mesa, AZ 85204",33.3845157,-111.80290389999999,"['Sushi restaurant', 'Asian restaurant', 'Izakaya restaurant', 'Japanese restaurant']",4.6,298,$$,"[['Sunday', '12–8:30PM'], ['Monday', '11AM–8:30PM'], ['Tuesday', 'Closed'], ['Wednesday', '11AM–8:30PM'], ['Thursday', '11AM–8:30PM'], ['Friday', '11AM–9PM'], ['Saturday', '11AM–9PM']]"
0x872b076950ae541b:0x8796e7750e2e9ee9,Lee Lee International Supermarkets,"Lee Lee International Supermarkets, 2025 N Dobson Rd, Chandler, AZ 85224",33.336150499999995,-111.8743382,"['Asian grocery store', 'Grocery store', 'Indian grocery store', 'Japanese grocery store', 'Korean grocery store', 'Produce market', 'Seafood market', 'Supermarket']",4.4,5761,,"[['Sunday', '9AM–9PM'], ['Monday', '9AM–9PM'], ['Tuesday', '9AM–9PM'], ['Wednesday', '9AM–9PM'], ['Thursday', '9AM–9PM'], ['Friday', '9AM–9PM'], ['Saturday', '9AM–9PM']]"
0x872b7423ad476a9f:0xc5c6a72bbe1b0a9c,Benihana,"Benihana, 16403 N Scottsdale Rd, Scottsdale, AZ 85254",33.634842,-111.92474899999999,"['Japanese restaurant', 'Asian restaurant', 'Japanese steakhouse', 'Restaurant', 'Steak house', 'Sushi restaurant', 'Teppanyaki restaurant']",4.3,1438,$$$,"[['Saturday', '11AM–11PM'], ['Sunday', '11AM–10PM'], ['Monday', '11AM–10PM'], ['Tuesday', '11AM–10PM'], ['Wednesday', '11AM–10PM'], ['Thursday', '11AM–10PM'], ['Friday', '11AM–11PM']]"
0x86d66fb469015361:0xefa5ce2a74487dc6,Takamatsu,"Takamatsu, 5532 E Speedway Blvd, Tucson, AZ 85712",32.235931199999996,-110.8740516,"['Korean barbecue restaurant', 'Asian fusion restaurant', 'Japanese restaurant', 'Restaurant', 'Sushi restaurant']",4.2,1148,$$,"[['Saturday', '11AM–9PM'], ['Sunday', '11AM–9PM'], ['Monday', '11AM–9PM'], ['Tuesday', '11AM–9PM'], ['Wednesday', '11AM–9PM'], ['Thursday', '11AM–9PM'], ['Friday', '11AM–9PM']]"
0x872b65bdf426b17d:0xabc1b4657e5fd4af,Ah So Sushi & Steak,"Ah So Sushi & Steak, 2450 W Happy Valley Rd, Phoenix, AZ 85085",33.7140092,-112.1117845,"['Teppanyaki restaurant', 'Asian restaurant', 'Bar', 'Bar & grill', 'Japanese restaurant', 'Sports bar', 'Sushi restaurant']",4.1,698,$$,"[['Saturday', '12–11PM'], ['Sunday', '12–10PM'], ['Monday', '11:30AM–10PM'], ['Tuesday', '11:30AM–10PM'], ['Wednesday', '11:30AM–10PM'], ['Thursday', '11:30AM–10PM'], ['Friday', '11:30AM–11PM']]"
0x872b7415984cd6f9:0x6742aa51d351199f,RA Sushi Bar Restaurant and Ramen Sensei,"RA Sushi Bar Restaurant and Ramen Sensei, 13802 N Scottsdale Rd #176, Scottsdale, AZ 85254",33.6145978,-111.92614569999999,"['Sushi restaurant', 'Asian restaurant', 'Bar', 'Japanese restaurant', 'Restaurant', 'Seafood restaurant']",4.3,955,$$,"[['Friday', '11AM–11PM'], ['Saturday', '11AM–11PM'], ['Sunday', '11AM–11PM'], ['Monday', '11AM–11PM'], ['Tuesday', '11AM–11PM'], ['Wednesday', '11AM–11PM'], ['Thursday', '11AM–11PM']]"
0x872b753f555ed1d7:0x31a50176be2067ae,Sushi Ko,"Sushi Ko, 9301 E Shea Blvd, Scottsdale, AZ 85260",33.5805217,-111.8804057,"['Sushi restaurant', 'Japanese restaurant', 'Restaurant']",4.6,108,$$,"[['Friday', '11AM–2PM'], ['Saturday', '5–9:30PM'], ['Sunday', '5–9PM'], ['Monday', '11AM–2PM'], ['Tuesday', '11AM–2PM'], ['Wednesday', '11AM–2PM'], ['Thursday', '11AM–2PM']]"
0x872b0816aa2f2d11:0xd57de1e6e771f8b0,Mekong Supermarket,"Mekong Supermarket, 66 S Dobson Rd # 132, Mesa, AZ 85202",33.4129151,-111.8759336,"['Asian grocery store', 'Grocery store', 'Japanese grocery store', 'Korean grocery store', 'Market', 'Meat products', 'Seafood market', 'Supermarket']",4.5,2634,,"[['Friday', '9AM–9PM'], ['Saturday', '9AM–9PM'], ['Sunday', '9AM–9PM'], ['Monday', '9AM–9PM'], ['Tuesday', '9AM–9PM'], ['Wednesday', '9AM–9PM'], ['Thursday', '9AM–9PM']]"
0x872bae34efb1e187:0xaaa8e812f1dd99bf,Osaka Japanese Steakhouse,"Osaka Japanese Steakhouse, 6730 E Superstition Springs Blvd, Mesa, AZ 85206",33.385713599999995,-111.68603999999999,"['Japanese steakhouse', 'Bar & grill', 'Seafood restaurant', 'Sushi restaurant', 'Teppanyaki restaurant']",4.6,2677,$$,"[['Wednesday', '11AM–10PM'], ['Thursday', '11AM–10PM'], ['Friday', '11AM–11:30PM'], ['Saturday', '11AM–11:30PM'], ['Sunday', '12–10PM'], ['Monday', '11AM–10PM'], ['Tuesday', '11AM–10PM']]"
