gmap_id,name,address,latitude,longitude,category,avg_rating,num_of_reviews,price,hours
0x876c7799d5b69077:0x47c7d3800a5f15a0,Spicy Thai and Sushi,"Spicy Thai and Sushi, 3041 W 92nd Ave, Westminster, CO 80031",39.8638708,-105.025926,"['Asian restaurant', 'Japanese restaurant', 'Sushi restaurant', 'Thai restaurant']",4.5,38,,"[['Tuesday', '4–9PM'], ['Wednesday', '11:30AM–9PM'], ['Thursday', '11:30AM–9PM'], ['Friday', '11:30AM–9PM'], ['Saturday', '12–9PM'], ['Sunday', '12–8:30PM'], ['Monday', '11:30AM–9PM']]"
0x876c85a60ef66d07:0x468dac9aba3b47f2,Yuki Sushi Robata,"Yuki Sushi Robata, 9447 Park Meadows Dr, Lone Tree, CO 80124",39.5549756,-104.87955149999999,"['Japanese restaurant', 'Sushi restaurant']",3.8,5,$$,
0x87694bf548b36f15:0x61d0bc8e38fbd271,Mi Sushi (Korean Food),"Mi Sushi (Korean Food), 200 W Prospect Rd, Fort Collins, CO 80526",40.5674213,-105.0793688,['Japanese restaurant'],4.3,68,,"[['Thursday', '11AM–3PM'], ['Friday', '12–3PM'], ['Saturday', '12–3PM'], ['Sunday', '12–3PM'], ['Monday', '11AM–3PM'], ['Tuesday', '11AM–3PM'], ['Wednesday', '11AM–3PM']]"
0x873c0390809c360b:0xbdc231348fd6b47c,Manny Fresh-Co | Catering Truck,"Manny Fresh-Co | Catering Truck, 1101 Main Ave, Durango, CO 81301",37.2758611,-107.8802549,"['Asian fusion restaurant', 'Japanese restaurant', 'Ramen restaurant', 'Sushi restaurant']",4.8,6,,"[['Thursday', '12–8PM'], ['Friday', '12–8PM'], ['Saturday', '12–8PM'], ['Sunday', 'Closed'], ['Monday', '12–8PM'], ['Tuesday', '12–8PM'], ['Wednesday', '12–8PM']]"
0x876b8c9ba6d50e8f:0x21345a3266d11288,Sarku Japan,"Sarku Japan, 1 West Flatiron Crossing Drive Unit #FF-224, Broomfield, CO 80021",39.9328959,-105.1331022,"['Japanese restaurant', 'Asian restaurant', 'Fast food restaurant', 'Restaurant', 'Sushi restaurant', 'Teppanyaki restaurant']",4.0,48,$,"[['Monday', '11AM–8PM'], ['Tuesday', '11AM–8PM'], ['Wednesday', '11AM–8PM'], ['Thursday', '11AM–8PM'], ['Friday', '11AM–9PM'], ['Saturday', '11AM–9PM'], ['Sunday', '11AM–7PM']]"
0x876c7cb31c132adf:0x81bdf59cf77b624d,Blue Lagoon Asian Bistro,"Blue Lagoon Asian Bistro, 1695 Peoria St, Aurora, CO 80010",39.743592,-104.847515,"['Sushi restaurant', 'Asian fusion restaurant', 'Chinese restaurant', 'Japanese restaurant', 'Delivery Restaurant', 'Takeout Restaurant']",3.3,95,$$,"[['Monday', '11AM–9:30PM'], ['Tuesday', '11AM–9:30PM'], ['Wednesday', '11AM–9:30PM'], ['Thursday', '11AM–9:30PM'], ['Friday', '11AM–9:30PM'], ['Saturday', '11:30AM–9:30PM'], ['Sunday', '11:30AM–9PM']]"
0x8741ad9cda499d11:0xc3997f0b4d1232c2,Thai House Co. & Sushi,"Thai House Co. & Sushi, 60 El Jebel Rd UNIT 103, El Jebel, CO 81623",39.3941841,-107.08944699999999,"['Sushi restaurant', 'Asian restaurant', 'Japanese restaurant', 'Thai restaurant']",4.7,68,$$,"[['Friday', '5:30–8:45PM'], ['Saturday', '5:30–8:45PM'], ['Sunday', 'Closed'], ['Monday', 'Closed'], ['Tuesday', 'Closed'], ['Wednesday', '5:30–8:45PM'], ['Thursday', '5:30–8:45PM']]"
0x876b89bba28cbc1d:0x906094afe5ba4544,Kyoto Teriyaki,"Kyoto Teriyaki, 6050 W 92nd Ave, Westminster, CO 80031",39.8625696,-105.0641182,['Japanese restaurant'],4.7,48,,"[['Friday', '11AM–8PM'], ['Saturday', '11AM–8PM'], ['Sunday', 'Closed'], ['Monday', '11AM–8PM'], ['Tuesday', '11AM–8PM'], ['Wednesday', '11AM–8PM'], ['Thursday', '11AM–8PM']]"
0x876bfb180efe0923:0x830b31dd2cb14b34,Teriyaki Madness,"Teriyaki Madness, 1232 S Hover St, Longmont, CO 80501",40.1477119,-105.12962549999999,"['Asian fusion restaurant', 'Caterer', 'Fast food restaurant', 'Gluten-free restaurant', 'Japanese restaurant']",3.9,16,$,"[['Sunday', '11AM–9PM'], ['Monday', '11AM–9PM'], ['Tuesday', '11AM–9PM'], ['Wednesday', '11AM–9PM'], ['Thursday', '11AM–9PM'], ['Friday', '11AM–9PM'], ['Saturday', '11AM–9PM']]"
0x876c7f8c28886a99:0xa4d4fba857621f93,Hasu Sushi & Grill,"Hasu Sushi & Grill, 250 Steele St #104, Denver, CO 80206",39.720426599999996,-104.9495274,['Japanese restaurant'],4.3,45,$$,"[['Friday', '11:30AM–10PM'], ['Saturday', '12–10PM'], ['Sunday', '12–9:30PM'], ['Monday', '11:30AM–2:30PM'], ['Tuesday', '11:30AM–2:30PM'], ['Wednesday', '11:30AM–2:30PM'], ['Thursday', '11:30AM–2:30PM']]"
0x87694af57950b50d:0xf956403f4a9ce85e,International Appetite Bistro and Catering,"International Appetite Bistro and Catering, 130 W Olive St, Fort Collins, CO 80524",40.584654,-105.07837669999999,"['Bistro', 'American restaurant', 'French restaurant', 'German restaurant', 'Italian restaurant', 'Japanese restaurant', 'Restaurant', 'Tapas bar', 'Tapas restaurant', 'Wine bar']",4.2,5,,
0x876c78c4f082e8b3:0xb1bde9dffb4b538c,Aoba Sushi,"Aoba Sushi, 1520 Blake St, Denver, CO 80202",39.749787,-104.999707,"['Japanese restaurant', 'Sushi restaurant']",4.4,28,,"[['Sunday', '3–9:30PM'], ['Monday', '11AM–2:30PM'], ['Tuesday', '11AM–2:30PM'], ['Wednesday', '11AM–2:30PM'], ['Thursday', '11AM–2:30PM'], ['Friday', '11AM–2:30PM'], ['Saturday', '3–11PM']]"
0x87471dc0c8306929:0xa45793ab4fc7c8d2,Sushi & Rok,"Sushi & Rok, 707 Horizon Dr, Grand Junction, CO 81506",39.107,-108.5447433,['Japanese restaurant'],3.8,45,,"[['Friday', '11AM–2PM'], ['Saturday', '11AM–2PM'], ['Sunday', '4:30–9:30PM'], ['Monday', '11AM–2PM'], ['Tuesday', '11AM–2PM'], ['Wednesday', '11AM–2PM'], ['Thursday', '11AM–2PM']]"
0x876bec290963c413:0x596bee91915c6dc1,Moongate Asian Bistro & Sushi Bar,"Moongate Asian Bistro & Sushi Bar, 1628 Pearl St, Boulder, CO 80302",40.019014999999996,-105.2739259,"['Asian restaurant', 'Chinese restaurant', 'Japanese restaurant', 'Sushi restaurant', 'Thai restaurant', 'Vietnamese restaurant']",2.9,118,$$,"[['Friday', '11AM–11PM'], ['Saturday', '11AM–11PM'], ['Sunday', '11AM–10PM'], ['Monday', '11AM–10PM'], ['Tuesday', '11AM–10PM'], ['Wednesday', '11AM–10PM'], ['Thursday', '11AM–10PM']]"
0x876c78d42afb8e39:0xd09a0924573bd461,Chinja,"Chinja, 303 16th St Mall # 3, Denver, CO 80202",39.7429244,-104.9887057,"['Fast food restaurant', 'Japanese restaurant']",3.0,5,,
0x876c791d9eccd7e3:0x5c29d7359b791713,Tengu,"Tengu, 3053 Brighton Blvd, Denver, CO 80216",39.7657069,-104.98566249999999,"['Japanese restaurant', 'Bar']",3.5,18,,
0x876b80dfa6ff57fb:0x498cb868a1e89bbb,Wasabi,"Wasabi, 433 S Teller St, Lakewood, CO 80226, United States",39.7084803,-105.07720909999999,"['Japanese restaurant', 'Sushi restaurant']",4.2,904,$$,"[['Sunday', '11AM–9:30PM'], ['Monday', '11AM–9:30PM'], ['Tuesday', '11AM–9:30PM'], ['Wednesday', '11AM–9:30PM'], ['Thursday', '11AM–9:30PM'], ['Friday', '11AM–10:30PM'], ['Saturday', '11AM–10:30PM']]"
0x876c78d6caa0a291:0xf1fb27d0b29798f5,Motomaki - Sushi Burritos and Bowls,"Motomaki - Sushi Burritos and Bowls, 500 16th St Mall #184c, Denver, CO 80202, United States",39.7439299,-104.9913862,"['Restaurant', 'Hawaiian restaurant', 'Japanese restaurant']",4.5,488,$$,"[['Friday', '11AM–7PM'], ['Saturday', '12–6PM'], ['Sunday', '12–6PM'], ['Monday', '11AM–7PM'], ['Tuesday', '11AM–7PM'], ['Wednesday', '11AM–7PM'], ['Thursday', '11AM–7PM']]"
0x876c85bea760f9b3:0x2065782b9824227a,Sonoda's Ramen Sushi Grill at Park Meadows,"Sonoda's Ramen Sushi Grill at Park Meadows, 9623 E County Line Rd, Englewood, CO 80112",39.5676868,-104.87472079999999,"['Sushi restaurant', 'Asian restaurant', 'Japanese restaurant', 'Seafood restaurant']",4.1,98,$$,"[['Wednesday', '11AM–9PM'], ['Thursday', '11AM–9PM'], ['Friday', '11AM–10PM'], ['Saturday', '11AM–9:30PM'], ['Sunday', '12–9PM'], ['Monday', '11AM–9PM'], ['Tuesday', '11AM–9PM']]"
0x87396f96f0b35ca7:0xe4079216f2080a23,Stonefish Sushi & More,"Stonefish Sushi & More, 16 W Main St, Cortez, CO 81321",37.348771,-108.58564899999999,"['Japanese restaurant', 'Asian restaurant', 'Sushi restaurant']",4.5,214,$$,"[['Wednesday', '4–8:30PM'], ['Thursday', '4–8:30PM'], ['Friday', '4–8:30PM'], ['Saturday', '4–8:30PM'], ['Sunday', 'Closed'], ['Monday', 'Closed'], ['Tuesday', '4–8:30PM']]"
0x8746fe95c8bbc7e3:0xaa7d31feaedb4684,No Coast Sushi - Fruita,"No Coast Sushi - Fruita, 229 E Aspen Ave, Fruita, CO 81521",39.1591368,-108.7316089,"['Sushi restaurant', 'Asian restaurant', 'Japanese restaurant', 'Ramen restaurant', 'Restaurant']",4.4,8,,"[['Tuesday', '11AM–2PM'], ['Wednesday', '11AM–2PM'], ['Thursday', '11AM–2PM'], ['Friday', '11AM–2PM'], ['Saturday', '5–9PM'], ['Sunday', 'Closed'], ['Monday', 'Closed']]"
0x876c78da84638e1d:0xce5cb8162dcd7b3c,Tokyo Joe's - 16th Street,"Tokyo Joe's - 16th Street, 16th Street Mall, 1001 16th St Mall, Denver, CO 80265, United States",39.7479228,-104.9952215,"['Restaurant', 'Asian fusion restaurant', 'Asian restaurant', 'Fast food restaurant', 'Japanese restaurant', 'Sushi restaurant']",4.1,346,₩₩,"[['Monday', '10:45AM–9:05PM'], ['Tuesday', '10:45AM–9:05PM'], ['Wednesday', '10:45AM–9:05PM'], ['Thursday', '10:45AM–9:05PM'], ['Friday', '10:45AM–9:05PM'], ['Saturday', '10:45AM–9:05PM'], ['Sunday', '10:45AM–8:05PM']]"
0x876ead0f3cec845f:0x74325f6894d97d76,Teriyaki Madness,"Teriyaki Madness, 4944 Thompson Pkwy, Johnstown, CO 80534",40.4054254,-104.9827072,"['Asian fusion restaurant', 'Caterer', 'Fast food restaurant', 'Gluten-free restaurant', 'Japanese restaurant', 'Restaurant']",3.9,133,$,"[['Sunday', '10:30AM–9PM'], ['Monday', '10:30AM–9PM'], ['Tuesday', '10:30AM–9PM'], ['Wednesday', '10:30AM–9PM'], ['Thursday', '10:30AM–9PM'], ['Friday', '10:30AM–10PM'], ['Saturday', '10:30AM–10PM']]"
0x876bf98a6de33065:0x57bc0f4edc112da4,Sushi Kaiten,"Sushi Kaiten, 2055 Ken Pratt Blvd, Longmont, CO 80501",40.143338,-105.127449,"['Restaurant', 'Asian restaurant', 'Japanese restaurant', 'Sushi restaurant']",4.5,48,,"[['Monday', 'Closed'], ['Tuesday', '11:30AM–2PM'], ['Wednesday', '11:30AM–2PM'], ['Thursday', '11:30AM–2PM'], ['Friday', '11:30AM–2PM'], ['Saturday', '12–9PM'], ['Sunday', '5–9PM']]"
0x8741ab78ca5a0dfd:0x1de8b70c0ed58d34,Izakaya Carbondale,"Izakaya Carbondale, 225 Main St, Carbondale, CO 81623",39.4006827,-107.2090825,['Japanese restaurant'],4.5,77,,"[['Sunday', '5–9PM'], ['Monday', 'Closed'], ['Tuesday', '5–9PM'], ['Wednesday', '5–9PM'], ['Thursday', '5–9PM'], ['Friday', '5–9PM'], ['Saturday', '5–9PM']]"
0x87694a8b3e11a8b9:0x912091aa9d753bb7,Sushi Zensai,"Sushi Zensai, 223 Linden St, Fort Collins, CO 80524",40.588563,-105.075048,"['Japanese restaurant', 'Restaurant']",3.9,108,$$,"[['Saturday', '11:30AM–10PM'], ['Sunday', '12–4PM'], ['Monday', 'Closed'], ['Tuesday', '11:30AM–4PM'], ['Wednesday', '11:30AM–4PM'], ['Thursday', '11:30AM–4PM'], ['Friday', '11:30AM–10PM']]"
0x876b85d190b44743:0xe4db034df1955797,Sarku Japan,"Sarku Japan, 14500 W Colfax Ave. Space #FC05 Colorado Mills, Lakewood, CO 80401",39.732172,-105.15830319999999,"['Japanese restaurant', 'Asian restaurant', 'Fast food restaurant', 'Sushi restaurant', 'Teppanyaki restaurant']",3.8,34,$,"[['Saturday', '10AM–9PM'], ['Sunday', '11AM–6PM'], ['Monday', '10AM–9PM'], ['Tuesday', '10AM–9PM'], ['Wednesday', '10AM–9PM'], ['Thursday', '10AM–9PM'], ['Friday', '10AM–9PM']]"
0x876c7edbc7497f03:0x9df910b09826847e,Uoki Japanese Restaurant,"Uoki Japanese Restaurant, 701 E 6th Ave, Denver, CO 80203",39.725784,-104.97855399999999,"['Japanese restaurant', 'Korean restaurant', 'Restaurant', 'Sushi restaurant']",4.6,36,,"[['Friday', '11AM–10PM'], ['Saturday', '11AM–10PM'], ['Sunday', 'Closed'], ['Monday', 'Closed'], ['Tuesday', '11AM–10PM'], ['Wednesday', '11AM–10PM'], ['Thursday', '11AM–10PM']]"
0x87694a8b1604bd41:0x1dd0dbf67ef85eb3,Wabi Sabi,"Wabi Sabi, 223 Linden St Suite 103, Fort Collins, CO 80524",40.588563099999995,-105.075048,"['Japanese restaurant', 'Restaurant']",4.3,68,,"[['Friday', '11AM–10PM'], ['Saturday', '11AM–10PM'], ['Sunday', '11AM–9PM'], ['Monday', '11AM–9PM'], ['Tuesday', '11AM–9PM'], ['Wednesday', '11AM–9PM'], ['Thursday', '11AM–9PM']]"
0x876c7ed86b369071:0xf4697fcb7af209e3,Sushi Cup Ronin Kitchen,"Sushi Cup Ronin Kitchen, 208 E 7th Ave, Denver, CO 80203",39.7271219,-104.9845077,"['Hawaiian restaurant', 'Japanese restaurant', 'Ramen restaurant']",4.6,198,$,"[['Thursday', '12–7PM'], ['Friday', '12–7PM'], ['Saturday', 'Closed'], ['Sunday', 'Closed'], ['Monday', 'Closed'], ['Tuesday', 'Closed'], ['Wednesday', '12–7PM']]"
0x876b876269bc9fdf:0xd30178a2c57acef8,Tenya Japanese Soulfood,"Tenya Japanese Soulfood, 3901 Tennyson St, Denver, CO 80212",39.77126,-105.0442575,['Japanese restaurant'],4.5,47,,"[['Wednesday', '5–9PM'], ['Thursday', '5–9PM'], ['Friday', '5–9PM'], ['Saturday', '5–9PM'], ['Sunday', '5–9PM'], ['Monday', '5–9PM'], ['Tuesday', '5–9PM']]"
0x87471d3b15a929f7:0x3f7f404e29df4072,Teriyaki Express,"Teriyaki Express, 2424 Old US Hwy 6 & 50, Grand Junction, CO 81505",39.0924973,-108.6028461,"['Asian restaurant', 'Japanese restaurant']",2.9,8,,"[['Wednesday', '10AM–9PM'], ['Thursday', '10AM–9PM'], ['Friday', '10AM–9PM'], ['Saturday', '10AM–9PM'], ['Sunday', '11AM–6PM'], ['Monday', '10AM–9PM'], ['Tuesday', '10AM–9PM']]"
0x876b876fe4bf30f7:0xe02d9e341d1ea27e,"Taki Sushi 2 (32 Ave, In Highlands)","Taki Sushi 2 (32 Ave, In Highlands), 3434 Unit C, W 32nd Ave, Denver, CO 80211",39.7618899,-105.03314789999999,"['Sushi restaurant', 'Japanese restaurant']",4.7,55,,"[['Wednesday', '12–9:30PM'], ['Thursday', '12–9:30PM'], ['Friday', '12–10PM'], ['Saturday', '12–10PM'], ['Sunday', '12–9:30PM'], ['Monday', 'Closed'], ['Tuesday', '12–9:30PM']]"
0x876c8676cfac725f:0xa2307b9ef4efc84a,Samurai Restaurant,"Samurai Restaurant, 9625 E Arapahoe Rd, Greenwood Village, CO 80112",39.5958122,-104.8768858,"['Japanese restaurant', 'Restaurant', 'Sushi restaurant']",3.3,13,$$,"[['Tuesday', '11AM–2PM'], ['Wednesday', '11AM–2PM'], ['Thursday', '11AM–2PM'], ['Friday', '11AM–2PM'], ['Saturday', '5–10PM'], ['Sunday', '5–9PM'], ['Monday', '11AM–2PM']]"
0x876c8600835b0d49:0xd6ff5df8cce60df6,Wasabi Sushi Bar,"Wasabi Sushi Bar, 12073 E Arapahoe Rd, Centennial, CO 80112",39.595448499999996,-104.84898059999999,"['Sushi restaurant', 'Japanese restaurant', 'Restaurant']",3.1,18,,"[['Tuesday', '11AM–2:30PM'], ['Wednesday', '11AM–2:30PM'], ['Thursday', '11AM–2:30PM'], ['Friday', '11AM–2:30PM'], ['Saturday', '11AM–2:30PM'], ['Sunday', '4:30–9PM'], ['Monday', '11AM–2:30PM']]"
0x87134e1649cd1fb5:0x3ab1928eb0226831,Yakitori 5 & Thai Kitchen,"Yakitori 5 & Thai Kitchen, 6626 Delmonico Dr, Colorado Springs, CO 80919",38.9271986,-104.83148229999999,"['Japanese restaurant', 'Thai restaurant']",4.5,98,$,"[['Tuesday', '11AM–8PM'], ['Wednesday', '11AM–8PM'], ['Thursday', '11AM–8PM'], ['Friday', '11AM–8PM'], ['Saturday', '11AM–8PM'], ['Sunday', 'Closed'], ['Monday', '11AM–8PM']]"
0x876952f5131b2403:0xa9671f916597e76d,Osaka Hibachi Japanese Steak,"Osaka Hibachi Japanese Steak, 3320 Garfield Ave, Loveland, CO 80538",40.426860999999995,-105.0769485,['Japanese restaurant'],4.4,167,,"[['Tuesday', '11AM–9PM'], ['Wednesday', '11AM–9PM'], ['Thursday', '11AM–9PM'], ['Friday', '11AM–9PM'], ['Saturday', '11AM–9PM'], ['Sunday', '11AM–9PM'], ['Monday', '11AM–9PM']]"
0x876df7f04adcad4b:0x60415affd7d906f9,Victor's sushi,"Victor's sushi, 207 Clayton St, Brush, CO 80723",40.2556854,-103.6228641,['Japanese restaurant'],4.3,44,,"[['Tuesday', '11AM–3PM'], ['Wednesday', 'Closed'], ['Thursday', '11AM–3PM'], ['Friday', '11AM–3PM'], ['Saturday', '11AM–3PM'], ['Sunday', '12–8PM'], ['Monday', '11AM–3PM']]"
0x8713a301724f7d1d:0xbe37182f68d00a4b,Suehiro Japanese Restaurant,"Suehiro Japanese Restaurant, 631 N Main St, Pueblo, CO 81003",38.2732461,-104.6089374,['Japanese restaurant'],4.2,213,$$,"[['Monday', '11AM–2PM'], ['Tuesday', '11AM–2PM'], ['Wednesday', '11AM–2PM'], ['Thursday', '11AM–2PM'], ['Friday', '11AM–2PM'], ['Saturday', '4–9PM'], ['Sunday', 'Closed']]"
0x876bf4e7ec54e2eb:0xf9b3a522f3771a42,Udon Kaisha,"Udon Kaisha, 191 W South Boulder Rd, Lafayette, CO 80026",39.9885363,-105.0913089,"['Japanese restaurant', 'Noodle shop', 'Restaurant']",4.3,267,$,"[['Monday', '11AM–9PM'], ['Tuesday', '11AM–9PM'], ['Wednesday', '11AM–9PM'], ['Thursday', '11AM–9PM'], ['Friday', '11AM–9PM'], ['Saturday', '11AM–9PM'], ['Sunday', 'Closed']]"
0x876c7f31ca815613:0x417db429e10dd5db,iSushi,"iSushi, 801 Santa Fe Dr, Denver, CO 80204",39.729156499999995,-104.9987869,"['Sushi restaurant', 'Japanese restaurant']",4.0,153,,"[['Monday', '11AM–10PM'], ['Tuesday', '11AM–10PM'], ['Wednesday', '11AM–10PM'], ['Thursday', '11AM–10:30PM'], ['Friday', '11AM–10:30PM'], ['Saturday', '11AM–10:30PM'], ['Sunday', 'Closed']]"
0x871344c277246743:0xdb93d573949b1195,Yummy Yaki,"Yummy Yaki, 1534 S Nevada Ave, Colorado Springs, CO 80905",38.8118652,-104.8232688,['Japanese restaurant'],4.3,107,,"[['Monday', '11AM–8PM'], ['Tuesday', '11AM–8PM'], ['Wednesday', '11:15AM–8PM'], ['Thursday', '11AM–8PM'], ['Friday', '11AM–8PM'], ['Saturday', '11AM–8PM'], ['Sunday', 'Closed']]"
0x876b7f855f89369d:0xda70cc9ece518183,Teriyaki Madness,"Teriyaki Madness, 5866 S Wadsworth Blvd, Littleton, CO 80123",39.6101672,-105.09006529999999,"['Asian fusion restaurant', 'Gluten-free restaurant', 'Japanese restaurant']",3.5,58,$,"[['Monday', '11AM–9PM'], ['Tuesday', '11AM–9PM'], ['Wednesday', '11AM–9PM'], ['Thursday', '11AM–9PM'], ['Friday', '11AM–9PM'], ['Saturday', '11AM–9PM'], ['Sunday', '11AM–9PM']]"
0x876c83822dbe3401:0x67e993f8c3e2fae6,Little Basil,"Little Basil, 7923 S Broadway, Littleton, CO 80122",39.5718531,-104.9903892,['Japanese restaurant'],4.6,15,,"[['Sunday', '11:30AM–9AM'], ['Monday', '11:30AM–9AM'], ['Tuesday', '11:30AM–9AM'], ['Wednesday', '11:30AM–9AM'], ['Thursday', '11:30AM–9AM'], ['Friday', '11:30AM–9AM'], ['Saturday', '11:30AM–9AM']]"
0x87694b7f200021ed:0x4a6270a28098b333,Mt. Fuji,"Mt. Fuji, 4020 S College Ave #3064, Fort Collins, CO 80525",40.5311326,-105.07618749999999,"['Japanese restaurant', 'Asian restaurant']",4.2,258,$$,"[['Sunday', '4–8PM'], ['Monday', '11AM–9PM'], ['Tuesday', '11AM–9PM'], ['Wednesday', '11AM–9PM'], ['Thursday', '11AM–9PM'], ['Friday', '11AM–9PM'], ['Saturday', '11AM–9PM']]"
0x876c8659d14179f5:0x23cf0586de36356b,Sawara Sushi Express,"Sawara Sushi Express, 5302 DTC Blvd, Greenwood Village, CO 80111",39.619492,-104.88881099999999,"['Sushi restaurant', 'Japanese restaurant', 'Restaurant']",4.3,38,,"[['Sunday', 'Closed'], ['Monday', '11AM–9PM'], ['Tuesday', '11AM–9PM'], ['Wednesday', '11AM–7PM'], ['Thursday', '11AM–9PM'], ['Friday', '11AM–9PM'], ['Saturday', '11AM–9PM']]"
0x876c79278a69b7ef:0x566d5ac8bc9ce25e,Teriyaki Madness,"Teriyaki Madness, 1920 17th St Ste C, Denver, CO 80202",39.7545447,-105.00243119999999,"['Asian fusion restaurant', 'Caterer', 'Fast food restaurant', 'Gluten-free restaurant', 'Japanese restaurant', 'Restaurant']",4.0,118,$,"[['Sunday', '11AM–8PM'], ['Monday', '11AM–9PM'], ['Tuesday', '11AM–9PM'], ['Wednesday', '11AM–9PM'], ['Thursday', '11AM–9PM'], ['Friday', '11AM–9PM'], ['Saturday', '11AM–9PM']]"
0x87134ef69f1ca1e7:0x77b5fd6db0e3592e,Jun Japanese Restaurant & Sushi Bar,"Jun Japanese Restaurant & Sushi Bar, 1760 Dublin Blvd, Colorado Springs, CO 80918",38.9268736,-104.79434619999999,['Japanese restaurant'],4.0,278,$$,"[['Sunday', 'Closed'], ['Monday', 'Closed'], ['Tuesday', '11AM–2PM'], ['Wednesday', '11AM–2PM'], ['Thursday', '11AM–2PM'], ['Friday', '11AM–2PM'], ['Saturday', '11:30AM–2PM']]"
0x876c7d556647eb9d:0xfd2da24bad467e14,Chicken Teriyaki,"Chicken Teriyaki, 2225 S Peoria St, Aurora, CO 80014",39.6763212,-104.8486542,['Japanese restaurant'],4.6,138,$,"[['Sunday', 'Closed'], ['Monday', '10:30AM–8:30PM'], ['Tuesday', '10:30AM–8:30PM'], ['Wednesday', '10:30AM–8:30PM'], ['Thursday', '10:30AM–8:30PM'], ['Friday', '10:30AM–8:30PM'], ['Saturday', '11AM–7PM']]"
0x876bf32c039d2e17:0xe6b4cf77d1f0b07c,Tokyo Joe's - Louisville,"Tokyo Joe's - Louisville, 1116 W Dillon Rd, Louisville, CO 80027",39.960626,-105.166043,"['Japanese restaurant', 'Asian fusion restaurant', 'Asian restaurant', 'Fast food restaurant', 'Restaurant', 'Sushi restaurant']",4.1,153,$$,"[['Sunday', '10:45AM–8:05PM'], ['Monday', '10:45AM–8:35PM'], ['Tuesday', '10:45AM–8:35PM'], ['Wednesday', '10:45AM–8:35PM'], ['Thursday', '10:45AM–8:35PM'], ['Friday', '10:45AM–9:05PM'], ['Saturday', '10:45AM–9:05PM']]"
0x876bec27ba1c63c5:0xe6c6a38bcef92fda,Izakaya Amu,"Izakaya Amu, 1221 Spruce St, Boulder, CO 80302",40.019209,-105.27984599999999,"['Japanese restaurant', 'Bar', 'Izakaya restaurant']",4.6,258,$$$,"[['Sunday', '5–9PM'], ['Monday', '5–9PM'], ['Tuesday', 'Closed'], ['Wednesday', '5–9PM'], ['Thursday', '5–9PM'], ['Friday', '5–9:30PM'], ['Saturday', '5–9:30PM']]"
0x876c799ff0ead7f5:0xfe13175440d50475,Temaki Den,"Temaki Den, 3350 Brighton Blvd, Denver, CO 80216",39.7686109,-104.9797577,"['Sushi restaurant', 'Japanese restaurant']",4.9,64,,"[['Saturday', '12–10PM'], ['Sunday', '12–9PM'], ['Monday', '4:30–9PM'], ['Tuesday', '4:30–9PM'], ['Wednesday', '4:30–9PM'], ['Thursday', '4:30–9PM'], ['Friday', '4:30–10PM']]"
0x876bec26dc6c5585:0x80cf2c0daa205770,Sushi Tora,"Sushi Tora, 2014 10th St, Boulder, CO 80302",40.017737,-105.282409,"['Sushi restaurant', 'Asian restaurant', 'Fine dining restaurant', 'Authentic Japanese restaurant', 'Japanese restaurant', 'Ramen restaurant']",4.0,48,$$,"[['Saturday', '5–10PM'], ['Sunday', 'Closed'], ['Monday', 'Closed'], ['Tuesday', '11:30AM–2PM'], ['Wednesday', '11:30AM–2PM'], ['Thursday', '11:30AM–2PM'], ['Friday', '11:30AM–2PM']]"
0x876bfb99b181fc91:0x9545150205a470a3,Sushi Box,"Sushi Box, 1844 Hover St suite c, Longmont, CO 80501",40.1917857,-105.1302355,['Japanese restaurant'],4.5,108,,"[['Saturday', '12–8PM'], ['Sunday', '12–8PM'], ['Monday', '11AM–8PM'], ['Tuesday', '11AM–8PM'], ['Wednesday', '11AM–8PM'], ['Thursday', '11AM–8PM'], ['Friday', '11AM–8PM']]"
0x874109bd5dc7c1ad:0xf388fc8ae400ad0e,MAY PALACE,"MAY PALACE, 820 Grand Ave, Glenwood Springs, CO 81601",39.5459223,-107.3243816,"['Chinese restaurant', 'Japanese restaurant']",4.3,268,$$,"[['Saturday', '11AM–9:30PM'], ['Sunday', '11AM–9:30PM'], ['Monday', 'Closed'], ['Tuesday', '11AM–9PM'], ['Wednesday', '11AM–9PM'], ['Thursday', '11AM–9PM'], ['Friday', '11AM–9:30PM']]"
0x876b8bbb577c360d:0x3f11b453f1970edf,Taru Sushi,"Taru Sushi, 4880 W 120th Ave #200, Broomfield, CO 80020",39.914051,-105.04710299999999,"['Sushi restaurant', 'Asian restaurant', 'Fine dining restaurant', 'Japanese restaurant']",3.8,8,$$,"[['Saturday', '11AM–10PM'], ['Sunday', '12–9:30PM'], ['Monday', '11AM–9:30PM'], ['Tuesday', '11AM–9:30PM'], ['Wednesday', '11AM–9:30PM'], ['Thursday', '11AM–9:30PM'], ['Friday', '11AM–10PM']]"
0x87471dbd188788bb:0xb89daa97f9bff3b9,The Red Maple,"The Red Maple, 2839 North Ave, Grand Junction, CO 81501",39.076836199999995,-108.5263274,"['Chinese restaurant', 'Japanese restaurant', 'Sushi restaurant', 'Traditional restaurant']",4.3,164,,"[['Saturday', '11AM–3PM'], ['Sunday', '11AM–3PM'], ['Monday', 'Closed'], ['Tuesday', '5–8:30PM'], ['Wednesday', '5–8:30PM'], ['Thursday', '5–8:30PM'], ['Friday', '11AM–3PM']]"
0x87139e84cc209b1f:0xcd3b6336429a827e,Mo Mo West Sushi Bar and Japanese Restaurant,"Mo Mo West Sushi Bar and Japanese Restaurant, 76 N McCulloch Blvd #160, Pueblo, CO 81007",38.3379252,-104.73983439999999,"['Japanese restaurant', 'Asian restaurant', 'Sushi restaurant']",4.1,218,$$,"[['Saturday', '12–8PM'], ['Sunday', '12–7PM'], ['Monday', '11AM–8PM'], ['Tuesday', '11AM–8PM'], ['Wednesday', '11AM–8PM'], ['Thursday', '11AM–8PM'], ['Friday', '11AM–8PM']]"
0x876c89760c1c9453:0xd5ae55b8d0e228d7,Shoyu Sushi,"Shoyu Sushi, 3571 S Tower Rd Unit G, Aurora, CO 80013",39.6517348,-104.77315879999999,"['Japanese restaurant', 'Ramen restaurant', 'Sushi restaurant']",4.7,158,$$,"[['Saturday', '11AM–3PM'], ['Sunday', '12–9:30PM'], ['Monday', '11AM–3PM'], ['Tuesday', '11AM–3PM'], ['Wednesday', '11AM–3PM'], ['Thursday', '11AM–3PM'], ['Friday', '11AM–3PM']]"
0x876b81d4be034dfd:0x4fb792aa55f5fd1b,285 Japanese Restaurant,"285 Japanese Restaurant, 3650 S Wadsworth Blvd, Lakewood, CO 80235",39.649217,-105.0805644,['Japanese restaurant'],4.5,78,,"[['Saturday', '5–10PM'], ['Sunday', '5–9PM'], ['Monday', '5–9PM'], ['Tuesday', '5–9PM'], ['Wednesday', '5–9PM'], ['Thursday', 'Closed'], ['Friday', '11AM–10PM']]"
0x876c91ee8ecabb37:0x9c06ae21ca87f7d,Yutaka Japanese Bistro,"Yutaka Japanese Bistro, 105 11411, 4945 S Twenty Mile Rd, Parker, CO 80134",39.509884799999995,-104.7684869,"['Japanese restaurant', 'Sushi restaurant']",4.3,187,$$,"[['Friday', '11AM–9:30PM'], ['Saturday', '11AM–9:30PM'], ['Sunday', '11AM–9:30PM'], ['Monday', 'Closed'], ['Tuesday', '11AM–9:30PM'], ['Wednesday', '11AM–9:30PM'], ['Thursday', '11AM–9:30PM']]"
0x876c628e7f55d785:0x5a26936b6982b857,Sugami Hibachi Express,"Sugami Hibachi Express, 15434 E Mississippi Ave, Aurora, CO 80017",39.696047,-104.8078633,"['Restaurant', 'Asian fusion restaurant', 'Chinese restaurant', 'Japanese steakhouse']",3.9,196,$,"[['Friday', '11AM–10PM'], ['Saturday', '11AM–10PM'], ['Sunday', '11AM–10PM'], ['Monday', 'Closed'], ['Tuesday', '11AM–10PM'], ['Wednesday', '11AM–10PM'], ['Thursday', '11AM–10PM']]"
0x8713a30125503f83:0x6fbc7c9f733542f8,Momo Japanese Restaurant,"Momo Japanese Restaurant, 716 N Santa Fe Ave, Pueblo, CO 81003",38.273833499999995,-104.60681439999999,['Japanese restaurant'],4.2,345,$$,"[['Friday', '11AM–8PM'], ['Saturday', '12–8PM'], ['Sunday', 'Closed'], ['Monday', '11AM–8PM'], ['Tuesday', '11AM–8PM'], ['Wednesday', '11AM–8PM'], ['Thursday', '11AM–8PM']]"
0x876b85ce7c628e01:0xb2c7affbee07ab34,Thai Green & Sushi,"Thai Green & Sushi, 3300 Youngfield St Unit 7A, Wheat Ridge, CO 80033",39.763836,-105.1401825,"['Thai restaurant', 'Asian fusion restaurant', 'Asian restaurant', 'Japanese restaurant', 'Sushi restaurant']",4.0,277,$$,"[['Friday', '10:30AM–9:30PM'], ['Saturday', '10:30AM–9:30PM'], ['Sunday', '10:30AM–9:30PM'], ['Monday', '10:30AM–9:30PM'], ['Tuesday', '10:30AM–9:30PM'], ['Wednesday', '10:30AM–9:30PM'], ['Thursday', '10:30AM–9:30PM']]"
0x876c7ee3751944b7:0x76ca4cb58df45f48,Fontana Sushi,"Fontana Sushi, 534 E Alameda Ave, Denver, CO 80209",39.7110299,-104.98071949999999,"['Sushi restaurant', 'Asian restaurant', 'Bar', 'Authentic Japanese restaurant', 'Japanese restaurant', 'Delivery Restaurant', 'Takeout Restaurant', 'Seafood restaurant']",4.2,286,$$,"[['Friday', '11AM–10PM'], ['Saturday', '12AM–10PM'], ['Sunday', '4–10PM'], ['Monday', '11AM–9:30PM'], ['Tuesday', '11AM–9:30PM'], ['Wednesday', '11AM–9:30PM'], ['Thursday', '11AM–9:30PM']]"
0x876c87057b0dcdc5:0x8ebd30b95976a3ff,Teriyaki Madness,"Teriyaki Madness, 8080 E Union Ave Ste 130, Denver, CO 80237",39.6285835,-104.8952601,"['Asian fusion restaurant', 'Caterer', 'Fast food restaurant', 'Gluten-free restaurant', 'Japanese restaurant', 'Restaurant']",4.2,67,$,"[['Thursday', '10AM–8PM'], ['Friday', '10AM–8PM'], ['Saturday', '11AM–8PM'], ['Sunday', '11AM–8PM'], ['Monday', '10AM–8PM'], ['Tuesday', '10AM–8PM'], ['Wednesday', '10AM–8PM']]"
0x876c7ff6c762afdb:0x725bfc0032c9e215,Sukiya Ramen,"Sukiya Ramen, 450 Broadway, Denver, CO 80203",39.7234054,-104.9872312,['Japanese restaurant'],4.7,117,,"[['Thursday', '11:30AM–8PM'], ['Friday', '11:30AM–8PM'], ['Saturday', '11:30AM–8PM'], ['Sunday', '11:30AM–9PM'], ['Monday', '11:30AM–8PM'], ['Tuesday', '11:30AM–8PM'], ['Wednesday', '11:30AM–8PM']]"
0x876c79239a807743:0xa8b719eba56213c7,Kyu Ramen,"Kyu Ramen, 600 E Colfax Ave, Denver, CO 80203",39.7398579,-104.9797555,"['Restaurant', 'Japanese restaurant', 'Ramen restaurant']",4.7,187,,"[['Thursday', '9AM–9PM'], ['Friday', '9AM–9PM'], ['Saturday', '9AM–9PM'], ['Sunday', '9AM–9PM'], ['Monday', '9AM–9PM'], ['Tuesday', '9AM–9PM'], ['Wednesday', '9AM–9PM']]"
0x87134f2f4e62494b:0x86d87a5191be2973,Mama Poke,"Mama Poke, 3502 Hartsel Dr ste100, Colorado Springs, CO 80920",38.9388109,-104.7622122,"['Asian restaurant', 'Dumpling restaurant', 'Japanese restaurant', 'Noodle shop', 'Ramen restaurant', 'Sushi restaurant']",4.6,88,,"[['Thursday', '11AM–7:30PM'], ['Friday', '11AM–7:30PM'], ['Saturday', '11AM–7:30PM'], ['Sunday', '11AM–7:30PM'], ['Monday', '11AM–7:30PM'], ['Tuesday', '11AM–7:30PM'], ['Wednesday', '11AM–7:30PM']]"
0x87694b53ccd7c2b9:0xd2cd10f45ccc9164,Sushi Plus - Japanese and Korean Cuisine,"Sushi Plus - Japanese and Korean Cuisine, 223 Linden St, Fort Collins, CO 80524",40.588645899999996,-105.07509399999999,"['Sushi restaurant', 'Japanese restaurant', 'Korean barbecue restaurant', 'Korean restaurant']",3.9,68,,"[['Thursday', '12–9PM'], ['Friday', '12–10PM'], ['Saturday', '12–10PM'], ['Sunday', '12–9PM'], ['Monday', 'Closed'], ['Tuesday', '12–9PM'], ['Wednesday', '12–9PM']]"
0x876c8413c10b1f6f:0xa081a4784c750300,East Moon Asian Bistro,"East Moon Asian Bistro, 8162 S Holly St, Centennial, CO 80122",39.5681952,-104.92255779999999,"['Asian restaurant', 'Chinese restaurant', 'Japanese restaurant', 'Sushi restaurant']",4.2,348,$$,"[['Thursday', '11AM–9:30PM'], ['Friday', '11AM–9:30PM'], ['Saturday', '11AM–9:30PM'], ['Sunday', '12–9:30PM'], ['Monday', '11AM–9:30PM'], ['Tuesday', '11AM–9:30PM'], ['Wednesday', '11AM–9:30PM']]"
0x876cade6f3e2f911:0x3d2b51243ea7ebc4,I-Fish Japanese,"I-Fish Japanese, 562 CO-105, Monument, CO 80132",39.0982415,-104.8646251,"['Authentic Japanese restaurant', 'Restaurant']",4.0,88,$$,"[['Thursday', '11AM–9PM'], ['Friday', '11AM–10PM'], ['Saturday', '11AM–10PM'], ['Sunday', '12–9PM'], ['Monday', '11AM–9PM'], ['Tuesday', '11AM–9PM'], ['Wednesday', '11AM–9PM']]"
0x876c62c2d4c4f83b:0x2f4608d392358ee,Sarku Japan,"Sarku Japan, 14200 E Alameda Ave Space # 2064A, Aurora, CO 80012",39.7073804,-104.8237693,"['Japanese restaurant', 'Asian restaurant', 'Fast food restaurant', 'Restaurant', 'Sushi restaurant', 'Teppanyaki restaurant']",4.0,108,$,"[['Thursday', '11AM–8PM'], ['Friday', '11AM–8PM'], ['Saturday', '11AM–8PM'], ['Sunday', '12–6PM'], ['Monday', '11AM–8PM'], ['Tuesday', '11AM–8PM'], ['Wednesday', '11AM–8PM']]"
0x87410997e9900001:0x489c307c547a6a0d,Kedai Pho & Japanese Cuisine,"Kedai Pho & Japanese Cuisine, 720 Grand Ave, Glenwood Springs, CO 81601",39.547223599999995,-107.324415,"['Japanese restaurant', 'Restaurant']",4.4,374,$$,"[['Thursday', '11AM–9PM'], ['Friday', '11AM–9PM'], ['Saturday', '11AM–9PM'], ['Sunday', '11AM–9PM'], ['Monday', '11AM–9PM'], ['Tuesday', 'Closed'], ['Wednesday', '11AM–9PM']]"
0x876b8915686c0fe1:0x14f14cbaa4f26953,Sasuke Ramen,"Sasuke Ramen, 7705 Wadsworth Blvd # B, Arvada, CO 80003",39.83556,-105.082647,"['Japanese restaurant', 'Restaurant']",4.6,278,$$,"[['Thursday', '11AM–8PM'], ['Friday', '11AM–8PM'], ['Saturday', '11AM–8PM'], ['Sunday', '11AM–8PM'], ['Monday', '11AM–8PM'], ['Tuesday', 'Closed'], ['Wednesday', '11AM–8PM']]"
0x876c87f19f4973c9:0x24620b1456736655,Hiro Japanese Buffet,"Hiro Japanese Buffet, 2797 S Parker Rd, Aurora, CO 80014",39.6659632,-104.86148089999999,['Japanese restaurant'],4.2,1751,$$,"[['Tuesday', '11AM–9:30PM'], ['Wednesday', '11AM–9:30PM'], ['Thursday', '11AM–9:30PM'], ['Friday', '11AM–9:30PM'], ['Saturday', '11AM–9:30PM'], ['Sunday', '11AM–9:30PM'], ['Monday', '11AM–9:30PM']]"
0x876c78e01e8d409f:0xc7609b67538d30ae,Osaka Ramen,"Osaka Ramen, 2611 Walnut St, Denver, CO 80205",39.7595063,-104.98610529999999,"['Ramen restaurant', 'Japanese restaurant']",4.4,977,$$,"[['Tuesday', '11AM–8PM'], ['Wednesday', '11AM–8PM'], ['Thursday', '11AM–8PM'], ['Friday', '11AM–9PM'], ['Saturday', '12–9PM'], ['Sunday', '12–8PM'], ['Monday', '11AM–8PM']]"
0x876c79348e62b8c1:0x5e8b44bea909f61d,Gyu-Kaku Japanese BBQ,"Gyu-Kaku Japanese BBQ, 1998 18th St, Denver, CO 80202",39.7555159,-105.0011116,"['Japanese restaurant', 'Bar', 'Barbecue restaurant', 'Restaurant']",4.6,396,$$,"[['Monday', '12–9:30PM'], ['Tuesday', '12–9:30PM'], ['Wednesday', '12–9:30PM'], ['Thursday', '12–9:30PM'], ['Friday', '12–9:30PM'], ['Saturday', '12–9:30PM'], ['Sunday', '12–9:30PM']]"
0x8713a225d9eb6e25:0x8edc03319b917796,Miyake Japanese Restaurant,"Miyake Japanese Restaurant, 4104 Outlook Blvd, Pueblo, CO 81008",38.3108143,-104.6261662,"['Japanese restaurant', 'Asian restaurant', 'Sushi restaurant']",4.4,523,$$,"[['Sunday', 'Closed'], ['Monday', '11AM–8PM'], ['Tuesday', '11AM–8PM'], ['Wednesday', '11AM–8PM'], ['Thursday', '11AM–8PM'], ['Friday', '11AM–8PM'], ['Saturday', '11AM–8PM']]"
0x876b8c9b12d79b81:0xa63f5f496f7464e7,Tokyo Joe's - Flatirons,"Tokyo Joe's - Flatirons, Flatirons Crossing Mall, 1 W Flatiron Crossing Dr #2156, Broomfield, CO 80021",39.9321233,-105.1334335,"['Japanese restaurant', 'Asian restaurant', 'Sushi restaurant']",4.0,233,$$,"[['Sunday', '10:45AM–7:05PM'], ['Monday', '10:45AM–8:05PM'], ['Tuesday', '10:45AM–8:05PM'], ['Wednesday', '10:45AM–8:05PM'], ['Thursday', '10:45AM–8:05PM'], ['Friday', '10:45AM–8:05PM'], ['Saturday', '10:45AM–8:05PM']]"
0x871345da1115c657:0x5729883db769b32e,Hibachi-San,"Hibachi-San, The Citadel Mall, 750 Citadel Dr N # 2248, Colorado Springs, CO 80909",38.843554,-104.76315199999999,"['Japanese restaurant', 'Asian restaurant']",3.4,76,$$,"[['Sunday', 'Closed'], ['Monday', '10AM–9PM'], ['Tuesday', '10AM–9PM'], ['Wednesday', '10AM–9PM'], ['Thursday', '10AM–9PM'], ['Friday', '10AM–9PM'], ['Saturday', '10AM–9PM']]"
0x876c0bdd6729028d:0x2bd2dc232717a827,Sachi Sushi Denver,"Sachi Sushi Denver, 13801 Grant St Unit 570, Thornton, CO 80023",39.9477531,-104.98683349999999,"['Restaurant', 'Japanese restaurant', 'Japanese steakhouse', 'Sushi restaurant', 'Sushi takeaway']",4.5,271,,"[['Sunday', '11:30AM–9PM'], ['Monday', '11:30AM–9PM'], ['Tuesday', '11:30AM–9PM'], ['Wednesday', '11:30AM–9PM'], ['Thursday', '11:30AM–9PM'], ['Friday', '11:30AM–10PM'], ['Saturday', '11:30AM–10PM']]"
0x876a70a2cee707d5:0xe8b10f05b33c9353,NUDORU Ramen Bar,"NUDORU Ramen Bar, 2161 N Frontage Rd W, Vail, CO 81657",39.630369699999996,-106.41858839999999,"['Japanese restaurant', 'Asian restaurant', 'Restaurant']",3.9,77,,"[['Sunday', '12–9PM'], ['Monday', '12–9PM'], ['Tuesday', '12–9PM'], ['Wednesday', '12–9PM'], ['Thursday', '12–9PM'], ['Friday', '12–10PM'], ['Saturday', '12–10PM']]"
0x876c7933eea7c515:0xe317944926d2d5c4,Kenji Sushi,"Kenji Sushi, 1422 E 18th Ave, Denver, CO 80218",39.7446674,-104.9691702,"['Sushi restaurant', 'Asian restaurant', 'Izakaya restaurant', 'Japanese restaurant', 'Restaurant']",4.4,218,$$,"[['Sunday', '10AM–10PM'], ['Monday', '10AM–10PM'], ['Tuesday', '10AM–10PM'], ['Wednesday', '10AM–10PM'], ['Thursday', '10AM–10PM'], ['Friday', '10AM–10PM'], ['Saturday', '10AM–10PM']]"
0x876c742940b4ca9d:0x9a508c45ed7719d6,Tokyo Teriyaki Restaurant,"Tokyo Teriyaki Restaurant, 11455 Washington St, Northglenn, CO 80233",39.9046962,-104.9787403,['Japanese restaurant'],4.7,296,$$,"[['Sunday', 'Closed'], ['Monday', '11AM–8PM'], ['Tuesday', '11AM–8PM'], ['Wednesday', '11AM–8PM'], ['Thursday', '11AM–8PM'], ['Friday', '11AM–8PM'], ['Saturday', '11AM–8PM']]"
0x8713a3cdd3a7f779:0xe259a1693eb8e8af,Nori Japan Pueblo LLC,"Nori Japan Pueblo LLC, 3429 Dillon Dr, Pueblo, CO 81008",38.3027575,-104.6090033,"['Japanese restaurant', 'Restaurant']",3.9,8,$,"[['Sunday', '11AM–6PM'], ['Monday', '10AM–9PM'], ['Tuesday', '10AM–9PM'], ['Wednesday', '10AM–9PM'], ['Thursday', '10AM–9PM'], ['Friday', '10AM–9PM'], ['Saturday', '10AM–7PM']]"
0x8713436c84b90681:0x421389fe9c7f9bb4,Sushi Ai,"Sushi Ai, 6552 S Academy Blvd, Colorado Springs, CO 80906",38.766786599999996,-104.8161713,"['Sushi restaurant', 'Japanese restaurant']",4.4,335,$$,"[['Saturday', '11AM–9PM'], ['Sunday', '11AM–9PM'], ['Monday', '11AM–9PM'], ['Tuesday', 'Closed'], ['Wednesday', '11AM–9PM'], ['Thursday', '11AM–9PM'], ['Friday', '11AM–9PM']]"
0x876c7e15a9a8881f:0x436514266f58a77a,Tokyo Bowl,"Tokyo Bowl, 2337 E Evans Ave, Denver, CO 80210",39.67864,-104.959842,"['Japanese restaurant', 'Asian restaurant']",4.3,196,$,"[['Saturday', '11AM–9:30PM'], ['Sunday', '11AM–8:30PM'], ['Monday', '10AM–9:30PM'], ['Tuesday', '10AM–9:30PM'], ['Wednesday', '10AM–9:30PM'], ['Thursday', '10AM–9:30PM'], ['Friday', '11AM–9:30PM']]"
0x876c8537a4497aa7:0xd47eb4b5501394b6,ICHIBAN BUFFET,"ICHIBAN BUFFET, 9271 Park Meadows Dr, Lone Tree, CO 80124",39.5550767,-104.8815384,"['Restaurant', 'Japanese restaurant']",4.1,388,,"[['Saturday', '11AM–10PM'], ['Sunday', '11AM–9:30PM'], ['Monday', '11AM–9:30PM'], ['Tuesday', '11AM–9:30PM'], ['Wednesday', '11AM–9:30PM'], ['Thursday', '11AM–9:30PM'], ['Friday', '11AM–10PM']]"
0x876c78c2ffffffff:0xcec0f3b239b34998,Miyama of Colorado,"Miyama of Colorado, 9101 Kimmer Dr, Lone Tree, CO 80202",39.5529819,-104.8837159,"['Japanese steakhouse', 'Restaurant']",4.2,198,$$,"[['Saturday', '12–10PM'], ['Sunday', '12–9PM'], ['Monday', '11AM–2PM'], ['Tuesday', '11AM–2PM'], ['Wednesday', '11AM–2PM'], ['Thursday', '11AM–2PM'], ['Friday', '11AM–2PM']]"
0x876c78d0da4a9b41:0x529606833a7f0a6f,Obento,"Obento, 709 16th St Mall, Denver, CO 80202",39.7454611,-104.9922806,"['Japanese restaurant', 'Delivery Restaurant', 'Ramen restaurant', 'Restaurant', 'Sushi restaurant']",4.1,406,$,"[['Saturday', '12–8PM'], ['Sunday', 'Closed'], ['Monday', '12–8PM'], ['Tuesday', '12–8PM'], ['Wednesday', '12–8PM'], ['Thursday', '12–8PM'], ['Friday', '12–8PM']]"
0x876b8c84f7c14735:0x1d8ee847d7c9a9c,Taigun,"Taigun, 535 Zang St B, Broomfield, CO 80021",39.927588799999995,-105.1338595,"['Japanese restaurant', 'Restaurant', 'Seafood restaurant', 'Sushi restaurant']",3.8,108,$$,"[['Saturday', '12–2:30PM'], ['Sunday', 'Closed'], ['Monday', '12–2:30PM'], ['Tuesday', '12–2:30PM'], ['Wednesday', '12–2:30PM'], ['Thursday', '12–2:30PM'], ['Friday', '12–2:30PM']]"
0x8713447a04494b9b:0xd4f52c6129cff9d3,Bada Japanese Restaurant,"Bada Japanese Restaurant, 2777 Janitell Rd, Colorado Springs, CO 80906",38.794284999999995,-104.78766499999999,"['Japanese restaurant', 'Sushi restaurant']",4.5,546,$$,"[['Friday', '4:30–9:30PM'], ['Saturday', '4:30–9:30PM'], ['Sunday', '4:30–8:30PM'], ['Monday', 'Closed'], ['Tuesday', '4:30–8:30PM'], ['Wednesday', '4:30–8:30PM'], ['Thursday', '4:30–8:30PM']]"
0x876c7c05d1a665c3:0xe7745b4be10ab39d,Jett Sushi,"Jett Sushi, 5007 E Colfax Ave, Denver, CO 80220",39.740361299999996,-104.9294304,"['Asian fusion restaurant', 'Asian restaurant', 'Chinese restaurant', 'Japanese restaurant', 'Delivery Restaurant', 'Takeout Restaurant', 'Restaurant', 'Sushi restaurant']",4.3,307,$$,"[['Friday', '11:30AM–10PM'], ['Saturday', '11:30AM–10PM'], ['Sunday', '11:30AM–9:30PM'], ['Monday', '11:30AM–10PM'], ['Tuesday', '11:30AM–10PM'], ['Wednesday', '11:30AM–10PM'], ['Thursday', '11:30AM–10PM']]"
0x876bf32e7c4d479b:0xf3725aecfcad0342,Bao Asian Fusion & Sushi Bar,"Bao Asian Fusion & Sushi Bar, 594 McCaslin Blvd, Louisville, CO 80027",39.961698999999996,-105.16370859999999,"['Sushi restaurant', 'Asian restaurant', 'Chinese restaurant', 'Japanese restaurant', 'Southeast Asian restaurant']",4.2,364,$$,"[['Friday', '11AM–9:30PM'], ['Saturday', '11AM–9:30PM'], ['Sunday', '11AM–9:30PM'], ['Monday', '11AM–9:30PM'], ['Tuesday', '11AM–9:30PM'], ['Wednesday', '11AM–9:30PM'], ['Thursday', '11AM–9:30PM']]"
0x876af661490bd46d:0x92a9eed340a89ce7,Mountain Flying Fish,"Mountain Flying Fish, La Cima Mall, 500 S Main St, Breckenridge, CO 80424",39.477474,-106.04468469999999,"['Japanese restaurant', 'Sushi restaurant']",4.6,158,,"[['Friday', 'Closed'], ['Saturday', 'Closed'], ['Sunday', 'Closed'], ['Monday', 'Closed'], ['Tuesday', 'Closed'], ['Wednesday', 'Closed'], ['Thursday', 'Closed']]"
0x876bec30ec71faff:0x6e8518663c7d6519,Sushi Hana On the Hill,"Sushi Hana On the Hill, 1220 Pennsylvania Ave, Boulder, CO 80302",40.008504599999995,-105.2767659,"['Japanese restaurant', 'Asian restaurant', 'Restaurant', 'Sushi restaurant']",3.5,78,$$,"[['Friday', '11AM–11PM'], ['Saturday', '11AM–11PM'], ['Sunday', '4–10PM'], ['Monday', '11AM–10PM'], ['Tuesday', '11AM–10PM'], ['Wednesday', '11AM–10PM'], ['Thursday', '11AM–10PM']]"
0x876c63d0eed12057:0xf812550aa79ec456,Sushi-Rama Fitzsimons Aurora,"Sushi-Rama Fitzsimons Aurora, 13650 E Colfax Ave, Aurora, CO 80011",39.739502099999996,-104.83069049999999,"['Sushi restaurant', 'Conveyor belt sushi restaurant', 'Japanese restaurant']",4.5,238,,"[['Friday', '11AM–8PM'], ['Saturday', '11AM–8PM'], ['Sunday', '11AM–8PM'], ['Monday', '11AM–8PM'], ['Tuesday', '11AM–8PM'], ['Wednesday', '11AM–8PM'], ['Thursday', '11AM–8PM']]"
0x876c85eaca9618ed:0xc6b98cce202accae,Sushi-Rama Lone Tree,"Sushi-Rama Lone Tree, 10012 Commons St bldg c unit 106, Lone Tree, CO 80124",39.5344419,-104.880991,"['Sushi restaurant', 'Conveyor belt sushi restaurant', 'Japanese restaurant']",4.4,215,$$,"[['Thursday', '11AM–8PM'], ['Friday', '11AM–8PM'], ['Saturday', '11AM–8PM'], ['Sunday', '11AM–8PM'], ['Monday', '11AM–8PM'], ['Tuesday', '11AM–8PM'], ['Wednesday', '11AM–8PM']]"
0x87694a48a12ad3c1:0x8a080e32f21df479,NoCo International Groceries (Rams Bazaar),"NoCo International Groceries (Rams Bazaar), 1205 W Elizabeth St Suite B, Fort Collins, CO 80521",40.5741667,-105.09777779999999,"['Indian grocery store', 'Asian grocery store', 'Chinese supermarket', 'Japanese grocery store', 'Korean grocery store', 'Spice store']",4.1,98,,"[['Thursday', '11AM–8PM'], ['Friday', '11AM–8PM'], ['Saturday', '11AM–8PM'], ['Sunday', '12–5PM'], ['Monday', '11AM–8PM'], ['Tuesday', 'Closed'], ['Wednesday', '11AM–8PM']]"
0x876c7798db0762fd:0x8d323cad6bb484aa,Mika Sushi II,"Mika Sushi II, 10343 Federal Blvd H, Westminster, CO 80260",39.882302599999996,-105.0267356,"['Sushi restaurant', 'Asian restaurant', 'Japanese restaurant']",4.7,455,$$,"[['Thursday', '11AM–9:30PM'], ['Friday', '11AM–10PM'], ['Saturday', '12–10PM'], ['Sunday', '12–9PM'], ['Monday', '11AM–9:30PM'], ['Tuesday', '11AM–9:30PM'], ['Wednesday', '11AM–9:30PM']]"
0x876c78953534355f:0xeed403eafbaa9749,Sushi Sasa,"Sushi Sasa, 2401 15th St #80, Denver, CO 80202",39.756742599999995,-105.0093855,"['Sushi restaurant', 'Bar', 'Japanese restaurant']",4.5,748,$$$,"[['Thursday', '11:30AM–2:30PM'], ['Friday', '11:30AM–2:30PM'], ['Saturday', '11:30AM–2:30PM'], ['Sunday', '11:30AM–2:30PM'], ['Monday', '11:30AM–2:30PM'], ['Tuesday', '11:30AM–2:30PM'], ['Wednesday', '11:30AM–2:30PM']]"
0x876ea197a6137d47:0x64bbfa61b2a9b347,Hiroshi Teriyaki Grill,"Hiroshi Teriyaki Grill, 808 23rd St, Greeley, CO 80631",40.400951,-104.6917553,"['Japanese restaurant', 'Restaurant']",4.4,378,$,"[['Thursday', '10:30AM–9PM'], ['Friday', '10:30AM–9PM'], ['Saturday', '10:30AM–9PM'], ['Sunday', 'Closed'], ['Monday', '10:30AM–9PM'], ['Tuesday', '10:30AM–9PM'], ['Wednesday', '10:30AM–9PM']]"
0x876c7fe733c6618f:0xdd1aa58fa4a9ac82,Sawara,"Sawara, 1699 S Colorado Blvd D, Denver, CO 80222",39.6859238,-104.941395,"['Japanese restaurant', 'Sushi restaurant']",5.0,17,,"[['Wednesday', '11AM–9PM'], ['Thursday', '11AM–9PM'], ['Friday', '11AM–9PM'], ['Saturday', '11AM–9PM'], ['Sunday', '12–8PM'], ['Monday', 'Closed'], ['Tuesday', '11AM–9PM']]"
0x876c7f1f9a4cc7c3:0xa5b672f3f13c064,Go Fish Sushi Denver,"Go Fish Sushi Denver, 1 Broadway b108, Denver, CO 80203",39.7168472,-104.9877472,"['Sushi restaurant', 'Asian restaurant', 'Japanese restaurant', 'Lounge', 'Restaurant', 'Seafood restaurant']",4.5,904,$$,"[['Wednesday', '11AM–10PM'], ['Thursday', '11AM–10PM'], ['Friday', '11AM–11PM'], ['Saturday', '12–11PM'], ['Sunday', '12–9:30PM'], ['Monday', '11AM–10PM'], ['Tuesday', '11AM–10PM']]"
0x8713453d328bd8c7:0x471aa8b6b936b6ea,Yoo Mae,"Yoo Mae, 21 E Kiowa St, Colorado Springs, CO 80903",38.835130899999996,-104.82406399999999,"['Japanese restaurant', 'Asian restaurant', 'Sushi restaurant']",4.4,258,$$,"[['Wednesday', '11AM–2:30PM'], ['Thursday', '11AM–2:30PM'], ['Friday', '11AM–2:30PM'], ['Saturday', '5–10PM'], ['Sunday', 'Closed'], ['Monday', '11AM–2:30PM'], ['Tuesday', '11AM–2:30PM']]"
0x8713489b96799dc9:0xc7200b6fd4127aef,Asiana Market (Korean & Japanese) 아시아나,"Asiana Market (Korean & Japanese) 아시아나, 5740 N Carefree Cir # 200, Colorado Springs, CO 80917",38.886043,-104.72180999999999,"['Grocery store', 'Appliance store', 'Japanese grocery store', 'Korean grocery store']",4.4,333,,"[['Tuesday', '9AM–7PM'], ['Wednesday', '9AM–7PM'], ['Thursday', '9AM–7PM'], ['Friday', '9AM–7PM'], ['Saturday', '9AM–7PM'], ['Sunday', '9AM–6PM'], ['Monday', '9AM–7PM']]"
0x876953cd609ed935:0x5a0e35c5633cb217,Bowl Izakaya,"Bowl Izakaya, 1163 Eagle Dr #A, Loveland, CO 80537",40.3807361,-105.0994983,"['Restaurant', 'Japanese restaurant', 'Pub', 'Ramen restaurant', 'Seafood restaurant', 'Yakitori restaurant']",4.9,193,,"[['Tuesday', '11AM–8:30PM'], ['Wednesday', '11AM–8:30PM'], ['Thursday', '11AM–8:30PM'], ['Friday', '11AM–9:30PM'], ['Saturday', '11AM–9:30PM'], ['Sunday', '11AM–8:30PM'], ['Monday', '11AM–8:30PM']]"
0x876b8f4f095b778b:0x2c612f759ffe0cfc,Mt. Fuji Japanese Sushi & Hibachi Restaurant,"Mt. Fuji Japanese Sushi & Hibachi Restaurant, 12322 W 64th Ave, Arvada, CO 80004",39.8117404,-105.1357453,"['Japanese restaurant', 'Sushi restaurant']",4.1,498,$$,"[['Tuesday', '11AM–9PM'], ['Wednesday', '11AM–9PM'], ['Thursday', '11AM–9PM'], ['Friday', '11AM–9:30PM'], ['Saturday', '11AM–9:30PM'], ['Sunday', '12–9:15PM'], ['Monday', '11AM–9PM']]"
0x876c877248827267:0x231ceb79cef92604,Miyabi Jr.,"Miyabi Jr., 7400 E Hampden Ave, Denver, CO 80231",39.6520119,-104.903244,"['Japanese restaurant', 'Japanese steakhouse']",4.5,208,$,"[['Tuesday', '11AM–8:30PM'], ['Wednesday', '11AM–8:30PM'], ['Thursday', '11AM–8:30PM'], ['Friday', '11AM–8:30PM'], ['Saturday', '11AM–8:30PM'], ['Sunday', '12–8:30PM'], ['Monday', '11AM–8:30PM']]"
0x876c07ee09f4f09b:0xbd79da0cd16503af,Teriyaki Madness,"Teriyaki Madness, 4275 City Centre Rd Unit 500, Firestone, CO 80504",40.1595715,-104.97454959999999,"['Asian fusion restaurant', 'Caterer', 'Fast food restaurant', 'Gluten-free restaurant', 'Japanese restaurant', 'Restaurant']",4.2,213,$,"[['Tuesday', '11AM–9PM'], ['Wednesday', '11AM–9PM'], ['Thursday', '11AM–9PM'], ['Friday', '11AM–9PM'], ['Saturday', '11AM–9PM'], ['Sunday', '11AM–9PM'], ['Monday', '11AM–9PM']]"
0x876bedd2562a1707:0x8407ecf03284d6b8,Sushi Bistro TASUKI,"Sushi Bistro TASUKI, 1575 Folsom St #201, Boulder, CO 80302",40.015240999999996,-105.26341199999999,['Japanese restaurant'],4.6,234,$$,"[['Tuesday', '5–10PM'], ['Wednesday', '5–10PM'], ['Thursday', '5–10PM'], ['Friday', '5–10PM'], ['Saturday', '5–10PM'], ['Sunday', 'Closed'], ['Monday', 'Closed']]"
0x876beddfff9b0823:0x9b9d92d1ea58ec9,Osaka's,"Osaka's, 2460 Canyon Blvd #1, Boulder, CO 80302",40.0168709,-105.26276,"['Authentic Japanese restaurant', 'Izakaya restaurant', 'Okonomiyaki restaurant', 'Ramen restaurant', 'Restaurant', 'Sushi restaurant']",4.8,275,,"[['Tuesday', 'Closed'], ['Wednesday', 'Closed'], ['Thursday', '4:30–8PM'], ['Friday', '4:30–8:30PM'], ['Saturday', '4:30–8:30PM'], ['Sunday', '4:30–8:30PM'], ['Monday', '5–8PM']]"
0x87134ee49373f121:0x2fcaf1200274194a,Mobo Sushi,"Mobo Sushi, 5975 N Academy Blvd, Colorado Springs, CO 80918",38.9179148,-104.7854126,"['Japanese restaurant', 'Asian restaurant', 'Restaurant', 'Sushi restaurant']",4.2,608,$$,"[['Tuesday', '11AM–8PM'], ['Wednesday', '11AM–8PM'], ['Thursday', '11AM–8PM'], ['Friday', '11AM–8PM'], ['Saturday', '11AM–8PM'], ['Sunday', 'Closed'], ['Monday', '11AM–8PM']]"
0x876c86625e563f9d:0xfedbd89743f08e3,Tokyo Joe's - Village Center Station,"Tokyo Joe's - Village Center Station, 6380 S Fiddlers Green Cir, Greenwood Village, CO 80111",39.6012497,-104.8901046,"['Japanese restaurant', 'Asian fusion restaurant', 'Asian restaurant', 'Fast food restaurant', 'Restaurant', 'Sushi restaurant']",4.1,195,,"[['Tuesday', '10:45AM–7:05PM'], ['Wednesday', '10:45AM–7:05PM'], ['Thursday', '10:45AM–7:05PM'], ['Friday', '10:45AM–7:05PM'], ['Saturday', 'Closed'], ['Sunday', 'Closed'], ['Monday', '10:45AM–7:05PM']]"
0x876c8c48b4a90851:0xf8915b7f533bda43,Sunrise Asian Cuisine Restaurant,"Sunrise Asian Cuisine Restaurant, 7450 S. Gartrell Rd A2 A4, Aurora, CO 80016",39.5803308,-104.7227492,"['Chinese restaurant', 'Asian restaurant', 'Japanese restaurant', 'Delivery Restaurant', 'Sushi restaurant']",4.2,228,,"[['Monday', '11AM–9PM'], ['Tuesday', '4–9PM'], ['Wednesday', '11AM–9PM'], ['Thursday', '11AM–9PM'], ['Friday', '11AM–9:30PM'], ['Saturday', '11AM–9:30PM'], ['Sunday', '12–9PM']]"
0x8713436b60257341:0xc9dac3d4ff9b4726,Sushi O Sushi,"Sushi O Sushi, 3643 Star Ranch Rd, Colorado Springs, CO 80906",38.7751461,-104.8158859,"['Asian restaurant', 'Japanese restaurant', 'Restaurant', 'Sushi restaurant']",4.5,588,$$,"[['Monday', '11AM–9PM'], ['Tuesday', '11AM–9PM'], ['Wednesday', '11AM–9PM'], ['Thursday', '11AM–9PM'], ['Friday', '11AM–10PM'], ['Saturday', '12–10PM'], ['Sunday', '12–9PM']]"
0x876c89435d3341f3:0x62dfb774a996da7d,Wanna Poke & Ramen,"Wanna Poke & Ramen, 16748 E Smoky Hill Rd #9b, Centennial, CO 80015",39.6252201,-104.79308759999999,['Japanese restaurant'],4.6,178,,"[['Monday', '11AM–9PM'], ['Tuesday', 'Closed'], ['Wednesday', '11AM–9PM'], ['Thursday', '11AM–9PM'], ['Friday', '11AM–9PM'], ['Saturday', '12–9PM'], ['Sunday', '12–9PM']]"
0x8713502be85f80e5:0x3d5224aaaefba7c7,Ai Sushi & Grill,"Ai Sushi & Grill, 4655 Centennial Blvd, Colorado Springs, CO 80919",38.8990556,-104.8500217,"['Sushi restaurant', 'Japanese restaurant', 'Restaurant', 'Teppanyaki restaurant']",4.3,378,$$,"[['Monday', '11AM–2:30PM'], ['Tuesday', '11AM–2:30PM'], ['Wednesday', '11AM–2:30PM'], ['Thursday', '11AM–2:30PM'], ['Friday', '11AM–2:30PM'], ['Saturday', '5–10PM'], ['Sunday', 'Closed']]"
0x876c78c53bd06a77:0x4c8eabcdaecae267,Komotodo Sushi Burrito,"Komotodo Sushi Burrito, 1512 Larimer St, Denver, CO 80202",39.748193,-104.998087,"['Sushi restaurant', 'Asian restaurant', 'Japanese restaurant', 'Restaurant']",4.3,528,$$,"[['Monday', '11AM–9PM'], ['Tuesday', '11AM–9PM'], ['Wednesday', '11AM–9PM'], ['Thursday', '11AM–9PM'], ['Friday', '11AM–11PM'], ['Saturday', '11AM–11PM'], ['Sunday', '11AM–9PM']]"
0x876c7541bc3f81d3:0xdd722bb2ba5a1d9b,Japon Rolls & Bowls,"Japon Rolls & Bowls, 14290 Lincoln St, Thornton, CO 80023",39.9544134,-104.98383679999999,"['Restaurant', 'Asian fusion restaurant', 'Japanese restaurant', 'Sushi restaurant']",4.8,117,,"[['Monday', '11AM–9PM'], ['Tuesday', '11AM–9PM'], ['Wednesday', '11AM–9PM'], ['Thursday', '11AM–9PM'], ['Friday', '11AM–9PM'], ['Saturday', '11AM–9PM'], ['Sunday', 'Closed']]"
0x87135028e0f24a0f:0x9dd4704e3f22c5e3,OKA Ramen,"OKA Ramen, 4431 Centennial Blvd, Colorado Springs, CO 80907",38.8955708,-104.8498527,['Japanese restaurant'],4.4,426,$$,"[['Monday', '11AM–9PM'], ['Tuesday', '11AM–9PM'], ['Wednesday', '11AM–9PM'], ['Thursday', '11AM–9PM'], ['Friday', '11AM–9:30PM'], ['Saturday', '11AM–9:30PM'], ['Sunday', 'Closed']]"
0x87694ddd8c3615e5:0xd072a80233c72331,Masa Hibachi Steakhouse & Sushi | Japanese | Thai - Harmony location,"Masa Hibachi Steakhouse & Sushi | Japanese | Thai - Harmony location, 2400 E Harmony Rd, Fort Collins, CO 80528",40.523728999999996,-105.033248,"['Japanese restaurant', 'Japanese steakhouse', 'Sushi restaurant', 'Thai restaurant']",4.1,714,,"[['Monday', '11AM–10PM'], ['Tuesday', '11AM–10PM'], ['Wednesday', '11AM–10PM'], ['Thursday', '11AM–10PM'], ['Friday', '11AM–11PM'], ['Saturday', '11AM–11PM'], ['Sunday', '12–10PM']]"
0x87139800c14b4eef:0xc6cb7103af817f48,Sushi Garden,"Sushi Garden, 3915 Ivywood Ln, Pueblo, CO 81005",38.2332652,-104.66051379999999,"['Sushi restaurant', 'Asian restaurant', 'Japanese restaurant']",4.3,678,$$,"[['Sunday', '12–8PM'], ['Monday', '11AM–9PM'], ['Tuesday', '11AM–9PM'], ['Wednesday', '11AM–9PM'], ['Thursday', '11AM–9PM'], ['Friday', '11AM–9PM'], ['Saturday', '11AM–9PM']]"
0x876c78db8c8505c7:0xaa98dd00a6f92a08,Sakura House,"Sakura House, 1255 19th St, Denver, CO 80202",39.7523169,-104.9931532,"['Japanese restaurant', 'Restaurant']",4.5,196,$,"[['Sunday', 'Closed'], ['Monday', '11AM–2:30PM'], ['Tuesday', '11AM–2:30PM'], ['Wednesday', '11AM–2:30PM'], ['Thursday', '11AM–2:30PM'], ['Friday', '11AM–2:30PM'], ['Saturday', '11AM–2:30PM']]"
0x876952f702ea29af:0xe2ff779110e9ab82,Sushi Jooa,"Sushi Jooa, 198 E 29th St, Loveland, CO 80538",40.420564899999995,-105.07553329999999,['Japanese restaurant'],4.4,258,,"[['Sunday', '11AM–10PM'], ['Monday', '11AM–10PM'], ['Tuesday', '11AM–10PM'], ['Wednesday', '11AM–10PM'], ['Thursday', '11AM–10PM'], ['Friday', '11AM–10PM'], ['Saturday', '11AM–10PM']]"
0x876c7d3536c7aa01:0x3d600fe08a825a1,Pacific Ocean Marketplace - Aurora,"Pacific Ocean Marketplace - Aurora, 12303 E Mississippi Ave, Aurora, CO 80012",39.697880399999995,-104.8455615,"['Asian grocery store', 'Bakery', 'Grocery store', 'Indian grocery store', 'Japanese grocery store', 'Korean grocery store', 'Mexican grocery store', 'Produce market', 'Seafood market', 'Supermarket']",4.3,3007,,"[['Saturday', '9AM–9PM'], ['Sunday', '9AM–9PM'], ['Monday', '9AM–9PM'], ['Tuesday', '9AM–9PM'], ['Wednesday', '9AM–9PM'], ['Thursday', '9AM–9PM'], ['Friday', '9AM–9PM']]"
0x87134f4648837979:0x4be0cae94fcb383c,House of Yakitori,"House of Yakitori, 3338 Austin Bluffs Pkwy, Colorado Springs, CO 80918",38.8911076,-104.7642513,['Japanese restaurant'],4.4,278,$,"[['Saturday', '11AM–7PM'], ['Sunday', 'Closed'], ['Monday', '11AM–7PM'], ['Tuesday', '11AM–7PM'], ['Wednesday', '11AM–7PM'], ['Thursday', '11AM–7PM'], ['Friday', '11AM–7PM']]"
0x87694b7fbec079ab:0x1cb2d80450c4bdc4,Tokyo Joe's - Troutman,"Tokyo Joe's - Troutman, 100 W Troutman Pkwy, Fort Collins, CO 80525",40.529013299999995,-105.07738789999999,"['Restaurant', 'Asian fusion restaurant', 'Asian restaurant', 'Fast food restaurant', 'Japanese restaurant', 'Sushi restaurant']",4.3,458,,"[['Saturday', '10:45AM–9:05PM'], ['Sunday', '10:45AM–9:05PM'], ['Monday', '10:45AM–9:05PM'], ['Tuesday', '10:45AM–9:05PM'], ['Wednesday', '10:45AM–9:05PM'], ['Thursday', '10:45AM–9:05PM'], ['Friday', '10:45AM–9:05PM']]"
0x873f508dbea241b7:0x2d5a7e1371f7842c,Hiro Japanese Steakhouse,"Hiro Japanese Steakhouse, 228 E Main St #3649, Montrose, CO 81401",38.4782704,-107.87805639999999,"['Japanese restaurant', 'Restaurant']",4.7,428,$$,"[['Saturday', '11AM–8PM'], ['Sunday', 'Closed'], ['Monday', '11AM–8PM'], ['Tuesday', '11AM–8PM'], ['Wednesday', '11AM–8PM'], ['Thursday', '11AM–8PM'], ['Friday', '11AM–8PM']]"
0x87134e8b32d0e771:0x2c0184be0989963b,Rong Cheng Chinese Restaurant,"Rong Cheng Chinese Restaurant, 6938 N Academy Blvd, Colorado Springs, CO 80918",38.9315421,-104.7974081,"['Chinese restaurant', 'Asian restaurant', 'Japanese restaurant', 'Delivery Restaurant', 'Sushi restaurant']",4.2,378,$,"[['Saturday', '11AM–9PM'], ['Sunday', '12–9PM'], ['Monday', '4:30–8:30PM'], ['Tuesday', '11AM–8:30PM'], ['Wednesday', '11AM–8:30PM'], ['Thursday', '11AM–8:30PM'], ['Friday', '11AM–9PM']]"
0x876b883efe3f11fd:0x995803f38f06a710,Sakana Sushi & Ramen,"Sakana Sushi & Ramen, 7520 Sheridan Boulevard, Westminster, CO 80003",39.8330154,-105.0527917,"['Japanese restaurant', 'Ramen restaurant', 'Sushi restaurant']",4.7,855,$$,"[['Friday', '4:30–9PM'], ['Saturday', '4:30–9PM'], ['Sunday', '4:30–9PM'], ['Monday', 'Closed'], ['Tuesday', 'Closed'], ['Wednesday', '4:30–9PM'], ['Thursday', '4:30–9PM']]"
0x876c7e9709b9da9d:0x1adb99f1c19083d6,Kobe An Japanese Restaurant,"Kobe An Japanese Restaurant, 231 Milwaukee St, Denver, CO 80206",39.72,-104.9525,"['Japanese restaurant', 'Restaurant']",4.5,197,$$,"[['Friday', '5–9:30PM'], ['Saturday', '5–9:30PM'], ['Sunday', '5–9:30PM'], ['Monday', 'Closed'], ['Tuesday', '5–9:30PM'], ['Wednesday', '5–9:30PM'], ['Thursday', '5–9:30PM']]"
0x876ea18efc03c537:0x6dee3d6c6d1ed031,Daruma Japanese Restaurant,"Daruma Japanese Restaurant, 1702 8th Ave, Greeley, CO 80631",40.411632499999996,-104.6906204,"['Japanese restaurant', 'Asian restaurant', 'Korean restaurant']",4.3,538,$$,"[['Friday', '11AM–9:30PM'], ['Saturday', '11AM–9PM'], ['Sunday', '11AM–9PM'], ['Monday', 'Closed'], ['Tuesday', '11AM–9PM'], ['Wednesday', '11AM–9PM'], ['Thursday', '11AM–9PM']]"
0x876c625d8187fa2d:0xe0959247a8dcef4b,Saigon Tokyo,"Saigon Tokyo, 700 S Buckley Rd, Aurora, CO 80017",39.7038558,-104.7898927,"['Japanese restaurant', 'Asian restaurant', 'Delivery Restaurant', 'Sushi restaurant', 'Vietnamese restaurant']",4.4,512,$$,"[['Friday', '11AM–9:30PM'], ['Saturday', '11AM–9:30PM'], ['Sunday', '12–9PM'], ['Monday', 'Closed'], ['Tuesday', '11AM–9PM'], ['Wednesday', '11AM–9PM'], ['Thursday', '11AM–9PM']]"
0x874268db120d0c5f:0xd53c334f057114d8,720 Fusion Fresh,"720 Fusion Fresh, 720 Lincoln Ave, Steamboat Springs, CO 80487",40.4859321,-106.8337626,"['Asian fusion restaurant', 'Chinese restaurant', 'Japanese restaurant', 'Sushi restaurant', 'Tea house']",3.8,248,$$,"[['Friday', '11AM–10PM'], ['Saturday', '11AM–10PM'], ['Sunday', '11AM–10PM'], ['Monday', '11AM–10PM'], ['Tuesday', '11AM–10PM'], ['Wednesday', '11AM–10PM'], ['Thursday', '11AM–10PM']]"
0x87471c32db9f55a1:0x7fa5a75d99044949,Kuniko's Teriyaki Grill,"Kuniko's Teriyaki Grill, 2695 Patterson Rd #11, Grand Junction, CO 81506",39.0909654,-108.5534562,['Japanese restaurant'],4.4,308,,"[['Friday', '11AM–2PM'], ['Saturday', '12–2PM'], ['Sunday', 'Closed'], ['Monday', '11AM–2PM'], ['Tuesday', '11AM–2PM'], ['Wednesday', '11AM–2PM'], ['Thursday', '11AM–2PM']]"
0x876bec27ba1c63c5:0xd77e135577fc338e,Sushi Zanmai,"Sushi Zanmai, 1221 Spruce St, Boulder, CO 80302",40.0192505,-105.27978859999999,"['Sushi restaurant', 'Asian restaurant', 'Bar', 'Japanese restaurant', 'Restaurant']",4.5,718,$$,"[['Friday', '11:30AM–2PM'], ['Saturday', '11:30AM–2PM'], ['Sunday', '11:30AM–2PM'], ['Monday', 'Closed'], ['Tuesday', 'Closed'], ['Wednesday', '11:30AM–2PM'], ['Thursday', '11:30AM–2PM']]"
0x876a70694a52cfe7:0x3c6092d0ac9fdd51,Sushi Oka,"Sushi Oka, 100 E Meadow Dr, Vail, CO 81657",39.642285799999996,-106.37729039999999,"['Japanese restaurant', 'Asian restaurant', 'Sushi restaurant']",3.4,163,,"[['Thursday', '11AM–9:30PM'], ['Friday', '11AM–9:30PM'], ['Saturday', '11AM–9:30PM'], ['Sunday', '11AM–9:30PM'], ['Monday', 'Closed'], ['Tuesday', 'Closed'], ['Wednesday', '11AM–9:30PM']]"
0x876a77c43e86fce3:0xa9013a5221be58ff,Nozawa Sushi & Teppanyaki,"Nozawa Sushi & Teppanyaki, 240 Chapel Pl, Avon, CO 81620",39.632303,-106.51862399999999,"['Sushi restaurant', 'Asian restaurant', 'Japanese restaurant']",4.2,364,$$,"[['Thursday', '11:30AM–9:30PM'], ['Friday', '11:30AM–9:30PM'], ['Saturday', '12–9:30PM'], ['Sunday', '12–9:30PM'], ['Monday', '11:30AM–9:30PM'], ['Tuesday', '11:30AM–9:30PM'], ['Wednesday', '11:30AM–9:30PM']]"
0x876c7e07bf12466f:0xc891a1494a3e08c2,Kiki's Japanese Casual Dining,"Kiki's Japanese Casual Dining, 2440 S Colorado Blvd, Denver, CO 80222",39.672453999999995,-104.94014829999999,"['Japanese restaurant', 'Restaurant']",4.6,478,$$,"[['Thursday', '11AM–9PM'], ['Friday', '11AM–9PM'], ['Saturday', '11AM–9PM'], ['Sunday', 'Closed'], ['Monday', '11AM–9PM'], ['Tuesday', '11AM–9PM'], ['Wednesday', '11AM–9PM']]"
0x876c807e6b140001:0xfce252b0b06ed0c2,Aki Japanese Cuisine,"Aki Japanese Cuisine, 3484 S Broadway, Englewood, CO 80113",39.6534735,-104.98719229999999,"['Traditional restaurant', 'Japanese restaurant']",4.6,276,$$,"[['Thursday', '11AM–10PM'], ['Friday', '11:30AM–10:30PM'], ['Saturday', '11:30AM–10:30PM'], ['Sunday', '11:30AM–10PM'], ['Monday', 'Closed'], ['Tuesday', '11AM–10PM'], ['Wednesday', '11AM–10PM']]"
0x871351681603980f:0x18b4a86fbbd7b4e4,Oka Ramen 3,"Oka Ramen 3, 964 Manitou Ave, Manitou Springs, CO 80829",38.8592787,-104.91932659999999,"['Japanese restaurant', 'Asian restaurant', 'Ramen restaurant']",4.4,145,,"[['Thursday', '11AM–8PM'], ['Friday', '11AM–8PM'], ['Saturday', '11AM–8PM'], ['Sunday', '12–8PM'], ['Monday', 'Closed'], ['Tuesday', '11AM–8PM'], ['Wednesday', '11AM–8PM']]"
0x876b7f10d7e12b4b:0x43bc5a8983ea971b,Fontana Sushi,"Fontana Sushi, 8601 W Cross Dr #F4, Littleton, CO 80123",39.615918,-105.0936242,"['Japanese restaurant', 'Asian restaurant', 'Takeout Restaurant', 'Sushi restaurant']",4.6,398,$$,"[['Thursday', '11AM–9:30PM'], ['Friday', '11AM–10PM'], ['Saturday', '12–10PM'], ['Sunday', '12–9PM'], ['Monday', '11AM–9:30PM'], ['Tuesday', '11AM–9:30PM'], ['Wednesday', '11AM–9:30PM']]"
0x8741ab959fae86ed:0x2ebcbd2325f46a2,Beijin-Tokyo,"Beijin-Tokyo, 1194 CO-133, Carbondale, CO 81623",39.399159999999995,-107.217846,"['Chinese restaurant', 'Asian restaurant', 'Japanese restaurant']",4.5,184,$$,"[['Thursday', '11AM–10PM'], ['Friday', '11AM–10PM'], ['Saturday', '11AM–10PM'], ['Sunday', '11AM–10PM'], ['Monday', '11AM–10PM'], ['Tuesday', '11AM–10PM'], ['Wednesday', '11AM–10PM']]"
0x876b86e06a9a7a9f:0x3192c278a7c9f516,Soho Hibachi Express,"Soho Hibachi Express, 1990 Wadsworth Blvd # 9, Lakewood, CO 80214",39.7470636,-105.08062989999999,"['Chinese restaurant', 'Japanese restaurant']",3.5,153,$,"[['Thursday', '11AM–11PM'], ['Friday', '11AM–11PM'], ['Saturday', '11AM–11PM'], ['Sunday', '11AM–11PM'], ['Monday', '11AM–11PM'], ['Tuesday', '11AM–11PM'], ['Wednesday', '11AM–11PM']]"
0x876c78936ab587f5:0xf0150576c888c4d,Bamboo Sushi Izakaya,"Bamboo Sushi Izakaya, 2715 17th St, Denver, CO 80211",39.7615646,-105.01055559999999,"['Sushi restaurant', 'Asian fusion restaurant', 'Asian restaurant', 'Bar', 'Fine dining restaurant', 'Japanese restaurant', 'Pan-Asian restaurant', 'Restaurant', 'Seafood restaurant', 'Vegetarian restaurant']",4.4,326,$$,"[['Thursday', '2–10PM'], ['Friday', '2–10PM'], ['Saturday', '2–10PM'], ['Sunday', '2–10PM'], ['Monday', 'Closed'], ['Tuesday', 'Closed'], ['Wednesday', '2–10PM']]"
0x876c7e75a9eab873:0x7dd5342826a1acca,Jaya Asian Grill,"Jaya Asian Grill, 1699 S Colorado Blvd B, Denver, CO 80222",39.685924,-104.941214,"['Southeast Asian restaurant', 'Chinese restaurant', 'Japanese restaurant', 'Delivery Restaurant', 'Singaporean restaurant', 'South Asian restaurant', 'Thai restaurant']",4.3,347,,"[['Thursday', '11AM–9PM'], ['Friday', '11AM–9PM'], ['Saturday', '12–9PM'], ['Sunday', '12–9PM'], ['Monday', '11AM–9PM'], ['Tuesday', '11AM–9PM'], ['Wednesday', '11AM–9PM']]"
0x876eb352175ad78d:0xa6969f285b31bc1f,Suehiro Japanese Restaurant,"Suehiro Japanese Restaurant, 4431 Corbett Dr Suite 104, Fort Collins, CO 80525",40.525272199999996,-105.0271843,"['Japanese restaurant', 'Restaurant', 'Sushi restaurant']",4.3,478,$$,"[['Thursday', '11AM–9:30PM'], ['Friday', '11AM–10PM'], ['Saturday', '11AM–10PM'], ['Sunday', '11AM–9:30PM'], ['Monday', '11AM–9:30PM'], ['Tuesday', '11AM–9:30PM'], ['Wednesday', '11AM–9:30PM']]"
0x87694a4624a340a5:0xb2579c204a5d9148,Nimo's Sushi & Japanese Restaurant,"Nimo's Sushi & Japanese Restaurant, 921 E Harmony Rd #104, Fort Collins, CO 80525",40.522745,-105.0609142,"['Japanese restaurant', 'Sushi restaurant']",4.5,233,$$$,"[['Thursday', '5–9PM'], ['Friday', '5–9PM'], ['Saturday', '5–9PM'], ['Sunday', 'Closed'], ['Monday', 'Closed'], ['Tuesday', 'Closed'], ['Wednesday', '5–9PM']]"
0x87134522f507f733:0x4acee6038c9da44c,Fujiyama,"Fujiyama, 22 S Tejon St, Colorado Springs, CO 80903",38.83303,-104.823927,['Japanese restaurant'],4.0,883,$$,"[['Thursday', '11AM–2:30PM'], ['Friday', '11AM–2:30PM'], ['Saturday', '11AM–2:30PM'], ['Sunday', '5–9PM'], ['Monday', '11AM–2:30PM'], ['Tuesday', '11AM–2:30PM'], ['Wednesday', '11AM–2:30PM']]"
0x876c7e78c8c1f9f7:0x3996f8e75bed73a2,Tokyo Joe's - Colo Blvd,"Tokyo Joe's - Colo Blvd, 1000 S Colorado Blvd, Glendale, CO 80246",39.6982196,-104.93940529999999,"['Asian fusion restaurant', 'Asian restaurant', 'Fast food restaurant', 'Japanese restaurant', 'Sushi restaurant']",4.1,338,$$,"[['Thursday', '10:40AM–9:05PM'], ['Friday', '10:40AM–9:05PM'], ['Saturday', '10:40AM–9:05PM'], ['Sunday', '10:40AM–9:05PM'], ['Monday', '10:40AM–9:05PM'], ['Tuesday', '10:40AM–9:05PM'], ['Wednesday', '10:40AM–9:05PM']]"
0x876c7e9a1bfeaaab:0x8a22e363990147bc,Matsuhisa Denver,"Matsuhisa Denver, 98 Steele St, Denver, CO 80206",39.7176022,-104.9496064,"['Sushi restaurant', 'Fine dining restaurant', 'Japanese restaurant', 'Takeout Restaurant', 'Restaurant']",4.7,623,$$$$,"[['Thursday', '5–9PM'], ['Friday', '5–9:30PM'], ['Saturday', '5–9:30PM'], ['Sunday', '5–9PM'], ['Monday', '5–9PM'], ['Tuesday', '5–9PM'], ['Wednesday', '5–9PM']]"
0x876c761ad36b608f:0xdcc9232d86193aa6,Sushi Yume,"Sushi Yume, 8616 #400, 10350 N Federal Blvd, Federal Heights, CO 80260",39.8842218,-105.022796,"['Japanese restaurant', 'Restaurant', 'Sushi restaurant']",4.3,418,$$,"[['Wednesday', '11AM–9PM'], ['Thursday', '11AM–9PM'], ['Friday', '11AM–9PM'], ['Saturday', '11AM–9PM'], ['Sunday', '11AM–9PM'], ['Monday', '11AM–9PM'], ['Tuesday', 'Closed']]"
0x876c85899b89c32d:0x3e621a0349ee2ed6,Washoku Japanese Cuisine,"Washoku Japanese Cuisine, 9226 Park Meadows Dr #100, Lone Tree, CO 80124",39.5546527,-104.8834766,"['Japanese restaurant', 'Asian restaurant', 'Ramen restaurant', 'Sushi restaurant']",4.5,107,,"[['Wednesday', '11AM–9:30PM'], ['Thursday', '11AM–9:30PM'], ['Friday', '11AM–10PM'], ['Saturday', '11AM–10PM'], ['Sunday', '4:30–9:30PM'], ['Monday', '11AM–9:30PM'], ['Tuesday', '11AM–9:30PM']]"
0x876c990e9954c275:0xe6ffa0962e371e3a,Sushi Castle,"Sushi Castle, 729 Barranca Drive Suite #105, Castle Rock, CO 80104",39.4061348,-104.8551758,"['Japanese restaurant', 'Sushi restaurant']",4.3,158,,"[['Wednesday', '11AM–2:30PM'], ['Thursday', '11AM–2:30PM'], ['Friday', '11AM–2:30PM'], ['Saturday', '11AM–2:30PM'], ['Sunday', '12–9PM'], ['Monday', '11AM–2:30PM'], ['Tuesday', '11AM–2:30PM']]"
0x876c8f0a4c372a67:0xb9030be3ce7e0acf,Bonchon Aurora - S Cornerstar Way,"Bonchon Aurora - S Cornerstar Way, 6790 S Cornerstar Way Unit A, Aurora, CO 80016",39.593014,-104.80649,"['Asian fusion restaurant', 'Asian restaurant', 'Chicken restaurant', 'Chicken wings restaurant', 'Fried chicken takeaway', 'Japanese restaurant', 'Korean restaurant', 'Pan-Asian restaurant']",3.9,64,,"[['Wednesday', '11AM–10PM'], ['Thursday', '11AM–10PM'], ['Friday', '11AM–11PM'], ['Saturday', '11AM–11PM'], ['Sunday', '11AM–10PM'], ['Monday', '11AM–10PM'], ['Tuesday', '11AM–10PM']]"
0x876a5b83722e72ef:0x8c7b17003c395547,Nozawa Sushi & Hibachi,"Nozawa Sushi & Hibachi, 282 Dillon Ridge Rd # B, Dillon, CO 80435",39.630258,-106.0566946,"['Sushi restaurant', 'Asian fusion restaurant', 'Japanese restaurant', 'Japanese steakhouse', 'Mandarin restaurant', 'Restaurant', 'Teppanyaki restaurant']",4.3,580,$$,"[['Wednesday', '11:30AM–9PM'], ['Thursday', '11:30AM–9PM'], ['Friday', '11:30AM–9:30PM'], ['Saturday', '12–9:30PM'], ['Sunday', '12–9PM'], ['Monday', '11:30AM–9PM'], ['Tuesday', '11:30AM–9PM']]"
0x876c7e96f31fa259:0x4d0bcc254c5e4e83,Hapa Sushi Grill and Sake Bar,"Hapa Sushi Grill and Sake Bar, 3030 E 2nd Ave Ste 105, Denver, CO 80206",39.7192253,-104.9512749,"['Sushi restaurant', 'Japanese restaurant', 'Restaurant']",4.4,868,$$,"[['Wednesday', '11AM–10PM'], ['Thursday', '11AM–10PM'], ['Friday', '11AM–11PM'], ['Saturday', '11AM–11PM'], ['Sunday', '11AM–10PM'], ['Monday', '11AM–10PM'], ['Tuesday', '11AM–10PM']]"
0x8713452c34e95bef:0x161fc2a0ace3d42a,House Of Sushi,"House Of Sushi, 308 S 8th St Unit M, Colorado Springs, CO 80905",38.8313698,-104.84229649999999,"['Japanese restaurant', 'Sushi restaurant']",4.1,257,,"[['Tuesday', '12–9PM'], ['Wednesday', '12–9PM'], ['Thursday', '12–9PM'], ['Friday', '12–9PM'], ['Saturday', '12–9PM'], ['Sunday', 'Closed'], ['Monday', '12–9PM']]"
0x876c7f695917238d:0x7b5ac761d102a6e6,Pacific Ocean Marketplace - Denver,"Pacific Ocean Marketplace - Denver, 2200 W Alameda Ave #2B, Denver, CO 80223",39.710505,-105.01359599999999,"['Asian grocery store', 'Bakery', 'Grocery store', 'Japanese grocery store', 'Korean grocery store', 'Oriental goods store', 'Produce market', 'Seafood market', 'Supermarket', 'Wholesaler']",4.2,488,,"[['Tuesday', '9AM–8PM'], ['Wednesday', '9AM–8PM'], ['Thursday', '9AM–8PM'], ['Friday', '9AM–8PM'], ['Saturday', '9AM–8PM'], ['Sunday', '9AM–8PM'], ['Monday', '9AM–8PM']]"
0x876c8d0c7c1e2f9b:0x1043e8d6611f07c7,Mt. Fuji Sushi & Hibachi,"Mt. Fuji Sushi & Hibachi, 6100 S Main St H101, Aurora, CO 80016",39.6055947,-104.708338,"['Japanese restaurant', 'Asian fusion restaurant', 'Diner', 'Lunch restaurant', 'Takeout Restaurant', 'Restaurant', 'Steak house', 'Sushi restaurant']",4.4,273,,"[['Tuesday', '11AM–10PM'], ['Wednesday', '11AM–10PM'], ['Thursday', '11AM–10PM'], ['Friday', '11AM–10:30PM'], ['Saturday', '11AM–10:30PM'], ['Sunday', '11AM–10PM'], ['Monday', '11AM–10PM']]"
0x876c86f94c89f0d9:0x64c457b70cd5e325,Bara Sushi,"Bara Sushi, 8000 E Belleview Ave D50, Greenwood Village, CO 80111",39.6225303,-104.8958018,"['Japanese restaurant', 'Sushi restaurant', 'Thai restaurant']",4.4,228,$$,"[['Tuesday', '11AM–2:30PM'], ['Wednesday', '11AM–2:30PM'], ['Thursday', '11AM–2:30PM'], ['Friday', '11AM–2:30PM'], ['Saturday', '12–9:30PM'], ['Sunday', '12–9PM'], ['Monday', '11AM–2:30PM']]"
0x876bed91cf435c45:0xdfd15ad8f30de2d9,Gaku Ramen Boulder,"Gaku Ramen Boulder, 1119 13th St, Boulder, CO 80302",40.007632,-105.2765075,"['Restaurant', 'Japanese restaurant', 'Delivery Restaurant', 'Ramen restaurant']",4.3,168,,"[['Tuesday', '12–8PM'], ['Wednesday', '12–8PM'], ['Thursday', '12–8PM'], ['Friday', '12–8PM'], ['Saturday', '12–8PM'], ['Sunday', 'Closed'], ['Monday', 'Closed']]"
0x87134ebd4eaace2f:0x41265086ab911957,Kohnami Sushi,"Kohnami Sushi, 7673 N Union Blvd, Colorado Springs, CO 80920",38.942043,-104.77344459999999,['Japanese restaurant'],4.4,458,$$,"[['Tuesday', '11AM–9PM'], ['Wednesday', '11AM–9PM'], ['Thursday', '11AM–9PM'], ['Friday', '11AM–9PM'], ['Saturday', '11AM–9PM'], ['Sunday', 'Closed'], ['Monday', 'Closed']]"
0x87694b919b72786d:0x9eca768bfcd6a353,Hibachi Japanese Steakhouse and Sushi Restaurant,"Hibachi Japanese Steakhouse and Sushi Restaurant, 1051 W Horsetooth Rd, Fort Collins, CO 80526",40.537012,-105.095776,"['Japanese restaurant', 'Bar', 'Kyoto style Japanese restaurant', 'Lounge']",4.0,558,$$,"[['Tuesday', '4–9PM'], ['Wednesday', '4–9PM'], ['Thursday', '4–9PM'], ['Friday', '3–10PM'], ['Saturday', '3–10PM'], ['Sunday', '12AM–9PM'], ['Monday', '4–9PM']]"
0x876bf4429f8c25ab:0x6ac657d3269e932b,Rocky Mountain Ramen,"Rocky Mountain Ramen, 3336 Arapahoe Rd unit d, Erie, CO 80516",40.0158738,-105.10239539999999,"['Ramen restaurant', 'Japanese restaurant', 'Restaurant']",4.1,396,$$,"[['Tuesday', '11AM–2:30PM'], ['Wednesday', '11AM–2:30PM'], ['Thursday', '11AM–2:30PM'], ['Friday', '11AM–2:30PM'], ['Saturday', '11:30AM–9PM'], ['Sunday', '11:30AM–8PM'], ['Monday', '11AM–2:30PM']]"
0x876b8a99491f48fb:0x3940e7233a98329b,Mr. Sake Sushi & Grill,"Mr. Sake Sushi & Grill, 1387 E South Boulder Rd, Louisville, CO 80027",39.987190999999996,-105.1234798,"['Sushi restaurant', 'Asian restaurant', 'Chinese restaurant', 'Japanese restaurant', 'Noodle shop']",4.3,138,$$,"[['Tuesday', '11AM–9PM'], ['Wednesday', '11AM–9PM'], ['Thursday', '11AM–9PM'], ['Friday', '11AM–9:30PM'], ['Saturday', '12–9:30PM'], ['Sunday', '12–9:30PM'], ['Monday', '11AM–9PM']]"
0x876b81d27c8ec5f5:0x6e9bd5a09083a36,Peking-Tokyo Restaurant,"Peking-Tokyo Restaurant, 3355 S Wadsworth Blvd, Lakewood, CO 80227",39.654582399999995,-105.0818724,"['Chinese restaurant', 'Japanese restaurant', 'Restaurant']",4.3,388,$,"[['Tuesday', '11AM–9PM'], ['Wednesday', '11AM–9PM'], ['Thursday', '11AM–9PM'], ['Friday', '11AM–9:30PM'], ['Saturday', '11AM–9:30PM'], ['Sunday', '12–8PM'], ['Monday', '11AM–9PM']]"
0x876b85ae0a354caf:0xeed7d14c16917d40,Teriyaki Madness,"Teriyaki Madness, 3500 Youngfield St Ste A, Wheat Ridge, CO 80033",39.765673799999995,-105.1420224,"['Asian fusion restaurant', 'Caterer', 'Fast food restaurant', 'Gluten-free restaurant', 'Japanese restaurant', 'Restaurant']",4.2,228,$,"[['Tuesday', '11AM–9PM'], ['Wednesday', '11AM–9PM'], ['Thursday', '11AM–9PM'], ['Friday', '11AM–9PM'], ['Saturday', '11AM–9PM'], ['Sunday', '11AM–8PM'], ['Monday', '11AM–9PM']]"
0x87471e9f247ce2c9:0x502e2de8f9fe1086,Zen Garden,"Zen Garden, 2886 North Ave, Grand Junction, CO 81501",39.077652,-108.517816,"['Sushi restaurant', 'Asian restaurant', 'Japanese restaurant']",3.6,544,$$,"[['Tuesday', 'Closed'], ['Wednesday', '11AM–9:30PM'], ['Thursday', '11AM–9:30PM'], ['Friday', '11AM–10PM'], ['Saturday', '11AM–10PM'], ['Sunday', '11AM–9PM'], ['Monday', '11AM–9:30PM']]"
0x87134f47bdba4df1:0x3d267d953d8d271,Oka Ramen 2,"Oka Ramen 2, 5605 N Academy Blvd, Colorado Springs, CO 80918",38.9114747,-104.7875242,"['Japanese restaurant', 'Asian restaurant', 'Ramen restaurant']",4.4,445,,"[['Tuesday', '11AM–8PM'], ['Wednesday', '11AM–8PM'], ['Thursday', '11AM–8PM'], ['Friday', '11AM–8PM'], ['Saturday', '11AM–8PM'], ['Sunday', '12–8PM'], ['Monday', 'Closed']]"
0x876c788b1d719981:0x21e4232c870a4a6d,The Wolf's Tailor,"The Wolf's Tailor, 4058 Tejon St, Denver, CO 80211",39.772835199999996,-105.011101,"['Restaurant', 'Cocktail bar', 'Italian restaurant', 'Japanese restaurant']",4.7,313,,"[['Tuesday', '5–9PM'], ['Wednesday', '5–9PM'], ['Thursday', '5–9PM'], ['Friday', '5–9PM'], ['Saturday', '5–9PM'], ['Sunday', '5–9PM'], ['Monday', 'Closed']]"
0x876c7eb51c4019af:0xd83a89ea5d2c7c29,Okinawa Japanese Cuisine,"Okinawa Japanese Cuisine, 2301 E Colfax Ave, Denver, CO 80206",39.740175,-104.95964629999999,"['Japanese restaurant', 'Asian restaurant', 'Restaurant', 'Sushi restaurant']",4.4,498,$$,"[['Tuesday', '11AM–9PM'], ['Wednesday', '11AM–9PM'], ['Thursday', '11AM–9PM'], ['Friday', '11AM–10PM'], ['Saturday', '12–10PM'], ['Sunday', '12–9PM'], ['Monday', '11AM–9PM']]"
0x876c7e1452b5037d:0xd18b18ea226d8679,Ginza Sushi & Grill,"Ginza Sushi & Grill, 2104 S University Blvd, Denver, CO 80210",39.6781411,-104.95908709999999,['Japanese restaurant'],4.4,198,$$,"[['Monday', 'Closed'], ['Tuesday', '3–10PM'], ['Wednesday', '3–10PM'], ['Thursday', '3–10PM'], ['Friday', '3–10PM'], ['Saturday', '3–10PM'], ['Sunday', '3–10PM']]"
0x87148f822634627d:0x631b9ab2f681a1de,MoMo Sushi. Wok. Grill,"MoMo Sushi. Wok. Grill, 1540 Royal Gorge Blvd Suite D, Cañon City, CO 81212",38.4460623,-105.2254365,"['Restaurant', 'Asian fusion restaurant', 'Asian restaurant', 'Japanese restaurant', 'Sushi restaurant']",4.3,566,$$,"[['Monday', 'Closed'], ['Tuesday', '11:30AM–8PM'], ['Wednesday', '11:30AM–8PM'], ['Thursday', '11:30AM–8PM'], ['Friday', '11:30AM–8PM'], ['Saturday', '11:30AM–8PM'], ['Sunday', 'Closed']]"
0x876bfa217b1bfd89:0xde0377722502762a,Sushi Leo,"Sushi Leo, 2315 Clover Basin Dr, Longmont, CO 80503",40.143665399999996,-105.132165,"['Japanese restaurant', 'Asian restaurant', 'Authentic Japanese restaurant', 'Sushi restaurant']",4.6,208,$$,"[['Monday', '4–9PM'], ['Tuesday', '11:30AM–2:30PM'], ['Wednesday', '11:30AM–2:30PM'], ['Thursday', '11:30AM–2:30PM'], ['Friday', '11:30AM–2:30PM'], ['Saturday', '11:30AM–2:30PM'], ['Sunday', '11:30AM–2:30PM']]"
0x876c8c7c49c3666b:0x240cfb8c0c7e8463,Tokyo Joe's - Southlands,"Tokyo Joe's - Southlands, 23955 E Plaza Ave, Aurora, CO 80016",39.6062777,-104.7085977,"['Japanese restaurant', 'Asian restaurant', 'Fast food restaurant', 'Sushi restaurant']",3.7,274,,"[['Monday', '10:25AM–9:05PM'], ['Tuesday', '10:25AM–9:05PM'], ['Wednesday', '10:25AM–9:05PM'], ['Thursday', '10:25AM–9:05PM'], ['Friday', '10:25AM–9:05PM'], ['Saturday', '10:25AM–9:05PM'], ['Sunday', '10:45AM–8:05PM']]"
0x87403bd8014e3d33:0x176ec7723baf2ce5,Kenichi,"Kenichi, 533 E Hopkins Ave #2, Aspen, CO 81611",39.189187,-106.8175074,"['Japanese restaurant', 'Steak house', 'Sushi restaurant']",4.4,218,$$$,"[['Monday', 'Closed'], ['Tuesday', '5–8:30PM'], ['Wednesday', '5–8:30PM'], ['Thursday', '5–8:30PM'], ['Friday', '5–8:30PM'], ['Saturday', '5–8:30PM'], ['Sunday', '5–8:30PM']]"
0x876bedd1adc31fab:0xee42dce8ab1ad2cb,Motomaki - Sushi Burritos and Bowls,"Motomaki - Sushi Burritos and Bowls, 1600 28th St, Boulder, CO 80301",40.0158548,-105.2578285,"['Sushi restaurant', 'Burrito restaurant', 'Japanese restaurant']",4.4,577,$$,"[['Monday', '11AM–10PM'], ['Tuesday', '11AM–10PM'], ['Wednesday', '11AM–10PM'], ['Thursday', '11AM–10PM'], ['Friday', '11AM–10PM'], ['Saturday', '11AM–10PM'], ['Sunday', '11AM–10PM']]"
0x876c7e07df6240ad:0xfffd11be1dafbbe7,Kokoro Denver,"Kokoro Denver, 2390 S Colorado Blvd, Denver, CO 80222",39.673528,-104.939886,"['Japanese restaurant', 'Asian restaurant', 'Restaurant', 'Sushi restaurant']",4.5,1168,$,"[['Monday', '11AM–9PM'], ['Tuesday', '11AM–9PM'], ['Wednesday', '11AM–9PM'], ['Thursday', '11AM–9PM'], ['Friday', '11AM–9:30PM'], ['Saturday', '11AM–9:30PM'], ['Sunday', '11AM–9PM']]"
0x876bedd23b3cf86d:0xdca4432efde54154,Tokyo Joe's - Boulder,"Tokyo Joe's - Boulder, 2525 Arapahoe Ave H2b, Boulder, CO 80302",40.015099899999996,-105.26030999999999,"['Restaurant', 'Asian fusion restaurant', 'Asian restaurant', 'Fast food restaurant', 'Japanese restaurant', 'Sushi restaurant']",4.0,104,$$,"[['Monday', '10:45AM–9:05PM'], ['Tuesday', '10:45AM–9:05PM'], ['Wednesday', '10:45AM–9:05PM'], ['Thursday', '10:45AM–9:05PM'], ['Friday', '10:45AM–9:05PM'], ['Saturday', '10:45AM–9:05PM'], ['Sunday', '11AM–9:05PM']]"
0x876bf48b1ff19177:0xdd840f6849aaf026,Sushi Aji,"Sushi Aji, 489 US-287 #100, Lafayette, CO 80026",40.001825,-105.103979,"['Sushi restaurant', 'Japanese restaurant']",4.4,273,$$,"[['Monday', '3:30–8:45PM'], ['Tuesday', '3:30–8:45PM'], ['Wednesday', '3:30–8:45PM'], ['Thursday', '3:30–8:45PM'], ['Friday', '3:30–8:45PM'], ['Saturday', '3:30–8:45PM'], ['Sunday', '3:30–8:45PM']]"
0x876af665c9306d49:0x33464c831eaeec09,Asobi Teppanyaki,"Asobi Teppanyaki, 110 South Park Avenue, Breckenridge, CO 80424",39.480897999999996,-106.047488,"['Japanese restaurant', 'Asian restaurant', 'Chinese restaurant', 'Sushi restaurant']",4.1,347,$$,"[['Monday', '4–9:30PM'], ['Tuesday', '4–9:30PM'], ['Wednesday', '11AM–9:30PM'], ['Thursday', '11AM–9:30PM'], ['Friday', '11AM–9:30PM'], ['Saturday', '11AM–9:30PM'], ['Sunday', '11AM–9:30PM']]"
0x87148131165f778b:0x76136f19569962d7,Ito Japanese Steakhouse Sushi & Thai Restaurant,"Ito Japanese Steakhouse Sushi & Thai Restaurant, 114 W Main St, Florence, CO 81226",38.3902814,-105.11836179999999,"['Sushi restaurant', 'Japanese restaurant', 'Japanese steakhouse', 'Restaurant', 'Thai restaurant']",4.7,750,$$,"[['Sunday', '11AM–9PM'], ['Monday', '10:30AM–9PM'], ['Tuesday', '10:30AM–9PM'], ['Wednesday', '10:30AM–9PM'], ['Thursday', '10:30AM–9PM'], ['Friday', '10:30AM–9:30PM'], ['Saturday', '11:30AM–9:30PM']]"
0x876b8a72dc49438d:0x766781d262ca3e0f,Zen Asian Bistro & Sushi,"Zen Asian Bistro & Sushi, 11940 Bradburn Blvd #5091, Westminster, CO 80031",39.913382,-105.041343,"['Bistro', 'Asian restaurant', 'Japanese restaurant', 'Sushi restaurant']",4.2,268,$$,"[['Sunday', '11AM–9PM'], ['Monday', '11AM–9PM'], ['Tuesday', '11AM–9PM'], ['Wednesday', '11AM–9PM'], ['Thursday', '11AM–9PM'], ['Friday', '11AM–9PM'], ['Saturday', '11AM–9PM']]"
0x876c7ee173bb8d69:0x2531b4c12f07c08f,Taki Sushi,"Taki Sushi, 420 E Bayaud Ave, Denver, CO 80209",39.7145656,-104.98218299999999,"['Japanese restaurant', 'Asian restaurant', 'Sushi restaurant']",4.6,407,$$,"[['Sunday', '4–10PM'], ['Monday', '4–10:30PM'], ['Tuesday', '4–10:30PM'], ['Wednesday', '4–10:30PM'], ['Thursday', '4–10:30PM'], ['Friday', '4–11PM'], ['Saturday', '4–11PM']]"
0x87134be28d97ca49:0x1a1f7ff11935760f,Ninja Bowl,"Ninja Bowl, 9697 Prominent Point #116, Colorado Springs, CO 80924",38.972328399999995,-104.7436778,"['Restaurant', 'Hawaiian restaurant', 'Japanese restaurant', 'Delivery Restaurant', 'Sushi restaurant']",4.4,152,,"[['Sunday', '11AM–7PM'], ['Monday', '10:30AM–8PM'], ['Tuesday', '10:30AM–8PM'], ['Wednesday', '10:30AM–8PM'], ['Thursday', '10:30AM–8PM'], ['Friday', '10:30AM–8PM'], ['Saturday', '10:30AM–8PM']]"
0x87133774b9aa13f1:0x37b2b917ddf090d9,Ban Sushi,"Ban Sushi, 11910 Tourmaline Dr, Peyton, CO 80831",38.9723719,-104.6069909,['Japanese restaurant'],4.6,38,,"[['Sunday', '12–8:30PM'], ['Monday', '11:30AM–2:30PM'], ['Tuesday', 'Closed'], ['Wednesday', '11:30AM–2:30PM'], ['Thursday', '11:30AM–2:30PM'], ['Friday', '11:30AM–2:30PM'], ['Saturday', '12–9PM']]"
0x876c7ed523492b21:0x1284448e42c368a5,Tokyo Joe's - Grant,"Tokyo Joe's - Grant, 1360 Grant St, Denver, CO 80203",39.73767,-104.983274,"['Restaurant', 'Asian fusion restaurant', 'Asian restaurant', 'Fast food restaurant', 'Japanese restaurant', 'Sushi restaurant']",4.1,298,$$,"[['Sunday', '10:45AM–8PM'], ['Monday', '10:45AM–9PM'], ['Tuesday', '10:45AM–9PM'], ['Wednesday', '10:45AM–9PM'], ['Thursday', '10:45AM–9PM'], ['Friday', '10:45AM–9PM'], ['Saturday', '10:45AM–9PM']]"
0x876b7feef72fc0cf:0xc9193d28ea95cfaf,Makizushico,"Makizushico, 5950 S Platte Canyon Rd D23, Littleton, CO 80123",39.6092346,-105.0364362,"['Japanese restaurant', 'Asian restaurant', 'Sushi restaurant']",4.7,115,,"[['Sunday', '11:30AM–9AM'], ['Monday', '11:30AM–9AM'], ['Tuesday', '11:30AM–9AM'], ['Wednesday', '11:30AM–9AM'], ['Thursday', '11:30AM–9AM'], ['Friday', '11:30AM–9AM'], ['Saturday', '11:30AM–9AM']]"
0x876c83209f5f5175:0x33e87af6ebc30a69,47 Sushi & Spirits,"47 Sushi & Spirits, 1525 Park Central Dr suite 400, Highlands Ranch, CO 80129",39.5535469,-105.0070343,"['Sushi restaurant', 'Bar', 'Japanese restaurant']",4.5,115,,"[['Sunday', 'Closed'], ['Monday', 'Closed'], ['Tuesday', '5–9PM'], ['Wednesday', '5–9PM'], ['Thursday', '5–9PM'], ['Friday', '5–9PM'], ['Saturday', '5–9PM']]"
0x876c62a0eafd19db:0x1a3b65c2c760f092,Sakura Hibachi & Sushi,"Sakura Hibachi & Sushi, 14045 E Evans Ave, Aurora, CO 80014",39.6798037,-104.8264464,"['Japanese restaurant', 'Sushi restaurant', 'Teppanyaki restaurant']",4.1,1027,$$,"[['Sunday', '11:30AM–9PM'], ['Monday', '11:30AM–9PM'], ['Tuesday', '11:30AM–9PM'], ['Wednesday', '11:30AM–9PM'], ['Thursday', '11:30AM–9PM'], ['Friday', '11:30AM–10PM'], ['Saturday', '11:30AM–10PM']]"
0x876b83f958b130ff:0x8a76ed2bfe115c37,Hana Matsuri Sushi,"Hana Matsuri Sushi, 150 S Union Blvd #103, Lakewood, CO 80228",39.7138944,-105.132975,"['Sushi restaurant', 'Bar & grill', 'Health food restaurant', 'Japanese restaurant', 'Raw food restaurant']",4.5,667,$$,"[['Sunday', '12–9PM'], ['Monday', '11AM–3PM'], ['Tuesday', '11AM–3PM'], ['Wednesday', '11AM–3PM'], ['Thursday', '11AM–3PM'], ['Friday', '11AM–3PM'], ['Saturday', '11AM–10:30PM']]"
0x876c636c1068be6f:0x8f9c6acf548544f8,Goku Hibachi Express,"Goku Hibachi Express, 14107 E Colfax Ave, Aurora, CO 80011",39.7406548,-104.8230243,['Japanese restaurant'],4.8,215,,"[['Saturday', '12–9PM'], ['Sunday', 'Closed'], ['Monday', '11AM–3PM'], ['Tuesday', '11AM–3PM'], ['Wednesday', '11AM–3PM'], ['Thursday', '11AM–3PM'], ['Friday', '11AM–3PM']]"
0x876b84665f99e75f:0xea0229fe3769a62a,Motomaki - Sushi Burritos and Bowls,"Motomaki - Sushi Burritos and Bowls, 14650 W Colfax Ave, Lakewood, CO 80401",39.7313926,-105.1638339,"['Sushi restaurant', 'Japanese restaurant']",4.5,626,$$,"[['Saturday', '11AM–9PM'], ['Sunday', '11AM–9PM'], ['Monday', '11AM–9PM'], ['Tuesday', '11AM–9PM'], ['Wednesday', '11AM–9PM'], ['Thursday', '11AM–9PM'], ['Friday', '11AM–9PM']]"
0x876c813c8a8fbc83:0x8e5e5584194874e1,Menya Sushi Bar,"Menya Sushi Bar, 5910 S University Blvd, Greenwood Village, CO 80121",39.608399899999995,-104.9577774,"['Japanese restaurant', 'Ramen restaurant', 'Restaurant', 'Sushi restaurant']",4.4,377,$$,"[['Saturday', '11AM–9:30PM'], ['Sunday', '11AM–9PM'], ['Monday', '11AM–2:30PM'], ['Tuesday', '11AM–2:30PM'], ['Wednesday', '11AM–2:30PM'], ['Thursday', '11AM–2:30PM'], ['Friday', '11AM–9:30PM']]"
0x876ea6b4c64bde91:0x257b0e54a617c275,Tokyo Joe's - Greeley,"Tokyo Joe's - Greeley, 4552 Centerplace Dr #240, Greeley, CO 80634",40.3947648,-104.7528956,"['Japanese restaurant', 'Asian fusion restaurant', 'Fast food restaurant', 'Sushi restaurant']",3.9,405,,"[['Saturday', '10:45AM–9:05PM'], ['Sunday', '10:45AM–9:05PM'], ['Monday', '10:45AM–9:05PM'], ['Tuesday', '10:45AM–9:05PM'], ['Wednesday', '10:45AM–9:05PM'], ['Thursday', '10:45AM–9:05PM'], ['Friday', '10:45AM–9:05PM']]"
0x876c7e521a9a95c7:0xce3df5b17c994a3a,OTOTO,"OTOTO, 1501 S Pearl St, Denver, CO 80210",39.6892654,-104.980706,"['Asian fusion restaurant', 'Asian restaurant', 'Japanese restaurant', 'Ramen restaurant', 'Restaurant', 'Sushi restaurant', 'Tapas bar', 'Tapas restaurant']",4.6,486,$$$,"[['Saturday', '12–3PM'], ['Sunday', '12–3PM'], ['Monday', 'Closed'], ['Tuesday', 'Closed'], ['Wednesday', '5–9PM'], ['Thursday', '12–3PM'], ['Friday', '12–3PM']]"
0x876c791d843b9ab7:0xc47d82e69ba0e329,Izakaya Ronin,"Izakaya Ronin, 3053 Brighton Blvd, Denver, CO 80216",39.765724999999996,-104.98569169999999,"['Japanese restaurant', 'Restaurant', 'Sushi restaurant']",4.4,218,$$,"[['Saturday', '5PM–1AM'], ['Sunday', 'Closed'], ['Monday', 'Closed'], ['Tuesday', '5PM–12AM'], ['Wednesday', '5PM–12AM'], ['Thursday', '5PM–12AM'], ['Friday', '5PM–1AM']]"
0x876c867dc4da7875:0x8556e13240ce314c,Teriyaki Madness,"Teriyaki Madness, 8547 E Arapahoe Rd Unit F, Greenwood Village, CO 80112",39.5963345,-104.8915243,"['Asian fusion restaurant', 'Caterer', 'Fast food restaurant', 'Gluten-free restaurant', 'Japanese restaurant', 'Restaurant']",4.3,328,$,"[['Saturday', '11AM–9PM'], ['Sunday', '11AM–9PM'], ['Monday', '11AM–9PM'], ['Tuesday', '11AM–9PM'], ['Wednesday', '11AM–9PM'], ['Thursday', '11AM–9PM'], ['Friday', '11AM–9PM']]"
0x871345e0d86dc23b:0xbb8a67c86f91b03d,House Of Yakitori 2,"House Of Yakitori 2, 1612 N Academy Blvd, Colorado Springs, CO 80909",38.8566893,-104.7568548,['Japanese restaurant'],4.4,518,$,"[['Saturday', '11AM–8PM'], ['Sunday', 'Closed'], ['Monday', '11AM–7PM'], ['Tuesday', '11AM–7PM'], ['Wednesday', '11AM–7PM'], ['Thursday', '11AM–7PM'], ['Friday', '11AM–7PM']]"
0x876c85b781d91d61:0x220ddc15cf70917e,Tokyo Joe's - Chester,"Tokyo Joe's - Chester, 8225 S Chester St, Centennial, CO 80112",39.567783999999996,-104.8805678,"['Restaurant', 'Asian fusion restaurant', 'Asian restaurant', 'Fast food restaurant', 'Japanese restaurant', 'Sushi restaurant']",4.3,253,,"[['Friday', '10:45AM–9:05PM'], ['Saturday', '10:45AM–9:05PM'], ['Sunday', '10:45AM–9:05PM'], ['Monday', '10:45AM–9:05PM'], ['Tuesday', '10:45AM–9:05PM'], ['Wednesday', '10:45AM–9:05PM'], ['Thursday', '10:45AM–9:05PM']]"
0x876952f701d65ef5:0xfafb468f49e169c9,Sushi Zensai,"Sushi Zensai, 198 E 29th St, Loveland, CO 80538",40.4205556,-105.0755556,"['Japanese restaurant', 'Korean restaurant', 'Sushi restaurant']",4.2,118,$$,"[['Friday', '11:30AM–2AM'], ['Saturday', '11:30AM–2AM'], ['Sunday', '12–10PM'], ['Monday', '11:30AM–9:30PM'], ['Tuesday', '11:30AM–9:30PM'], ['Wednesday', '11:30AM–9:30PM'], ['Thursday', '11:30AM–2AM']]"
0x876af66619951153:0xddf5c0888f5060a4,The Blue Fish Breckenridge,"The Blue Fish Breckenridge, 112 Lincoln Ave, Breckenridge, CO 80424",39.482329899999996,-106.0451899,"['Japanese restaurant', 'Sushi restaurant']",4.4,232,$$,"[['Friday', '4–9PM'], ['Saturday', '4–9PM'], ['Sunday', '4–9PM'], ['Monday', '4–9PM'], ['Tuesday', '4–9PM'], ['Wednesday', '4–9PM'], ['Thursday', '4–9PM']]"
0x876c78de64813021:0x767167e149dc51cb,iFish+Ramen,"iFish+Ramen, 2200 Market St, Denver, CO 80205",39.755479,-104.9906747,"['Sushi restaurant', 'Asian restaurant', 'Bar', 'Bar & grill', 'Japanese restaurant']",4.3,638,$$,"[['Friday', '11AM–9:30PM'], ['Saturday', '1–9:30PM'], ['Sunday', '1–9:30PM'], ['Monday', '11AM–9:30PM'], ['Tuesday', '11AM–9:30PM'], ['Wednesday', '11AM–9:30PM'], ['Thursday', '11AM–9:30PM']]"
0x876c868678f42d99:0x3ceade98f0c81864,Sukiya Ramen,"Sukiya Ramen, 7939 E Arapahoe Rd #110, Greenwood Village, CO 80112",39.5962671,-104.8975042,"['Ramen restaurant', 'Asian restaurant', 'Japanese restaurant']",4.7,951,$$,"[['Thursday', '11AM–9PM'], ['Friday', '11AM–9PM'], ['Saturday', '11AM–9PM'], ['Sunday', '12–8PM'], ['Monday', '11AM–9PM'], ['Tuesday', '11AM–9PM'], ['Wednesday', '11AM–9PM']]"
0x8740397d41644385:0xaae6c70e011ad6d4,Jing Aspen,"Jing Aspen, 413 E Main St, Aspen, CO 81611",39.1903256,-106.818974,"['Asian fusion restaurant', 'Asian restaurant', 'Bar', 'Chinese restaurant', 'Japanese restaurant', 'Lunch restaurant', 'Takeout Restaurant', 'Sushi restaurant']",4.2,258,,"[['Thursday', '11:30AM–10PM'], ['Friday', '11:30AM–10PM'], ['Saturday', '11:30AM–10PM'], ['Sunday', '11:30AM–10PM'], ['Monday', '11:30AM–10PM'], ['Tuesday', '11:30AM–10PM'], ['Wednesday', '11:30AM–10PM']]"
0x876bfa4911b05a85:0xb4f6d7c7103a1c41,Sakura Japanese Cuisine,"Sakura Japanese Cuisine, 600 S Airport Rd, Longmont, CO 80503",40.1522206,-105.1530593,['Japanese restaurant'],4.7,398,$$,"[['Wednesday', '11AM–2PM'], ['Thursday', '11AM–2PM'], ['Friday', '11AM–2PM'], ['Saturday', '12–8:30PM'], ['Sunday', 'Closed'], ['Monday', 'Closed'], ['Tuesday', '11AM–2PM']]"
0x876bf08eac7a7487:0xbbae69e90e98044,Sachi Sushi,"Sachi Sushi, 7980 Niwot Rd, Market, Niwot, CO 80503",40.1010232,-105.1671307,"['Japanese restaurant', 'Ramen restaurant', 'Sushi restaurant']",4.7,113,$$,"[['Wednesday', '11:30AM–7:30PM'], ['Thursday', '11:30AM–7:30PM'], ['Friday', '11:30AM–7:30PM'], ['Saturday', '11:30AM–7:30PM'], ['Sunday', '11:30AM–7PM'], ['Monday', '11:30AM–7:30PM'], ['Tuesday', 'Closed']]"
0x876bec28f1dbd56f:0x65b82b3cda1bb240,Kasa Japanese Sushi and Bar,"Kasa Japanese Sushi and Bar, 1468 Pearl St, Boulder, CO 80302",40.0184662,-105.2761725,"['Japanese restaurant', 'Bar & grill']",4.3,358,$$,"[['Wednesday', '11:30AM–2:30PM'], ['Thursday', '11:30AM–2:30PM'], ['Friday', '11:30AM–2:30PM'], ['Saturday', '11:30AM–2:30PM'], ['Sunday', '11:30AM–2:30PM'], ['Monday', 'Closed'], ['Tuesday', '11:30AM–2:30PM']]"
0x876c84f4467d3a97:0x6bb2dddd5834ea3e,Tokyo Joe's - HR (Timberline),"Tokyo Joe's - HR (Timberline), 6642 Timberline Rd, Highlands Ranch, CO 80130",39.543047,-104.911565,"['Restaurant', 'Asian fusion restaurant', 'Asian restaurant', 'Fast food restaurant', 'Japanese restaurant', 'Sushi restaurant']",4.0,287,$,"[['Wednesday', '10:45AM–9:05PM'], ['Thursday', '10:45AM–9:05PM'], ['Friday', '10:45AM–9:05PM'], ['Saturday', '10:45AM–9:05PM'], ['Sunday', '10:45AM–9:05PM'], ['Monday', '10:45AM–9:05PM'], ['Tuesday', '10:45AM–9:05PM']]"
0x876a5e9099475bbf:0xc8219715bcce3ac4,Kemosabe Sushi,"Kemosabe Sushi, 603 Main St, Frisco, CO 80443",39.576616699999995,-106.0947612,"['Sushi restaurant', 'Asian restaurant', 'Japanese restaurant', 'Restaurant']",4.3,298,$$$,"[['Wednesday', '12–10PM'], ['Thursday', '12–10PM'], ['Friday', '12–10PM'], ['Saturday', '12–10PM'], ['Sunday', '12–10PM'], ['Monday', '12–10PM'], ['Tuesday', '12–10PM']]"
0x876c91d16f9d250f:0xe2876172fbfdaee1,Kurosawa,"Kurosawa, 17002 Mainstreet UNIT A, Parker, CO 80134",39.5144574,-104.7916573,"['Japanese restaurant', 'Restaurant', 'Sushi restaurant']",4.4,338,$$,"[['Wednesday', '4–9PM'], ['Thursday', '4–9PM'], ['Friday', '11AM–9:30PM'], ['Saturday', '12–9:30PM'], ['Sunday', '12–9PM'], ['Monday', '4–9PM'], ['Tuesday', '4–9PM']]"
0x876c7523d7c61045:0x4adb50ed1e6d81ad,Happy Sumo,"Happy Sumo, 14647 Delaware St, Westminster, CO 80023",39.961583399999995,-104.9917517,"['Sushi restaurant', 'Asian restaurant', 'Japanese restaurant', 'Restaurant']",4.1,708,$$,"[['Wednesday', '11:30AM–9PM'], ['Thursday', '11:30AM–9PM'], ['Friday', '11:30AM–9:30PM'], ['Saturday', '11:30AM–9:30PM'], ['Sunday', '11:30AM–9PM'], ['Monday', '11:30AM–9PM'], ['Tuesday', '11:30AM–9PM']]"
0x876c78dbec6fc2a1:0x69ff5c9c076eea0b,Pacific Mercantile Company,"Pacific Mercantile Company, 1925 Lawrence St, Denver, CO 80202",39.7517467,-104.9927093,"['Japanese grocery store', 'Asian grocery store', 'Supermarket']",4.7,675,,"[['Wednesday', '9AM–6PM'], ['Thursday', '9AM–6PM'], ['Friday', '9AM–6PM'], ['Saturday', '9AM–6PM'], ['Sunday', '9AM–2PM'], ['Monday', '9AM–6PM'], ['Tuesday', '9AM–6PM']]"
0x876b84c2b3726611:0x11ff390a800a8d15,Halu Sushi & Asian Bistro,"Halu Sushi & Asian Bistro, 17525 S Golden Rd, Golden, CO 80401",39.740271299999996,-105.1972449,"['Japanese restaurant', 'Asian restaurant', 'Bistro', 'Restaurant', 'Sushi restaurant']",4.5,278,$$,"[['Wednesday', '11AM–2:30PM'], ['Thursday', '11AM–2:30PM'], ['Friday', '11AM–2:30PM'], ['Saturday', '11AM–2:30PM'], ['Sunday', 'Open 24 hours'], ['Monday', '4–9PM'], ['Tuesday', '11AM–2:30PM']]"
0x876c79ae9ce72e65:0xabdcbf2e8dca8f38,Ramen Star,"Ramen Star, 4044 Tejon St, Denver, CO 80211",39.772605,-105.0110397,"['Ramen restaurant', 'Japanese restaurant']",4.6,228,,"[['Wednesday', '11AM–8PM'], ['Thursday', '11AM–8PM'], ['Friday', '11AM–8PM'], ['Saturday', '11AM–8PM'], ['Sunday', '11AM–8PM'], ['Monday', '11AM–8PM'], ['Tuesday', '11AM–8PM']]"
0x876c7e97c9fb6f99:0x87d42a1ec935bb44,Tazu Sushi and Asian Cuisine,"Tazu Sushi and Asian Cuisine, 300 Fillmore St G, Denver, CO 80206",39.721098999999995,-104.95317159999999,"['Japanese restaurant', 'Asian restaurant', 'Restaurant', 'Sushi restaurant']",4.3,176,$$,"[['Wednesday', '11:30AM–9:30PM'], ['Thursday', '11:30AM–9:30PM'], ['Friday', '11:30AM–10PM'], ['Saturday', '12–10PM'], ['Sunday', '12–9:30PM'], ['Monday', '11:30AM–9:30PM'], ['Tuesday', '11:30AM–9:30PM']]"
0x876c7e52043d9dbf:0xaaa1181ac00d04ea,Izakaya Den,"Izakaya Den, 1487A S Pearl St, Denver, CO 80210",39.6896802,-104.980587,['Japanese restaurant'],4.8,848,$$$,"[['Tuesday', '4:30–9PM'], ['Wednesday', '4:30–9PM'], ['Thursday', '4:30–9PM'], ['Friday', '4:30–9PM'], ['Saturday', '4:30–9PM'], ['Sunday', '4:30–9PM'], ['Monday', '4:30–9PM']]"
0x876c99c2f9334359:0x8a7eaf7e5b11812c,Sawara Sushi Express,"Sawara Sushi Express, 312 Metzler Dr, Castle Rock, CO 80108",39.4087635,-104.85962939999999,"['Japanese restaurant', 'Sushi restaurant']",4.5,328,$,"[['Tuesday', '11AM–8:30PM'], ['Wednesday', '11AM–8:30PM'], ['Thursday', '11AM–8:30PM'], ['Friday', '11AM–8:30PM'], ['Saturday', '11AM–8:30PM'], ['Sunday', '12–7:30PM'], ['Monday', 'Closed']]"
0x876c8244229dca95:0x52834b21c6aa5dae,Fujiyama Japanese Hibachi & Sushi,"Fujiyama Japanese Hibachi & Sushi, 1100 Sergeant Jon Stiles Dr #106, Highlands Ranch, CO 80129",39.5490031,-105.0018065,"['Japanese restaurant', 'Sushi restaurant']",4.2,654,$$,"[['Tuesday', '11AM–2:30PM'], ['Wednesday', '11AM–2:30PM'], ['Thursday', '11AM–2:30PM'], ['Friday', '11AM–2:30PM'], ['Saturday', '12–9:30PM'], ['Sunday', '12–9PM'], ['Monday', '11AM–2:30PM']]"
0x8713453d4ea16495:0xa3de09c2aab7ba86,Bento Heaven,"Bento Heaven, 107 N Tejon St, Colorado Springs, CO 80903",38.8356794,-104.8231325,"['Japanese restaurant', 'Korean restaurant']",4.6,454,$,"[['Tuesday', '9AM–9PM'], ['Wednesday', '9AM–9PM'], ['Thursday', '9AM–9PM'], ['Friday', '9AM–9PM'], ['Saturday', '9AM–9PM'], ['Sunday', 'Closed'], ['Monday', '9AM–9PM']]"
0x876c78edbb59be1b:0xdad49557ecf3b05d,Kobe An LoHi,"Kobe An LoHi, 3400 Osage St, Denver, CO 80211",39.764556899999995,-105.00517939999999,"['Japanese restaurant', 'Hot pot restaurant', 'Izakaya restaurant', 'Sukiyaki and Shabu Shabu restaurant', 'Sushi restaurant']",4.5,288,$$,"[['Monday', '5–10PM'], ['Tuesday', '5–10PM'], ['Wednesday', '5–10PM'], ['Thursday', '5–10PM'], ['Friday', '5–10PM'], ['Saturday', '5–10PM'], ['Sunday', 'Closed']]"
0x876c78e875d6b0b7:0x94007cabeafa974d,TOKIO,"TOKIO, 2907 Huron St #103, Denver, CO 80202",39.7586035,-104.9974398,"['Ramen restaurant', 'Japanese restaurant', 'Sushi restaurant']",4.5,938,$$,"[['Monday', '5–11PM'], ['Tuesday', '5–11PM'], ['Wednesday', '5–11PM'], ['Thursday', '5–11PM'], ['Friday', '5–11PM'], ['Saturday', '5–11PM'], ['Sunday', '4–9PM']]"
0x876c78948c6054e1:0xd360660938126c7,Sushi Ronin Denver - Sushi and Sake Bar,"Sushi Ronin Denver - Sushi and Sake Bar, 2930 Umatilla St, Denver, CO 80211",39.759167,-105.01159009999999,"['Sushi restaurant', 'Bar', 'Gluten-free restaurant', 'Authentic Japanese restaurant', 'Lounge']",4.4,338,$$$,"[['Monday', 'Closed'], ['Tuesday', '5–10PM'], ['Wednesday', '5–10PM'], ['Thursday', '5–10PM'], ['Friday', '5–11PM'], ['Saturday', '5–11PM'], ['Sunday', '5–10PM']]"
0x8713a2e3af871623:0x3a9a28e6aaac5961,Tsunami Sushi Bar Wok & Grill,"Tsunami Sushi Bar Wok & Grill, 324 S Union Ave, Pueblo, CO 81003",38.262599,-104.6155,"['Sushi restaurant', 'Asian restaurant', 'Chinese restaurant', 'Japanese restaurant', 'Korean restaurant', 'Restaurant', 'Thai restaurant']",4.3,508,$$,"[['Monday', '11AM–8:30PM'], ['Tuesday', '11AM–8:30PM'], ['Wednesday', '11AM–8:30PM'], ['Thursday', '11AM–8:30PM'], ['Friday', '11AM–9PM'], ['Saturday', '11AM–9PM'], ['Sunday', 'Closed']]"
0x876b848b8c6f5b4d:0xb650e01c3b91f022,Sushi Uokura,"Sushi Uokura, 815 Nile Ct, Golden, CO 80401",39.7295278,-105.1782109,['Japanese restaurant'],4.5,636,$$,"[['Monday', '11AM–2PM'], ['Tuesday', '11AM–2PM'], ['Wednesday', '11AM–2PM'], ['Thursday', '11AM–2PM'], ['Friday', '11AM–2PM'], ['Saturday', '4–9PM'], ['Sunday', '4–9PM']]"
0x876b8777f8d4e54b:0x5693a97c00beff5a,Sushi Bay,"Sushi Bay, 3877 Tennyson St #2107, Denver, CO 80212",39.7706363,-105.0442118,"['Sushi restaurant', 'Asian restaurant', 'Bar', 'Japanese restaurant', 'Restaurant']",4.5,377,$$,"[['Monday', '11AM–9PM'], ['Tuesday', '11AM–9PM'], ['Wednesday', '11AM–9PM'], ['Thursday', '11AM–9PM'], ['Friday', '11AM–9:30PM'], ['Saturday', '12–9:30PM'], ['Sunday', '12–9PM']]"
0x876b87cb2e8027df:0xd1b0b099b3c8f06f,Namiko's Japanese Restaurant,"Namiko's Japanese Restaurant, 7310 W 52nd Ave R, Arvada, CO 80002",39.790767699999996,-105.0777664,"['Japanese restaurant', 'Sushi restaurant']",4.6,551,$$,"[['Monday', 'Closed'], ['Tuesday', '4:30–8:30PM'], ['Wednesday', '4:30–8:30PM'], ['Thursday', '4:30–8:30PM'], ['Friday', '4:30–8:30PM'], ['Saturday', '4:30–8:30PM'], ['Sunday', 'Closed']]"
0x876b8a48d43df365:0x2871643b84d026d0,Pacific Ocean Marketplace - Broomfield,"Pacific Ocean Marketplace - Broomfield, 6600 W 120th Ave, Broomfield, CO 80020",39.912904,-105.07003399999999,"['Asian grocery store', 'Bakery', 'Grocery store', 'Health food store', 'Japanese grocery store', 'Korean grocery store', 'Produce market', 'Seafood market', 'Supermarket', 'Wholesaler']",4.1,294,,"[['Monday', '9AM–8PM'], ['Tuesday', '9AM–8PM'], ['Wednesday', '9AM–8PM'], ['Thursday', '9AM–8PM'], ['Friday', '9AM–8PM'], ['Saturday', '9AM–8PM'], ['Sunday', '9AM–8PM']]"
0x87694bb756b23641:0x12f877de4a482748,Tokyo Joe's - Fort Collins Shields,"Tokyo Joe's - Fort Collins Shields, 2519 S Shields St, Fort Collins, CO 80526",40.555012999999995,-105.0971031,"['Japanese restaurant', 'Asian fusion restaurant', 'Fast food restaurant', 'Restaurant', 'Sushi restaurant']",4.1,218,,"[['Monday', '10:45AM–9:05PM'], ['Tuesday', '10:45AM–9:05PM'], ['Wednesday', '10:45AM–9:05PM'], ['Thursday', '10:45AM–9:05PM'], ['Friday', '10:45AM–9:05PM'], ['Saturday', '10:45AM–9:05PM'], ['Sunday', '10:45AM–9:05PM']]"
0x87134e883e7f08ad:0xe84df22748dd9c03,Tokyo Joe's - CS (Academy),"Tokyo Joe's - CS (Academy), 7495 N Academy Blvd, Colorado Springs, CO 80920",38.9394275,-104.7977866,"['Restaurant', 'Asian fusion restaurant', 'Fast food restaurant', 'Japanese restaurant', 'Sushi restaurant']",4.0,428,,"[['Monday', '10:45AM–9:05PM'], ['Tuesday', '10:45AM–9:05PM'], ['Wednesday', '10:45AM–9:05PM'], ['Thursday', '10:45AM–9:05PM'], ['Friday', '10:45AM–9:05PM'], ['Saturday', '10:45AM–9:05PM'], ['Sunday', '10:45AM–9:05PM']]"
0x876c8f2eee702e73:0x199f7882e44d6270,Tokyo Joe's - Cornerstar,"Tokyo Joe's - Cornerstar, 6775 S Cornerstar Way, Aurora, CO 80016",39.5932222,-104.8072612,"['Japanese restaurant', 'Asian fusion restaurant', 'Asian restaurant', 'Fast food restaurant', 'Restaurant', 'Sushi restaurant']",4.0,258,,"[['Monday', '10:45AM–9:05PM'], ['Tuesday', '10:45AM–9:05PM'], ['Wednesday', '10:45AM–9:05PM'], ['Thursday', '10:45AM–9:05PM'], ['Friday', '10:45AM–9:05PM'], ['Saturday', '10:45AM–9:05PM'], ['Sunday', '10:45AM–9:05PM']]"
0x876b78cb12ef30f3:0x1fee96ba81156d7d,Iwayama Sushi,"Iwayama Sushi, 5500 S Simms St, Littleton, CO 80127",39.6148801,-105.1277685,"['Sushi restaurant', 'Asian restaurant', 'Hawaiian restaurant', 'Japanese restaurant']",4.6,338,$$,"[['Sunday', 'Closed'], ['Monday', '4:30–9PM'], ['Tuesday', '11AM–2:30PM'], ['Wednesday', '11AM–2:30PM'], ['Thursday', '11AM–2:30PM'], ['Friday', '11AM–2:30PM'], ['Saturday', '11AM–2:30PM']]"
0x876c8077a10f45ed:0x201043c0bee9673e,Tokyo Joe's - Hampden,"Tokyo Joe's - Hampden, 901 W Hampden Ave, Englewood, CO 80110",39.653585,-104.998471,"['Restaurant', 'Asian fusion restaurant', 'Asian restaurant', 'Fast food restaurant', 'Japanese restaurant', 'Sushi restaurant']",4.1,578,$$,"[['Sunday', '10:45AM–9:05PM'], ['Monday', '10:45AM–9:05PM'], ['Tuesday', '10:45AM–9:05PM'], ['Wednesday', '10:45AM–9:05PM'], ['Thursday', '10:45AM–9:05PM'], ['Friday', '10:45AM–9:05PM'], ['Saturday', '10:45AM–9:05PM']]"
0x876b83f8c3e6efdb:0x64349f3fbd089aa2,Tokyo Joe's - Union,"Tokyo Joe's - Union, 145 Union Blvd, Lakewood, CO 80226",39.717388,-105.133594,"['Restaurant', 'Asian fusion restaurant', 'Asian restaurant', 'Fast food restaurant', 'Japanese restaurant', 'Sushi restaurant']",4.2,425,,"[['Sunday', '10:45AM–9:05PM'], ['Monday', '10:45AM–9:05PM'], ['Tuesday', '10:45AM–9:05PM'], ['Wednesday', '10:45AM–9:05PM'], ['Thursday', '10:45AM–9:05PM'], ['Friday', '10:45AM–9:05PM'], ['Saturday', '10:45AM–9:05PM']]"
0x8714aac91a6df501:0x45a121d8351314ff,Fusion Japan,"Fusion Japan, 765 Gold Hill Pl S, Woodland Park, CO 80863",38.9916603,-105.058718,['Japanese restaurant'],4.4,714,$$,"[['Sunday', '11AM–9:30PM'], ['Monday', '11AM–9:30PM'], ['Tuesday', '11AM–9:30PM'], ['Wednesday', '11AM–9:30PM'], ['Thursday', '11AM–9:30PM'], ['Friday', '11AM–10PM'], ['Saturday', '11AM–10PM']]"
0x876c851af6066513:0xce0fb283b62b24ec,Okinawa Sushi,"Okinawa Sushi, 9231 Lincoln Ave Unit 1100, Lone Tree, CO 80124",39.5373016,-104.8822927,"['Japanese restaurant', 'Restaurant', 'Sushi restaurant']",4.5,498,$$,"[['Sunday', '12–9:30PM'], ['Monday', '11AM–9:30AM'], ['Tuesday', '11AM–9:30PM'], ['Wednesday', '11AM–9:30PM'], ['Thursday', '11AM–9:30PM'], ['Friday', '11AM–10PM'], ['Saturday', '12–10PM']]"
0x876c87707fa30903:0x574dd2ce5039f5f8,Benihana,"Benihana, 3295 S Tamarac Dr, Denver, CO 80231",39.656161499999996,-104.89947289999999,"['Japanese restaurant', 'Asian restaurant', 'Japanese steakhouse', 'Restaurant', 'Steak house', 'Sushi restaurant', 'Teppanyaki restaurant']",4.2,2270,$$$,"[['Sunday', '11AM–10PM'], ['Monday', '11AM–10PM'], ['Tuesday', '11AM–10PM'], ['Wednesday', '11AM–10PM'], ['Thursday', '11AM–10PM'], ['Friday', '11AM–11PM'], ['Saturday', '11AM–11PM']]"
0x876c78949530216f:0xc77f0ae419e9152a,mizu izakaya,"mizu izakaya, 1560 Boulder St Suite 100, Denver, CO 80211",39.759007,-105.010486,"['Japanese restaurant', 'Bar', 'Lounge', 'Ramen restaurant', 'Restaurant', 'Sushi restaurant']",4.5,728,$$$,"[['Sunday', '11AM–10PM'], ['Monday', '4–10PM'], ['Tuesday', '4–10PM'], ['Wednesday', '4–10PM'], ['Thursday', '4–10PM'], ['Friday', '11AM–10PM'], ['Saturday', '11AM–10PM']]"
0x87471de821412e37:0x14bbea7b82f7e44a,Tepanyaki Japanese Steakhouse & Sushi Bar,"Tepanyaki Japanese Steakhouse & Sushi Bar, 8709, 752 1/2 Horizon Dr, Grand Junction, CO 81506",39.113310399999996,-108.5362572,"['Japanese restaurant', 'Asian restaurant', 'Bar', 'Family restaurant', 'Restaurant', 'Sushi restaurant']",4.2,578,$$,"[['Saturday', '4:30–10PM'], ['Sunday', '4–9PM'], ['Monday', '4:30–9:30PM'], ['Tuesday', '4:30–9:30PM'], ['Wednesday', '4:30–9:30PM'], ['Thursday', '4:30–9:30PM'], ['Friday', '4:30–10PM']]"
0x876c79207ac04001:0xff4fc62d5f6e39ff,Uchi Denver,"Uchi Denver, 2500 Lawrence St, Denver, CO 80205",39.7569301,-104.98535919999999,"['Japanese restaurant', 'Sushi restaurant']",4.7,788,,"[['Saturday', '4–10PM'], ['Sunday', '4–9:30PM'], ['Monday', '4–9:30PM'], ['Tuesday', '4–9:30PM'], ['Wednesday', '4–9:30PM'], ['Thursday', '4–9:30PM'], ['Friday', '4–10PM']]"
0x876b79384be5ff9d:0x3250067b580def3d,Okinawa Sushi,"Okinawa Sushi, 12652 W Ken Caryl Ave STE E, Littleton, CO 80127",39.579114,-105.1391661,"['Sushi restaurant', 'Asian restaurant', 'Fine dining restaurant', 'Japanese restaurant', 'Restaurant', 'Wine bar']",4.4,508,$$,"[['Saturday', '11AM–10PM'], ['Sunday', '11AM–9:30PM'], ['Monday', '11AM–9:30PM'], ['Tuesday', '11AM–9:30PM'], ['Wednesday', '11AM–9:30PM'], ['Thursday', '11AM–9:30PM'], ['Friday', '11AM–10PM']]"
0x876c7db6bff07ec1:0x3f92c41252f65d00,Banzai Sushi,"Banzai Sushi, 6655 Leetsdale Dr, Denver, CO 80224",39.7019659,-104.9110077,"['Sushi restaurant', 'Bar', 'Japanese restaurant']",4.6,498,$$,"[['Saturday', '4:30–9:30PM'], ['Sunday', '4:30–9PM'], ['Monday', '4:30–9PM'], ['Tuesday', '4:30–9PM'], ['Wednesday', '4:30–9PM'], ['Thursday', '4:30–9PM'], ['Friday', '4:30–9:30PM']]"
0x871347b433e64557:0x1c40dc850b9d8158,Osae Sushi Ramen Bistro,"Osae Sushi Ramen Bistro, 1825 Peterson Rd, Colorado Springs, CO 80915",38.858507599999996,-104.7000096,"['Sushi restaurant', 'Indonesian restaurant', 'Japanese restaurant', 'Ramen restaurant']",4.7,978,$$,"[['Friday', '11AM–2PM'], ['Saturday', '11AM–9PM'], ['Sunday', '12–9PM'], ['Monday', '11AM–2PM'], ['Tuesday', 'Closed'], ['Wednesday', '11AM–2PM'], ['Thursday', '11AM–2PM']]"
0x876c74310d634bc5:0x654d2f89cab67ab5,Okinawa Sushi,"Okinawa Sushi, 11985 Washington St, Northglenn, CO 80233",39.9135494,-104.97820929999999,"['Sushi restaurant', 'Japanese restaurant']",4.5,803,$$,"[['Friday', '11AM–9PM'], ['Saturday', '12–9PM'], ['Sunday', '12–9PM'], ['Monday', 'Closed'], ['Tuesday', '11AM–9PM'], ['Wednesday', '11AM–9PM'], ['Thursday', '11AM–9PM']]"
0x876b84429d2c86ef:0x6ad69583cfd58d36,Tokyo Joe's - Denver West,"Tokyo Joe's - Denver West, 14227 W Colfax Ave, Lakewood, CO 80401",39.737145999999996,-105.16022,"['Japanese restaurant', 'Asian fusion restaurant', 'Asian restaurant', 'Fast food restaurant', 'Restaurant', 'Sushi restaurant']",4.3,376,$$,"[['Friday', '10:45AM–9:05PM'], ['Saturday', '10:45AM–9:05PM'], ['Sunday', '10:45AM–9:05PM'], ['Monday', '10:45AM–9:05PM'], ['Tuesday', '10:45AM–9:05PM'], ['Wednesday', '10:45AM–9:05PM'], ['Thursday', '10:45AM–9:05PM']]"
0x876bec265b417fed:0xed0791d26bfe77b4,Japango,"Japango, 1136 Pearl St, Boulder, CO 80302",40.0176872,-105.2803909,"['Sushi restaurant', 'Japanese restaurant', 'Restaurant']",4.4,823,$$,"[['Friday', '11AM–9:30PM'], ['Saturday', '11AM–9:30PM'], ['Sunday', '11AM–9:30PM'], ['Monday', '11AM–9:30PM'], ['Tuesday', '11AM–9:30PM'], ['Wednesday', '11AM–9:30PM'], ['Thursday', '11AM–9:30PM']]"
0x87134d188603d8cf:0x1b7b47a044c8b200,Sushi Ato,"Sushi Ato, 12245 Voyager Pkwy #148, Colorado Springs, CO 80921",39.0106288,-104.8074065,"['Sushi restaurant', 'Asian fusion restaurant', 'Asian restaurant', 'Family restaurant', 'Authentic Japanese restaurant', 'Japanese restaurant', 'Takeout Restaurant']",4.6,763,$$,"[['Friday', '11AM–2PM'], ['Saturday', '12–9PM'], ['Sunday', 'Closed'], ['Monday', '11AM–2PM'], ['Tuesday', '11AM–2PM'], ['Wednesday', '11AM–2PM'], ['Thursday', '11AM–2PM']]"
0x8713443ce91c4e45:0x6625645b9cb0a324,Uri Sushi & Grill,"Uri Sushi & Grill, 3322 E Fountain Blvd, Colorado Springs, CO 80910",38.8154496,-104.76546309999999,"['Sushi restaurant', 'Japanese restaurant']",4.7,778,$$,"[['Friday', '11AM–2:30PM'], ['Saturday', '11AM–2:30PM'], ['Sunday', '12–9PM'], ['Monday', '11AM–2:30PM'], ['Tuesday', '11AM–2:30PM'], ['Wednesday', '11AM–2:30PM'], ['Thursday', '11AM–2:30PM']]"
0x876c79b133d51dd5:0xfffc98f2b8b6b07,JINYA Ramen Bar - Denver,"JINYA Ramen Bar - Denver, 1710 Wynkoop St, Denver, CO 80202",39.7529288,-104.9990679,"['Restaurant', 'Asian restaurant', 'Japanese restaurant', 'Ramen restaurant']",4.5,138,,"[['Friday', '11AM–11PM'], ['Saturday', '11AM–11PM'], ['Sunday', '11AM–9:30PM'], ['Monday', '11AM–10PM'], ['Tuesday', '11AM–10PM'], ['Wednesday', '11AM–10PM'], ['Thursday', '11AM–10PM']]"
0x876bf3295429a0dd:0x8bc8b829afb58d98,Hana Japanese Bistro,"Hana Japanese Bistro, 1148 W Dillon Rd, Louisville, CO 80027",39.961188,-105.16719099999999,"['Japanese restaurant', 'Asian restaurant', 'Sushi restaurant']",4.6,358,$$,"[['Friday', '4:30–8:30PM'], ['Saturday', '4:30–8:30PM'], ['Sunday', '4:30–8:30PM'], ['Monday', '4:30–8:30PM'], ['Tuesday', '4:30–8:30PM'], ['Wednesday', '4:30–8:30PM'], ['Thursday', '4:30–8:30PM']]"
0x87134882ad107171:0x43b044b8752abb14,AI Sushi & Grill,"AI Sushi & Grill, 3215 Cinema Point, Colorado Springs, CO 80922",38.880289,-104.716681,"['Japanese restaurant', 'Asian restaurant', 'Japanese steakhouse', 'Sushi restaurant']",4.3,1037,$$,"[['Thursday', '11:30AM–9PM'], ['Friday', '11:30AM–9:30PM'], ['Saturday', '11:30AM–9:30PM'], ['Sunday', '11:30AM–9PM'], ['Monday', '11:30AM–9PM'], ['Tuesday', '11:30AM–9PM'], ['Wednesday', '11:30AM–9PM']]"
0x87135a99394c2e2f:0xdd622cfdebbef8f1,Nara Sushi & Grill,"Nara Sushi & Grill, 3117 W Colorado Ave, Colorado Springs, CO 80904",38.8531352,-104.8736733,"['Japanese restaurant', 'Sushi restaurant']",4.6,638,$$,"[['Thursday', '4–9PM'], ['Friday', '4–9:30PM'], ['Saturday', '4–9:30PM'], ['Sunday', '4–9PM'], ['Monday', '4–9PM'], ['Tuesday', '4–9PM'], ['Wednesday', '4–9PM']]"
0x871345e1126af85f:0xea8491025d1c6103,Musashi Japanese Restaurant,"Musashi Japanese Restaurant, 1765 N Academy Blvd, Colorado Springs, CO 80909",38.8580955,-104.7559824,"['Japanese restaurant', 'Japanese steakhouse']",4.2,707,$$,"[['Thursday', '5–8:30PM'], ['Friday', '5–9PM'], ['Saturday', '5–9PM'], ['Sunday', '5–8:30PM'], ['Monday', 'Closed'], ['Tuesday', '5–8:30PM'], ['Wednesday', '5–8:30PM']]"
0x876c75c8a15c3ad9:0x513b879e1ee853b3,Tokyo Joe's - 120th,"Tokyo Joe's - 120th, 1005 W 120th Ave #300, Westminster, CO 80234",39.9154233,-104.9988738,"['Japanese restaurant', 'Asian fusion restaurant', 'Asian restaurant', 'Fast food restaurant', 'Sushi restaurant']",4.0,708,$$,"[['Wednesday', '10:45AM–9:05PM'], ['Thursday', '10:45AM–9:05PM'], ['Friday', '10:45AM–9:05PM'], ['Saturday', '10:45AM–9:05PM'], ['Sunday', '10:45AM–9:05PM'], ['Monday', '10:45AM–9:05PM'], ['Tuesday', '10:45AM–9:05PM']]"
0x876b8a4f479ecad1:0xc291b859f0111ce3,Ooka Sushi & Asian Cuisine,"Ooka Sushi & Asian Cuisine, 6485 W 120th Ave, Broomfield, CO 80020",39.914713,-105.0686875,"['Japanese restaurant', 'Asian restaurant', 'Restaurant', 'Sushi restaurant']",4.4,693,$$,"[['Wednesday', '11AM–9:30PM'], ['Thursday', '11AM–9:30PM'], ['Friday', '11AM–9:30PM'], ['Saturday', '11AM–9:30PM'], ['Sunday', '12–9PM'], ['Monday', '11AM–9:30PM'], ['Tuesday', '11AM–9:30PM']]"
0x876bec264cdd1347:0x5eaabcec78779a66,Fuji Cafe and Bar,"Fuji Cafe and Bar, 2018 Broadway, Boulder, CO 80302",40.0183706,-105.2799854,"['Authentic Japanese restaurant', 'Japanese restaurant', 'Nepalese restaurant']",4.6,218,$,"[['Wednesday', '11AM–7:30PM'], ['Thursday', '11AM–7:30PM'], ['Friday', '11AM–7:30PM'], ['Saturday', '11AM–7:30PM'], ['Sunday', '12–7:30PM'], ['Monday', '11AM–7:30PM'], ['Tuesday', '11AM–7:30PM']]"
0x876c7eccbb3ef8d3:0x36ddeeb8ac5a9376,Izu-Sushi,"Izu-Sushi, 1528 E Colfax Ave, Denver, CO 80218",39.739739799999995,-104.9688901,"['Sushi restaurant', 'Asian fusion restaurant', 'Asian restaurant', 'Japanese restaurant', 'Oyster bar restaurant', 'Restaurant', 'Seafood restaurant', 'Tempura restaurant']",4.5,344,$$,"[['Tuesday', '4–10PM'], ['Wednesday', '4–10PM'], ['Thursday', '4–10PM'], ['Friday', '4–10:45PM'], ['Saturday', '4–10:45PM'], ['Sunday', '4–10PM'], ['Monday', '4–10PM']]"
0x876b81b5cbb79037:0xa0996b80e0ba8d47,Orion Sushi,"Orion Sushi, 11068 W Jewell Ave c9, Lakewood, CO 80232",39.6807947,-105.12151929999999,"['Sushi restaurant', 'Japanese restaurant']",4.7,148,,"[['Tuesday', '11AM–9PM'], ['Wednesday', '11AM–9PM'], ['Thursday', '11AM–9PM'], ['Friday', '11AM–9:30PM'], ['Saturday', '12–9:30PM'], ['Sunday', '12–9PM'], ['Monday', '11AM–9PM']]"
0x876bf9bc72526cab:0xf7a76c87534705f4,Sumo Sushi & Grill,"Sumo Sushi & Grill, 225 Ken Pratt Blvd #140, Longmont, CO 80501",40.1520073,-105.0969767,"['Sushi restaurant', 'Asian restaurant', 'Chinese restaurant', 'Japanese restaurant']",4.6,718,$$,"[['Monday', '11AM–3PM'], ['Tuesday', '11AM–3PM'], ['Wednesday', '11AM–3PM'], ['Thursday', '11AM–3PM'], ['Friday', '11AM–3PM'], ['Saturday', '11AM–10:30PM'], ['Sunday', '11:30AM–9PM']]"
0x876c7e90cd4a9395:0x1d5ac3e04b9b774b,Tokyo Joe's - Cherry Creek Mall,"Tokyo Joe's - Cherry Creek Mall, Cherry Creek Mall, 3000 E 1st Ave #100, Denver, CO 80206",39.715595,-104.95235939999999,['Japanese restaurant'],3.6,148,,"[['Monday', '11AM–7PM'], ['Tuesday', '11AM–7PM'], ['Wednesday', '11AM–7PM'], ['Thursday', '11AM–7PM'], ['Friday', '11AM–7PM'], ['Saturday', '11AM–7PM'], ['Sunday', '11AM–6PM']]"
0x876c7db42868f189:0xe9b5db2ee29b87ce,Chicken Teriyaki,"Chicken Teriyaki, 6603 Leetsdale Dr # B, Denver, CO 80224",39.702822999999995,-104.9121412,"['Japanese restaurant', 'Asian restaurant', 'Sushi restaurant']",4.7,255,$,"[['Monday', '11AM–8PM'], ['Tuesday', '11AM–8PM'], ['Wednesday', '11AM–8PM'], ['Thursday', '11AM–8PM'], ['Friday', '11AM–8PM'], ['Saturday', '12–8PM'], ['Sunday', 'Closed']]"
0x8713501d98825603:0x8bba36195526940b,Jun Japanese Restaurant,"Jun Japanese Restaurant, 3276 Centennial Blvd, Colorado Springs, CO 80907",38.8782238,-104.8486034,['Japanese restaurant'],4.2,487,$$,"[['Sunday', '11AM–2PM'], ['Monday', '11AM–2PM'], ['Tuesday', '11AM–2PM'], ['Wednesday', '11AM–2PM'], ['Thursday', '11AM–2PM'], ['Friday', '11AM–2PM'], ['Saturday', '11:30AM–2PM']]"
0x876c7e5216c9642f:0xb410ee9d461fd810,Sushi Den,"Sushi Den, 1487 S Pearl St, Denver, CO 80210",39.6895673,-104.980604,"['Sushi restaurant', 'Bar', 'Family restaurant', 'Japanese restaurant', 'Seafood restaurant']",4.7,3149,$$$,"[['Sunday', '4:30–10PM'], ['Monday', '4:30–10PM'], ['Tuesday', '4:30–10PM'], ['Wednesday', '4:30–10PM'], ['Thursday', '4:30–10PM'], ['Friday', '4:30–11PM'], ['Saturday', '4:30–11PM']]"
0x876c62bfaac00e05:0x29a60b2ebc8498a5,Tokyo Joe's - Mississippi,"Tokyo Joe's - Mississippi, 13950 E Mississippi Ave, Aurora, CO 80012",39.696275,-104.82517519999999,"['Restaurant', 'Asian fusion restaurant', 'Fast food restaurant', 'Japanese restaurant', 'Sushi restaurant']",4.3,567,,"[['Sunday', '10:45AM–9:05PM'], ['Monday', '10:45AM–9:05PM'], ['Tuesday', '10:45AM–9:05PM'], ['Wednesday', '10:45AM–9:05PM'], ['Thursday', '10:45AM–9:05PM'], ['Friday', '10:45AM–9:05PM'], ['Saturday', '10:45AM–9:05PM']]"
0x876b7f19a77ab1a5:0xa938feddd8ab1adf,Tokyo Joe's - Southwest Plaza,"Tokyo Joe's - Southwest Plaza, Southwest Plaza, 8501 W Bowles Ave, Littleton, CO 80123",39.6123356,-105.0969478,"['Japanese restaurant', 'Asian fusion restaurant', 'Asian restaurant', 'Fast food restaurant', 'Sushi restaurant']",4.3,383,,"[['Sunday', '10:45AM–7PM'], ['Monday', '10:45AM–9:05PM'], ['Tuesday', '10:45AM–9:05PM'], ['Wednesday', '10:45AM–9:05PM'], ['Thursday', '10:45AM–9:05PM'], ['Friday', '10:45AM–9:05PM'], ['Saturday', '10:45AM–9:05PM']]"
0x876c824eb2f5c7fb:0xd34a21425e3d356e,Tokyo Joe's - HR (Broadway),"Tokyo Joe's - HR (Broadway), 9131 S Broadway, Highlands Ranch, CO 80129",39.5504213,-104.9922909,"['Restaurant', 'Asian fusion restaurant', 'Asian restaurant', 'Fast food restaurant', 'Japanese restaurant', 'Sushi restaurant']",4.3,438,$$,"[['Sunday', '10:45AM–9PM'], ['Monday', '10:45AM–9PM'], ['Tuesday', '10:45AM–9PM'], ['Wednesday', '10:45AM–9PM'], ['Thursday', '10:45AM–9PM'], ['Friday', '10:45AM–9PM'], ['Saturday', '10:45AM–9PM']]"
0x876c86e3a9079eb1:0xec781a5ccafd2f0a,Sushi-Rama DTC,"Sushi-Rama DTC, 4960 S Newport St, Denver, CO 80237",39.6246715,-104.90677319999999,"['Sushi restaurant', 'Conveyor belt sushi restaurant', 'Japanese restaurant']",4.4,312,$$,"[['Sunday', 'Closed'], ['Monday', 'Closed'], ['Tuesday', '11AM–8PM'], ['Wednesday', '11AM–8PM'], ['Thursday', '11AM–8PM'], ['Friday', '11AM–8PM'], ['Saturday', '11AM–8PM']]"
0x876c99c19c9fd823:0x2efb878fcd1c7e6c,Mt. Fuji,"Mt. Fuji, 4714 Milestone Ln, Castle Rock, CO 80104",39.4087161,-104.8618013,"['Sushi restaurant', 'Asian restaurant', 'Japanese restaurant', 'Restaurant', 'Steak house']",4.2,408,$$,"[['Sunday', '11AM–9PM'], ['Monday', '10:30AM–9:30PM'], ['Tuesday', '10:30AM–9:30PM'], ['Wednesday', '10:30AM–9:30PM'], ['Thursday', '10:30AM–9:30PM'], ['Friday', '10:30AM–10PM'], ['Saturday', '10:30AM–10PM']]"
0x8740397d196f9e9f:0x6683e5ef04ccdacc,Matsuhisa,"Matsuhisa, 303 E Main St, Aspen, CO 81611",39.190649,-106.820259,"['Sushi restaurant', 'Asian restaurant', 'Bar', 'Japanese restaurant', 'Restaurant']",4.6,372,$$$$,"[['Sunday', '5–10PM'], ['Monday', '5–10PM'], ['Tuesday', '5–10PM'], ['Wednesday', '5–10PM'], ['Thursday', '5–10PM'], ['Friday', '5–10PM'], ['Saturday', '5–10PM']]"
0x876c7523af37753f:0x2885cfcb9ce8fb0c,Mt Fuji Hibachi,"Mt Fuji Hibachi, 14643 Orchard Pkwy, Westminster, CO 80023",39.961725,-104.99397599999999,['Japanese restaurant'],3.9,426,,"[['Sunday', '11AM–9PM'], ['Monday', '11AM–9PM'], ['Tuesday', '11AM–9PM'], ['Wednesday', '11AM–9PM'], ['Thursday', '11AM–9PM'], ['Friday', '11AM–10PM'], ['Saturday', '11AM–10PM']]"
0x876c75f2c812426f:0xb994f2bf4aa51419,Hana Matsuri Sushi,"Hana Matsuri Sushi, 2821 W 120th Ave, Westminster, CO 80234",39.9147362,-105.0216949,"['Sushi restaurant', 'Asian restaurant', 'Bar', 'Bar & grill', 'Gluten-free restaurant', 'Japanese restaurant']",4.6,808,$$,"[['Saturday', '11AM–10PM'], ['Sunday', '4–9PM'], ['Monday', '11AM–2:30PM'], ['Tuesday', '11AM–2:30PM'], ['Wednesday', '11AM–2:30PM'], ['Thursday', '11AM–2:30PM'], ['Friday', '11AM–2:30PM']]"
0x87134c1d19a4ee77:0x54cdaf0142741f5f,Kura Japanese Restaurant,"Kura Japanese Restaurant, 3478 B, Research Pkwy, Colorado Springs, CO 80920",38.957287799999996,-104.7662232,"['Japanese restaurant', 'Restaurant', 'Sushi restaurant', 'Teppanyaki restaurant']",4.3,878,$$,"[['Friday', '11AM–2:30PM'], ['Saturday', '12–3PM'], ['Sunday', '4–8:30PM'], ['Monday', '11AM–2:30PM'], ['Tuesday', '11AM–2:30PM'], ['Wednesday', '11AM–2:30PM'], ['Thursday', '11AM–2:30PM']]"
0x876c634015421cd1:0xa7f387f4d03d88dd,soul kitchen,"soul kitchen, 14107 E Colfax Ave, Aurora, CO 80011",39.740649,-104.823031,['Japanese restaurant'],4.0,388,,"[['Friday', '11AM–8PM'], ['Saturday', '12AM–8PM'], ['Sunday', '12AM–8PM'], ['Monday', '11AM–8PM'], ['Tuesday', '11AM–8PM'], ['Wednesday', '11AM–8PM'], ['Thursday', '11AM–8PM']]"
0x876c86519e2334a3:0x471ae189c9de4c45,Tokyo Joe’s - DTC,"Tokyo Joe’s - DTC, 4950 S Yosemite St, Englewood, CO 80111",39.6245577,-104.8833981,"['Restaurant', 'Asian fusion restaurant', 'Fast food restaurant', 'Japanese restaurant', 'Sushi restaurant']",4.1,196,$$,"[['Friday', '10:45AM–9:05PM'], ['Saturday', '11AM–9:05PM'], ['Sunday', '11AM–8:35PM'], ['Monday', '10:45AM–9:05PM'], ['Tuesday', '10:45AM–9:05PM'], ['Wednesday', '10:45AM–9:05PM'], ['Thursday', '10:45AM–9:05PM']]"
0x876c85d2200c5a6d:0x7adf2af109b7e0f0,Tokyo Joe's,"Tokyo Joe's, 8727 E Dry Creek Rd, Englewood, CO 80112",39.5811221,-104.8864114,"['Japanese restaurant', 'Asian fusion restaurant', 'Asian restaurant', 'Fast food restaurant', 'Sushi restaurant']",4.1,296,$$,"[['Friday', '10:45AM–9:05PM'], ['Saturday', '10:45AM–9:05PM'], ['Sunday', '11AM–8:35PM'], ['Monday', '10:45AM–9:05PM'], ['Tuesday', '10:45AM–9:05PM'], ['Wednesday', '10:45AM–9:05PM'], ['Thursday', '10:45AM–9:05PM']]"
0x876c91e8c6d9c501:0x4e323e44f5249d29,Junz,"Junz, 11211 Dransfeldt Rd # 100, Parker, CO 80134",39.5125664,-104.77054179999999,"['Japanese restaurant', 'Restaurant']",4.5,328,$$$,"[['Friday', '11:30AM–2:30PM'], ['Saturday', '11:30AM–2:30PM'], ['Sunday', '11:30AM–2:30PM'], ['Monday', '11:30AM–2:30PM'], ['Tuesday', '11:30AM–2:30PM'], ['Wednesday', '11:30AM–2:30PM'], ['Thursday', '11:30AM–2:30PM']]"
0x876c8c7991f01c43:0x967b95667e1360c4,Bangkok-Tokyo,"Bangkok-Tokyo, 6020 S Gun Club Rd, Aurora, CO 80016",39.6052062,-104.71615229999999,"['Authentic Japanese restaurant', 'Asian restaurant', 'Japanese restaurant', 'Southeast Asian restaurant', 'Sushi restaurant', 'Thai restaurant']",4.5,534,$$,"[['Thursday', '11AM–9PM'], ['Friday', '11AM–9PM'], ['Saturday', '12–9:30PM'], ['Sunday', '11AM–9PM'], ['Monday', 'Closed'], ['Tuesday', '11AM–9PM'], ['Wednesday', '11AM–9PM']]"
0x87471c6745f951dd:0x907ddd12c483232f,Suehiro Japanese Restaurant,"Suehiro Japanese Restaurant, 541 Main St, Grand Junction, CO 81501",39.067133999999996,-108.563358,"['Japanese restaurant', 'Asian restaurant', 'Sushi restaurant']",4.6,876,$$,"[['Thursday', '11AM–1:30PM'], ['Friday', '11AM–1:30PM'], ['Saturday', '11AM–1:30PM'], ['Sunday', 'Closed'], ['Monday', '11AM–1:30PM'], ['Tuesday', '11AM–1:30PM'], ['Wednesday', '11AM–1:30PM']]"
0x876c7d606b22225f:0x3d9eb70272db5136,Tokyo Joe's - Parker & Illiff,"Tokyo Joe's - Parker & Illiff, 2320 S Parker Rd, Denver, CO 80231",39.6741598,-104.8694345,"['Restaurant', 'Asian fusion restaurant', 'Asian restaurant', 'Fast food restaurant', 'Japanese restaurant', 'Sushi restaurant']",4.1,517,$$,"[['Wednesday', '10:45AM–9:05PM'], ['Thursday', '10:45AM–9:05PM'], ['Friday', '10:45AM–9:05PM'], ['Saturday', '10:45AM–9:05PM'], ['Sunday', '10:45AM–9:05PM'], ['Monday', '10:45AM–9:05PM'], ['Tuesday', '10:45AM–9:05PM']]"
0x876c7c1e03f1786d:0xeb8e58c6f2958896,Sushi Harbor,"Sushi Harbor, 4136 E 8th Ave, Denver, CO 80220",39.729090299999996,-104.9385657,"['Sushi restaurant', 'Asian fusion restaurant', 'Asian restaurant', 'Bar', 'Cafe', 'Japanese restaurant', 'Takeout Restaurant', 'Restaurant']",4.5,347,$$,"[['Wednesday', '11AM–9PM'], ['Thursday', '11AM–9PM'], ['Friday', '11AM–9:30PM'], ['Saturday', '12–9:30PM'], ['Sunday', '12–9PM'], ['Monday', 'Closed'], ['Tuesday', '11AM–9PM']]"
0x876c7bc696b01097:0xe2b745f8d3a1196b,Bonchon Central Park,"Bonchon Central Park, 8340 Northfield Blvd Suite 1590, Denver, CO 80238",39.78084,-104.89121999999999,"['Asian fusion restaurant', 'Asian restaurant', 'Chicken restaurant', 'Chicken wings restaurant', 'Fried chicken takeaway', 'Japanese restaurant', 'Korean restaurant', 'Pan-Asian restaurant']",4.2,468,$$,"[['Wednesday', '11AM–9:30PM'], ['Thursday', '11AM–9:30PM'], ['Friday', '11AM–10:30PM'], ['Saturday', '11AM–10:30PM'], ['Sunday', '11AM–9:30PM'], ['Monday', '11AM–9:30PM'], ['Tuesday', '11AM–9:30PM']]"
0x876c78c4fa1f0dfb:0x302f7ebee14005ca,Hapa Sushi Grill and Sake Bar,"Hapa Sushi Grill and Sake Bar, 1514 Blake St, Denver, CO 80202",39.7497393,-104.9998983,"['Sushi restaurant', 'Japanese restaurant']",4.5,1228,$$,"[['Tuesday', '11AM–10PM'], ['Wednesday', '11AM–10PM'], ['Thursday', '11AM–10PM'], ['Friday', '11AM–11PM'], ['Saturday', '11AM–11PM'], ['Sunday', '11AM–10PM'], ['Monday', '11AM–10PM']]"
0x876b8c8468ee3463:0xf548d43324993cd6,Benihana,"Benihana, 515 Zang St, Broomfield, CO 80021",39.9271096,-105.1330313,"['Japanese restaurant', 'Asian restaurant', 'Japanese steakhouse', 'Restaurant', 'Steak house', 'Sushi restaurant', 'Teppanyaki restaurant']",4.2,1914,$$$,"[['Tuesday', '11AM–10PM'], ['Wednesday', '11AM–10PM'], ['Thursday', '11AM–10PM'], ['Friday', '11AM–11PM'], ['Saturday', '11AM–11PM'], ['Sunday', '11AM–10PM'], ['Monday', '11AM–10PM']]"
0x876b87d11c1431df:0xb8076ce767a0ffed,Mizuumi Ramen & Sake,"Mizuumi Ramen & Sake, 4225 W Colfax Ave, Denver, CO 80204",39.740502299999996,-105.0420092,"['Japanese restaurant', 'Asian fusion restaurant', 'Ramen restaurant', 'Sushi restaurant']",4.3,77,,"[['Monday', '11AM–9:30PM'], ['Tuesday', '11AM–9:30PM'], ['Wednesday', '11AM–9:30PM'], ['Thursday', '11AM–9:30PM'], ['Friday', '11AM–10PM'], ['Saturday', '11AM–10PM'], ['Sunday', '12–10PM']]"
0x876c8769d3ad74a3:0xb09471a0b05915d3,Sushi Train,"Sushi Train, 3460 S Locust St, Denver, CO 80222",39.6541028,-104.91510559999999,"['Sushi restaurant', 'Asian restaurant', 'Japanese restaurant', 'Seafood restaurant']",4.3,865,$$,"[['Monday', '11:30AM–2:30PM'], ['Tuesday', '11:30AM–2:30PM'], ['Wednesday', '11:30AM–2:30PM'], ['Thursday', '11:30AM–2:30PM'], ['Friday', '11:30AM–2:30PM'], ['Saturday', '11:30AM–2:30PM'], ['Sunday', '4:30–9:30PM']]"
0x876c86fa73d421e7:0x5e36de2586e1d3f2,Hapa Sushi Grill and Sake Bar,"Hapa Sushi Grill and Sake Bar, 5380 Greenwood Plaza Blvd #101, Greenwood Village, CO 80111",39.619064,-104.899835,"['Japanese restaurant', 'Asian restaurant', 'Sushi restaurant']",4.5,1435,$$,"[['Monday', '11AM–10PM'], ['Tuesday', '11AM–10PM'], ['Wednesday', '11AM–10PM'], ['Thursday', '11AM–10PM'], ['Friday', '11AM–11PM'], ['Saturday', '11AM–11PM'], ['Sunday', '11AM–10PM']]"
0x871346640d4f70ff:0x471200312d8ff87b,Asian Pacific Market,"Asian Pacific Market, 615 Wooten Rd #160, Colorado Springs, CO 80915",38.8412375,-104.73634249999999,"['Asian grocery store', 'Deli', 'Fruit and vegetable store', 'Grocery store', 'Japanese grocery store', 'Korean grocery store', 'Produce market', 'Seafood market', 'Supermarket']",4.4,3332,,"[['Monday', '9AM–8PM'], ['Tuesday', '9AM–8PM'], ['Wednesday', '9AM–8PM'], ['Thursday', '9AM–8PM'], ['Friday', '9AM–8PM'], ['Saturday', '9AM–8PM'], ['Sunday', '9AM–8PM']]"
0x871344c029c0dcdf:0xc85bd47a3419666f,Sushi Ring,"Sushi Ring, 1861 S Nevada Ave, Colorado Springs, CO 80905",38.8074875,-104.8204148,"['Japanese restaurant', 'Asian restaurant', 'Sushi restaurant']",4.4,933,$$,"[['Monday', '11AM–9PM'], ['Tuesday', '11AM–9PM'], ['Wednesday', '11AM–9PM'], ['Thursday', '11AM–9PM'], ['Friday', '11AM–9PM'], ['Saturday', '11AM–9PM'], ['Sunday', '11AM–9PM']]"
0x87694a8a99038eb3:0x34f555a97906d3bd,Ramen Master,"Ramen Master, 144 N Mason St #8, Fort Collins, CO 80524",40.5886561,-105.07867139999999,"['Japanese restaurant', 'Ramen restaurant', 'Sushi restaurant']",4.1,173,,"[['Sunday', 'Closed'], ['Monday', '11AM–9PM'], ['Tuesday', '11AM–9PM'], ['Wednesday', '11AM–9PM'], ['Thursday', '11AM–9PM'], ['Friday', '11AM–9:30PM'], ['Saturday', '11AM–9:30PM']]"
0x8713494094deb401:0x15eb823c017ec7e2,Umi Sushi,"Umi Sushi, 7636 Dublin Blvd, Colorado Springs, CO 80923",38.9273832,-104.6847219,['Japanese restaurant'],4.7,28,,"[['Saturday', '11AM–9PM'], ['Sunday', '4–9PM'], ['Monday', '11AM–9PM'], ['Tuesday', '11AM–9PM'], ['Wednesday', '11AM–9PM'], ['Thursday', '11AM–9PM'], ['Friday', '11AM–9PM']]"
0x871349522fe439cf:0x713790292fdcb217,Kanpai Japanese Restaurant and Sushi,"Kanpai Japanese Restaurant and Sushi, 5935 Dublin Blvd #100, Colorado Springs, CO 80923",38.923665899999996,-104.71843589999999,"['Restaurant', 'Japanese restaurant', 'Sushi restaurant', 'Sushi takeaway']",4.4,298,,"[['Saturday', '11AM–9PM'], ['Sunday', '11AM–9PM'], ['Monday', 'Closed'], ['Tuesday', '11AM–3PM'], ['Wednesday', '11AM–3PM'], ['Thursday', '11AM–3PM'], ['Friday', '11AM–9PM']]"
0x876b8907eb654aa5:0x5f3657d8de67fe2d,Tokyo Joe's - Arvada,"Tokyo Joe's - Arvada, 8770 Wadsworth Blvd, Arvada, CO 80003",39.856079199999996,-105.0799512,"['Japanese restaurant', 'Asian fusion restaurant', 'Asian restaurant', 'Fast food restaurant', 'Sushi restaurant']",4.2,816,,"[['Saturday', '10:45AM–9:05PM'], ['Sunday', '10:45AM–9:05PM'], ['Monday', '10:45AM–9:05PM'], ['Tuesday', '10:45AM–9:05PM'], ['Wednesday', '10:45AM–9:05PM'], ['Thursday', '10:45AM–9:05PM'], ['Friday', '10:45AM–9:05PM']]"
0x876b8634ed5c41b1:0x5d76fc8cd23b03c8,Kokoro Arvada,"Kokoro Arvada, 5535 Wadsworth Blvd, Arvada, CO 80002",39.7973175,-105.0777435,"['Sushi restaurant', 'Asian restaurant', 'Japanese restaurant', 'Restaurant']",4.4,1592,$,"[['Saturday', '11AM–9:30PM'], ['Sunday', '11AM–9PM'], ['Monday', '11AM–9PM'], ['Tuesday', '11AM–9PM'], ['Wednesday', '11AM–9PM'], ['Thursday', '11AM–9PM'], ['Friday', '11AM–9:30PM']]"
0x876c791ff9a746dd:0xed78dd10bc5abbbf,Sushi-Rama,"Sushi-Rama, 2615 Larimer St, Denver, CO 80205",39.7589731,-104.9850847,"['Sushi restaurant', 'Conveyor belt sushi restaurant', 'Japanese restaurant']",4.4,668,$$,"[['Saturday', '11AM–8PM'], ['Sunday', '11AM–8PM'], ['Monday', '11AM–8PM'], ['Tuesday', '11AM–8PM'], ['Wednesday', '11AM–8PM'], ['Thursday', '11AM–8PM'], ['Friday', '11AM–8PM']]"
0x876c78cb071f9e25:0xc676d9e2a140d096,Domo Japanese Country Food Restaurant,"Domo Japanese Country Food Restaurant, 1365 Osage St, Denver, CO 80204",39.738247799999996,-105.00556329999999,"['Japanese restaurant', 'Asian restaurant', 'Restaurant', 'Sushi restaurant']",4.5,2114,$$,"[['Thursday', '11AM–8:30PM'], ['Friday', '11AM–8:30PM'], ['Saturday', '11AM–8:30PM'], ['Sunday', '11AM–8:30PM'], ['Monday', 'Closed'], ['Tuesday', '11AM–8:30PM'], ['Wednesday', '11AM–8:30PM']]"
