gmap_id,name,address,latitude,longitude,category,avg_rating,num_of_reviews,price,hours
0x88d91bcb90e4be4f:0x306dee8d258b0a53,Nikuya Sushi Thai Bistro,"Nikuya Sushi Thai Bistro, 11395 W Palmetto Park Rd suite d, Boca Raton, FL 33428",26.3495694,-80.2284805,"['Asian fusion restaurant', 'Japanese restaurant', 'Japanese steakhouse', 'Delivery Restaurant', 'Restaurant', 'Sushi restaurant', 'Thai restaurant']",4.7,25,,"[['Monday', '5–10PM'], ['Tuesday', '5–10PM'], ['Wednesday', '5–10PM'], ['Thursday', '12–3PM'], ['Friday', '12–3PM'], ['Saturday', '1–11PM'], ['Sunday', '1–10PM']]"
0x88e8a2c3034aa271:0x53f690485e70bc26,Rolls 'n Bowls,"Rolls 'n Bowls, 3117 SW 34th St, Gainesville, FL 32608",29.6249434,-82.3713817,"['Asian restaurant', 'Japanese restaurant', 'Restaurant', 'Sushi restaurant']",3.8,8,$$,
0x88d9b48875565595:0xc6f6d04f72f1bf4e,Wok Town Miami Beach,"Wok Town Miami Beach, 1570 Alton Rd, Miami Beach, FL 33139",25.7885769,-80.1413244,"['Chinese restaurant', 'Asian restaurant', 'Japanese restaurant', 'Delivery Restaurant', 'Takeout Restaurant', 'Pan-Asian restaurant', 'Sushi restaurant']",3.1,28,$$,"[['Saturday', '11AM–12AM'], ['Sunday', '11AM–11PM'], ['Monday', '11AM–11PM'], ['Tuesday', '11AM–11PM'], ['Wednesday', '11AM–11PM'], ['Thursday', '11AM–11PM'], ['Friday', '11AM–12AM']]"
0x88c2ce401dce0117:0xd720cff928049edb,Oyishi Buffet,"Oyishi Buffet, 11245 Causeway Blvd, Brandon, FL 33511",27.921428,-82.324204,['Japanese restaurant'],3.5,6,,
0x88d9adc6411d6dc3:0x2b480ec79c1a46b1,Asian Sushi Street,"Asian Sushi Street, 1557 NE 167th St, North Miami Beach, FL 33162",25.929631699999998,-80.16916169999999,"['Sushi restaurant', 'Japanese restaurant', 'Restaurant']",4.1,18,,"[['Thursday', '5PM–12AM'], ['Friday', '5PM–12AM'], ['Saturday', '5PM–12AM'], ['Sunday', '5PM–12AM'], ['Monday', 'Closed'], ['Tuesday', '5PM–12AM'], ['Wednesday', '5PM–12AM']]"
0x88c2f3b2f5dc1de7:0xdbd5d47eca432ca,Umai Japanese Hibachi and Sushi Cuisine,"Umai Japanese Hibachi and Sushi Cuisine, 2632 Bayshore Blvd, Dunedin, FL 34698",28.049867199999998,-82.78057,['Japanese restaurant'],3.9,8,,"[['Wednesday', '11AM–11PM'], ['Thursday', '11AM–11PM'], ['Friday', '11AM–12AM'], ['Saturday', '11AM–12AM'], ['Sunday', '11AM–11PM'], ['Monday', '11AM–11PM'], ['Tuesday', '11AM–11PM']]"
0x88de61125e392837:0xef7af8b0e1e0265d,Sushi Factory,"Sushi Factory, 8797 20th St, Vero Beach, FL 32966",27.638250799999998,-80.50748399999999,"['Sushi restaurant', 'Japanese restaurant', 'Seafood restaurant']",4.7,8,,"[['Wednesday', '12–3PM'], ['Thursday', '12–3PM'], ['Friday', '12–3PM'], ['Saturday', '12–3PM'], ['Sunday', '12–3PM'], ['Monday', 'Closed'], ['Tuesday', '12–3PM']]"
0x88c2f6d18507cc7d:0xd0d59fcc74f80ad0,Kiku Japanese Restaurant,"Kiku Japanese Restaurant, 483 Mandalay Ave #214, Clearwater, FL 33767",27.981479999999998,-82.826765,"['Japanese restaurant', 'Restaurant']",3.9,28,$$,"[['Saturday', '5–10PM'], ['Sunday', 'Closed'], ['Monday', '11:30AM–1:30PM'], ['Tuesday', '11:30AM–1:30PM'], ['Wednesday', '11:30AM–1:30PM'], ['Thursday', '11:30AM–1:30PM'], ['Friday', '11:30AM–1:30PM']]"
0x88d9031e4c91585f:0x26182e543857a3ce,Sushi Asami,"Sushi Asami, 1748 E Commercial Blvd, Fort Lauderdale, FL 33334",26.188770599999998,-80.12360749999999,"['Restaurant', 'Asian restaurant', 'Japanese restaurant', 'Sushi restaurant']",5.0,33,$$,"[['Friday', '11:30AM–9PM'], ['Saturday', '11:30AM–9PM'], ['Sunday', '4–9PM'], ['Monday', 'Closed'], ['Tuesday', '11:30AM–9PM'], ['Wednesday', 'Closed'], ['Thursday', '11:30AM–9PM']]"
0x88d90174c622134f:0x2c20c2db56de0806,Yuji Japanese Resteraunt,"Yuji Japanese Resteraunt, 1913 N Andrews Ave, Wilton Manors, FL 33311",26.1525729,-80.1467873,['Authentic Japanese restaurant'],4.4,18,,"[['Tuesday', '5PM–2AM'], ['Wednesday', '5PM–2AM'], ['Thursday', '5PM–2AM'], ['Friday', '5PM–2AM'], ['Saturday', '5PM–2AM'], ['Sunday', '5PM–2AM'], ['Monday', 'Closed']]"
0x88c34168eb05c01f:0xfa18ae2f64826d6b,Ahi sushi,"Ahi sushi, 3440 Clark Rd, Sarasota, FL 34231",27.2678457,-82.50077259999999,['Japanese restaurant'],4.2,38,,"[['Monday', 'Closed'], ['Tuesday', '11:30AM–2PM'], ['Wednesday', '11:30AM–2PM'], ['Thursday', '11:30AM–2PM'], ['Friday', '11:30AM–2PM'], ['Saturday', '5–9PM'], ['Sunday', '5–9PM']]"
0x88d9b68408e470d9:0x56d0852e8241d18b,Momi Gyoza Bar,"Momi Gyoza Bar, 1036 S Miami Ave, Miami, FL 33130",25.7638248,-80.1933181,['Japanese restaurant'],4.6,5,$,
0x88c323d26cca78eb:0x50837c74bbac41aa,Yummy Tokyo,"Yummy Tokyo, 9552 Buffalo Rd, Palmetto, FL 34221",27.599777099999997,-82.49865009999999,['Japanese restaurant'],4.2,28,,"[['Saturday', '11AM–10PM'], ['Sunday', '12–9:30PM'], ['Monday', 'Closed'], ['Tuesday', '11AM–9:30PM'], ['Wednesday', '11AM–9:30PM'], ['Thursday', '11AM–9:30PM'], ['Friday', '11AM–10PM']]"
0x88c2e332bc701bbf:0xbd67a499a6fdb6a0,Maki Of Japan,"Maki Of Japan, St. Petersburg, FL 33710",27.793431899999998,-82.7336622,['Japanese restaurant'],3.4,24,,
0x88df2a9f611a174f:0x6d81f05e9e456c63,Genji Ramen & Sushi Bar,"Genji Ramen & Sushi Bar, 11701 Lake Victoria Gardens Ave, Palm Beach Gardens, FL 33410",26.8483821,-80.0939721,['Japanese restaurant'],4.2,6,$$,"[['Friday', '7AM–9PM'], ['Saturday', '8AM–9PM'], ['Sunday', '8AM–9PM'], ['Monday', '8AM–9PM'], ['Tuesday', '8AM–9PM'], ['Wednesday', '8AM–9PM'], ['Thursday', '8AM–9PM']]"
0x88c2b755a31d6155:0xdd5103e969214b72,Ginza,"Ginza, 6417 E County Line Rd #104, Tampa, FL 33647",28.169016,-82.356628,"['Japanese restaurant', 'Restaurant']",4.4,8,$$,"[['Friday', '11AM–10PM'], ['Saturday', '11AM–10PM'], ['Sunday', '12–9PM'], ['Monday', '11AM–9:30PM'], ['Tuesday', '11AM–9:30PM'], ['Wednesday', '11AM–9:30PM'], ['Thursday', '11AM–9:30PM']]"
0x88e7719db997da77:0x27a75e11503b928,Genji Sushi,"Genji Sushi, 305 E Altamonte Dr, Altamonte Springs, FL 32701",28.664289999999998,-81.3813986,['Japanese restaurant'],3.6,5,$$,"[['Wednesday', '8AM–10PM'], ['Thursday', '8AM–10PM'], ['Friday', '8AM–10PM'], ['Saturday', '8AM–10PM'], ['Sunday', '8AM–10PM'], ['Monday', '8AM–10PM'], ['Tuesday', '8AM–10PM']]"
0x88dba99acf888fc9:0xd88c264f956a678a,Teriyaki Madness,"Teriyaki Madness, 5072 Annunciation Cir Ste 103, Ave Maria, FL 34142",26.3363591,-81.436182,"['Asian fusion restaurant', 'Caterer', 'Fast food restaurant', 'Gluten-free restaurant', 'Japanese restaurant', 'Restaurant']",4.6,38,$,"[['Tuesday', '11AM–9PM'], ['Wednesday', '11AM–9PM'], ['Thursday', '11AM–9PM'], ['Friday', '11AM–9PM'], ['Saturday', '11AM–9PM'], ['Sunday', '11AM–8PM'], ['Monday', '11AM–9PM']]"
0x88e77146d9ff8117:0xd6b02822ca673dee,Kumo Asian Kitchen,"Kumo Asian Kitchen, 767 S State Rd 434 Suite 1040, Altamonte Springs, FL 32714",28.6464669,-81.4147431,['Japanese restaurant'],4.4,18,,"[['Tuesday', '11:30AM–9PM'], ['Wednesday', '11:30AM–9PM'], ['Thursday', '11:30AM–9PM'], ['Friday', '11:30AM–9PM'], ['Saturday', '2–9PM'], ['Sunday', 'Closed'], ['Monday', '11:30AM–9PM']]"
0x88e5c6f420676863:0xc4895c67d1eb3a5d,Sushi Wok,"Sushi Wok, 6334 103rd St, Jacksonville, FL 32244",30.247246999999998,-81.746263,"['Japanese restaurant', 'Asian restaurant', 'Delivery Restaurant', 'Restaurant']",2.8,58,,"[['Tuesday', '10:30AM–10PM'], ['Wednesday', '10:30AM–10PM'], ['Thursday', '10:30AM–10PM'], ['Friday', '10:30AM–10:30PM'], ['Saturday', '10:30AM–10:30PM'], ['Sunday', 'Closed'], ['Monday', '10:30AM–10PM']]"
0x88db43e3b8528cb5:0xd92777c49d88d229,koto grill,"koto grill, 1830 NE Pine Island Rd Ste 155, Cape Coral, FL 33909",26.6701749,-81.9345141,['Japanese restaurant'],4.5,8,,"[['Tuesday', '11AM–10PM'], ['Wednesday', '11AM–10PM'], ['Thursday', '11AM–10PM'], ['Friday', '11AM–10:30PM'], ['Saturday', '11AM–10:30PM'], ['Sunday', '12–10PM'], ['Monday', '11AM–10PM']]"
0x88d9bea98626a65f:0x26677253208c442,Sake Room Express,"Sake Room Express, 3655 NW 107th Ave #104, Doral, FL 33178",25.807857,-80.368916,"['Sushi restaurant', 'Delivery service', 'Japanese restaurant', 'Lunch restaurant', 'Restaurant', 'Sake brewery', 'Wine bar']",4.5,38,$$,"[['Monday', '8:30AM–10:30PM'], ['Tuesday', '8:30AM–10:30PM'], ['Wednesday', '8:30AM–10:30PM'], ['Thursday', '8:30AM–10:30PM'], ['Friday', '8:30AM–10:30PM'], ['Saturday', '8:30AM–10:30PM'], ['Sunday', 'Closed']]"
0x88d9c746a2cabce1:0x2dea3824848da787,Sushi Maki (Dadeland),"Sushi Maki (Dadeland), 6661 S Dixie Hwy, Miami, FL 33143",25.693962,-80.3007224,"['Sushi restaurant', 'Chinese restaurant', 'Japanese restaurant', 'Sushi takeaway']",4.4,38,,"[['Saturday', '11AM–10PM'], ['Sunday', '12–9:30PM'], ['Monday', '11AM–9:30PM'], ['Tuesday', '11AM–9:30PM'], ['Wednesday', '11AM–9:30PM'], ['Thursday', '11AM–9:30PM'], ['Friday', '11AM–10PM']]"
0x88d9021864fde661:0x1f1337b92694d625,OAKI STEAKHOUSE,"OAKI STEAKHOUSE, 4391 N Federal Hwy, Oakland Park, FL 33308",26.182494,-80.1198004,"['Asian restaurant', 'Asian fusion restaurant', 'Japanese restaurant', 'Restaurant']",4.8,18,$$,
0x88c2bc223d1717ef:0x40957033f3885f94,Sakura At LUTZ,"Florida, Lutz, FL-54, Sakura At LUTZ邮政编码: 33558",28.194906399999997,-82.5038759,"['Japanese restaurant', 'Sushi restaurant']",3.5,15,,"[['Friday', '11AM–2:30PM'], ['Saturday', '12–10:30PM'], ['Sunday', '12–9:30PM'], ['Monday', '11AM–2:30PM'], ['Tuesday', 'Closed'], ['Wednesday', '11AM–2:30PM'], ['Thursday', '11AM–2:30PM']]"
0x88d9b795fa9df5b3:0x47c18216cde285c2,Zitz Sum,"Zitz Sum, 396 Alhambra Cir Suite 155, Coral Gables, FL 33134",25.751446299999998,-80.262316,"['Asian restaurant', 'Japanese restaurant', 'Wine bar']",4.5,28,,"[['Tuesday', '5–10PM'], ['Wednesday', '5–10PM'], ['Thursday', '5–10PM'], ['Friday', '5–10PM'], ['Saturday', '6–10PM'], ['Sunday', 'Closed'], ['Monday', 'Closed']]"
0x88e5c19c5c2d89a9:0xd2e501112a1b1c30,Fuji Sushi,"Fuji Sushi, 9542 Argyle Forest Blvd #18, Jacksonville, FL 32222",30.1945236,-81.8263271,['Japanese restaurant'],3.2,8,$$,
0x88dae3c755410cbf:0x9ef54eab4c7d9176,Asian Depot,"Asian Depot, 3879 Tamiami Trail E, Naples, FL 34112",26.1185755,-81.7568787,"['Asian grocery store', 'Grocery store', 'Indian grocery store', 'Japanese grocery store', 'Korean grocery store']",4.0,5,,"[['Saturday', '9AM–9PM'], ['Sunday', '10AM–8PM'], ['Monday', '9AM–9PM'], ['Tuesday', '9AM–9PM'], ['Wednesday', '9AM–9PM'], ['Thursday', '9AM–9PM'], ['Friday', '9AM–9PM']]"
0x88d9ad90c9d61767:0xb14ef4a3776d4e53,Tako Sushi,"Tako Sushi, 17630 Collins Ave, Sunny Isles Beach, FL 33160",25.9395414,-80.1218851,"['Sushi restaurant', 'Asian restaurant', 'Bubble tea store', 'Japanese restaurant', 'Ramen restaurant', 'Thai restaurant']",4.8,94,,"[['Saturday', '3PM–12AM'], ['Sunday', '3–10:30PM'], ['Monday', '12–10:30PM'], ['Tuesday', '12–10:30PM'], ['Wednesday', '12–10:30PM'], ['Thursday', '12–10:30PM'], ['Friday', '12PM–12AM']]"
0x88e8a3f434801d13:0x3ae0712d299c27bd,Sus Hi Eatstation - UF,"Sus Hi Eatstation - UF, 1404 W University Ave #20, Gainesville, FL 32603",29.652345,-82.3408232,"['Sushi restaurant', 'Fast food restaurant', 'Japanese restaurant', 'Restaurant']",4.4,78,,"[['Friday', '12–8PM'], ['Saturday', '12–8PM'], ['Sunday', '12–5PM'], ['Monday', '12–5PM'], ['Tuesday', '12–5PM'], ['Wednesday', '12–5PM'], ['Thursday', '12–5PM']]"
0x88e7128294f8bfef:0x2a87e93adf453378,Maki of Japan,"Maki of Japan, 238 Towne Center Cir, Sanford, FL 32771",28.8042382,-81.3387563,"['Japanese restaurant', 'Restaurant']",3.6,18,$,"[['Friday', '10AM–9PM'], ['Saturday', '10AM–9PM'], ['Sunday', '10AM–6PM'], ['Monday', '10AM–9PM'], ['Tuesday', '10AM–9PM'], ['Wednesday', '10AM–9PM'], ['Thursday', '10AM–9PM']]"
0x88e767c8a2c7cb29:0xef0b708a85959d5,SUSHIOLOGY Waterford Lakes,"SUSHIOLOGY Waterford Lakes, 12789 Waterford Lakes Pkwy, Orlando, FL 32828",28.55502,-81.1975406,"['Japanese restaurant', 'Fast food restaurant', 'Sushi restaurant']",3.3,7,,"[['Friday', '11AM–10:30PM'], ['Saturday', '11AM–10:30PM'], ['Sunday', '11AM–10PM'], ['Monday', '11AM–5PM'], ['Tuesday', '11AM–10PM'], ['Wednesday', '11AM–10PM'], ['Thursday', '11AM–10PM']]"
0x889383d3b551ec61:0xbcf301c4464b4557,Hana Japan,"Hana Japan, 2150 Martin Luther King Jr Blvd, Panama City, FL 32405",30.1879334,-85.64731049999999,['Japanese restaurant'],4.1,8,,
0x88e770488df8062b:0x4d05e49c1db1d842,Rangetsu,"Rangetsu, 901 Orlando Ave, Maitland, FL 32751",28.6200402,-81.36563919999999,"['Japanese restaurant', 'Sushi restaurant']",4.3,16,$$,
0x88d901c03dbf67f7:0xd20d4a844f0839fa,Dapur Asian Tapas Restaurant and Lounge,"Dapur Asian Tapas Restaurant and Lounge, 1620 N Federal Hwy, Fort Lauderdale, FL 33305",26.148723099999998,-80.11921009999999,"['Restaurant', 'Asian restaurant', 'Event venue', 'Indonesian restaurant', 'Japanese steakhouse', 'Lounge', 'Seafood restaurant', 'Sushi restaurant', 'Thai restaurant']",4.6,55,$$,"[['Thursday', '12–2:30PM'], ['Friday', '12–2:30PM'], ['Saturday', '5–11PM'], ['Sunday', '11:30AM–2:30PM'], ['Monday', '12–2:30PM'], ['Tuesday', '12–2:30PM'], ['Wednesday', '12–2:30PM']]"
0x88d9b487a694c993:0x5214b230970ea5c2,Masaru Sushi & Thai,"Masaru Sushi & Thai, 1671 Alton Rd, Miami Beach, FL 33139",25.7913127,-80.1410106,"['Sushi restaurant', 'Asian restaurant', 'Japanese delicatessen', 'Japanese restaurant', 'Delivery Restaurant', 'Takeout Restaurant', 'Thai restaurant']",4.9,25,,"[['Wednesday', '11:30AM–3PM'], ['Thursday', '11:30AM–3PM'], ['Friday', '11:30AM–3PM'], ['Saturday', '11:30AM–3PM'], ['Sunday', '5–10:30PM'], ['Monday', '11:30AM–3PM'], ['Tuesday', '11:30AM–3PM']]"
0x88d9c76e78b3895d:0x4be6c9c1d738736f,The Sushi Bar Japanese Cafe,"The Sushi Bar Japanese Cafe, 8748 Sunset Dr, Miami, FL 33173",25.700965099999998,-80.33541489999999,"['Japanese restaurant', 'Sushi restaurant']",4.7,85,$$,"[['Wednesday', '11:30AM–9PM'], ['Thursday', '11:30AM–9PM'], ['Friday', '11:30AM–9PM'], ['Saturday', '11:30AM–10PM'], ['Sunday', 'Closed'], ['Monday', 'Closed'], ['Tuesday', '11:30AM–9PM']]"
0x88c33d5f514b3f37:0x5da1b4ebc02b3c45,E Sushi Grill,"E Sushi Grill, 5959 Factory Shops Blvd, Ellenton, FL 34222",27.5338824,-82.5042206,['Japanese restaurant'],4.3,46,,"[['Tuesday', '11AM–3PM'], ['Wednesday', '11AM–3PM'], ['Thursday', '11AM–3PM'], ['Friday', '11AM–3PM'], ['Saturday', '11AM–3PM'], ['Sunday', '12:30–9:30PM'], ['Monday', '11AM–3PM']]"
0x88dec329aaba34e5:0x18d88920bd0646ca,Sake House Japanese Restaurant,"Sake House Japanese Restaurant, 2277 SW Martin Hwy, Palm City, FL 34990",27.161597,-80.28419,['Japanese restaurant'],4.3,58,,"[['Tuesday', '11:30AM–3PM'], ['Wednesday', '11:30AM–3PM'], ['Thursday', '11:30AM–3PM'], ['Friday', '11:30AM–3PM'], ['Saturday', '12:30–3PM'], ['Sunday', 'Closed'], ['Monday', '11:30AM–3PM']]"
0x88c2ea0d7649ac95:0x421fca33d58e3830,88 FRESH,"88 FRESH, 8140 W Waters Ave, Tampa, FL 33615",28.0255165,-82.5717231,"['Restaurant', 'Japanese restaurant']",4.8,8,,"[['Tuesday', '11AM–9:30PM'], ['Wednesday', '11AM–9:30PM'], ['Thursday', '11AM–9:30PM'], ['Friday', '11AM–10PM'], ['Saturday', '11AM–10PM'], ['Sunday', '12–9:30PM'], ['Monday', 'Closed']]"
0x88e77b4a890ce4ad:0xf94eb7ee71e50eec,Izziban Katsu At Lotte Market,"Izziban Katsu At Lotte Market, 3191 W Colonial Dr, Orlando, FL 32808",28.5545017,-81.41523959999999,['Japanese restaurant'],3.5,15,,"[['Sunday', '10AM–8:30PM'], ['Monday', '10AM–8:30PM'], ['Tuesday', 'Closed'], ['Wednesday', '10AM–8:30PM'], ['Thursday', '10AM–8:30PM'], ['Friday', '10AM–8:30PM'], ['Saturday', '10AM–8:30PM']]"
0x88d9b7d1e09155a1:0xd58fcd475f989eef,B-Side by Itamae,"B-Side by Itamae, 143 NW 23rd St Inside 1-800-Lucky, Miami, FL 33127",25.7993651,-80.1979458,"['Sushi restaurant', 'Japanese restaurant']",4.2,8,,"[['Saturday', '12–11PM'], ['Sunday', '12–11PM'], ['Monday', 'Closed'], ['Tuesday', '12–11PM'], ['Wednesday', '12–11PM'], ['Thursday', '12–11PM'], ['Friday', '12–11PM']]"
0x88d9e7409c577d93:0xefb2ecb8240cd141,Hibachi & Grill,"Hibachi & Grill, 326 SE 1st Ave, Homestead, FL 33034",25.4448895,-80.4754456,"['Sushi restaurant', 'Asian restaurant', 'Japanese restaurant']",3.0,28,,"[['Saturday', '11AM–10PM'], ['Sunday', '11AM–10PM'], ['Monday', '11AM–10PM'], ['Tuesday', '11AM–10PM'], ['Wednesday', '11AM–10PM'], ['Thursday', '11AM–10PM'], ['Friday', '11AM–10PM']]"
0x88c33f1cf1732ee5:0x2fd1d7b18114bf32,Sakura Hibachi Buffet,"Sakura Hibachi Buffet, 8341 Lockwood Ridge Rd, Sarasota, FL 34243",27.391052799999997,-82.5033167,"['Chinese restaurant', 'Asian fusion restaurant', 'Asian restaurant', 'Buffet restaurant', 'Japanese restaurant', 'Sushi restaurant']",3.2,8,$$,"[['Friday', '11AM–10:30PM'], ['Saturday', '11AM–10:30PM'], ['Sunday', '11AM–10PM'], ['Monday', '11AM–10PM'], ['Tuesday', '11AM–10PM'], ['Wednesday', '11AM–10PM'], ['Thursday', '11AM–10PM']]"
0x88c339bc5616952f:0x8d8ed9d4c6c0c4be,Kumo Japanese Steak House & Sushi,"Kumo Japanese Steak House & Sushi, 5231 University Pkwy Unit 113, University Park, FL 34201",27.3889912,-82.4658828,"['Restaurant', 'Japanese restaurant', 'Sushi restaurant']",4.5,8,,"[['Friday', '11AM–3PM'], ['Saturday', '11AM–3PM'], ['Sunday', '12–10PM'], ['Monday', '11:01AM–3PM'], ['Tuesday', '11AM–3PM'], ['Wednesday', '11AM–3PM'], ['Thursday', '11AM–3PM']]"
0x88d9a161229c852f:0x9ad8b6e39170696d,Haruko,"Haruko, 18283 Pines Blvd, Pembroke Pines, FL 33029",26.0092303,-80.3908625,['Japanese restaurant'],3.8,68,,"[['Tuesday', '12–10PM'], ['Wednesday', '12–10PM'], ['Thursday', '12–11PM'], ['Friday', '12–11PM'], ['Saturday', '12–11PM'], ['Sunday', '12–10PM'], ['Monday', '12–10PM']]"
0x88d9b5a48fc019ab:0x8ecb118a64910580,Wasabi Juan's,"Wasabi Juan's, 910 West Ave. Retail A, Miami Beach, FL 33139",25.7797761,-80.1427848,"['Sushi restaurant', 'Burrito restaurant', 'Fast food restaurant', 'Japanese restaurant', 'Restaurant']",4.5,18,,"[['Tuesday', '11AM–9PM'], ['Wednesday', '11AM–9PM'], ['Thursday', '11AM–9PM'], ['Friday', '11AM–9PM'], ['Saturday', '11AM–9PM'], ['Sunday', '11AM–9PM'], ['Monday', '11AM–9PM']]"
0x88d769c2b0ff2bc3:0x5997f3f56b1cde08,Sushi Nami Japanese Restaurant,"Sushi Nami Japanese Restaurant, 99490 Overseas Hwy, Key Largo, FL 33037",25.0939642,-80.4418841,"['Japanese restaurant', 'Restaurant', 'Sushi restaurant']",4.5,87,$$,"[['Sunday', 'Closed'], ['Monday', '11AM–2PM'], ['Tuesday', '11AM–2PM'], ['Wednesday', '11AM–2PM'], ['Thursday', '11AM–2PM'], ['Friday', '11AM–2PM'], ['Saturday', '5–10PM']]"
0x88c28d1538e458d1:0x909952de1913e359,Hibachi Express Tarpon Spring,"Florida, Tarpon Springs, US Hwy 19 N, Hibachi Express Tarpon Spring邮政编码: 34689",28.148048499999998,-82.74324759999999,['Japanese restaurant'],4.3,54,$,"[['Sunday', '11:30AM–9:30PM'], ['Monday', '10:30AM–9:30PM'], ['Tuesday', '10:30AM–9:30PM'], ['Wednesday', '10:30AM–9:30PM'], ['Thursday', '10:30AM–9:30PM'], ['Friday', '10:30AM–10:30PM'], ['Saturday', '10:30AM–10:30PM']]"
0x88e8a329f1653d37:0x8810e68ee375b8a0,Miraku Japanese Steak House,"Miraku Japanese Steak House, 4005 SW 40th Blvd, Gainesville, FL 32608",29.6176003,-82.38257809999999,['Japanese restaurant'],3.4,76,$$,"[['Friday', '4–10:30PM'], ['Saturday', '4–10:30PM'], ['Sunday', '4–9PM'], ['Monday', 'Closed'], ['Tuesday', '4–9:30PM'], ['Wednesday', '4–9:30PM'], ['Thursday', '4–9:30PM']]"
0x88db40291f4da5fd:0xc878b570fdfb9819,Maki Of Japan,"Maki Of Japan, 4125 Cleveland Ave, Fort Myers, FL 33901, United States, Fort Myers, FL 33901",26.6030162,-81.8701871,['Japanese restaurant'],2.1,18,,
0x88c2fa5eaf2ee1d5:0xd9934517bfcc98a6,Miyako Sushi Bar-Hibachi Grill,"Miyako Sushi Bar-Hibachi Grill, 10439 Ulmerton Rd, Largo, FL 33771",27.896417999999997,-82.7842944,"['Japanese restaurant', 'Restaurant']",3.9,48,$$,"[['Tuesday', '11AM–10PM'], ['Wednesday', '11AM–10PM'], ['Thursday', '11AM–10PM'], ['Friday', '11AM–10PM'], ['Saturday', '11AM–10PM'], ['Sunday', '12–10PM'], ['Monday', 'Closed']]"
0x88d9290cf751054b:0x16e08cc34d0ae1d1,Sumo Japanese,"Sumo Japanese, 6901 Okeechobee Blvd B1, West Palm Beach, FL 33411",26.7106924,-80.151521,"['Sushi restaurant', 'Bar & grill', 'Authentic Japanese restaurant', 'Steak house', 'Teppanyaki restaurant']",2.8,14,,"[['Monday', '11AM–3PM'], ['Tuesday', '11AM–3PM'], ['Wednesday', '11AM–3PM'], ['Thursday', '11AM–3PM'], ['Friday', '11AM–3PM'], ['Saturday', '12–11PM'], ['Sunday', '12–10PM']]"
0x88e76f720ba637a5:0x3ca8c3bda68df3b6,Besuto Sushi Bar,"Besuto Sushi Bar, 7581 University Blvd, Winter Park, FL 32792",28.5979484,-81.28513799999999,"['Sushi restaurant', 'Japanese restaurant', 'Restaurant']",5.0,8,,
0x88c2c5f2382649a3:0xda05ae3cecbb635c,Noble Market,"Noble Market, 226 S Boulevard, Tampa, FL 33606",27.9419231,-82.4684542,['Japanese grocery store'],4.9,18,,"[['Monday', 'Closed'], ['Tuesday', 'Closed'], ['Wednesday', '11AM–6PM'], ['Thursday', '11AM–6PM'], ['Friday', '11AM–6PM'], ['Saturday', '11AM–6PM'], ['Sunday', 'Closed']]"
0x88dd3960fbe46651:0x3fa261d1f639d67,Hibachi King,"Hibachi King, 1155 W Pipkin Rd, Lakeland, FL 33811",27.975118,-81.97762999999999,['Japanese restaurant'],4.0,8,,"[['Monday', '9AM–8PM'], ['Tuesday', '9AM–8PM'], ['Wednesday', '9AM–8PM'], ['Thursday', '9AM–8PM'], ['Friday', '9AM–8PM'], ['Saturday', '9AM–8PM'], ['Sunday', '9AM–8PM']]"
0x88e44b959f710e83:0xab9e6abb8995ef61,Mumuyi Bakery,"Mumuyi Bakery, 12041 Beach Blvd Ste 12, Jacksonville, FL 32246",30.2877199,-81.4992455,"['Bakery', 'Bubble tea store', 'Cake shop', 'Chinese bakery', 'Chinese tea house', 'Dessert shop', 'Japanese cheap sweets shop']",4.4,33,,"[['Saturday', '12–9PM'], ['Sunday', '12–9PM'], ['Monday', '12–8:30PM'], ['Tuesday', 'Closed'], ['Wednesday', '12–8:30PM'], ['Thursday', '12–8:30PM'], ['Friday', '12–8:30PM']]"
0x88d9b6b3be05f477:0x2a08071dee00075d,Kiji Cuzco,"Kiji Cuzco, 2451 NW 5 Ave, Miami, FL 33127",25.800487399999998,-80.2027234,"['Japanese restaurant', 'Restaurant']",4.2,44,,"[['Friday', '7PM–4AM'], ['Saturday', '2PM–3AM'], ['Sunday', '2–10PM'], ['Monday', 'Closed'], ['Tuesday', 'Closed'], ['Wednesday', 'Closed'], ['Thursday', '7PM–3AM']]"
0x88d9a95603bb2691:0x8f73a6feaaa1e859,Poku Poke Shop,"Poku Poke Shop, 9630 Stirling Rd Suite 104, Hollywood, FL 33024",26.0446574,-80.27480919999999,['Japanese restaurant'],4.7,8,,"[['Friday', '11AM–9PM'], ['Saturday', '11AM–9PM'], ['Sunday', '11AM–9PM'], ['Monday', '11AM–9PM'], ['Tuesday', '11AM–9PM'], ['Wednesday', '11AM–9PM'], ['Thursday', '11AM–9PM']]"
0x88d8df57a1547d79:0x907842f56a79c1ff,Sarku Japan,"Sarku Japan, 801 N. Congress Ave Space #661, Boynton Beach, FL 33426",26.5358432,-80.0951958,"['Japanese restaurant', 'Fast food restaurant', 'Restaurant', 'Sushi restaurant', 'Teppanyaki restaurant']",4.6,48,$,"[['Friday', '11AM–7PM'], ['Saturday', '11AM–7PM'], ['Sunday', '12–6PM'], ['Monday', '11AM–7PM'], ['Tuesday', '11AM–7PM'], ['Wednesday', '11AM–7PM'], ['Thursday', '11AM–7PM']]"
0x88d9b5b97ef8fe0d:0xf928e22a2af2f70d,TYO Sushi,"TYO Sushi, 723 Lincoln Ln N, Miami Beach, FL 33139",25.7913857,-80.1360661,"['Kosher restaurant', 'Asian fusion restaurant', 'Japanese restaurant', 'Sushi restaurant']",3.6,18,,"[['Friday', '11AM–10PM'], ['Saturday', '11AM–10PM'], ['Sunday', '11AM–8PM'], ['Monday', '11AM–8PM'], ['Tuesday', '11AM–8PM'], ['Wednesday', '11AM–8PM'], ['Thursday', '11AM–8PM']]"
0x88e769c828cb4a97:0x4cb936ff7caf7798,Fujiyama Sushi,"Fujiyama Sushi, 10153 University Blvd, Orlando, FL 32817",28.598495,-81.24239639999999,['Japanese restaurant'],4.1,35,,"[['Friday', '11AM–10:30PM'], ['Saturday', '12–10:30PM'], ['Sunday', '1–10PM'], ['Monday', '11AM–10PM'], ['Tuesday', '11AM–10PM'], ['Wednesday', '11AM–10PM'], ['Thursday', '11AM–10PM']]"
0x88dd7fa8ed43e1f7:0x934896ed4949ad2c,Kabuki Cafe,"Kabuki Cafe, 200 Epcot Center Dr, Orlando, FL 32836",28.3679334,-81.5501642,"['Japanese restaurant', 'Asian restaurant']",4.5,8,,"[['Thursday', '12–9PM'], ['Friday', '12–9PM'], ['Saturday', '12–9PM'], ['Sunday', '12–9PM'], ['Monday', '12–9PM'], ['Tuesday', '12–9PM'], ['Wednesday', '12–9PM']]"
0x88de5f1d2c9d3f49:0x97b135729eaeec81,Salon Sushi,"Salon Sushi, 1866 14th Ave, Vero Beach, FL 32960",27.635766,-80.39913899999999,"['Japanese restaurant', 'Asian restaurant']",5.0,5,,"[['Thursday', '11:30AM–2:30PM'], ['Friday', '11:30AM–2:30PM'], ['Saturday', '12–9:30PM'], ['Sunday', '5–9PM'], ['Monday', '11:30AM–2:30PM'], ['Tuesday', '11:30AM–2:30PM'], ['Wednesday', '11:30AM–2:30PM']]"
0x88d9b0f0aae3111b:0x4d7e119a8f4452a4,Golden China Buffet,"Golden China Buffet, 7900 NW 27th Ave, Miami, FL 33147",25.847993799999998,-80.2438835,"['Chinese restaurant', 'Buffet restaurant', 'Japanese restaurant', 'Seafood restaurant', 'Steak house', 'Sushi restaurant']",3.1,8,$$,"[['Wednesday', '11AM–10:30PM'], ['Thursday', '11AM–10:30PM'], ['Friday', '11AM–10:30PM'], ['Saturday', '11AM–10:30PM'], ['Sunday', '12–10:30PM'], ['Monday', '11AM–10:30PM'], ['Tuesday', '11AM–10:30PM']]"
0x88e7c1a71b6b0f27:0x7c9dc840c4aea7bb,Arigato Steak House,"Arigato Steak House, 1401 Citrus Blvd, Leesburg, FL 34748",28.831614499999997,-81.8881901,['Japanese steakhouse'],4.5,58,,
0x88d8d8e26c74d761:0x964899975342c1d8,Mr Hibachi,"Mr Hibachi, 1355 S Dixie Hwy, Lantana, FL 33462, United States",26.573434499999998,-80.0553295,"['Chinese restaurant', 'Asian restaurant', 'Japanese steakhouse', 'Meal delivery', 'Takeout restaurant', 'Restaurant']",4.2,185,,"[['Monday', 'Closed'], ['Tuesday', '11AM–10PM'], ['Wednesday', '11AM–10PM'], ['Thursday', '11AM–10PM'], ['Friday', '11AM–10PM'], ['Saturday', '11AM–10PM'], ['Sunday', '12–10PM']]"
0x88e5afaf22996da7:0x3f3f35540a4b961,Osaka Japanese Steak House,"Osaka Japanese Steak House, 9651 Crosshill Blvd #102, Jacksonville, FL 32222, United States",30.1979689,-81.82857349999999,"['Japanese restaurant', 'Japanese steakhouse', 'Restaurant', 'Seafood restaurant', 'Steak house']",4.0,822,$$,"[['Monday', '11:30AM–9:15PM'], ['Tuesday', '11:30AM–9:15PM'], ['Wednesday', '11:30AM–9:15PM'], ['Thursday', '11:30AM–9:15PM'], ['Friday', '11:30AM–10:15PM'], ['Saturday', '11:30AM–10:15PM'], ['Sunday', '11:30AM–9:15PM']]"
0x88c2c253028c6abb:0xc829ca1c6a4601bc,YO! Sushi Tampa,"YO! Sushi Tampa, 2223 N Westshore Blvd, Tampa, FL 33607",27.964298399999997,-82.5207295,"['Sushi restaurant', 'Japanese restaurant']",3.4,34,,"[['Monday', '11AM–9PM'], ['Tuesday', '11AM–9PM'], ['Wednesday', '11AM–9PM'], ['Thursday', '11AM–9PM'], ['Friday', '11AM–9PM'], ['Saturday', '11AM–9PM'], ['Sunday', '11AM–6PM']]"
0x8890c06cadbd402b:0xb04ff7e676d4c8bc,Sarku Japan,"Sarku Japan, 5100 North 9th Avenue Space #J936, Pensacola, FL 32504",30.4748952,-87.20762529999999,"['Japanese restaurant', 'Fast food restaurant', 'Restaurant', 'Sushi restaurant', 'Teppanyaki restaurant']",3.6,58,$,"[['Monday', '11AM–7PM'], ['Tuesday', '11AM–7PM'], ['Wednesday', '11AM–7PM'], ['Thursday', '11AM–7PM'], ['Friday', '10AM–8PM'], ['Saturday', '10AM–8PM'], ['Sunday', '12–6PM']]"
0x88d1b1495af5965f:0xb5ecb4e0751165e0,Hong Kong Restaurant,"Hong Kong Restaurant, 2804 N Roosevelt Blvd, Key West, FL 33040",24.5653504,-81.771717,"['Chinese restaurant', 'Japanese restaurant']",3.7,45,$$,"[['Monday', '10:30AM–10:30PM'], ['Tuesday', '10:30AM–10:30PM'], ['Wednesday', '10:30AM–10:30PM'], ['Thursday', '10:30AM–10:30PM'], ['Friday', '10:30AM–10:30PM'], ['Saturday', '10:30AM–10:30PM'], ['Sunday', '10:30AM–10:30PM']]"
0x88d903f0093dd03f:0x3e003aed3f263d56,Thai Moon by the Sea,"Thai Moon by the Sea, 3026 E Commercial Blvd, Fort Lauderdale, FL 33308",26.189428,-80.106025,"['Restaurant', 'Asian restaurant', 'Authentic Japanese restaurant', 'Japanese restaurant', 'Japanese steakhouse', 'Seafood restaurant', 'Sushi restaurant', 'Sushi takeaway', 'Thai restaurant']",4.4,298,,"[['Sunday', '5–10PM'], ['Monday', '11AM–3PM'], ['Tuesday', '11AM–3PM'], ['Wednesday', '11AM–3PM'], ['Thursday', '11AM–3PM'], ['Friday', '11AM–3PM'], ['Saturday', '5–11PM']]"
0x8890edb45c2911c3:0xbf7d0e59d678210f,Tokyo Express,"Tokyo Express, 5572 Woodbine Rd, Milton, FL 32571",30.639626699999997,-87.1802175,['Japanese restaurant'],4.4,126,,"[['Sunday', '11AM–9:30PM'], ['Monday', '10:30AM–9:30PM'], ['Tuesday', '10:30AM–9:30PM'], ['Wednesday', '10:30AM–9:30PM'], ['Thursday', '10:30AM–9:30PM'], ['Friday', '10:30AM–10PM'], ['Saturday', '10:30AM–10PM']]"
0x88c2f221e3d53449:0x32bd8e19b01a3089,SJ's International Food Market,"SJ's International Food Market, 1108 Overcash Dr, Dunedin, FL 34698",28.01989,-82.7565,"['Asian grocery store', 'Catering food and drink supplier', 'Caterer', 'Gourmet grocery store', 'Health food store', 'Indian grocery store', 'Japanese grocery store', 'Korean grocery store', 'Delivery Restaurant', 'Mobile caterer']",4.4,94,,"[['Sunday', 'Closed'], ['Monday', '10AM–8PM'], ['Tuesday', '10AM–8PM'], ['Wednesday', '10AM–8PM'], ['Thursday', '10AM–8PM'], ['Friday', '10AM–8PM'], ['Saturday', '10AM–8PM']]"
0x88e76de28be09165:0xe1f483627d85f269,Akira Sushi & Steak House,"Akira Sushi & Steak House, 318 W Lake Mary Blvd, Sanford, FL 32773, United States",28.758472899999997,-81.2890851,"['Japanese steakhouse', 'Steak house', 'Sushi takeaway']",3.8,408,$$,"[['Sunday', '12–10PM'], ['Monday', '11AM–10PM'], ['Tuesday', '11AM–10PM'], ['Wednesday', '11AM–10PM'], ['Thursday', '11AM–10PM'], ['Friday', '11AM–10PM'], ['Saturday', '11AM–10PM']]"
0x88e76868ada41291:0xfc76104fd3154998,Kyoto Sushi & Grill,"Kyoto Sushi & Grill, 4258 W Plaza Dr, Orlando, FL 32816",28.607110199999997,-81.19847089999999,"['Sushi restaurant', 'Japanese restaurant', 'Restaurant']",4.1,18,,"[['Sunday', '11AM–10:30PM'], ['Monday', '11AM–10:30PM'], ['Tuesday', '11AM–10:30PM'], ['Wednesday', '11AM–10:30PM'], ['Thursday', '11AM–10:30PM'], ['Friday', '11AM–11PM'], ['Saturday', '11AM–11PM']]"
0x8890becb8ceeb7e9:0x4888cefd363a9a84,Yamato Oriental Cuisine,"Yamato Oriental Cuisine, 131 N New Warrington Rd, Pensacola, FL 32506",30.411794999999998,-87.276986,"['Japanese restaurant', 'Asian restaurant', 'Delivery service', 'Restaurant', 'Sushi restaurant']",4.0,68,$$,"[['Sunday', '4:30–8:30PM'], ['Monday', '11AM–2PM'], ['Tuesday', '11AM–2PM'], ['Wednesday', '11AM–2PM'], ['Thursday', '11AM–2PM'], ['Friday', '11AM–2PM'], ['Saturday', '4:30–9:30PM']]"
0x88d9ad58be954c2d:0x7b1391cc97419585,Saka Mori Japanese Fusion,"Saka Mori Japanese Fusion, 18001 Collins Ave, Sunny Isles Beach, FL 33160",25.9431972,-80.12061279999999,"['Japanese restaurant', 'Asian fusion restaurant', 'Fine dining restaurant', 'Seafood restaurant', 'Sushi restaurant']",5.0,7,,"[['Sunday', '5–11PM'], ['Monday', '5–11PM'], ['Tuesday', '5–11PM'], ['Wednesday', '5–11PM'], ['Thursday', '5–11PM'], ['Friday', '5–11PM'], ['Saturday', '5–11PM']]"
0x88e5b55aa0a4df67:0xc2ba346375fc0559,Rush Hour kitchen,"Rush Hour kitchen, 4413 Town Center Pkwy #201, Jacksonville, FL 32246",30.2639264,-81.5266094,"['Asian fusion restaurant', 'Japanese restaurant', 'Pho restaurant', 'Sushi restaurant', 'Vietnamese restaurant']",3.8,28,,"[['Saturday', '11AM–10PM'], ['Sunday', '11AM–9PM'], ['Monday', '11AM–9:30PM'], ['Tuesday', '11AM–9:30PM'], ['Wednesday', '11AM–9:30PM'], ['Thursday', '11AM–9:30PM'], ['Friday', '11AM–10PM']]"
0x88ecf59b2f240507:0xcebbe341b91c1287,Sakura Japanese Sushi & Grill,"Sakura Japanese Sushi & Grill, 1318 N Monroe St, Tallahassee, FL 32303, United States",30.4570346,-84.28114409999999,['Japanese restaurant'],4.4,548,$$,"[['Saturday', '12–11PM'], ['Sunday', '12–10PM'], ['Monday', '11:30AM–3PM'], ['Tuesday', '11:30AM–3PM'], ['Wednesday', '11:30AM–3PM'], ['Thursday', '11:30AM–3PM'], ['Friday', '11:30AM–3PM']]"
0x88c2d847c4244d55:0x397ae31c8ac2b021,Latitudes Apollo,"Latitudes Apollo, 131 Harbor Village Lane, Apollo Beach, FL 33572, United States",27.7509145,-82.412545,"['American restaurant', 'Bar', 'Authentic Japanese restaurant', 'Restaurant']",4.2,858,$$,"[['Saturday', '11AM–12AM'], ['Sunday', '10AM–10PM'], ['Monday', '11AM–11PM'], ['Tuesday', '11AM–11PM'], ['Wednesday', '11AM–11PM'], ['Thursday', '11AM–11PM'], ['Friday', '11AM–12AM']]"
0x88e5b55a9ccde99f:0xd579d587de79d344,Seasons of Japan,"Seasons of Japan, 4413 Town Center Pkwy, Jacksonville, FL 32246",30.2639532,-81.5267113,"['Restaurant', 'Asian restaurant', 'Family restaurant', 'Japanese restaurant', 'Sushi restaurant']",4.0,128,$,"[['Saturday', '11AM–10PM'], ['Sunday', '11AM–9PM'], ['Monday', '11AM–9:30PM'], ['Tuesday', '11AM–9:30PM'], ['Wednesday', '11AM–9:30PM'], ['Thursday', '11AM–9:30PM'], ['Friday', '11AM–10PM']]"
0x88d907e539fa3ba1:0xa4e181e2813f30cc,Zabb Thai & Sushi,"Zabb Thai & Sushi, 8880 W State Rd 84, Davie, FL 33324, United States",26.102327,-80.26733399999999,"['Thai restaurant', 'Asian fusion restaurant', 'Asian restaurant', 'Japanese restaurant', 'Sushi restaurant']",4.6,955,$$,"[['Saturday', '11:30AM–11PM'], ['Sunday', '11:30AM–10:30PM'], ['Monday', '11:30AM–10:30PM'], ['Tuesday', '11:30AM–10:30PM'], ['Wednesday', '11:30AM–10:30PM'], ['Thursday', '11:30AM–10:30PM'], ['Friday', '11:30AM–11PM']]"
0x88e771e60252bab5:0x79e4f5754c5966c2,Kobe Japanese Steakhouse,"Kobe Japanese Steakhouse, 468 FL-436, Altamonte Springs, FL 32714, United States",28.6609998,-81.4007233,"['Teppanyaki restaurant', 'Asian restaurant', 'Japanese restaurant', 'Japanese steakhouse', 'Steak house', 'Sushi restaurant']",4.7,5548,$$,"[['Saturday', '12–10PM'], ['Sunday', '12–9:30PM'], ['Monday', '5–9:30PM'], ['Tuesday', '5–9:30PM'], ['Wednesday', '5–9:30PM'], ['Thursday', '5–9:30PM'], ['Friday', '5–10PM']]"
0x88db3fe5da71c18b:0xf638d4b5a682ed81,Origami Korean-Japanese Restaurant,"Origami Korean-Japanese Restaurant, 8911 Daniels Pkwy #5, Fort Myers, FL 33912, United States",26.548676,-81.80783629999999,"['Korean restaurant', 'Asian fusion restaurant', 'Japanese restaurant', 'Seafood restaurant', 'Sushi restaurant']",4.5,764,$$,"[['Saturday', '11:30AM–9PM'], ['Sunday', '4–9PM'], ['Monday', '11:30AM–9PM'], ['Tuesday', '11:30AM–9PM'], ['Wednesday', '11:30AM–9PM'], ['Thursday', '11:30AM–9PM'], ['Friday', '11:30AM–9PM']]"
0x88e77b2eebf2e9ab:0xb66b68f0ac5fd724,Maki hibachi,"Maki hibachi, 106 E Colonial Dr, Orlando, FL 32801",28.5529072,-81.3763096,['Japanese restaurant'],4.8,57,,"[['Saturday', '10:30AM–3PM'], ['Sunday', '11AM–3PM'], ['Monday', '11AM–3PM'], ['Tuesday', '11AM–3PM'], ['Wednesday', '11AM–3PM'], ['Thursday', '11AM–3PM'], ['Friday', '10:30AM–3PM']]"
0x88d9c6942263e2a7:0x17d7e773157e45ea,Sokai,"Sokai, 8888 SW 136th St #383, Miami, FL 33176",25.643395299999998,-80.3365991,"['Japanese restaurant', 'Asian restaurant', 'Bar', 'Cocktail bar', 'Peruvian restaurant', 'Small plates restaurant', 'Sushi restaurant', 'Wine bar']",4.3,554,$$,"[['Saturday', '12–11:30PM'], ['Sunday', '12–10PM'], ['Monday', '12–10:30PM'], ['Tuesday', '12–10:30PM'], ['Wednesday', '12–10:30PM'], ['Thursday', '12–10:30PM'], ['Friday', '12–11:30PM']]"
0x88d9c7be137a143d:0x912ae29e2919166b,Lan Pan-Asian Cafe,"Lan Pan-Asian Cafe, 8332 S Dixie Hwy, Miami, FL 33143, United States",25.6929227,-80.3052764,"['Asian restaurant', 'Chinese restaurant', 'Japanese restaurant', 'Restaurant', 'Vegetarian restaurant']",4.4,496,$$,"[['Saturday', '11:30AM–9PM'], ['Sunday', '1–9PM'], ['Monday', '11:30AM–9PM'], ['Tuesday', '11:30AM–9PM'], ['Wednesday', '11:30AM–9PM'], ['Thursday', '11:30AM–9PM'], ['Friday', '11:30AM–9PM']]"
0x88dd36af4447dc99:0x7d83d60c3a6c3ca,Hibachi Express Plant City,"Hibachi Express Plant City, 2218 James L Redman Pkwy, Plant City, FL 33563, United States",27.990150399999997,-82.12004739999999,"['Japanese restaurant', 'Sushi restaurant', 'Teppanyaki restaurant']",4.4,418,$,"[['Friday', '10:30AM–10:30PM'], ['Saturday', '10:30AM–10:30PM'], ['Sunday', '11:30AM–9:30PM'], ['Monday', '10:30AM–9:30PM'], ['Tuesday', '10:30AM–9:30PM'], ['Wednesday', '10:30AM–9:30PM'], ['Thursday', '10:30AM–9:30PM']]"
0x88d9b9e3263c6b7f:0xee239d0e7111fe7,Sushi Maki (MIA),"Sushi Maki (MIA), 2100 NW 42nd Ave, Miami, FL 33126, United States",25.797235,-80.279755,"['Sushi restaurant', 'Asian restaurant', 'Japanese restaurant']",3.9,934,$$,"[['Friday', '6AM–10PM'], ['Saturday', '6AM–10PM'], ['Sunday', '6AM–10PM'], ['Monday', '6AM–10PM'], ['Tuesday', '6AM–10PM'], ['Wednesday', '6AM–10PM'], ['Thursday', '6AM–10PM']]"
0x88e6dca272201f73:0xd74a29c93daa4d77,Pacific Asian Bistro,"Pacific Asian Bistro, 222 N Nova Rd, Ormond Beach, FL 32174, United States",29.282892699999998,-81.0840549,"['Chinese restaurant', 'Japanese restaurant', 'Meal delivery', 'Sushi restaurant', 'Thai restaurant']",4.4,208,$,"[['Friday', '11AM–11PM'], ['Saturday', '11AM–11PM'], ['Sunday', '12–9PM'], ['Monday', 'Closed'], ['Tuesday', '11AM–9:30PM'], ['Wednesday', '11AM–9:30PM'], ['Thursday', '11AM–9:30PM']]"
0x88d8e260d092de35:0x3c5617e3eabd99a5,Sushi Song,"Sushi Song, 123 NE 20th Ave, Deerfield Beach, FL 33441",26.3158522,-80.0779809,"['Sushi restaurant', 'Asian restaurant', 'Japanese restaurant']",4.3,177,,"[['Friday', '5:30PM–2AM'], ['Saturday', '5:30PM–2AM'], ['Sunday', '5:30PM–2AM'], ['Monday', '5:30PM–2AM'], ['Tuesday', '5:30PM–2AM'], ['Wednesday', '5:30PM–2AM'], ['Thursday', '5:30PM–2AM']]"
0x88c2edf22e4de2ef:0x34bc6d0cae9cc2dc,JoTo Thai-Sushi Clearwater,"JoTo Thai-Sushi Clearwater, 2549 Countryside Blvd #3, Clearwater, FL 33761",28.0126298,-82.7317297,"['Sushi restaurant', 'Japanese restaurant', 'Thai restaurant']",4.3,20,$,
0x88d9b48d0b93666d:0x6ff2190e08f332c3,Iron Sushi,"Iron Sushi, 840 Washington Ave, Miami Beach, FL 33139",25.779103499999998,-80.1333976,"['Sushi restaurant', 'Asian restaurant', 'Japanese restaurant']",3.9,418,$,"[['Thursday', '11AM–12AM'], ['Friday', '11AM–12AM'], ['Saturday', '11AM–12AM'], ['Sunday', '11AM–12AM'], ['Monday', '11AM–12AM'], ['Tuesday', '11AM–12AM'], ['Wednesday', '11AM–12AM']]"
0x88d9b69c114c9d7f:0x533f7a712622e728,Lee's Sushi,"Lee's Sushi, 28 SE 1st Ave, Miami, FL 33131",25.7734487,-80.19204309999999,"['Sushi restaurant', 'Asian restaurant', 'Japanese restaurant', 'Takeout Restaurant']",3.7,83,,"[['Thursday', '11AM–10:30PM'], ['Friday', '11AM–10:30PM'], ['Saturday', '12:30–10:30PM'], ['Sunday', '12:30–10:30PM'], ['Monday', '11AM–10:30PM'], ['Tuesday', '11AM–10:30PM'], ['Wednesday', '11AM–10:30PM']]"
0x88c29a9edc595677:0xdd711c800d238c96,Kazu's Sushi,"Kazu's Sushi, 5706 Main St, New Port Richey, FL 34652",28.2499748,-82.7201444,"['Restaurant', 'Asian restaurant', 'Japanese restaurant', 'Sushi restaurant']",4.6,876,$$,"[['Thursday', '4–9PM'], ['Friday', '4–10PM'], ['Saturday', '4–10PM'], ['Sunday', 'Closed'], ['Monday', 'Closed'], ['Tuesday', '4–9PM'], ['Wednesday', '4–9PM']]"
0x88d8fd8cee0c9071:0x8f32a401860e3fee,ASIAN DELUXE CUISINE,"ASIAN DELUXE CUISINE, 2608 N Ocean Blvd #5, Pompano Beach, FL 33062",26.2600153,-80.08487699999999,"['Asian fusion restaurant', 'Japanese restaurant']",4.5,36,$$,"[['Thursday', '3–9PM'], ['Friday', '3–9PM'], ['Saturday', '3–9PM'], ['Sunday', '3–9PM'], ['Monday', 'Closed'], ['Tuesday', '3–9PM'], ['Wednesday', '3–9PM']]"
0x88db40baaaaaaaab:0xba71207929497c86,China Tokyo Express,"China Tokyo Express, 4827 Milton St, Cape Coral, FL 33904, United States",26.5615454,-81.9508992,"['Chinese restaurant', 'Asian restaurant', 'Japanese restaurant', 'Meal delivery', 'Sushi restaurant']",3.5,258,$,"[['Thursday', '11AM–9:30PM'], ['Friday', '11AM–10:30PM'], ['Saturday', '11AM–10:30PM'], ['Sunday', '3:30–9:30PM'], ['Monday', '11AM–9:30PM'], ['Tuesday', '4–9:30PM'], ['Wednesday', '11AM–9:30PM']]"
0x88e44add489f8b2b:0x10acbb4c932d0f05,Hana Yori Sushi & Grill,"Hana Yori Sushi & Grill, 12226 Beach Blvd #3, Jacksonville, FL 32246",30.2866106,-81.4956868,['Japanese restaurant'],4.7,557,,"[['Thursday', '4:30–9:30PM'], ['Friday', '4:30–9:30PM'], ['Saturday', '4:30–9:30PM'], ['Sunday', '4:30–9:30PM'], ['Monday', '4:30–9:30PM'], ['Tuesday', '4:30–9:30PM'], ['Wednesday', '4:30–9:30PM']]"
0x88e5a19f1661cf0b:0x8f020a3021678657,Wasabi Sushi & Grill,"Wasabi Sushi & Grill, 450077 State Rd 200, Callahan, FL 32011",30.5682057,-81.82640549999999,"['Sushi restaurant', 'Japanese restaurant']",4.1,188,$$,"[['Thursday', '11AM–9:30PM'], ['Friday', '11AM–10:30PM'], ['Saturday', '11AM–10:30PM'], ['Sunday', '11:30AM–9:30PM'], ['Monday', 'Closed'], ['Tuesday', '11AM–9:30PM'], ['Wednesday', '11AM–9:30PM']]"
0x88d91fca012fc95f:0x8524ce16838d7ba3,SKYFIN Asian Bistro,"SKYFIN Asian Bistro, 8221 Glades Rd #5&6, Boca Raton, FL 33434",26.3688798,-80.17376589999999,"['Restaurant', 'Asian fusion restaurant', 'Chinese restaurant', 'Dessert restaurant', 'Japanese restaurant', 'Takeout Restaurant', 'Sushi restaurant']",5.0,58,,"[['Thursday', '11AM–9:30PM'], ['Friday', '11AM–10:30PM'], ['Saturday', '12–10:30PM'], ['Sunday', '12–9:30PM'], ['Monday', '11AM–9:30PM'], ['Tuesday', '11AM–9:30PM'], ['Wednesday', '11AM–9:30PM']]"
0x88c2ce57919bd797:0x84eadcef44574997,Tokai Japanese Restaurant,"Tokai Japanese Restaurant, 10115 E Adamo Dr, Tampa, FL 33619",27.9421787,-82.3400039,"['Japanese restaurant', 'Sushi restaurant']",4.5,185,$$,"[['Wednesday', '11:30AM–2:30PM'], ['Thursday', '11:30AM–2:30PM'], ['Friday', '11:30AM–2:30PM'], ['Saturday', '11:30AM–2:30PM'], ['Sunday', '5–9PM'], ['Monday', '11:30AM–2:30PM'], ['Tuesday', '11:30AM–2:30PM']]"
0x88e773d1dfcde67d:0x8f27bc8526a460aa,Imperial Dynasty Chinese and Japanese Cuisine,"Imperial Dynasty Chinese and Japanese Cuisine, 2045 W State Rd 434, Longwood, FL 32779",28.689954099999998,-81.3908312,"['Chinese restaurant', 'Japanese restaurant', 'Sushi restaurant']",4.0,908,$$,"[['Wednesday', '11AM–9:30PM'], ['Thursday', '11AM–9:30PM'], ['Friday', '11AM–10:30PM'], ['Saturday', '12–10:30PM'], ['Sunday', '12–9:30PM'], ['Monday', '11AM–9:30PM'], ['Tuesday', '11AM–9:30PM']]"
0x88d9ab3c4c30b599:0xd071bc25db668239,Fisho Take Out Sushi and Thai Inside Joe's Market,"Fisho Take Out Sushi and Thai Inside Joe's Market, 900 N Ocean Dr, Hollywood, FL 33019",26.0172833,-80.1174083,"['Sushi restaurant', 'Japanese restaurant', 'Thai restaurant']",5.0,17,,"[['Wednesday', '11:30AM–10PM'], ['Thursday', '11:30AM–10PM'], ['Friday', '11:30AM–10PM'], ['Saturday', '11:30AM–10PM'], ['Sunday', 'Closed'], ['Monday', 'Closed'], ['Tuesday', '11:30AM–10PM']]"
0x88d92f46d119bec7:0xeb0406fc664841f6,Tokyo Bay Japanese Buffet,"Tokyo Bay Japanese Buffet, 165 FL-7, Royal Palm Beach, FL 33414, United States",26.6664726,-80.2037251,['Japanese restaurant'],4.4,1304,₩₩,"[['Tuesday', '11:30AM–3PM'], ['Wednesday', '11:30AM–3PM'], ['Thursday', '11:30AM–3PM'], ['Friday', '11:30AM–3PM'], ['Saturday', '12–3:30PM'], ['Sunday', '12–3:30PM'], ['Monday', '11:30AM–3PM']]"
0x88d9b6fc1bd5e67b:0xa5bd072bc2a62754,Mr. Yum - Asian Cuisine,"Mr. Yum - Asian Cuisine, 1945 SW 8th St, Miami, FL 33135",25.765779,-80.2276289,"['Sushi restaurant', 'Japanese restaurant', 'Thai restaurant']",3.7,88,$$,"[['Tuesday', '11:30AM–3PM'], ['Wednesday', '11:30AM–3PM'], ['Thursday', '11:30AM–3PM'], ['Friday', '11:30AM–3PM'], ['Saturday', '1PM–12AM'], ['Sunday', '1–11PM'], ['Monday', '11:30AM–3PM']]"
0x88e431ac72064763:0xa9b0eec165a1ec7f,Tank's Sushi Bistro (Nocatee),"Tank's Sushi Bistro (Nocatee), 151 Pine Lake Dr suite #A, Ponte Vedra Beach, FL 32081",30.108568599999998,-81.41549739999999,"['Sushi restaurant', 'Japanese restaurant']",4.7,106,,"[['Monday', '11AM–9:30PM'], ['Tuesday', '11AM–9:30PM'], ['Wednesday', '11AM–9:30PM'], ['Thursday', '11AM–9:30PM'], ['Friday', '11AM–10:30PM'], ['Saturday', '11AM–10:30PM'], ['Sunday', '12–9:30PM']]"
0x88e6d942578e2103:0x75bed73116a2185,Hibachi Grill & Supreme Buffet,"United States, Florida, Daytona Beach, W International Speedway Blvd, Hibachi Grill & Supreme Buffet邮政编码: 32114",29.1980343,-81.05691759999999,"['Buffet restaurant', 'Chinese restaurant', 'Japanese restaurant', 'Restaurant', 'Seafood restaurant']",4.2,4269,₩,"[['Monday', '11:15AM–9:30PM'], ['Tuesday', '11:15AM–9:30PM'], ['Wednesday', '11:15AM–9:30PM'], ['Thursday', '11:15AM–9:30PM'], ['Friday', '11:15AM–9:30PM'], ['Saturday', '11:15AM–9:30PM'], ['Sunday', '11:15AM–9:30PM']]"
0x88c2ce60cea23af9:0x7be85cf4fdecfa1d,Kobe Japanese Steakhouse,"Kobe Japanese Steakhouse, 2210 W Brandon Blvd, Brandon, FL 33511, United States",27.939410199999998,-82.3217459,"['Japanese steakhouse', 'Asian restaurant', 'Bar', 'Seafood restaurant', 'Stand bar', 'Steak house', 'Sushi restaurant', 'Teppanyaki restaurant']",4.5,2425,₩₩,"[['Sunday', '12–9:30PM'], ['Monday', '5–9:30PM'], ['Tuesday', '5–9:30PM'], ['Wednesday', '5–9:30PM'], ['Thursday', '5–9:30PM'], ['Friday', '5–10PM'], ['Saturday', '12–10PM']]"
0x1469047418426e83:0x1ab10483596d44a4,Osaka Sushi & Thai Restaurant,"Osaka Sushi & Thai Restaurant, 13800 Park Blvd N, Seminole, FL 33776, United States",27.8435252,-82.8295425,"['Restaurant', 'Japanese restaurant', 'Sushi restaurant', 'Thai restaurant']",4.3,734,₩₩,"[['Sunday', '5–10PM'], ['Monday', '5–10PM'], ['Tuesday', '5–10PM'], ['Wednesday', '5–10PM'], ['Thursday', '5–10PM'], ['Friday', '5–10PM'], ['Saturday', '5–10PM']]"
0x88d9b94154b23d57:0x120e83435e7a8564,TiraDToss Restaurant,"TiraDToss Restaurant, 2475 NW 95th Ave STE 7, Doral, FL 33172, United States",25.796509,-80.349141,"['Peruvian restaurant', 'Japanese restaurant', 'Restaurant']",4.4,48,₩₩,"[['Sunday', '12–10PM'], ['Monday', '11:30AM–10PM'], ['Tuesday', '11:30AM–10PM'], ['Wednesday', '11:30AM–10PM'], ['Thursday', '11:30AM–10PM'], ['Friday', '12–11PM'], ['Saturday', '12–11PM']]"
0x88d9b69ea419fd41:0x3e1110e4c37a70bc,Notso Tokyo,"Notso Tokyo, 40 NE 1st Ave, Miami, FL 33132",25.774975599999998,-80.1921076,"['Japanese restaurant', 'Art gallery', 'Asian fusion restaurant', 'Asian restaurant', 'Japanese curry restaurant']",4.7,28,,"[['Sunday', 'Closed'], ['Monday', '12–3PM'], ['Tuesday', '12–3PM'], ['Wednesday', '12–3PM'], ['Thursday', '12–3PM'], ['Friday', '12–3PM'], ['Saturday', '5–11PM']]"
0x88c2fc3f2a96a2a9:0xa0ec0025cb053e67,Osaka,"Osaka, 15115 Madeira Way, Madeira Beach, FL 33708",27.8024578,-82.8019372,"['Japanese restaurant', 'Sushi restaurant']",4.5,17,$$,"[['Sunday', '5–9:30PM'], ['Monday', '5–9:30PM'], ['Tuesday', '5–9:30PM'], ['Wednesday', '5–9:30PM'], ['Thursday', '5–9:30PM'], ['Friday', '5–10PM'], ['Saturday', '5–10PM']]"
0x88de0e7933514239:0xaf711dc113fc5c8c,New Haru Japanese Grill & Sushi Bar,"New Haru Japanese Grill & Sushi Bar, 3042 W New Haven Ave, West Melbourne, FL 32904, United States",28.0800108,-80.67164199999999,"['Bar & grill', 'Asian restaurant', 'Japanese restaurant', 'Restaurant', 'Seafood restaurant', 'Sushi restaurant']",4.3,7,,"[['Sunday', '5–10PM'], ['Monday', '11:30AM–2:30PM'], ['Tuesday', '11:30AM–2:30PM'], ['Wednesday', '11:30AM–2:30PM'], ['Thursday', '11:30AM–2:30PM'], ['Friday', '11:30AM–2:30PM'], ['Saturday', '5–10PM']]"
0x88d9b71845ad85d9:0xa93374dad43deeb6,MesaNori,"MesaNori, 1721 Coral Way, Miami, FL 33145",25.7510491,-80.2224988,"['Fusion restaurant', 'Japanese restaurant', 'Japanese steakhouse', 'Latin American restaurant']",4.4,54,,"[['Sunday', '12PM–3AM'], ['Monday', '12PM–3AM'], ['Tuesday', '12PM–3AM'], ['Wednesday', '12PM–3AM'], ['Thursday', '12PM–3AM'], ['Friday', '12PM–3AM'], ['Saturday', '12PM–3AM']]"
0x88d9b69c34d450db:0x16b4ceea70ab9f2c,Okinawa Sushi Express,"Okinawa Sushi Express, 119 SE 2nd Ave, Miami, FL 33131, United States",25.772952699999998,-80.19000059999999,"['Sushi restaurant', 'Asian restaurant', 'Japanese restaurant', 'Pan-Asian restaurant', 'Peruvian restaurant', 'Sushi takeaway', 'Thai restaurant']",3.6,85,,"[['Sunday', '1–11:30PM'], ['Monday', '11AM–12AM'], ['Tuesday', '11AM–12AM'], ['Wednesday', '11AM–12AM'], ['Thursday', '11AM–1AM'], ['Friday', '11AM–1AM'], ['Saturday', '1–11:30PM']]"
0x88d9a47528cd44d5:0xfad1f467ad19dc3d,Osaka Sushi & Grill,"Osaka Sushi & Grill, 16273 Miramar Pkwy, Miramar, FL 33027, United States",25.9793216,-80.3616345,"['Japanese restaurant', 'Chinese restaurant', 'Thai restaurant']",3.7,28,₩₩,"[['Sunday', '4–10PM'], ['Monday', '11:30AM–3PM'], ['Tuesday', '11:30AM–3PM'], ['Wednesday', '11:30AM–3PM'], ['Thursday', '11:30AM–3PM'], ['Friday', '11:30AM–11PM'], ['Saturday', '12:30–11PM']]"
0x88e4490cd4d37af9:0xf5ae8a691e4f40c5,Tomo Japanese Restaurant,"Tomo Japanese Restaurant, 1253 Penman Rd, Jacksonville Beach, FL 32250",30.299388999999998,-81.405906,['Japanese restaurant'],4.2,78,,"[['Sunday', 'Closed'], ['Monday', '4:30–9:30PM'], ['Tuesday', '4:30–9:30PM'], ['Wednesday', '4:30–9:30PM'], ['Thursday', '4:30–9:30PM'], ['Friday', '4:30–10:30PM'], ['Saturday', '4:30–10:30PM']]"
0x88d9ace0ed1f79bd:0x8a59e8c3c46c3687,Miyako Restaurant,"Miyako Restaurant, 18090 Collins Ave, Sunny Isles Beach, FL 33160",25.943351,-80.122531,"['Restaurant', 'Asian restaurant', 'Japanese restaurant', 'Sushi restaurant']",3.7,40,$$,"[['Sunday', '11:30AM–10PM'], ['Monday', '11:30AM–10PM'], ['Tuesday', '11:30AM–10PM'], ['Wednesday', '11:30AM–10PM'], ['Thursday', '11:30AM–10PM'], ['Friday', '11:30AM–11PM'], ['Saturday', '11:30AM–11:45PM']]"
0x8893819ffcad3777:0x31d4be2d4229cad8,Seoul Red Barn Oriental Market,"Seoul Red Barn Oriental Market, 4924 E Hwy 98, Panama City, FL 32404",30.1308747,-85.600713,"['Grocery store', 'Asian grocery store', 'Japanese grocery store', 'Korean grocery store', 'Korean restaurant']",4.7,127,$,"[['Sunday', 'Closed'], ['Monday', '10AM–6PM'], ['Tuesday', '10AM–6PM'], ['Wednesday', '10AM–6PM'], ['Thursday', '10AM–6PM'], ['Friday', '10AM–6PM'], ['Saturday', '1–6PM']]"
0x88d9a0abee1c9ae9:0xe564e1d2a061b3b7,Ke-uH Restaurant,"Ke-uH Restaurant, 2278 Weston Rd, Weston, FL 33326, United States",26.091909299999998,-80.3706251,"['Sushi restaurant', 'Asian fusion restaurant', 'Japanese restaurant']",4.5,408,₩₩,"[['Sunday', '12:30–9:30PM'], ['Monday', '12–3:30PM'], ['Tuesday', '12–3:30PM'], ['Wednesday', '12–3:30PM'], ['Thursday', '12–3:30PM'], ['Friday', '12–10:30PM'], ['Saturday', '12:30–10:30PM']]"
0x88d9b49cf508c201:0x38cc03c2014373b2,Myn-Tu,"Myn-Tu, 1905 Collins Ave, Miami Beach, FL 33139",25.7951877,-80.1290897,"['Japanese restaurant', 'French restaurant']",4.5,86,,"[['Saturday', '7:30PM–2AM'], ['Sunday', 'Closed'], ['Monday', '7:30PM–2AM'], ['Tuesday', 'Closed'], ['Wednesday', '7:30PM–2AM'], ['Thursday', '7:30PM–2AM'], ['Friday', '7:30PM–2AM']]"
0x88e77bd90f612667:0x84350398d6fe30d1,Ootoya Sushi Lounge Thornton Park,"Florida, Orlando, E Central Blvd, Ootoya Sushi Lounge Thornton Park邮政编码: 32801",28.5424652,-81.3691034,['Japanese restaurant'],4.7,44,,"[['Saturday', '12PM–1AM'], ['Sunday', '12–9:30PM'], ['Monday', '11:30AM–2:30PM'], ['Tuesday', '11:30AM–2:30PM'], ['Wednesday', '11:30AM–2:30PM'], ['Thursday', '11:30AM–2:30PM'], ['Friday', '11:30AM–2:30PM']]"
0x88e77c4b7a39f469:0x1f15d38ba2a71cd2,Izziban Sushi,"Izziban Sushi, 1700 Sand Lake Rd d124, Orlando, FL 32809, United States",28.4496456,-81.4020285,"['Korean barbecue restaurant', 'Japanese restaurant', 'Sushi restaurant']",4.2,1314,₩₩,"[['Saturday', '11:30AM–11PM'], ['Sunday', '11:30AM–10PM'], ['Monday', '11:30AM–10PM'], ['Tuesday', '11:30AM–10PM'], ['Wednesday', '11:30AM–10PM'], ['Thursday', '11:30AM–10PM'], ['Friday', '11:30AM–11PM']]"
0x88e6d9438f2257dd:0xacc4ff87d1469702,Edamame Japanese Restaurant,"Florida, Daytona Beach, W International Speedway Blvd, Edamame Japanese Restaurant邮政编码: 32114",29.196203599999997,-81.0582876,"['Asian restaurant', 'Japanese restaurant', 'Takeout Restaurant', 'Sushi restaurant']",4.5,8,$$,"[['Saturday', '11AM–10:30PM'], ['Sunday', '12–9PM'], ['Monday', '11AM–10PM'], ['Tuesday', '11AM–10PM'], ['Wednesday', '11AM–10PM'], ['Thursday', '11AM–10PM'], ['Friday', '11AM–10:30PM']]"
0x88e77b7240d5d257:0xa7b9f26a8a1f9675,Panda Asian Buffet,"Panda Asian Buffet, 2845 S Orange Ave #180, Orlando, FL 32806",28.5113168,-81.374567,"['Asian restaurant', 'Chinese restaurant', 'Japanese restaurant', 'Seafood restaurant', 'Sushi restaurant', 'Vegetarian restaurant']",3.0,48,$$,"[['Saturday', '11AM–10:30PM'], ['Sunday', '11AM–10:30PM'], ['Monday', '11AM–10:30PM'], ['Tuesday', '11AM–10:30PM'], ['Wednesday', '11AM–10:30PM'], ['Thursday', '11AM–10:30PM'], ['Friday', '11AM–10:30PM']]"
0x88d9b5960476f7a7:0x26bf24f962fa85cc,Kosushi Miami,"Kosushi Miami, 801 South Pointe Dr Unit# 105, Miami Beach, FL 33139",25.768424699999997,-80.1358726,"['Japanese restaurant', 'Delivery service', 'Takeout Restaurant', 'Sushi restaurant']",4.0,67,,"[['Wednesday', '6PM–12AM'], ['Thursday', '6PM–12AM'], ['Friday', '6PM–12AM'], ['Saturday', '6PM–12AM'], ['Sunday', '1–10PM'], ['Monday', 'Closed'], ['Tuesday', '6PM–12AM']]"
0x88d9b72604816ddd:0x48055532c0489562,Hiyakawa Miami,"Hiyakawa Miami, 2700 N Miami Ave #5, Miami, FL 33127",25.802600599999998,-80.1952305,['Japanese restaurant'],4.4,38,,"[['Wednesday', '6–11PM'], ['Thursday', '6–11PM'], ['Friday', '6–11PM'], ['Saturday', '6–11PM'], ['Sunday', '6–11PM'], ['Monday', 'Closed'], ['Tuesday', 'Closed']]"
0x88e0a9e0ba808405:0xd74ac4e87ccaf663,Pacific Rim,"Pacific Rim, 300 N Courtenay Pkwy, Merritt Island, FL 32953, United States",28.361776799999998,-80.6996948,"['Sushi restaurant', 'Asian restaurant', 'Japanese restaurant', 'Restaurant']",4.5,1193,₩₩,"[['Wednesday', '11AM–3PM'], ['Thursday', '11AM–3PM'], ['Friday', '11AM–3PM'], ['Saturday', '11AM–3PM'], ['Sunday', 'Closed'], ['Monday', '11AM–3PM'], ['Tuesday', '11AM–3PM']]"
0x8890bf04942036ad:0xa05f3e7248f30939,Kalbi Ichiban,"Kalbi Ichiban, 600 W Garden St, Pensacola, FL 32502, United States",30.412092599999998,-87.22361339999999,"['Korean barbecue restaurant', 'Japanese restaurant', 'Korean restaurant', 'Sushi restaurant']",4.4,218,,"[['Tuesday', '11AM–9PM'], ['Wednesday', '11AM–9PM'], ['Thursday', '11AM–9PM'], ['Friday', '11AM–11PM'], ['Saturday', '11AM–11PM'], ['Sunday', '12–9PM'], ['Monday', '11AM–9PM']]"
0x88db3ecfa3ffb75b:0xce20d6ca145ee72b,Osaka Japanese Steakhouse,"Osaka Japanese Steakhouse, 16078 San Carlos Blvd, Fort Myers, FL 33908, United States",26.507714,-81.94423239999999,"['Japanese restaurant', 'Restaurant']",4.5,698,₩₩,"[['Tuesday', '11AM–9:30PM'], ['Wednesday', '11AM–9:30PM'], ['Thursday', '11AM–9:30PM'], ['Friday', '11AM–10:30PM'], ['Saturday', '11AM–10:30PM'], ['Sunday', '11AM–9:30PM'], ['Monday', '11AM–9:30PM']]"
0x88e5cecf2dc7e39d:0xdbdf1a72b6a6d693,Osaka Japanese Restaurant,"Osaka Japanese Restaurant, 11701 San Jose Blvd, Jacksonville, FL 32223, United States",30.1605556,-81.6311111,"['Japanese restaurant', 'Asian restaurant', 'Sushi restaurant']",3.8,1186,₩,"[['Tuesday', 'Closed'], ['Wednesday', '11AM–8PM'], ['Thursday', '11AM–8PM'], ['Friday', '11AM–9PM'], ['Saturday', '11AM–9PM'], ['Sunday', '11AM–8PM'], ['Monday', '11AM–8PM']]"
0x88d9c34f9888e72f:0xa9e2d2e8317ab975,Teriyaki Madness,"Teriyaki Madness, 13775 SW 152nd St, Miami, FL 33177",25.6268677,-80.41672109999999,"['Asian fusion restaurant', 'Caterer', 'Fast food restaurant', 'Gluten-free restaurant', 'Japanese restaurant', 'Restaurant']",4.0,43,$,"[['Tuesday', '10AM–10PM'], ['Wednesday', '10AM–10PM'], ['Thursday', '10AM–10PM'], ['Friday', '10AM–10PM'], ['Saturday', '10AM–10PM'], ['Sunday', '11AM–9PM'], ['Monday', '10AM–10PM']]"
0x88c2e1836c47e445:0x8a818d0b4dd39850,The Mango Tree,"The Mango Tree, 445 Central Ave, St. Petersburg, FL 33701",27.7714493,-82.6393693,['Japanese restaurant'],4.6,26,$$,"[['Tuesday', 'Closed'], ['Wednesday', 'Closed'], ['Thursday', 'Closed'], ['Friday', 'Closed'], ['Saturday', 'Closed'], ['Sunday', '11AM–10PM'], ['Monday', 'Closed']]"
0x88c2c7d738a897e3:0x95203e5b334dafa5,Sake2Me,"Sake2Me, 11401 N 56th St #23, Temple Terrace, FL 33617",28.052163,-82.393023,"['Asian fusion restaurant', 'Japanese restaurant', 'Takeout Restaurant']",4.0,75,,"[['Tuesday', '4PM–3AM'], ['Wednesday', '4PM–3AM'], ['Thursday', '4PM–3AM'], ['Friday', '4PM–3AM'], ['Saturday', '4PM–3AM'], ['Sunday', '4PM–3AM'], ['Monday', '4PM–3AM']]"
0x88d9ad81428cb5fd:0x4248f353aaeebc2f,Poke & More,"Poke & More, 12892 Biscayne Blvd, North Miami, FL 33181",25.8957852,-80.1624166,"['Health food restaurant', 'Bubble tea store', 'Hawaiian restaurant', 'Japanese restaurant', 'Salad shop', 'Sushi takeaway', 'Tea house']",4.8,78,,"[['Monday', '11AM–10PM'], ['Tuesday', '11AM–10PM'], ['Wednesday', '11AM–10PM'], ['Thursday', '11AM–10PM'], ['Friday', '11AM–10PM'], ['Saturday', '11AM–10PM'], ['Sunday', '11AM–10PM']]"
0x88938c4689cef95f:0x2a9347f8537a1d55,Hana Japan,"Hana Japan, 600 Pier Park Dr, Panama City Beach, FL 32413",30.217871799999998,-85.87438019999999,['Japanese restaurant'],3.6,117,,"[['Monday', '11AM–8:30PM'], ['Tuesday', '11AM–8:30PM'], ['Wednesday', '11AM–8:30PM'], ['Thursday', '11AM–8:30PM'], ['Friday', '11AM–8:30PM'], ['Saturday', '11AM–8:30PM'], ['Sunday', '11AM–8:30PM']]"
0x88ec58b0bba9cb45:0x9a60426af5cca1f3,Kitcho Japanese Restaurant,"Kitcho Japanese Restaurant, 1415 Timberlane Rd #121, Tallahassee, FL 32312",30.503156999999998,-84.2535097,"['Japanese restaurant', 'Asian restaurant', 'Bar', 'Restaurant', 'Sushi restaurant']",3.4,25,$$,"[['Monday', '5:30–9PM'], ['Tuesday', '11:30AM–2PM'], ['Wednesday', '11:30AM–2PM'], ['Thursday', '11:30AM–2PM'], ['Friday', '11:30AM–2PM'], ['Saturday', '5:30–10PM'], ['Sunday', '5:30–9PM']]"
0x88c4a9d5a97acf23:0x23c4cdcf7d7b272b,Midori sushi&hibachi,"Florida, Englewood, S McCall Rd, Midori sushi&hibachi邮政编码: 34223",26.936509599999997,-82.3362027,"['Traditional restaurant', 'Japanese restaurant']",4.4,78,,"[['Monday', '11AM–2PM'], ['Tuesday', '11AM–2PM'], ['Wednesday', '11AM–2PM'], ['Thursday', '11AM–2PM'], ['Friday', '11AM–2PM'], ['Saturday', '11AM–2PM'], ['Sunday', '11AM–2PM']]"
0x88d9b49b0d6862cd:0x4537f8a09624c37f,Umi Sushi & Sake Bar,"Umi Sushi & Sake Bar, 1685 Collins Ave, Miami Beach, FL 33139",25.792103599999997,-80.129116,"['Japanese restaurant', 'Asian restaurant', 'Bar', 'Cocktail bar', 'Raw food restaurant', 'Restaurant', 'Sushi restaurant']",3.4,58,$$,"[['Monday', '6–11PM'], ['Tuesday', '6–11PM'], ['Wednesday', '6–11PM'], ['Thursday', '6–11PM'], ['Friday', '6PM–12AM'], ['Saturday', '6PM–12AM'], ['Sunday', '6–11PM']]"
0x88d9b487a647e40f:0x61cad81c9b87b288,Yummy Chinese & Sushi Bar,"Yummy Chinese & Sushi Bar, 1671 Alton Rd, Miami Beach, FL 33139",25.791313499999998,-80.1410666,"['Restaurant', 'Asian restaurant', 'Chinese restaurant', 'Japanese restaurant', 'Sushi restaurant']",3.2,34,$,"[['Monday', '11:30AM–10PM'], ['Tuesday', '11:30AM–10PM'], ['Wednesday', '11:30AM–10PM'], ['Thursday', '11:30AM–10PM'], ['Friday', '11:30AM–10PM'], ['Saturday', '11:30AM–10PM'], ['Sunday', '3–10PM']]"
0x88d90ae4db110627:0xd91c114321d69a91,New Asia Restaurant,"New Asia Restaurant, 2600 Glades Cir #700, Weston, FL 33327",26.138904,-80.422525,"['Chinese restaurant', 'Japanese restaurant', 'Thai restaurant']",4.2,78,$,"[['Monday', '11AM–10PM'], ['Tuesday', 'Closed'], ['Wednesday', '11AM–10PM'], ['Thursday', '11AM–10PM'], ['Friday', '11AM–10PM'], ['Saturday', '12–10PM'], ['Sunday', '12–10PM']]"
0x88d9b75614980d29:0x60d7e0b7ae2fbffd,Enya Asian Bistro & Sushi,"Enya Asian Bistro & Sushi, 2774 SW 27th Ave, Miami, FL 33133",25.7409909,-80.2381687,"['Japanese restaurant', 'Asian fusion restaurant', 'Asian restaurant', 'Chinese noodle restaurant', 'Chinese restaurant', 'Ramen restaurant', 'Sushi restaurant']",4.8,178,$$,"[['Monday', '12–10PM'], ['Tuesday', '12–10PM'], ['Wednesday', '12–10PM'], ['Thursday', '12–10PM'], ['Friday', '12–11PM'], ['Saturday', '12–11PM'], ['Sunday', '12–10PM']]"
0x88e44b57ee6846d9:0xb31342249b4ba171,Wasabi,"Wasabi, 1650 San Pablo Rd S #5, Jacksonville, FL 32224",30.318904,-81.451138,"['Sushi restaurant', 'Japanese restaurant']",3.8,18,,"[['Monday', '11AM–9PM'], ['Tuesday', '5–9PM'], ['Wednesday', '11AM–9PM'], ['Thursday', '11AM–9PM'], ['Friday', '11AM–9PM'], ['Saturday', '11AM–9PM'], ['Sunday', '11AM–9PM']]"
0x88e449b22796f01d:0x1a2033af35956d73,Samurai Japanese SteakHouse,"Samurai Japanese SteakHouse, 1227 3rd St S, Jacksonville Beach, FL 32250",30.2768706,-81.3888474,"['Sushi restaurant', 'Asian restaurant', 'Japanese restaurant', 'Restaurant']",4.3,114,$$,"[['Monday', '11AM–2:30PM'], ['Tuesday', '11AM–2:30PM'], ['Wednesday', '11AM–2:30PM'], ['Thursday', '11AM–2:30PM'], ['Friday', '11AM–2:30PM'], ['Saturday', '11AM–2:30PM'], ['Sunday', '12–10PM']]"
0x88d9056d1512cf23:0x7b11d0ffa094f8e4,Genji,"Genji, 810 N University Dr, Coral Springs, FL 33071",26.242466099999998,-80.25682239999999,"['Japanese restaurant', 'Food products supplier']",4.5,8,$$,"[['Monday', '8AM–10PM'], ['Tuesday', '8AM–10PM'], ['Wednesday', '8AM–10PM'], ['Thursday', '8AM–10PM'], ['Friday', '8AM–10PM'], ['Saturday', '8AM–10PM'], ['Sunday', '8AM–10PM']]"
0x88d8d8ac4547af07:0x2fbfd38e39126106,Sushi Masa Siam Japanese Thai Restaurant,"Sushi Masa Siam Japanese Thai Restaurant, 2282 N Congress Ave, Boynton Beach, FL 33426",26.548610999999998,-80.089899,"['Restaurant', 'Asian restaurant', 'Japanese restaurant', 'Southeast Asian restaurant', 'Sushi restaurant', 'Thai restaurant']",4.3,77,$$,"[['Sunday', '3–10PM'], ['Monday', '11:30AM–10PM'], ['Tuesday', '11:30AM–10PM'], ['Wednesday', '11:30AM–10PM'], ['Thursday', '11:30AM–10PM'], ['Friday', '11:30AM–10PM'], ['Saturday', '11:30AM–10PM']]"
0x88d9c37c2bdd63a5:0x6c082098d5ce26eb,Teriyaki Ninja,"Teriyaki Ninja, Southland Mall - Food Court, 20505 S Dixie Hwy #1865, Cutler Bay, FL 33189",25.5744646,-80.3694685,['Japanese restaurant'],4.5,103,$,"[['Sunday', '12–6PM'], ['Monday', '10AM–8PM'], ['Tuesday', '10AM–8PM'], ['Wednesday', '10AM–8PM'], ['Thursday', '10AM–8PM'], ['Friday', '10AM–8PM'], ['Saturday', '10AM–8PM']]"
0x88d8df26e08887f7:0x15d9a320530a0ce4,Sushi Jo,"Sushi Jo, 640 E Ocean Ave #4, Boynton Beach, FL 33435",26.526588099999998,-80.0562161,"['Sushi restaurant', 'Asian restaurant', 'Japanese restaurant', 'Restaurant']",4.5,138,$$,"[['Sunday', '4:30–9:30PM'], ['Monday', '4:30–9:30PM'], ['Tuesday', '4:30–9:30PM'], ['Wednesday', '11:30AM–2:30PM'], ['Thursday', '11:30AM–2:30PM'], ['Friday', '11:30AM–2:30PM'], ['Saturday', '11:30AM–2:30PM']]"
0x88e695acd4960391:0x90f9f179137564f4,Tokyo Japanese Steakhouse & Sushi Bar,"Tokyo Japanese Steakhouse & Sushi Bar, 260 Cypress Edge Dr Unit 113, Palm Coast, FL 32164",29.551144899999997,-81.22218289999999,['Japanese steakhouse'],4.3,13,,"[['Sunday', '4–9PM'], ['Monday', '4–9PM'], ['Tuesday', '4–9PM'], ['Wednesday', '4–9PM'], ['Thursday', '4–9PM'], ['Friday', '4–9PM'], ['Saturday', '4–9PM']]"
0x88d9b29b643e1ef3:0x8dbd885fad957833,Asia Bay,"Asia Bay, 1007 Kane Concourse, Bay Harbor Islands, FL 33154",25.8869653,-80.129577,"['Asian restaurant', 'Japanese restaurant', 'Sushi restaurant']",4.3,125,$$,"[['Sunday', '5:30–10:30PM'], ['Monday', '12–3PM'], ['Tuesday', '12–3PM'], ['Wednesday', '12–3PM'], ['Thursday', '12–3PM'], ['Friday', '12–3PM'], ['Saturday', '5:30–10:30PM']]"
0x88ecf5cf3df5771d:0x4f70e0bc99cab014,straw hat poke,"straw hat poke, 631 W Madison St #135, Tallahassee, FL 32304",30.436246899999997,-84.2929365,['Japanese restaurant'],5.0,25,,"[['Sunday', '11AM–10PM'], ['Monday', '11AM–10PM'], ['Tuesday', '11AM–10PM'], ['Wednesday', '11AM–10PM'], ['Thursday', '11AM–10PM'], ['Friday', '11:30AM–11PM'], ['Saturday', '11:30AM–11PM']]"
0x88d9053ea017c6fd:0x967a8d56f51ed928,SweetBowl Thai & Sushi,"SweetBowl Thai & Sushi, 2049 N University Dr, Coral Springs, FL 33071",26.2563551,-80.2492506,"['Thai restaurant', 'Japanese restaurant']",4.0,67,,"[['Sunday', '11:30AM–9:30PM'], ['Monday', '11:30AM–9:30PM'], ['Tuesday', '11:30AM–9:30PM'], ['Wednesday', '11:30AM–9:30PM'], ['Thursday', '11:30AM–9:30PM'], ['Friday', '11:30AM–9:30PM'], ['Saturday', '11:30AM–9:30PM']]"
0x88d919390d3f02cd:0x93b7b6a86036b818,Gary Woo Express,"Gary Woo Express, 9874 Yamato Rd #126, Boca Raton, FL 33434",26.393441,-80.20157259999999,"['Takeout Restaurant', 'Chinese restaurant', 'Japanese restaurant']",4.0,105,$$,"[['Sunday', '2–10PM'], ['Monday', '11AM–10PM'], ['Tuesday', '11AM–10PM'], ['Wednesday', '11AM–10PM'], ['Thursday', '11AM–10PM'], ['Friday', '11AM–10PM'], ['Saturday', '2–10PM']]"
0x88e0a9b50e479971:0x43a0e7ac9266ab57,Thai Space,"Thai Space, 925 N Courtenay Pkwy #8, Merritt Island, FL 32953",28.3732686,-80.7013279,"['Thai restaurant', 'Asian fusion restaurant', 'Asian restaurant', 'Japanese restaurant', 'Ramen restaurant']",4.6,87,,"[['Sunday', '4–9PM'], ['Monday', '11AM–3PM'], ['Tuesday', '11AM–3PM'], ['Wednesday', '11AM–3PM'], ['Thursday', '11AM–3PM'], ['Friday', '11AM–3PM'], ['Saturday', '4–9:30PM']]"
0x88d907d10efe2429:0xd8f24baa239a0fe9,iSushi Cafe,"iSushi Cafe, 8970 Cleary Blvd, Plantation, FL 33324",26.128309599999998,-80.26873909999999,"['Sushi restaurant', 'Japanese restaurant']",3.8,65,,"[['Sunday', 'Closed'], ['Monday', '11AM–10PM'], ['Tuesday', '11AM–10PM'], ['Wednesday', '11AM–10PM'], ['Thursday', '11AM–10PM'], ['Friday', '11AM–10PM'], ['Saturday', '11AM–10PM']]"
0x88def5d29656d2db:0xd879aa2966d8d1e5,ONIKU HIBACHI,"ONIKU HIBACHI, 4125 9th St SW #101A, Vero Beach, FL 32968",27.5859925,-80.4281286,['Japanese restaurant'],4.5,46,,"[['Saturday', '11AM–10:30PM'], ['Sunday', '11AM–9:30PM'], ['Monday', '11AM–9:30PM'], ['Tuesday', '11AM–9:30PM'], ['Wednesday', '11AM–9:30PM'], ['Thursday', '11AM–9:30PM'], ['Friday', '11AM–10:30PM']]"
0x88dedc10bcdf3e09:0x96871624e6b72ac,Fugu Tei Japanese Restaurant,"Fugu Tei Japanese Restaurant, 6220 SE Federal Hwy, Stuart, FL 34997",27.1283772,-80.1997545,"['Japanese restaurant', 'Asian restaurant', 'Sushi restaurant']",4.3,138,$$,"[['Saturday', '4–9PM'], ['Sunday', 'Closed'], ['Monday', 'Closed'], ['Tuesday', '4–9PM'], ['Wednesday', '4–9PM'], ['Thursday', '4–9PM'], ['Friday', '4–9PM']]"
0x88e782f667d2dd0b:0xdf52c9b42fdbfcb4,Yoshi Sushi Bar,"Yoshi Sushi Bar, 11127 W Colonial Dr, Ocoee, FL 34761",28.552954999999997,-81.544521,"['Sushi restaurant', 'Japanese restaurant']",3.8,16,,"[['Saturday', '11AM–11PM'], ['Sunday', '11AM–9PM'], ['Monday', '11AM–10PM'], ['Tuesday', '11AM–10PM'], ['Wednesday', '11AM–10PM'], ['Thursday', '11AM–10PM'], ['Friday', '11AM–11PM']]"
0x88d9c7a3ba3eec71:0x2bda586809795f9a,Sarku Japan,"Sarku Japan, 7535 N Kendall Dr Suite 1410, Miami, FL 33156",25.6911353,-80.31375059999999,"['Japanese restaurant', 'Fast food restaurant', 'Restaurant', 'Sushi restaurant', 'Teppanyaki restaurant']",4.1,16,$,"[['Saturday', '11AM–7PM'], ['Sunday', '12–6PM'], ['Monday', '11AM–7PM'], ['Tuesday', '11AM–7PM'], ['Wednesday', '11AM–7PM'], ['Thursday', '11AM–7PM'], ['Friday', '11AM–7PM']]"
0x88e76fcf7a7667f9:0x6caf275c7b61735e,Light On The Sugar Bakery Café,"Light On The Sugar Bakery Café, 4270 Aloma Ave Suite 112, Winter Park, FL 32792",28.6124735,-81.2790495,"['Bakery', 'Bubble tea store', 'Cake shop', 'Catering food and drink supplier', 'Coffee shop', 'Crêperie', 'Dessert shop', 'Espresso bar', 'Japanese cheap sweets shop', 'Tea store']",4.6,157,,"[['Saturday', '11AM–6PM'], ['Sunday', '11AM–6PM'], ['Monday', '11AM–6PM'], ['Tuesday', 'Closed'], ['Wednesday', '11AM–6PM'], ['Thursday', '11AM–6PM'], ['Friday', '11AM–6PM']]"
0x88c339e01ea2a723:0xdcd77663924fa18d,BENTO Sarasota,"BENTO Sarasota, 190 N Cattlemen Rd Unit 5, Sarasota, FL 34243",27.385678799999997,-82.455568,"['Asian restaurant', 'Chinese restaurant', 'Japanese restaurant', 'Pan-Asian restaurant', 'Sushi restaurant']",3.3,65,$$,"[['Saturday', '11:30AM–4PM'], ['Sunday', '11:30AM–4PM'], ['Monday', '11:30AM–4PM'], ['Tuesday', '11:30AM–4PM'], ['Wednesday', '11:30AM–4PM'], ['Thursday', '11:30AM–4PM'], ['Friday', '11:30AM–4PM']]"
0x88e5b768b31fceaf:0x7a334cf6f504baa9,BENTO Jacksonville Riverside,"BENTO Jacksonville Riverside, 50 Riverside Ave Unit 106, Jacksonville, FL 32202",30.324127299999997,-81.6704168,"['Pan-Asian restaurant', 'Asian restaurant', 'Chinese restaurant', 'Japanese restaurant', 'Poke bar', 'Sushi restaurant']",3.4,18,$,"[['Saturday', '11AM–10PM'], ['Sunday', '11AM–10PM'], ['Monday', '11AM–3PM'], ['Tuesday', '11AM–3PM'], ['Wednesday', '11AM–3PM'], ['Thursday', '11AM–3PM'], ['Friday', '11AM–3PM']]"
0x88d9c7a4f9eabfb7:0xfa941028bfeeb6ee,Teriyaki Madness,"Teriyaki Madness, 9025 SW 72nd Pl, Miami, FL 33156",25.686532099999997,-80.312727,"['Asian fusion restaurant', 'Asian restaurant', 'Japanese restaurant']",4.5,108,$,"[['Saturday', '11AM–9PM'], ['Sunday', '11AM–9PM'], ['Monday', '11AM–9PM'], ['Tuesday', '11AM–9PM'], ['Wednesday', '11AM–9PM'], ['Thursday', '11AM–9PM'], ['Friday', '11AM–9PM']]"
0x88e5cdce5e4ab657:0x80a3d1beda6cec5d,Sushi King,"Sushi King, 2750 Race Track Rd #106, Fruit Cove, FL 32259",30.1128343,-81.5899515,"['Sushi restaurant', 'Japanese restaurant']",4.2,187,$,"[['Saturday', '11AM–10PM'], ['Sunday', '12–9PM'], ['Monday', '11AM–9:30PM'], ['Tuesday', '11AM–9:30PM'], ['Wednesday', '11AM–9:30PM'], ['Thursday', '11AM–9:30PM'], ['Friday', '11AM–10:30PM']]"
0x88d9c73752de5cf7:0x7e557da5e4ff191d,SUMO88,"SUMO88, 10471 N Kendall Dr SUITE B-104, Miami, FL 33176",25.6875155,-80.3631461,"['Sushi restaurant', 'Asian restaurant', 'Japanese restaurant', 'Ramen restaurant', 'Udon noodle restaurant']",4.5,38,,"[['Saturday', '11AM–10PM'], ['Sunday', '11AM–10PM'], ['Monday', '11AM–10PM'], ['Tuesday', '11AM–10PM'], ['Wednesday', '11AM–10PM'], ['Thursday', '11AM–10PM'], ['Friday', '11AM–10PM']]"
0x88d9ad1fe0281d19:0xced0c842012f118d,Sumo Sushi Bar and Grill,"Sumo Sushi Bar and Grill, 17630 Collins Ave, Sunny Isles Beach, FL 33160",25.939538,-80.121808,"['Thai restaurant', 'Asian restaurant', 'Bar', 'Japanese restaurant', 'Takeout Restaurant', 'Restaurant', 'Southeast Asian restaurant', 'Sushi restaurant']",4.2,67,$$,"[['Saturday', '12PM–12AM'], ['Sunday', '12–11PM'], ['Monday', '12–11PM'], ['Tuesday', '12–11PM'], ['Wednesday', '12–11PM'], ['Thursday', '12–11PM'], ['Friday', '12PM–12AM']]"
0x88d9b37f2c3dd181:0xc5dea5d2ea7129cf,Arigatai Sushi,"Arigatai Sushi, 1817 NE 123rd St, North Miami, FL 33181",25.890055099999998,-80.1620118,"['Sushi restaurant', 'Asian fusion restaurant', 'Fusion restaurant', 'Japanese restaurant']",4.7,223,,"[['Friday', '12–11PM'], ['Saturday', '1–11PM'], ['Sunday', '1–9PM'], ['Monday', '12–10:30PM'], ['Tuesday', '12–10:30PM'], ['Wednesday', '12–10:30PM'], ['Thursday', '12–10:30PM']]"
0x88e69d561b086819:0xbccf2c1942134e2a,PJ's Asia One Market,"PJ's Asia One Market, 425 State Rd 207, St. Augustine, FL 32084",29.873553899999997,-81.3335168,"['Asian grocery store', 'Convenience store', 'Grocery store', 'Japanese grocery store', 'Korean grocery store', 'Supermarket']",4.9,28,,"[['Friday', '9AM–7PM'], ['Saturday', '9AM–7PM'], ['Sunday', '9AM–7PM'], ['Monday', 'Closed'], ['Tuesday', '9AM–7PM'], ['Wednesday', '9AM–7PM'], ['Thursday', '9AM–7PM']]"
0x88c2c76fb1198cdb:0x5e431a46dedaa3be,tokyo sushi bar,"Florida, Temple Terrace, E Fowler Ave, tokyo sushi bar邮政编码: 33617",28.0534479,-82.3921901,['Japanese restaurant'],3.9,16,,"[['Friday', '11:59AM–9:30PM'], ['Saturday', '11:59AM–9PM'], ['Sunday', '1–9PM'], ['Monday', '11:59AM–9PM'], ['Tuesday', '11:59AM–9PM'], ['Wednesday', '11:59AM–9PM'], ['Thursday', '11:59AM–9PM']]"
0x88c2c1b8b0710505:0xfd1dd5296e5a53fc,YAKITODO,"YAKITODO, 5421 W Waters Ave, Tampa, FL 33634",28.0259942,-82.5348762,"['Asian fusion restaurant', 'Asian restaurant', 'Japanese restaurant', 'Restaurant']",5.0,26,,"[['Friday', '11:30AM–2PM'], ['Saturday', 'Closed'], ['Sunday', 'Closed'], ['Monday', '11:30AM–2PM'], ['Tuesday', '11:30AM–2PM'], ['Wednesday', '11:30AM–2PM'], ['Thursday', '11:30AM–2PM']]"
0x88e430d32f343da7:0x6b14e3f3ecb2045b,Sushi House & Grill Japanese Restaurant,"Sushi House & Grill Japanese Restaurant, 3787 Palm Valley Rd, Ponte Vedra Beach, FL 32082",30.151349999999997,-81.3761444,"['Authentic Japanese restaurant', 'Asian restaurant', 'Japanese restaurant', 'Sushi restaurant']",4.5,155,,"[['Friday', '11AM–9:30PM'], ['Saturday', '11AM–9:30PM'], ['Sunday', 'Closed'], ['Monday', '11AM–9:30PM'], ['Tuesday', '11AM–9:30PM'], ['Wednesday', '11AM–9:30PM'], ['Thursday', '11AM–9:30PM']]"
0x88c291045966164b:0x53c7390beec6ac9,Hibachi Express New Port Richey,"Hibachi Express New Port Richey, 5308 Little Rd, New Port Richey, FL 34655",28.2369809,-82.66787149999999,"['Japanese restaurant', 'Sushi restaurant']",4.5,94,$,"[['Friday', '10:30AM–10:30PM'], ['Saturday', '10:30AM–10:30PM'], ['Sunday', '11:30AM–9:30PM'], ['Monday', '10:30AM–9:30PM'], ['Tuesday', '10:30AM–9:30PM'], ['Wednesday', '10:30AM–9:30PM'], ['Thursday', '10:30AM–9:30PM']]"
0x88d9b41d4a635db5:0xf1a66e8b6b2cf3b6,Tony Chan's Water Club,"Tony Chan's Water Club, 1717 N Bayshore Dr #131, Miami, FL 33132",25.791464899999998,-80.18620849999999,"['Chinese restaurant', 'Bar', 'Dim sum restaurant', 'Japanese restaurant', 'Sushi restaurant']",3.8,188,$$,"[['Friday', '12–11PM'], ['Saturday', '12–11PM'], ['Sunday', '12–10PM'], ['Monday', '12–10PM'], ['Tuesday', '12–10PM'], ['Wednesday', 'Closed'], ['Thursday', '12–10PM']]"
0x88e77f13863a77d1:0x93e1b8c0899b2a98,Mikado Sushi & Hot Pot,"Mikado Sushi & Hot Pot, 8371 International Dr STE 60, Orlando, FL 32819",28.443740199999997,-81.469179,"['Sushi restaurant', 'Hot pot restaurant', 'Japanese restaurant', 'Restaurant', 'Sushi takeaway']",4.0,105,,"[['Friday', '12–3:30PM'], ['Saturday', '12–3:30PM'], ['Sunday', '12–11PM'], ['Monday', '12–3:30PM'], ['Tuesday', '12–3:30PM'], ['Wednesday', '12–3:30PM'], ['Thursday', '12–3:30PM']]"
0x88d9b6847a14da79:0x293fa55a6d56921b,Doraku Izakaya and Sushi,"Doraku Izakaya and Sushi, 900 S Miami Ave, Miami, FL 33131",25.7648956,-80.19428099999999,"['Izakaya restaurant', 'Japanese restaurant', 'Sushi restaurant']",3.4,98,$$,
0x88e69d11e9925175:0x6b201b8de05d5ae2,Umai,"Umai, 880 Santa Maria Blvd#2, St. Augustine, FL 32086",29.8141155,-81.3216018,"['Japanese restaurant', 'Restaurant']",4.5,98,,"[['Friday', '11AM–10:30PM'], ['Saturday', '12–10:30PM'], ['Sunday', '12–9:30PM'], ['Monday', '11AM–9:30PM'], ['Tuesday', '11AM–9:30PM'], ['Wednesday', '11AM–9:30PM'], ['Thursday', '11AM–9:30PM']]"
0x88e5ca4853f0f287:0xd0415e0efca9d2ac,Tokyo Sakura,"Tokyo Sakura, 8618 Baymeadows Rd, Jacksonville, FL 32256",30.2199678,-81.5792084,['Japanese restaurant'],4.5,75,,"[['Thursday', '10:30AM–9PM'], ['Friday', '10:30AM–9PM'], ['Saturday', '11AM–9:30PM'], ['Sunday', 'Closed'], ['Monday', '10:30AM–9PM'], ['Tuesday', '10:30AM–9PM'], ['Wednesday', '10:30AM–9PM']]"
0x88dedda01dfc5ac7:0xaf90019ea7cc92d9,Ramen Hana & Sushi,"Ramen Hana & Sushi, 2661 SE Ocean Blvd, Stuart, FL 34996",27.19701,-80.218491,"['Ramen restaurant', 'Izakaya restaurant', 'Japanese restaurant', 'Sushi restaurant']",4.8,78,$$,"[['Thursday', '12–10PM'], ['Friday', '12–10PM'], ['Saturday', '12–10PM'], ['Sunday', '12–10PM'], ['Monday', '12–10PM'], ['Tuesday', '12–10PM'], ['Wednesday', '12–10PM']]"
0x88915bf48d611c43:0x64ffb407dce66a9b,Jin Jin 98,"Jin Jin 98, 10916 Emerald Coast Pkwy, Destin, FL 32550",30.381268,-86.35581119999999,"['Asian restaurant', 'Chinese restaurant', 'Japanese restaurant', 'Sushi restaurant']",3.0,28,,"[['Thursday', '11AM–10PM'], ['Friday', '11AM–10:30PM'], ['Saturday', '11AM–10:30PM'], ['Sunday', '12–10PM'], ['Monday', '11AM–10PM'], ['Tuesday', '11AM–10PM'], ['Wednesday', '11AM–10PM']]"
0x88d926fc6bf41f1f:0x848b7fe3cd3c9ff6,Sushi Yami Japanese Restaurant,"Sushi Yami Japanese Restaurant, 6177 Jog Rd #D7, Lake Worth, FL 33467",26.5874587,-80.1478425,['Japanese restaurant'],4.6,258,$$,"[['Thursday', '11:30AM–3PM'], ['Friday', '11:30AM–3PM'], ['Saturday', '11:30AM–3PM'], ['Sunday', '4:30–9:30PM'], ['Monday', 'Closed'], ['Tuesday', '11:30AM–3PM'], ['Wednesday', '11:30AM–3PM']]"
0x88d9a0ae7833e441:0x4af3f6fa05d709f8,Sushi Japon,"Sushi Japon, 2410 Weston Rd, Weston, FL 33331",26.0874378,-80.37164419999999,"['Sushi restaurant', 'Asian restaurant', 'Japanese restaurant']",4.0,35,,"[['Thursday', '11AM–10:30PM'], ['Friday', '11AM–10:30PM'], ['Saturday', '12:30–11:30PM'], ['Sunday', '4–10:30PM'], ['Monday', '11AM–10:30PM'], ['Tuesday', '11AM–10:30PM'], ['Wednesday', '11AM–10:30PM']]"
0x88d9b69df81bb50f:0x723a67dcc7ffc52f,Kaori Sushi Express,"Kaori Sushi Express, 100 Biscayne Blvd #116, Miami, FL 33131",25.772777599999998,-80.1877052,"['Sushi restaurant', 'Japanese restaurant']",4.6,38,$$,"[['Thursday', '10:30AM–3:30PM'], ['Friday', '10:30AM–3:30PM'], ['Saturday', 'Closed'], ['Sunday', 'Closed'], ['Monday', '10:30AM–3:30PM'], ['Tuesday', '10:30AM–3:30PM'], ['Wednesday', '10:30AM–3:30PM']]"
0x88dd872d002461a7:0x2d06930c5803d435,Sushi En,"Sushi En, 4115 W Town Center Blvd, Orlando, FL 32837",28.365197,-81.425209,"['Japanese restaurant', 'Sushi restaurant']",4.6,108,$$,"[['Thursday', '12–2:15PM'], ['Friday', '12–2:15PM'], ['Saturday', '5–8:45PM'], ['Sunday', '5–8:45PM'], ['Monday', 'Closed'], ['Tuesday', '12–2:15PM'], ['Wednesday', '12–2:15PM']]"
0x88d9b4929c65eb3f:0xa486b02ab9f567f0,Sushi 3,"Sushi 3, 806Ocean Drive, Miami Beach, FL 33139",25.7782813,-80.1314477,"['Sushi restaurant', 'Diner', 'Japanese restaurant']",4.0,38,,"[['Thursday', '11AM–9:30PM'], ['Friday', '1AM–9:30PM'], ['Saturday', '9AM–9:30PM'], ['Sunday', '10AM–9:30PM'], ['Monday', '11AM–9:30PM'], ['Tuesday', '1AM–9:30PM'], ['Wednesday', '9AM–9:30PM']]"
0x88c2f323ebafcedf:0xcd7fc2a9f963c0b,Yama-Taiyo Japanese Cuisine,"Yama-Taiyo Japanese Cuisine, 660 Alderman Rd, Palm Harbor, FL 34683",28.093197699999997,-82.7716263,['Japanese restaurant'],4.9,18,,"[['Thursday', '11:30AM–9:30PM'], ['Friday', '11:30AM–10PM'], ['Saturday', '5–10PM'], ['Sunday', '5–9:30PM'], ['Monday', '11:30AM–9:30PM'], ['Tuesday', '11:30AM–9:30PM'], ['Wednesday', '11:30AM–9:30PM']]"
0x88c339c992c99fa5:0xec21bca79c47c167,U-YEE SUSHI & GRILL,"U-YEE SUSHI & GRILL, 7349 University Pkwy, Bradenton, FL 34202",27.388019999999997,-82.39544289999999,"['Sushi restaurant', 'Grill', 'Asian fusion restaurant', 'Japanese restaurant', 'Restaurant']",4.9,64,,"[['Wednesday', '11AM–9:30PM'], ['Thursday', '11AM–9:30PM'], ['Friday', '11AM–10:30PM'], ['Saturday', '11AM–10:30PM'], ['Sunday', '12–9:30PM'], ['Monday', '11AM–9:30PM'], ['Tuesday', '11AM–9:30PM']]"
0x88c2f38c5c413a55:0x74d7b71506c8dbed,Sakura Sushi Hibachi,"Sakura Sushi Hibachi, 926 Curlew Rd, Dunedin, FL 34698",28.0500123,-82.7776262,"['Japanese restaurant', 'Asian fusion restaurant']",4.8,28,,"[['Wednesday', '11AM–9:30PM'], ['Thursday', '11AM–9:30PM'], ['Friday', '11AM–10:30PM'], ['Saturday', '11AM–10:30PM'], ['Sunday', '11:30AM–9:30PM'], ['Monday', 'Closed'], ['Tuesday', '11AM–9:30PM']]"
0x88c317298b7be5c3:0x1109c218f382b675,Hibachi Express Bradenton,"Hibachi Express Bradenton, 4533 14th St W, Bradenton, FL 34207",27.459557699999998,-82.5744977,['Japanese restaurant'],4.3,154,$,"[['Wednesday', '10:30AM–9:30PM'], ['Thursday', '10:30AM–9:30PM'], ['Friday', '10:30AM–10:30PM'], ['Saturday', '10:30AM–10:30PM'], ['Sunday', '11:30AM–9:30PM'], ['Monday', '10:30AM–9:30PM'], ['Tuesday', '10:30AM–9:30PM']]"
0x88df29eb8e1ff72d:0x2e191e180523e1cc,"Thai Lotus - JUPITER, FL","Thai Lotus - JUPITER, FL, 201 North US-1 # C-4, Jupiter, FL 33477",26.936028399999998,-80.0799641,"['Thai restaurant', 'Japanese restaurant', 'Sushi restaurant']",4.5,228,$$,"[['Wednesday', '11:30AM–9PM'], ['Thursday', '11:30AM–9PM'], ['Friday', '11:30AM–9PM'], ['Saturday', '12–9PM'], ['Sunday', '12–9PM'], ['Monday', '11:30AM–9PM'], ['Tuesday', '11:30AM–9PM']]"
0x88d900560951cd25:0xecf3f05fe22069b,Jinsha,"Jinsha, 100 E Broward Blvd a101, Fort Lauderdale, FL 33301",26.121689099999998,-80.1420406,"['Chinese restaurant', 'Japanese restaurant', 'Restaurant']",3.0,58,,"[['Wednesday', '11AM–10PM'], ['Thursday', '11AM–10PM'], ['Friday', '11AM–10PM'], ['Saturday', '12–10:30PM'], ['Sunday', '12–10:30PM'], ['Monday', '11AM–10PM'], ['Tuesday', '11AM–10PM']]"
0x88e5b67792a6f9b9:0xf9e0cbe0b1da0167,Sushi & Sub,"Sushi & Sub, 5800 Beach Blvd #202, Jacksonville, FL 32207",30.291633599999997,-81.6040036,"['Japanese restaurant', 'Asian restaurant', 'Sushi restaurant']",4.7,98,$,"[['Wednesday', '11AM–8:30PM'], ['Thursday', '11AM–8:30PM'], ['Friday', '11AM–8:30PM'], ['Saturday', '11AM–8:30PM'], ['Sunday', 'Closed'], ['Monday', '11AM–8:30PM'], ['Tuesday', '11AM–8:30PM']]"
0x88dd6b01f3aa6393:0x29954c78fa8e63cb,Hibachi Express Auburndale,"Florida, Auburndale, Havendale Blvd, Hibachi Express Auburndale邮政编码: 33823",28.054027899999998,-81.7784963,"['Japanese restaurant', 'Sushi restaurant', 'Teppanyaki restaurant']",4.5,64,$,"[['Wednesday', '10:30AM–9:30PM'], ['Thursday', '10:30AM–9:30PM'], ['Friday', '10:30AM–10:30PM'], ['Saturday', '10:30AM–10:30PM'], ['Sunday', '11:30AM–9:30PM'], ['Monday', '10:30AM–9:30PM'], ['Tuesday', '10:30AM–9:30PM']]"
0x88d9b4f168486c4b:0x461c88772db79fc2,Now & Zen,"Now & Zen, 736 1st St, Miami Beach, FL 33139",25.7697018,-80.1358946,"['Asian restaurant', 'Dim sum restaurant', 'Japanese restaurant', 'Southeast Asian restaurant', 'Sushi restaurant', 'Thai restaurant', 'Vietnamese restaurant']",4.5,8,,"[['Wednesday', '11:30AM–3:30PM'], ['Thursday', '11:30AM–3:30PM'], ['Friday', '11:30AM–3:30PM'], ['Saturday', '11:30AM–3:30PM'], ['Sunday', '11:30AM–2:30PM'], ['Monday', '11:30AM–3:30PM'], ['Tuesday', '11:30AM–3:30PM']]"
0x88e7691e7e66ec7d:0x64dbb8d2e1cab084,BENTO Oviedo,"BENTO Oviedo, 15 Alafaya Woods Blvd #107, Oviedo, FL 32765",28.6518706,-81.2069125,"['Asian restaurant', 'Chinese restaurant', 'Japanese restaurant', 'Pan-Asian restaurant', 'Restaurant', 'Sushi restaurant']",3.9,73,$$,"[['Wednesday', '11AM–10PM'], ['Thursday', '11AM–10PM'], ['Friday', '11AM–10:30PM'], ['Saturday', '11:30AM–10:30PM'], ['Sunday', '11:30AM–10PM'], ['Monday', '11AM–10PM'], ['Tuesday', '11AM–10PM']]"
0x88c2a1f131af916d:0x5d2ecca5f569bdcf,E Sushi Japanese Restaurant,"E Sushi Japanese Restaurant, 13485 County Line Rd, Spring Hill, FL 34609",28.4354822,-82.491033,['Japanese restaurant'],4.2,58,,"[['Wednesday', '11AM–10PM'], ['Thursday', '11AM–10PM'], ['Friday', '11AM–10:45PM'], ['Saturday', '11AM–10:45PM'], ['Sunday', '11AM–10PM'], ['Monday', '11AM–10PM'], ['Tuesday', '11AM–10PM']]"
0x88913e9748f411d5:0xa081bbb956c1ad99,Kiku Hana Japanese Restaurant,"Kiku Hana Japanese Restaurant, 550 Mary Esther Cut Off NW #16, Fort Walton Beach, FL 32548",30.4207875,-86.65066259999999,"['Japanese restaurant', 'Sushi restaurant']",4.4,116,,"[['Wednesday', '11AM–9PM'], ['Thursday', '11AM–9PM'], ['Friday', '11AM–9PM'], ['Saturday', '12–9PM'], ['Sunday', 'Closed'], ['Monday', '11AM–9PM'], ['Tuesday', '11AM–9PM']]"
0x88dedc16bb79e6a3:0x8070b1c145a61670,Shabu Shabu,"Shabu Shabu, 6075 SE Federal Hwy, Stuart, FL 34997",27.131653399999998,-80.20260139999999,"['Japanese restaurant', 'Korean restaurant', 'Restaurant', 'Sushi restaurant']",3.9,8,$$,"[['Wednesday', '11:30AM–2:30PM'], ['Thursday', '11:30AM–2:30PM'], ['Friday', '11:30AM–2:30PM'], ['Saturday', '11:30AM–2:30PM'], ['Sunday', '11:30AM–2:30PM'], ['Monday', '11:30AM–2:30PM'], ['Tuesday', '11:30AM–2:30PM']]"
0x88d9b58d4aaa992d:0xd4e7efef46256eb4,INTIMO,"INTIMO, 840 1st St, Miami Beach, FL 33139",25.7696659,-80.1367959,"['Peruvian restaurant', 'Health food restaurant', 'Japanese restaurant', 'Seafood restaurant']",4.8,398,,"[['Wednesday', '12–10PM'], ['Thursday', '12–10PM'], ['Friday', '12–11:45PM'], ['Saturday', '12–11:45PM'], ['Sunday', '12:30–10:45PM'], ['Monday', '12–10PM'], ['Tuesday', '12–10PM']]"
0x88dd7f86eec19dd3:0xc5e88c575d07cba1,Yesake,"Yesake, West Side D12, 1503 E Buena Vista Dr, Lake Buena Vista, FL 32830",28.370019,-81.51906489999999,"['Japanese restaurant', 'Restaurant']",3.9,68,,"[['Wednesday', '11AM–11PM'], ['Thursday', '11AM–11PM'], ['Friday', '11AM–11:30PM'], ['Saturday', '11AM–11:30PM'], ['Sunday', '11AM–11PM'], ['Monday', '11AM–11PM'], ['Tuesday', '11AM–11PM']]"
0x88dae24ce7275ed1:0xa64647b363fe0008,Asian palace,"Asian palace, 4850 Davis Blvd, Naples, FL 34104",26.137410199999998,-81.7491465,"['Asian restaurant', 'Chinese restaurant', 'Japanese restaurant']",3.8,68,,"[['Wednesday', '11AM–10PM'], ['Thursday', '11AM–10PM'], ['Friday', '11AM–10:30PM'], ['Saturday', '11AM–10:30PM'], ['Sunday', '12–10PM'], ['Monday', '11AM–10PM'], ['Tuesday', '11AM–10PM']]"
0x88c3479984798b05:0x4e82948aa0ac2d73,SUSHI BAY KITCHEN&SAKE BAR,"Florida, Sarasota, Cattlemen Rd, SUSHI BAY KITCHEN&SAKE BAR邮政编码: 34233",27.296637999999998,-82.4504578,['Japanese restaurant'],4.7,78,,"[['Wednesday', '11AM–9:30PM'], ['Thursday', '11AM–9:30PM'], ['Friday', '11AM–10:30PM'], ['Saturday', '11AM–10:30PM'], ['Sunday', '11AM–9:30PM'], ['Monday', '11AM–9:30PM'], ['Tuesday', '11AM–9:30PM']]"
0x88c2c50ac80a9ea3:0x14fcbc07e79ab301,Koya,"Koya, 807 W Platt St, Tampa, FL 33606",27.941811299999998,-82.4681481,"['Japanese restaurant', 'Sushi restaurant']",4.8,8,,"[['Wednesday', '7–10PM'], ['Thursday', '7–10PM'], ['Friday', '7–10PM'], ['Saturday', '7–10PM'], ['Sunday', 'Closed'], ['Monday', 'Closed'], ['Tuesday', 'Closed']]"
0x88d91ad9d661df83:0xe66ccb6f43773318,Fuji Sushi Cafe,"Fuji Sushi Cafe, 8242 Wiles Rd, Coral Springs, FL 33067",26.2858867,-80.2371556,"['Japanese restaurant', 'Delivery Restaurant']",4.6,168,$$,"[['Wednesday', '4–9PM'], ['Thursday', '4–9PM'], ['Friday', '12–10PM'], ['Saturday', '12–10PM'], ['Sunday', '1–8:30PM'], ['Monday', '4–9PM'], ['Tuesday', '4–9PM']]"
0x88e0a94913f86c27:0x7af2d867e3c22541,Indo Phil Market,"Indo Phil Market, 97 E Merritt Ave, Merritt Island, FL 32953",28.3598054,-80.698032,"['Filipino restaurant', 'Asian grocery store', 'Indonesian restaurant', 'Japanese restaurant']",4.2,65,$$,"[['Wednesday', '12–9PM'], ['Thursday', '12–9PM'], ['Friday', '12–9PM'], ['Saturday', '12–9PM'], ['Sunday', '12–9PM'], ['Monday', '12–9PM'], ['Tuesday', '12–9PM']]"
0x88e72bfcb2d9d831:0xbde5261923dcdbbe,NSB Yu-MI Sushi & Sake Cafe,"NSB Yu-MI Sushi & Sake Cafe, 761 E 3rd Ave, New Smyrna Beach, FL 32169",29.0275,-80.8930556,"['Sushi restaurant', 'Japanese restaurant']",4.6,158,,"[['Wednesday', '5–10PM'], ['Thursday', '5–9:30PM'], ['Friday', '5–10PM'], ['Saturday', '5–10PM'], ['Sunday', '5–9:30PM'], ['Monday', '5–9:30PM'], ['Tuesday', '5–9:30PM']]"
0x88d9c6f1529bac31:0x232344843aa42a5b,Sakura Japanese Restaurant,"Sakura Japanese Restaurant, 8225 SW 124th St, Pinecrest, FL 33156",25.6554722,-80.3269,"['Japanese restaurant', 'Asian restaurant', 'Sushi restaurant']",4.6,138,$$,"[['Wednesday', '12–2:30PM'], ['Thursday', '12–2:30PM'], ['Friday', '12–2:30PM'], ['Saturday', '5:30–9PM'], ['Sunday', '5–10PM'], ['Monday', '12–2:30PM'], ['Tuesday', '12–2:30PM']]"
0x88d9b799dd27ec9d:0x72dde6b1ea6aca08,SUSHISAMBA Coral Gables,"SUSHISAMBA Coral Gables, 180 Aragon Ave, Coral Gables, FL 33134",25.7503243,-80.25836559999999,"['Asian restaurant', 'Bar', 'Brazilian restaurant', 'Japanese restaurant', 'Peruvian restaurant', 'Restaurant', 'South American restaurant', 'Sushi restaurant']",3.7,18,$$$,"[['Wednesday', '11:30AM–10PM'], ['Thursday', '11:30AM–10PM'], ['Friday', '11:30AM–11PM'], ['Saturday', '11:30AM–11PM'], ['Sunday', 'Closed'], ['Monday', '11:30AM–10PM'], ['Tuesday', '11:30AM–10PM']]"
0x88db4230b16e3ba7:0x5babb712a4ef8abb,Ichiban,"Ichiban, 14651 N Cleveland Ave, North Fort Myers, FL 33903",26.6771417,-81.8996846,"['Restaurant', 'Japanese restaurant', 'Lounge']",4.0,73,$$,
0x88d9b683b068fd7b:0xc1b86b7944d3f59d,Sushi Siam FL,"Sushi Siam FL, 931 Brickell Ave, Miami, FL 33131",25.764892,-80.190747,['Japanese restaurant'],3.7,173,$$,"[['Wednesday', '11:30AM–11PM'], ['Thursday', '11:30AM–11PM'], ['Friday', '11:30AM–12AM'], ['Saturday', '5PM–12AM'], ['Sunday', '5–11PM'], ['Monday', '11:30AM–11PM'], ['Tuesday', '11:30AM–11PM']]"
0x88e76f4d40bcbcff:0xe3c309fe0232428f,Kombu Sushi Ramen,"Kombu Sushi Ramen, 7325 Aloma Ave, Winter Park, FL 32792",28.608693,-81.29037509999999,"['Sushi restaurant', 'Asian restaurant', 'Japanese restaurant']",4.7,97,,"[['Wednesday', '11AM–2:30PM'], ['Thursday', '11AM–2:30PM'], ['Friday', '11AM–2:30PM'], ['Saturday', '11AM–2:30PM'], ['Sunday', 'Closed'], ['Monday', '11AM–2:30PM'], ['Tuesday', '11AM–2:30PM']]"
0x88d9b76294fb790b:0x32b5b475d87afa71,AHI SUSHI BAR,"AHI SUSHI BAR, 1527 SW 8th St, Miami, FL 33135",25.765967699999997,-80.2200458,"['Sushi restaurant', 'Japanese restaurant']",4.5,68,,"[['Wednesday', '6–11PM'], ['Thursday', '6–11PM'], ['Friday', '6–11PM'], ['Saturday', '6–11PM'], ['Sunday', '6–11PM'], ['Monday', 'Closed'], ['Tuesday', '6–11PM']]"
0x88d8e1f2f4218871:0xbfc944f0c303203a,Sushi Yan,"Sushi Yan, 1929 N Federal Hwy, Boca Raton, FL 33432",26.3672945,-80.0788324,"['Sushi restaurant', 'Asian restaurant', 'Japanese restaurant', 'Sushi takeaway']",4.6,108,$,"[['Wednesday', '11:30AM–10PM'], ['Thursday', '11:30AM–10PM'], ['Friday', '11:30AM–10PM'], ['Saturday', '11:30AM–10PM'], ['Sunday', '3:30–9:30PM'], ['Monday', '11:30AM–10PM'], ['Tuesday', '11:30AM–10PM']]"
0x88e77f3785090443:0x96de849d0696f3fa,Bonsai Sushi,"Bonsai Sushi, 5174 Dr Phillips Blvd, Orlando, FL 32819",28.490350399999997,-81.4914562,['Japanese restaurant'],4.8,186,$$,"[['Tuesday', '5–9AM'], ['Wednesday', '5–9AM'], ['Thursday', '5–9AM'], ['Friday', '5–9:30AM'], ['Saturday', '5–9:30AM'], ['Sunday', 'Closed'], ['Monday', '5–9AM']]"
0x88e76f18d3bbe68b:0xa4cdeaf2ae48a6ef,Koi Sushi Japanese Restaurant,"Koi Sushi Japanese Restaurant, 3635 Aloma Ave #1033, Oviedo, FL 32765",28.6179374,-81.2650898,"['Authentic Japanese restaurant', 'Asian restaurant', 'Japanese curry restaurant', 'Japanese restaurant', 'Ramen restaurant', 'Sushi restaurant']",4.7,47,,"[['Tuesday', 'Closed'], ['Wednesday', '11AM–2:30PM'], ['Thursday', '11AM–2:30PM'], ['Friday', '11AM–2:30PM'], ['Saturday', '12–3PM'], ['Sunday', '12–9PM'], ['Monday', '11AM–2:30PM']]"
0x88d8e3968e387cdd:0x57c1f6c3e66e420,The Blue Fish Boca Raton,"The Blue Fish Boca Raton, 402 Plaza Real, Boca Raton, FL 33432",26.354803,-80.0846308,"['Sushi restaurant', 'Japanese restaurant']",4.5,33,$$,"[['Tuesday', '4–10PM'], ['Wednesday', '4–10PM'], ['Thursday', '4PM–12AM'], ['Friday', '4–11PM'], ['Saturday', '4–11PM'], ['Sunday', '4–10PM'], ['Monday', '4–10PM']]"
0x88dd7f16e7c855db:0x11dd8c2c90400df9,Takumi-Tei,"Takumi-Tei, 1780 N Ave of the Stars, Lake Buena Vista, FL 32830",28.3678717,-81.55089339999999,['Japanese restaurant'],4.8,44,,"[['Tuesday', '4–9PM'], ['Wednesday', '4–9PM'], ['Thursday', '4–9PM'], ['Friday', '4–9PM'], ['Saturday', '4–9PM'], ['Sunday', '4–9PM'], ['Monday', '4–9PM']]"
0x88e77fa954fb96f9:0xca89d530c06fb29d,Mr. Sushi Express II,"Mr. Sushi Express II, 6550 International Dr #106, Orlando, FL 32819",28.4582779,-81.4698492,"['Restaurant', 'Family restaurant', 'Japanese restaurant', 'Stand bar', 'Sushi restaurant']",4.1,158,$,"[['Tuesday', '4–10PM'], ['Wednesday', '4–10PM'], ['Thursday', '4–10PM'], ['Friday', '4–11PM'], ['Saturday', '4–11PM'], ['Sunday', '4–10PM'], ['Monday', '4–10PM']]"
0x88e6d9661a605c6f:0x6313889dd915b228,Teriyaki Madness,"Teriyaki Madness, 1173 W International Speedway Blvd #3, Daytona Beach, FL 32114",29.199655999999997,-81.048003,"['Asian fusion restaurant', 'Gluten-free restaurant', 'Japanese restaurant']",3.7,118,$,"[['Tuesday', '11AM–9PM'], ['Wednesday', '11AM–9PM'], ['Thursday', '11AM–9PM'], ['Friday', '11AM–9PM'], ['Saturday', '11AM–9PM'], ['Sunday', '11AM–9PM'], ['Monday', '11AM–9PM']]"
0x88e771e1d6bec3b5:0x466c53ec946467cb,Boku Sushi & Grill,"Boku Sushi & Grill, 140 Independence Ln, Maitland, FL 32751",28.6269492,-81.36430969999999,"['Sushi restaurant', 'Japanese restaurant']",4.6,118,,"[['Tuesday', '11:30AM–3PM'], ['Wednesday', '11:30AM–3PM'], ['Thursday', '11:30AM–3PM'], ['Friday', '11:30AM–3PM'], ['Saturday', '11:30AM–3PM'], ['Sunday', '12–9:30PM'], ['Monday', '11:30AM–3PM']]"
0x88c2ed7119cdd4e9:0x4f152d257fcf2400,Faceless Samurai,"Faceless Samurai, 3428 Tampa Rd, Palm Harbor, FL 34684",28.066739,-82.72084199999999,"['Sushi restaurant', 'Japanese restaurant', 'Thai restaurant']",4.4,148,$$,"[['Tuesday', '5–9:30PM'], ['Wednesday', '5–9:30PM'], ['Thursday', '5–9:30PM'], ['Friday', '5–9:30PM'], ['Saturday', '5–9:30PM'], ['Sunday', 'Closed'], ['Monday', '5–9:30PM']]"
0x88d9b6840b4ca0f5:0xaa5882990432de8e,Sushi Maki (Brickell),"Sushi Maki (Brickell), 1036 S Miami Ave, Miami, FL 33130",25.763834199999998,-80.1933456,"['Japanese restaurant', 'Asian restaurant', 'Seafood restaurant', 'Southeast Asian restaurant', 'Sushi restaurant']",3.8,68,$$,
0x88df29cdb352dc4f:0x9e0318c46b7e5cf6,"Thai Lotus - TEQUESTA, FL","Thai Lotus - TEQUESTA, FL, 137 North US 1, Tequesta, FL 33469",26.9609745,-80.0837816,"['Thai restaurant', 'Japanese restaurant', 'Sushi restaurant']",4.6,145,$$,"[['Tuesday', '11:30AM–2:30PM'], ['Wednesday', '11:30AM–2:30PM'], ['Thursday', '11:30AM–2:30PM'], ['Friday', '11:30AM–2:30PM'], ['Saturday', '5–9PM'], ['Sunday', '5–9PM'], ['Monday', '11:30AM–2:30PM']]"
0x88c2ce42c8046763:0x88716a43998d3971,Ryuu Japanese Steak House,"Ryuu Japanese Steak House, 773 Brandon Town Center Dr, Brandon, FL 33511",27.931654899999998,-82.3264203,"['Japanese restaurant', 'Asian restaurant', 'Sushi restaurant', 'Teppanyaki restaurant']",3.5,94,$$,"[['Tuesday', '11AM–10PM'], ['Wednesday', '11AM–10PM'], ['Thursday', '11AM–10PM'], ['Friday', '11AM–10PM'], ['Saturday', '12–11PM'], ['Sunday', '12–9PM'], ['Monday', '11AM–10PM']]"
0x88d9100ac4910a63:0x91df5f06ab2d385b,Koto Sushi Hibachi,"Koto Sushi Hibachi, 5791 Coral Ridge Dr, Coral Springs, FL 33076",26.3007583,-80.2781541,"['Japanese restaurant', 'Sushi restaurant']",4.2,284,$$,"[['Tuesday', '4:30–10PM'], ['Wednesday', '4:30–10PM'], ['Thursday', '4:30–10PM'], ['Friday', '11:30AM–3PM'], ['Saturday', '11:30AM–11PM'], ['Sunday', '11:30AM–10PM'], ['Monday', 'Closed']]"
0x88e782f5b6f9c995:0xf36a5dedc82decaa,Cheng's Asian Bistro,"Cheng's Asian Bistro, 10962 W Colonial Dr, Ocoee, FL 34761",28.5501984,-81.5414565,"['Asian restaurant', 'Chinese restaurant', 'Chinese takeaway', 'Japanese restaurant', 'Sushi restaurant']",4.3,166,$$,"[['Tuesday', '11AM–9:30PM'], ['Wednesday', '11AM–9:30PM'], ['Thursday', '11AM–9:30PM'], ['Friday', '11AM–9:30PM'], ['Saturday', '11AM–9:30PM'], ['Sunday', '11AM–9:30PM'], ['Monday', '11AM–9:30PM']]"
0x88e76f25d0ca3793:0x2e7eb7d8393f6919,Yuki Hana,"Yuki Hana, 3635 Aloma Ave #1033, Oviedo, FL 32765",28.6179684,-81.26527949999999,"['Sushi restaurant', 'Asian restaurant', 'Izakaya restaurant', 'Japanese restaurant', 'Noodle shop', 'Ramen restaurant']",4.4,208,$$,"[['Tuesday', '11AM–3PM'], ['Wednesday', '11AM–3PM'], ['Thursday', '11AM–3PM'], ['Friday', '11AM–3PM'], ['Saturday', '5–11PM'], ['Sunday', '4–9PM'], ['Monday', '5–10PM']]"
0x88d9ae6e80a87f47:0xcf5628a1c7093658,Siam Square Sushi Thai,"Siam Square Sushi Thai, 54 NW 167th St, Miami, FL 33169",25.9277397,-80.2013997,"['Asian restaurant', 'Japanese restaurant', 'Southeast Asian restaurant', 'Sushi restaurant', 'Thai restaurant']",4.3,368,$$,"[['Tuesday', '10:30AM–10PM'], ['Wednesday', '10:30AM–10PM'], ['Thursday', '10:30AM–10PM'], ['Friday', '10:30AM–10PM'], ['Saturday', '1:30–10PM'], ['Sunday', '1:30–10PM'], ['Monday', '10:30AM–10PM']]"
0x88e8a3582b1aa8b3:0x8a69e601a17ef3f2,Tea Bestea,"Tea Bestea, 3045 SW 34th St #20, Gainesville, FL 32608",29.625397699999997,-82.3704942,"['Bubble tea store', 'Japanese restaurant', 'Ramen restaurant']",4.5,68,,"[['Tuesday', '11AM–9PM'], ['Wednesday', '11AM–9PM'], ['Thursday', '11AM–9PM'], ['Friday', '11AM–9PM'], ['Saturday', '11AM–9PM'], ['Sunday', '11AM–9PM'], ['Monday', '11AM–9PM']]"
0x88c2d15e97c8437b:0x77b1566d2dcfd3e3,Katana Japanese Express (Riverview),"Katana Japanese Express (Riverview), 10839 Bloomingdale Ave, Riverview, FL 33578",27.892039999999998,-82.32055509999999,"['Sushi restaurant', 'Japanese restaurant']",4.7,94,,"[['Tuesday', '11:30AM–9:30PM'], ['Wednesday', '11:30AM–9:30PM'], ['Thursday', '11:30AM–9:30PM'], ['Friday', '11:30AM–10:30PM'], ['Saturday', '11:30AM–10:30PM'], ['Sunday', '12–9:30PM'], ['Monday', '11:30AM–9:30PM']]"
0x88d9a9ef3f814f55:0x728374dba74c8511,Gakaii,"Gakaii, 4900 S University Dr #100, Davie, FL 33328",26.0602906,-80.2514667,"['Asian restaurant', 'Japanese restaurant', 'Korean restaurant', 'Sushi restaurant']",4.6,188,,"[['Tuesday', '11:30AM–9:30PM'], ['Wednesday', '11:30AM–9:30PM'], ['Thursday', '11:30AM–9:30PM'], ['Friday', '11:30AM–9:30PM'], ['Saturday', '11:30AM–9:30PM'], ['Sunday', '12–9PM'], ['Monday', '11:30AM–9:30PM']]"
0x88e769f15944cb05:0xd44b9d60fbcfc6e4,Takeyama Sushi,"Takeyama Sushi, 1016 Lockwood Blvd #160, Oviedo, FL 32765",28.658016999999997,-81.17992,"['Japanese restaurant', 'Asian restaurant', 'Restaurant', 'Seafood restaurant', 'Sushi restaurant']",4.4,28,$,"[['Tuesday', '5–9PM'], ['Wednesday', '11:30AM–2:30PM'], ['Thursday', '11:30AM–2:30PM'], ['Friday', '11:30AM–2:30PM'], ['Saturday', '5–9:30PM'], ['Sunday', '5–8:30PM'], ['Monday', 'Closed']]"
0x8893860440124d49:0xaf94ea76e2cc95ff,Sake House II,"Sake House II, 1012 Thomas Dr #7444, Panama City Beach, FL 32408",30.1756007,-85.76071669999999,"['Japanese restaurant', 'Restaurant', 'Sushi restaurant']",4.3,178,$$,"[['Tuesday', '11AM–9:30PM'], ['Wednesday', '11AM–9:30PM'], ['Thursday', '11AM–9:30PM'], ['Friday', '11AM–9:30PM'], ['Saturday', '4:30–9:30PM'], ['Sunday', '4:30–9:30PM'], ['Monday', '11AM–9:30PM']]"
0x88c29745a4e67393:0x71e56b72081c5572,E Sushi Odessa,"E Sushi Odessa, 13537 FL-54, Odessa, FL 33556",28.1958472,-82.5916609,"['Japanese restaurant', 'Sushi restaurant']",4.3,55,,"[['Tuesday', '11AM–2:30PM'], ['Wednesday', '11AM–2:30PM'], ['Thursday', '11AM–2:30PM'], ['Friday', '11AM–10:45PM'], ['Saturday', '11AM–10:45PM'], ['Sunday', '12–9:45PM'], ['Monday', 'Closed']]"
0x88e7a2c5013c2951:0x6cfeb1dd44c86108,New Wasabi Buffet,"New Wasabi Buffet, 16700 US-441, Mt Dora, FL 32757",28.819899399999997,-81.67709459999999,"['Chinese restaurant', 'Japanese restaurant', 'Restaurant', 'Sushi restaurant']",3.3,15,,"[['Tuesday', '11AM–10PM'], ['Wednesday', '11AM–10PM'], ['Thursday', '11AM–10PM'], ['Friday', '11AM–10PM'], ['Saturday', '11AM–10PM'], ['Sunday', '12–11PM'], ['Monday', '11AM–10PM']]"
0x88e44b25989084ff:0x4b0390f7ba042e28,Fancy sushi,"Florida, Jacksonville, Atlantic Blvd, Fancy sushi邮政编码: 32225",30.3211779,-81.4931043,"['Sushi restaurant', 'Authentic Japanese restaurant', 'Japanese restaurant', 'Japanese steakhouse', 'Takeout Restaurant', 'Poke bar', 'Ramen restaurant', 'Restaurant']",4.6,126,,"[['Tuesday', '11AM–10PM'], ['Wednesday', '11AM–10PM'], ['Thursday', '11AM–10PM'], ['Friday', '11AM–11PM'], ['Saturday', '11AM–11PM'], ['Sunday', '12–10PM'], ['Monday', '11AM–10PM']]"
0x88dedd0c38a6034d:0x52dd8c2e69b374b,Kazu Japanese Restaurant,"Kazu Japanese Restaurant, 2137 SE Federal Hwy, Stuart, FL 34994",27.178647299999998,-80.2354067,"['Japanese restaurant', 'Restaurant']",4.5,138,$$,"[['Tuesday', '11:30AM–2PM'], ['Wednesday', '11:30AM–2PM'], ['Thursday', '11:30AM–2PM'], ['Friday', '11:30AM–2PM'], ['Saturday', '5–9PM'], ['Sunday', 'Closed'], ['Monday', 'Closed']]"
0x88dedd08f5ae3119:0x94e5cb337fba7dc0,ICHIMARU Thai ◎ Sushi ◎Ramen Restaurant,"ICHIMARU Thai ◎ Sushi ◎Ramen Restaurant, 2434 SE Federal Hwy, Stuart, FL 34994",27.1748767,-80.23506309999999,"['Thai restaurant', 'Japanese restaurant', 'Delivery Restaurant', 'Ramen restaurant', 'Sushi restaurant']",4.4,158,$$,"[['Tuesday', '11AM–2:30PM'], ['Wednesday', '11AM–2:30PM'], ['Thursday', '11AM–2:30PM'], ['Friday', '11AM–2:30PM'], ['Saturday', '1–10PM'], ['Sunday', '4–9PM'], ['Monday', '11AM–2:30PM']]"
0x88dee701116ffc05:0x92befd1c87928d7f,Kaishin Sushi Izakaya,"Kaishin Sushi Izakaya, 3750 NE Indian River Dr b105, Jensen Beach, FL 34957",27.25037,-80.228061,"['Sushi restaurant', 'Japanese restaurant', 'Seafood restaurant', 'Tapas restaurant']",4.4,138,$$,"[['Tuesday', '5–9PM'], ['Wednesday', '5–9PM'], ['Thursday', '5–9PM'], ['Friday', '5–9PM'], ['Saturday', '5–9PM'], ['Sunday', '5–9PM'], ['Monday', '5–9PM']]"
0x88db307d36d4accb:0x5f83174ae06f5489,Shima Japanese Steakhouse & Sushi Bar,"Shima Japanese Steakhouse & Sushi Bar, 6521, 1451 Middle Gulf Dr Suite #1, Sanibel, FL 33957",26.4317285,-82.05183149999999,"['Japanese steakhouse', 'Japanese restaurant', 'Sushi restaurant']",4.4,138,,"[['Tuesday', '5–10PM'], ['Wednesday', '5–10PM'], ['Thursday', '5–10PM'], ['Friday', '5–10PM'], ['Saturday', '5–10PM'], ['Sunday', 'Closed'], ['Monday', 'Closed']]"
0x88e77ab17945b53d:0xa44b96df9b492a16,Kadence,"Kadence, 1809 Winter Park Rd, Orlando, FL 32803",28.568412,-81.345923,"['Sushi restaurant', 'Japanese restaurant']",4.9,288,$$$$,"[['Monday', 'Closed'], ['Tuesday', 'Closed'], ['Wednesday', '4–8PM'], ['Thursday', '4–8PM'], ['Friday', '4–8PM'], ['Saturday', '4–9PM'], ['Sunday', 'Closed']]"
0x88d9c0e4d56d35c5:0xf199396bda232d70,Bangkok Bangkok,"Bangkok Bangkok, 12584 N Kendall Dr, Miami, FL 33186",25.6842321,-80.3989319,"['Asian restaurant', 'Japanese curry restaurant', 'Japanese restaurant', 'Ramen restaurant', 'Restaurant', 'Southeast Asian restaurant', 'Sushi restaurant', 'Thai restaurant']",4.2,178,$$,"[['Monday', '11:30AM–10:30PM'], ['Tuesday', '11:30AM–10:30PM'], ['Wednesday', '11:30AM–10:30PM'], ['Thursday', '11:30AM–10:30PM'], ['Friday', '11:30AM–10:30PM'], ['Saturday', '11:30AM–10:30PM'], ['Sunday', '11:30AM–9PM']]"
0x88d9b7c56534c233:0xa63246cf850ebbf2,Akashi Japanese Restaurant,"Akashi Japanese Restaurant, 3444 Main Hwy, Miami, FL 33133",25.727297399999998,-80.2433119,"['Japanese restaurant', 'Restaurant', 'Sushi restaurant']",3.8,66,,"[['Monday', '11:30AM–11PM'], ['Tuesday', '11:30AM–11PM'], ['Wednesday', '11:30AM–11PM'], ['Thursday', '11:30AM–11PM'], ['Friday', '11:30AM–12AM'], ['Saturday', '12PM–12AM'], ['Sunday', '1–11PM']]"
0x88e77acf1944745b:0x7f7bf5bbc70bbfcc,Teriyaki Madness,"Teriyaki Madness, 2714 E Colonial Dr #200, Orlando, FL 32803",28.5523597,-81.3487011,"['Asian fusion restaurant', 'Japanese restaurant']",4.1,38,,
0x88e5b48ccbc9350b:0xc66284e5c76538b0,Tokyo Sakura,"Tokyo Sakura, 9501 Arlington Expy, Jacksonville, FL 32225",30.3240321,-81.55053869999999,['Japanese restaurant'],4.3,28,,
0x88e763e7d826adf5:0x6f0e43ae1f9d0823,Mito sushi and Grill,"Mito sushi and Grill, 9430 Narcoossee Rd, Orlando, FL 32827",28.4298455,-81.2572167,['Japanese restaurant'],4.1,28,,"[['Monday', '12–9PM'], ['Tuesday', '12–9PM'], ['Wednesday', '12–9PM'], ['Thursday', '12–9PM'], ['Friday', '12–10PM'], ['Saturday', '12–10PM'], ['Sunday', '12–9PM']]"
0x88ded5162ff09f13:0x1435121f2fc2034a,Akiyo Hibachi Japanese Restaurant,"Akiyo Hibachi Japanese Restaurant, 5430 Military Trail STE 70, Jupiter, FL 33458",26.884389799999997,-80.1052366,['Japanese restaurant'],5.0,18,,"[['Monday', '11:30AM–9:30PM'], ['Tuesday', '11:30AM–9:30PM'], ['Wednesday', '11:30AM–9:30PM'], ['Thursday', '11:30AM–9:30PM'], ['Friday', '11:30AM–10PM'], ['Saturday', '11:30AM–10PM'], ['Sunday', 'Closed']]"
0x88e5cd30a8642417:0x33d07cb096a87570,Fancy Sushi & Grill,"Fancy Sushi & Grill, 155 Bartram Market Dr Suite 145, St Johns, FL 32259",30.1019445,-81.5231356,['Japanese restaurant'],4.6,18,,"[['Monday', '11AM–10PM'], ['Tuesday', '11AM–10PM'], ['Wednesday', '11AM–10PM'], ['Thursday', '11AM–10PM'], ['Friday', '11AM–11PM'], ['Saturday', '11AM–11PM'], ['Sunday', '12–10PM']]"
0x88d9abaaeb005e1b:0xfd2ed7e886c439ca,Sushi Addicts,"Sushi Addicts, 2909 Stirling Rd, Fort Lauderdale, FL 33312",26.0483129,-80.180843,"['Restaurant', 'Japanese restaurant', 'Poke bar', 'Sushi restaurant']",4.6,68,$$,"[['Monday', '11:15AM–8:45PM'], ['Tuesday', '11:15AM–9:45PM'], ['Wednesday', '11:15AM–9:45PM'], ['Thursday', '11:15AM–9:45PM'], ['Friday', '11:15AM–2:15PM'], ['Saturday', '8:15AM–11:45PM'], ['Sunday', '12:15–9:45PM']]"
0x88d9b153d5c59eab:0xb3d8997fbd86e20b,Gaijin Izakaya by Cake,"Gaijin Izakaya by Cake, 3500 N Miami Ave, Miami, FL 33127",25.8097991,-80.1955826,['Japanese restaurant'],4.2,58,$$,"[['Monday', '12–3PM'], ['Tuesday', '12–3PM'], ['Wednesday', '12–3PM'], ['Thursday', '12–3PM'], ['Friday', '12–3PM'], ['Saturday', '12–3PM'], ['Sunday', '12–3PM']]"
0x889120b4f3af5701:0x2ed3bbd80dc6683f,Hachi Japanese Grill Express,"Hachi Japanese Grill Express, 1817 Alpine Ave, Navarre, FL 32566",30.4012247,-86.8857963,['Japanese restaurant'],4.5,98,$$,"[['Monday', '11AM–2PM'], ['Tuesday', '11AM–2PM'], ['Wednesday', '11AM–2PM'], ['Thursday', '11AM–2PM'], ['Friday', '11AM–2PM'], ['Saturday', 'Closed'], ['Sunday', 'Closed']]"
0x88e77ef92acaa3d7:0xfada40c84eb206b5,J Food Mart,"J Food Mart, 7452 Universal Blvd, Orlando, FL 32819",28.454832399999997,-81.4663417,['Japanese grocery store'],3.3,28,,"[['Monday', '11:45AM–7PM'], ['Tuesday', '11:45AM–7PM'], ['Wednesday', '11:45AM–7PM'], ['Thursday', '11:45AM–7PM'], ['Friday', '11:45AM–7PM'], ['Saturday', '11:45AM–7PM'], ['Sunday', 'Closed']]"
0x88e8beb8f2c1e37d:0x71f51db8dbbef780,Fuji Sushi,"Fuji Sushi, 14218 W Newberry Rd, Newberry, FL 32669",29.655312,-82.495282,"['Sushi restaurant', 'Asian restaurant', 'Japanese restaurant']",4.6,256,$$,"[['Monday', 'Closed'], ['Tuesday', '11:30AM–2:30PM'], ['Wednesday', '11:30AM–2:30PM'], ['Thursday', '11:30AM–2:30PM'], ['Friday', '11:30AM–2:30PM'], ['Saturday', '12–9PM'], ['Sunday', '12–9PM']]"
0x88c3394cca8b5fd5:0x70a70c85eab534da,Yaki-Sushi·Grill·BBQ,"Yaki-Sushi·Grill·BBQ, 5231 University Pkwy #113, Bradenton, FL 34201",27.388868,-82.4660073,['Japanese restaurant'],4.7,313,$$,"[['Monday', '11AM–10:30PM'], ['Tuesday', '11AM–10:30PM'], ['Wednesday', '11AM–10:30PM'], ['Thursday', '11AM–10:30PM'], ['Friday', '11AM–10:30PM'], ['Saturday', '11AM–10:30PM'], ['Sunday', '11AM–10:30PM']]"
0x88c2edff1a3cec5d:0x21645d260342cd8a,Sarku Japan,"Sarku Japan, 27001 US Hwy 19 N Space 2087, Clearwater, FL 33761",28.0177661,-82.7326385,"['Japanese restaurant', 'Fast food restaurant', 'Restaurant', 'Sushi restaurant', 'Teppanyaki restaurant']",4.2,118,$,"[['Monday', '11AM–7PM'], ['Tuesday', '11AM–7PM'], ['Wednesday', '11AM–7PM'], ['Thursday', '11AM–7PM'], ['Friday', '10AM–8PM'], ['Saturday', '10AM–8PM'], ['Sunday', '12–6PM']]"
0x88e77e4adfbaaaab:0x67de2361c624df0a,RA Sushi Bar Restaurant,"RA Sushi Bar Restaurant, 9101 International Dr Suite 1008, Orlando, FL 32819",28.4315772,-81.46981219999999,"['Sushi restaurant', 'Asian fusion restaurant', 'Asian restaurant', 'Bar', 'Japanese restaurant', 'Restaurant']",4.0,93,,"[['Monday', '11AM–12AM'], ['Tuesday', '11AM–12AM'], ['Wednesday', '11AM–12AM'], ['Thursday', '11AM–12AM'], ['Friday', '11AM–1AM'], ['Saturday', '11AM–1AM'], ['Sunday', '11AM–12AM']]"
0x8890c013569d7a59:0x9d63f535dadebc48,Nippon Express,"Nippon Express, 5480 N 9th Ave, Pensacola, FL 32503",30.4748938,-87.207335,['Japanese restaurant'],4.7,38,,
0x88e77ee38deeac5b:0x798cc76e0da8648b,Emeril's Tchoup Chop,"Emeril's Tchoup Chop, 6300 Hollywood Way, Orlando, FL 32819",28.4677561,-81.46797699999999,"['Asian fusion restaurant', 'Asian restaurant', 'Bar', 'Japanese restaurant', 'Polynesian restaurant', 'Restaurant', 'Seafood restaurant', 'Sushi restaurant']",3.8,95,$$$,
0x88e77eff2aa82d3d:0x5ee3451b999dfb3a,Japan Food Aki Restaurant,"Japan Food Aki Restaurant, 7460 Universal Blvd, Orlando, FL 32819",28.454701,-81.46638,"['Japanese restaurant', 'Restaurant']",4.5,258,$$,"[['Monday', '11:45AM–2:10PM'], ['Tuesday', '11:45AM–2:10PM'], ['Wednesday', '11:45AM–2:10PM'], ['Thursday', '11:45AM–2:10PM'], ['Friday', '11:45AM–2:10PM'], ['Saturday', '12–2:10PM'], ['Sunday', 'Closed']]"
0x88d91f52d6c237bd:0xe629c29ecae2aa95,Shiitake Asian Bistro,"Shiitake Asian Bistro, 4900 Linton Blvd #14, Delray Beach, FL 33445",26.4375191,-80.12061279999999,"['Sushi restaurant', 'Asian fusion restaurant', 'Asian restaurant', 'Japanese restaurant', 'Lunch restaurant', 'Delivery Restaurant', 'Takeout Restaurant', 'Thai restaurant']",4.8,144,,"[['Sunday', '4–9PM'], ['Monday', '4–9PM'], ['Tuesday', '4–9PM'], ['Wednesday', '4–9PM'], ['Thursday', '4–9PM'], ['Friday', '4–9:30PM'], ['Saturday', '4–9:30PM']]"
0x88c2e3b827c9ab81:0xfe536ea79d055279,Mr Sushi,"Mr Sushi, 1310 34th St N, St. Petersburg, FL 33713",27.7850923,-82.6800803,['Japanese restaurant'],4.2,133,$$,"[['Sunday', '11:30AM–3PM'], ['Monday', '10:30AM–3PM'], ['Tuesday', '10:30AM–3PM'], ['Wednesday', '10:30AM–3PM'], ['Thursday', '10:30AM–3PM'], ['Friday', '10:30AM–3PM'], ['Saturday', '10:30AM–3PM']]"
0x88dee87fb5fbe39f:0x5a4f394287811db9,Osaka Jensen Beach,"Osaka Jensen Beach, 4179 NW Federal Hwy, Jensen Beach, FL 34957",27.2566667,-80.2780556,"['Japanese restaurant', 'Japanese steakhouse']",4.0,154,$$,"[['Sunday', '1–9:30PM'], ['Monday', '11:30AM–2:30PM'], ['Tuesday', '11:30AM–2:30PM'], ['Wednesday', '11:30AM–2:30PM'], ['Thursday', '11:30AM–2:30PM'], ['Friday', '11:30AM–2:30PM'], ['Saturday', '11:30AM–2:30PM']]"
0x889169aa9989d753:0x79036b48cc6f4e6a,ASIAN ICHIBAN,"ASIAN ICHIBAN, 1548 E John Sims Pkwy, Niceville, FL 32578",30.5142495,-86.44848119999999,"['Restaurant', 'Asian fusion restaurant', 'Japanese restaurant', 'Sushi restaurant']",4.5,136,,"[['Sunday', '12–9PM'], ['Monday', 'Closed'], ['Tuesday', '11AM–9PM'], ['Wednesday', '11AM–9PM'], ['Thursday', '11AM–9PM'], ['Friday', '11AM–9:30PM'], ['Saturday', '11AM–9:30PM']]"
0x88c2bbd3f9b98a07:0xba90a35c45f68403,Ginza,"Ginza, 2215 Collier Pkwy, Land O' Lakes, FL 34639",28.188811299999998,-82.4378912,['Japanese restaurant'],4.0,187,$$,"[['Sunday', '4:30–9:30PM'], ['Monday', '11:45AM–9:30PM'], ['Tuesday', '11:30AM–9:30PM'], ['Wednesday', '11:30AM–9:30PM'], ['Thursday', '11:30AM–9:30PM'], ['Friday', '11:30AM–10:30PM'], ['Saturday', '12:30–10:30PM']]"
0x88c2e5978a54b047:0x48c49a45c77a370b,Sam's Sushi,"Sam's Sushi, 7210 US Hwy 19 N, Pinellas Park, FL 33781",27.8364083,-82.6861413,"['Sushi restaurant', 'Asian fusion restaurant', 'Asian restaurant', 'Catering food and drink supplier', 'Caterer', 'Japanese restaurant', 'Pho restaurant']",4.6,68,,"[['Sunday', '12–10PM'], ['Monday', '11:30AM–10PM'], ['Tuesday', '11:30AM–10PM'], ['Wednesday', '11:30AM–10PM'], ['Thursday', '11:30AM–10PM'], ['Friday', '11:30AM–11PM'], ['Saturday', '12–11PM']]"
0x88c34394df4af107:0xb6f811c93dc3e4e9,Saga Japanese SteakHouse,"Saga Japanese SteakHouse, 8383 S Tamiami Trail, Sarasota, FL 34238",27.230393099999997,-82.493613,['Japanese restaurant'],3.9,58,$$,"[['Sunday', '4:30–9PM'], ['Monday', 'Closed'], ['Tuesday', '4:30–9PM'], ['Wednesday', '4:30–9PM'], ['Thursday', '4:30–9PM'], ['Friday', '4:30–9PM'], ['Saturday', '4:30–9PM']]"
0x88d8e21cd1a0bbab:0x630d573045ecf112,SUSHIGO,"33432 Florida, Boca Raton, N Federal Hwy, SUSHIGO",26.3543566,-80.0868267,"['Sushi restaurant', 'Asian fusion restaurant', 'Asian restaurant', 'Japanese restaurant', 'Korean restaurant']",4.2,178,,"[['Sunday', '4:30–8:30PM'], ['Monday', 'Closed'], ['Tuesday', '5–9PM'], ['Wednesday', '11:30AM–2:30PM'], ['Thursday', '11:30AM–2:30PM'], ['Friday', '11:30AM–2:30PM'], ['Saturday', '4:30–10PM']]"
0x88e4285df49e693f:0xba0ce61506bc389b,WASABI,"WASABI, 965 FL-16, St. Augustine, FL 32084",29.914832999999998,-81.3630237,['Japanese restaurant'],4.3,145,$$,"[['Sunday', '12–9PM'], ['Monday', 'Closed'], ['Tuesday', '11AM–9PM'], ['Wednesday', '11AM–9PM'], ['Thursday', '11AM–9PM'], ['Friday', '11AM–9PM'], ['Saturday', '11AM–9PM']]"
0x88e76f61bd1d3b37:0xf4655816db81d0c7,Kabuto Sushi & Grill,"Kabuto Sushi & Grill, 5661 Red Bug Lake Rd, Winter Springs, FL 32708",28.646100699999998,-81.2695964,"['Authentic Japanese restaurant', 'Japanese restaurant', 'Sushi restaurant']",4.7,78,,"[['Sunday', '4:30–10PM'], ['Monday', '11:30AM–3PM'], ['Tuesday', '11:30AM–3PM'], ['Wednesday', '11:30AM–3PM'], ['Thursday', '11:30AM–3PM'], ['Friday', '11:30AM–3PM'], ['Saturday', '11:30AM–3PM']]"
0x88d9a8c3fb1a1cb1:0x9c5f1d29e03eea59,U-Sushi Japanese & Thai,"U-Sushi Japanese & Thai, 610 N University Dr, Pembroke Pines, FL 33024",26.014393,-80.25140139999999,"['Sushi restaurant', 'Asian restaurant', 'Japanese restaurant']",4.4,294,$$,"[['Sunday', '12–10PM'], ['Monday', '11AM–10PM'], ['Tuesday', '11AM–10PM'], ['Wednesday', '11AM–10PM'], ['Thursday', '11AM–10PM'], ['Friday', '11AM–10:30PM'], ['Saturday', '12–10:30PM']]"
0x88e449065eda685d:0xb2a7b9b08a17a042,Ichiban Japanese Steakhouse & Sushi Bar,"Ichiban Japanese Steakhouse & Sushi Bar, 675 3rd St N, Jacksonville Beach, FL 32250",30.294497,-81.39237899999999,"['Japanese restaurant', 'Restaurant', 'Sushi restaurant']",3.5,8,$$,"[['Sunday', '11AM–10PM'], ['Monday', '11AM–10PM'], ['Tuesday', '11AM–10PM'], ['Wednesday', '11AM–10PM'], ['Thursday', '11AM–10PM'], ['Friday', '11AM–10:30PM'], ['Saturday', '11AM–10:30PM']]"
0x88e77afe3b8a6059:0x1a2b7bcc8f298526,Kaizen Izakaya,"Kaizen Izakaya, 54 W Church St, Orlando, FL 32801",28.539899,-81.3800145,"['Japanese restaurant', 'Sushi restaurant']",4.2,238,$$,"[['Sunday', '5–10PM'], ['Monday', '11AM–2:30PM'], ['Tuesday', '11AM–2:30PM'], ['Wednesday', '11AM–2:30PM'], ['Thursday', '11AM–2:30PM'], ['Friday', '11AM–2:30PM'], ['Saturday', '5–11PM']]"
0x88d903b3f3f9fc5b:0x35b65e4f06a70928,SUSHI 4 FUN,"SUSHI 4 FUN, 6322 N Andrews Ave, Fort Lauderdale, FL 33309",26.204950999999998,-80.14737199999999,"['Sushi restaurant', 'Fast food restaurant', 'Japanese restaurant', 'Self service restaurant']",4.6,174,,"[['Sunday', '11AM–10PM'], ['Monday', '11AM–10PM'], ['Tuesday', '11AM–10PM'], ['Wednesday', '11AM–10PM'], ['Thursday', '11AM–10PM'], ['Friday', '11AM–10PM'], ['Saturday', '11AM–10PM']]"
0x88d91c39ec01afab:0x77f1266a7fb1e73,Asia Restaurant,"Asia Restaurant, 7600 W Camino Real #101, Boca Raton, FL 33433",26.344093899999997,-80.155169,"['Kosher restaurant', 'Asian restaurant', 'Chinese restaurant', 'Japanese restaurant', 'Sushi restaurant']",3.9,193,$$,"[['Sunday', '12–9:15PM'], ['Monday', '11:30AM–9:15PM'], ['Tuesday', '11:30AM–9:15PM'], ['Wednesday', '11:30AM–9:15PM'], ['Thursday', '11:30AM–9:15PM'], ['Friday', '11:30AM–9:15PM'], ['Saturday', '11:30AM–9:15PM']]"
0x88d9ac9d6f905231:0x682141e0f72885a3,Siam Oishi,"Siam Oishi, 1719 E Hallandale Beach Blvd, Hallandale Beach, FL 33009",25.9870669,-80.1307211,"['Thai restaurant', 'Asian restaurant', 'Japanese restaurant', 'Southeast Asian restaurant', 'Sushi restaurant']",3.3,46,$$,"[['Sunday', '12:30–11PM'], ['Monday', '11:30AM–11PM'], ['Tuesday', '11:30AM–11PM'], ['Wednesday', '11:30AM–11PM'], ['Thursday', '11:30AM–11PM'], ['Friday', '11:30AM–11PM'], ['Saturday', '12:30–11PM']]"
0x88deea24ad7f482f:0x63594f09adf8e07c,Kaede Hibachi Japanese Restaurant,"Kaede Hibachi Japanese Restaurant, 3235 SW Port St Lucie Blvd UNIT 101, Port St. Lucie, FL 34953",27.247927999999998,-80.374397,['Japanese restaurant'],3.6,135,,"[['Sunday', '11:30AM–3PM'], ['Monday', '11:30AM–3PM'], ['Tuesday', '11:30AM–3PM'], ['Wednesday', '11:30AM–3PM'], ['Thursday', '11:30AM–3PM'], ['Friday', '11:30AM–3PM'], ['Saturday', '11:30AM–3PM']]"
0x88e77184adc4de7d:0xdad1246a6abe3580,Sarku Japan,"Sarku Japan, 451 East Altamonte Drive Space #FS04, Altamonte Springs, FL 32701",28.666612299999997,-81.3774043,"['Japanese restaurant', 'Fast food restaurant', 'Restaurant', 'Sushi restaurant', 'Teppanyaki restaurant']",4.2,88,$,"[['Sunday', '12–6PM'], ['Monday', '11AM–7PM'], ['Tuesday', '11AM–7PM'], ['Wednesday', '11AM–7PM'], ['Thursday', '11AM–7PM'], ['Friday', '11AM–8PM'], ['Saturday', '11AM–8PM']]"
0x88c2d1a108cd5fbf:0x66851837a7bb1f9,Zpan Hibachi Grill,"Zpan Hibachi Grill, 9850 US-301, Riverview, FL 33578",27.8557468,-82.32548349999999,"['Japanese restaurant', 'Sushi restaurant']",3.3,38,,"[['Sunday', '12–5:30PM'], ['Monday', '11AM–7PM'], ['Tuesday', '11AM–7PM'], ['Wednesday', '11AM–7PM'], ['Thursday', '11AM–7PM'], ['Friday', '11AM–9PM'], ['Saturday', '11AM–9PM']]"
0x88c2a03a862ed4ab:0x3cf3a2304b642016,Sakura Asian Cuisine & Sushi,"Sakura Asian Cuisine & Sushi, 128 Mariner Blvd, Spring Hill, FL 34609",28.434684999999998,-82.546618,['Japanese restaurant'],4.2,275,$$,"[['Saturday', '11AM–10:30PM'], ['Sunday', '12–10:30PM'], ['Monday', '11AM–10PM'], ['Tuesday', '11AM–10PM'], ['Wednesday', '11AM–10PM'], ['Thursday', '11AM–10PM'], ['Friday', '11AM–10:30PM']]"
0x88de0fa1e319b069:0x135c9bd002d0dbf9,Thai Koji & Sushi Bar,"Thai Koji & Sushi Bar, 2330 N Wickham Rd, Melbourne, FL 32935",28.144447999999997,-80.672325,"['Thai restaurant', 'Japanese restaurant']",4.7,168,$$,"[['Saturday', '11AM–2:30PM'], ['Sunday', '4:30–9PM'], ['Monday', '11AM–2:30PM'], ['Tuesday', '11AM–2:30PM'], ['Wednesday', '11AM–2:30PM'], ['Thursday', '11AM–2:30PM'], ['Friday', '11AM–2:30PM']]"
0x88d903baac749d73:0xe02c4eb65fbe873,KAIZEN Sushi Bar & Grill,"KAIZEN Sushi Bar & Grill, 5640 N Federal Hwy, Fort Lauderdale, FL 33308",26.197788799999998,-80.11045659999999,"['Sushi restaurant', 'Asian fusion restaurant', 'Japanese restaurant', 'Japanese steakhouse', 'Seafood restaurant', 'Sushi takeaway']",4.8,196,,"[['Saturday', '11:30AM–10PM'], ['Sunday', '11:30AM–10PM'], ['Monday', '4–10PM'], ['Tuesday', '4–10PM'], ['Wednesday', '4–10PM'], ['Thursday', '4–10PM'], ['Friday', '4–10PM']]"
0x88d903590f0be5e3:0x232e948ca64b4e0a,Saito's Japanese Steakhouse,"Saito's Japanese Steakhouse, 2101 N Federal Hwy, Pompano Beach, FL 33062",26.257115799999998,-80.1013029,['Japanese steakhouse'],4.0,84,,"[['Saturday', '12–11PM'], ['Sunday', '12–10PM'], ['Monday', '11:30AM–10PM'], ['Tuesday', '11:30AM–10PM'], ['Wednesday', '11:30AM–10PM'], ['Thursday', '11:30AM–10PM'], ['Friday', '11:30AM–11PM']]"
0x88c2ce42c8107ecd:0x2048af303bfd6fe9,Sarku Japan,"Sarku Japan, 459 Brandon Town Center Dr Space #FC3, Brandon, FL 33511",27.932502699999997,-82.3248933,"['Japanese restaurant', 'Asian restaurant', 'Fast food restaurant', 'Restaurant', 'Sushi restaurant', 'Teppanyaki restaurant']",3.9,98,$,"[['Saturday', '10AM–9PM'], ['Sunday', '11AM–6PM'], ['Monday', '11AM–8PM'], ['Tuesday', '11AM–8PM'], ['Wednesday', '11AM–8PM'], ['Thursday', '11AM–8PM'], ['Friday', '10AM–9PM']]"
0x88db46965937fa67:0x77ff8b2e7a8aa1a1,Umi Sushi House,"Umi Sushi House, 106 Hancock Bridge Pkwy, Cape Coral, FL 33991",26.6487651,-81.9775963,['Japanese restaurant'],4.4,196,$$,"[['Saturday', '11AM–10PM'], ['Sunday', '12–9PM'], ['Monday', '11AM–9PM'], ['Tuesday', '11AM–9PM'], ['Wednesday', '11AM–9PM'], ['Thursday', '11AM–9PM'], ['Friday', '11AM–10PM']]"
0x88909507d9299ff3:0xf15a0ab9a9e9ff6,Tokyo Japanese Steak House & Sushi Bar,"Tokyo Japanese Steak House & Sushi Bar, 312 E 9 Mile Rd #4, Pensacola, FL 32514",30.5340793,-87.26181059999999,['Japanese restaurant'],4.3,668,$$,"[['Saturday', '5–10PM'], ['Sunday', '4:30–9PM'], ['Monday', '11AM–2PM'], ['Tuesday', '11AM–2PM'], ['Wednesday', '11AM–2PM'], ['Thursday', '11AM–2PM'], ['Friday', '11AM–2PM']]"
0x88dee8ed618ae167:0x1f5241b45e3153a4,Taiyo Sushi & Thai,"Taiyo Sushi & Thai, 1662 SE Port St Lucie Blvd, Port St. Lucie, FL 34952",27.2707773,-80.3007224,"['Thai restaurant', 'Asian restaurant', 'Japanese restaurant', 'Southeast Asian restaurant', 'Sushi restaurant']",4.3,295,$$,"[['Saturday', '1–9PM'], ['Sunday', '1–9PM'], ['Monday', '11:30AM–3PM'], ['Tuesday', '11:30AM–3PM'], ['Wednesday', '11:30AM–3PM'], ['Thursday', '11:30AM–3PM'], ['Friday', '11:30AM–3PM']]"
0x88d907b884089ec3:0xac5743a5f111de71,Sarku Japan,"Sarku Japan, 8000 W Broward Blvd Space # FC09, Plantation, FL 33388",26.1170473,-80.2550121,"['Japanese restaurant', 'Asian restaurant', 'Fast food restaurant', 'Restaurant', 'Sushi restaurant', 'Teppanyaki restaurant']",4.6,55,$,"[['Saturday', '10AM–8PM'], ['Sunday', '11AM–6PM'], ['Monday', '10AM–8PM'], ['Tuesday', '10AM–8PM'], ['Wednesday', '10AM–8PM'], ['Thursday', '10AM–8PM'], ['Friday', '10AM–8PM']]"
0x88d9a0aa2fd2f6af:0x873fac53f8915df1,Miyoko Sushi,"Miyoko Sushi, 1952 Weston Rd, Weston, FL 33326",26.093953,-80.3693914,"['Japanese restaurant', 'Restaurant', 'Sushi restaurant', 'Thai restaurant']",4.4,206,$$,"[['Saturday', '12–10PM'], ['Sunday', '12–10PM'], ['Monday', '11:30AM–10PM'], ['Tuesday', '11:30AM–10PM'], ['Wednesday', '11:30AM–10PM'], ['Thursday', '11:30AM–10PM'], ['Friday', '11:30AM–10PM']]"
0x88d920211a78a645:0x860c4deb4b47f0a,Furin sushi and thai,"Furin sushi and thai, 4801 Linton Blvd suite 2B, Delray Beach, FL 33445",26.440540499999997,-80.12049309999999,"['Japanese restaurant', 'Sushi restaurant', 'Thai restaurant']",4.4,218,$$,"[['Saturday', '5–9:30PM'], ['Sunday', '5–9:30PM'], ['Monday', '11:30AM–3PM'], ['Tuesday', '11:30AM–3PM'], ['Wednesday', '11:30AM–3PM'], ['Thursday', '11:30AM–3PM'], ['Friday', '11:30AM–3PM']]"
0x88c2e331ec220769:0x2d17fd4170b72424,O.E.C JAPANESE EXPRESS,"O.E.C JAPANESE EXPRESS, 2438 66th St N, St. Petersburg, FL 33710",27.7943183,-82.72928499999999,"['Japanese restaurant', 'Asian restaurant', 'Sushi restaurant', 'Teppanyaki restaurant']",4.4,355,$,"[['Saturday', '10:30AM–10:30PM'], ['Sunday', '10:30AM–9:30PM'], ['Monday', '10:30AM–9:30PM'], ['Tuesday', '10:30AM–9:30PM'], ['Wednesday', '10:30AM–9:30PM'], ['Thursday', '10:30AM–9:30PM'], ['Friday', '10:30AM–10:30PM']]"
0x88c2f3b2710e0c1f:0x78978b87992e42e2,1 Barandgrill,"1 Barandgrill, 2632 Bayshore Blvd, Dunedin, FL 34698",28.0508235,-82.7814574,"['Authentic Japanese restaurant', 'Restaurant']",2.9,17,,"[['Saturday', '11AM–1:30AM'], ['Sunday', '11AM–9PM'], ['Monday', '11AM–11PM'], ['Tuesday', '11AM–11PM'], ['Wednesday', '11AM–11PM'], ['Thursday', '11AM–11PM'], ['Friday', '11AM–1:30AM']]"
0x88c2c7d153b0928f:0x387efec34b668c80,Pacific Fiesta Mart,"Pacific Fiesta Mart, 10944 N 56th St, Temple Terrace, FL 33617",28.048387899999998,-82.3942253,"['Asian grocery store', 'Gourmet grocery store', 'Grocery delivery service', 'Grocery store', 'Japanese grocery store', 'Oriental goods store', 'Pastry shop']",4.0,35,,"[['Saturday', 'Closed'], ['Sunday', '12–1AM'], ['Monday', 'Closed'], ['Tuesday', 'Closed'], ['Wednesday', 'Closed'], ['Thursday', 'Closed'], ['Friday', 'Closed']]"
0x88dd7ea1830304d5:0x721353e28b411c4f,Oishi Japanese Cuisine,"Oishi Japanese Cuisine, 7818 W Irlo Bronson Memorial Hwy, Kissimmee, FL 34747",28.339756599999998,-81.6006496,"['Sushi restaurant', 'Japanese restaurant', 'Restaurant']",3.9,185,$$,"[['Saturday', '5PM–1AM'], ['Sunday', '6PM–12AM'], ['Monday', '5PM–1AM'], ['Tuesday', '5PM–1AM'], ['Wednesday', '5PM–1AM'], ['Thursday', '5PM–1AM'], ['Friday', '5PM–1AM']]"
0x88d92ec4e3543837:0xc1820acfcba6c9dd,Sushi King,"Sushi King, 1241 FL-7 #1, Royal Palm Beach, FL 33411",26.7070544,-80.2016896,"['Asian restaurant', 'Japanese restaurant', 'Sushi restaurant']",4.5,246,$$,"[['Saturday', '12–10PM'], ['Sunday', '12–9PM'], ['Monday', '12–9PM'], ['Tuesday', '11AM–9PM'], ['Wednesday', '11AM–9PM'], ['Thursday', '11AM–9PM'], ['Friday', '11AM–10PM']]"
0x88e76f97dff73f57:0x61024fa70c0d5846,SUMO JAPANESE STEAK HOUSE,"SUMO JAPANESE STEAK HOUSE, 3096 Aloma Ave, Winter Park, FL 32792",28.603888899999998,-81.3083333,['Japanese steakhouse'],4.2,38,,"[['Saturday', '11AM–3PM'], ['Sunday', '11AM–3PM'], ['Monday', '11AM–3PM'], ['Tuesday', '11AM–3PM'], ['Wednesday', '11AM–3PM'], ['Thursday', '11AM–3PM'], ['Friday', '11AM–3PM']]"
0x88de0e0c25be69bf:0x83fcfad5bf0b3429,Maki of Japan,"Maki of Japan, 1700 W New Haven Ave, Melbourne, FL 32904",28.0814022,-80.6499458,"['Japanese restaurant', 'Restaurant']",3.7,78,,"[['Saturday', '10AM–9PM'], ['Sunday', '12–6PM'], ['Monday', '10AM–9PM'], ['Tuesday', '10AM–9PM'], ['Wednesday', '10AM–9PM'], ['Thursday', '10AM–9PM'], ['Friday', '10AM–9PM']]"
0x88d9b156d7e54067:0x60a470318c014294,Itamae,"Itamae, 140 NE 39th St #136, Miami, FL 33137",25.81232,-80.19259559999999,"['Peruvian restaurant', 'Japanese restaurant', 'Small plates restaurant', 'Sushi restaurant']",4.5,117,,"[['Saturday', '12–3:45PM'], ['Sunday', '12–6PM'], ['Monday', 'Closed'], ['Tuesday', 'Closed'], ['Wednesday', '12–6PM'], ['Thursday', '12–6PM'], ['Friday', '12–3:45PM']]"
0x88e769f6e0d12fdb:0x44d4f618a4b87ec0,Tokyo Tapas,"Tokyo Tapas, 1813 E Broadway St, Oviedo, FL 32765",28.660689599999998,-81.1778528,"['Japanese restaurant', 'Sushi restaurant', 'Teppanyaki restaurant']",4.4,207,$,"[['Saturday', '12–3PM'], ['Sunday', '12–3PM'], ['Monday', 'Closed'], ['Tuesday', '11AM–2:30PM'], ['Wednesday', '11AM–2:30PM'], ['Thursday', '11AM–2:30PM'], ['Friday', '11AM–2:30PM']]"
0x88daee2f6c735181:0x9868b2e583825e25,Tokyo Inn Japanese Steak House,"Tokyo Inn Japanese Steak House, 1825 San Marco Rd, Marco Island, FL 34145",25.933802999999997,-81.6983219,"['Japanese steakhouse', 'Asian restaurant', 'Bar']",4.1,35,,"[['Saturday', '5–9:30PM'], ['Sunday', 'Closed'], ['Monday', '5–9:30PM'], ['Tuesday', '5–10PM'], ['Wednesday', '5–10PM'], ['Thursday', '5–10PM'], ['Friday', '5–9:30PM']]"
0x88c34168438379b5:0x81cff5bbd99069d3,China Star,"China Star, 3558 Clark Rd, Sarasota, FL 34231",27.268017099999998,-82.498775,"['Chinese restaurant', 'Asian restaurant', 'Japanese restaurant', 'Sushi restaurant']",3.8,114,$,"[['Saturday', '11AM–11PM'], ['Sunday', '12–10PM'], ['Monday', '11AM–10PM'], ['Tuesday', '11AM–10PM'], ['Wednesday', '11AM–10PM'], ['Thursday', '11AM–10PM'], ['Friday', '11AM–11PM']]"
0x88e5c95c02be4703:0xa5d9c490cce57b9c,Miya Sushi,"Miya Sushi, 10550 Old St Augustine Rd #2, Jacksonville, FL 32257",30.1843708,-81.6096841,"['Japanese restaurant', 'Authentic Japanese restaurant', 'Japanese steakhouse', 'Restaurant', 'Sushi restaurant']",4.1,414,$,"[['Friday', '11AM–10:30PM'], ['Saturday', '11AM–10:30PM'], ['Sunday', '11AM–9:30PM'], ['Monday', '11AM–9:30PM'], ['Tuesday', 'Closed'], ['Wednesday', '11AM–9:30PM'], ['Thursday', '11AM–9:30PM']]"
0x88deddacdaf9d8e5:0x8e66123ac135807a,Asian Specialty Products Market LLC,"Asian Specialty Products Market LLC, 3267 SE Federal Hwy, Stuart, FL 34997",27.165335799999998,-80.2258706,"['Asian grocery store', 'Asian restaurant', 'Chinese supermarket', 'Grocery store', 'Health food store', 'Indian grocery store', 'Japanese grocery store', 'Korean grocery store', 'Market', 'Oriental goods store']",4.6,118,,"[['Friday', '10AM–7PM'], ['Saturday', '10AM–5:30PM'], ['Sunday', '10AM–4PM'], ['Monday', 'Closed'], ['Tuesday', '10AM–7PM'], ['Wednesday', '10AM–7PM'], ['Thursday', '10AM–7PM']]"
0x88dd344a8b93f6f3:0x2a951f5f8bdfb9d9,Sakura King,"Sakura King, 2609 Thonotosassa Rd, Plant City, FL 33563",28.024364199999997,-82.1509762,"['Chinese restaurant', 'Japanese restaurant', 'Sushi restaurant']",3.3,166,$,"[['Friday', '11AM–9:30PM'], ['Saturday', '11AM–9:30PM'], ['Sunday', '12–8:30PM'], ['Monday', '11AM–8:30PM'], ['Tuesday', '11AM–8:30PM'], ['Wednesday', '11AM–8:30PM'], ['Thursday', '11AM–8:30PM']]"
0x88c33baad6280a99:0xe7a51081f64473f5,Mizu Sushi & Hibachi Express,"Mizu Sushi & Hibachi Express, 1859 Lakewood Ranch Blvd, Bradenton, FL 34211",27.481777899999997,-82.4324063,['Japanese restaurant'],4.6,214,$$,"[['Friday', '11AM–10:30PM'], ['Saturday', '11AM–10:30PM'], ['Sunday', '12–9:30PM'], ['Monday', '11AM–10PM'], ['Tuesday', '11AM–10PM'], ['Wednesday', '11AM–10PM'], ['Thursday', '11AM–10PM']]"
0x88db477cd918017f:0x219a6ef376176ab4,Yummy Yummy,"Yummy Yummy, 3015 SW Pine Island Rd #108, Cape Coral, FL 33991",26.6396129,-82.0381723,['Japanese restaurant'],4.3,128,,"[['Friday', '11AM–10PM'], ['Saturday', '11AM–10PM'], ['Sunday', '11AM–9PM'], ['Monday', '11AM–9PM'], ['Tuesday', '11AM–9PM'], ['Wednesday', '11AM–9PM'], ['Thursday', '11AM–9PM']]"
0x88c341444c5351e3:0xb1c22dfd8fdeb3b3,NORI Sushi&Thai,"NORI Sushi&Thai, 4003 Clark Rd, Sarasota, FL 34233",27.2696996,-82.4889511,"['Sushi restaurant', 'Japanese restaurant', 'Thai restaurant']",4.5,168,$$,"[['Friday', '11:30AM–3PM'], ['Saturday', '11:30AM–3PM'], ['Sunday', 'Closed'], ['Monday', '11:30AM–3PM'], ['Tuesday', '11:30AM–3PM'], ['Wednesday', '11:30AM–3PM'], ['Thursday', '11:30AM–3PM']]"
0x88c3409f64ef3b71:0xc7c3659c7361a5e8,Eatiny Thai&Sushi,"Eatiny Thai&Sushi, 935 N Beneva Rd #401, Sarasota, FL 34232",27.343591,-82.4992631,"['Thai restaurant', 'Japanese restaurant', 'Restaurant', 'Sushi restaurant']",4.2,223,$$,"[['Friday', '11AM–3PM'], ['Saturday', '11AM–3PM'], ['Sunday', '11AM–3PM'], ['Monday', '11AM–3PM'], ['Tuesday', '11AM–3PM'], ['Wednesday', '11AM–3PM'], ['Thursday', '11AM–3PM']]"
0x88db3fe97c611ab7:0x261ba79b060e390e,Koreana Authentic Cuisine,"Koreana Authentic Cuisine, 13550 Reflections Pkwy #3, Fort Myers, FL 33907",26.545652399999998,-81.8823776,"['Restaurant', 'Asian restaurant', 'Japanese restaurant', 'Korean barbecue restaurant', 'Korean restaurant', 'Sushi restaurant']",4.2,108,$$,"[['Friday', '11:30AM–10PM'], ['Saturday', '11:30AM–10PM'], ['Sunday', 'Closed'], ['Monday', '11:30AM–10PM'], ['Tuesday', '11:30AM–10PM'], ['Wednesday', '11:30AM–10PM'], ['Thursday', '11:30AM–10PM']]"
0x88c2c18a5cef4c8d:0xbbe9fec5c5b92bd3,JC Noodle House,"JC Noodle House, 14803 N Dale Mabry Hwy, Tampa, FL 33618",28.0824669,-82.50475689999999,"['Ramen restaurant', 'Japanese restaurant', 'Restaurant']",4.4,268,,"[['Friday', '11AM–11PM'], ['Saturday', '12–11PM'], ['Sunday', '11AM–8PM'], ['Monday', '11AM–10PM'], ['Tuesday', '11AM–10PM'], ['Wednesday', '11AM–10PM'], ['Thursday', '11AM–10PM']]"
0x88c31dc6f3283627:0x7a27fd56f3cf7237,Sushi Rock Grill,"Sushi Rock Grill, 5901 Sun Blvd #121, St. Petersburg, FL 33715",27.7135774,-82.71468159999999,"['Sushi restaurant', 'Japanese restaurant']",4.6,236,,"[['Friday', '5–10PM'], ['Saturday', '5–10PM'], ['Sunday', '5–9PM'], ['Monday', '5–9PM'], ['Tuesday', '5–9PM'], ['Wednesday', '5–9PM'], ['Thursday', '5–9PM']]"
0x88e777bd85b348d7:0xc5950ceb2dca2295,Tokyo Sushi Hibachi,"Tokyo Sushi Hibachi, 606 S Hunt Club Blvd, Apopka, FL 32703",28.670657799999997,-81.45171789999999,"['Sushi restaurant', 'Japanese restaurant']",4.4,96,,"[['Friday', '11AM–10:30PM'], ['Saturday', '12–10:30PM'], ['Sunday', '12–10PM'], ['Monday', '11AM–10PM'], ['Tuesday', '11AM–10PM'], ['Wednesday', '11AM–10PM'], ['Thursday', '11AM–10PM']]"
0x88e77e2c6450e593:0x10ea98f12db78a81,Tradewinds Restaurant,"Tradewinds Restaurant, 6677 Sea Harbor Dr, Orlando, FL 32821",28.4115605,-81.4685804,"['Traditional American restaurant', 'Japanese restaurant']",3.9,64,,"[['Friday', '6:30AM–2:30PM'], ['Saturday', '6:30AM–2:30PM'], ['Sunday', '6:30AM–2:30PM'], ['Monday', '6:30AM–2:30PM'], ['Tuesday', '6:30AM–2:30PM'], ['Wednesday', '6:30AM–2:30PM'], ['Thursday', '6:30AM–2:30PM']]"
0x88d9a94399f95555:0x7b6db476c92fe11,Ceviche DOZO - sushi & ceviche -,"Ceviche DOZO - sushi & ceviche -, 5715 Hollywood Blvd #A, Hollywood, FL 33021",26.010476999999998,-80.202182,"['Japanese restaurant', 'Authentic Japanese restaurant', 'Takeout Restaurant', 'Seafood restaurant', 'Sushi restaurant']",4.5,255,$,"[['Friday', '12–9PM'], ['Saturday', '12–9PM'], ['Sunday', 'Closed'], ['Monday', 'Closed'], ['Tuesday', '12–9PM'], ['Wednesday', '12–9PM'], ['Thursday', '12–9PM']]"
0x88e5cfe9144fa8d7:0xe02594c81e207cbf,Fuji Sushi 3 (Mandarin),"Fuji Sushi 3 (Mandarin), 11362 San Jose Blvd, Jacksonville, FL 32223",30.167722899999998,-81.63274849999999,"['Japanese restaurant', 'Sushi restaurant']",4.3,168,,"[['Friday', '11AM–3:30PM'], ['Saturday', '11AM–3:30PM'], ['Sunday', 'Closed'], ['Monday', '11AM–3:30PM'], ['Tuesday', '11AM–3:30PM'], ['Wednesday', '11AM–3:30PM'], ['Thursday', '11AM–3:30PM']]"
0x88d91b7052f6ce3d:0x70b55874b2de9535,Nana Sushi-Thai,"Nana Sushi-Thai, 6512 FL-7, Coconut Creek, FL 33073",26.3096528,-80.20093609999999,"['Thai restaurant', 'Asian restaurant', 'Japanese restaurant', 'Southeast Asian restaurant', 'Sushi restaurant']",4.2,184,$$,"[['Friday', '11:30AM–3PM'], ['Saturday', '4:30–10PM'], ['Sunday', '4:30–10PM'], ['Monday', '11:30AM–3PM'], ['Tuesday', '11:30AM–3PM'], ['Wednesday', '11:30AM–3PM'], ['Thursday', '11:30AM–3PM']]"
0x88938f5465191bcb:0x4087e9d4a559ab24,Mikato Japanese Steak House & Sushi Bar,"Mikato Japanese Steak House & Sushi Bar, 7724 Front Beach Rd, Panama City Beach, FL 32407",30.186661599999997,-85.7712188,"['Teppanyaki restaurant', 'Asian restaurant', 'Japanese restaurant', 'Japanese steakhouse', 'Seafood restaurant', 'Steak house', 'Sushi restaurant']",4.0,378,$$,
0x88d9b1d3c7c56b1b:0x12961465231d9dac,Salvaje | Miami,"Salvaje | Miami, 101 NE 34th St, Miami, FL 33137",25.8085271,-80.1920899,['Japanese restaurant'],3.2,118,,"[['Friday', '6PM–12AM'], ['Saturday', '12PM–12AM'], ['Sunday', '12PM–12AM'], ['Monday', '6PM–12AM'], ['Tuesday', '6PM–12AM'], ['Wednesday', '6PM–12AM'], ['Thursday', '6PM–12AM']]"
0x88c2d29e89c26ed9:0x17a7e7eb6f54a12c,Sunflower Cafe Inc,"Sunflower Cafe Inc, 3452 Lithia Pinecrest Rd, Valrico, FL 33596",27.891009099999998,-82.2427214,"['Sushi restaurant', 'Caterer', 'Japanese restaurant']",4.7,247,$$,"[['Friday', '11:30AM–2:30PM'], ['Saturday', '12–9PM'], ['Sunday', '12–8:30PM'], ['Monday', '11:30AM–2:30PM'], ['Tuesday', '11:30AM–2:30PM'], ['Wednesday', '11:30AM–2:30PM'], ['Thursday', '11:30AM–2:30PM']]"
0x88d9c774a70c929d:0x22331d94fa61b610,POKE88,"Florida, Miami, SW 107th Ave, POKE88邮政编码: 33176",25.6856913,-80.364492,"['Restaurant', 'Hawaiian restaurant', 'Japanese restaurant']",5.0,18,$$,"[['Friday', '11AM–10PM'], ['Saturday', '11AM–10PM'], ['Sunday', '12–10PM'], ['Monday', '11AM–10PM'], ['Tuesday', '11AM–10PM'], ['Wednesday', '11AM–10PM'], ['Thursday', '11AM–10PM']]"
0x88dd81d34840c877:0x9428984b180567c3,Mikado Japanese Steakhouse,"Mikado Japanese Steakhouse, 8701 World Center Dr, Orlando, FL 32821",28.360992099999997,-81.5111867,"['Japanese steakhouse', 'Japanese restaurant', 'Restaurant']",4.2,145,,"[['Friday', 'Closed'], ['Saturday', '6–10PM'], ['Sunday', '6–10PM'], ['Monday', '6–10PM'], ['Tuesday', 'Closed'], ['Wednesday', '6–10PM'], ['Thursday', '6–10PM']]"
0x88dd806b3bc6447d:0xc21f951de8f81ad7,Maki of Japan,"Maki of Japan, 8200 Vineland Ave, Orlando, FL 32821",28.3874721,-81.49241719999999,['Japanese restaurant'],3.7,35,,"[['Friday', '11AM–8PM'], ['Saturday', '11AM–8PM'], ['Sunday', '11AM–7PM'], ['Monday', '11AM–7PM'], ['Tuesday', '11AM–7PM'], ['Wednesday', '11AM–7PM'], ['Thursday', '11AM–7PM']]"
0x1458b971fe37665d:0x6c4ed8a41ae0a973,Oishii Japan,"Oishii Japan, 8189 Navarre Pkwy, Navarre, FL 32566",30.401116899999998,-86.8797379,['Japanese restaurant'],4.1,158,,"[['Thursday', '11AM–9:30PM'], ['Friday', '11AM–10:30PM'], ['Saturday', '11AM–10:30PM'], ['Sunday', '12–9:30PM'], ['Monday', 'Closed'], ['Tuesday', '11AM–9:30PM'], ['Wednesday', '11AM–9:30PM']]"
0x88e5bfc7a654261b:0xb2c8fff70842a106,Hokkaido Japanese Restaurant,"Hokkaido Japanese Restaurant, 11043 Crystal Springs Rd, Jacksonville, FL 32221",30.3060251,-81.8463515,['Japanese restaurant'],4.1,174,,"[['Thursday', '11AM–10PM'], ['Friday', '11AM–11PM'], ['Saturday', '11AM–11PM'], ['Sunday', '12–10PM'], ['Monday', '11AM–10PM'], ['Tuesday', '11AM–10PM'], ['Wednesday', '11AM–10PM']]"
0x88e5c1421da843c9:0xdfa75f8d848998e1,Fancy Sushi Asian Fusion,"Fancy Sushi Asian Fusion, 8324 Merchants Way Ste 1, Jacksonville, FL 32222",30.194744099999998,-81.834587,['Japanese restaurant'],4.6,38,,"[['Thursday', '11AM–10PM'], ['Friday', '11AM–11PM'], ['Saturday', '11AM–11PM'], ['Sunday', '12–10PM'], ['Monday', '11AM–10PM'], ['Tuesday', 'Closed'], ['Wednesday', '11AM–10PM']]"
0x88c2e7fb9f661a61:0xef914789cc3b5bc4,E.B.I. Sushi & More,"E.B.I. Sushi & More, 7900 4th St N, St. Petersburg, FL 33702",27.844957899999997,-82.639128,"['Japanese restaurant', 'Asian fusion restaurant', 'Sushi restaurant']",4.6,138,,"[['Thursday', '11AM–9PM'], ['Friday', '11AM–10PM'], ['Saturday', '11AM–10PM'], ['Sunday', '4–9PM'], ['Monday', '11AM–9PM'], ['Tuesday', '11AM–9PM'], ['Wednesday', '11AM–9PM']]"
0x88d9b6fc21f30a89:0xb0a5d8409651458d,Asian Thai Kitchen,"Asian Thai Kitchen, 3135 Grand Ave, Miami, FL 33133",25.728375999999997,-80.244107,"['Thai restaurant', 'Asian restaurant', 'Japanese restaurant', 'Delivery Restaurant']",4.5,127,$$,"[['Thursday', '12–3PM'], ['Friday', '12–3PM'], ['Saturday', '12–3PM'], ['Sunday', '12–3PM'], ['Monday', 'Closed'], ['Tuesday', '12–3PM'], ['Wednesday', '12–3PM']]"
0x88d9e7dde276c79f:0xc7e2a1bdb3ba9604,Sushi Sake Redlands,"Sushi Sake Redlands, 24856 SW 177th Ave, Homestead, FL 33031",25.5349546,-80.4785036,"['Sushi restaurant', 'Asian fusion restaurant', 'Asian restaurant', 'Bar', 'Cocktail bar', 'Family restaurant', 'Japanese restaurant']",3.8,488,$$,"[['Thursday', '11AM–10PM'], ['Friday', '11AM–12AM'], ['Saturday', '11AM–12AM'], ['Sunday', '11AM–10PM'], ['Monday', '11AM–10PM'], ['Tuesday', '11AM–10PM'], ['Wednesday', '11AM–10PM']]"
0x88d9bfba75818461:0x63f2a25be86b3cd1,Bonsai Thai & Sushi,"Bonsai Thai & Sushi, 14240 SW 8th St, Miami, FL 33184",25.759818199999998,-80.4256953,"['Sushi restaurant', 'Asian fusion restaurant', 'Asian restaurant', 'Chinese restaurant', 'Japanese restaurant', 'Pan-Asian restaurant', 'South Asian restaurant', 'Southeast Asian restaurant', 'Thai restaurant']",4.4,377,$$,"[['Thursday', '12–10:30PM'], ['Friday', '12–10:30PM'], ['Saturday', '12–10:30PM'], ['Sunday', '12–10:30PM'], ['Monday', '12–10:30PM'], ['Tuesday', '12–10:30PM'], ['Wednesday', '12–10:30PM']]"
0x88e7787f68004271:0x33454e89ccdab11c,Sarku Japan,"Sarku Japan, 9401 W Colonial Dr Suite 252, Ocoee, FL 34761",28.557045,-81.5149603,"['Japanese restaurant', 'Asian restaurant', 'Fast food restaurant', 'Restaurant', 'Sushi restaurant', 'Teppanyaki restaurant']",4.5,154,$,"[['Thursday', '11AM–7PM'], ['Friday', '11AM–7PM'], ['Saturday', '11AM–7PM'], ['Sunday', '12–6PM'], ['Monday', '11AM–7PM'], ['Tuesday', '11AM–7PM'], ['Wednesday', '11AM–7PM']]"
0x88d9b7e575186a29:0x668f8e50e1cc09a5,Sakura Gables Japanese Restaurant,"Sakura Gables Japanese Restaurant, 440 S Dixie Hwy, Coral Gables, FL 33146",25.7252086,-80.2628799,"['Japanese restaurant', 'Restaurant']",4.5,228,$$,"[['Thursday', '11:30AM–10PM'], ['Friday', '11:30AM–10PM'], ['Saturday', '11:30AM–10PM'], ['Sunday', '11:30AM–10PM'], ['Monday', '11:30AM–10PM'], ['Tuesday', '11:30AM–10PM'], ['Wednesday', '11:30AM–10PM']]"
0x88ded54f7e2a7f51:0x7d11c7507594735e,Saito's Japanese Steakhouse,"Saito's Japanese Steakhouse, 4675 PGA Boulevard, Palm Beach Gardens, FL 33418",26.838844899999998,-80.1100878,['Japanese steakhouse'],4.1,468,$$,"[['Thursday', '11:30AM–10PM'], ['Friday', '11:30AM–11PM'], ['Saturday', '12–11PM'], ['Sunday', '12–10PM'], ['Monday', '11:30AM–10PM'], ['Tuesday', '11:30AM–10PM'], ['Wednesday', '11:30AM–10PM']]"
0x88d9b6840f95dacf:0xe0958caa0c3f548a,Sumi Yakitori,"Sumi Yakitori, 21 SW 11th Ave, Miami, FL 33130",25.7633093,-80.1933555,"['Restaurant', 'Japanese restaurant', 'Japanese steakhouse', 'Yakitori restaurant']",4.1,34,,
0x88db1e6cff0040e9:0x98169b7aa48794eb,Sushi One,"Sushi One, 1410 Pine Ridge Rd, Naples, FL 34108",26.210618999999998,-81.7929374,"['Sushi restaurant', 'Asian restaurant', 'Japanese restaurant']",4.5,266,$$,"[['Thursday', '11:30AM–2:30PM'], ['Friday', '11:30AM–2:30PM'], ['Saturday', '5–9:30PM'], ['Sunday', '5–9:30PM'], ['Monday', '11:30AM–2:30PM'], ['Tuesday', '11:30AM–2:30PM'], ['Wednesday', '11:30AM–2:30PM']]"
0x88d9b79823479525:0x1c9e1d605a44bec2,Iron Sushi,"Iron Sushi, 70 Aragon Ave, Coral Gables, FL 33134",25.7505715,-80.2564826,"['Japanese restaurant', 'Asian restaurant', 'Sushi restaurant']",3.3,228,,"[['Thursday', '12–10:30PM'], ['Friday', '11AM–11PM'], ['Saturday', '12–10:30PM'], ['Sunday', '12–10:30PM'], ['Monday', '12–10:30PM'], ['Tuesday', '12–10:30PM'], ['Wednesday', '12–10:30PM']]"
0x88912343a302dc69:0xa73567140a0f35d0,Yummy Japanese Steakhouse,"Yummy Japanese Steakhouse, 2387 US-98, Mary Esther, FL 32569",30.4106806,-86.75789069999999,"['Japanese restaurant', 'Japanese steakhouse', 'Sushi restaurant', 'Thai restaurant']",4.4,253,$$,"[['Thursday', '10:30AM–9PM'], ['Friday', '10:30AM–9:30PM'], ['Saturday', '10:30AM–9:30PM'], ['Sunday', 'Closed'], ['Monday', '10:30AM–9PM'], ['Tuesday', '10:30AM–9PM'], ['Wednesday', '10:30AM–9PM']]"
0x88c2efff8f7a70a7:0x7558e7b4da717b1e,Teriyaki Madness,"Teriyaki Madness, 23894 US Hwy 19 N Ste 30, Clearwater, FL 33765",27.9890521,-82.7308827,"['Asian fusion restaurant', 'Caterer', 'Fast food restaurant', 'Gluten-free restaurant', 'Japanese restaurant', 'Restaurant']",3.4,198,$,"[['Thursday', '11AM–9PM'], ['Friday', '11AM–9PM'], ['Saturday', '11AM–9PM'], ['Sunday', '11AM–9PM'], ['Monday', '11AM–9PM'], ['Tuesday', '11AM–9PM'], ['Wednesday', '11AM–9PM']]"
0x88d9100798d440d3:0xfdaf60bb5999b142,Lees Teriyaki 2,"Lees Teriyaki 2, 11346 Wiles Rd, Coral Springs, FL 33076",26.286856999999998,-80.27796699999999,"['Sushi restaurant', 'Chinese restaurant', 'Japanese restaurant']",3.9,18,,"[['Thursday', '11AM–9:30PM'], ['Friday', '11AM–10PM'], ['Saturday', '11AM–10PM'], ['Sunday', 'Closed'], ['Monday', '11AM–9:30PM'], ['Tuesday', '11AM–9:30PM'], ['Wednesday', '11AM–9:30PM']]"
0x88d8e3e2fe6fa6bf:0x7ed8029efc737bbf,CHEF DEE'S Seafood Steak Sushi,"CHEF DEE'S Seafood Steak Sushi, 3919 N Federal Hwy, Pompano Beach, FL 33064",26.2796286,-80.0974808,"['Seafood restaurant', 'Asian fusion restaurant', 'Fusion restaurant', 'Italian restaurant', 'Japanese restaurant', 'Japanese steakhouse', 'Steak house', 'Sushi restaurant']",4.7,338,$$,"[['Thursday', '11AM–10PM'], ['Friday', '11AM–10PM'], ['Saturday', '11AM–10PM'], ['Sunday', '3–10PM'], ['Monday', '11AM–10PM'], ['Tuesday', '11AM–10PM'], ['Wednesday', '11AM–10PM']]"
0x88d901d3f93fffff:0x49b82f4b6625165d,TAKATO,"TAKATO, 551 N Fort Lauderdale Beach Blvd, Fort Lauderdale, FL 33304",26.130713,-80.1036647,"['Japanese restaurant', 'Korean restaurant', 'Restaurant']",4.7,228,,"[['Thursday', '12–10PM'], ['Friday', '8–11AM'], ['Saturday', '8–11AM'], ['Sunday', '8–11AM'], ['Monday', '12–10PM'], ['Tuesday', '12–10PM'], ['Wednesday', '12–10PM']]"
0x88d9a89acbc5c793:0x9d9e2e477b1e906,Pollos & Parrilla by Sr. Ceviche,"Pollos & Parrilla by Sr. Ceviche, 9419 Sheridan St, Hollywood, FL 33024",26.0320532,-80.26724399999999,"['Peruvian restaurant', 'Chicken restaurant', 'Japanese steakhouse', 'Salad shop', 'Seafood restaurant', 'Soup restaurant']",4.3,307,$$,"[['Thursday', '11:30AM–10PM'], ['Friday', '11:30AM–11PM'], ['Saturday', '11:30AM–11PM'], ['Sunday', '11:30AM–10PM'], ['Monday', '11:30AM–10PM'], ['Tuesday', '11:30AM–10PM'], ['Wednesday', '11:30AM–10PM']]"
0x88e81e6d8ed4bd21:0xed9cca3366ca31bf,Fuji Hibachi Express,"Fuji Hibachi Express, 14257 Powell Rd, Spring Hill, FL 34609",28.4926554,-82.48647059999999,['Japanese restaurant'],4.6,284,,"[['Thursday', '10:30AM–9:30PM'], ['Friday', '10:30AM–10:30PM'], ['Saturday', '11AM–10:30PM'], ['Sunday', '11AM–9:30PM'], ['Monday', '10:30AM–9:30PM'], ['Tuesday', '10:30AM–9:30PM'], ['Wednesday', '10:30AM–9:30PM']]"
0x88d9ca6d5861adf7:0xc1204b9a1b71c590,Kazumi Modern Japanese,"Kazumi Modern Japanese, 260 Crandon Blvd #16, Key Biscayne, FL 33149",25.696182399999998,-80.16419909999999,"['Japanese restaurant', 'Sushi restaurant']",4.4,148,,"[['Thursday', '12–3:45PM'], ['Friday', '12–3:45PM'], ['Saturday', '12–3:45PM'], ['Sunday', 'Closed'], ['Monday', '12–3:45PM'], ['Tuesday', '12–3:45PM'], ['Wednesday', '12–3:45PM']]"
0x88db1ddf10c9e85f:0x8c06005df048403d,Asia Market,"Asia Market, 1951 Pine Ridge Rd STE 102, Naples, FL 34109",26.2120192,-81.7788403,"['Asian grocery store', 'Gift shop', 'Grocery store', 'Japanese grocery store', 'Korean grocery store', 'Produce market', 'Souvenir store', 'Supermarket']",4.3,327,,"[['Thursday', '9AM–8PM'], ['Friday', '9AM–8PM'], ['Saturday', '9AM–8PM'], ['Sunday', '10AM–6PM'], ['Monday', '9AM–8PM'], ['Tuesday', '9AM–8PM'], ['Wednesday', '9AM–8PM']]"
0x88e5c190f6a69b4f:0x634c292b5818374,Red bowl,"Red bowl, 9570 Crosshill Blvd suite102, Jacksonville, FL 32222",30.1969823,-81.8265776,"['Japanese restaurant', 'Sushi restaurant']",4.1,58,,"[['Thursday', '11AM–9:15PM'], ['Friday', '11AM–10:15PM'], ['Saturday', '11AM–10:15PM'], ['Sunday', '11AM–9:15PM'], ['Monday', '11AM–9:15PM'], ['Tuesday', '11AM–9:15PM'], ['Wednesday', '11AM–9:15PM']]"
0x88d921091e75bd69:0x794cce7d7880f124,Chinatown,"Chinatown, 12343 Hagen Ranch Rd #701, Boynton Beach, FL 33437",26.492783199999998,-80.16503689999999,"['Chinese restaurant', 'Asian restaurant', 'Japanese restaurant', 'Sushi restaurant']",3.5,118,$,"[['Thursday', '11AM–10PM'], ['Friday', '11AM–10PM'], ['Saturday', '11AM–10PM'], ['Sunday', '11AM–10PM'], ['Monday', '11AM–10PM'], ['Tuesday', '11AM–10PM'], ['Wednesday', '11AM–10PM']]"
0x88d8df1eada0a3fd:0x5a8d11cdd141a33d,Sushi Simon,"Sushi Simon, 1628 S Federal Hwy, Boynton Beach, FL 33435",26.5131297,-80.0579024,"['Sushi restaurant', 'Japanese restaurant', 'Restaurant']",4.3,228,$$$,"[['Tuesday', '11AM–9:30PM'], ['Wednesday', '11AM–9:30PM'], ['Thursday', '11AM–9:30PM'], ['Friday', '11AM–9:30PM'], ['Saturday', '11AM–9:30PM'], ['Sunday', '12–9:30PM'], ['Monday', '11AM–9:30PM']]"
0x88d8d9014646ca21:0xa6d2d255fb7d4b0d,Sushi Bon Express,"Sushi Bon Express, 304 E Ocean Ave, Lantana, FL 33462",26.584162,-80.04838099999999,"['Sushi restaurant', 'Japanese restaurant']",4.3,188,$$,"[['Tuesday', '11:30AM–8PM'], ['Wednesday', '11:30AM–8PM'], ['Thursday', '11:30AM–8PM'], ['Friday', '11:30AM–8:30PM'], ['Saturday', '11:30AM–8:30PM'], ['Sunday', 'Closed'], ['Monday', '11:30AM–8PM']]"
0x88d768f35d4343ef:0xd95eeaa989dab3be,Sushi Sake Key Largo,"Sushi Sake Key Largo, 103400 Overseas Hwy, Key Largo, FL 33037",25.1361579,-80.4045153,"['Sushi restaurant', 'Asian fusion restaurant', 'Asian restaurant', 'Bar', 'Cocktail bar', 'Family restaurant', 'Japanese restaurant']",4.0,225,$$,"[['Tuesday', '11AM–10PM'], ['Wednesday', '11AM–10PM'], ['Thursday', '11AM–10PM'], ['Friday', '11AM–12AM'], ['Saturday', '11AM–12AM'], ['Sunday', '11AM–10PM'], ['Monday', '11AM–10PM']]"
0x88e5b79c51c32beb:0x9b95fd25ab84b07a,Hibachi Express🍴,"Hibachi Express🍴, 5921 University Blvd W #1, Jacksonville, FL 32216",30.2765246,-81.6045125,['Japanese restaurant'],4.5,235,,"[['Tuesday', '10:30AM–9:30PM'], ['Wednesday', '10:30AM–9:30PM'], ['Thursday', '10:30AM–9:30PM'], ['Friday', '10:30AM–10:30PM'], ['Saturday', '10:30AM–10:30PM'], ['Sunday', '11:30AM–9:30PM'], ['Monday', '10:30AM–9:30PM']]"
0x88dd871008b3f303:0x5ed73bdcdaded2be,Hibachi Express Kissimmee,"Hibachi Express Kissimmee, 1946 N John Young Pkwy, Kissimmee, FL 34741",28.30969,-81.4174888,"['Restaurant', 'Asian restaurant', 'Japanese restaurant']",4.6,244,,"[['Tuesday', '10:30AM–9:30PM'], ['Wednesday', '10:30AM–9:30PM'], ['Thursday', '10:30AM–9:30PM'], ['Friday', '10:30AM–10:30PM'], ['Saturday', '10:30AM–10:30PM'], ['Sunday', '11AM–9:30PM'], ['Monday', '10:30AM–9:30PM']]"
0x88d8e21a513bff01:0x97badb465f40cd26,Ichiyami Buffet & Sushi,"Ichiyami Buffet & Sushi, 145 SE Mizner Blvd, Boca Raton, FL 33432",26.3483245,-80.084301,"['Sushi restaurant', 'Buffet restaurant', 'Japanese restaurant']",4.7,2016,$$,"[['Tuesday', '11:30AM–3:30PM'], ['Wednesday', '11:30AM–3:30PM'], ['Thursday', '11:30AM–3:30PM'], ['Friday', '11:30AM–3:30PM'], ['Saturday', '12–3:30PM'], ['Sunday', '12–3:30PM'], ['Monday', '11:30AM–3:30PM']]"
0x88e767dd87340dbb:0xe9d3335592e03e81,Eastside Asian Market,"Eastside Asian Market, 12950 E Colonial Dr, Orlando, FL 32826",28.564719999999998,-81.1859135,"['Asian grocery store', 'Grocery store', 'Japanese grocery store', 'Korean grocery store', 'Vegetarian restaurant']",4.6,744,$$,"[['Tuesday', '10AM–7PM'], ['Wednesday', '10AM–7PM'], ['Thursday', '10AM–7PM'], ['Friday', '10AM–7PM'], ['Saturday', '10AM–8PM'], ['Sunday', '10AM–7PM'], ['Monday', '10AM–7PM']]"
0x88c2e1528c9f9b9f:0xa9f58dfb75ab2109,Hiro's Tokyo Steakhouse & Sushi Bar,"Hiro's Tokyo Steakhouse & Sushi Bar, 5250 4th St N, St. Petersburg, FL 33703",27.8199403,-82.6391496,"['Steak house', 'Asian restaurant', 'Bar', 'Japanese steakhouse', 'Sushi restaurant']",2.4,46,$$,"[['Tuesday', '11:30AM–2AM'], ['Wednesday', '11:30AM–2AM'], ['Thursday', '11:30AM–2AM'], ['Friday', '11:30AM–3AM'], ['Saturday', '4:30PM–3AM'], ['Sunday', '4:30PM–12AM'], ['Monday', '11:30AM–2AM']]"
0x88d91b0b1b18cb45:0xe405ff1fa09b79f3,Crave Poké Asian-Fusion Restaurant,"Crave Poké Asian-Fusion Restaurant, 5816 Wiles Rd, Coral Springs, FL 33067",26.2855663,-80.20304229999999,"['Asian fusion restaurant', 'Bubble tea store', 'Dessert restaurant', 'Hawaiian restaurant', 'Health food restaurant', 'Japanese restaurant', 'Restaurant', 'Sushi restaurant']",4.7,186,$$,"[['Tuesday', '12–8PM'], ['Wednesday', '12–8PM'], ['Thursday', '12–8PM'], ['Friday', '12–9PM'], ['Saturday', '12–9PM'], ['Sunday', '12–8PM'], ['Monday', 'Closed']]"
0x88c2e5b6fce451a3:0xaad1fb82afb34a72,The Fish Bol,"The Fish Bol, 4699 Park Blvd N, Pinellas Park, FL 33781",27.8397953,-82.69780229999999,"['Restaurant', 'Asian fusion restaurant', 'Asian restaurant', 'Chinese restaurant', 'Chinese takeaway', 'Japanese restaurant', 'Takeout Restaurant', 'Ramen restaurant', 'Sushi restaurant', 'Sushi takeaway']",4.3,138,,"[['Tuesday', '11AM–3PM'], ['Wednesday', '11AM–3PM'], ['Thursday', '11AM–3PM'], ['Friday', '11AM–3PM'], ['Saturday', '5–9PM'], ['Sunday', '5–9PM'], ['Monday', '11AM–3PM']]"
0x8893e59893b76353:0xe1f7b5b3727a60b2,Nanbu Noodle Bar,"Nanbu Noodle Bar, 26 Logan Ln Unit C, Santa Rosa Beach, FL 32459",30.3403478,-86.16491169999999,"['Restaurant', 'Asian fusion restaurant', 'Japanese restaurant', 'Ramen restaurant', 'Sushi restaurant']",4.6,155,$$,"[['Tuesday', '5–10PM'], ['Wednesday', '5–10PM'], ['Thursday', '5–10PM'], ['Friday', '5–10PM'], ['Saturday', '5–10PM'], ['Sunday', 'Closed'], ['Monday', 'Closed']]"
0x88c341e0b9246add:0x397e9b4aea8efff2,Daruma South Sarasota - Japanese Steakhouse & Sushi Lounge,"Daruma South Sarasota - Japanese Steakhouse & Sushi Lounge, 4910 S Tamiami Trail, Sarasota, FL 34231",27.282859499999997,-82.5320017,['Japanese restaurant'],4.3,247,,"[['Tuesday', '5–10PM'], ['Wednesday', '5–10PM'], ['Thursday', '5–10PM'], ['Friday', '5–10PM'], ['Saturday', '5–10PM'], ['Sunday', '5–10PM'], ['Monday', '5–10PM']]"
0x88d9b106482474bf:0xb6234c1ee3487340,Kaido Miami,"Kaido Miami, 151 NE 41st St STE 217, Miami, FL 33137",25.814406299999998,-80.1920834,"['Sushi restaurant', 'Bar', 'Cocktail bar', 'Japanese restaurant', 'Restaurant']",4.2,88,,"[['Monday', 'Closed'], ['Tuesday', '5:30–10PM'], ['Wednesday', '5:30–10PM'], ['Thursday', '5:30–10PM'], ['Friday', '5:30–11:30PM'], ['Saturday', '5:30–11:30PM'], ['Sunday', 'Closed']]"
0x88d9b3d2e06826bb:0xc6cbaecd20199a76,Wabi Sabi Miami,"Wabi Sabi Miami, 851 NE 79th St, Miami, FL 33138",25.8481353,-80.1790547,['Authentic Japanese restaurant'],4.7,138,,"[['Monday', 'Closed'], ['Tuesday', '12–3PM'], ['Wednesday', '12–3PM'], ['Thursday', '12–3PM'], ['Friday', '12–3PM'], ['Saturday', '12–3PM'], ['Sunday', 'Closed']]"
0x88d9a158a2828afb:0x3c200aa9e3b0b20b,Kokai Sushi & Lounge,"Kokai Sushi & Lounge, 2406 Weston Rd, Weston, FL 33326",26.089633199999998,-80.3707383,"['Sushi restaurant', 'Japanese restaurant', 'Sushi takeaway']",4.5,88,,"[['Monday', '12–10:30PM'], ['Tuesday', '12–10:30PM'], ['Wednesday', '12–10:30PM'], ['Thursday', '12–10:30PM'], ['Friday', '12–11PM'], ['Saturday', '1–11PM'], ['Sunday', '1–9PM']]"
0x88d9b73606a9c2f7:0x2a4c06b16199fa7a,Katsuya Brickell,"Katsuya Brickell, 8 SE 8th St, Miami, FL 33131",25.766282,-80.1928518,"['Sushi restaurant', 'Asian restaurant', 'Cocktail bar', 'Event venue', 'Fine dining restaurant', 'Japanese restaurant', 'Lounge', 'Raw food restaurant', 'Restaurant', 'Seafood restaurant']",4.2,145,,"[['Monday', '6–11PM'], ['Tuesday', '6–11PM'], ['Wednesday', '6–11PM'], ['Thursday', '6–11PM'], ['Friday', '6–11PM'], ['Saturday', '6–11PM'], ['Sunday', '6–11PM']]"
0x88d9e741f831badd:0xc279bd52de90ddc7,Suvi Thai & Sushi,"Suvi Thai & Sushi, 250 N Homestead Blvd, Homestead, FL 33030",25.4703014,-80.4717426,"['Thai restaurant', 'Asian restaurant', 'Japanese restaurant']",4.2,515,$$,"[['Monday', '11:30AM–9PM'], ['Tuesday', '11:30AM–9PM'], ['Wednesday', '11:30AM–9PM'], ['Thursday', '11:30AM–9PM'], ['Friday', '11:30AM–9PM'], ['Saturday', '12–9:30PM'], ['Sunday', '3–9PM']]"
0x88e5b41d6e5aa5b7:0x3cec93709906ea17,Fusion Sushi,"Fusion Sushi, 1550 University Blvd W, Jacksonville, FL 32217",30.2599639,-81.64331179999999,"['Japanese restaurant', 'Sushi restaurant']",4.5,248,$$,"[['Monday', '11AM–10PM'], ['Tuesday', '11AM–10PM'], ['Wednesday', '11AM–10PM'], ['Thursday', '11AM–10PM'], ['Friday', '11AM–11PM'], ['Saturday', '11AM–11PM'], ['Sunday', '12–10PM']]"
0x88db3fe5b411a32b:0x8d655b1501f2a48,Jingdu Japanese Buffet,"Jingdu Japanese Buffet, 13300 S Cleveland Ave, Fort Myers, FL 33907",26.546799999999998,-81.87519999999999,['Japanese restaurant'],4.4,1664,$,"[['Monday', '11AM–9:30PM'], ['Tuesday', '11AM–9:30PM'], ['Wednesday', '11AM–9:30PM'], ['Thursday', '11AM–9:30PM'], ['Friday', '11AM–10PM'], ['Saturday', '11AM–10PM'], ['Sunday', '11AM–9:30PM']]"
0x88e5c53e8b05da33:0xd4bb7c73c8783eac,Sushiya,"Sushiya, 1615 County Rd 220, Fleming Island, FL 32003",30.1009738,-81.7166088,"['Sushi restaurant', 'Japanese restaurant']",4.3,284,$$,"[['Monday', '10:45AM–8:45PM'], ['Tuesday', '10:45AM–8:45PM'], ['Wednesday', '10:45AM–8:45PM'], ['Thursday', '10:45AM–8:45PM'], ['Friday', '10:45AM–9:45PM'], ['Saturday', '10:45AM–9:45PM'], ['Sunday', '11:45AM–8:45PM']]"
0x88d9c7fa3771045b:0x2f79eb8de66c1d,Apoke Miami,"Apoke Miami, 6620 SW 57th Ave E109, South Miami, FL 33143",25.708986099999997,-80.28583309999999,"['Hawaiian restaurant', 'Fast food restaurant', 'Japanese restaurant']",4.4,118,$,"[['Monday', '11:30AM–8PM'], ['Tuesday', '11:30AM–8PM'], ['Wednesday', '11:30AM–8PM'], ['Thursday', '11:30AM–8PM'], ['Friday', '11:30AM–8PM'], ['Saturday', '11:30AM–8PM'], ['Sunday', '11:30AM–8PM']]"
0x88d9195839ef6747:0x947a55da02fbdfe,Hashi Sushi & Thai,"Hashi Sushi & Thai, 9845 Glades Rd, Boca Raton, FL 33434",26.369187699999998,-80.2007896,"['Thai restaurant', 'Japanese restaurant', 'Sushi restaurant']",4.1,108,$$,"[['Monday', 'Closed'], ['Tuesday', '11:30AM–10PM'], ['Wednesday', '11:30AM–10PM'], ['Thursday', '11:30AM–10PM'], ['Friday', '11:30AM–10:30PM'], ['Saturday', '11AM–10:30PM'], ['Sunday', '12–10PM']]"
0x88df29ecfc93d55d:0x10030d691b5f9c51,Chubby Salmon Hibachi and Sushi Bar,"Chubby Salmon Hibachi and Sushi Bar, 103 South US Highway 1, Suite E3, Jupiter, FL 33477",26.932431599999997,-80.0776644,['Japanese restaurant'],4.1,108,$$,"[['Monday', 'Closed'], ['Tuesday', '11:30AM–2:30PM'], ['Wednesday', '11:30AM–2:30PM'], ['Thursday', '11:30AM–2:30PM'], ['Friday', '11:30AM–2:30PM'], ['Saturday', '4:30–10PM'], ['Sunday', '4:30–9PM']]"
0x88c33f1c46e0da75:0x63b2e02805067981,Yuniku Sushi & Seafood Buffet,"Yuniku Sushi & Seafood Buffet, 8341 Lockwood Ridge Rd, Sarasota, FL 34243",27.390992999999998,-82.50324789999999,"['Sushi restaurant', 'Asian fusion restaurant', 'Buffet restaurant', 'Chinese restaurant', 'Crab house', 'Japanese restaurant', 'Korean restaurant', 'Seafood restaurant', 'Thai restaurant']",4.4,1088,$$,"[['Monday', '11AM–9:30PM'], ['Tuesday', '11AM–9:30PM'], ['Wednesday', '11AM–9:30PM'], ['Thursday', '11AM–9:30PM'], ['Friday', '11AM–10PM'], ['Saturday', '11AM–10PM'], ['Sunday', '11AM–10PM']]"
0x88d9a68420df8be9:0xfbb9a625a21b8f8e,Wasabi Japanese Restaurant,"Wasabi Japanese Restaurant, 15953 Pines Blvd, Pembroke Pines, FL 33027",26.0111991,-80.3589793,"['Sushi restaurant', 'Asian restaurant', 'Japanese restaurant', 'Restaurant']",3.6,64,$$,"[['Monday', '12–10PM'], ['Tuesday', '12–10PM'], ['Wednesday', '12–10PM'], ['Thursday', '12–10PM'], ['Friday', '12–11PM'], ['Saturday', '12–11PM'], ['Sunday', '12–10PM']]"
0x88c2fc69102e923d:0xf68e6419a34c4d66,Hinata Japanese Steakhouse & Seafood,"Hinata Japanese Steakhouse & Seafood, 696 150th Ave, Madeira Beach, FL 33708",27.8104591,-82.79272569999999,"['Sushi restaurant', 'Japanese steakhouse']",4.0,106,,"[['Monday', '11:30AM–10PM'], ['Tuesday', '11:30AM–10PM'], ['Wednesday', '11:30AM–10PM'], ['Thursday', '11:30AM–10PM'], ['Friday', '11:30AM–10:30PM'], ['Saturday', '11:30AM–10:30PM'], ['Sunday', '12–9PM']]"
0x88e8a324eaf478c1:0x1246371618e2d55e,Sushi Matsuri Japanese Restaurant,"Sushi Matsuri Japanese Restaurant, 3906 SW Archer Rd, Gainesville, FL 32608",29.6211719,-82.381333,['Japanese restaurant'],4.1,245,$$,"[['Monday', 'Closed'], ['Tuesday', '11:30AM–2PM'], ['Wednesday', '11:30AM–2PM'], ['Thursday', '11:30AM–2PM'], ['Friday', '5–10PM'], ['Saturday', '5–10PM'], ['Sunday', '5–9PM']]"
0x88e6945bda9074fb:0xf1ab11ae3dc8598a,Sakura Japanese Steak House,"Sakura Japanese Steak House, 260 Cypress Edge Dr Unit 113, Palm Coast, FL 32164",29.551274699999997,-81.22237919999999,"['Japanese restaurant', 'Asian restaurant', 'Steak house', 'Sushi restaurant', 'Teppanyaki restaurant', 'Thai restaurant']",4.1,378,,"[['Monday', '4–9PM'], ['Tuesday', '4–9PM'], ['Wednesday', '4–9PM'], ['Thursday', '4–9PM'], ['Friday', '12–9:30PM'], ['Saturday', '12–9:30PM'], ['Sunday', '12–9PM']]"
0x88e879905d2ba1ad:0xfc2d33d90fc97d2c,Akita Sushi,"Akita Sushi, 8075 SW State Rd 200 #117, Ocala, FL 34481",29.084762299999998,-82.2539267,['Japanese restaurant'],4.5,86,,"[['Monday', '11:30AM–9PM'], ['Tuesday', 'Closed'], ['Wednesday', '11:30AM–9PM'], ['Thursday', '11:30AM–9PM'], ['Friday', '11:30AM–9PM'], ['Saturday', '11:30AM–9PM'], ['Sunday', '11:30AM–9PM']]"
0x88e873a41a1b9b81:0x1f19ecffc47104fd,Kawa Sushi House,"Kawa Sushi House, 109 Courthouse Square, Inverness, FL 34450",28.836381499999998,-82.3305857,['Japanese restaurant'],4.6,218,$$,"[['Monday', '11:30AM–8:30PM'], ['Tuesday', '11:30AM–8:30PM'], ['Wednesday', '11:30AM–8:30PM'], ['Thursday', '11:30AM–8:30PM'], ['Friday', '11:30AM–9:30PM'], ['Saturday', '11:30AM–9:30PM'], ['Sunday', 'Closed']]"
0x88c35a31bdeb300b:0x2bfbdc4247cada19,Shogun Japanese Steakhouse,"Shogun Japanese Steakhouse, 1219 US-41 BYP, Venice, FL 34285",27.085237,-82.4266963,"['Japanese restaurant', 'Asian restaurant', 'Japanese steakhouse', 'Teppanyaki restaurant']",4.5,216,$$,"[['Monday', '4–8:30PM'], ['Tuesday', '4–8:30PM'], ['Wednesday', '4–8:30PM'], ['Thursday', '4–8:30PM'], ['Friday', '4–8:30PM'], ['Saturday', '4PM–8:30AM'], ['Sunday', 'Closed']]"
0x88d9c6f2f86702eb:0xf6408e26378a9b5a,Sea Siam,"Sea Siam, 12735 S Dixie Hwy, Miami, FL 33156",25.6517344,-80.32916259999999,"['Asian restaurant', 'Japanese restaurant', 'Southeast Asian restaurant', 'Sushi restaurant', 'Thai restaurant']",4.3,367,$$,"[['Monday', '11:30AM–3PM'], ['Tuesday', '11:30AM–3PM'], ['Wednesday', '11:30AM–3PM'], ['Thursday', '11:30AM–3PM'], ['Friday', '11:30AM–3PM'], ['Saturday', '11:30AM–11PM'], ['Sunday', '11:30AM–10PM']]"
0x88d8d7e538f8d765:0xd70ab7ad7a6352de,Orchids of Siam,"Orchids of Siam, 3027 Forest Hill Blvd a1, West Palm Beach, FL 33406",26.6512718,-80.0888519,"['Thai restaurant', 'Asian restaurant', 'Japanese restaurant', 'Seafood restaurant', 'Southeast Asian restaurant', 'Vegetarian restaurant']",4.2,138,$,"[['Monday', '11AM–10PM'], ['Tuesday', '11AM–10PM'], ['Wednesday', '11AM–10PM'], ['Thursday', '11AM–10PM'], ['Friday', '11AM–10PM'], ['Saturday', '12–10PM'], ['Sunday', 'Closed']]"
0x88913ef4bdfded27:0xe8a4a0b6e5581bf1,Dosirak House,"Dosirak House, 652 Beal Pkwy NW, Fort Walton Beach, FL 32548",30.4342169,-86.63981969999999,"['Sushi restaurant', 'Japanese restaurant']",4.4,286,$$,"[['Monday', '4–9PM'], ['Tuesday', '4–9PM'], ['Wednesday', '4–9PM'], ['Thursday', '4–9PM'], ['Friday', '4–9PM'], ['Saturday', '11AM–2PM'], ['Sunday', 'Closed']]"
0x88d90514a3137a9b:0xc608909e2476c6b7,Nu-Sushi Japanese Restaurant,"Nu-Sushi Japanese Restaurant, 1312 N University Dr, Coral Springs, FL 33071",26.247242,-80.253846,"['Sushi restaurant', 'Asian restaurant', 'Japanese restaurant', 'Takeout Restaurant', 'Restaurant', 'Thai restaurant']",4.5,208,$$,"[['Monday', 'Closed'], ['Tuesday', '11:30AM–2:30PM'], ['Wednesday', '11:30AM–2:30PM'], ['Thursday', '11:30AM–2:30PM'], ['Friday', '11:30AM–2:30PM'], ['Saturday', '5–10:30PM'], ['Sunday', '5–10PM']]"
0x88d9a156dfc90a85:0xea51ac331d22951c,Nami Sushi & Grill,"Nami Sushi & Grill, 17007 Pines Blvd, Pembroke Pines, FL 33027",26.0083333,-80.3722222,['Japanese restaurant'],4.3,245,$$,"[['Monday', '11:30AM–9:30PM'], ['Tuesday', '11:30AM–9:30PM'], ['Wednesday', '11:30AM–9:30PM'], ['Thursday', '11:30AM–9:30PM'], ['Friday', '11:30AM–10PM'], ['Saturday', '12:30–10PM'], ['Sunday', '12:30–9:30PM']]"
0x88c3415c5759d0bf:0x331cbc7b95347e4c,Siam Gulf Sarasota,"Siam Gulf Sarasota, 1100 N Tuttle Ave Unit1&2, Sarasota, FL 34237",27.348308,-82.51275969999999,"['Sushi restaurant', 'Asian restaurant', 'Japanese restaurant', 'Sake brewery', 'Thai restaurant']",4.8,273,,"[['Monday', '11AM–2:30PM'], ['Tuesday', '11AM–2:30PM'], ['Wednesday', '11AM–2:30PM'], ['Thursday', '11AM–2:30PM'], ['Friday', '11AM–2:30PM'], ['Saturday', '5–9:30PM'], ['Sunday', '4–9PM']]"
0x88e5cba442a8a315:0xf1b110a72bf991ad,Philip Sushi,"Philip Sushi, 9475 Philips Hwy, Jacksonville, FL 32256",30.1945753,-81.567055,"['Japanese restaurant', 'Ramen restaurant', 'Sushi restaurant']",4.4,338,$$,"[['Sunday', '12–10PM'], ['Monday', 'Closed'], ['Tuesday', '11AM–10PM'], ['Wednesday', '11AM–10PM'], ['Thursday', '11AM–10PM'], ['Friday', '11AM–10:30PM'], ['Saturday', '11AM–10:30PM']]"
0x88d9b4f14208edf3:0xebc2b4b736702a40,Sakura 736,"Sakura 736, 736 1st St #6851, Miami Beach, FL 33139",25.769702799999997,-80.1358937,"['Restaurant', 'Japanese restaurant', 'Peruvian restaurant']",4.5,27,,"[['Sunday', '11:30AM–11PM'], ['Monday', '11:30AM–11PM'], ['Tuesday', '11:30AM–11PM'], ['Wednesday', '11:30AM–11PM'], ['Thursday', '11:30AM–11PM'], ['Friday', '11:30AM–12AM'], ['Saturday', '11:30AM–12AM']]"
0x88d8d54c30fe6345:0x1cd79eee366e8989,Yu-Mi Sushi Cafe,"Yu-Mi Sushi Cafe, 9820 FL A1AAlt #207, Palm Beach Gardens, FL 33410",26.821364799999998,-80.0824336,"['Sushi restaurant', 'Asian restaurant', 'Japanese restaurant']",4.6,248,$$,"[['Sunday', 'Closed'], ['Monday', '4:30–8PM'], ['Tuesday', '4:30–8PM'], ['Wednesday', '4:30–8PM'], ['Thursday', '4:30–8PM'], ['Friday', '4:30–8PM'], ['Saturday', '4:30–8PM']]"
0x88e78e57ac7933f3:0xdd3b032176047468,Hibachi Express,"Hibachi Express, 260 Citrus Tower Blvd Ste A, Clermont, FL 34711",28.5671605,-81.7412683,['Japanese restaurant'],4.5,294,$,"[['Sunday', '11:30AM–9:15PM'], ['Monday', '10:30AM–9:15PM'], ['Tuesday', '10:30AM–9:15PM'], ['Wednesday', '10:30AM–9:15PM'], ['Thursday', '10:30AM–9:15PM'], ['Friday', '10AM–10PM'], ['Saturday', '10AM–10PM']]"
0x88e7828903db7bc3:0xaaf52989e00196dc,MIWA Hibachi & Sushi Express,"MIWA Hibachi & Sushi Express, 10177 W Colonial Dr, Ocoee, FL 34761",28.552443999999998,-81.52802899999999,['Japanese restaurant'],4.2,208,$,"[['Sunday', 'Closed'], ['Monday', '11AM–9PM'], ['Tuesday', '11AM–9PM'], ['Wednesday', '11AM–9PM'], ['Thursday', '11AM–9PM'], ['Friday', '11AM–9PM'], ['Saturday', '12–9PM']]"
0x88d9b48e1a77512b:0x556a32ecfa89d826,Toni's Sushi Bar,"Toni's Sushi Bar, 1208 Washington Ave, Miami Beach, FL 33139",25.783142299999998,-80.132584,"['Sushi restaurant', 'Asian fusion restaurant', 'Asian restaurant', 'Japanese restaurant']",4.4,314,$$$,"[['Sunday', '6–11PM'], ['Monday', '6–11PM'], ['Tuesday', '6–11PM'], ['Wednesday', '6–11PM'], ['Thursday', '6–11PM'], ['Friday', '6–11PM'], ['Saturday', '6–11PM']]"
0x88d9b49cf1884a6b:0xb690a164b72131b3,Sérêvène,"Sérêvène, 1920 Collins Ave, Miami Beach, FL 33139",25.795610999999997,-80.12955529999999,"['Japanese restaurant', 'Asian fusion restaurant', 'Bar', 'Cocktail bar', 'French restaurant', 'Delivery Restaurant']",4.8,18,,"[['Sunday', '4–10PM'], ['Monday', '4–10PM'], ['Tuesday', 'Closed'], ['Wednesday', 'Closed'], ['Thursday', '4–10PM'], ['Friday', '4–10PM'], ['Saturday', '4–10PM']]"
0x88d9b5285c453131:0x789480423f6bbc86,Sushi By Bou,"Sushi By Bou, 1116 Ocean Dr, Miami Beach, FL 33139",25.7818954,-80.1307774,"['Japanese restaurant', 'Asian restaurant', 'Cocktail bar', 'Sushi restaurant']",3.8,18,,"[['Sunday', '12–11PM'], ['Monday', '5–11PM'], ['Tuesday', '5–11PM'], ['Wednesday', '5–11PM'], ['Thursday', '5–11PM'], ['Friday', '5–11PM'], ['Saturday', '12–11PM']]"
0x88d9079a616cd695:0xf28d15634c15fe6e,Wako Poke Bowls,"Wako Poke Bowls, 8000 W Broward Blvd, Plantation, FL 33388",26.1173128,-80.2547613,"['Japanese restaurant', 'Hawaiian restaurant', 'Vegetarian restaurant']",4.2,28,$,"[['Sunday', '11AM–6PM'], ['Monday', '10AM–9PM'], ['Tuesday', '10AM–9PM'], ['Wednesday', '10AM–9PM'], ['Thursday', '10AM–9PM'], ['Friday', '10AM–9PM'], ['Saturday', '10AM–9PM']]"
0x88d9b8ee7b4c279d:0x8c3b6b41de64a4ba,Sushi Sake Westchester,"Sushi Sake Westchester, 8679 Coral Way, Miami, FL 33155",25.7493117,-80.3350691,"['Sushi restaurant', 'Asian fusion restaurant', 'Asian restaurant', 'Bar', 'Cocktail bar', 'Family restaurant', 'Japanese restaurant', 'Restaurant']",3.9,558,$$,"[['Sunday', '11AM–12AM'], ['Monday', '11AM–12AM'], ['Tuesday', '11AM–12AM'], ['Wednesday', '11AM–12AM'], ['Thursday', '11AM–12AM'], ['Friday', '11AM–12AM'], ['Saturday', '11AM–12AM']]"
0x88d9c709e1e7bc47:0x9057c4bcc693cd5e,Siam Dragon Asian Bistro,"Siam Dragon Asian Bistro, 7748 N Kendall Dr, Miami, FL 33156",25.6872586,-80.31973769999999,"['Thai restaurant', 'Japanese restaurant', 'Sushi restaurant']",4.1,164,$$,"[['Sunday', '3:30–10PM'], ['Monday', '11AM–10:30PM'], ['Tuesday', '11AM–10:30PM'], ['Wednesday', '11AM–10:30PM'], ['Thursday', '11AM–10:30PM'], ['Friday', '11AM–10:30PM'], ['Saturday', '12–10:30PM']]"
0x8890c48dcd437e0d:0x10d7c6b55a85e0b,Horizon,"Horizon, 3095 Gulf Breeze Pkwy, Gulf Breeze, FL 32563",30.384976499999997,-87.0955535,"['Japanese restaurant', 'American restaurant', 'Restaurant']",4.2,588,$,"[['Sunday', '12–10PM'], ['Monday', '11AM–10PM'], ['Tuesday', '11AM–10PM'], ['Wednesday', '11AM–10PM'], ['Thursday', '11AM–10PM'], ['Friday', '11AM–10:30PM'], ['Saturday', '11AM–10:30PM']]"
0x88d901ffbe4fd069:0xb930b83e3eece7e5,Sushi Song,"Sushi Song, 3414 N Ocean Blvd, Fort Lauderdale, FL 33308",26.170379099999998,-80.0997675,"['Sushi restaurant', 'Japanese restaurant', 'Raw food restaurant']",4.6,268,$$,"[['Sunday', '5:30AM–2AM'], ['Monday', '5:30AM–2AM'], ['Tuesday', '5:30AM–2AM'], ['Wednesday', '5:30AM–2AM'], ['Thursday', '5:30AM–2AM'], ['Friday', '5:30AM–2AM'], ['Saturday', '5:30AM–2AM']]"
0x88d9a6721b2c7153:0xc344bb98a785394a,Little Tokyo,"Little Tokyo, 11401 Pines Blvd, Pembroke Pines, FL 33026",26.010942,-80.30480349999999,['Japanese restaurant'],4.0,38,,"[['Sunday', 'Closed'], ['Monday', 'Closed'], ['Tuesday', '10AM–9PM'], ['Wednesday', '10AM–9PM'], ['Thursday', 'Closed'], ['Friday', '10AM–9PM'], ['Saturday', '10AM–9PM']]"
0x88d9b68423d44f53:0x5a816bd1a2982deb,1111 Peruvian Bistro,"1111 Peruvian Bistro, 1111 SW 1st Ave, Miami, FL 33130",25.7628418,-80.194655,"['Peruvian restaurant', 'Japanese restaurant', 'Delivery Restaurant', 'Takeout Restaurant', 'Restaurant', 'Sushi restaurant']",4.5,286,$$,
0x88dd2d3a6edd27bf:0x6f01f1d367fa6e7b,Hokkaido hibachi&sushi,"Florida, Lithia, Fishhawk Blvd, Hokkaido hibachi&sushi邮政编码: 33547",27.8616575,-82.20066659999999,['Authentic Japanese restaurant'],4.5,78,,"[['Sunday', '1–9PM'], ['Monday', 'Closed'], ['Tuesday', '11:30AM–2:30PM'], ['Wednesday', '11:30AM–2:30PM'], ['Thursday', '11:30AM–2:30PM'], ['Friday', '11:30AM–2:30PM'], ['Saturday', '11:30AM–2:30PM']]"
0x88e5b52688543dbd:0x5696c9a36dbf20ec,SUSHI HOUSE 2 at town center,"Florida, Jacksonville, River Marsh Dr, SUSHI HOUSE 2 at town center邮政编码: 32246",30.262022199999997,-81.52842989999999,"['Sushi restaurant', 'Izakaya restaurant', 'Japanese restaurant', 'Teppanyaki restaurant']",4.7,58,,"[['Sunday', '12–10PM'], ['Monday', '11AM–10PM'], ['Tuesday', '11AM–10PM'], ['Wednesday', '11AM–10PM'], ['Thursday', '11AM–10PM'], ['Friday', '11AM–10PM'], ['Saturday', '11AM–10PM']]"
0x88d9b140c30c004f:0x4aeed96ed81e49c3,Ichimi MIA,"Florida, Miami, Buena Vista Blvd, Ichimi MIA邮政编码: 33127",25.8071928,-80.1936121,['Japanese restaurant'],4.9,608,,"[['Sunday', '12–11PM'], ['Monday', '12–11PM'], ['Tuesday', '12–11PM'], ['Wednesday', '12–11PM'], ['Thursday', '12–11PM'], ['Friday', '12–11PM'], ['Saturday', '12–11PM']]"
0x88d9e765a772459d:0xe522677f0b6bbbfc,Nikko,"Nikko, 827 N Homestead Blvd, Homestead, FL 33030",25.477591699999998,-80.46376389999999,"['Japanese restaurant', 'Asian restaurant', 'Sushi restaurant']",4.3,178,$,"[['Sunday', '5:30–10PM'], ['Monday', '11:30AM–2:30PM'], ['Tuesday', '11:30AM–2:30PM'], ['Wednesday', '11:30AM–2:30PM'], ['Thursday', '11:30AM–2:30PM'], ['Friday', '11:30AM–2:30PM'], ['Saturday', '5:30–10PM']]"
0x88d905f9b33bc861:0xc2bcad4d9add8c69,Asahi Chinese & Japanese Restaurant,"Asahi Chinese & Japanese Restaurant, 9240 W Commercial Blvd, Sunrise, FL 33351",26.192456,-80.27378019999999,"['Chinese restaurant', 'Asian restaurant', 'Japanese restaurant', 'Delivery Restaurant', 'Sushi restaurant']",4.1,333,$,"[['Sunday', '3–10PM'], ['Monday', '11AM–10PM'], ['Tuesday', '11AM–10PM'], ['Wednesday', '11AM–10PM'], ['Thursday', '11AM–10PM'], ['Friday', '11AM–11PM'], ['Saturday', '2:30–10PM']]"
0x88d9c0dc980b2181:0xcdeb8412fc4487d6,Sushi Maki (Kendall),"Sushi Maki (Kendall), 11531 SW 88th St, Miami, FL 33176",25.687049,-80.380314,"['Sushi restaurant', 'Asian restaurant', 'Japanese restaurant']",4.1,328,$$,"[['Sunday', '12–10PM'], ['Monday', '11AM–10PM'], ['Tuesday', '11AM–10PM'], ['Wednesday', '11AM–10PM'], ['Thursday', '11AM–10PM'], ['Friday', '11AM–11PM'], ['Saturday', '12–11PM']]"
0x88d9ad8be8b516bb:0x8affef57ac9e7152,Sushi Sake,"Sushi Sake, 13551 Biscayne Blvd, North Miami, FL 33181",25.9007549,-80.1596047,"['Asian fusion restaurant', 'Asian restaurant', 'Bar', 'Cocktail bar', 'Japanese restaurant', 'Sushi restaurant']",3.7,447,$$,"[['Sunday', '11:30AM–11PM'], ['Monday', '11:30AM–11PM'], ['Tuesday', '11:30AM–11PM'], ['Wednesday', '11:30AM–11PM'], ['Thursday', '11:30AM–11PM'], ['Friday', '11:30AM–11PM'], ['Saturday', '11:30AM–11PM']]"
0x88d9c7a44a2934cb:0x542519d57a733e59,Sushi Sake Dadeland,"Sushi Sake Dadeland, 9079 S Dixie Hwy, Miami, FL 33156",25.6861683,-80.3107253,"['Sushi restaurant', 'Asian restaurant', 'Bar', 'Cocktail bar', 'Japanese restaurant', 'Restaurant']",4.0,178,$$,"[['Sunday', '12–11PM'], ['Monday', '11AM–11PM'], ['Tuesday', '11AM–11PM'], ['Wednesday', '11AM–11PM'], ['Thursday', '11AM–11PM'], ['Friday', '11AM–12AM'], ['Saturday', '12PM–12AM']]"
0x88d9b2dd7d705e69:0x7b8865c7822be716,Iron Sushi,"Iron Sushi, 6940 Collins Ave, Miami Beach, FL 33141",25.855083999999998,-80.1206251,"['Sushi restaurant', 'Asian restaurant', 'Japanese restaurant', 'Delivery Restaurant']",3.1,258,$,"[['Sunday', '11AM–12AM'], ['Monday', '11AM–12AM'], ['Tuesday', '11AM–12AM'], ['Wednesday', '11AM–12AM'], ['Thursday', '11AM–12AM'], ['Friday', '11AM–12AM'], ['Saturday', '11AM–12AM']]"
0x88e6d945a7b89c7f:0xefb393a9be0cc67e,Sarku Japan,"Sarku Japan, 1700 West International Speedway Boulevard Space #142, Daytona Beach, FL 32114",29.1971137,-81.0625934,"['Japanese restaurant', 'Fast food restaurant', 'Restaurant', 'Sushi restaurant', 'Teppanyaki restaurant']",4.3,117,$,"[['Sunday', '12–6PM'], ['Monday', '11AM–7PM'], ['Tuesday', '11AM–7PM'], ['Wednesday', '11AM–7PM'], ['Thursday', '11AM–7PM'], ['Friday', '11AM–7PM'], ['Saturday', '11AM–7PM']]"
0x88ded585140f92eb:0x17185e02f32dfe88,Asian Fin,"Asian Fin, 4650 Donald Ross Rd #106, Palm Beach Gardens, FL 33418",26.8816117,-80.1069789,"['Asian restaurant', 'Japanese restaurant', 'Restaurant', 'Seafood restaurant', 'Steak house', 'Sushi restaurant']",3.9,184,$$,"[['Sunday', 'Closed'], ['Monday', '4–9PM'], ['Tuesday', '4–9PM'], ['Wednesday', '4–9PM'], ['Thursday', '4–9PM'], ['Friday', '4–9PM'], ['Saturday', '4–9PM']]"
0x88df2ac27b1d12c5:0xd2bcbb588f42cacc,Carmine's Ocean Grill and Sushi Bar,"Carmine's Ocean Grill and Sushi Bar, 2401 PGA Boulevard #160, Palm Beach Gardens, FL 33410",26.8459589,-80.07156499999999,"['Seafood restaurant', 'Japanese restaurant', 'Sushi restaurant']",4.3,338,$$$,"[['Sunday', '4–10PM'], ['Monday', '4–10PM'], ['Tuesday', '4–10PM'], ['Wednesday', '4–10PM'], ['Thursday', '4–11PM'], ['Friday', '4–11PM'], ['Saturday', '4–11PM']]"
0x88e77f16b257e1bb:0x9cb774d700481ae6,Akasaka Sushi steak japanese restaurant,"Akasaka Sushi steak japanese restaurant, 7786 W Sand Lake Rd, Orlando, FL 32819",28.448677,-81.4895859,"['Japanese restaurant', 'Asian restaurant', 'Basque restaurant', 'Chicken wings restaurant', 'Seafood restaurant', 'Steak house', 'Sushi restaurant']",4.3,208,$$,"[['Sunday', '12–10PM'], ['Monday', '11:30AM–3PM'], ['Tuesday', '11:30AM–3PM'], ['Wednesday', '11:30AM–3PM'], ['Thursday', '11:30AM–3PM'], ['Friday', '5AM–11PM'], ['Saturday', '5–11PM']]"
0x88dedda8140b9977:0xab9c94c7bef826da,THEP THAI RESTAURANT,"THEP THAI RESTAURANT, 2434 SE Federal Hwy, Stuart, FL 34994",27.1748764,-80.2350639,"['Thai restaurant', 'Japanese restaurant']",4.2,68,$$,"[['Sunday', '4AM–9PM'], ['Monday', '11AM–2:30PM'], ['Tuesday', '11AM–2:30PM'], ['Wednesday', '11AM–2:30PM'], ['Thursday', '11AM–2:30PM'], ['Friday', '11AM–2:30PM'], ['Saturday', '1–10PM']]"
0x88e77afe7d04708b:0xfa787d1a550dddb2,Shakai Sushi Lounge,"Shakai Sushi Lounge, 43 E Pine St, Orlando, FL 32801",28.541492599999998,-81.3781462,"['Sushi restaurant', 'Asian restaurant', 'Bar', 'Japanese restaurant', 'Lounge', 'Night club', 'Restaurant']",4.5,525,$$,"[['Sunday', 'Closed'], ['Monday', '5–9:30PM'], ['Tuesday', '11AM–1:30PM'], ['Wednesday', '11AM–1:30PM'], ['Thursday', '11AM–1:30PM'], ['Friday', '11AM–1:30PM'], ['Saturday', '5–9PM']]"
0x88d9a733b2ca5b81:0x354b68af5cbcb425,Weston Sushi & Grill,"Weston Sushi & Grill, 4482 Weston Rd, Davie, FL 33331",26.065120699999998,-80.3599517,"['Japanese restaurant', 'Asian restaurant', 'Delivery Restaurant', 'Sushi restaurant']",4.2,35,$$,"[['Sunday', '12–10PM'], ['Monday', '11AM–10PM'], ['Tuesday', '11AM–10PM'], ['Wednesday', '11AM–10PM'], ['Thursday', '11AM–10PM'], ['Friday', '11AM–11PM'], ['Saturday', '11AM–11PM']]"
0x889174a848863a65:0x32eca45e39f91fb4,You Sushi & Hibachi,"You Sushi & Hibachi, 450 Main St, Crestview, FL 32536",30.7604778,-86.5723069,['Japanese restaurant'],4.7,306,$,"[['Saturday', '12–9PM'], ['Sunday', 'Closed'], ['Monday', '11AM–8:30PM'], ['Tuesday', '11AM–8:30PM'], ['Wednesday', '11AM–8:30PM'], ['Thursday', '11AM–8:30PM'], ['Friday', '11AM–9PM']]"
0x88dae1e91074238f:0x397d9e2130ab1a68,Sarku Japan,"Sarku Japan, 1900 Tamiami Trail N Unit FC-5A, Naples, FL 34102",26.1693459,-81.79420069999999,"['Japanese restaurant', 'Asian restaurant', 'Fast food restaurant', 'Restaurant', 'Sushi restaurant', 'Teppanyaki restaurant']",4.2,48,$,"[['Saturday', '11AM–8PM'], ['Sunday', '12–6PM'], ['Monday', '11AM–7PM'], ['Tuesday', '11AM–7PM'], ['Wednesday', '11AM–7PM'], ['Thursday', '11AM–7PM'], ['Friday', '11AM–8PM']]"
0x88d9a52e66cf01fb:0x3837da42e6fb8603,Thai Cafe,"Thai Cafe, 6845 Main St, Miami Lakes, FL 33014",25.912986099999998,-80.3118667,"['Thai restaurant', 'Asian restaurant', 'Japanese restaurant']",4.3,188,$$,"[['Saturday', '3–9:30PM'], ['Sunday', '3–9:30PM'], ['Monday', '11:30AM–3PM'], ['Tuesday', '11:30AM–3PM'], ['Wednesday', '11:30AM–3PM'], ['Thursday', '11:30AM–3PM'], ['Friday', '11:30AM–3PM']]"
0x88c3406fa5d95873:0x1ee047715ac91784,Sarasota Sake House,"Sarasota Sake House, 1987 Ringling Blvd, Sarasota, FL 34236",27.3357681,-82.5316242,"['Japanese restaurant', 'Asian restaurant', 'Japanese steakhouse', 'Sushi restaurant']",4.8,58,$$,"[['Saturday', '5–10:30PM'], ['Sunday', '5–10PM'], ['Monday', '11:30AM–2PM'], ['Tuesday', '11:30AM–2PM'], ['Wednesday', '11:30AM–2PM'], ['Thursday', '11:30AM–2PM'], ['Friday', '11:30AM–2PM']]"
0x88d8d53918a69219:0x9ae1db1cea44f698,Ninja Sushi,"Ninja Sushi, 916 Northlake Blvd, North Palm Beach, FL 33408",26.807624999999998,-80.07232499999999,"['Sushi restaurant', 'Japanese restaurant']",4.5,264,$,"[['Saturday', '11AM–10:30PM'], ['Sunday', '12–9:30PM'], ['Monday', '11AM–10PM'], ['Tuesday', '11AM–10PM'], ['Wednesday', '11AM–10PM'], ['Thursday', '11AM–10PM'], ['Friday', '11AM–10:30PM']]"
0x88e6eb221d9c6501:0x1af02db38b8488dd,Fancy Sushi,"Fancy Sushi, 5290 E Moody Blvd #105, Palm Coast, FL 32164",29.4761603,-81.2137413,"['Sushi restaurant', 'Asian restaurant', 'Japanese restaurant']",4.2,375,$$,"[['Saturday', '11AM–11PM'], ['Sunday', '12–10PM'], ['Monday', '11AM–10PM'], ['Tuesday', '11AM–10PM'], ['Wednesday', '11AM–10PM'], ['Thursday', '11AM–10PM'], ['Friday', '11AM–11PM']]"
0x88d9ea81277a374b:0xa76ece045f504f6b,Moon Thai & Japanese,"Moon Thai & Japanese, 16311 N Kendall Dr, Miami, FL 33196",25.684938499999998,-80.4563411,"['Thai restaurant', 'Asian restaurant', 'Japanese restaurant', 'Sushi restaurant']",4.3,657,$$,"[['Saturday', '11:30AM–11:30PM'], ['Sunday', '12–11PM'], ['Monday', '11:30AM–3PM'], ['Tuesday', '11:30AM–3PM'], ['Wednesday', '11:30AM–3PM'], ['Thursday', '11:30AM–3PM'], ['Friday', '11:30AM–11:30PM']]"
0x88e6ddae53e5be73:0x75777c001330f012,Fancy Sushi,"Fancy Sushi, 1930 W Granada Blvd #1, Ormond Beach, FL 32174",29.252732599999998,-81.12716259999999,"['Japanese restaurant', 'Asian restaurant', 'Sushi restaurant']",4.3,196,$$,"[['Saturday', '11AM–11PM'], ['Sunday', '12–10PM'], ['Monday', 'Closed'], ['Tuesday', '11AM–10PM'], ['Wednesday', '11AM–10PM'], ['Thursday', '11AM–10PM'], ['Friday', '11AM–11PM']]"
0x88e5ae504985394d:0x7c73b206cd0182ba,Wasabi Japanese Restaurant,"Wasabi Japanese Restaurant, 840 Nautica Dr #127, Jacksonville, FL 32218",30.4798552,-81.6385348,"['Japanese restaurant', 'Restaurant', 'Sushi restaurant']",4.1,318,$$,"[['Saturday', '11AM–9:30PM'], ['Sunday', '11AM–9:30PM'], ['Monday', 'Closed'], ['Tuesday', '11AM–9:30PM'], ['Wednesday', '11AM–9:30PM'], ['Thursday', '11AM–9:30PM'], ['Friday', '11AM–9:30PM']]"
0x88d9ac5e24908b6f:0x88118ec3da426f2a,Asaka Japanese Restaurant,"Asaka Japanese Restaurant, 20355 Biscayne Blvd K-1, Aventura, FL 33180",25.9644232,-80.14288379999999,['Japanese restaurant'],4.3,348,$$,"[['Saturday', '4–11PM'], ['Sunday', '4–10:30PM'], ['Monday', '12–11PM'], ['Tuesday', '12–11PM'], ['Wednesday', '12–11PM'], ['Thursday', '12–11PM'], ['Friday', '12–11PM']]"
0x88d9262c60692f1f:0x2ac1f6274fd8641a,Saigon Tokyo Restaurant,"Saigon Tokyo Restaurant, 2902 S Jog Rd, Greenacres, FL 33467",26.633813999999997,-80.144995,"['Vietnamese restaurant', 'Asian restaurant', 'Japanese restaurant', 'Southeast Asian restaurant', 'Sushi restaurant']",4.6,398,$$,"[['Saturday', '11:30AM–2:30PM'], ['Sunday', '5–10PM'], ['Monday', 'Closed'], ['Tuesday', '11:30AM–2:30PM'], ['Wednesday', '11:30AM–2:30PM'], ['Thursday', '11:30AM–2:30PM'], ['Friday', '11:30AM–2:30PM']]"
0x88dd7a7f7d2af9e3:0x31f80e062af877df,"Sake Sushi, Steak, & Wine","Sake Sushi, Steak, & Wine, 2700 Posner Blvd, Davenport, FL 33837",28.2292968,-81.64559059999999,"['Japanese steakhouse', 'Japanese restaurant', 'Steak house', 'Sushi restaurant']",3.3,444,$$,"[['Saturday', '11:30AM–10PM'], ['Sunday', '12AM–9PM'], ['Monday', 'Closed'], ['Tuesday', '11:30AM–9:30PM'], ['Wednesday', '11:30AM–9:30PM'], ['Thursday', '11:30AM–9:30PM'], ['Friday', '11:30AM–10PM']]"
0x88e77e1f6d1070eb:0x62729e61757c4c94,すし吉 Sushi Kichi Japanese Restaurant,"すし吉 Sushi Kichi Japanese Restaurant, 5368 Central Florida Pkwy, Orlando, FL 32821",28.407156999999998,-81.448815,"['Authentic Japanese restaurant', 'Japanese restaurant']",4.6,567,$$,"[['Saturday', '12–8:30PM'], ['Sunday', '12–8:30PM'], ['Monday', 'Closed'], ['Tuesday', '12–2:30PM'], ['Wednesday', '12–2:30PM'], ['Thursday', '12–2:30PM'], ['Friday', '12–2:30PM']]"
0x88ec5f7b67459f97:0x2a3feae695f25cbf,Hasu Sushi & Grill I,"Hasu Sushi & Grill I, 3551 N Blair Stone Rd, Tallahassee, FL 32301",30.4046167,-84.2375995,['Japanese restaurant'],4.5,98,,"[['Saturday', '11AM–10PM'], ['Sunday', 'Closed'], ['Monday', '11AM–10PM'], ['Tuesday', '11AM–10PM'], ['Wednesday', '11AM–10PM'], ['Thursday', '11AM–10PM'], ['Friday', '11AM–10PM']]"
0x88ecf5c41c687fa1:0x887660ddcbef5bc4,Sado Mori Japanese Steak House,"Sado Mori Japanese Steak House, 2810 Sharer Rd, Tallahassee, FL 32312",30.4793217,-84.297505,['Japanese restaurant'],4.5,228,$$,"[['Saturday', '4–10PM'], ['Sunday', '4–9:30PM'], ['Monday', '4–9:30PM'], ['Tuesday', '4–9:30PM'], ['Wednesday', '4–9:30PM'], ['Thursday', '4–9:30PM'], ['Friday', '4–10PM']]"
0x88e437cc2930368f:0xe42c36bad1357b9a,I Noodle Ramen and Dumpling,"I Noodle Ramen and Dumpling, 880 A1A N #9, Ponte Vedra Beach, FL 32082",30.189208899999997,-81.3814163,"['Restaurant', 'Asian fusion restaurant', 'Asian restaurant', 'Chinese restaurant', 'Japanese restaurant', 'Takeout Restaurant', 'Ramen restaurant']",4.9,118,,"[['Saturday', '12–9PM'], ['Sunday', '12–8PM'], ['Monday', '11AM–9PM'], ['Tuesday', '11AM–9PM'], ['Wednesday', '11AM–9PM'], ['Thursday', '11AM–9PM'], ['Friday', '11AM–10PM']]"
0x88d9b49b6e5447e3:0x47397d59456d05fc,Fung Kü,"Fung Kü, 1720 Collins Ave, Miami Beach, FL 33139",25.792770599999997,-80.1300004,"['Sushi restaurant', 'Asian restaurant', 'Bar', 'Japanese restaurant', 'Restaurant']",3.2,248,$$,"[['Saturday', '2PM–2AM'], ['Sunday', '2PM–12AM'], ['Monday', '6PM–12AM'], ['Tuesday', '6PM–12AM'], ['Wednesday', '6PM–12AM'], ['Thursday', '6PM–12AM'], ['Friday', '6PM–2AM']]"
0x88d9a7d4d4f81f29:0x5bd4f8bc1273d360,Sushi Sogo Japanese Restaurant,"Sushi Sogo Japanese Restaurant, 10000 Stirling Rd #8, Hollywood, FL 33024",26.044012199999997,-80.2801291,"['Japanese restaurant', 'Restaurant']",4.3,293,$$,"[['Saturday', '3:30–9:30PM'], ['Sunday', '3:30–9:30PM'], ['Monday', '3:30–9:30PM'], ['Tuesday', '3:30–9:30PM'], ['Wednesday', '3:30–9:30PM'], ['Thursday', '3:30–9:30PM'], ['Friday', '3:30–9:30PM']]"
0x88c3417f09eac4cb:0x9e769233a2f0c280,Taste Of Hong Kong,"Taste Of Hong Kong, 2224 Gulf Gate Dr, Sarasota, FL 34231",27.2585698,-82.5168192,"['Chinese restaurant', 'Asian restaurant', 'Japanese restaurant', 'Sushi restaurant']",4.1,186,$,"[['Saturday', '11AM–9:30PM'], ['Sunday', '11AM–9:30PM'], ['Monday', '11AM–9:30PM'], ['Tuesday', '11AM–9:30PM'], ['Wednesday', '11AM–9:30PM'], ['Thursday', '11AM–9:30PM'], ['Friday', '11AM–9:30PM']]"
0x88e69d59591119bd:0x9929105405c84e35,Saigon To Tokyo,"Saigon To Tokyo, 1835 US-1, St. Augustine, FL 32084",29.8679328,-81.32415429999999,"['Asian restaurant', 'Asian fusion restaurant', 'Japanese restaurant', 'Pho restaurant', 'Soup restaurant', 'Vegetarian restaurant', 'Vietnamese restaurant']",4.5,118,$$,"[['Saturday', '11AM–9PM'], ['Sunday', 'Closed'], ['Monday', 'Closed'], ['Tuesday', '11AM–9PM'], ['Wednesday', '11AM–9PM'], ['Thursday', '11AM–9PM'], ['Friday', '11AM–9PM']]"
0x88d91eab064a77e7:0x16b8a5c518cc24e6,Saito's Japanese Steakhouse,"Saito's Japanese Steakhouse, 8841 Glades Rd, Boca Raton, FL 33434",26.368441599999997,-80.18473929999999,['Japanese steakhouse'],4.2,378,$$,"[['Saturday', '12–11PM'], ['Sunday', '12–10PM'], ['Monday', '11:30AM–10PM'], ['Tuesday', '11:30AM–10PM'], ['Wednesday', '11:30AM–10PM'], ['Thursday', '11:30AM–10PM'], ['Friday', '11:30AM–11PM']]"
0x88c2f0f213736627:0xa800890b0c04499a,Thai Coconut and Sushi,"Thai Coconut and Sushi, 1280 S Missouri Ave, Clearwater, FL 33756",27.951456,-82.7878604,"['Thai restaurant', 'Asian fusion restaurant', 'Japanese restaurant', 'Sushi restaurant', 'Vegetarian restaurant']",4.4,508,$$,"[['Saturday', '12–2:30PM'], ['Sunday', '4:30–9:30PM'], ['Monday', '11:30AM–2:30PM'], ['Tuesday', '11:30AM–2:30PM'], ['Wednesday', '11:30AM–2:30PM'], ['Thursday', '11:30AM–2:30PM'], ['Friday', '11:30AM–2:30PM']]"
0x88c33ccd2149a2d3:0x209dbac7968f1d76,Tokyo Thai,"Tokyo Thai, 5959 Factory Shops Blvd, Ellenton, FL 34222",27.5338824,-82.5042206,"['Asian restaurant', 'Japanese restaurant', 'Southeast Asian restaurant', 'Sushi restaurant', 'Thai restaurant']",3.8,218,$$,"[['Saturday', '11AM–3PM'], ['Sunday', '12:30–9:30PM'], ['Monday', '11AM–3PM'], ['Tuesday', '11AM–3PM'], ['Wednesday', '11AM–3PM'], ['Thursday', '11AM–3PM'], ['Friday', '11AM–3PM']]"
0x88c2b2fd3941f951:0xb4bb9f74964921f9,Tokyo Grill & Sushi Inc,"Tokyo Grill & Sushi Inc, 32825 Eiland Blvd, Wesley Chapel, FL 33545",28.2222144,-82.24768759999999,"['Japanese restaurant', 'Restaurant', 'Sushi restaurant']",4.2,208,$,"[['Saturday', '11AM–10:30PM'], ['Sunday', '12–9:30PM'], ['Monday', '5–9:30PM'], ['Tuesday', '11AM–9:30PM'], ['Wednesday', '11AM–9:30PM'], ['Thursday', '11AM–9:30PM'], ['Friday', '11AM–10:30PM']]"
0x88de0d27341aaaab:0x238fc825034ea8e6,Hibachi Express,"Hibachi Express, 195 Malabar Rd NW #4, Palm Bay, FL 32907",27.9995618,-80.6753887,['Japanese restaurant'],4.4,266,,"[['Saturday', '11AM–11PM'], ['Sunday', '12–10PM'], ['Monday', 'Closed'], ['Tuesday', '11AM–10PM'], ['Wednesday', '11AM–10PM'], ['Thursday', '11AM–10PM'], ['Friday', '11AM–11PM']]"
0x88d9ad96df3de149:0xf65704f2d4a00835,Oishi Thai,"Oishi Thai, 14841 Biscayne Blvd, North Miami, FL 33181",25.9128235,-80.1556736,"['Thai restaurant', 'Cocktail bar', 'Japanese restaurant', 'Takeout Restaurant', 'Sushi restaurant', 'Wine bar']",4.2,238,$$,"[['Saturday', '12–10PM'], ['Sunday', '12–10PM'], ['Monday', 'Closed'], ['Tuesday', '12–10PM'], ['Wednesday', '12–10PM'], ['Thursday', '12–10PM'], ['Friday', '12–10PM']]"
0x88e771cdc6137275:0xc502be527f91d397,Nakada's kitchen,"Nakada's kitchen, 1230 W Fairbanks Ave, Winter Park, FL 32789",28.592806999999997,-81.3656991,"['Restaurant', 'Authentic Japanese restaurant']",5.0,6,,"[['Saturday', '11AM–3PM'], ['Sunday', '11AM–3PM'], ['Monday', '11AM–3PM'], ['Tuesday', '11AM–3PM'], ['Wednesday', '11AM–3PM'], ['Thursday', '11AM–3PM'], ['Friday', '11AM–3PM']]"
0x88ded665421bf477:0xc87e05e02e26a3da,Noble Thai & Sushi Bistro,"Noble Thai & Sushi Bistro, 6350 W Indiantown Rd #7, Jupiter, FL 33458",26.9333998,-80.1315372,"['Thai restaurant', 'Asian fusion restaurant', 'Asian restaurant', 'Japanese restaurant', 'Sushi restaurant']",4.4,228,$$,"[['Saturday', '4:30–9:30PM'], ['Sunday', 'Closed'], ['Monday', '11:30AM–2:30PM'], ['Tuesday', '11:30AM–2:30PM'], ['Wednesday', '11:30AM–2:30PM'], ['Thursday', '11:30AM–2:30PM'], ['Friday', '11:30AM–2:30PM']]"
0x88d9adbb1aef11bf:0x80b7c61406685659,Iron Sushi,"Iron Sushi, 16350 Dixie Hwy, North Miami Beach, FL 33162",25.9265828,-80.1561603,"['Japanese restaurant', 'Delivery Restaurant', 'Restaurant', 'Sushi restaurant']",3.7,325,$,"[['Saturday', '11AM–11PM'], ['Sunday', '11AM–11PM'], ['Monday', '11AM–11PM'], ['Tuesday', '11AM–11PM'], ['Wednesday', '11AM–11PM'], ['Thursday', '11AM–11PM'], ['Friday', '11AM–11PM']]"
0x88d9195526dd0a0b:0xc10cecf8db1971d1,Yokohama Sushi,"Yokohama Sushi, 9168 Glades Rd, Boca Raton, FL 33434",26.3662749,-80.188302,"['Sushi restaurant', 'Japanese restaurant', 'Restaurant']",4.2,153,$$,"[['Saturday', '11:30AM–10PM'], ['Sunday', '12–9PM'], ['Monday', '2–9PM'], ['Tuesday', '2–9PM'], ['Wednesday', '2–9PM'], ['Thursday', '2–9PM'], ['Friday', '11:30AM–10PM']]"
0x88d8d538b850d31f:0xee629c046767026b,Ceviche Arigato,"Ceviche Arigato, 1447 10th St, Lake Park, FL 33403",26.807332799999998,-80.0747677,"['Peruvian restaurant', 'Japanese restaurant', 'Delivery Restaurant', 'Takeout Restaurant', 'Restaurant']",4.6,958,$$,"[['Friday', '11AM–11PM'], ['Saturday', '11AM–11PM'], ['Sunday', '12–10PM'], ['Monday', '11AM–10PM'], ['Tuesday', '11AM–10PM'], ['Wednesday', '11AM–10PM'], ['Thursday', '11AM–10PM']]"
0x88d9b7ae4ae1c849:0x293faa2a8e4d711b,Rumba(Tien Kue Inn),"Rumba(Tien Kue Inn), 2860 Coral Way, Miami, FL 33145",25.749955999999997,-80.2406,"['Chinese restaurant', 'Asian restaurant', 'Bar', 'Chicken restaurant', 'Japanese restaurant', 'Delivery Restaurant', 'Takeout Restaurant', 'Restaurant', 'Seafood restaurant', 'Soup restaurant']",4.1,25,$,"[['Friday', '12–10PM'], ['Saturday', '12–10PM'], ['Sunday', '12–10PM'], ['Monday', '12–10PM'], ['Tuesday', '12–10PM'], ['Wednesday', '12–10PM'], ['Thursday', '12–10PM']]"
0x88db3f74f2ddc27b:0xfafbbec77631970d,Blu Sushi,"Blu Sushi, 13451 McGregor Blvd #23, Fort Myers, FL 33919",26.5458408,-81.9135371,"['Sushi restaurant', 'Bar', 'Japanese restaurant', 'Night club', 'Restaurant', 'Seafood restaurant']",4.3,498,$$,"[['Friday', '11:30AM–12AM'], ['Saturday', '11:30AM–12AM'], ['Sunday', '11:30AM–11PM'], ['Monday', '11:30AM–11PM'], ['Tuesday', '11:30AM–11PM'], ['Wednesday', '11:30AM–11PM'], ['Thursday', '11:30AM–11PM']]"
0x88e71340662bead3:0x66d0a663698b2a90,Jimotti's Restaurant,"Jimotti's Restaurant, 2545 S French Ave, Sanford, FL 32773",28.784608199999997,-81.2726708,['Japanese restaurant'],4.6,298,$$,"[['Friday', '11:30AM–1:30PM'], ['Saturday', '5–9PM'], ['Sunday', 'Closed'], ['Monday', 'Closed'], ['Tuesday', '11:30AM–1:30PM'], ['Wednesday', '11:30AM–1:30PM'], ['Thursday', '11:30AM–1:30PM']]"
0x88d9ad5f82e725a3:0x39fbcf05e8c3b26c,Kyoto Nikkei Cuisine,"Kyoto Nikkei Cuisine, 18146 Collins Ave, Sunny Isles Beach, FL 33160",25.944094399999997,-80.1221806,"['Restaurant', 'Asian restaurant', 'Japanese restaurant', 'Delivery Restaurant', 'Nuevo Latino restaurant', 'Sushi restaurant']",5.0,33,,"[['Friday', '11AM–11PM'], ['Saturday', '11AM–11PM'], ['Sunday', '11AM–11PM'], ['Monday', '11AM–11PM'], ['Tuesday', '11AM–11PM'], ['Wednesday', '11AM–11PM'], ['Thursday', '11AM–11PM']]"
0x88deef894e16acd3:0x1dee9884212247e5,Ikura Sushi & Hibachi,"Ikura Sushi & Hibachi, 7538 S Federal Hwy, Port St. Lucie, FL 34952",27.329283699999998,-80.3211043,['Japanese restaurant'],4.5,168,$$,"[['Friday', '11AM–3PM'], ['Saturday', '11AM–3PM'], ['Sunday', '12–9:30PM'], ['Monday', 'Closed'], ['Tuesday', '11AM–3PM'], ['Wednesday', '11AM–3PM'], ['Thursday', '11AM–3PM']]"
0x88c2c11360d7567b:0xbda2e77e096ff0a2,I ai Sushi,"I ai Sushi, 3691 W Waters Ave, Tampa, FL 33614",28.0263842,-82.5026998,"['Japanese restaurant', 'Asian restaurant', 'Restaurant', 'Seafood restaurant', 'Sushi restaurant']",4.3,196,$$,"[['Friday', '12–2PM'], ['Saturday', '12–2PM'], ['Sunday', 'Closed'], ['Monday', '5–8PM'], ['Tuesday', '12–2PM'], ['Wednesday', '12–2PM'], ['Thursday', '12–2PM']]"
0x88c35a31d18f812f:0x337fd9f485a9681f,Kumo Japanese Steakhouse & Sushi,"Kumo Japanese Steakhouse & Sushi, 1657 US-41 BYP, Venice, FL 34293",27.075986,-82.4241285,"['Japanese restaurant', 'Bar', 'Japanese steakhouse', 'Restaurant', 'Sushi restaurant']",3.9,246,$$,"[['Friday', '11AM–2:45PM'], ['Saturday', '11AM–2:45PM'], ['Sunday', 'Closed'], ['Monday', '11AM–2:45PM'], ['Tuesday', '11AM–2:45PM'], ['Wednesday', '11AM–2:45PM'], ['Thursday', '11AM–2:45PM']]"
0x88c2ce4a01e7cccd:0x675d05a3c01c8834,Kiwami Ramen Sushi,"Kiwami Ramen Sushi, 10262 Causeway Blvd, Tampa, FL 33619",27.923676699999998,-82.3408034,"['Japanese restaurant', 'Ramen restaurant', 'Sushi restaurant']",4.5,378,,"[['Friday', '11AM–3PM'], ['Saturday', '12–10:30PM'], ['Sunday', '12–9:30PM'], ['Monday', 'Closed'], ['Tuesday', '11AM–3PM'], ['Wednesday', '11AM–3PM'], ['Thursday', '11AM–3PM']]"
0x889389c5b9391345:0xc4ffba6454479e82,Hibachi Express & Sushi,"Hibachi Express & Sushi, 9956 Hutchison Blvd UNIT 500, Panama City Beach, FL 32407",30.1801452,-85.80149,['Japanese restaurant'],4.2,318,$$,"[['Friday', '11AM–10:30PM'], ['Saturday', '11AM–10:30PM'], ['Sunday', '11AM–10PM'], ['Monday', '11AM–10PM'], ['Tuesday', '11AM–10PM'], ['Wednesday', '11AM–10PM'], ['Thursday', '11AM–10PM']]"
0x88d9a7617b9fa42b:0x67371cc6c56d7c9a,BENTO Pembroke Pines,"BENTO Pembroke Pines, 10350 Pines Blvd #D-101A, Pembroke Pines, FL 33025",26.006642199999998,-80.283782,"['Asian restaurant', 'Chinese restaurant', 'Japanese restaurant', 'Pan-Asian restaurant', 'Restaurant', 'Sushi restaurant']",3.9,287,$$,"[['Friday', '11AM–10:30PM'], ['Saturday', '11:30AM–10:30PM'], ['Sunday', '11:30AM–10PM'], ['Monday', '11AM–10PM'], ['Tuesday', '11AM–10PM'], ['Wednesday', '11AM–10PM'], ['Thursday', '11AM–10PM']]"
0x88d9b755a2455a29:0x63c292c48c693fb1,Paperfish Sushi,"Paperfish Sushi, 1421 S Miami Ave, Miami, FL 33131",25.760364499999998,-80.19308389999999,"['Japanese restaurant', 'Asian fusion restaurant', 'Cocktail bar', 'Peruvian restaurant', 'Sushi restaurant']",4.7,25,,"[['Friday', '5PM–12AM'], ['Saturday', '5PM–12AM'], ['Sunday', '5–11PM'], ['Monday', '5–11PM'], ['Tuesday', '5–11PM'], ['Wednesday', '5–11PM'], ['Thursday', '5–11PM']]"
0x88de044704753af3:0x59efbff26be827f0,Toyo Sushi & Asian Cuisine,"Toyo Sushi & Asian Cuisine, 7720 N Wickham Rd #101, Melbourne, FL 32940",28.231817699999997,-80.6965841,"['Restaurant', 'Asian fusion restaurant', 'Chinese restaurant', 'Japanese restaurant', 'Lunch restaurant', 'Takeout Restaurant', 'Sushi restaurant']",4.4,196,$$,"[['Friday', '11AM–9PM'], ['Saturday', '11AM–9PM'], ['Sunday', '4–8PM'], ['Monday', '11AM–9PM'], ['Tuesday', '11AM–9PM'], ['Wednesday', '11AM–9PM'], ['Thursday', '11AM–9PM']]"
0x88d9b7e830a56f41:0xcdfd29fdbcea296,Buya Izakaya + Yakitori,"Buya Izakaya + Yakitori, 250 NW 24th St, Miami, FL 33127",25.7999457,-80.2001032,"['Japanese restaurant', 'Cocktail bar', 'Izakaya restaurant']",4.7,78,,"[['Friday', '3PM–12AM'], ['Saturday', '11AM–12AM'], ['Sunday', '11AM–11PM'], ['Monday', 'Closed'], ['Tuesday', '3–11PM'], ['Wednesday', '3–11PM'], ['Thursday', '3–11PM']]"
0x88d8dfc39712c7b5:0x7630c8122bbdaf1f,Yama Japanese Restaurant,"Yama Japanese Restaurant, 200 NE 2nd Ave #110, Delray Beach, FL 33444",26.4662397,-80.0712896,"['Japanese restaurant', 'Asian fusion restaurant', 'Sushi restaurant']",4.6,288,$$,"[['Friday', '11:30AM–2:30PM'], ['Saturday', '4–10:30PM'], ['Sunday', '4–10PM'], ['Monday', '11:30AM–2:30PM'], ['Tuesday', '11:30AM–2:30PM'], ['Wednesday', '11:30AM–2:30PM'], ['Thursday', '11:30AM–2:30PM']]"
0x88d9c7328599f1b3:0x6b065aca75dd2da1,Sushin Japanese Restaurant,"Sushin Japanese Restaurant, 7175 SW 117th Ave, Miami, FL 33183",25.701158,-80.38105499999999,"['Japanese restaurant', 'Asian restaurant', 'Sushi restaurant']",4.3,188,$$,"[['Friday', '11:30AM–9PM'], ['Saturday', '12–9PM'], ['Sunday', '12–9PM'], ['Monday', '11:30AM–9PM'], ['Tuesday', '11:30AM–9PM'], ['Wednesday', '11:30AM–9PM'], ['Thursday', '11:30AM–9PM']]"
0x88d919a70db48c85:0x6d6a5a9bcfe30218,Sumo Japanese Restaurant,"Sumo Japanese Restaurant, 20449 FL-7 Suite A2, Boca Raton, FL 33498",26.3695718,-80.206595,"['Sushi restaurant', 'Japanese restaurant']",4.7,48,,"[['Friday', '11:30AM–2:30PM'], ['Saturday', '5–10:30PM'], ['Sunday', 'Closed'], ['Monday', '11:30AM–2:30PM'], ['Tuesday', '11:30AM–2:30PM'], ['Wednesday', '11:30AM–2:30PM'], ['Thursday', '11:30AM–2:30PM']]"
0x88913e92ec9bde6b:0xff2ea549c374c79e,Wild Ginger,"Wild Ginger, 415 Mary Esther Cut Off NW, Fort Walton Beach, FL 32548",30.426748099999998,-86.641972,"['Japanese restaurant', 'Chinese restaurant']",4.3,268,$,"[['Friday', '11AM–9PM'], ['Saturday', '11AM–9PM'], ['Sunday', '11AM–9PM'], ['Monday', '11AM–9PM'], ['Tuesday', '11AM–9PM'], ['Wednesday', '11AM–9PM'], ['Thursday', '11AM–9PM']]"
0x88d9a161562a8ed7:0x774bf006f189133b,Amazing Thai Japanese,"Amazing Thai Japanese, 18411 Pines Blvd, Pembroke Pines, FL 33029",26.009905999999997,-80.393515,"['Restaurant', 'Japanese restaurant', 'Sushi restaurant', 'Thai restaurant']",4.1,313,$$,"[['Friday', '11:30AM–10PM'], ['Saturday', '11:30AM–10PM'], ['Sunday', '11:30AM–9PM'], ['Monday', '11:30AM–9PM'], ['Tuesday', '11:30AM–9PM'], ['Wednesday', '11:30AM–9PM'], ['Thursday', '11:30AM–9PM']]"
0x88d91ca7e3c02847:0xb4828fbabe99a40a,Saito's Japanese Steakhouse,"Saito's Japanese Steakhouse, 4443 Lyons Rd D102, Coconut Creek, FL 33073",26.283809299999998,-80.1887618,"['Japanese steakhouse', 'Asian restaurant', 'Bar', 'Japanese restaurant', 'Steak house', 'Sushi restaurant']",3.9,547,$$,"[['Friday', '11:30AM–11PM'], ['Saturday', '11:30AM–11PM'], ['Sunday', '12–10PM'], ['Monday', '11:30AM–10PM'], ['Tuesday', '11:30AM–10PM'], ['Wednesday', '11:30AM–10PM'], ['Thursday', '11:30AM–10PM']]"
0x88e71c8f4f336255:0xcdf0329264cd1294,Poke Sushi,"Poke Sushi, 243 E International Speedway Blvd, DeLand, FL 32724",29.056179999999998,-81.3018168,"['Japanese restaurant', 'Asian fusion restaurant', 'Fast food restaurant', 'Hawaiian restaurant', 'Korean barbecue restaurant', 'Restaurant', 'Seafood restaurant', 'Sushi restaurant', 'Teppanyaki restaurant']",4.3,158,,"[['Friday', '11AM–9PM'], ['Saturday', '11AM–9PM'], ['Sunday', '12–8:30PM'], ['Monday', '11AM–9PM'], ['Tuesday', 'Closed'], ['Wednesday', '11AM–9PM'], ['Thursday', '11AM–9PM']]"
0x88d9ca6d702523ad:0x1730c39b2230d1d4,Sake Room,"Sake Room, 328 Crandon Blvd #108, Key Biscayne, FL 33149",25.6951334,-80.1636438,"['Sushi restaurant', 'Caribbean restaurant', 'Japanese restaurant']",4.2,128,,"[['Friday', '12–11PM'], ['Saturday', '12–11PM'], ['Sunday', '12–10PM'], ['Monday', '12–10PM'], ['Tuesday', '12–10PM'], ['Wednesday', '12–10PM'], ['Thursday', '12–10PM']]"
0x88db41e31bc6d9b3:0x1454ee06ff021da4,Blu Sushi Downtown,"Blu Sushi Downtown, 2262 First St, Fort Myers, FL 33901",26.644531999999998,-81.86928,"['Sushi restaurant', 'Bar', 'Japanese restaurant', 'Night club', 'Restaurant']",4.2,548,$$,"[['Friday', '11AM–11PM'], ['Saturday', '11AM–11PM'], ['Sunday', '11AM–11PM'], ['Monday', '11AM–10PM'], ['Tuesday', '11AM–10PM'], ['Wednesday', '11AM–10PM'], ['Thursday', '11AM–10PM']]"
0x88db47223b91e4d5:0xe3716cbb8cc99d6b,Teriyaki Madness,"Teriyaki Madness, 2209 Santa Barbara Blvd #101, Cape Coral, FL 33991",26.610678699999998,-81.97360309999999,"['Asian fusion restaurant', 'Japanese restaurant']",3.2,136,$,"[['Friday', '11AM–10PM'], ['Saturday', '11AM–10PM'], ['Sunday', '11AM–9PM'], ['Monday', '11AM–9PM'], ['Tuesday', '11AM–9PM'], ['Wednesday', '11AM–9PM'], ['Thursday', '11AM–9PM']]"
0x88dd7b6804d15dd9:0xb10bc19b0129d8a7,Kumo Japanese Restaurant,"Kumo Japanese Restaurant, 207 Ambersweet Way, Davenport, FL 33897",28.312855,-81.669432,"['Japanese restaurant', 'Asian restaurant', 'Japanese steakhouse', 'Sushi restaurant']",4.3,405,$$,"[['Friday', '11AM–10PM'], ['Saturday', '11AM–10PM'], ['Sunday', '11AM–10PM'], ['Monday', '11AM–10PM'], ['Tuesday', '11AM–10PM'], ['Wednesday', '11AM–10PM'], ['Thursday', '11AM–10PM']]"
0x88e7295e256a4af5:0x32bca7d0a65f1ea6,Aa Garden Fusion,"Aa Garden Fusion, 206 Flagler Ave, New Smyrna Beach, FL 32169",29.0386925,-80.9022085,"['Asian fusion restaurant', 'Chinese restaurant', 'Hawaiian restaurant', 'Japanese restaurant', 'Korean restaurant', 'Thai restaurant', 'Vietnamese restaurant']",4.7,474,$$,"[['Friday', '4–10PM'], ['Saturday', '3–10PM'], ['Sunday', '3–10PM'], ['Monday', '4–10PM'], ['Tuesday', 'Closed'], ['Wednesday', '4–10PM'], ['Thursday', '4–10PM']]"
0x88e7635c51b349f7:0x4f42ea3f6e713040,TenJi Hibachi Express,"TenJi Hibachi Express, 4401 Hoffner Ave, Orlando, FL 32812",28.4821441,-81.33028209999999,"['Japanese restaurant', 'Asian restaurant', 'Sushi restaurant', 'Teppanyaki restaurant']",4.3,298,$$,"[['Friday', '11AM–10:30PM'], ['Saturday', '11AM–10:30PM'], ['Sunday', '12–9:30PM'], ['Monday', '11AM–9:30PM'], ['Tuesday', '11AM–9:30PM'], ['Wednesday', '11AM–9:30PM'], ['Thursday', '11AM–9:30PM']]"
0x88e77b3a5fcda0c9:0x38148536798b71a1,RICCUP SUSHI,"RICCUP SUSHI, 2415 E Colonial Dr, Orlando, FL 32803",28.5539605,-81.3513713,['Japanese restaurant'],4.7,8,,"[['Friday', '11:30AM–7PM'], ['Saturday', '11:30AM–7PM'], ['Sunday', '11:30AM–7PM'], ['Monday', 'Closed'], ['Tuesday', '11:30AM–7PM'], ['Wednesday', '11:30AM–7PM'], ['Thursday', '11:30AM–7PM']]"
0x88d903ba3c7e7d47:0xe0c3175f8638437b,Cha-Baa | Thai & Sushi Restaurant,"Cha-Baa | Thai & Sushi Restaurant, 6316 Powerline Rd, Fort Lauderdale, FL 33309",26.205834,-80.15453699999999,"['Thai restaurant', 'Asian restaurant', 'Japanese restaurant', 'Restaurant', 'Sushi restaurant']",4.4,446,$$,"[['Friday', '11:30AM–9PM'], ['Saturday', 'Closed'], ['Sunday', 'Closed'], ['Monday', '11:30AM–9PM'], ['Tuesday', '11:30AM–9PM'], ['Wednesday', '11:30AM–9PM'], ['Thursday', '11:30AM–9PM']]"
0x88c2c31aaf910f65:0x6fe28bbbbbc098cc,Izakaya Tori,"Izakaya Tori, 310 S Dale Mabry Hwy #160, Tampa, FL 33609",27.941795199999998,-82.5052643,['Authentic Japanese restaurant'],4.8,128,,"[['Friday', '11:30AM–2:30PM'], ['Saturday', '4–10PM'], ['Sunday', 'Closed'], ['Monday', '11:30AM–2:30PM'], ['Tuesday', '11:30AM–2:30PM'], ['Wednesday', '11:30AM–2:30PM'], ['Thursday', '11:30AM–2:30PM']]"
0x88d91b3525e8c86b:0x6cac5079e23874d2,Tobu Thai & Sushi,"Tobu Thai & Sushi, 6287 W Sample Rd #3175, Coral Springs, FL 33067",26.276111099999998,-80.2080556,"['Thai restaurant', 'Asian fusion restaurant', 'Asian restaurant', 'Family restaurant', 'Fusion restaurant', 'Japanese restaurant', 'Restaurant', 'Southeast Asian restaurant', 'Sushi restaurant']",4.6,268,$$,"[['Friday', '11:30AM–2:30PM'], ['Saturday', '11:30AM–2:30PM'], ['Sunday', '4:30–9PM'], ['Monday', 'Closed'], ['Tuesday', '11:30AM–2:30PM'], ['Wednesday', '11:30AM–2:30PM'], ['Thursday', '11:30AM–2:30PM']]"
0x88e5cb73504de773:0x3b7b0d34f26a76c,Sarku Japan,"Sarku Japan, 10300 Southside Blvd Space 3130, Jacksonville, FL 32256",30.1859297,-81.5535901,"['Japanese restaurant', 'Fast food restaurant', 'Restaurant', 'Sushi restaurant', 'Teppanyaki restaurant']",4.3,248,$,"[['Thursday', '11AM–7PM'], ['Friday', '10AM–8PM'], ['Saturday', '10AM–8PM'], ['Sunday', '12–6PM'], ['Monday', '11AM–7PM'], ['Tuesday', '11AM–7PM'], ['Wednesday', '11AM–7PM']]"
0x88c327ff2b1d8ccd:0x7deffda58e902cd2,HIBACHI EXPRESS,"HIBACHI EXPRESS, 3064 E College Ave, Ruskin, FL 33570",27.714328599999998,-82.3911569,"['Japanese restaurant', 'Sushi restaurant']",4.3,648,$,"[['Thursday', '10:30AM–9:30PM'], ['Friday', '10:30AM–10:30PM'], ['Saturday', '10:30AM–10:30PM'], ['Sunday', '11:30AM–9:30PM'], ['Monday', '10:30AM–9:30PM'], ['Tuesday', '10:30AM–9:30PM'], ['Wednesday', '10:30AM–9:30PM']]"
0x88db6bd705ec065b:0x72ecd36161297b0c,hibachi express,"hibachi express, 9321 6 Mile Cypress Pkwy #170, Fort Myers, FL 33966",26.6082561,-81.8097374,['Japanese restaurant'],4.2,105,,"[['Thursday', '10:45AM–9:30PM'], ['Friday', '10:45AM–10:30PM'], ['Saturday', '10:45AM–10:30PM'], ['Sunday', '11:30AM–9:30PM'], ['Monday', '10:45AM–9:30PM'], ['Tuesday', '10:45AM–9:30PM'], ['Wednesday', '10:45AM–9:30PM']]"
0x88df29e5ee301479:0xa60d76e7a50f5b45,2 Vinez,"2 Vinez, 287 E Indiantown Rd, Jupiter, FL 33477",26.9351222,-80.0884444,"['Asian restaurant', 'Cocktail bar', 'Eclectic restaurant', 'Japanese restaurant', 'Restaurant', 'Sushi restaurant']",4.5,204,$$,"[['Thursday', '11:30AM–9PM'], ['Friday', '11:30AM–10PM'], ['Saturday', '11:30AM–10PM'], ['Sunday', '5–9:30PM'], ['Monday', 'Closed'], ['Tuesday', '11:30AM–9PM'], ['Wednesday', '11:30AM–9PM']]"
0x88d929c3b2515eef:0x99e9fd37786cbafb,go sushi,"go sushi, 4595 Okeechobee Blvd #128, West Palm Beach, FL 33417",26.707786,-80.1125991,"['Sushi restaurant', 'Bubble tea store', 'Japanese restaurant']",4.5,248,$$,"[['Thursday', '11AM–9:30PM'], ['Friday', '11AM–10:30PM'], ['Saturday', '11AM–10:30PM'], ['Sunday', '11AM–9:30PM'], ['Monday', '11AM–9:30PM'], ['Tuesday', '11AM–9:30PM'], ['Wednesday', '11AM–9:30PM']]"
0x88c2f928d0a38905:0x9e7be95b68c28c97,O.E.C. Japanese Sushi & Hibachi,"O.E.C. Japanese Sushi & Hibachi, 13847 Walsingham Rd, Largo, FL 33774",27.881705699999998,-82.8316952,"['Japanese restaurant', 'Sushi restaurant', 'Sushi takeaway']",4.2,148,,"[['Thursday', '11AM–10PM'], ['Friday', '11AM–10:30PM'], ['Saturday', '11AM–10:30PM'], ['Sunday', '11:30AM–9:30PM'], ['Monday', '11AM–10PM'], ['Tuesday', 'Closed'], ['Wednesday', '11AM–10PM']]"
0x88e4279607d7cc19:0xe01073b2c4e50c63,Thai House & Sushi Bar,"Thai House & Sushi Bar, 21 Hypolita St, St. Augustine, FL 32084",29.894878,-81.31222369999999,"['Thai restaurant', 'Japanese restaurant', 'Sushi restaurant']",4.1,515,$$,"[['Thursday', '12–8:30PM'], ['Friday', '12–9:30PM'], ['Saturday', '12–9:30PM'], ['Sunday', '12–8:30PM'], ['Monday', '12–8:30PM'], ['Tuesday', '12–8:30PM'], ['Wednesday', 'Closed']]"
0x88e769d8e3504df7:0x2363691bd121cf2c,Teriyaki Madness,"Teriyaki Madness, 441 E Mitchell Hammock Rd Ste 1101, Oviedo, FL 32765",28.6560065,-81.20049589999999,"['Asian fusion restaurant', 'Caterer', 'Fast food restaurant', 'Gluten-free restaurant', 'Japanese restaurant', 'Restaurant']",3.8,117,$,"[['Thursday', '11AM–9PM'], ['Friday', '11AM–9PM'], ['Saturday', '11AM–9PM'], ['Sunday', '11AM–9PM'], ['Monday', '11AM–9PM'], ['Tuesday', '11AM–9PM'], ['Wednesday', '11AM–9PM']]"
0x88d908f0c83f83f7:0x94ccb587d9a92bdb,Koume Japan,"Koume Japan, 11905 W Sunrise Blvd, Plantation, FL 33323",26.1463419,-80.3083252,['Japanese restaurant'],4.6,428,,"[['Thursday', '11:30AM–2PM'], ['Friday', '11:30AM–2PM'], ['Saturday', '4:30–9:30PM'], ['Sunday', 'Closed'], ['Monday', '11:30AM–2PM'], ['Tuesday', '11:30AM–2PM'], ['Wednesday', '11:30AM–2PM']]"
0x88e427c7814e0361:0x9decda9283314658,Sakada Japanese Steak House,"Sakada Japanese Steak House, 120 San Marco Ave #3262, St. Augustine, FL 32084",29.9048651,-81.3179881,"['Japanese restaurant', 'Asian restaurant', 'Sushi restaurant']",3.9,476,$$,"[['Thursday', '11AM–10PM'], ['Friday', '11AM–11PM'], ['Saturday', '11AM–11PM'], ['Sunday', '11AM–10PM'], ['Monday', '11AM–10PM'], ['Tuesday', '11AM–10PM'], ['Wednesday', '11AM–10PM']]"
0x88e6947f56354eb9:0xc8c45a1606250e4d,Ai Japanese Restaurant,"Ai Japanese Restaurant, 208 St Joe Plaza Dr, Palm Coast, FL 32164",29.552010199999998,-81.2532868,"['Japanese restaurant', 'Asian restaurant', 'Restaurant', 'Sushi restaurant']",4.6,144,,"[['Thursday', '4:30–9PM'], ['Friday', '4:30–9PM'], ['Saturday', '4:30–9PM'], ['Sunday', 'Closed'], ['Monday', '4:30–9PM'], ['Tuesday', '4:30–9PM'], ['Wednesday', '4:30–9PM']]"
0x88e77ac38a8ae047:0xd68019e0df87cf0f,Bikkuri Sushi Noodle & Grill,"Bikkuri Sushi Noodle & Grill, 1919 E Colonial Dr, Orlando, FL 32803",28.553389,-81.35659629999999,"['Japanese restaurant', 'Grill', 'Noodle shop', 'Sushi restaurant']",4.4,798,$,"[['Thursday', '11:30AM–10PM'], ['Friday', '11:30AM–11PM'], ['Saturday', '11:30AM–11PM'], ['Sunday', '11:30AM–10PM'], ['Monday', '11:30AM–10PM'], ['Tuesday', '11:30AM–10PM'], ['Wednesday', '11:30AM–10PM']]"
0x88db1dd07421aa6d:0x732f9ab35eab6c1,Thai Thai Noodle Bar,"Thai Thai Noodle Bar, 6438 Naples Blvd #200, Naples, FL 34109",26.217935999999998,-81.768999,"['Thai restaurant', 'Asian restaurant', 'Dim sum restaurant', 'Fine dining restaurant', 'Japanese restaurant', 'Noodle shop', 'Restaurant', 'Seafood restaurant', 'Sushi restaurant']",4.7,188,$$,"[['Thursday', '11AM–10PM'], ['Friday', '11AM–10PM'], ['Saturday', '11AM–10PM'], ['Sunday', '11AM–10PM'], ['Monday', '11AM–10PM'], ['Tuesday', '11AM–10PM'], ['Wednesday', '11AM–10PM']]"
0x88d9b4f1f8645261:0xd6df70250224fecd,Azabu Miami Beach,"Azabu Miami Beach, 161 Ocean Dr, Miami Beach, FL 33139",25.7702708,-80.1327127,"['Sushi restaurant', 'Asian restaurant', 'Japanese restaurant']",4.2,208,$$$$,"[['Thursday', '6–11PM'], ['Friday', '6–11PM'], ['Saturday', '6–11PM'], ['Sunday', '6–11PM'], ['Monday', '6–11PM'], ['Tuesday', '6–11PM'], ['Wednesday', '6–11PM']]"
0x88c2c0ee866de07b:0xdbfc09c4b6463f00,Ocean Blue Sushi Bar,"Ocean Blue Sushi Bar, 13030 N Dale Mabry Hwy, Tampa, FL 33618",28.064497799999998,-82.5057124,"['Sushi restaurant', 'Asian restaurant', 'Japanese restaurant', 'Lounge', 'Restaurant', 'Seafood restaurant']",3.2,48,$$,"[['Thursday', '4:30PM–2AM'], ['Friday', '4:30PM–3AM'], ['Saturday', '4:30PM–3AM'], ['Sunday', '4:30PM–2AM'], ['Monday', '4:30PM–2AM'], ['Tuesday', '4:30PM–2AM'], ['Wednesday', '4:30PM–2AM']]"
0x88c2e24d08af4231:0xbb00a464887d739e,Teppanyaki Grill and Supreme Buffet,"Teppanyaki Grill and Supreme Buffet, 391 34th St N, St. Petersburg, FL 33713",27.775332499999998,-82.67908539999999,"['Restaurant', 'Japanese restaurant']",3.7,108,,"[['Thursday', '11AM–9:30PM'], ['Friday', '11AM–9:30PM'], ['Saturday', '11AM–9:30PM'], ['Sunday', '11AM–9:30PM'], ['Monday', '11AM–9:30PM'], ['Tuesday', '11AM–9:30PM'], ['Wednesday', '11AM–9:30PM']]"
0x88d9b74847e42461:0x16e7b4f5d5c94f8b,Crazy Poke Aventura,"Crazy Poke Aventura, 2980 NE 207th St, Aventura, FL 33180",25.9668516,-80.14229139999999,"['Asian fusion restaurant', 'Fast food restaurant', 'Hawaiian restaurant', 'Health food restaurant', 'Japanese restaurant', 'Organic restaurant', 'Seafood restaurant']",4.5,85,,"[['Thursday', '11AM–10PM'], ['Friday', '11AM–10PM'], ['Saturday', '11AM–10PM'], ['Sunday', '11AM–10PM'], ['Monday', '11AM–10PM'], ['Tuesday', '11AM–10PM'], ['Wednesday', '11AM–10PM']]"
0x88c2f99cb5761593:0xfa956cd68be8e09a,Oketo Japanese Express,"Oketo Japanese Express, 12199 Indian Rocks Rd #4, Largo, FL 33774",27.8836889,-82.8319583,"['Japanese restaurant', 'Restaurant']",4.5,146,$$,"[['Thursday', '12–8PM'], ['Friday', '12–8PM'], ['Saturday', '12–8PM'], ['Sunday', '12–8PM'], ['Monday', '12–8PM'], ['Tuesday', '12–8PM'], ['Wednesday', '12–8PM']]"
0x88e0a9e9f5943d25:0x52c79a0f35cadbbb,Imm Onn Thai Sushi House,"Imm Onn Thai Sushi House, 925 N Courtenay Pkwy #9, Merritt Island, FL 32953",28.373351999999997,-80.70123699999999,"['Thai restaurant', 'Japanese restaurant', 'Sushi restaurant']",4.5,78,$$,
0x88d9b8628918c5b7:0x302d71bdf8d97724,SUSHI KO Japanese Restaurant,"SUSHI KO Japanese Restaurant, 7971 SW 40th St, Miami, FL 33155",25.733931499999997,-80.32544779999999,"['Japanese restaurant', 'Family restaurant', 'Restaurant', 'Sushi restaurant']",4.4,406,$$,"[['Thursday', '12–3PM'], ['Friday', '5–10:30PM'], ['Saturday', '5–10:30PM'], ['Sunday', '5–10PM'], ['Monday', 'Closed'], ['Tuesday', '12–3PM'], ['Wednesday', '12–3PM']]"
0x88e71b7d80d53ffd:0x3c03e644320b20ac,Fuji Express,"Fuji Express, 101 E Plymouth Ave, DeLand, FL 32724",29.043333299999997,-81.3025,['Japanese restaurant'],4.2,202,,"[['Thursday', '11AM–10PM'], ['Friday', '11AM–10:30PM'], ['Saturday', '12–10PM'], ['Sunday', '12–10PM'], ['Monday', 'Closed'], ['Tuesday', '11AM–10PM'], ['Wednesday', '11AM–10PM']]"
0x88e6da41320cb4b5:0xbbd26cccb8d9e01e,Sapporo Japanese Steakhouse,"Sapporo Japanese Steakhouse, 501 Seabreeze Blvd, Daytona Beach, FL 32118",29.235004399999998,-81.0144196,"['Japanese restaurant', 'Conveyor belt sushi restaurant', 'Japanese steakhouse']",3.8,105,,"[['Thursday', '11:30AM–2PM'], ['Friday', '11:30AM–2PM'], ['Saturday', '5–11PM'], ['Sunday', '5–10PM'], ['Monday', '11:30AM–2PM'], ['Tuesday', '11:30AM–2PM'], ['Wednesday', '11:30AM–2PM']]"
0x88d9b6b252bea611:0x18daeedefeeeb5ea,Hiden,"Hiden, 313 NW 25th St, Miami, FL 33127",25.80088,-80.201386,"['Japanese restaurant', 'Restaurant', 'Sushi restaurant']",4.7,66,$$$$,
0x88e5ad94feb42131:0x11853a4ff0d1d96d,Nagasaki Sushi & Grill,"Nagasaki Sushi & Grill, 12400 Yellow Bluff Rd #5070, Jacksonville, FL 32226",30.459699999999998,-81.579286,"['Japanese restaurant', 'Sushi restaurant']",4.3,398,$$,"[['Thursday', '11AM–9PM'], ['Friday', '11AM–9PM'], ['Saturday', '11AM–9PM'], ['Sunday', '11AM–9PM'], ['Monday', '11AM–9PM'], ['Tuesday', '11AM–9PM'], ['Wednesday', '11AM–9PM']]"
0x88d900f90299283f:0xee39baa55004f79f,Sushi Song Fort Lauderdale,"Sushi Song Fort Lauderdale, 209 SW 2nd Ave, Fort Lauderdale, FL 33301",26.120116,-80.145716,"['Sushi restaurant', 'Asian restaurant', 'Japanese restaurant', 'Seafood restaurant']",4.5,438,$$,"[['Thursday', '11AM–4AM'], ['Friday', '11AM–4AM'], ['Saturday', '5:30PM–4AM'], ['Sunday', '5:30PM–4AM'], ['Monday', '11AM–4AM'], ['Tuesday', '11AM–4AM'], ['Wednesday', '11AM–4AM']]"
0x88d9b6a85b23b873:0xebf7fba7e9b9082a,Sake Room,"Sake Room, 275 NE 18th St #106, Miami, FL 33132",25.794047499999998,-80.18933729999999,"['Japanese restaurant', 'Sushi restaurant']",4.1,314,$$,"[['Thursday', '12–10PM'], ['Friday', '12–10PM'], ['Saturday', '12–10PM'], ['Sunday', '12–10PM'], ['Monday', '12–10PM'], ['Tuesday', '12–10PM'], ['Wednesday', '12–10PM']]"
0x88c2fca2ff416ec5:0x5b91a17351e1fb22,Rain Japanese Sushi Bar & Thai,"Rain Japanese Sushi Bar & Thai, 5267 Park St N, St. Petersburg, FL 33709",27.8196171,-82.753402,"['Sushi restaurant', 'Asian restaurant', 'Bar', 'Japanese restaurant', 'Restaurant', 'Thai restaurant']",4.8,268,$$,"[['Thursday', '11:30AM–2:30PM'], ['Friday', '11:30AM–2:30PM'], ['Saturday', '5–8PM'], ['Sunday', 'Closed'], ['Monday', '11:30AM–2:30PM'], ['Tuesday', '11:30AM–2:30PM'], ['Wednesday', '11:30AM–2:30PM']]"
0x88d9b154281868bd:0xdebe2abffcb6ac75,Kraken Crudo,"Kraken Crudo, 3525 NE 2nd Ave, Miami, FL 33137",25.8096459,-80.190929,"['Sushi restaurant', 'Asian restaurant', 'Health food restaurant', 'Japanese restaurant', 'Sushi takeaway']",4.5,217,,"[['Wednesday', '12–10PM'], ['Thursday', '12–10PM'], ['Friday', '12–11PM'], ['Saturday', '1–11PM'], ['Sunday', '2–10PM'], ['Monday', '12–10PM'], ['Tuesday', '12–10PM']]"
0x88d9bf30c9ec49a7:0x4d25597a2066909e,YOJU Sushi Experience,"YOJU Sushi Experience, 3655 NW 107th Ave #104, Doral, FL 33178",25.807877599999998,-80.3687793,"['Sushi restaurant', 'Japanese restaurant', 'Delivery Restaurant']",4.7,168,,"[['Wednesday', '12–3PM'], ['Thursday', '12–3PM'], ['Friday', '12–3PM'], ['Saturday', '12–3PM'], ['Sunday', '12–3PM'], ['Monday', '12–3PM'], ['Tuesday', '12–3PM']]"
0x88c3390108420769:0x5cb7938bd4af74ae,Hana Sushi Lounge,"Hana Sushi Lounge, 8126 Lakewood Main St Unit 102, Bradenton, FL 34202",27.394707999999998,-82.435631,"['Sushi restaurant', 'Bar', 'Japanese restaurant', 'Restaurant']",4.3,207,$$,"[['Wednesday', '5–9PM'], ['Thursday', '5–9PM'], ['Friday', '5–10PM'], ['Saturday', '5–10PM'], ['Sunday', 'Closed'], ['Monday', '5–9PM'], ['Tuesday', '5–9PM']]"
0x88e4ff11b76e7b07:0x6782e2f6c9e64490,Kabuki Japanese Steakhouse & Sushi,"Kabuki Japanese Steakhouse & Sushi, Amelia Plaza, 1147 S 8th St, Fernandina Beach, FL 32034",30.647152,-81.4575639,"['Japanese steakhouse', 'Restaurant', 'Sushi restaurant']",4.4,258,$$,"[['Wednesday', '5:30–9PM'], ['Thursday', '5:30–9PM'], ['Friday', '5:30–9:30PM'], ['Saturday', '5:30–9:30PM'], ['Sunday', '5:30–9PM'], ['Monday', 'Closed'], ['Tuesday', '5:30–9PM']]"
0x88d9290c5efab345:0x1c723a34ca84bfcf,Thai Haru Restaurant,"Thai Haru Restaurant, 6901 Okeechobee Blvd Unit D15, West Palm Beach, FL 33411",26.7095524,-80.1499888,"['Thai restaurant', 'Asian fusion restaurant', 'Asian restaurant', 'Japanese restaurant', 'Seafood restaurant', 'Sushi restaurant']",4.3,264,$$,"[['Wednesday', '11AM–3PM'], ['Thursday', '11AM–3PM'], ['Friday', '11AM–3PM'], ['Saturday', '4–9:30PM'], ['Sunday', '4–9PM'], ['Monday', '11AM–3PM'], ['Tuesday', '11AM–3PM']]"
0x88e6d9ce662ad217:0x2cf927f01baf2870,International Asian Market,"International Asian Market, 2263 S Ridgewood Ave, South Daytona, FL 32119",29.1697107,-81.0004108,"['Asian grocery store', 'Japanese grocery store', 'Oriental goods store']",4.4,243,,"[['Wednesday', '9AM–7PM'], ['Thursday', '9AM–7PM'], ['Friday', '9AM–7PM'], ['Saturday', '9AM–7PM'], ['Sunday', '10AM–5PM'], ['Monday', '9AM–7PM'], ['Tuesday', '9AM–7PM']]"
0x88d8e1ecd8353ee1:0x212b8e99929b9a79,Kyoto Rock,"Kyoto Rock, 2433 N Federal Hwy, Boca Raton, FL 33431",26.3721213,-80.07710829999999,"['Sushi restaurant', 'Japanese restaurant', 'Restaurant']",4.6,106,$$,"[['Wednesday', '11:30AM–10:30PM'], ['Thursday', '11:30AM–12:30AM'], ['Friday', '11:30AM–12:30AM'], ['Saturday', '4PM–12:30AM'], ['Sunday', '4–10PM'], ['Monday', '11:30AM–10:30PM'], ['Tuesday', '11:30AM–10:30PM']]"
0x8890eeb8fcb99541:0xb2f356c1cbaaffea,Wasabi House‎,"Wasabi House‎, 4797 US-90, Pace, FL 32571",30.6026071,-87.1238556,"['Asian restaurant', 'Chinese restaurant', 'Japanese restaurant', 'Sushi restaurant', 'Thai restaurant']",4.2,358,$$,"[['Wednesday', '11AM–9:30PM'], ['Thursday', '11AM–9:30PM'], ['Friday', '11AM–10PM'], ['Saturday', '11AM–10PM'], ['Sunday', '12–9:30PM'], ['Monday', '11AM–9:30PM'], ['Tuesday', '11AM–9:30PM']]"
0x88d9a517fcf7dbbf:0xf11517b76fee04e4,Shima Japanese Restaurant,"Shima Japanese Restaurant, 16873 NW 67th Ave, Hialeah, FL 33015",25.926667,-80.30816,"['Japanese restaurant', 'Restaurant']",4.4,504,$$,"[['Wednesday', '6PM–12AM'], ['Thursday', '6PM–12AM'], ['Friday', '6PM–12AM'], ['Saturday', '6PM–12AM'], ['Sunday', '6PM–12AM'], ['Monday', '6PM–12AM'], ['Tuesday', '6PM–12AM']]"
0x88d9a4d187200b83:0x768e441ea7957e2e,Silver Spoon Thai and Sushi,"Silver Spoon Thai and Sushi, 15352 NW 79th Ct, Miami Lakes, FL 33016",25.912405,-80.330925,"['Sushi restaurant', 'Asian restaurant', 'Japanese restaurant', 'Delivery Restaurant', 'Sushi takeaway', 'Thai restaurant']",4.2,298,$$,"[['Wednesday', '11:30AM–10:30PM'], ['Thursday', '11:30AM–10:30PM'], ['Friday', '11:30AM–11PM'], ['Saturday', '11:30AM–11PM'], ['Sunday', '11:30AM–10:30PM'], ['Monday', '11:30AM–10:30PM'], ['Tuesday', '11:30AM–10:30PM']]"
0x88d9a6a8b3b9865f:0x610991780884453e,Litchi Snow Ice,"Litchi Snow Ice, 15721 Pines Blvd, Pembroke Pines, FL 33028",26.009352,-80.355047,"['Bubble tea store', 'Dessert restaurant', 'Hawaiian restaurant', 'Ice cream shop', 'Japanese restaurant']",4.7,488,$,"[['Wednesday', '11AM–10PM'], ['Thursday', '11AM–10PM'], ['Friday', '11AM–10PM'], ['Saturday', '11AM–10PM'], ['Sunday', '11AM–10PM'], ['Monday', '11AM–10PM'], ['Tuesday', '11AM–10PM']]"
0x88de69ba95c85f85:0xf8637bbb17452e18,Siam City Thai & Sushi Restaurant,"Siam City Thai & Sushi Restaurant, 13600 US-1 #3, Sebastian, FL 32958",27.8430824,-80.486704,"['Thai restaurant', 'Asian restaurant', 'Family restaurant', 'Japanese restaurant', 'Takeout Restaurant', 'Restaurant', 'Southeast Asian restaurant']",4.4,128,$$,"[['Wednesday', '11AM–9:30PM'], ['Thursday', '11AM–9:30PM'], ['Friday', '11AM–10PM'], ['Saturday', '4–10PM'], ['Sunday', 'Closed'], ['Monday', '11AM–9:30PM'], ['Tuesday', '11AM–9:30PM']]"
0x88dd3bfd383c079b:0x417bc209489cad9e,Sumo Sushi,"Sumo Sushi, 5295 Florida Ave S, Lakeland, FL 33813",27.9701658,-81.9638705,"['Sushi restaurant', 'Japanese restaurant']",4.7,318,$$,"[['Wednesday', '11:30AM–2PM'], ['Thursday', '11:30AM–2PM'], ['Friday', '11:30AM–2PM'], ['Saturday', '5–8:30PM'], ['Sunday', 'Closed'], ['Monday', '11:30AM–2PM'], ['Tuesday', '11:30AM–2PM']]"
0x88e6daf95fa6cd0d:0xddc37a2e315b298a,UMI HIBACHI EXPRESS,"UMI HIBACHI EXPRESS, 2429 N Atlantic Ave #40, Daytona Beach, FL 32118",29.2615917,-81.0257541,"['Asian restaurant', 'Chinese restaurant', 'Japanese restaurant']",3.8,78,,"[['Wednesday', '11–11:01AM'], ['Thursday', '11–11:01AM'], ['Friday', '11–11:01AM'], ['Saturday', '11–11:01AM'], ['Sunday', '11–11:01AM'], ['Monday', '11–11:01AM'], ['Tuesday', '11–11:01AM']]"
0x88e76dd8b70f2e95:0x4b89f6e2abe8fd06,WA SUSHI,"WA SUSHI, 908 FL-436 suite 924, Casselberry, FL 32707",28.6499165,-81.3251252,['Japanese restaurant'],4.7,405,$$,"[['Wednesday', '11:30AM–2:30PM'], ['Thursday', '11:30AM–2:30PM'], ['Friday', '11:30AM–2:30PM'], ['Saturday', '12–10PM'], ['Sunday', 'Closed'], ['Monday', '11:30AM–2:30PM'], ['Tuesday', '11:30AM–2:30PM']]"
0x88ecf59ccd07cf63:0x46d514f62ec6843d,Masa,"Masa, 1650 N Monroe St, Tallahassee, FL 32303",30.461551999999998,-84.28206999999999,"['Sushi restaurant', 'Asian fusion restaurant', 'Asian restaurant', 'Japanese restaurant', 'Restaurant']",4.4,1128,$$,"[['Wednesday', '11:30AM–2:30PM'], ['Thursday', '11:30AM–2:30PM'], ['Friday', '11:30AM–2:30PM'], ['Saturday', '11:30AM–2:30PM'], ['Sunday', '11:30AM–2:30PM'], ['Monday', '11:30AM–2:30PM'], ['Tuesday', '11:30AM–2:30PM']]"
0x88ecf4fb4106b4cf:0xc618bae9368e2f22,Roboto Tokyo Grill,"Roboto Tokyo Grill, 2043 W Pensacola St, Tallahassee, FL 32304",30.4403565,-84.3185693,"['Japanese restaurant', 'Asian restaurant', 'Sushi restaurant']",4.1,488,$,"[['Wednesday', '11AM–10PM'], ['Thursday', '11AM–10PM'], ['Friday', '11AM–10PM'], ['Saturday', '11AM–10PM'], ['Sunday', '11AM–10PM'], ['Monday', '11AM–10PM'], ['Tuesday', '11AM–10PM']]"
0x88d8e365cd1aa9a3:0x67808b8d11ac1129,Poke Jay,"Poke Jay, 110 NE 2nd St, Boca Raton, FL 33432",26.3520599,-80.0853575,"['Restaurant', 'Hawaiian restaurant', 'Health food restaurant', 'Japanese restaurant', 'Delivery Restaurant']",4.9,218,,"[['Wednesday', '11:30AM–9:30PM'], ['Thursday', '11:30AM–9:30PM'], ['Friday', '11:30AM–10PM'], ['Saturday', '11:30AM–10PM'], ['Sunday', '11:30AM–9:30PM'], ['Monday', '11:30AM–9:30PM'], ['Tuesday', '11:30AM–9:30PM']]"
0x88c2c37226c951c5:0x40768498b5125354,Sushi Ninja Tampa,"Sushi Ninja Tampa, 3018 W Kennedy Blvd, Tampa, FL 33609",27.94447,-82.491827,"['Sushi restaurant', 'Asian restaurant', 'Bar', 'Japanese restaurant', 'Korean restaurant']",4.5,888,$$,"[['Wednesday', '11AM–10PM'], ['Thursday', '11AM–10PM'], ['Friday', '11AM–11PM'], ['Saturday', '11AM–11PM'], ['Sunday', '12–10PM'], ['Monday', '11AM–10PM'], ['Tuesday', '11AM–10PM']]"
0x88d9bec5fc96258b:0x384086637d01360,Suki Hana,"Suki Hana, 11401 NW 12th St, Miami, FL 33172",25.7888485,-80.3823276,['Japanese restaurant'],3.3,28,,"[['Tuesday', '10AM–9:20PM'], ['Wednesday', '10AM–9:20PM'], ['Thursday', '10AM–9:20PM'], ['Friday', '10AM–9:20PM'], ['Saturday', '10AM–9:20PM'], ['Sunday', '11AM–8PM'], ['Monday', '10AM–9:20PM']]"
0x88e77ecda7283915:0xe52d2e8d2f3a0127,U&Me Chinese and Sushi,"U&Me Chinese and Sushi, 4646 S Kirkman Rd, Orlando, FL 32811",28.494545799999997,-81.4611774,"['Chinese restaurant', 'Japanese restaurant', 'Delivery Restaurant', 'Sushi restaurant']",3.5,168,,"[['Tuesday', '11AM–10PM'], ['Wednesday', '11AM–10PM'], ['Thursday', '11AM–10PM'], ['Friday', '11AM–10PM'], ['Saturday', '11AM–10PM'], ['Sunday', '11AM–10PM'], ['Monday', '11AM–10PM']]"
0x88c2ed2afc2c4fcd:0x311bc930320184ea,KiKu Japanese Fusion,"KiKu Japanese Fusion, 36221 E Lake Rd S, Palm Harbor, FL 34685",28.101692999999997,-82.692604,"['Sushi restaurant', 'Asian restaurant', 'Japanese restaurant', 'Restaurant']",4.0,78,,"[['Tuesday', 'Closed'], ['Wednesday', '11AM–10PM'], ['Thursday', '11AM–10PM'], ['Friday', '11AM–11PM'], ['Saturday', '11AM–11PM'], ['Sunday', '12–10PM'], ['Monday', '11AM–10PM']]"
0x88c2cdaa6de00d7d:0x5370d285f29464f4,Sushi Ushi Japanese Restaurant,"Sushi Ushi Japanese Restaurant, 1713 FL-60, Valrico, FL 33594",27.9370919,-82.2590963,"['Authentic Japanese restaurant', 'Japanese restaurant', 'Sushi restaurant']",4.8,515,$$,"[['Tuesday', '11:30AM–3PM'], ['Wednesday', '11:30AM–3PM'], ['Thursday', '11:30AM–3PM'], ['Friday', '11:30AM–3PM'], ['Saturday', '11:30AM–3PM'], ['Sunday', '1–9:30PM'], ['Monday', 'Closed']]"
0x88d9b4854a5eeed1:0xf6e892597a0b99d7,Fuji Teriyaki,"Fuji Teriyaki, 1604 Washington Ave, Miami Beach, FL 33139",25.789346,-80.132155,['Japanese restaurant'],4.4,408,$,"[['Tuesday', '11:30AM–8PM'], ['Wednesday', '11:30AM–8PM'], ['Thursday', '11:30AM–8PM'], ['Friday', '11AM–8PM'], ['Saturday', '11AM–8PM'], ['Sunday', 'Closed'], ['Monday', '11:30AM–8PM']]"
0x88c2d25267a4651f:0xd105fbfa0c5c32e5,Akira,"Akira, 13420 Boyette Rd, Riverview, FL 33569",27.8522422,-82.26787759999999,['Japanese restaurant'],4.3,268,$$,"[['Tuesday', '11:30AM–9:30PM'], ['Wednesday', '11:30AM–9:30PM'], ['Thursday', '11:30AM–9:30PM'], ['Friday', '11:30AM–10:30PM'], ['Saturday', '11:30AM–10:30PM'], ['Sunday', '12:30–9:30PM'], ['Monday', 'Closed']]"
0x88c2c09dedf48dc3:0xac7ece8afd5e1447,Sushi-Haru,"Sushi-Haru, 3817 Northdale Blvd, Tampa, FL 33624",28.0943059,-82.50410169999999,"['Sushi restaurant', 'Asian restaurant', 'Japanese restaurant']",4.1,98,,"[['Tuesday', '11:30AM–2PM'], ['Wednesday', '11:30AM–2PM'], ['Thursday', '11:30AM–2PM'], ['Friday', '11:30AM–2PM'], ['Saturday', '5–9PM'], ['Sunday', 'Closed'], ['Monday', '11:30AM–2PM']]"
0x88c2b051cbf1c495:0xe3200da7defdda19,Hibachi Japanese Express,"Hibachi Japanese Express, 5315 Village Market, Wesley Chapel, FL 33544",28.234182999999998,-82.351734,"['Japanese restaurant', 'Asian fusion restaurant', 'Asian restaurant', 'Sushi restaurant']",4.3,667,$,"[['Tuesday', '10:30AM–9:30PM'], ['Wednesday', '10:30AM–9:30PM'], ['Thursday', '10:30AM–9:30PM'], ['Friday', '10:30AM–10:30PM'], ['Saturday', '10:30AM–10:30PM'], ['Sunday', '11:30AM–9:30PM'], ['Monday', '10:30AM–9:30PM']]"
0x88c2c1c00353e1c9:0x51b856c1b0cdd6a4,Ahi Asian Bistro,"Ahi Asian Bistro, 14841 N Dale Mabry Hwy, Tampa, FL 33618",28.083412199999998,-82.503964,"['Japanese restaurant', 'Sushi restaurant', 'Thai restaurant']",4.8,175,,"[['Tuesday', '11:30AM–9PM'], ['Wednesday', '11:30AM–9PM'], ['Thursday', '11:30AM–9PM'], ['Friday', '11:30AM–9:30PM'], ['Saturday', '12–9:30PM'], ['Sunday', '12–9PM'], ['Monday', '11:30AM–9PM']]"
0x88d9c748e2d5d9ad:0xf123129c388eed96,Shibui Japanese Restaurant,"Shibui Japanese Restaurant, 10139 SW 72nd St, Miami, FL 33173",25.702115199999998,-80.35784149999999,"['Japanese restaurant', 'Takeout Restaurant', 'Sushi restaurant']",4.7,786,$$,"[['Tuesday', '5:30–10PM'], ['Wednesday', '5:30–10PM'], ['Thursday', '5:30–10PM'], ['Friday', '5:30–10:30PM'], ['Saturday', '5:30–10:30PM'], ['Sunday', '5:30–10PM'], ['Monday', '5:30–10PM']]"
0x88ecf589ef1555a1:0x4e936b8f3b64ee9c,Tasty Asian,"Tasty Asian, 1896 Thomasville Rd, Tallahassee, FL 32303",30.464665,-84.270663,"['Asian restaurant', 'Chinese restaurant', 'Japanese restaurant', 'Restaurant']",3.6,108,$,"[['Tuesday', '11AM–10PM'], ['Wednesday', '11AM–10PM'], ['Thursday', '11AM–10PM'], ['Friday', '11AM–10PM'], ['Saturday', '11AM–10PM'], ['Sunday', '11AM–10PM'], ['Monday', '11AM–10PM']]"
0x88d9b36a38e461a1:0x672fe77b1a22379b,Blade,"Blade, 4441 Collins Avenue, [Lobby Level], Miami Beach, FL 33140",25.8180108,-80.1215771,"['Sushi restaurant', 'Japanese restaurant']",3.8,48,$$,"[['Tuesday', '12–10PM'], ['Wednesday', '12–10PM'], ['Thursday', '12–10PM'], ['Friday', '12–10PM'], ['Saturday', 'Closed'], ['Sunday', 'Closed'], ['Monday', '12–10PM']]"
0x88dee8fb5a86e987:0x46fe27ba57411523,Sushi Naiya,"Sushi Naiya, 1136 SE Port St Lucie Blvd, Port St. Lucie, FL 34952",27.271026,-80.3165558,"['Sushi restaurant', 'Asian restaurant', 'Japanese restaurant', 'Southeast Asian restaurant', 'Thai restaurant']",4.5,498,$$,"[['Tuesday', '11AM–9PM'], ['Wednesday', '11AM–9PM'], ['Thursday', '11AM–9PM'], ['Friday', '11AM–9PM'], ['Saturday', '11AM–9PM'], ['Sunday', '4–9PM'], ['Monday', '11AM–9PM']]"
0x88d9bafa69c1f0e7:0x96047e923ee07a1d,Victoria Grocery,"Victoria Grocery, 1416 W 49th St, Hialeah, FL 33012",25.8659999,-80.3109776,"['Asian grocery store', 'Asian household goods store', 'Chinese medicine store', 'Chinese supermarket', 'Grocery store', 'Japanese grocery store', 'Oriental goods store', 'Oriental medicine store']",4.7,128,,"[['Tuesday', '10AM–6PM'], ['Wednesday', '10AM–6PM'], ['Thursday', '10AM–6PM'], ['Friday', '10AM–6PM'], ['Saturday', '10AM–6PM'], ['Sunday', '10AM–6PM'], ['Monday', '10AM–6PM']]"
0x88db037f2095726d:0x1406e4388cec5e0d,Tokyo Hibachi & Sushi,"Tokyo Hibachi & Sushi, 7550 Mission Hills Dr #306, Naples, FL 34119",26.2464946,-81.69021339999999,"['Japanese restaurant', 'Restaurant', 'Sushi restaurant', 'Sushi takeaway']",4.5,117,,"[['Tuesday', '11AM–9:30PM'], ['Wednesday', '11AM–9:30PM'], ['Thursday', '11AM–9:30PM'], ['Friday', '11AM–10:30PM'], ['Saturday', '11AM–10:30PM'], ['Sunday', '12–9:30PM'], ['Monday', '11AM–9:30PM']]"
0x88dae3c72004c515:0xccd156fe2f879b14,Tokyo Thai Sushi Japanese Restaurant,"Tokyo Thai Sushi Japanese Restaurant, 3743 Tamiami Trail E, Naples, FL 34112",26.1214585,-81.758792,"['Japanese restaurant', 'Delivery service', 'Sushi restaurant', 'Thai restaurant']",4.6,293,$$,"[['Tuesday', '11AM–9:30PM'], ['Wednesday', '11AM–9:30PM'], ['Thursday', '11AM–9:30PM'], ['Friday', '11AM–9:30PM'], ['Saturday', '11AM–9:30PM'], ['Sunday', '11AM–9:30PM'], ['Monday', 'Closed']]"
0x88d9c0237bcd97cd:0x79cd174dc62938e3,Inari Sushi Fusion,"Inari Sushi Fusion, 15672 SW 72nd St, Miami, FL 33193",25.698220799999998,-80.44618439999999,"['Sushi restaurant', 'Japanese restaurant', 'Peruvian restaurant', 'Restaurant']",4.5,433,$$,"[['Tuesday', '12–10PM'], ['Wednesday', '12–10PM'], ['Thursday', '12–10PM'], ['Friday', '12–11PM'], ['Saturday', '12–11PM'], ['Sunday', '12–10PM'], ['Monday', 'Closed']]"
0x88e77c2ad6ed3deb:0x5bbdf77088212dad,Urban Hibachi,"Urban Hibachi, 3042 W Sand Lake Rd, Orlando, FL 32819",28.4497249,-81.4254517,"['Japanese restaurant', 'Asian restaurant', 'Seafood restaurant', 'Sushi restaurant']",3.9,478,$$,"[['Tuesday', '11AM–9PM'], ['Wednesday', '11AM–9PM'], ['Thursday', '11AM–9PM'], ['Friday', '11AM–9PM'], ['Saturday', '11AM–9PM'], ['Sunday', '11AM–9PM'], ['Monday', '11AM–9PM']]"
0x88df29ecf0fa5ec3:0x9917d3001871ccfb,Nippon Sushi Bar & Japanese,"Nippon Sushi Bar & Japanese, 103 US-1 # E3, Jupiter, FL 33477",26.932536499999998,-80.0776224,"['Japanese restaurant', 'Restaurant']",3.3,25,$$,"[['Tuesday', '4–10PM'], ['Wednesday', '4–10PM'], ['Thursday', '4–10PM'], ['Friday', '4–10PM'], ['Saturday', '4–10PM'], ['Sunday', '4–9PM'], ['Monday', '4–10PM']]"
0x88ded66363518b81:0xa0a5d0272b7d7b0e,"Nitrogen Bar, Grill, and Sushi","Nitrogen Bar, Grill, and Sushi, 6779 W Indiantown Rd STE 18, Jupiter, FL 33458",26.9355755,-80.13791239999999,"['Bar & grill', 'Asian fusion restaurant', 'Cocktail bar', 'Japanese restaurant', 'Sushi restaurant']",4.6,186,,"[['Tuesday', '4:30–10PM'], ['Wednesday', '4:30–10PM'], ['Thursday', '4:30–10PM'], ['Friday', '4:30–11PM'], ['Saturday', '4:30–11PM'], ['Sunday', 'Closed'], ['Monday', '4:30–10PM']]"
0x88e4ff136667f4dd:0x9b669ae927402b75,Hana Sushi,"Hana Sushi, 4465, 1930 S 14th St, Fernandina Beach, FL 32034",30.6412628,-81.4552372,"['Asian restaurant', 'Japanese restaurant', 'Sushi restaurant']",4.5,174,$$,"[['Tuesday', '11AM–3PM'], ['Wednesday', '11AM–3PM'], ['Thursday', '11AM–3PM'], ['Friday', '11AM–3PM'], ['Saturday', '12–3PM'], ['Sunday', 'Closed'], ['Monday', '11AM–3PM']]"
0x88db40c6255f6823:0x4c69accee7b46bb3,Sakura Japanese Steakhouse & Sushi Bar,"Sakura Japanese Steakhouse & Sushi Bar, 3034 Del Prado Blvd S, Cape Coral, FL 33904",26.5958172,-81.942016,['Japanese steakhouse'],4.4,557,$$,"[['Tuesday', '2–9PM'], ['Wednesday', '2–9PM'], ['Thursday', '2–9PM'], ['Friday', '2–9PM'], ['Saturday', '2–9PM'], ['Sunday', '2–9PM'], ['Monday', 'Closed']]"
0x88d926a76db9e7ef:0x746c5348214ff140,Tokyo Peking Cuisine,"Tokyo Peking Cuisine, 8831 Hypoluxo Rd, Lake Worth, FL 33467",26.568362099999998,-80.186222,"['Chinese restaurant', 'Asian restaurant', 'Japanese restaurant', 'Restaurant', 'Sushi restaurant']",3.9,198,$,"[['Tuesday', '11AM–9:30PM'], ['Wednesday', '11AM–9:30PM'], ['Thursday', '11AM–9:30PM'], ['Friday', '11AM–9:30PM'], ['Saturday', '11AM–9:30PM'], ['Sunday', '11AM–9:30PM'], ['Monday', '11AM–9:30PM']]"
0x88d921603f6995c7:0x1f259dce7cdc5475,Sushi Yama Boynton Beach,"Sushi Yama Boynton Beach, 8788 W Boynton Beach Blvd Suite 102, Boynton Beach, FL 33472",26.5267323,-80.1861737,"['Sushi restaurant', 'Asian restaurant', 'Japanese restaurant', 'Thai restaurant']",3.9,278,$$,"[['Tuesday', '11:30AM–9:30PM'], ['Wednesday', '11:30AM–9:30PM'], ['Thursday', '11:30AM–9:30PM'], ['Friday', '11:30AM–10:30PM'], ['Saturday', '11:30AM–10:30PM'], ['Sunday', '12–9:30PM'], ['Monday', '11:30AM–9:30PM']]"
0x88d9048e2f9fc175:0x1622491ae74479a1,Sakura Teriyaki / Teriyaki Express,"Sakura Teriyaki / Teriyaki Express, W Atlantic Blvd, Margate, FL 33063",26.236833299999997,-80.2020953,['Japanese restaurant'],4.3,366,$,"[['Tuesday', 'Closed'], ['Wednesday', '11AM–9:30PM'], ['Thursday', '11AM–9:30PM'], ['Friday', '11AM–9:30PM'], ['Saturday', '11AM–9:30PM'], ['Sunday', '12–8PM'], ['Monday', '11AM–9:30PM']]"
0x88d1b116bade5df1:0x82a8f0fea4941eb4,Benihana,"Benihana, 3591 S Roosevelt Blvd, Key West, FL 33040",24.5530272,-81.75256929999999,['Japanese restaurant'],4.3,586,$$$,"[['Tuesday', '5–10PM'], ['Wednesday', '5–10PM'], ['Thursday', '5–10PM'], ['Friday', '5–10:30PM'], ['Saturday', '5–10:30PM'], ['Sunday', '5–10:30PM'], ['Monday', '5–10PM']]"
0x88c2ec75eab876b7:0x7f5d292fd2ff5db2,Store From Japan,"Store From Japan, F24 East, 180 Race Track Rd, Oldsmar, FL 34677",28.037095899999997,-82.649147,['Japanese confectionery shop'],4.7,14,,"[['Tuesday', 'Closed'], ['Wednesday', '12–5PM'], ['Thursday', '12–5PM'], ['Friday', '12–5PM'], ['Saturday', '9AM–4PM'], ['Sunday', '9AM–4PM'], ['Monday', 'Closed']]"
0x88d901ac89d57f2d:0x6ecdfff85e184e02,The Poke House,"The Poke House, 666 N Federal Hwy, Fort Lauderdale, FL 33304",26.130647399999997,-80.13642329999999,"['Hawaiian restaurant', 'Asian fusion restaurant', 'Asian restaurant', 'Japanese restaurant', 'Seafood restaurant', 'Sushi restaurant']",4.4,426,$$,"[['Tuesday', '11:30AM–9PM'], ['Wednesday', '11:30AM–9PM'], ['Thursday', '11:30AM–9PM'], ['Friday', '11:30AM–9PM'], ['Saturday', '11:30AM–9PM'], ['Sunday', '11:30AM–9PM'], ['Monday', '11:30AM–9PM']]"
0x88d900698511f6df:0xd79778978ccb5739,17th Street Thai Sushi,"17th Street Thai Sushi, 1515 SE 17th St #100, Fort Lauderdale, FL 33316",26.1008574,-80.126571,"['Sushi restaurant', 'Asian fusion restaurant', 'Asian restaurant', 'Bar', 'Bar & grill', 'Japanese restaurant', 'Delivery Restaurant', 'Restaurant', 'Southeast Asian restaurant', 'Thai restaurant']",4.5,445,$$,"[['Monday', '11:30AM–10:30PM'], ['Tuesday', '11:30AM–10:30PM'], ['Wednesday', '11:30AM–10:30PM'], ['Thursday', '11AM–10:30PM'], ['Friday', '11:30AM–11PM'], ['Saturday', '12–11PM'], ['Sunday', '12–10:30PM']]"
0x88db6b991baa53c9:0xa2dd823c8772b3bb,Bentofu,"Bentofu, 3398 Forum Blvd #105, Fort Myers, FL 33905",26.615028199999998,-81.797241,"['Japanese restaurant', 'Asian restaurant', 'Ramen restaurant', 'Sushi restaurant', 'Tea house']",4.2,348,,"[['Monday', '11:30AM–8:30PM'], ['Tuesday', '11:30AM–8:30PM'], ['Wednesday', '11:30AM–8:30PM'], ['Thursday', '11:30AM–8:30PM'], ['Friday', '11:30AM–9PM'], ['Saturday', '11:30AM–9PM'], ['Sunday', '12–8:30PM']]"
0x88eede9b589b5167:0x528db38701588839,Sakura Japanese Sushi and Grill,"Sakura Japanese Sushi and Grill, 1548 Ohio Ave S, Live Oak, FL 32064",30.2811161,-82.988546,"['Japanese restaurant', 'Sushi restaurant']",4.5,338,,"[['Monday', '10AM–10PM'], ['Tuesday', '10AM–10PM'], ['Wednesday', '10AM–10PM'], ['Thursday', '10AM–10PM'], ['Friday', '11AM–10:30PM'], ['Saturday', '11AM–10:30PM'], ['Sunday', '11:30AM–10PM']]"
0x8890c0b1ceb306cb:0xb0d4b50c8c6d8041,Sumo Sushi,"Sumo Sushi, 224 E Garden St #6, Pensacola, FL 32502",30.4143372,-87.2112137,"['Sushi restaurant', 'Asian restaurant', 'Japanese restaurant']",4.4,128,$$,"[['Monday', '11AM–2:30PM'], ['Tuesday', '11AM–2:30PM'], ['Wednesday', '11AM–2:30PM'], ['Thursday', '11AM–2:30PM'], ['Friday', '11AM–2:30PM'], ['Saturday', '4–10PM'], ['Sunday', 'Closed']]"
0x88e5c2dc060b90a7:0xb5cb2d8b77b10827,Fushimi Sushi Japanese Restaurant,"Fushimi Sushi Japanese Restaurant, 1786 Blanding Blvd #13, Middleburg, FL 32068",30.106779799999998,-81.8286007,"['Japanese restaurant', 'Sushi restaurant']",4.4,464,$$,"[['Monday', '11AM–10PM'], ['Tuesday', '11AM–10PM'], ['Wednesday', '11AM–10PM'], ['Thursday', '11AM–10PM'], ['Friday', '11AM–11PM'], ['Saturday', '11AM–11PM'], ['Sunday', '12–10PM']]"
0x88e42e55e2770aa9:0x6b23e54cce7471c0,Pacific Asian Bistro,"Pacific Asian Bistro, 159 Palencia Village Dr STE 111, St. Augustine, FL 32095",30.014038099999997,-81.39185479999999,"['Asian restaurant', 'Chinese restaurant', 'Japanese restaurant', 'Restaurant', 'Sushi restaurant', 'Thai restaurant']",4.3,318,$$,"[['Monday', 'Closed'], ['Tuesday', '11AM–10PM'], ['Wednesday', '11AM–10PM'], ['Thursday', '11AM–10PM'], ['Friday', '11AM–10:30PM'], ['Saturday', '11AM–10:30PM'], ['Sunday', '12–9:30PM']]"
0x88d9ab83a8496bb9:0x6b844543745690aa,Teriyaki Bento,"Teriyaki Bento, 1937 Pembroke Rd, Hollywood, FL 33020",25.9968814,-80.14621799999999,"['Japanese restaurant', 'Delivery Restaurant', 'Takeout Restaurant']",4.2,87,,"[['Monday', '11AM–9PM'], ['Tuesday', '11AM–9PM'], ['Wednesday', '11AM–9PM'], ['Thursday', '11AM–9PM'], ['Friday', '11AM–9:30PM'], ['Saturday', '11AM–9:30PM'], ['Sunday', 'Closed']]"
0x88c31689d064332f:0x83dbf0434d5cf381,Ocean Star,"Ocean Star, 4444 Cortez Rd W, Bradenton, FL 34210",27.463348699999997,-82.60595579999999,"['Sushi restaurant', 'Asian restaurant', 'Japanese restaurant']",4.4,168,$$,"[['Monday', 'Closed'], ['Tuesday', '3:30–9PM'], ['Wednesday', '3:30–9PM'], ['Thursday', '3:30–9PM'], ['Friday', '3:30–9PM'], ['Saturday', '3:30–9PM'], ['Sunday', '3:30–9PM']]"
0x88ded5509fc5765f:0x6c0ce89ce99d7991,Sushi Yama Japanese Restaurant,"Sushi Yama Japanese Restaurant, 10921 N Military Trl, Palm Beach Gardens, FL 33410",26.8399635,-80.10635189999999,['Japanese restaurant'],4.3,288,$$,"[['Monday', '11:30AM–8:30PM'], ['Tuesday', '11:30AM–8:30PM'], ['Wednesday', '11:30AM–8:30PM'], ['Thursday', '11:30AM–8:30PM'], ['Friday', '11:30AM–9:30PM'], ['Saturday', '11:30AM–9:30PM'], ['Sunday', '11:30AM–8:30PM']]"
0x88dd8712e25eeddd:0xe856998096d16b8f,Hand Roll Sushi,"Hand Roll Sushi, 12200 Menta St #106, Orlando, FL 32837",28.388013299999997,-81.4242228,"['Japanese restaurant', 'Restaurant']",4.3,233,,"[['Monday', '12–3PM'], ['Tuesday', '12–3PM'], ['Wednesday', '12–3PM'], ['Thursday', '12–3PM'], ['Friday', '12PM–12AM'], ['Saturday', '12PM–12AM'], ['Sunday', '12–11PM']]"
0x88d8e041db5bdbed:0xbe24e3db842ecbbb,SUSHI THAI FUSION,"SUSHI THAI FUSION, 3105 S Federal Hwy, Delray Beach, FL 33483",26.426395499999998,-80.07167609999999,"['Thai restaurant', 'Asian restaurant', 'Japanese restaurant', 'Sushi restaurant']",4.5,146,,"[['Monday', '11:30AM–3PM'], ['Tuesday', '11:30AM–3PM'], ['Wednesday', '11:30AM–3PM'], ['Thursday', '11:30AM–3PM'], ['Friday', '11:30AM–3PM'], ['Saturday', '4–9PM'], ['Sunday', '4–9PM']]"
0x88e5ae43c3b61235:0x16079c55e1de4f7c,Sushi Wok,"Sushi Wok, 12961 N Main St #208, Jacksonville, FL 32218",30.4729867,-81.6289314,"['Sushi restaurant', 'Asian restaurant', 'Japanese restaurant', 'Delivery Restaurant', 'Restaurant']",4.2,408,$$,"[['Monday', 'Closed'], ['Tuesday', '11AM–9:30PM'], ['Wednesday', '11AM–9:30PM'], ['Thursday', '11AM–9:30PM'], ['Friday', '11AM–9:30PM'], ['Saturday', '11AM–9:30PM'], ['Sunday', '11AM–9:30PM']]"
0x88d9b929f6da425d:0x7258617a56362d71,Sokai Sushi Bar,"Sokai Sushi Bar, 10141 W Flagler St D130, Miami, FL 33172",25.7691813,-80.36,['Japanese restaurant'],4.4,756,$$,"[['Monday', '12–10:30PM'], ['Tuesday', '12–10:30PM'], ['Wednesday', '12–10:30PM'], ['Thursday', '12–10:30PM'], ['Friday', '12–11:30PM'], ['Saturday', '12–11:30PM'], ['Sunday', '12–10PM']]"
0x88d9bbd447f702e9:0xa07edca2e59d512e,Sushi Runner Doral,"Sushi Runner Doral, 7800 NW 25th St #14, Doral, FL 33122",25.7962042,-80.3233145,"['Sushi restaurant', 'Asian restaurant', 'Japanese restaurant', 'Delivery Restaurant', 'Thai restaurant']",4.3,464,$$,"[['Monday', '11AM–10PM'], ['Tuesday', '11AM–10PM'], ['Wednesday', '11AM–10PM'], ['Thursday', '11AM–10PM'], ['Friday', '11AM–11PM'], ['Saturday', '11AM–11PM'], ['Sunday', '12–10PM']]"
0x88db6aff8941d9e1:0x7b8fb515f532d93d,Kyoto Sushi And Hibachi,"Kyoto Sushi And Hibachi, 4391 Colonial Blvd #102, Fort Myers, FL 33966",26.6085317,-81.82421599999999,"['Sushi restaurant', 'Japanese restaurant', 'Takeout Restaurant']",4.6,266,$,"[['Monday', '11AM–9:30PM'], ['Tuesday', '11AM–9:30PM'], ['Wednesday', '11AM–9:30PM'], ['Thursday', '11AM–9:30PM'], ['Friday', '11AM–10PM'], ['Saturday', '11AM–10PM'], ['Sunday', 'Closed']]"
0x88def100804c4835:0xbbcf25955e91c8d2,Wasabi Thai Sushi,"Wasabi Thai Sushi, 217 Orange Ave, Fort Pierce, FL 34950",27.447329099999997,-80.3243142,"['Thai restaurant', 'Japanese restaurant', 'Sushi restaurant']",4.6,556,$$,"[['Monday', '11AM–9:30PM'], ['Tuesday', '11AM–9:30PM'], ['Wednesday', '11AM–9:30PM'], ['Thursday', '11AM–9:30PM'], ['Friday', '11AM–10PM'], ['Saturday', '12–10PM'], ['Sunday', '12–9:30PM']]"
0x88c2c11a4cb99791:0xbfb1968c2d2ee517,KELP SUSHI JOINT,"KELP SUSHI JOINT, 6507 W Waters Ave Ste 9, Tampa, FL 33634",28.0263469,-82.55267289999999,"['Sushi restaurant', 'Asian fusion restaurant', 'Japanese restaurant', 'Restaurant']",4.1,88,,"[['Monday', '11AM–10PM'], ['Tuesday', '11AM–10PM'], ['Wednesday', '11AM–10PM'], ['Thursday', '11AM–10PM'], ['Friday', '11AM–10PM'], ['Saturday', '11AM–10PM'], ['Sunday', '11AM–10PM']]"
0x88d901a7b95c3ca1:0xf5ddeef90add9ff4,Koi - Sushi Lounge,"Koi - Sushi Lounge, 1841 Cordova Rd, Fort Lauderdale, FL 33316",26.098075599999998,-80.13132519999999,"['Japanese restaurant', 'Asian restaurant', 'Chinese restaurant', 'Sushi restaurant', 'Thai restaurant']",4.6,158,,"[['Monday', '11:30AM–10:30PM'], ['Tuesday', '11:30AM–10:30PM'], ['Wednesday', '11:30AM–10:30PM'], ['Thursday', '11:30AM–10:30PM'], ['Friday', '12–11PM'], ['Saturday', '12–11PM'], ['Sunday', '12–10PM']]"
0x88d90066e45f7a47:0x8fc096987b73e06c,KUBO asian fusion street food and sushi,"KUBO asian fusion street food and sushi, 745 SE 17th St, Fort Lauderdale, FL 33316",26.100967999999998,-80.13554959999999,"['Asian fusion restaurant', 'Japanese restaurant', 'Delivery Restaurant', 'Thai restaurant']",4.7,378,$$,"[['Monday', '11AM–10PM'], ['Tuesday', '11AM–10PM'], ['Wednesday', '11AM–10PM'], ['Thursday', '11AM–10PM'], ['Friday', '11AM–11PM'], ['Saturday', '12–11PM'], ['Sunday', '12–10PM']]"
0x88e62b56a6e32bad:0x5e4f436e8e67f7a9,Tokyo Sushi,"Tokyo Sushi, 2785 NW 49th Ave #106, Ocala, FL 34482",29.2160405,-82.200957,"['Restaurant', 'Japanese steakhouse', 'Sushi restaurant']",4.8,164,,"[['Monday', '11AM–10PM'], ['Tuesday', '11AM–10PM'], ['Wednesday', '11AM–10PM'], ['Thursday', '11AM–10PM'], ['Friday', '11AM–11PM'], ['Saturday', '11AM–11PM'], ['Sunday', '12–10PM']]"
0x88d92f80c7a8514b:0x9c206b6d6f7075de,Sushi Moto Asian,"Sushi Moto Asian, 12020 S Shore Blvd # 700, Wellington, FL 33414",26.6504613,-80.2366828,"['Sushi restaurant', 'Asian restaurant', 'Japanese restaurant']",4.5,248,,"[['Monday', '11AM–9PM'], ['Tuesday', '11AM–9PM'], ['Wednesday', '11AM–9PM'], ['Thursday', '11AM–9PM'], ['Friday', '11AM–10PM'], ['Saturday', '11AM–10PM'], ['Sunday', 'Closed']]"
0x88e76f90949c22a9:0x98c53a704338d73b,Kiko Japanese Cuisine,"Kiko Japanese Cuisine, 110 S Semoran Blvd, Winter Park, FL 32792",28.596153899999997,-81.3083413,"['Restaurant', 'Japanese restaurant', 'Vegetarian restaurant']",4.6,285,$$,"[['Monday', '11AM–10PM'], ['Tuesday', 'Closed'], ['Wednesday', '11AM–10PM'], ['Thursday', '11AM–10PM'], ['Friday', '11AM–10PM'], ['Saturday', '12–10PM'], ['Sunday', '12–10PM']]"
0x88dca83404c16033:0x2a005fbe21131367,Ichiban Japanese Steak House,"Ichiban Japanese Steak House, 4200 Tamiami Trail #21, Port Charlotte, FL 33952",26.9694805,-82.07951349999999,['Japanese steakhouse'],4.3,227,$$,"[['Monday', '4–10PM'], ['Tuesday', '4–10PM'], ['Wednesday', '4–10PM'], ['Thursday', '4–10PM'], ['Friday', '4–10PM'], ['Saturday', '4–10PM'], ['Sunday', '4–9PM']]"
0x88e8bd84a58cff61:0x38a2b5e3650f8a77,Hana Sushi,"Hana Sushi, 3147 SW 45 St Ste 10, Gainesville, FL 32608",29.6239821,-82.3937665,"['Restaurant', 'Japanese restaurant', 'Sushi restaurant']",4.5,264,,"[['Monday', '11AM–10PM'], ['Tuesday', '11AM–10PM'], ['Wednesday', '11AM–10PM'], ['Thursday', '11AM–10PM'], ['Friday', '11AM–11PM'], ['Saturday', '12–11PM'], ['Sunday', '12–10PM']]"
0x88c2cfcdee60c471:0x542066bd33f96104,Crazy Cafe,"Crazy Cafe, 3883 US-301, Riverview, FL 33578",27.912444299999997,-82.3497641,['Japanese restaurant'],4.6,486,$$,"[['Sunday', '12–9PM'], ['Monday', '11AM–9:30PM'], ['Tuesday', '11AM–9:30PM'], ['Wednesday', '11AM–9:30PM'], ['Thursday', '11AM–9:30PM'], ['Friday', '11AM–10:30PM'], ['Saturday', '11AM–10:30PM']]"
0x88dd7f2579a9f451:0x9a8f768365a545f6,Sakeba Asian Pub & Grill,"Sakeba Asian Pub & Grill, 5770 W Irlo Bronson Memorial Hwy ste 414, Kissimmee, FL 34746",28.3287606,-81.5159824,"['Asian restaurant', 'Chinese restaurant', 'Japanese restaurant', 'Korean restaurant', 'Thai restaurant']",4.7,196,$,"[['Sunday', '12–11:45PM'], ['Monday', '12–11:30PM'], ['Tuesday', '12–11:30PM'], ['Wednesday', '12–11:30PM'], ['Thursday', '12–11:30PM'], ['Friday', '12PM–12AM'], ['Saturday', '12PM–12AM']]"
0x88e7c473ac98be5d:0x44c569956641e5d7,VKI JAPANESE STEAKHOUSE,"VKI JAPANESE STEAKHOUSE, 1004 Old Mill Run, The Villages, FL 32162",28.9079528,-81.97512189999999,"['Japanese restaurant', 'Asian restaurant', 'Steak house', 'Sushi restaurant']",4.4,508,$$,"[['Sunday', '12–9PM'], ['Monday', '11:30AM–9:30PM'], ['Tuesday', '11:30AM–9:30PM'], ['Wednesday', '11:30AM–9:30PM'], ['Thursday', '11:30AM–9:30PM'], ['Friday', '11:30AM–9:30PM'], ['Saturday', '11:30AM–9:30PM']]"
0x88e7a2c582ec8129:0xd85728f271fa438e,Saigon Fusion,"Saigon Fusion, 16700 US-441, Mt Dora, FL 32757",28.821103599999997,-81.6796291,"['Japanese restaurant', 'Restaurant', 'Sushi restaurant']",4.5,618,$$,"[['Sunday', '11AM–2:30PM'], ['Monday', '11AM–2:30PM'], ['Tuesday', '11AM–2:30PM'], ['Wednesday', '11AM–2:30PM'], ['Thursday', '11AM–2:30PM'], ['Friday', '11AM–2:30PM'], ['Saturday', '11AM–2:30PM']]"
0x88db4018575dd423:0x24687d0fa140c151,Mr. Mee's,"Mr. Mee's, 5100 S Cleveland Ave #310, Fort Myers, FL 33907",26.5867501,-81.8739299,"['Southeast Asian restaurant', 'Asian restaurant', 'Japanese restaurant', 'Korean restaurant', 'Sushi restaurant', 'Thai restaurant']",4.4,368,$$,"[['Sunday', 'Closed'], ['Monday', '11AM–9PM'], ['Tuesday', '11AM–9PM'], ['Wednesday', '11AM–9PM'], ['Thursday', '11AM–9PM'], ['Friday', '11AM–10PM'], ['Saturday', '11AM–10PM']]"
0x88e5007a59b45c61:0x1d6907a7be28c917,Sushi House,"Sushi House, 463797 State Rd 200 #5, Yulee, FL 32097",30.6282942,-81.5500102,"['Sushi restaurant', 'Asian restaurant', 'Japanese restaurant']",4.2,148,$$,"[['Sunday', '12–9:30PM'], ['Monday', 'Closed'], ['Tuesday', '11AM–9:30PM'], ['Wednesday', '11AM–9:30PM'], ['Thursday', '11AM–9:30PM'], ['Friday', '11AM–10:30PM'], ['Saturday', '11AM–10:30PM']]"
0x88e76e007c455081:0x99f5adda320244b6,Hibachi Express,"Hibachi Express, 3950 S US Hwy 17 92 #1072, Casselberry, FL 32730",28.674673,-81.33788299999999,"['Japanese restaurant', 'Asian restaurant', 'Sushi restaurant']",4.1,414,$,"[['Sunday', '12–9PM'], ['Monday', 'Closed'], ['Tuesday', '11AM–9PM'], ['Wednesday', '11AM–9PM'], ['Thursday', '11AM–9PM'], ['Friday', '11AM–9:30PM'], ['Saturday', '11AM–9:30PM']]"
0x88e788d307db371f:0x8bead7796834d487,Fancy Sushi,"Fancy Sushi, 2417 S Hwy 27, Clermont, FL 34711",28.536208,-81.7324343,"['Japanese restaurant', 'Asian restaurant', 'Sushi restaurant']",4.4,528,$$,"[['Sunday', '12–10PM'], ['Monday', '11AM–10PM'], ['Tuesday', '11AM–10PM'], ['Wednesday', '11AM–10PM'], ['Thursday', '11AM–10PM'], ['Friday', '11AM–11PM'], ['Saturday', '11AM–11PM']]"
0x88d8d6eb61d764db:0xb0b888b78fef3d9e,Imoto at Buccan,"Imoto at Buccan, 350 S County Rd, Palm Beach, FL 33480",26.70307,-80.036714,"['Asian restaurant', 'Bar', 'Izakaya restaurant', 'Japanese restaurant', 'Small plates restaurant', 'Sushi restaurant']",4.4,78,$$$,"[['Sunday', '5–10:30PM'], ['Monday', '5–10:30PM'], ['Tuesday', '5–10:30PM'], ['Wednesday', '5–10:30PM'], ['Thursday', '5–10:30PM'], ['Friday', '5–10:30PM'], ['Saturday', '5–10:30PM']]"
0x88c2ee6030b016ff:0x63229467c892c287,Happy Salmon,"Happy Salmon, 500 Main St, Safety Harbor, FL 34695",27.990699799999998,-82.6926256,['Japanese restaurant'],4.7,245,$$,"[['Sunday', '4:30–9PM'], ['Monday', '4–9PM'], ['Tuesday', '4–9PM'], ['Wednesday', '4–10PM'], ['Thursday', '4–10PM'], ['Friday', '4:30–10PM'], ['Saturday', '4:30–10PM']]"
0x88d91aaf97c97de5:0x9b8f5538ece3d596,Izumo Japanese Restaurant,"Izumo Japanese Restaurant, 10609 Wiles Rd, Coral Springs, FL 33076",26.2885518,-80.2679433,['Japanese restaurant'],4.6,174,$$,"[['Sunday', '4:30–9PM'], ['Monday', '4:30–9PM'], ['Tuesday', 'Closed'], ['Wednesday', '4:30–9PM'], ['Thursday', '4:30–9PM'], ['Friday', '4:30–9PM'], ['Saturday', '4:30–9PM']]"
0x88d8dfdb2f36f437:0xc0a1c16a47bcba1a,Beg For More Izakaya,"Beg For More Izakaya, 19 SE 5th Ave, Delray Beach, FL 33483",26.461236099999997,-80.0679444,"['Japanese restaurant', 'Delivery Restaurant', 'Takeout Restaurant', 'Tapas restaurant', 'Thai restaurant']",4.3,208,,"[['Sunday', '4PM–1AM'], ['Monday', '4PM–2AM'], ['Tuesday', '4PM–2AM'], ['Wednesday', '4PM–2AM'], ['Thursday', '4PM–2AM'], ['Friday', '4PM–2AM'], ['Saturday', '4PM–2AM']]"
0x88d9baf19e2bc9f9:0xe2ee5936ce1a2c88,Sushi Sake Hialeah,"Sushi Sake Hialeah, 1165 W 49th St, Hialeah, FL 33012",25.8671419,-80.3057991,"['Sushi restaurant', 'Asian fusion restaurant', 'Asian restaurant', 'Bar', 'Cocktail bar', 'Family restaurant', 'Japanese restaurant']",3.4,518,$$,"[['Sunday', '11AM–12AM'], ['Monday', '11AM–12AM'], ['Tuesday', '11AM–12AM'], ['Wednesday', '11AM–12AM'], ['Thursday', '11AM–12AM'], ['Friday', '11AM–3AM'], ['Saturday', '11AM–3AM']]"
0x88dd9c3f9f0ea62d:0x1ce151901bc6bab7,Mizu Teppanyaki & Sushi III,"Mizu Teppanyaki & Sushi III, 809 Cypress Pkwy, Kissimmee, FL 34759",28.147918699999998,-81.45259209999999,"['Japanese restaurant', 'Restaurant', 'Sushi restaurant', 'Teppanyaki restaurant']",4.5,795,$$,"[['Sunday', '12–9:30PM'], ['Monday', '11:30AM–9:30PM'], ['Tuesday', '11:30AM–9:30PM'], ['Wednesday', '11:30AM–9:30PM'], ['Thursday', '11:30AM–9:30PM'], ['Friday', '11:30AM–10:30PM'], ['Saturday', '12–10:30PM']]"
0x88d9b5283881ce5f:0xc2d5495cf1982321,Koa Poke and Burrito,"Koa Poke and Burrito, 1600 Collins Ave Unit 103, Miami Beach, FL 33139",25.7894559,-80.1303989,"['Sushi restaurant', 'Brazilian restaurant', 'Catering food and drink supplier', 'Hawaiian restaurant', 'Health food restaurant', 'Japanese restaurant', 'Restaurant', 'Seafood restaurant', 'Skateboard shop', 'Vegetarian restaurant']",4.9,238,,"[['Sunday', '9:30AM–9PM'], ['Monday', '11AM–8PM'], ['Tuesday', '11AM–8PM'], ['Wednesday', '11AM–8PM'], ['Thursday', '10:30AM–9PM'], ['Friday', '9AM–9PM'], ['Saturday', '9AM–9PM']]"
0x88d9bec5fc96258b:0xf73ff9d1149921c5,Kobe House,"Kobe House, 11401 NW 12th St # E504, Miami, FL 33172",25.787067699999998,-80.381232,"['Japanese restaurant', 'Asian restaurant', 'Seafood restaurant', 'Steak house', 'Sushi restaurant']",4.1,648,$$,"[['Sunday', '12:30–9PM'], ['Monday', '12:30–9PM'], ['Tuesday', '12:30–9PM'], ['Wednesday', '12:30–9PM'], ['Thursday', '12:30–9PM'], ['Friday', '12:30–9PM'], ['Saturday', '12:30–9PM']]"
0x88d9c05176d69d1f:0xdff27c1c6b0a2cbf,Fujiya Japanese Restaurant,"Fujiya Japanese Restaurant, 13750 SW 88th St, Miami, FL 33186",25.684733599999998,-80.41825659999999,"['Japanese restaurant', 'Asian restaurant', 'Authentic Japanese restaurant', 'Restaurant', 'Sushi restaurant']",4.7,606,$$,"[['Sunday', '1–4PM'], ['Monday', 'Closed'], ['Tuesday', '11:30AM–2:30PM'], ['Wednesday', '11:30AM–2:30PM'], ['Thursday', '11:30AM–2:30PM'], ['Friday', '11:30AM–2:30PM'], ['Saturday', '1–4PM']]"
0x889388991fa2eef7:0x2a7c745c36b70644,Gypsea Crepes,"Gypsea Crepes, 7012 Thomas Dr, Panama City Beach, FL 32408",30.1573508,-85.7731222,"['Restaurant', 'Breakfast restaurant', 'Crêperie', 'Dessert restaurant', 'Japanese restaurant', 'Japanese sweets restaurant', 'Lunch restaurant']",4.9,578,$,"[['Saturday', '9AM–3PM'], ['Sunday', '9AM–3PM'], ['Monday', 'Closed'], ['Tuesday', '9AM–3PM'], ['Wednesday', '9AM–3PM'], ['Thursday', '9AM–3PM'], ['Friday', '9AM–3PM']]"
0x88e5cc8d53fe39d7:0x814210c43db1bb7e,Sushi House & Grill,"Sushi House & Grill, 13820 Old St Augustine Rd #145, Jacksonville, FL 32258",30.140553999999998,-81.5487969,"['Sushi restaurant', 'Asian restaurant', 'Japanese restaurant', 'Delivery Restaurant', 'Takeout Restaurant']",4.6,385,$$,"[['Sunday', '11AM–9:30PM'], ['Monday', 'Closed'], ['Tuesday', '11AM–9:30PM'], ['Wednesday', '11AM–9:30PM'], ['Thursday', '11AM–9:30PM'], ['Friday', '11AM–10:30PM'], ['Saturday', '11AM–10:30PM']]"
0x88938eda5b2eb717:0x7cb5e87c8bd788dd,Jin Jin 88,"Jin Jin 88, 11560 Panama City Beach Pkwy #102, Panama City Beach, FL 32407",30.1983657,-85.8145028,"['Asian restaurant', 'Chinese restaurant', 'Japanese restaurant', 'Delivery Restaurant', 'Sushi restaurant']",3.9,658,$,"[['Saturday', '11AM–10:30PM'], ['Sunday', '12–10PM'], ['Monday', '11AM–10PM'], ['Tuesday', '11AM–10PM'], ['Wednesday', '11AM–10PM'], ['Thursday', '11AM–10PM'], ['Friday', '11AM–10:30PM']]"
0x88d8e395389922c5:0xb6a0601bbbbcfa1e,Phat Boy Sushi & Kitchen - Deerfield,"Phat Boy Sushi & Kitchen - Deerfield, 949 S Federal Hwy, Deerfield Beach, FL 33441",26.3056922,-80.09316869999999,"['Sushi restaurant', 'Japanese restaurant', 'Noodle shop', 'Ramen restaurant']",4.4,338,,"[['Saturday', '11:30AM–12AM'], ['Sunday', '11:30AM–12AM'], ['Monday', '11:30AM–12AM'], ['Tuesday', '11:30AM–12AM'], ['Wednesday', '11:30AM–12AM'], ['Thursday', '11:30AM–12AM'], ['Friday', '11:30AM–12AM']]"
0x88d9b958553be0c7:0xecacd24489222b75,Aki Japanese buffet,"Aki Japanese buffet, 9605 NW 41st St, Doral, FL 33178",25.8126911,-80.3521911,['Japanese restaurant'],4.3,998,$,"[['Saturday', '12–3:30PM'], ['Sunday', '12–3:30PM'], ['Monday', '11:30AM–3:30PM'], ['Tuesday', '11:30AM–3:30PM'], ['Wednesday', '11:30AM–3:30PM'], ['Thursday', '11:30AM–3:30PM'], ['Friday', '11:30AM–3:30PM']]"
0x88d9ad05218481f7:0xc359ab56536f0aa5,Yakko-San,"Yakko-San, 3881 NE 163rd St, North Miami Beach, FL 33160",25.93135,-80.1322883,"['Japanese restaurant', 'Asian restaurant', 'Ramen restaurant', 'Restaurant', 'Sushi restaurant']",4.1,698,$$,"[['Saturday', '1PM–12AM'], ['Sunday', '1PM–12AM'], ['Monday', '5PM–12AM'], ['Tuesday', '5PM–12AM'], ['Wednesday', '5PM–12AM'], ['Thursday', '5PM–12AM'], ['Friday', '5PM–12AM']]"
0x88e44b8217f0cc93:0x38846f48a853581d,Bonchon Beach Blvd,"Bonchon Beach Blvd, 13423 Beach Blvd #104, Jacksonville, FL 32246",30.288197,-81.46266,"['Asian fusion restaurant', 'Asian restaurant', 'Chicken restaurant', 'Chicken wings restaurant', 'Fried chicken takeaway', 'Japanese restaurant', 'Korean restaurant', 'Pan-Asian restaurant']",4.5,98,$$,"[['Saturday', '11AM–10PM'], ['Sunday', '11AM–9:30PM'], ['Monday', '11AM–9:30PM'], ['Tuesday', '11AM–9:30PM'], ['Wednesday', '11AM–9:30PM'], ['Thursday', '11AM–9:30PM'], ['Friday', '11AM–10PM']]"
0x88e449d1d2d6547f:0xa11cc402ef6398e5,Sushi Palace,"Sushi Palace, 626 Marsh Landing Pkwy, Jacksonville Beach, FL 32250",30.2537231,-81.3916794,"['Japanese restaurant', 'Grill', 'Asian restaurant', 'Sushi restaurant']",4.3,248,$$,"[['Saturday', '11AM–9PM'], ['Sunday', '11AM–9PM'], ['Monday', 'Closed'], ['Tuesday', '11AM–9PM'], ['Wednesday', '11AM–9PM'], ['Thursday', '11AM–9PM'], ['Friday', '11AM–9PM']]"
0x88e77bd62824aa4b:0x4f85c0151c25059f,TORI TORI,"TORI TORI, 720 N Mills Ave, Orlando, FL 32803",28.5540171,-81.36468699999999,"['Pub', 'Japanese restaurant']",4.6,457,$$,"[['Saturday', '5PM–2AM'], ['Sunday', '5PM–1AM'], ['Monday', '5PM–1AM'], ['Tuesday', '5PM–1AM'], ['Wednesday', '5PM–1AM'], ['Thursday', '5PM–1AM'], ['Friday', '5PM–2AM']]"
0x88dee8fb48d7f711:0x9d866d7d33308572,Hibachi Express,"Hibachi Express, 1181 SE Port St Lucie Blvd, Port St. Lucie, FL 34952",27.272024199999997,-80.31536009999999,['Japanese restaurant'],4.2,287,$,"[['Saturday', '11AM–9:30PM'], ['Sunday', '12–9:30PM'], ['Monday', '11AM–9:30PM'], ['Tuesday', '11AM–9:30PM'], ['Wednesday', '11AM–9:30PM'], ['Thursday', '11AM–9:30PM'], ['Friday', '11AM–9:30PM']]"
0x88c2f2a153eb5577:0x7ec8b8e6973de74a,Shogun Japanese Restaurant,"Shogun Japanese Restaurant, 34980 US Hwy 19 N, Palm Harbor, FL 34684",28.0898453,-82.7406539,['Japanese restaurant'],4.4,244,$$,"[['Saturday', '11AM–10:30PM'], ['Sunday', '12–10PM'], ['Monday', '11AM–10PM'], ['Tuesday', 'Closed'], ['Wednesday', '11AM–10PM'], ['Thursday', '11AM–10PM'], ['Friday', '11AM–10:30PM']]"
0x88dd73fd9bd4d537:0xc0a39551036866e6,Sumo Teppanyaki Express,"Sumo Teppanyaki Express, 629 U.S. Hwy 17-92 N, Haines City, FL 33844",28.1054526,-81.6389578,['Japanese restaurant'],3.9,125,$,"[['Saturday', '11AM–9:30PM'], ['Sunday', '12–8:30PM'], ['Monday', 'Closed'], ['Tuesday', '11AM–8:30PM'], ['Wednesday', '11AM–8:30PM'], ['Thursday', '11AM–8:30PM'], ['Friday', '11AM–9:30PM']]"
0x88d91b44e0fd0a91:0x3ce67e0281d2b741,SanTo’s Modern American Buffet & Sushi,"SanTo’s Modern American Buffet & Sushi, 4690 N State Rd 7 STE 106, Coconut Creek, FL 33073",26.287407599999998,-80.2001363,"['Sushi restaurant', 'Bar', 'Japanese restaurant']",4.5,2172,$$,"[['Saturday', '11:30AM–3:30PM'], ['Sunday', '11:30AM–3:30PM'], ['Monday', '11:30AM–3PM'], ['Tuesday', '11:30AM–3PM'], ['Wednesday', '11:30AM–3PM'], ['Thursday', '11:30AM–3PM'], ['Friday', '11:30AM–3:30PM']]"
0x88d8e1c00585c965:0xad6116b2428ce138,Santo's Modern American Buffet & Sushi,"Santo's Modern American Buffet & Sushi, 3400 N Federal Hwy, Boca Raton, FL 33431",26.381394,-80.075924,"['Sushi restaurant', 'American restaurant', 'Asian fusion restaurant', 'Breakfast restaurant', 'Brunch restaurant', 'Buffet restaurant', 'Japanese restaurant', 'New American restaurant', 'Restaurant', 'Seafood restaurant']",4.5,1626,$$,"[['Saturday', '11:30AM–3:30PM'], ['Sunday', '11:30AM–3:30PM'], ['Monday', '11:30AM–3PM'], ['Tuesday', '11:30AM–3PM'], ['Wednesday', '11:30AM–3PM'], ['Thursday', '11:30AM–3PM'], ['Friday', '11:30AM–3:30PM']]"
0x88ecf5f7af7d9a27:0xaa1845bd16e9a36,Boru Boru - Sushi Burrito + Ramen + Bowl,"Boru Boru - Sushi Burrito + Ramen + Bowl, 1861 W Tennessee St Unit 290, Tallahassee, FL 32304",30.4479479,-84.3145856,"['Japanese restaurant', 'Asian restaurant', 'Ramen restaurant', 'Sushi restaurant']",4.7,188,,"[['Saturday', '11AM–10PM'], ['Sunday', '11AM–10PM'], ['Monday', '11AM–3PM'], ['Tuesday', '11AM–3PM'], ['Wednesday', '11AM–3PM'], ['Thursday', '11AM–3PM'], ['Friday', '11AM–10PM']]"
0x88ecf5a3899a5a3d:0x67ed88fffb2bf5ba,Mizu Sushirrito & Hibachi,"Mizu Sushirrito & Hibachi, 1964 W Tennessee St #19, Tallahassee, FL 32304",30.450109899999998,-84.3151018,"['Japanese restaurant', 'Chicken wings restaurant', 'Restaurant', 'Sushi restaurant', 'Sushi takeaway', 'Teppanyaki restaurant']",4.2,36,,"[['Saturday', '11AM–9PM'], ['Sunday', '12–8PM'], ['Monday', 'Closed'], ['Tuesday', '11AM–9PM'], ['Wednesday', '11AM–9PM'], ['Thursday', '11AM–9PM'], ['Friday', '11AM–9PM']]"
0x88ecf5a6d5a66885:0x6d92ff130faccb1b,UR BOWL,"UR BOWL, 1800 W Tennessee St #3, Tallahassee, FL 32304",30.4494972,-84.3112106,"['Ramen restaurant', 'Bubble tea store', 'Dessert shop', 'Japanese restaurant', 'Pho restaurant']",4.5,285,,"[['Saturday', '11:30AM–9PM'], ['Sunday', '11:30AM–9PM'], ['Monday', '11:30AM–9PM'], ['Tuesday', 'Closed'], ['Wednesday', '11:30AM–9PM'], ['Thursday', '11:30AM–9PM'], ['Friday', '11:30AM–9PM']]"
0x88c2c0ec2e05c91d:0xf82202fd457b7c9d,Wei's Hibachi Buffet,"Wei's Hibachi Buffet, 13151 Dale Mabry Hwy, Tampa, FL 33618",28.066113899999998,-82.5011743,"['Asian restaurant', 'Chinese restaurant', 'Japanese restaurant', 'Restaurant', 'Sushi restaurant']",3.6,1523,$,"[['Saturday', '11:30AM–10PM'], ['Sunday', '11:30AM–9:30PM'], ['Monday', '11:30AM–9:30PM'], ['Tuesday', '11:30AM–9:30PM'], ['Wednesday', '11:30AM–9:30PM'], ['Thursday', '11:30AM–9:30PM'], ['Friday', '11:30AM–10PM']]"
0x88c2ea5afb2663e3:0x171f16a91fa58962,Zen Bistro Grill + Sushi Bar,"Zen Bistro Grill + Sushi Bar, 9620 W Linebaugh Ave, Tampa, FL 33626",28.0428945,-82.5932163,"['Sushi restaurant', 'Asian restaurant', 'Japanese restaurant']",3.8,235,$$,"[['Saturday', '4:30–10PM'], ['Sunday', '4:30–9PM'], ['Monday', '4:30–9PM'], ['Tuesday', '4:30–9PM'], ['Wednesday', '4:30–9PM'], ['Thursday', '4:30–9PM'], ['Friday', '4:30–10PM']]"
0x88e5b86e9b9889ef:0x9ea36d57adb010c0,Okinawa Japanese Grillhouse & Sushi Bar,"Okinawa Japanese Grillhouse & Sushi Bar, 4403 Roosevelt Blvd, Jacksonville, FL 32210",30.281044599999998,-81.718181,"['Japanese restaurant', 'Asian restaurant', 'Sushi restaurant']",4.3,874,$$,"[['Saturday', '11:30AM–2:30PM'], ['Sunday', '11:30AM–2:30PM'], ['Monday', '11AM–2PM'], ['Tuesday', 'Closed'], ['Wednesday', '11AM–2PM'], ['Thursday', '11AM–2PM'], ['Friday', '11AM–2PM']]"
0x88e5c7fa47c789eb:0xcd24e29ff18ba67f,Okinawa Japanese Grillhouse & Sushi Bar Restaurant,"Okinawa Japanese Grillhouse & Sushi Bar Restaurant, 4403 Roosevelt Blvd, Jacksonville, FL 32210",30.281067099999998,-81.7181768,['Japanese restaurant'],4.6,228,,"[['Saturday', '11:30AM–2:30PM'], ['Sunday', '11:30AM–2:30PM'], ['Monday', '11AM–2PM'], ['Tuesday', 'Closed'], ['Wednesday', '11AM–2PM'], ['Thursday', '11AM–2PM'], ['Friday', '11AM–2PM']]"
0x88d9b4f2ef85c10f:0x1f8cacdc511ea35b,Kone Sushi,"Kone Sushi, 247 SE 1st St, Miami, FL 33131",25.7736111,-80.1894444,"['Sushi restaurant', 'Asian fusion restaurant', 'Asian restaurant', 'Catering food and drink supplier', 'Event planner', 'Japanese restaurant', 'Delivery Restaurant', 'Takeout Restaurant']",4.1,328,$$,"[['Saturday', '5–9:30PM'], ['Sunday', 'Closed'], ['Monday', '12–9:30PM'], ['Tuesday', '12–9:30PM'], ['Wednesday', '12–9:30PM'], ['Thursday', '12–9:30PM'], ['Friday', '12–9:30PM']]"
0x88dc57c803b2ebaf:0x5372a425eedc9636,Cang Tong Japanese Steakhouse,"Cang Tong Japanese Steakhouse, 110 Sebring Square.., Sebring, FL 33870",27.5113935,-81.4926687,"['Chinese restaurant', 'Japanese restaurant', 'Sushi restaurant']",4.2,655,$$,"[['Saturday', '11AM–10PM'], ['Sunday', '11AM–9PM'], ['Monday', '11AM–9PM'], ['Tuesday', '11AM–9PM'], ['Wednesday', '11AM–9PM'], ['Thursday', '11AM–9PM'], ['Friday', '11AM–10PM']]"
0x88d9c416f337df8b:0x36282f708105b941,Asian Fusion Cafe,"Asian Fusion Cafe, 17043 S Dixie Hwy, Palmetto Bay, FL 33157",25.611313,-80.346082,"['Asian restaurant', 'Asian fusion restaurant', 'Japanese restaurant', 'Pan-Asian restaurant', 'Pho restaurant', 'Restaurant', 'Sushi restaurant', 'Thai restaurant', 'Vietnamese restaurant']",4.5,318,$$,"[['Saturday', '11AM–11PM'], ['Sunday', 'Closed'], ['Monday', '11AM–10PM'], ['Tuesday', '11AM–10PM'], ['Wednesday', '11AM–10PM'], ['Thursday', '11AM–10PM'], ['Friday', '11AM–11PM']]"
0x88e7787c63c5e3a1:0x6d9534820e1ccf1c,Ginza Japanese Steak House,"Ginza Japanese Steak House, 8933 W Colonial Dr, Ocoee, FL 34761",28.5532325,-81.50781839999999,['Japanese restaurant'],4.1,98,$$,"[['Saturday', '12–11PM'], ['Sunday', '12–10PM'], ['Monday', '11AM–2:30PM'], ['Tuesday', '11AM–2:30PM'], ['Wednesday', '11AM–2:30PM'], ['Thursday', '11AM–2:30PM'], ['Friday', '11AM–2:30PM']]"
0x88e78f1bbd828e5b:0x227c272d8706730e,Robata Japanese Steak House,"Robata Japanese Steak House, 1500 Oakley Seaver Dr Ste 5, Clermont, FL 34711",28.5455525,-81.728066,"['Restaurant', 'Japanese restaurant', 'Japanese steakhouse', 'Sushi restaurant']",4.1,778,$$,"[['Saturday', '11AM–10PM'], ['Sunday', '12–9:30PM'], ['Monday', '11AM–9:30PM'], ['Tuesday', '11AM–9:30PM'], ['Wednesday', '11AM–9:30PM'], ['Thursday', '11AM–9:30PM'], ['Friday', '11AM–10PM']]"
0x88dd396ceed2c049:0xe3eae97f343f6fb5,Teriyaki Madness,"Teriyaki Madness, 304 N Kentucky Ave, Lakeland, FL 33801",28.0471883,-81.95537809999999,"['Asian fusion restaurant', 'Caterer', 'Fast food restaurant', 'Gluten-free restaurant', 'Japanese restaurant', 'Restaurant']",4.1,195,$,"[['Friday', '11AM–9PM'], ['Saturday', '11AM–9PM'], ['Sunday', '11AM–9PM'], ['Monday', '11AM–9PM'], ['Tuesday', '11AM–9PM'], ['Wednesday', '11AM–9PM'], ['Thursday', '11AM–9PM']]"
0x88e8bb4d6c69838b:0x1e0a0af5e58faafc,Ichiban Sushi,"Ichiban Sushi, 4928 NW 39th Ave, Gainesville, FL 32606",29.6888848,-82.39555399999999,"['Sushi restaurant', 'Asian restaurant', 'Japanese restaurant']",4.4,767,$$,"[['Friday', '11AM–10PM'], ['Saturday', '11AM–10PM'], ['Sunday', '11AM–9PM'], ['Monday', '11AM–9PM'], ['Tuesday', '11AM–9PM'], ['Wednesday', '11AM–9PM'], ['Thursday', '11AM–9PM']]"
0x88e8a38f6c2058e3:0xc310ad3fc59fedcf,Sushi-2-Go University,"Sushi-2-Go University, 1412 W University Ave, Gainesville, FL 32603",29.652296699999997,-82.3410839,"['Sushi restaurant', 'Asian restaurant', 'Fast food restaurant', 'Japanese restaurant', 'Delivery Restaurant', 'Restaurant']",4.2,172,$,"[['Friday', '11AM–12AM'], ['Saturday', '12PM–12AM'], ['Sunday', '12PM–12AM'], ['Monday', '11AM–12AM'], ['Tuesday', '11AM–12AM'], ['Wednesday', '11AM–12AM'], ['Thursday', '11AM–12AM']]"
0x88e44adcc31ac43f:0x52a509c9a1b9d534,Circle Japan Grocery & Cafe,"Circle Japan Grocery & Cafe, 12192 Beach Blvd Suite 1, Jacksonville, FL 32246",30.2866039,-81.4967987,"['Japanese grocery store', 'Cafe', 'Japanese confectionery shop']",4.9,368,,"[['Friday', '12–8PM'], ['Saturday', '12–6PM'], ['Sunday', 'Closed'], ['Monday', '10AM–6PM'], ['Tuesday', '10AM–6PM'], ['Wednesday', '10AM–6PM'], ['Thursday', '10AM–6PM']]"
0x88e665ec7c199e4d:0xc901cecb2ea571b4,Sumi Sushi Hibachi,"Sumi Sushi Hibachi, 829-831 FL-19, Palatka, FL 32177",29.639893999999998,-81.6751032,"['Japanese restaurant', 'Restaurant']",4.5,287,$$,"[['Friday', '11AM–10:30PM'], ['Saturday', '11AM–10:30PM'], ['Sunday', '12–10PM'], ['Monday', '11AM–10PM'], ['Tuesday', '11AM–10PM'], ['Wednesday', '11AM–10PM'], ['Thursday', '11AM–10PM']]"
0x88d9b6842692db53:0x98f7fea9f443e75f,El Tucán Miami,"El Tucán Miami, 1111 SW 1st Ave, Miami, FL 33130",25.763092999999998,-80.19484299999999,"['Cocktail bar', 'Japanese restaurant', 'Night club', 'Restaurant', 'Sushi restaurant']",4.0,413,$$$,"[['Friday', '7PM–2AM'], ['Saturday', '7PM–2AM'], ['Sunday', 'Closed'], ['Monday', 'Closed'], ['Tuesday', 'Closed'], ['Wednesday', '7PM–2AM'], ['Thursday', '7PM–2AM']]"
0x88dd8ba878444a6b:0xf542424d478e63bd,BENTO Asian Kitchen + Sushi - Lake Nona,"BENTO Asian Kitchen + Sushi - Lake Nona, 12851 Narcoossee Rd suite 100, Orlando, FL 32832",28.379066899999998,-81.243883,"['Asian restaurant', 'Chinese restaurant', 'Japanese restaurant', 'Pan-Asian restaurant', 'Sushi restaurant']",3.9,135,,"[['Friday', '11AM–10PM'], ['Saturday', '11AM–10PM'], ['Sunday', '11AM–10PM'], ['Monday', '11AM–10PM'], ['Tuesday', '11AM–10PM'], ['Wednesday', '11AM–10PM'], ['Thursday', '11AM–10PM']]"
0x88d9c6f8dd0707a9:0x27bdac4b0d29b11d,Gyu-Kaku Japanese BBQ,"Gyu-Kaku Japanese BBQ, 11327 S Dixie Hwy, Miami, FL 33156",25.6649782,-80.3236725,"['Japanese restaurant', 'Bar', 'Barbecue restaurant', 'Tapas restaurant']",4.5,1009,$$,"[['Friday', '11:30AM–10PM'], ['Saturday', '11:30AM–11PM'], ['Sunday', '11:30AM–10PM'], ['Monday', '11:30AM–10PM'], ['Tuesday', '11:30AM–10PM'], ['Wednesday', '11:30AM–10PM'], ['Thursday', '11:30AM–10PM']]"
0x88e694641f64e295:0xfe015edaeb5ed316,Kawa Sushi,"Kawa Sushi, 1475 Palm Coast Pkwy NW #109, Palm Coast, FL 32137",29.552623999999998,-81.2356526,"['Sushi restaurant', 'Asian restaurant', 'Japanese restaurant']",4.4,354,$$,"[['Friday', '11AM–10:30PM'], ['Saturday', '11AM–10:30PM'], ['Sunday', 'Closed'], ['Monday', '11AM–10PM'], ['Tuesday', '11AM–10PM'], ['Wednesday', '11AM–10PM'], ['Thursday', '11AM–10PM']]"
0x88d9b799b736aaab:0x43c259e2da66227c,KAE Sushi by Chef Landa,"KAE Sushi by Chef Landa, 143 Giralda Ave, Coral Gables, FL 33134",25.7515203,-80.25781049999999,"['Sushi restaurant', 'Asian fusion restaurant', 'Japanese restaurant']",4.6,158,,"[['Friday', '12–10PM'], ['Saturday', '12–10PM'], ['Sunday', '12–9PM'], ['Monday', '12–9PM'], ['Tuesday', '12–9PM'], ['Wednesday', '12–9PM'], ['Thursday', '12–9PM']]"
0x88937f70884b267b:0x5b21d60efb46154f,No. 1 Asian Buffet,"No. 1 Asian Buffet, 232 S Tyndall Pkwy, Panama City, FL 32404",30.142471699999998,-85.5915563,"['Japanese restaurant', 'Asian fusion restaurant', 'Asian restaurant', 'Buffet restaurant', 'Chinese restaurant', 'Sushi restaurant']",3.8,224,$,"[['Friday', '11AM–10PM'], ['Saturday', '11AM–10PM'], ['Sunday', '11AM–10PM'], ['Monday', '11AM–10PM'], ['Tuesday', '11AM–10PM'], ['Wednesday', '11AM–10PM'], ['Thursday', '11AM–10PM']]"
0x88e7d59941d44de1:0x3c9655683b40f40d,Yamato Japanese Steak House,"Yamato Japanese Steak House, 4714 SW College Rd, Ocala, FL 34474",29.1372149,-82.1976206,"['Japanese steakhouse', 'Asian restaurant', 'Japanese restaurant', 'Sushi restaurant']",4.3,1246,$$,"[['Friday', '12–9:30PM'], ['Saturday', '12–9:30PM'], ['Sunday', '12–9PM'], ['Monday', '4:30–9PM'], ['Tuesday', '3–9PM'], ['Wednesday', '4:30–9PM'], ['Thursday', '4:30–9PM']]"
0x88e7d59a314c8f87:0x219838134519336,Japanese Steakhouse,"Japanese Steakhouse, 4714 SW College Rd, Ocala, FL 34474",29.1371711,-82.1977644,['Japanese restaurant'],3.4,5,,
0x88e82067174592b7:0xe00961b10328367c,Haiku Japanese Restaurant,"Haiku Japanese Restaurant, 4373 Commercial Way, Spring Hill, FL 34606",28.4946095,-82.5993675,"['Japanese restaurant', 'Restaurant', 'Sushi restaurant']",4.2,248,,"[['Friday', '11AM–8PM'], ['Saturday', '2–10:30PM'], ['Sunday', '3–8PM'], ['Monday', '11AM–8PM'], ['Tuesday', '11AM–8PM'], ['Wednesday', '11AM–8PM'], ['Thursday', '11AM–8PM']]"
0x88e767ff479ac493:0x12a2956dc39ec451,Kyoto Sushi & Grill,"Kyoto Sushi & Grill, 14807 E Colonial Dr #100, Orlando, FL 32826",28.566459299999998,-81.1653122,"['Japanese restaurant', 'Restaurant', 'Sushi restaurant']",4.2,669,$$,"[['Friday', '11AM–11PM'], ['Saturday', '11AM–11PM'], ['Sunday', '11AM–10:30PM'], ['Monday', '11AM–10:30PM'], ['Tuesday', '11AM–10:30PM'], ['Wednesday', '11AM–10:30PM'], ['Thursday', '11AM–10:30PM']]"
0x88c2bf1407fbbe5f:0x206ea3ee7c0e21fe,Umami Sushi,"Umami Sushi, 17677 N Dale Mabry Hwy, Lutz, FL 33548",28.126433499999997,-82.5008558,"['Restaurant', 'Japanese restaurant', 'Sushi restaurant']",4.5,472,$$,"[['Friday', '11AM–3PM'], ['Saturday', '12–11PM'], ['Sunday', '2–9:30PM'], ['Monday', '11AM–3PM'], ['Tuesday', '11AM–3PM'], ['Wednesday', '11AM–3PM'], ['Thursday', '11AM–3PM']]"
0x88c2c7c5d40c7cc1:0xc1a3ee0e5c07475f,BENTO Tampa,"BENTO Tampa, 5103 E Fowler Ave, Tampa, FL 33617",28.053791,-82.3988418,"['Asian restaurant', 'Chinese restaurant', 'Japanese restaurant', 'Pan-Asian restaurant', 'Restaurant', 'Sushi restaurant']",4.0,138,,"[['Friday', '11AM–11PM'], ['Saturday', '11:30AM–11PM'], ['Sunday', '11:30AM–10:30PM'], ['Monday', '11AM–10:30PM'], ['Tuesday', '11AM–10:30PM'], ['Wednesday', '11AM–10:30PM'], ['Thursday', '11AM–10:30PM']]"
0x88d8e1faa8210d95:0xe603f3bf60028186,Oishii Japanese & Hibachi,"Oishii Japanese & Hibachi, 141 NW 20th St C-2, Boca Raton, FL 33431",26.368442899999998,-80.0870862,"['Sushi restaurant', 'Japanese restaurant', 'Restaurant']",4.4,218,$,"[['Friday', '11AM–11PM'], ['Saturday', '11AM–11PM'], ['Sunday', '11:30AM–10PM'], ['Monday', 'Closed'], ['Tuesday', '11AM–10PM'], ['Wednesday', '11AM–10PM'], ['Thursday', '11AM–10PM']]"
0x88dd83fb893a6fe3:0x11e835a0a3230ea6,Osaka Japanese Steak House,"Osaka Japanese Steak House, 3155 W Vine St, Kissimmee, FL 34741",28.3062863,-81.4341805,"['Japanese restaurant', 'Restaurant', 'Sushi restaurant', 'Teppanyaki restaurant']",4.1,366,,"[['Thursday', '11:30AM–2:30PM'], ['Friday', '11:30AM–2:30PM'], ['Saturday', '11:30AM–2:30PM'], ['Sunday', '11:30AM–2:30PM'], ['Monday', '11:30AM–2:30PM'], ['Tuesday', '11:30AM–2:30PM'], ['Wednesday', 'Closed']]"
0x88e7685f58a2507d:0x18abfe88912813a0,Sus Hi Eatstation - UCF,"Sus Hi Eatstation - UCF, 4498 N Alafaya Trail #324, Orlando, FL 32826",28.606056,-81.208705,"['Sushi restaurant', 'Fast food restaurant', 'Japanese restaurant', 'Restaurant']",4.3,578,$,"[['Thursday', '11AM–10PM'], ['Friday', '11AM–10PM'], ['Saturday', '11AM–10PM'], ['Sunday', '11AM–10PM'], ['Monday', '11AM–10PM'], ['Tuesday', '11AM–10PM'], ['Wednesday', '11AM–10PM']]"
0x88d9b7afe9573621:0x2d69c25a4822f9c2,Sushi KONG,"Sushi KONG, 3000 Coral Way # Cu-4, Coral Gables, FL 33145",25.7497404,-80.2422003,"['Japanese restaurant', 'Latin American restaurant']",4.5,771,$$,"[['Thursday', '12:30–3:30PM'], ['Friday', '12:30–3:30PM'], ['Saturday', '12:30–11PM'], ['Sunday', '1–10PM'], ['Monday', '12:30–3:30PM'], ['Tuesday', '12:30–3:30PM'], ['Wednesday', '12:30–3:30PM']]"
0x88d9c1bf20d32db7:0x3023fde367f491d8,Inari sushi fusion kendall,"Inari sushi fusion kendall, 10712 SW 113th Pl, Miami, FL 33176",25.668737999999998,-80.3784489,"['Sushi restaurant', 'Japanese restaurant', 'Peruvian restaurant', 'Restaurant']",4.6,258,,"[['Thursday', '12–10PM'], ['Friday', '12–11PM'], ['Saturday', '12–11PM'], ['Sunday', '12–10PM'], ['Monday', 'Closed'], ['Tuesday', '12–10PM'], ['Wednesday', '12–10PM']]"
0x88d9c46c3c73f367:0xc15213e72def2bb6,Yoko's Japanese & Sushi Bar,"Yoko's Japanese & Sushi Bar, 9837 SW 184th St, Palmetto Bay, FL 33157",25.5991111,-80.3511738,['Japanese restaurant'],4.6,117,$$,"[['Thursday', '5–9PM'], ['Friday', '5–9PM'], ['Saturday', '5–9PM'], ['Sunday', 'Closed'], ['Monday', '5–9PM'], ['Tuesday', '5–9PM'], ['Wednesday', '5–9PM']]"
0x88e7d4e05ef9162b:0xd24310235d750096,Kotobuki Japanese Steak House,"Kotobuki Japanese Steak House, 2463 SW 27th Ave, Ocala, FL 34474",29.163764999999998,-82.167317,"['Japanese restaurant', 'Asian restaurant', 'Japanese steakhouse', 'Restaurant', 'Sushi restaurant']",4.3,578,$$,"[['Thursday', '11:30AM–2PM'], ['Friday', '11:30AM–2PM'], ['Saturday', '4:30–10PM'], ['Sunday', '4:30–9PM'], ['Monday', '4:30–9PM'], ['Tuesday', '11:30AM–2PM'], ['Wednesday', '11:30AM–2PM']]"
0x88dd7f000711c369:0x66ab3d8c28035068,Kimonos,"Kimonos, 1200 Epcot Resorts Blvd, Lake Buena Vista, FL 32830",28.3647654,-81.559242,"['Sushi restaurant', 'Asian restaurant', 'Bar', 'Japanese restaurant', 'Lounge', 'Restaurant']",4.4,397,$$,"[['Thursday', '6–11PM'], ['Friday', '6–11PM'], ['Saturday', '6–11PM'], ['Sunday', '6–11PM'], ['Monday', '6–11PM'], ['Tuesday', '6–11PM'], ['Wednesday', '6–11PM']]"
0x88e77fde15313969:0xdeec8a5027281a12,Hidden Sushi,"Hidden Sushi, 5417 International Dr, Orlando, FL 32819",28.4631339,-81.45270889999999,['Japanese restaurant'],4.2,378,$,"[['Thursday', '4:30–10:50PM'], ['Friday', '4:30–10:50PM'], ['Saturday', '4:30–10:50PM'], ['Sunday', '4:30–10:50PM'], ['Monday', '4:30–10:50PM'], ['Tuesday', '4:30–10:50PM'], ['Wednesday', '4:30–10:50PM']]"
0x88e778c4901b36df:0xc11af4c103660dfc,Hand Roll Sushi,"Hand Roll Sushi, 2595 S Hiawassee Rd, Orlando, FL 32835",28.514143699999998,-81.4854632,"['Sushi restaurant', 'Japanese restaurant']",4.1,348,$$,"[['Thursday', '12–3PM'], ['Friday', '12–3PM'], ['Saturday', '12–11PM'], ['Sunday', '12–10PM'], ['Monday', '12–3PM'], ['Tuesday', '12–3PM'], ['Wednesday', '12–3PM']]"
0x88d8d8811f4b8f13:0x1c6f546b16644c82,Payathai Restaurant Atlantis,"Payathai Restaurant Atlantis, 5879 S Congress Ave, Atlantis, FL 33462",26.588754599999998,-80.0953598,"['Asian restaurant', 'Japanese restaurant', 'Restaurant', 'Sushi restaurant', 'Thai restaurant']",4.5,274,$$,"[['Thursday', '11:30AM–2:30PM'], ['Friday', '11:30AM–2:30PM'], ['Saturday', '5–10PM'], ['Sunday', '5–10PM'], ['Monday', '11:30AM–2:30PM'], ['Tuesday', '11:30AM–2:30PM'], ['Wednesday', '11:30AM–2:30PM']]"
0x88de683a54a53fb9:0x647c2c85fb6509c4,Taste of Asia,"Taste of Asia, 925 Village Square Dr, Sebastian, FL 32958",27.8145645,-80.469132,"['Restaurant', 'Asian fusion restaurant', 'Asian restaurant', 'Chinese restaurant', 'Japanese restaurant', 'Seafood restaurant', 'Thai restaurant', 'Vietnamese restaurant']",4.7,298,$$,"[['Thursday', '11AM–9PM'], ['Friday', '11AM–9PM'], ['Saturday', '11AM–9PM'], ['Sunday', '12–9PM'], ['Monday', '11AM–9PM'], ['Tuesday', '11AM–9PM'], ['Wednesday', '11AM–9PM']]"
0x88d9c716e459f015:0xfc693acf2d6dd161,Sushi Sake Sunset,"Sushi Sake Sunset, 9565 SW 72nd St, Miami, FL 33173",25.7021029,-80.34900809999999,"['Sushi restaurant', 'Bar', 'Delivery service', 'Japanese restaurant', 'Lounge', 'Restaurant']",4.4,198,$$,"[['Thursday', '11AM–11:30PM'], ['Friday', '11AM–12AM'], ['Saturday', '11AM–12AM'], ['Sunday', '11AM–11:30PM'], ['Monday', '11AM–11:30PM'], ['Tuesday', '11AM–11:30PM'], ['Wednesday', '11AM–11:30PM']]"
0x88e5caf99a144c2d:0x6ed1c681432c7272,Sushi House,"Sushi House, 9810 Baymeadows Rd #12, Jacksonville, FL 32256",30.2179106,-81.5531081,"['Sushi restaurant', 'Asian restaurant', 'Japanese restaurant']",4.3,317,$$,"[['Thursday', '10:30AM–9PM'], ['Friday', '10:30AM–9:30PM'], ['Saturday', '11:30AM–9PM'], ['Sunday', '11:30AM–9PM'], ['Monday', '10:30AM–9PM'], ['Tuesday', '10:30AM–9PM'], ['Wednesday', '10:30AM–9PM']]"
0x88d91ac0754edce5:0x51410ba291af4eff,Moon Thai & Japanese,"Moon Thai & Japanese, 9637 Westview Dr, Coral Springs, FL 33076",26.3000874,-80.25324309999999,"['Thai restaurant', 'Asian restaurant', 'Japanese restaurant', 'Sushi restaurant']",4.3,638,$$,"[['Thursday', '11:30AM–3PM'], ['Friday', '11:30AM–11:30PM'], ['Saturday', '11:30AM–11:30PM'], ['Sunday', '11:30AM–11PM'], ['Monday', '11:30AM–3PM'], ['Tuesday', '11:30AM–3PM'], ['Wednesday', '11:30AM–3PM']]"
0x88d909031ab53323:0xf81d46b8458fc3e0,Japan Cafe,"Japan Cafe, 12801 W Sunrise Blvd, Fort Lauderdale, FL 33323",26.152665499999998,-80.31876679999999,"['Japanese restaurant', 'Asian restaurant', 'Food court', 'Kiosk', 'Restaurant']",2.1,37,,"[['Thursday', '10AM–9:30PM'], ['Friday', '10AM–9:30PM'], ['Saturday', '10AM–9:30PM'], ['Sunday', '11AM–8PM'], ['Monday', '10AM–9:30PM'], ['Tuesday', '10AM–9:30PM'], ['Wednesday', '10AM–9:30PM']]"
0x88ecf5c89cbad6c7:0xab5fc7aae62d3b21,Moku Poké,"Moku Poké, 1525 W Tennessee St #205, Tallahassee, FL 32304",30.448627,-84.307268,"['Hawaiian restaurant', 'Japanese restaurant']",4.7,78,,"[['Thursday', '11AM–9:30PM'], ['Friday', '11AM–9:30PM'], ['Saturday', '11AM–9:30PM'], ['Sunday', '11AM–9PM'], ['Monday', '11AM–9:30PM'], ['Tuesday', '11AM–9:30PM'], ['Wednesday', '11AM–9:30PM']]"
0x88db1c244175ef63:0xd426dfa31944a3b9,Mojo Thai & Sushi Bar,"Mojo Thai & Sushi Bar, 2355 Vanderbilt Beach Rd #186, Naples, FL 34109",26.246728299999997,-81.7715913,['Japanese restaurant'],4.8,178,,"[['Thursday', '11AM–9:30PM'], ['Friday', '11AM–10PM'], ['Saturday', '11AM–10PM'], ['Sunday', '12–9:30PM'], ['Monday', '11AM–9:30PM'], ['Tuesday', '11AM–9:30PM'], ['Wednesday', '11AM–9:30PM']]"
0x88c2941d47a1b181:0xaf3bf467f36df689,Grille 54,"Grille 54, 10900 FL-54, New Port Richey, FL 34655",28.1915342,-82.6347962,"['Asian fusion restaurant', 'Asian restaurant', 'European restaurant', 'Japanese restaurant', 'Seafood restaurant', 'Steak house', 'Sushi restaurant']",3.5,58,$$,"[['Thursday', '11:30AM–10PM'], ['Friday', '11:30PM–12AM'], ['Saturday', '11:30PM–12AM'], ['Sunday', '10AM–2:30PM'], ['Monday', '11:30AM–10PM'], ['Tuesday', '11:30AM–10PM'], ['Wednesday', '11:30AM–10PM']]"
0x88dee7ef7f2834b1:0x8c72886889fe4974,Sushi Yama Siam Japanese & Thai,"Sushi Yama Siam Japanese & Thai, 1520 NW Federal Hwy, Stuart, FL 34994",27.224349,-80.265277,"['Sushi restaurant', 'Asian restaurant', 'Japanese restaurant', 'Southeast Asian restaurant', 'Thai restaurant']",4.4,338,$$,"[['Thursday', '11:30AM–2:45PM'], ['Friday', '11:30AM–2:45PM'], ['Saturday', '12–2:45PM'], ['Sunday', 'Closed'], ['Monday', '11:30AM–2:45PM'], ['Tuesday', '11:30AM–2:45PM'], ['Wednesday', '11:30AM–2:45PM']]"
0x88dec2d944255d6d:0xcd828c4ce107fcf4,Hokkaido sushi & steakhouse,"Hokkaido sushi & steakhouse, 2867 SW Cafe Ct, Palm City, FL 34990",27.170384199999997,-80.2927077,"['Japanese sweets restaurant', 'Japanese restaurant']",4.2,178,$$,"[['Thursday', '11:30AM–2:30PM'], ['Friday', '11:30AM–2:30PM'], ['Saturday', '11:30AM–2:30PM'], ['Sunday', '1–10PM'], ['Monday', '11:30AM–2:30PM'], ['Tuesday', '11:30AM–2:30PM'], ['Wednesday', '11:30AM–2:30PM']]"
0x88e7e3725945e17f:0xdfb25065a0c2c0e2,Fujiyama Japanese Steak House,"Fujiyama Japanese Steak House, 2571 FL-48, Bushnell, FL 33513",28.6682687,-82.14667829999999,['Japanese restaurant'],4.5,488,$$,"[['Thursday', '11AM–9:30PM'], ['Friday', '11AM–10PM'], ['Saturday', '11AM–10PM'], ['Sunday', '12–9:15PM'], ['Monday', 'Closed'], ['Tuesday', '11AM–9:30PM'], ['Wednesday', '11AM–9:30PM']]"
0x88d9ab3cdb1cbcaf:0x937f023a7fdf446e,Joe's Tiki Bar Grill & Sushi,"Joe's Tiki Bar Grill & Sushi, 1318 N Ocean Dr, Hollywood, FL 33019",26.0202778,-80.1172222,"['Bar', 'Asian restaurant', 'Bar & grill', 'Japanese restaurant', 'Seafood restaurant', 'Sushi restaurant']",3.4,156,$$,"[['Thursday', '10:30AM–12:15AM'], ['Friday', '10:30AM–2AM'], ['Saturday', '10:30AM–2AM'], ['Sunday', '10:30AM–2AM'], ['Monday', '10:30AM–10PM'], ['Tuesday', '10:30AM–12:15AM'], ['Wednesday', '10:30AM–12:15AM']]"
0x88d903e7d33c5777:0x9d2ed8ff830e7972,LUCKY CAT STREET EATERY,"LUCKY CAT STREET EATERY, 6322 N Andrews Ave, Fort Lauderdale, FL 33309",26.204950999999998,-80.14737199999999,"['Japanese restaurant', 'Asian restaurant', 'Sushi restaurant', 'Thai restaurant']",4.4,168,,"[['Thursday', '11AM–10PM'], ['Friday', '11AM–10PM'], ['Saturday', '11AM–10PM'], ['Sunday', '11AM–10PM'], ['Monday', '11AM–10PM'], ['Tuesday', '11AM–10PM'], ['Wednesday', '11AM–10PM']]"
0x88d91dc51b21d337:0x4487a5671441bcfc,Quick bite Thai Sushi,"Quick bite Thai Sushi, 470 W Hillsboro Blvd, Deerfield Beach, FL 33441",26.317860699999997,-80.10968419999999,"['Thai restaurant', 'Asian fusion restaurant', 'Asian restaurant', 'Delivery service', 'Japanese restaurant', 'Takeout Restaurant', 'Self service restaurant', 'Sushi restaurant']",4.9,104,,"[['Thursday', '11:30AM–10PM'], ['Friday', '11:30AM–10PM'], ['Saturday', '12–10PM'], ['Sunday', 'Closed'], ['Monday', '11:30AM–10PM'], ['Tuesday', '11:30AM–10PM'], ['Wednesday', '11:30AM–10PM']]"
0x88e77acc6b2de8a5:0xebba986a24364299,Kabooki Sushi,"Kabooki Sushi, 3122 E Colonial Dr, Orlando, FL 32803",28.552987899999998,-81.34393779999999,"['Sushi restaurant', 'Asian fusion restaurant', 'Japanese restaurant', 'Restaurant', 'Seafood restaurant']",4.6,748,$$,"[['Wednesday', '5–10PM'], ['Thursday', '5PM–12AM'], ['Friday', '5PM–1AM'], ['Saturday', '5PM–1AM'], ['Sunday', '5PM–12AM'], ['Monday', '5–10PM'], ['Tuesday', '5–10PM']]"
0x88d9195881b78db7:0xf9f01f4fcfeb7538,Benihana,"Benihana, 9918 Glades Rd, Boca Raton, FL 33428",26.3665275,-80.2020022,"['Japanese restaurant', 'Asian restaurant', 'Japanese steakhouse', 'Restaurant', 'Steak house', 'Sushi restaurant', 'Teppanyaki restaurant']",3.9,944,$$$,"[['Wednesday', '11AM–10PM'], ['Thursday', '11AM–10PM'], ['Friday', '11AM–11PM'], ['Saturday', '11AM–11PM'], ['Sunday', '11AM–10PM'], ['Monday', '11AM–10PM'], ['Tuesday', '11AM–10PM']]"
0x88dd7fa8fa71a7f1:0xec10d65e609d7c,Tokyo Dining,"Tokyo Dining, 200 Epcot Center Dr, Orlando, FL 32830",28.367788299999997,-81.5506876,"['Asian restaurant', 'Japanese restaurant', 'Sushi restaurant']",4.6,1858,$$$,"[['Wednesday', '12–6PM'], ['Thursday', '12–9PM'], ['Friday', 'Closed'], ['Saturday', 'Closed'], ['Sunday', 'Closed'], ['Monday', '12–6PM'], ['Tuesday', '12–6PM']]"
0x88e7a2cf8f5c1d47:0xf78dfb6b6dfd67b8,Kiku Japanese Steakhouse,"Kiku Japanese Steakhouse, 15211 US-441, Eustis, FL 32726",28.8225417,-81.7046694,"['Japanese restaurant', 'Asian restaurant', 'Japanese steakhouse', 'Sushi restaurant']",4.3,746,$$,"[['Wednesday', '11:30AM–2PM'], ['Thursday', '11:30AM–2PM'], ['Friday', '11:30AM–2PM'], ['Saturday', '4:30–10PM'], ['Sunday', '11:30AM–2PM'], ['Monday', '11:30AM–2PM'], ['Tuesday', '11:30AM–2PM']]"
0x88e5c53c58dcf43f:0x607b4d812f44b120,Domo Japanese Steakhouse & Sushi Bar,"Domo Japanese Steakhouse & Sushi Bar, 2009 E West Pkwy, Fleming Island, FL 32003",30.101597299999998,-81.72112299999999,"['Japanese restaurant', 'Japanese steakhouse', 'Sushi restaurant']",4.0,718,$$,"[['Wednesday', '3:30–9:30PM'], ['Thursday', '3:30–9:30PM'], ['Friday', '3:30–10:30PM'], ['Saturday', '3:30–10:30PM'], ['Sunday', '3:30–9:30PM'], ['Monday', '3:30–9:30PM'], ['Tuesday', '3:30–9:30PM']]"
0x88d9019ebb55260b:0x9f1edb2ba6bd3133,Sushi Song - Gaysha,"Sushi Song - Gaysha, 2223 Wilton Dr, Wilton Manors, FL 33334",26.156607599999997,-80.13831689999999,"['Sushi restaurant', 'Asian restaurant', 'Japanese restaurant', 'Organic restaurant', 'Seafood restaurant']",4.4,178,$$,"[['Wednesday', '5PM–2AM'], ['Thursday', '5PM–2AM'], ['Friday', '5PM–2AM'], ['Saturday', '5PM–2AM'], ['Sunday', '5PM–2AM'], ['Monday', '5PM–2AM'], ['Tuesday', '5PM–2AM']]"
0x88d9b6a0560e6f79:0x114e383eb400e5db,Sushi Sake,"Sushi Sake, 900 Biscayne Blvd, Miami, FL 33132",25.783134,-80.18991199999999,"['Sushi restaurant', 'Asian fusion restaurant', 'Asian restaurant', 'Bar', 'Cocktail bar', 'Japanese restaurant']",3.8,516,$$,"[['Wednesday', '11AM–12AM'], ['Thursday', '11AM–12AM'], ['Friday', '11AM–3AM'], ['Saturday', '11AM–3AM'], ['Sunday', '11AM–12AM'], ['Monday', '11AM–12AM'], ['Tuesday', '11AM–12AM']]"
0x88d9bf8afc5a6a85:0x1fcffea5c877aa5b,Sushi Sake Bird Road,"Sushi Sake Bird Road, 14629 SW 42nd St, Miami, FL 33175",25.730038699999998,-80.4311281,"['Sushi restaurant', 'Asian fusion restaurant', 'Asian restaurant', 'Bar', 'Cocktail bar', 'Family restaurant', 'Japanese restaurant']",4.1,596,$$,"[['Wednesday', '11AM–11PM'], ['Thursday', '11AM–11PM'], ['Friday', '11AM–12AM'], ['Saturday', '11AM–12AM'], ['Sunday', '11AM–11PM'], ['Monday', '11AM–11PM'], ['Tuesday', '11AM–11PM']]"
0x88db19a6ec9c96cd:0x55d1cce6f8e148bb,Komoon Thai Sushi & Ceviche - Bonita Springs,"Komoon Thai Sushi & Ceviche - Bonita Springs, 3300 Bonita Beach Rd SW #101, Bonita Springs, FL 34134",26.331058,-81.810548,"['Thai restaurant', 'Asian fusion restaurant', 'Japanese restaurant', 'Peruvian restaurant', 'Restaurant', 'Sushi restaurant']",4.1,474,$$,"[['Wednesday', '11:30AM–10PM'], ['Thursday', '11:30AM–10PM'], ['Friday', '11:30AM–11PM'], ['Saturday', '11:30AM–11PM'], ['Sunday', '12–10PM'], ['Monday', '11:30AM–10PM'], ['Tuesday', '11:30AM–10PM']]"
0x88d9bf7c733d14a3:0xf4451bfdf5bc1ae,Kam Wah Restaurant,"Kam Wah Restaurant, 12895 SW 42nd St, Miami, FL 33175",25.7302186,-80.4034405,"['Thai restaurant', 'Chinese restaurant', 'Japanese restaurant', 'Sushi restaurant']",4.5,125,$$,"[['Wednesday', '1–10PM'], ['Thursday', '1–10PM'], ['Friday', '1–10PM'], ['Saturday', '1–10PM'], ['Sunday', '1–10PM'], ['Monday', 'Closed'], ['Tuesday', '1–10PM']]"
0x88dd392bb0ed8b09:0x625de88111cef439,Tokyo Steak House,"Tokyo Steak House, 2607 Florida Ave S, Lakeland, FL 33803",28.013733799999997,-81.9584972,"['Japanese steakhouse', 'Bar', 'Japanese restaurant', 'Restaurant', 'Seafood restaurant', 'Steak house']",4.3,284,$$,"[['Wednesday', '11:30AM–3PM'], ['Thursday', '11:30AM–3PM'], ['Friday', '11:30AM–3PM'], ['Saturday', '11:30AM–3PM'], ['Sunday', '12–9PM'], ['Monday', '5–10PM'], ['Tuesday', '5–10PM']]"
0x88d9bf8a4cbdcca7:0x300990865a2521a4,Gar Sing Chinese Restaurant,"Gar Sing Chinese Restaurant, 14515 SW 42nd St, Miami, FL 33175",25.7291667,-80.42999999999999,"['Chinese restaurant', 'Asian restaurant', 'Japanese restaurant', 'Delivery Restaurant', 'Seafood restaurant', 'Thai restaurant', 'Vegetarian restaurant']",4.4,118,$,"[['Wednesday', '1–9:30PM'], ['Thursday', '1–9:30PM'], ['Friday', '1–9:30PM'], ['Saturday', '1–9:30PM'], ['Sunday', '1–9:30PM'], ['Monday', '5–9:30PM'], ['Tuesday', '1–9:30PM']]"
0x88d9b49b0b054ddd:0x5146c92d199cb064,Leynia Restaurant,"Leynia Restaurant, 1685 Collins Ave, Miami Beach, FL 33139",25.7921342,-80.1290428,"['Argentinian restaurant', 'Event venue', 'Family restaurant', 'Fine dining restaurant', 'Japanese restaurant', 'Live music bar', 'Live music venue', 'Restaurant', 'Steak house', 'Vegetarian restaurant']",4.2,205,$$$$,"[['Wednesday', '7–11AM'], ['Thursday', '7–11AM'], ['Friday', '7–11AM'], ['Saturday', '7–11AM'], ['Sunday', '7–11AM'], ['Monday', '7–11AM'], ['Tuesday', '7–11AM']]"
0x88d90a69e23780c5:0x5e9c0ba3aa0f0593,Ceviche Arigato Restaurant,"Ceviche Arigato Restaurant, 288 Indian Trace, Weston, FL 33326",26.117560899999997,-80.39138849999999,"['Peruvian restaurant', 'Asian fusion restaurant', 'Japanese restaurant', 'Delivery Restaurant', 'Takeout Restaurant']",4.5,675,$$,"[['Wednesday', '11AM–10PM'], ['Thursday', '11AM–10PM'], ['Friday', '11AM–11PM'], ['Saturday', '11AM–11PM'], ['Sunday', '12–10PM'], ['Monday', '11AM–10PM'], ['Tuesday', '11AM–10PM']]"
0x88e0a9df8c547697:0x8c4fc6e7955ba3a2,Hokkaido Japanese Steakhouse,"Hokkaido Japanese Steakhouse, 125 E Merritt Island Causeway #115, Merritt Island, FL 32952",28.3550154,-80.69876599999999,['Japanese restaurant'],4.1,428,$$,"[['Wednesday', '11:30AM–9PM'], ['Thursday', '11:30AM–9PM'], ['Friday', '11:30AM–9PM'], ['Saturday', '11:30AM–9:30PM'], ['Sunday', '12–9PM'], ['Monday', '11:30AM–9PM'], ['Tuesday', '11:30AM–9PM']]"
0x88d9ac779949da1f:0x303b7e81e6c449f6,Urban Thai & Sushi,"Urban Thai & Sushi, 660 W Hallandale Beach Blvd, Hallandale Beach, FL 33009",25.9859877,-80.155275,"['Asian fusion restaurant', 'Asian restaurant', 'Japanese restaurant', 'Sushi restaurant', 'Thai restaurant']",4.7,816,$$,"[['Wednesday', '11:30AM–3PM'], ['Thursday', '11:30AM–3PM'], ['Friday', '11:30AM–3PM'], ['Saturday', '1:30–10:30PM'], ['Sunday', '1:30–10PM'], ['Monday', '11:30AM–3PM'], ['Tuesday', '11:30AM–3PM']]"
0x88e5b5780574790b:0x19b861d3c5e3ce2,Yummy Sushi,"Yummy Sushi, 4372 Southside Blvd # 207-208, Jacksonville, FL 32216",30.267212299999997,-81.559191,"['Sushi restaurant', 'Asian restaurant', 'Japanese restaurant']",4.1,448,$$,"[['Wednesday', '11AM–9:30PM'], ['Thursday', '11AM–9:30PM'], ['Friday', '11AM–10:30PM'], ['Saturday', '11AM–10:30PM'], ['Sunday', 'Closed'], ['Monday', '11AM–9:30PM'], ['Tuesday', '11AM–9:30PM']]"
0x88d91b9c35fe849d:0x5e9a627281beca40,Japango,"Japango, 7367 FL-7, Parkland, FL 33073",26.322407,-80.20373599999999,"['Asian restaurant', 'Japanese restaurant', 'Sushi restaurant']",4.2,325,$$,"[['Wednesday', '11:30AM–2:30PM'], ['Thursday', '11:30AM–2:30PM'], ['Friday', '11:30AM–2:30PM'], ['Saturday', '5–11PM'], ['Sunday', '5–10PM'], ['Monday', '11:30AM–2:30PM'], ['Tuesday', '11:30AM–2:30PM']]"
0x88d909b7e1903439:0xe118fed8fa631e23,Little Japan Restaurant,"Little Japan Restaurant, 13702 W State Rd 84, Davie, FL 33325",26.11659,-80.332998,"['Japanese restaurant', 'Asian restaurant', 'Pan-Asian restaurant', 'Restaurant', 'Sushi restaurant']",4.5,338,$$,"[['Wednesday', '11:30AM–2:30PM'], ['Thursday', '11:30AM–2:30PM'], ['Friday', '11:30AM–2:30PM'], ['Saturday', '11:30AM–2:30PM'], ['Sunday', '11:30AM–2:30PM'], ['Monday', '11:30AM–2:30PM'], ['Tuesday', '11:30AM–2:30PM']]"
0x88d9ca7295c4bddf:0x195f5b942af4436,Origin Asian Bistro and Sushi,"Origin Asian Bistro and Sushi, 200 Crandon Blvd #112, Key Biscayne, FL 33149",25.6976153,-80.1632187,"['Asian restaurant', 'Bistro', 'Japanese restaurant', 'Malaysian restaurant', 'Sushi restaurant', 'Thai restaurant', 'Vietnamese restaurant']",4.3,196,$$,"[['Wednesday', '11:30AM–3PM'], ['Thursday', '11:30AM–3PM'], ['Friday', '11:30AM–3PM'], ['Saturday', '11:30AM–3PM'], ['Sunday', '11:30AM–3PM'], ['Monday', '11:30AM–3PM'], ['Tuesday', '11:30AM–3PM']]"
0x88d9a8c500d11b95:0x8c99c1ebf19d37d3,El Tiesto Cafe Pines,"El Tiesto Cafe Pines, 7908 Pines Blvd, Pembroke Pines, FL 33024",26.0088188,-80.2460869,"['Fusion restaurant', 'Dominican restaurant', 'Hookah bar', 'Japanese restaurant', 'Karaoke', 'Sushi restaurant']",4.2,358,,"[['Wednesday', '2PM–12AM'], ['Thursday', '2PM–12AM'], ['Friday', '2PM–2AM'], ['Saturday', '2PM–2AM'], ['Sunday', '12PM–12AM'], ['Monday', 'Closed'], ['Tuesday', '2PM–12AM']]"
0x88c2d6c67615629f:0xf25f31ece29da85f,Asian Yummy House,"Asian Yummy House, 10679 Big Bend Rd, Riverview, FL 33579",27.790472299999998,-82.3318147,"['Sushi restaurant', 'Chinese restaurant', 'Japanese restaurant']",4.0,598,,"[['Wednesday', '11AM–10PM'], ['Thursday', '11AM–10PM'], ['Friday', '11AM–11PM'], ['Saturday', '11AM–11PM'], ['Sunday', '12–10PM'], ['Monday', '11AM–10PM'], ['Tuesday', '11AM–10PM']]"
0x88d9bea155a39efb:0xf3310caf025f05e7,Soya Sushi Bar,"Soya Sushi Bar, 11402 NW 41st St #101, Doral, FL 33178",25.810882499999998,-80.38185109999999,['Japanese restaurant'],4.8,2988,$$,"[['Wednesday', '12–10PM'], ['Thursday', '12–10PM'], ['Friday', '12–10PM'], ['Saturday', '1–10PM'], ['Sunday', '2–9PM'], ['Monday', 'Closed'], ['Tuesday', '12–10PM']]"
0x88e74d4499a1bbfb:0xa5082dd0b1194afb,Ako Sushi & Seafood,"Ako Sushi & Seafood, 725 N Washington Ave, Titusville, FL 32796",28.624895,-80.82171629999999,"['Restaurant', 'Japanese restaurant', 'Sushi restaurant']",4.4,238,,"[['Tuesday', '11AM–9:30PM'], ['Wednesday', '11AM–9:30PM'], ['Thursday', '11AM–9:30PM'], ['Friday', '11AM–10PM'], ['Saturday', '11AM–10PM'], ['Sunday', '12–9PM'], ['Monday', 'Closed']]"
0x88e6d80df0c70205:0xc5454f90c8abef55,YU-MI Japanese Restaurant,"YU-MI Japanese Restaurant, 3830-C3, S Nova Rd, Port Orange, FL 32127",29.124985799999997,-81.0058801,"['Japanese restaurant', 'Asian restaurant', 'Sushi restaurant']",4.5,128,$$,"[['Tuesday', '11:30AM–2PM'], ['Wednesday', '11:30AM–2PM'], ['Thursday', '11:30AM–2PM'], ['Friday', '11:30AM–2PM'], ['Saturday', '4:30–9:30PM'], ['Sunday', '4:30–9:30PM'], ['Monday', '4:30–9:30PM']]"
0x88e7c3d86bb810d3:0xa4eefe43509c9fb4,Sakura Japanese Restaurant,"Sakura Japanese Restaurant, 265 Colony Blvd, The Villages, FL 32162",28.865683699999998,-81.9544646,['Japanese restaurant'],4.5,405,$$,"[['Tuesday', '11AM–9:30PM'], ['Wednesday', '11AM–9:30PM'], ['Thursday', '11AM–9:30PM'], ['Friday', '11AM–10PM'], ['Saturday', '11AM–10PM'], ['Sunday', '12–9PM'], ['Monday', '11AM–9:30PM']]"
0x88c2c3104a8c96a9:0xd9fdc80d46e8dbf4,Jo To Thai Sushi,"Jo To Thai Sushi, 310 S Dale Mabry Hwy, Tampa, FL 33609",27.941741,-82.50532799999999,"['Japanese restaurant', 'Asian restaurant', 'Sushi restaurant', 'Thai restaurant']",4.5,252,$$,"[['Tuesday', '11:30AM–2:30PM'], ['Wednesday', '11:30AM–2:30PM'], ['Thursday', '11:30AM–2:30PM'], ['Friday', '11:30AM–2:30PM'], ['Saturday', '4–9:30PM'], ['Sunday', '4–9:30PM'], ['Monday', '11:30AM–2:30PM']]"
0x88c311b3f731368d:0xfaab6e839ebbb8ce,Island Ocean Star,"Island Ocean Star, 902 S Bay Blvd, Anna Maria, FL 34216",27.527071,-82.7208979,"['Authentic Japanese restaurant', 'Asian restaurant', 'Japanese restaurant', 'Restaurant', 'Sushi restaurant']",4.0,344,$$$,"[['Tuesday', '4–9:30PM'], ['Wednesday', '4–9:30PM'], ['Thursday', '4–9:30PM'], ['Friday', '4–9:30PM'], ['Saturday', '4–9:30PM'], ['Sunday', '4–9:30PM'], ['Monday', 'Closed']]"
0x88c2f0dd540f7c7d:0xde752a4eb3fd4cc3,Umai Cafe,"Umai Cafe, 601 S Ft Harrison Ave, Clearwater, FL 33756",27.959442799999998,-82.7997156,"['Japanese restaurant', 'Deli', 'Ramen restaurant', 'Sushi restaurant']",4.7,408,$$,"[['Tuesday', '11AM–3:30PM'], ['Wednesday', '11AM–3:30PM'], ['Thursday', '11AM–3:30PM'], ['Friday', '11AM–3:30PM'], ['Saturday', '11AM–3:30PM'], ['Sunday', '4:30–9:45PM'], ['Monday', '11AM–3:30PM']]"
0x88dd6b32705ba7bd:0x13abb1211acaf628,Osaka Japanese Steakhouse,"Osaka Japanese Steakhouse, 1902 US-92, Auburndale, FL 33823",28.0587646,-81.8109837,"['Japanese restaurant', 'Steak house', 'Sushi restaurant']",4.0,566,$$,"[['Tuesday', '11:30AM–2:30PM'], ['Wednesday', '11:30AM–2:30PM'], ['Thursday', '11:30AM–2:30PM'], ['Friday', '11:30AM–2:30PM'], ['Saturday', '4:30–9PM'], ['Sunday', '11:30AM–2:30PM'], ['Monday', 'Closed']]"
0x88c2cd0159520991:0x14c93198e8a78e6,Asian Kitchen,"Asian Kitchen, 1997 FL-60, Valrico, FL 33594",27.9363009,-82.25325939999999,"['Restaurant', 'Asian fusion restaurant', 'Chinese restaurant', 'Japanese restaurant']",4.2,253,$,"[['Tuesday', '11AM–9:30PM'], ['Wednesday', '11AM–9:30PM'], ['Thursday', '11AM–9:30PM'], ['Friday', '11AM–10PM'], ['Saturday', '11AM–10PM'], ['Sunday', '11:30AM–9:30PM'], ['Monday', '11AM–9:30PM']]"
0x88d9b36208d87069:0xe642184d23eec665,Watr at the 1 Rooftop,"Watr at the 1 Rooftop, 2341 Collins Ave, Miami Beach, FL 33139",25.7993211,-80.1273215,"['Japanese restaurant', 'Bar', 'Peruvian restaurant', 'Restaurant', 'Seafood restaurant', 'Sushi restaurant']",4.5,526,$$$,"[['Tuesday', '9AM–1AM'], ['Wednesday', '9AM–1AM'], ['Thursday', '9AM–1AM'], ['Friday', '9AM–2AM'], ['Saturday', '9AM–2AM'], ['Sunday', '9AM–1AM'], ['Monday', '9AM–1AM']]"
0x88dae1e75da680d3:0x53c45534c0f8ec76,Fujiyama Steak & Seafood House of Japan,"Fujiyama Steak & Seafood House of Japan, 2555 Tamiami Trail N, Naples, FL 34103",26.1778391,-81.80043959999999,"['Steak house', 'Japanese restaurant', 'Sushi restaurant']",4.4,337,,"[['Tuesday', '5–10PM'], ['Wednesday', '5–10PM'], ['Thursday', '5–10PM'], ['Friday', '5–10PM'], ['Saturday', '5–10PM'], ['Sunday', '5–10PM'], ['Monday', '5–10PM']]"
0x88d9b48d0a4ede81:0xf26eae648f6cadd6,Planet Sushi,"Planet Sushi, 300 Alton Rd, Miami Beach, FL 33139",25.771611999999998,-80.139849,"['Sushi restaurant', 'Japanese restaurant']",4.3,248,$$,"[['Tuesday', '4–10:30PM'], ['Wednesday', '4–10:30PM'], ['Thursday', '4–10:30PM'], ['Friday', '4–10:30PM'], ['Saturday', '4–10:30PM'], ['Sunday', '4–10:30PM'], ['Monday', '4–10:30PM']]"
0x88de0d5e57a825fd:0x9694777de7a3f6ad,DAO Japanese Buffet,"DAO Japanese Buffet, 1153 Malabar Rd, Palm Bay, FL 32907",28.0002748,-80.63602209999999,"['Japanese restaurant', 'Asian restaurant', 'Buffet restaurant', 'Restaurant', 'Sushi restaurant']",4.2,692,,"[['Tuesday', '11AM–9PM'], ['Wednesday', '11AM–9PM'], ['Thursday', '11AM–9PM'], ['Friday', '11AM–9:30PM'], ['Saturday', '11AM–9:30PM'], ['Sunday', '11AM–9PM'], ['Monday', '11AM–9PM']]"
0x88e7688acc763713:0x56a39d141f467ae6,Kyoto Sushi & Grill,"Kyoto Sushi & Grill, 12141 Collegiate Way, Orlando, FL 32817",28.5973001,-81.2095248,"['Japanese restaurant', 'Grill', 'Asian restaurant', 'Sushi restaurant']",3.9,693,$,"[['Tuesday', '11AM–10:30PM'], ['Wednesday', '11AM–10:30PM'], ['Thursday', '11AM–10:30PM'], ['Friday', '11AM–11PM'], ['Saturday', '11AM–11PM'], ['Sunday', '11AM–10:30PM'], ['Monday', '11AM–10:30PM']]"
0x88d9adbcc8643875:0xb083edcf59368c1b,Sushi House,"Sushi House, 15911 Biscayne Blvd, Aventura, FL 33160",25.921917999999998,-80.1543506,"['Japanese restaurant', 'Asian restaurant', 'Karaoke bar', 'Lounge', 'Sushi restaurant']",4.3,158,$$,"[['Tuesday', '5PM–12AM'], ['Wednesday', '5PM–12AM'], ['Thursday', '5PM–12AM'], ['Friday', '5PM–12AM'], ['Saturday', '5PM–12AM'], ['Sunday', '5PM–12AM'], ['Monday', '5PM–12AM']]"
0x88c2c484c904aabb:0x7e003ed483034e00,Noble Rice,"Noble Rice, 807 W Platt St, Tampa, FL 33606",27.941824999999998,-82.4681694,"['Sushi restaurant', 'Fine dining restaurant', 'Japanese restaurant']",4.3,205,$$,"[['Tuesday', 'Closed'], ['Wednesday', '7–9:30PM'], ['Thursday', '7–9:30PM'], ['Friday', '7–9:30PM'], ['Saturday', '7–9:30PM'], ['Sunday', 'Closed'], ['Monday', 'Closed']]"
0x88c2c348fbb3221b:0x70feea4aa7474344,Yoko's Japanese Restaurant,"Yoko's Japanese Restaurant, 3217 S MacDill Ave, Tampa, FL 33629",27.916781999999998,-82.49435439999999,['Japanese restaurant'],4.6,358,$$,"[['Tuesday', '4–9:30PM'], ['Wednesday', '4–9:30PM'], ['Thursday', '4–9:30PM'], ['Friday', '4–9:30PM'], ['Saturday', '4–9:30PM'], ['Sunday', '4–9:30PM'], ['Monday', '4–9:30PM']]"
0x88d8d69bae844b69:0x68df5bcbe7438110,Echo Palm Beach,"Echo Palm Beach, 230A Sunrise Ave, Palm Beach, FL 33480",26.7200584,-80.0389785,"['Asian restaurant', 'Bar', 'Chinese restaurant', 'Fine dining restaurant', 'Japanese restaurant', 'Restaurant', 'Southeast Asian restaurant', 'Sushi restaurant', 'Vietnamese restaurant']",4.4,378,$$$,"[['Tuesday', '5–10PM'], ['Wednesday', '5–10PM'], ['Thursday', '5–10PM'], ['Friday', '5–10PM'], ['Saturday', '5–10PM'], ['Sunday', '5–10PM'], ['Monday', '5–10PM']]"
0x88d927c9f7f10337:0x9afd8c9e867802c1,sticky rice thai & sushi,"sticky rice thai & sushi, 5885 Lake Worth Rd, Greenacres, FL 33463",26.6202749,-80.137472,"['Thai restaurant', 'Asian restaurant', 'Japanese restaurant', 'Sushi restaurant']",4.2,283,$$,"[['Tuesday', '11AM–10PM'], ['Wednesday', '11AM–10PM'], ['Thursday', '11AM–10PM'], ['Friday', '11AM–10PM'], ['Saturday', '11AM–10PM'], ['Sunday', '11AM–10PM'], ['Monday', '11AM–10PM']]"
0x88d92fe513acd807:0x899525b541861d6,Sushi Fan Cafe,"Florida, Wellington, Wellington Trace, Sushi Fan Cafe邮政编码: 33414",26.664461799999998,-80.2672722,"['Sushi restaurant', 'Bar', 'Japanese restaurant', 'Ramen restaurant', 'Vegetarian restaurant']",4.6,148,,"[['Tuesday', '4:30–9PM'], ['Wednesday', '4:30–9PM'], ['Thursday', '4:30–9PM'], ['Friday', '4:30–9PM'], ['Saturday', '4:30–9PM'], ['Sunday', '4:30–9PM'], ['Monday', '4:30–9PM']]"
0x88d8d65627842e91:0xa9e0bf7d94777339,Sushi Jo,"Sushi Jo, 319 Belvedere Rd #12, West Palm Beach, FL 33405",26.690535,-80.0535448,"['Sushi restaurant', 'Japanese restaurant', 'Takeout Restaurant', 'Thai restaurant']",4.5,468,$$,"[['Tuesday', '11:30AM–10PM'], ['Wednesday', '11:30AM–10PM'], ['Thursday', '11:30AM–10PM'], ['Friday', '11:30AM–10PM'], ['Saturday', '11:30AM–10PM'], ['Sunday', '11:30AM–10PM'], ['Monday', '11:30AM–10PM']]"
0x88c2ea96b573b9f5:0x225975d2dc756410,Sarku Japan,"Sarku Japan, 8017 Citrus Park Town Center Blvd, Tampa, FL 33625",28.069665999999998,-82.5768394,"['Japanese restaurant', 'Fast food restaurant', 'Food court', 'Japanese steakhouse', 'Restaurant', 'Sushi restaurant', 'Teppanyaki restaurant']",4.4,98,$,"[['Tuesday', '11AM–7PM'], ['Wednesday', '11AM–7PM'], ['Thursday', '11AM–7PM'], ['Friday', '10AM–8PM'], ['Saturday', '10AM–8PM'], ['Sunday', '12–6PM'], ['Monday', '11AM–7PM']]"
0x88c2cdbc98e5379d:0x88e9e2130535d455,Jo-To Japanese Steak House,"Jo-To Japanese Steak House, 905 Lithia Pinecrest Rd, Brandon, FL 33511",27.925082999999997,-82.27000799999999,"['Japanese restaurant', 'Asian restaurant', 'Cocktail bar', 'Japanese steakhouse', 'Restaurant', 'Seafood restaurant', 'Steak house', 'Sushi restaurant', 'Teppanyaki restaurant']",4.3,598,$$,"[['Tuesday', '5–9:30PM'], ['Wednesday', '5–9:30PM'], ['Thursday', '5–9:30PM'], ['Friday', '5–10PM'], ['Saturday', '5–10PM'], ['Sunday', '4:30–9PM'], ['Monday', '5–9:30PM']]"
0x88c2bec971c04547:0x761b138558899d8,Rice N Roll,"Rice N Roll, 19243 N Dale Mabry Hwy, Lutz, FL 33548",28.1569346,-82.4809993,"['Japanese restaurant', 'Chinese restaurant', 'Thai restaurant']",4.1,238,$$,"[['Tuesday', '11:30AM–8:30PM'], ['Wednesday', '11:30AM–8:30PM'], ['Thursday', '11:30AM–8:30PM'], ['Friday', '11:30AM–8:30PM'], ['Saturday', '11:30AM–8:30PM'], ['Sunday', '11:30AM–8:30PM'], ['Monday', 'Closed']]"
0x88d9b2735285a601:0xb0308f8b62749c87,Sushi Lucy,"Sushi Lucy, 1680 NE 123rd St, North Miami, FL 33181",25.889129999999998,-80.1649846,"['Sushi restaurant', 'Asian restaurant', 'Japanese restaurant', 'Delivery Restaurant', 'Takeout Restaurant']",4.5,228,,
0x88ec5f9a6cf5de6b:0x7ccef1229040bd7b,Sarku Japan,"Sarku Japan, 1500 Apalachee Pkwy Space #1065, Tallahassee, FL 32301",30.4368451,-84.2537772,"['Japanese restaurant', 'Asian restaurant', 'Fast food restaurant', 'Restaurant', 'Sushi restaurant', 'Teppanyaki restaurant']",4.0,123,$,"[['Tuesday', '11AM–7PM'], ['Wednesday', '11AM–7PM'], ['Thursday', '11AM–7PM'], ['Friday', '11AM–8PM'], ['Saturday', '11AM–8PM'], ['Sunday', '12–6PM'], ['Monday', '11AM–7PM']]"
0x88d8e21a90519abb:0x3fe208b451882fbe,Yakitori Sake House,"Yakitori Sake House, 271 SE Mizner Blvd, Boca Raton, FL 33432",26.347258699999998,-80.0844406,"['Sushi restaurant', 'Asian restaurant', 'Authentic Japanese restaurant']",4.5,358,$$,"[['Tuesday', '11:30AM–10:15PM'], ['Wednesday', '11:30AM–10:15PM'], ['Thursday', '11:30AM–10:15PM'], ['Friday', '11:30AM–11:15PM'], ['Saturday', '12–11:15PM'], ['Sunday', '12–10:15PM'], ['Monday', '11:30AM–10:15PM']]"
0x88d9ca6b41f5142f:0x1e73de137f4a09f3,Sushi Siam,"Sushi Siam, 632 Crandon Blvd, Key Biscayne, FL 33149",25.6890754,-80.16443629999999,"['Japanese restaurant', 'Sushi restaurant', 'Thai restaurant']",3.9,108,$$,"[['Tuesday', '11:30AM–10PM'], ['Wednesday', '11:30AM–10PM'], ['Thursday', '11:30AM–10PM'], ['Friday', '11:30AM–11PM'], ['Saturday', '11:30AM–11PM'], ['Sunday', '12–10PM'], ['Monday', '11:30AM–10PM']]"
0x88d907956b67ce79:0x55b041c329984a17,"KIKO Japanese and Thai restaurant, sake bar","KIKO Japanese and Thai restaurant, sake bar, 801 S University Dr C - 112, Plantation, FL 33324",26.1096546,-80.2524705,"['Restaurant', 'Japanese restaurant', 'Sushi restaurant', 'Thai restaurant']",4.2,504,$$,"[['Tuesday', '3–10PM'], ['Wednesday', '3–10PM'], ['Thursday', '3–10PM'], ['Friday', '1–11PM'], ['Saturday', '1–11PM'], ['Sunday', '1–10PM'], ['Monday', 'Closed']]"
0x88d9dd153471dde7:0x9661b2de4306ee6b,Bangkok Cuisine,"Bangkok Cuisine, 45 N Homestead Blvd, Homestead, FL 33030",25.4705931,-80.4703219,"['Thai restaurant', 'Asian restaurant', 'Chicken restaurant', 'Japanese restaurant', 'Restaurant', 'Seafood restaurant', 'Southeast Asian restaurant', 'Sushi restaurant', 'Vegan restaurant', 'Vegetarian restaurant']",4.5,837,$$,"[['Tuesday', '11AM–3PM'], ['Wednesday', '11AM–3PM'], ['Thursday', '11AM–3PM'], ['Friday', '11AM–3PM'], ['Saturday', '12–3PM'], ['Sunday', '12–3PM'], ['Monday', '11AM–3PM']]"
0x8890bbfcc8c4424b:0x25edc1107267d95d,Kyoto Japanese Steakhouse,"Kyoto Japanese Steakhouse, 6883 US-98, Pensacola, FL 32506",30.3972353,-87.30499139999999,"['Japanese restaurant', 'Japanese steakhouse']",4.4,458,$$,"[['Tuesday', '11AM–8:30PM'], ['Wednesday', '11AM–8:30PM'], ['Thursday', '11AM–8:30PM'], ['Friday', '11AM–9PM'], ['Saturday', '4:30–9PM'], ['Sunday', '12–8:30PM'], ['Monday', '11AM–8:30PM']]"
0x8890bff4eb92f96f:0x7b0dd0a5bd633bd1,Ichiban,"Ichiban, 5555 N Davis Hwy, Pensacola, FL 32503",30.477452099999997,-87.2254999,"['Japanese restaurant', 'Asian fusion restaurant', 'Asian restaurant', 'Bar', 'Restaurant', 'Seafood restaurant', 'Sushi restaurant']",4.5,1004,$$,"[['Tuesday', '11AM–10PM'], ['Wednesday', '11AM–10PM'], ['Thursday', '11AM–10PM'], ['Friday', '11AM–11PM'], ['Saturday', '12–11PM'], ['Sunday', '12–9PM'], ['Monday', '11AM–10PM']]"
0x88e7d51ae71f6fd1:0x26253fba5e138677,Tony's Sushi,"Tony's Sushi, 3405 SW College Rd, Ocala, FL 34474",29.1561919,-82.1799882,"['Japanese restaurant', 'Asian restaurant', 'Kyoto style Japanese restaurant', 'Restaurant', 'Steak house', 'Sushi restaurant']",4.5,945,$$,"[['Tuesday', '11AM–9:30PM'], ['Wednesday', '11AM–9:30PM'], ['Thursday', '11AM–9:30PM'], ['Friday', '11AM–10PM'], ['Saturday', '11AM–10PM'], ['Sunday', '12AM–9:30PM'], ['Monday', '11AM–9:30PM']]"
0x88db4722cb7317d9:0x5f94162f5788ae7c,Kumo Japanese Steakhouse,"Kumo Japanese Steakhouse, 2517 Santa Barbara Blvd #12, Cape Coral, FL 33914",26.6058177,-81.9738533,"['Japanese restaurant', 'Asian restaurant', 'Japanese steakhouse', 'Seafood restaurant', 'Sushi restaurant']",4.4,1213,$$,"[['Tuesday', '11AM–2:30PM'], ['Wednesday', '11AM–2:30PM'], ['Thursday', '11AM–2:30PM'], ['Friday', '11AM–2:30PM'], ['Saturday', '11AM–2:30PM'], ['Sunday', '12–9:30PM'], ['Monday', '11AM–2:30PM']]"
0x88e71b7177cbe479:0x2696a1704aa48d7b,The Twisted Chopstick,"The Twisted Chopstick, 442 E New York Ave, DeLand, FL 32724",29.027687999999998,-81.295329,"['Sushi restaurant', 'Asian restaurant', 'Japanese restaurant', 'Delivery Restaurant', 'Ramen restaurant', 'Restaurant']",4.4,636,$$,"[['Tuesday', 'Closed'], ['Wednesday', '11:30AM–9PM'], ['Thursday', '11:30AM–9PM'], ['Friday', '11:30AM–10PM'], ['Saturday', '11:30AM–10PM'], ['Sunday', '4–9PM'], ['Monday', '4–9PM']]"
0x88e76310e06a1c89:0x3ead7b6cd15c097a,Ari Hibachi and Sushi,"Ari Hibachi and Sushi, 5475 Gateway Village Cir #101, Orlando, FL 32812",28.4560559,-81.3109638,"['Japanese restaurant', 'Restaurant']",3.9,337,$$,"[['Tuesday', '12–10PM'], ['Wednesday', '12–10PM'], ['Thursday', '12–10PM'], ['Friday', '12–10PM'], ['Saturday', '12–10PM'], ['Sunday', '12–10PM'], ['Monday', '12–10PM']]"
0x88d9bbd951d760fd:0x832bdf7130f2628d,Dragonfly Izakaya & Fish Market,"Dragonfly Izakaya & Fish Market, 5241 NW 87th Ave, Doral, FL 33178",25.8194093,-80.3371665,"['Sushi restaurant', 'Asian fusion restaurant', 'Japanese restaurant', 'Seafood market', 'Seafood restaurant']",4.4,1077,$$$,"[['Tuesday', '11:30AM–3PM'], ['Wednesday', '11:30AM–3PM'], ['Thursday', '11:30AM–3PM'], ['Friday', '11:30AM–3PM'], ['Saturday', '5–11PM'], ['Sunday', '12:30–10PM'], ['Monday', '11:30AM–3PM']]"
0x88e77e537a36ac1f:0xb12cbb2a5826533f,Hanamizuki Japanese Restaurant,"Hanamizuki Japanese Restaurant, 8255 International Dr #136, Orlando, FL 32819",28.4454283,-81.46846939999999,['Japanese restaurant'],4.2,625,$$,"[['Tuesday', '5–10PM'], ['Wednesday', '5–10PM'], ['Thursday', '5–10PM'], ['Friday', '5–10PM'], ['Saturday', '5–10PM'], ['Sunday', '5–10PM'], ['Monday', 'Closed']]"
0x88d9b7ffd214d861:0xcc802bbe54f5b67e,Moon Thai & Japanese,"Moon Thai & Japanese, 1118 S Dixie Hwy, Coral Gables, FL 33146",25.716465,-80.273994,"['Thai restaurant', 'Asian restaurant', 'Japanese restaurant', 'Sushi restaurant']",4.4,825,$$,"[['Tuesday', '11:30AM–11PM'], ['Wednesday', '11:30AM–11PM'], ['Thursday', '11:30AM–11PM'], ['Friday', '11:30AM–11:30PM'], ['Saturday', '11:30AM–11:30PM'], ['Sunday', '12–11PM'], ['Monday', '11:30AM–11PM']]"
0x88d8e27dca1cd1f7:0x9a029440eb5bb663,Masamune Japanese Restaurant,"Masamune Japanese Restaurant, 310 S Federal Hwy, Deerfield Beach, FL 33441",26.31457,-80.0907916,"['Japanese restaurant', 'Asian restaurant', 'Restaurant', 'Sushi restaurant']",4.5,418,$$,"[['Tuesday', 'Closed'], ['Wednesday', '5:30–9PM'], ['Thursday', '5:30–9PM'], ['Friday', '5:30–10PM'], ['Saturday', '5:30–10PM'], ['Sunday', '5:30–9PM'], ['Monday', 'Closed']]"
0x88e6ded2051cd45b:0xd294a8ee666137cb,Fancy Q Japanese And Thai Restaurant,"Fancy Q Japanese And Thai Restaurant, 2525 US-92, Daytona Beach, FL 32114",29.1778673,-81.08034479999999,"['Japanese regional restaurant', 'Restaurant']",4.7,608,$$,"[['Tuesday', '11AM–9:45PM'], ['Wednesday', '11AM–9:45PM'], ['Thursday', '11AM–9:45PM'], ['Friday', '11AM–10PM'], ['Saturday', '11AM–10PM'], ['Sunday', '11AM–9:45PM'], ['Monday', 'Closed']]"
0x88e6dc9bda2d7ae1:0x31684a11766f1305,Tokyo Japanese Steakhouse and Sushi Bar,"Tokyo Japanese Steakhouse and Sushi Bar, 175 S Nova Rd STE 9, Ormond Beach, FL 32174",29.275727999999997,-81.082285,"['Asian restaurant', 'Japanese restaurant', 'Restaurant', 'Sushi restaurant']",4.3,645,$$,"[['Tuesday', '4–9PM'], ['Wednesday', '4–9PM'], ['Thursday', '4–9PM'], ['Friday', '12–9PM'], ['Saturday', '12–9PM'], ['Sunday', '12–9PM'], ['Monday', '4–9PM']]"
0x88e6da471bc428fb:0x8da40662400f5606,Cafe Du Japon,"Cafe Du Japon, 306 Seabreeze Blvd, Daytona Beach, FL 32118",29.234003899999998,-81.0164935,"['Sushi restaurant', 'Art gallery', 'Asian restaurant', 'Cafe', 'Japanese restaurant', 'Restaurant']",4.6,308,,"[['Tuesday', 'Closed'], ['Wednesday', '5–9PM'], ['Thursday', '5–9PM'], ['Friday', '5–10PM'], ['Saturday', '5–10PM'], ['Sunday', 'Closed'], ['Monday', 'Closed']]"
0x88e6dbb127a937b3:0x1c25d45ab46cff2b,Sakana Japanese Steakhouse & Sushi Bar,"Sakana Japanese Steakhouse & Sushi Bar, 501 Seabreeze Blvd, Daytona Beach, FL 32118",29.235153,-81.0144372,"['Japanese restaurant', 'Sushi restaurant', 'Teppanyaki restaurant']",4.3,228,,"[['Tuesday', '11:30AM–3PM'], ['Wednesday', '11:30AM–3PM'], ['Thursday', '11:30AM–3PM'], ['Friday', '11:30AM–3PM'], ['Saturday', '5–11PM'], ['Sunday', '5–10PM'], ['Monday', '11:30AM–3PM']]"
0x88e772a5dc043b6b:0x57649a506209b2c4,Mikado Japanese Cuisine,"Mikado Japanese Cuisine, 3899 W Lake Mary Blvd #117, Lake Mary, FL 32746",28.7544988,-81.3464226,"['Japanese restaurant', 'Sushi restaurant']",4.2,523,$$,"[['Monday', '11AM–3PM'], ['Tuesday', '11AM–3PM'], ['Wednesday', '11AM–3PM'], ['Thursday', '11AM–3PM'], ['Friday', '12–3PM'], ['Saturday', '12–3PM'], ['Sunday', '2–10PM']]"
0x88c33bfc0ad1d20f:0x6545c91f22fcb6a3,Rice Bowl Asian House,"Rice Bowl Asian House, 7305 52nd Pl E, Bradenton, FL 34203",27.444944399999997,-82.4663444,"['Asian restaurant', 'Chinese restaurant', 'Japanese restaurant', 'Restaurant', 'Sushi restaurant']",4.6,578,$,"[['Monday', '11AM–9:30PM'], ['Tuesday', '11AM–9:30PM'], ['Wednesday', '11AM–9:30PM'], ['Thursday', '11AM–9:30PM'], ['Friday', '11AM–9:30PM'], ['Saturday', '11AM–9:30PM'], ['Sunday', '11AM–8:30PM']]"
0x88d9a3f2dc6fc21f:0xca634cbfb5f1a371,Orient Chef,"Orient Chef, 17155 Miramar Pkwy, Miramar, FL 33027",25.980818,-80.375198,"['Chinese restaurant', 'Asian restaurant', 'Japanese restaurant', 'Delivery Restaurant', 'Restaurant', 'Sushi restaurant']",3.6,128,$,"[['Monday', '11AM–9PM'], ['Tuesday', '11AM–9PM'], ['Wednesday', '11AM–9PM'], ['Thursday', '11AM–9PM'], ['Friday', '11AM–10PM'], ['Saturday', '11AM–10PM'], ['Sunday', '12–9PM']]"
0x88db1ee1b4d0c647:0x594636e06f36ed02,DaRuMa Restaurant,"DaRuMa Restaurant, 241 Center St N, Naples, FL 34108",26.2541306,-81.8207111,"['Japanese restaurant', 'Restaurant']",4.4,473,$$$,"[['Monday', '5–10PM'], ['Tuesday', '5–10PM'], ['Wednesday', '5–10PM'], ['Thursday', '5–10PM'], ['Friday', '5–10PM'], ['Saturday', '5–10PM'], ['Sunday', '5–10PM']]"
0x88d92aa6d3edd313:0x722a3fc7cf5a29a1,Hayashi Japanese Restaurant,"Hayashi Japanese Restaurant, 4204 Northlake Blvd, Palm Beach Gardens, FL 33410",26.8062589,-80.1016886,"['Japanese restaurant', 'Asian restaurant', 'Korean restaurant', 'Restaurant', 'Sushi restaurant']",4.4,287,$$,"[['Monday', '11:30AM–9:30PM'], ['Tuesday', '11:30AM–9:30PM'], ['Wednesday', '11:30AM–9:30PM'], ['Thursday', '11:30AM–9:30PM'], ['Friday', '11:30AM–10PM'], ['Saturday', '4–10PM'], ['Sunday', '4–9:30PM']]"
0x88d9b79bb2e366db:0xcfe9d243ea47c499,Lan Ramen - Ya,"Lan Ramen - Ya, 357 Alcazar Ave, Coral Gables, FL 33134",25.7530499,-80.2619465,"['Ramen restaurant', 'Asian fusion restaurant', 'Asian restaurant', 'Bubble tea store', 'Japanese restaurant']",4.7,226,,"[['Monday', '11:30AM–3PM'], ['Tuesday', '11:30AM–3PM'], ['Wednesday', '11:30AM–3PM'], ['Thursday', '11:30AM–3PM'], ['Friday', '11:30AM–3PM'], ['Saturday', '6–10PM'], ['Sunday', 'Closed']]"
0x88ef3a35d333bb5b:0x49bed963838092df,Red Ginger Asian Bistro,"Red Ginger Asian Bistro, 2143 W US Hwy 90 Suite 101, Lake City, FL 32055",30.1794977,-82.66726039999999,"['Diner', 'Chinese restaurant', 'Japanese restaurant', 'Thai restaurant']",4.4,725,$$,"[['Monday', '11AM–10PM'], ['Tuesday', '11AM–10PM'], ['Wednesday', '11AM–10PM'], ['Thursday', '11AM–10PM'], ['Friday', '11AM–10:30PM'], ['Saturday', '11AM–10:30PM'], ['Sunday', '12–10PM']]"
0x88e0b2addb9861a5:0xf296dffafb670de7,Asian House,"Asian House, 407 Cheney Hwy, Titusville, FL 32780",28.557333399999997,-80.8050188,"['Asian restaurant', 'Chinese restaurant', 'Japanese restaurant', 'Restaurant', 'Sushi restaurant']",4.3,616,$$,"[['Monday', '11AM–9PM'], ['Tuesday', '11AM–9PM'], ['Wednesday', '11AM–9PM'], ['Thursday', '11AM–9PM'], ['Friday', '11AM–9:30PM'], ['Saturday', '12–9:30PM'], ['Sunday', 'Closed']]"
0x88e8a4730caea2cf:0xdd2a4cbfe9d1e725,Crane Ramen,"Crane Ramen, 16 SW 1 Ave, Gainesville, FL 32601",29.651228999999997,-82.32564699999999,"['Ramen restaurant', 'Japanese restaurant']",4.4,978,$$,"[['Monday', 'Closed'], ['Tuesday', '11AM–4PM'], ['Wednesday', '11AM–4PM'], ['Thursday', '11AM–4PM'], ['Friday', '11AM–4PM'], ['Saturday', '11AM–4PM'], ['Sunday', '11AM–4PM']]"
0x88dd3f64b6a6e62f:0x3b6a178d3bb4509a,Fuji Hibachi Express,"Fuji Hibachi Express, 1515 Bartow Rd, Lakeland, FL 33801",28.0239838,-81.9264656,"['Japanese restaurant', 'Asian fusion restaurant', 'Chinese restaurant', 'Takeout Restaurant', 'Wok restaurant']",4.7,18,,"[['Monday', '11AM–9:30PM'], ['Tuesday', '11AM–9:30PM'], ['Wednesday', '11AM–9:30PM'], ['Thursday', '11AM–9:30PM'], ['Friday', '11AM–10:30PM'], ['Saturday', '11AM–10:30PM'], ['Sunday', '12–9:30PM']]"
0x88c2e53fdbb434e5:0xa434c9896673762d,Kobe Italian,"Kobe Italian, 13505 Icot Blvd ste #207, Clearwater, FL 33760",27.8947576,-82.71374019999999,"['Japanese restaurant', 'Sushi restaurant']",4.2,498,$$,"[['Monday', '11AM–11PM'], ['Tuesday', '11AM–11PM'], ['Wednesday', '11AM–11PM'], ['Thursday', '11AM–11PM'], ['Friday', '11AM–11PM'], ['Saturday', '12:30–11PM'], ['Sunday', '4–9PM']]"
0x88d9c7a392ecfcd7:0xae53addc6f9023a7,Aoki Teppanyaki and Izakaya,"Aoki Teppanyaki and Izakaya, 7535 N Kendall Dr, Miami, FL 33156",25.6894445,-80.3123154,"['Japanese restaurant', 'Izakaya restaurant', 'Sushi restaurant', 'Teppanyaki restaurant']",4.0,498,,"[['Monday', '11:30AM–9:30PM'], ['Tuesday', '11:30AM–9:30PM'], ['Wednesday', '11:30AM–9:30PM'], ['Thursday', '11:30AM–9:30PM'], ['Friday', '11:30AM–10:30PM'], ['Saturday', '11:30AM–10:30PM'], ['Sunday', '11:30AM–9:30PM']]"
0x88c3412a93466ced:0x580413bcf9223921,Goichi's Sushi,"Goichi's Sushi, 4563 Bee Ridge Rd, Sarasota, FL 34233",27.299114,-82.476461,['Japanese restaurant'],4.6,275,$,"[['Sunday', 'Closed'], ['Monday', '4–9PM'], ['Tuesday', '4–9PM'], ['Wednesday', '4–9PM'], ['Thursday', '4–9PM'], ['Friday', '4–9PM'], ['Saturday', '4–9PM']]"
0x88d9b48fff5f191f:0x544d6307fc7ac148,Hiro's Sushi Express (South Beach),"Hiro's Sushi Express (South Beach), 1518 Washington Ave, Miami Beach, FL 33139",25.7880324,-80.1320034,"['Japanese restaurant', 'Delivery Restaurant', 'Restaurant', 'Sushi restaurant']",4.5,753,$,"[['Sunday', '10:30AM–12AM'], ['Monday', '10:30AM–12AM'], ['Tuesday', '10:30AM–12AM'], ['Wednesday', '10:30AM–12AM'], ['Thursday', '10:30AM–12AM'], ['Friday', '10:30AM–12AM'], ['Saturday', '10:30AM–12AM']]"
0x88e449b22a7e3269:0xd8748d2ba4e8a0b4,KAMIYA86,"Florida, Jacksonville, 3rd St S, KAMIYA86邮政编码: 32250",30.2762139,-81.3900194,"['Japanese restaurant', 'Restaurant', 'Sushi restaurant']",4.2,408,$$,"[['Sunday', '3–9:30PM'], ['Monday', '11AM–2:30PM'], ['Tuesday', '11AM–2:30PM'], ['Wednesday', '11AM–2:30PM'], ['Thursday', '11AM–2:30PM'], ['Friday', '11AM–2:30PM'], ['Saturday', '11AM–2:30PM']]"
0x88d926fdd476e87b:0x93a90da7f191c643,Thai Shokun Restaurant,"Thai Shokun Restaurant, 6346 Lantana Rd #73, Lake Worth, FL 33463",26.5882282,-80.146121,"['Sushi restaurant', 'Asian restaurant', 'Japanese restaurant', 'Southeast Asian restaurant', 'Thai restaurant']",4.3,288,$$,"[['Sunday', 'Closed'], ['Monday', '11:30AM–3PM'], ['Tuesday', '11:30AM–3PM'], ['Wednesday', '11:30AM–3PM'], ['Thursday', '11:30AM–3PM'], ['Friday', '11:30AM–3PM'], ['Saturday', '11:30AM–3PM']]"
0x88d91b4d1fe029b9:0x59e140d80f7d66cb,Pad Thai Asian Bistro and Sushi,"Pad Thai Asian Bistro and Sushi, 5458 W Sample Rd, Margate, FL 33073",26.272689,-80.197529,"['Thai restaurant', 'Asian restaurant', 'Japanese restaurant', 'Restaurant', 'Southeast Asian restaurant']",4.5,338,$$,"[['Sunday', 'Closed'], ['Monday', '11:30AM–9:30PM'], ['Tuesday', '11:30AM–9:30PM'], ['Wednesday', '11:30AM–9:30PM'], ['Thursday', '11:30AM–9:30PM'], ['Friday', '11:30AM–10PM'], ['Saturday', '12–10PM']]"
0x88e788c5951da667:0x20cb100cd8bfebda,Akina Sushi & Asian Food Bistro,"Akina Sushi & Asian Food Bistro, 4300 S Hwy 27 #101, Clermont, FL 34711",28.5011111,-81.7199778,"['Sushi restaurant', 'Asian fusion restaurant', 'Asian restaurant', 'Bistro', 'Chinese restaurant', 'Japanese restaurant', 'Takeout Restaurant', 'Restaurant', 'Seafood restaurant', 'Thai restaurant']",4.5,515,$$,"[['Sunday', '12:30–9PM'], ['Monday', '11AM–9PM'], ['Tuesday', '11AM–9PM'], ['Wednesday', '11AM–9PM'], ['Thursday', '11AM–10PM'], ['Friday', '11AM–10PM'], ['Saturday', '11AM–10PM']]"
0x88d902f5d8433659:0xfb8a070485347755,Kin Asian Street Food,"Kin Asian Street Food, 143 SW 6th St, Pompano Beach, FL 33060",26.2227774,-80.12559259999999,"['Asian restaurant', 'Japanese restaurant', 'Ramen restaurant', 'Sushi restaurant', 'Thai restaurant']",4.6,568,$$,"[['Sunday', '12–9:30PM'], ['Monday', '12–9:30PM'], ['Tuesday', 'Closed'], ['Wednesday', '12–9:30PM'], ['Thursday', '12–9:30PM'], ['Friday', '12–10:30PM'], ['Saturday', '12–10:30PM']]"
0x88d9195b8f97e84d:0x2365bc859374bb72,Boon's Asian Bistro,"Boon's Asian Bistro, 19605 FL-7 A, Boca Raton, FL 33498",26.3852583,-80.2047584,"['Sushi restaurant', 'Asian restaurant', 'Bistro', 'Japanese restaurant', 'Thai restaurant']",4.5,246,$$,"[['Sunday', '4–9:30PM'], ['Monday', '11:30AM–2:30PM'], ['Tuesday', '11:30AM–2:30PM'], ['Wednesday', '11:30AM–2:30PM'], ['Thursday', '11:30AM–2:30PM'], ['Friday', '11:30AM–2:30PM'], ['Saturday', '12–9:30PM']]"
0x88d9b252b0ef8c51:0x805477aede26e5a3,Sushi Siam,"Sushi Siam, 1524 79th Street Causeway, North Bay Village, FL 33141",25.8483414,-80.1533467,"['Japanese restaurant', 'Asian fusion restaurant', 'Asian restaurant', 'Southeast Asian restaurant', 'Sushi restaurant', 'Thai restaurant']",4.4,238,$$,"[['Sunday', '5–11PM'], ['Monday', '11:30AM–11PM'], ['Tuesday', '11:30AM–11PM'], ['Wednesday', '11:30AM–11PM'], ['Thursday', '11:30AM–11PM'], ['Friday', '11:30AM–11PM'], ['Saturday', '5–11PM']]"
0x88d9c05192148e0b:0x15ea4f7714f251ff,Ruson Japanese Steak House,"Ruson Japanese Steak House, 13856 SW 88th St #1304, Miami, FL 33186",25.6840735,-80.41990539999999,"['Japanese steakhouse', 'Japanese restaurant']",4.5,487,$$,"[['Sunday', '12–9:30PM'], ['Monday', '11:30AM–9:30PM'], ['Tuesday', '11:30AM–9:30PM'], ['Wednesday', '11:30AM–9:30PM'], ['Thursday', '11:30AM–9:30PM'], ['Friday', '11:30AM–10:30PM'], ['Saturday', '12–10:30PM']]"
0x88db3fe3b05079d7:0x3906c8cfb4ab371c,DaRuMa Japanese Steakhouse and Sushi Lounge,"DaRuMa Japanese Steakhouse and Sushi Lounge, 13499 S Cleveland Ave, Fort Myers, FL 33907",26.549851999999998,-81.8700485,['Japanese restaurant'],4.3,547,$$$,"[['Sunday', '5–10PM'], ['Monday', '5–10PM'], ['Tuesday', '5–10PM'], ['Wednesday', '5–10PM'], ['Thursday', '5–10PM'], ['Friday', '5–10PM'], ['Saturday', '5–10PM']]"
0x88c2c30d3efee365:0x9cbf2973cc8b9376,Dosunco RAMEN,"Dosunco RAMEN, 3310 W Kennedy Blvd, Tampa, FL 33609",27.944388999999997,-82.49796099999999,"['Ramen restaurant', 'Asian restaurant', 'Authentic Japanese restaurant', 'Izakaya restaurant', 'Japanese restaurant', 'Restaurant', 'Soup shop', 'Udon noodle restaurant']",4.6,665,$$,"[['Sunday', 'Closed'], ['Monday', 'Closed'], ['Tuesday', '11:30AM–2:30PM'], ['Wednesday', '11:30AM–2:30PM'], ['Thursday', '11:30AM–2:30PM'], ['Friday', '11:30AM–2:30PM'], ['Saturday', '5–10PM']]"
0x88e7636d1aab4591:0x190d7087d66349df,Kyoto Sushi & Grill,"Kyoto Sushi & Grill, 6651 S Semoran Blvd # 106, Orlando, FL 32822",28.467191399999997,-81.3086081,"['Japanese restaurant', 'Restaurant', 'Sushi restaurant']",4.2,548,$$,"[['Sunday', '11AM–10:30PM'], ['Monday', '11AM–10:30PM'], ['Tuesday', '11AM–10:30PM'], ['Wednesday', '11AM–10:30PM'], ['Thursday', '11AM–10:30PM'], ['Friday', '11AM–11PM'], ['Saturday', '11AM–11PM']]"
0x88de0e7933529975:0x1f489f1b054ea247,Umami Restaurant and Sushi Bar,"Umami Restaurant and Sushi Bar, 3042 W New Haven Ave, West Melbourne, FL 32904",28.0801499,-80.6720409,"['Sushi restaurant', 'Japanese restaurant']",4.8,675,$$,"[['Sunday', '5–9PM'], ['Monday', '11AM–2PM'], ['Tuesday', '11AM–2PM'], ['Wednesday', '11AM–2PM'], ['Thursday', '11AM–2PM'], ['Friday', '11AM–2PM'], ['Saturday', '5–9:30PM']]"
0x88c2b0d2fb83f1df:0xd2bd6d1d5eb33fdf,Bonsai Sushi,"Bonsai Sushi, 1652 Bruce B Downs Blvd, Wesley Chapel, FL 33544",28.1822111,-82.3528618,"['Sushi restaurant', 'Japanese restaurant', 'Restaurant']",4.6,357,$$,"[['Sunday', '4:30–9:30PM'], ['Monday', '11:30AM–2:30PM'], ['Tuesday', '11:30AM–2:30PM'], ['Wednesday', '11:30AM–2:30PM'], ['Thursday', '11:30AM–2:30PM'], ['Friday', '11:30AM–2:30PM'], ['Saturday', '12–10PM']]"
0x88c2b0d2361a606f:0x87694de7710f8856,F.J. Express,"F.J. Express, 1832 Bruce B Downs Blvd, Wesley Chapel, FL 33544",28.184137399999997,-82.35087899999999,"['Japanese restaurant', 'Asian restaurant']",4.1,134,$$,"[['Sunday', '12–9:30PM'], ['Monday', '12–9:30PM'], ['Tuesday', '11AM–9:30PM'], ['Wednesday', '11AM–9:30PM'], ['Thursday', '11AM–9:30PM'], ['Friday', '11AM–10:30PM'], ['Saturday', '11AM–10:30PM']]"
0x88dd4d6cb09511f1:0xf45da783da1aee72,Little Ninja Thai Japanese Food And Cafe,"Little Ninja Thai Japanese Food And Cafe, 5709 6th St, Zephyrhills, FL 33542",28.2403552,-82.1868056,"['Thai restaurant', 'Catering food and drink supplier', 'Caterer', 'Japanese restaurant', 'Mobile caterer', 'Restaurant']",4.8,348,$,"[['Sunday', 'Closed'], ['Monday', '11:45AM–3PM'], ['Tuesday', '11:45AM–3PM'], ['Wednesday', '11:45AM–3PM'], ['Thursday', '11:45AM–3PM'], ['Friday', '11:45AM–3PM'], ['Saturday', 'Closed']]"
0x88e44a4e5c44c8d5:0x2f3d49c354deedde,Fuji Sushi,"Fuji Sushi, 13740 Beach Blvd #109, Jacksonville, FL 32224",30.2850054,-81.4577493,"['Sushi restaurant', 'Buffet restaurant', 'Japanese restaurant', 'Seafood restaurant']",4.2,1066,$,"[['Sunday', 'Closed'], ['Monday', '11:30AM–9:30PM'], ['Tuesday', '11:30AM–9:30PM'], ['Wednesday', '11:30AM–9:30PM'], ['Thursday', '11:30AM–9:30PM'], ['Friday', '11:30AM–10PM'], ['Saturday', '11:30AM–10PM']]"
0x88de105defc56c57:0xcd25efe0f29f60ee,Sumo Japanese Restaurant,"Sumo Japanese Restaurant, 258 E Eau Gallie Blvd, Indian Harbour Beach, FL 32937",28.140635099999997,-80.5966456,"['Japanese steakhouse', 'Asian restaurant', 'Japanese restaurant', 'Seafood restaurant', 'Sushi restaurant']",4.2,273,$$,"[['Sunday', '12–9PM'], ['Monday', '11AM–9PM'], ['Tuesday', '11AM–9PM'], ['Wednesday', '11AM–9PM'], ['Thursday', '11AM–9PM'], ['Friday', '11AM–9:30PM'], ['Saturday', '11AM–9:30PM']]"
0x88d90a1995317dc9:0xeafac318f51d4104,RiceUp Asian Kitchen,"RiceUp Asian Kitchen, 16642 Saddle Club Rd, Weston, FL 33326",26.115191799999998,-80.3758354,"['Asian fusion restaurant', 'Chinese restaurant', 'Japanese restaurant', 'Delivery Restaurant', 'Sushi restaurant']",4.1,314,,"[['Sunday', '12–10PM'], ['Monday', '11AM–10PM'], ['Tuesday', '11AM–10PM'], ['Wednesday', '11AM–10PM'], ['Thursday', '11AM–10PM'], ['Friday', '11AM–11PM'], ['Saturday', '11AM–11PM']]"
0x88d9b24d4e772849:0x5f1a194222550213,Japanese Market,"Japanese Market, 1412 79th Street Causeway, Miami Beach, FL 33141",25.848389599999997,-80.1544148,"['Japanese grocery store', 'Grocery store']",4.3,93,$$,"[['Sunday', '12–6PM'], ['Monday', 'Closed'], ['Tuesday', '10AM–4PM'], ['Wednesday', '10AM–4PM'], ['Thursday', '10AM–4PM'], ['Friday', '10AM–4PM'], ['Saturday', '10AM–4PM']]"
0x88c2fb1eb9568fd7:0xa77cb1d50f34ca32,Sushi Kabuki,"Sushi Kabuki, 10801 Starkey Rd #18, Seminole, FL 33777",27.8711797,-82.76054979999999,"['Sushi restaurant', 'Asian restaurant', 'Japanese restaurant', 'Korean restaurant']",4.7,613,$$,"[['Sunday', '4–9PM'], ['Monday', 'Closed'], ['Tuesday', '11AM–2:30PM'], ['Wednesday', '11AM–2:30PM'], ['Thursday', '11AM–2:30PM'], ['Friday', '11AM–2:30PM'], ['Saturday', '11:30AM–3PM']]"
0x88d9b73b11a3561f:0xeaa52b5601a51298,Uchi,"Uchi, 252 NW 25th St, Miami, FL 33127",25.800531,-80.200013,['Japanese restaurant'],4.9,86,,"[['Sunday', '5–11PM'], ['Monday', '5–11PM'], ['Tuesday', '5–11PM'], ['Wednesday', '5–11PM'], ['Thursday', '5–11PM'], ['Friday', '5–11PM'], ['Saturday', '5–11PM']]"
0x88e5b83b041f18b3:0x41c7a1229a77ce47,Sushiko Japanese Restaurant,"Sushiko Japanese Restaurant, 3620 St Johns Ave, Jacksonville, FL 32205",30.295961499999997,-81.7044839,['Japanese restaurant'],4.5,275,$$,"[['Sunday', '12–9PM'], ['Monday', '11AM–9:30PM'], ['Tuesday', 'Closed'], ['Wednesday', '11AM–9:30PM'], ['Thursday', '11AM–9:30PM'], ['Friday', '11AM–10:30PM'], ['Saturday', '11AM–10:30PM']]"
0x88ecf4f93f1d35f5:0xa2c87b7df629231,Kiku Japanese Fusion- Ocala Rd,"Kiku Japanese Fusion- Ocala Rd, 800 Ocala Rd #370, Tallahassee, FL 32304",30.446309,-84.318629,"['Asian fusion restaurant', 'Japanese restaurant', 'Sushi restaurant']",4.3,227,$$,"[['Sunday', '12–9:30PM'], ['Monday', 'Closed'], ['Tuesday', '11AM–9:30PM'], ['Wednesday', '11AM–9:30PM'], ['Thursday', '11AM–9:30PM'], ['Friday', '11AM–10PM'], ['Saturday', '11AM–10PM']]"
0x88d907a54705b4eb:0xe2ad8e6fbb2a19d,Thai Thyme,"Thai Thyme, 7039 W Broward Blvd, Plantation, FL 33317",26.1219398,-80.24234969999999,"['Thai restaurant', 'Asian restaurant', 'Japanese restaurant', 'Sushi restaurant']",4.6,255,$,"[['Sunday', '2–9:45PM'], ['Monday', '11AM–2:30PM'], ['Tuesday', '11AM–2:30PM'], ['Wednesday', '11AM–2:30PM'], ['Thursday', '11AM–2:30PM'], ['Friday', '11AM–2:30PM'], ['Saturday', '2–9:45PM']]"
0x88c2b0d76ab9cb3d:0xf5d1aa1fc7be2076,Yamato Japanese Steakhouse & Sushi Bar,"Yamato Japanese Steakhouse & Sushi Bar, 28347 Paseo Drive #150, Wesley Chapel, FL 33543",28.1886133,-82.3467273,"['Japanese steakhouse', 'Sushi restaurant']",4.3,1008,$$,"[['Sunday', '12–9PM'], ['Monday', '4–9PM'], ['Tuesday', '4–9PM'], ['Wednesday', '4–9PM'], ['Thursday', '4–9PM'], ['Friday', '4–9:30PM'], ['Saturday', '12–9:30PM']]"
0x88d90023ba8af91b:0xf5b8ea263127c1d,3030 Ocean Restaurant & Bar,"3030 Ocean Restaurant & Bar, 3030 Holiday Dr, Fort Lauderdale, FL 33316",26.106855499999998,-80.1057689,"['Restaurant', 'Japanese restaurant', 'Seafood restaurant']",4.3,295,$$$,"[['Sunday', '6–10PM'], ['Monday', '6–10PM'], ['Tuesday', '6–10PM'], ['Wednesday', '6–10PM'], ['Thursday', '6–10PM'], ['Friday', '6–10PM'], ['Saturday', '6–10PM']]"
0x88dd3424c7c42f0d:0x1f8f5c972efaf90b,Wasabi Japanese Steak House and Sushi Bar,"Wasabi Japanese Steak House and Sushi Bar, 203 W Alexander St, Plant City, FL 33563",27.988481999999998,-82.1234606,"['Japanese steakhouse', 'Restaurant']",4.5,790,$$,"[['Sunday', '12–10PM'], ['Monday', '11AM–3PM'], ['Tuesday', '11AM–3PM'], ['Wednesday', '11AM–3PM'], ['Thursday', '11AM–3PM'], ['Friday', '11AM–3PM'], ['Saturday', '11AM–3PM']]"
0x88ded596b88b9be7:0x74eed9766fd9eecf,Hokkaido Hibachi & Sushi,"Hokkaido Hibachi & Sushi, 1200 Town Center Dr Ste 125, Jupiter, FL 33458",26.889387499999998,-80.1157798,"['Japanese restaurant', 'Asian restaurant', 'Sushi restaurant']",4.4,407,$$,"[['Sunday', '4–10PM'], ['Monday', '11:30AM–10PM'], ['Tuesday', '11:30AM–10PM'], ['Wednesday', '11:30AM–10PM'], ['Thursday', '11:30AM–10PM'], ['Friday', '11:30AM–11PM'], ['Saturday', '4–11PM']]"
0x88d9c7f006e1e5a7:0x8a4314cba7246ca5,Akashi Japanese Restaurant,"Akashi Japanese Restaurant, 5830 S Dixie Hwy, South Miami, FL 33143",25.7053574,-80.2880769,"['Japanese restaurant', 'Asian restaurant', 'Family restaurant', 'Fine dining restaurant', 'Sushi restaurant']",4.3,518,$$,
0x88c2ec6d841594e5:0xff8d595d7b9dff39,Aki Sushi,"Aki Sushi, 3970 Tampa Rd, Oldsmar, FL 34677",28.036536599999998,-82.6600749,"['Japanese restaurant', 'Restaurant', 'Sushi restaurant']",4.6,338,$$,"[['Saturday', '4–9:30PM'], ['Sunday', 'Closed'], ['Monday', 'Closed'], ['Tuesday', '4–9PM'], ['Wednesday', '4–9PM'], ['Thursday', '4–9PM'], ['Friday', '4–9:30PM']]"
0x88d90f12956220f5:0x2d98e5c5968fd8e0,Sushi Raku,"Sushi Raku, 10135 W Commercial Blvd, Tamarac, FL 33351",26.194327599999998,-80.28629699999999,"['Japanese restaurant', 'Delivery Restaurant']",4.8,268,$,"[['Saturday', '12–9PM'], ['Sunday', '12–8PM'], ['Monday', '11:30AM–9PM'], ['Tuesday', '11:30AM–9PM'], ['Wednesday', '11:30AM–9PM'], ['Thursday', '11:30AM–9PM'], ['Friday', '11:30AM–9PM']]"
0x88d9ae6e630aa77f:0xb19a7dd73d7f8926,Miami China City Plaza Oriental goods Store,"Miami China City Plaza Oriental goods Store, 41 NW 167th St, North Miami Beach, FL 33169",25.928358199999998,-80.2013235,"['Oriental goods store', 'Clothing store', 'Gift shop', 'Japanese grocery store', 'Wholesale food store']",4.4,472,,"[['Saturday', '9:30AM–8PM'], ['Sunday', '9:30AM–7PM'], ['Monday', '9:30AM–8PM'], ['Tuesday', '9:30AM–8PM'], ['Wednesday', '9:30AM–8PM'], ['Thursday', '9:30AM–8PM'], ['Friday', '9:30AM–8PM']]"
0x88d9b68578f4b49f:0x536a0fab827ac55f,Sushi Sake Brickell,"Sushi Sake Brickell, 261 SW 8th St, Miami, FL 33130",25.7666667,-80.1986111,"['Sushi restaurant', 'Asian fusion restaurant', 'Asian restaurant', 'Bar', 'Cocktail bar', 'Family restaurant', 'Japanese restaurant']",3.8,504,$$,"[['Saturday', '11AM–12AM'], ['Sunday', '11AM–12AM'], ['Monday', '11AM–12AM'], ['Tuesday', '11AM–12AM'], ['Wednesday', '11AM–12AM'], ['Thursday', '11AM–12AM'], ['Friday', '11AM–12AM']]"
0x88e78c561aeefc45:0xb98c02116c6ae7cc,Ikaho Sushi Japanese Restaurant,"Ikaho Sushi Japanese Restaurant, 7965 FL-50 #900, Groveland, FL 34736",28.559753999999998,-81.82198799999999,"['Authentic Japanese restaurant', 'Asian restaurant', 'Japanese restaurant', 'Sushi restaurant']",4.6,448,$$,"[['Saturday', '11AM–10:30PM'], ['Sunday', '12–9:30PM'], ['Monday', '11AM–10PM'], ['Tuesday', 'Closed'], ['Wednesday', '11AM–10PM'], ['Thursday', '11AM–10PM'], ['Friday', '11AM–10:30PM']]"
0x88915b8a4c52aead:0xf6cab94c040a2e0,Shan Kishi,"Shan Kishi, 11275 us highway 98W Unit 4, Miramar Beach, FL 32550",30.3826948,-86.36114889999999,['Japanese restaurant'],4.2,307,$$,"[['Saturday', '11AM–11PM'], ['Sunday', '12–10PM'], ['Monday', '11AM–10PM'], ['Tuesday', '11AM–10PM'], ['Wednesday', '11AM–10PM'], ['Thursday', '11AM–10PM'], ['Friday', '11AM–11PM']]"
0x8893e20693a731c1:0x990cd4ea95b3c491,VKI Japanese Steakhouse & Sushi Bar,"VKI Japanese Steakhouse & Sushi Bar, 4552 US-98, Santa Rosa Beach, FL 32459",30.3754578,-86.2532774,"['Sushi restaurant', 'Asian restaurant', 'Japanese restaurant', 'Japanese steakhouse']",4.4,338,$$,"[['Saturday', '11AM–10PM'], ['Sunday', '11AM–10PM'], ['Monday', '11AM–10PM'], ['Tuesday', '11AM–10PM'], ['Wednesday', '11AM–10PM'], ['Thursday', '11AM–10PM'], ['Friday', '11AM–10PM']]"
0x88e5b4b85de6ed85:0x61151ff814a0f9c3,AKI 7,"AKI 7, 11900 Atlantic Blvd UNIT 221, Jacksonville, FL 32225",30.3171482,-81.4899911,"['Asian restaurant', 'Chinese restaurant', 'Japanese restaurant', 'Sushi restaurant', 'Thai restaurant']",4.0,255,$$,"[['Saturday', '11AM–11PM'], ['Sunday', '12–10PM'], ['Monday', '11AM–10PM'], ['Tuesday', 'Closed'], ['Wednesday', '11AM–10PM'], ['Thursday', '11AM–10PM'], ['Friday', '11AM–11PM']]"
0x88c3475bae37eaef:0xb97da5c3f5464035,DaRuMa,"DaRuMa, 5459 Fruitville Rd, Sarasota, FL 34232",27.3396127,-82.4608832,"['Japanese restaurant', 'Asian restaurant', 'Japanese steakhouse', 'Seafood restaurant', 'Steak house', 'Sushi restaurant']",4.3,727,$$$,"[['Saturday', '5–10PM'], ['Sunday', '5–10PM'], ['Monday', '5–10PM'], ['Tuesday', '5–10PM'], ['Wednesday', '5–10PM'], ['Thursday', '5–10PM'], ['Friday', '5–10PM']]"
0x88d9c37ea9ff58d5:0xb6eef95f5810d19f,Moon Thai & Japanese,"Moon Thai & Japanese, 20505 S Dixie Hwy, Cutler Bay, FL 33189",25.575852899999997,-80.3696937,"['Thai restaurant', 'Asian restaurant', 'Japanese restaurant', 'Sushi restaurant']",4.3,764,$$,"[['Saturday', '11:30AM–11:30PM'], ['Sunday', '12–11PM'], ['Monday', 'Closed'], ['Tuesday', '11:30AM–11PM'], ['Wednesday', '11:30AM–11PM'], ['Thursday', '11:30AM–11PM'], ['Friday', '11:30AM–11:30PM']]"
0x88d9c69a2a6cc657:0xf9e4e209eaf5d7c4,Sushi Maki (Palmetto Bay),"Sushi Maki (Palmetto Bay), 14491 S Dixie Hwy, Miami, FL 33176",25.635559999999998,-80.337662,"['Sushi restaurant', 'Asian restaurant', 'Japanese restaurant']",4.2,468,$$,"[['Saturday', '11AM–10PM'], ['Sunday', '12–9:30PM'], ['Monday', '11AM–9:30PM'], ['Tuesday', '11AM–9:30PM'], ['Wednesday', '11AM–9:30PM'], ['Thursday', '11AM–9:30PM'], ['Friday', '11AM–10PM']]"
0x88d9c47a7a69c7af:0xbc2c7381f9af4111,Nikudo Japanese Buffet,"Nikudo Japanese Buffet, 18812 S Dixie Hwy, Cutler Bay, FL 33157",25.5918521,-80.3581268,['Japanese restaurant'],3.9,498,$,"[['Saturday', '11:30AM–10:30PM'], ['Sunday', '11:30AM–10PM'], ['Monday', '11:30AM–10PM'], ['Tuesday', '11:30AM–10PM'], ['Wednesday', '11:30AM–10PM'], ['Thursday', '11:30AM–10PM'], ['Friday', '11:30AM–10:30PM']]"
0x88de06a272a1099f:0xfd0053bcd2f96961,Thai Hana Restaurant & Sushi Bar,"Thai Hana Restaurant & Sushi Bar, 6729 Colonnade Ave STE 105, Melbourne, FL 32940",28.2399614,-80.72634169999999,"['Thai restaurant', 'Asian restaurant', 'Japanese restaurant', 'Restaurant', 'Southeast Asian restaurant', 'Sushi restaurant']",4.6,518,$$,"[['Saturday', '12–9PM'], ['Sunday', '12–8PM'], ['Monday', '11AM–8PM'], ['Tuesday', 'Closed'], ['Wednesday', '11AM–8PM'], ['Thursday', '11AM–8PM'], ['Friday', '11AM–9PM']]"
0x88d9b67e240503c7:0xc50666fe6b219ffa,Obba Sushi,"Obba Sushi, 200 SE 15th Rd, Miami, FL 33129",25.756613899999998,-80.19121109999999,"['Sushi restaurant', 'Asian restaurant', 'Japanese restaurant', 'Delivery Restaurant', 'Restaurant']",4.3,605,$$,"[['Saturday', '12–10PM'], ['Sunday', '12–10PM'], ['Monday', '11AM–10PM'], ['Tuesday', '11AM–10PM'], ['Wednesday', '11AM–10PM'], ['Thursday', '11AM–10PM'], ['Friday', '11AM–10PM']]"
0x88d9b6ac48259d83:0x163461fdb29f2874,Ono Poke Shop,"Ono Poke Shop, 2320 N Miami Ave, Miami, FL 33127",25.799706699999998,-80.19522169999999,"['Hawaiian restaurant', 'Japanese restaurant', 'Lunch restaurant']",4.5,208,$$,"[['Saturday', '12–7PM'], ['Sunday', 'Closed'], ['Monday', '12–7PM'], ['Tuesday', '12–7PM'], ['Wednesday', '12–7PM'], ['Thursday', '12–7PM'], ['Friday', '12–7PM']]"
0x88d9b97e978d6013:0x67694a6ecad01d1a,Miyako Doral Japanese Restaurant & Sushi Bar,"Miyako Doral Japanese Restaurant & Sushi Bar, 7902 NW 36th St #12, Miami, FL 33166",25.808353399999998,-80.3264923,"['Sushi restaurant', 'Asian restaurant', 'Japanese restaurant', 'Korean restaurant', 'Peruvian restaurant']",4.5,555,$$,"[['Saturday', '12–10PM'], ['Sunday', '12–9PM'], ['Monday', '11:30AM–9:30PM'], ['Tuesday', '11:30AM–9:30PM'], ['Wednesday', '11:30AM–9:30PM'], ['Thursday', '11:30AM–9:30PM'], ['Friday', '11:30AM–10PM']]"
0x88c2c3ec6f0d7639:0x411a51fc29262955,Sekushi Tampa,"Sekushi Tampa, 2223 N Westshore Blvd #B213, Tampa, FL 33607",27.965607799999997,-82.5207169,"['Restaurant', 'Japanese restaurant']",4.2,264,,"[['Saturday', '11:30AM–9PM'], ['Sunday', '11:30AM–8PM'], ['Monday', '11:30AM–8PM'], ['Tuesday', '11:30AM–8PM'], ['Wednesday', '11:30AM–8PM'], ['Thursday', '11:30AM–8PM'], ['Friday', '11:30AM–9PM']]"
0x88c316bbaa1d04f5:0x80dae445abcaee81,Kiku Sushi & Grill,"Kiku Sushi & Grill, 7338 Cortez Rd W, Bradenton, FL 34210",27.463477599999997,-82.634761,"['Japanese restaurant', 'Sushi restaurant']",4.6,387,$$,"[['Saturday', '11AM–10PM'], ['Sunday', '12–10PM'], ['Monday', 'Closed'], ['Tuesday', '11AM–10PM'], ['Wednesday', '11AM–10PM'], ['Thursday', '11AM–10PM'], ['Friday', '11AM–10PM']]"
0x88c33c28a4947c3f:0x29ada3943e6b8044,Sushi Hana Japanese Restaurant,"Sushi Hana Japanese Restaurant, 4274 53rd Ave E, Bradenton, FL 34203",27.444299299999997,-82.5068234,"['Japanese restaurant', 'Asian fusion restaurant', 'Asian restaurant', 'Takeout Restaurant', 'Restaurant', 'Sushi restaurant']",4.3,366,$$,"[['Saturday', '10:30AM–10:30PM'], ['Sunday', '12–10PM'], ['Monday', '10:30AM–10PM'], ['Tuesday', '10:30AM–10PM'], ['Wednesday', '10:30AM–10PM'], ['Thursday', '10:30AM–10PM'], ['Friday', '10:30AM–10:30PM']]"
0x88c2c1255e4abb13:0xc66330cf3856e086,Otsuka Ramen,"Otsuka Ramen, 6800 N Dale Mabry Hwy Suite 190, Tampa, FL 33614",28.0097573,-82.5055642,"['Ramen restaurant', 'Bar', 'Japanese restaurant', 'Seafood restaurant']",4.7,318,,"[['Saturday', '11AM–10PM'], ['Sunday', '12–9PM'], ['Monday', '11AM–9PM'], ['Tuesday', '11AM–9PM'], ['Wednesday', '11AM–9PM'], ['Thursday', '11AM–9PM'], ['Friday', '11AM–10PM']]"
0x88e7793a94847cb7:0x7df128407e7c7c98,Urban Hibachi,"Urban Hibachi, 3120 S Kirkman Rd, Orlando, FL 32811",28.510082999999998,-81.4597459,['Japanese restaurant'],3.4,484,$$,"[['Saturday', '11AM–9PM'], ['Sunday', '11AM–9PM'], ['Monday', '11AM–9PM'], ['Tuesday', '11AM–9PM'], ['Wednesday', '11AM–9PM'], ['Thursday', '11AM–9PM'], ['Friday', '11AM–9PM']]"
0x88de5ee2a60ac7d7:0x4d40e3320ff6a715,Kata Japanese & Thai Restaurant,"Kata Japanese & Thai Restaurant, 1306 20th St, Vero Beach, FL 32960",27.638735,-80.398538,"['Thai restaurant', 'Japanese restaurant', 'Sushi restaurant']",4.5,354,$$,"[['Saturday', '12–2:30PM'], ['Sunday', '12–2:30PM'], ['Monday', '11:30AM–2:30PM'], ['Tuesday', '11:30AM–2:30PM'], ['Wednesday', '11:30AM–2:30PM'], ['Thursday', '11:30AM–2:30PM'], ['Friday', '11:30AM–2:30PM']]"
0x88e6db60203c2e61:0xb32f1d027522957,Miyabi Sushi,"Miyabi Sushi, 2429 N Atlantic Ave #40, Daytona Beach, FL 32118",29.2615749,-81.0257654,"['Japanese restaurant', 'Sushi restaurant', 'Sushi takeaway', 'Teppanyaki restaurant']",4.7,146,,"[['Saturday', '11AM–11PM'], ['Sunday', '12–10PM'], ['Monday', '11AM–10PM'], ['Tuesday', '11AM–10PM'], ['Wednesday', '11AM–10PM'], ['Thursday', '11AM–10PM'], ['Friday', '11AM–11PM']]"
0x88c2e3da35fa2685:0xd3597c7260876ea9,Ichiban Japanese Restaurant,"Ichiban Japanese Restaurant, 2050 16th St N, St. Petersburg, FL 33704",27.7909601,-82.655354,['Japanese restaurant'],4.5,258,$$,"[['Saturday', '5–10PM'], ['Sunday', 'Closed'], ['Monday', '5–9PM'], ['Tuesday', '11:30AM–2PM'], ['Wednesday', '11:30AM–2PM'], ['Thursday', '11:30AM–2PM'], ['Friday', '11:30AM–2PM']]"
0x88d9a0daaaaaaaab:0xe6f26f63763c397b,Blue Ginger,"Blue Ginger, 15791 Sheridan St, Southwest Ranches, FL 33331",26.0306394,-80.3578734,"['Japanese restaurant', 'Asian restaurant', 'Bar', 'Restaurant', 'Sushi restaurant']",4.5,558,$$,"[['Saturday', '12–11PM'], ['Sunday', '12–10PM'], ['Monday', '5–10PM'], ['Tuesday', '5–10PM'], ['Wednesday', '5–10PM'], ['Thursday', '5–10PM'], ['Friday', '5–11PM']]"
0x88e8a35195c5e677:0x39c2cad812f02837,BENTO Gainesville Newberry,"BENTO Gainesville Newberry, 3832 W Newberry Rd #1J, Gainesville, FL 32607",29.6537987,-82.3814297,"['Asian restaurant', 'Chinese restaurant', 'Japanese restaurant', 'Pan-Asian restaurant', 'Restaurant', 'Sushi restaurant']",4.1,738,$$,"[['Saturday', '11:30AM–10:30PM'], ['Sunday', '11:30AM–10PM'], ['Monday', '11AM–10PM'], ['Tuesday', '11AM–10PM'], ['Wednesday', '11AM–10PM'], ['Thursday', '11AM–10PM'], ['Friday', '11AM–10:30PM']]"
0x88e5b86e8cea0e8b:0x11587e3634475ceb,Fuji Sushi West,"Fuji Sushi West, 4495 Roosevelt Blvd #314, Jacksonville, FL 32210",30.280014899999998,-81.719027,"['Japanese restaurant', 'Asian restaurant', 'Sushi restaurant']",4.5,432,$$,"[['Saturday', '11AM–11PM'], ['Sunday', '12–10PM'], ['Monday', 'Closed'], ['Tuesday', '11AM–10:30PM'], ['Wednesday', '11AM–10:30PM'], ['Thursday', '11AM–10:30PM'], ['Friday', '11AM–11PM']]"
0x88dae2ecc5480b5f:0x2e3d9446177bf8d5,Hibachi Of Japan II,"Hibachi Of Japan II, 7335 Radio Rd # 105, Naples, FL 34104",26.156621599999998,-81.7203349,['Japanese restaurant'],4.5,311,$,"[['Saturday', '11AM–8:30PM'], ['Sunday', '11AM–8:30PM'], ['Monday', '11AM–8:30PM'], ['Tuesday', '11AM–8:30PM'], ['Wednesday', '11AM–8:30PM'], ['Thursday', '11AM–8:30PM'], ['Friday', '11AM–8:30PM']]"
0x88e5ae7f98ec6ab9:0xabccd2b8cbc17fed,Fuji Sushi & Grill,"Fuji Sushi & Grill, 731 Duval Station Rd SUITE 109, Jacksonville, FL 32218",30.485238,-81.6043785,"['Sushi restaurant', 'Japanese restaurant']",4.0,118,,"[['Saturday', '12–9:30PM'], ['Sunday', '12–9PM'], ['Monday', '12–9PM'], ['Tuesday', '12–9PM'], ['Wednesday', '12–9PM'], ['Thursday', '12–9PM'], ['Friday', '12–9:30PM']]"
0x88e0a63552d99d69:0x1fa44c6307ae39fb,"Thai Thai III Sushi Bar & Restaurant, Thai and Japanese Cuisine","Thai Thai III Sushi Bar & Restaurant, Thai and Japanese Cuisine, 8660 Astronaut Blvd #108, Cape Canaveral, FL 32920",28.395497199999998,-80.6109877,"['Sushi restaurant', 'Japanese restaurant', 'Restaurant', 'Thai restaurant']",4.5,1033,$$,"[['Saturday', '11AM–2:30PM'], ['Sunday', '11AM–9PM'], ['Monday', '11AM–2:30PM'], ['Tuesday', '11AM–2:30PM'], ['Wednesday', '11AM–2:30PM'], ['Thursday', '11AM–2:30PM'], ['Friday', '11AM–2:30PM']]"
0x88e77ba353e9b2fd:0x47d40fa67fabdf83,Kyoto Sushi and Grill,"Kyoto Sushi and Grill, 2716 E Colonial Dr, Orlando, FL 32803",28.5522267,-81.3486831,['Japanese restaurant'],4.5,68,,"[['Saturday', '11AM–11PM'], ['Sunday', '11AM–10:30PM'], ['Monday', '11AM–10:30PM'], ['Tuesday', '11AM–10:30PM'], ['Wednesday', '11AM–10:30PM'], ['Thursday', '11AM–10:30PM'], ['Friday', '11AM–11PM']]"
0x88d90639d87c4c5f:0xe0cc1d7fe4f71cd1,Japan Inn,"Japan Inn, 1781 N University Dr, Plantation, FL 33322",26.147886099999997,-80.2584856,"['Japanese restaurant', 'Sushi restaurant']",4.3,1398,$$,"[['Friday', '11:30AM–3PM'], ['Saturday', '11:30AM–10:30PM'], ['Sunday', '11:30AM–9:30PM'], ['Monday', '11:30AM–3PM'], ['Tuesday', '11:30AM–3PM'], ['Wednesday', '11:30AM–3PM'], ['Thursday', '11:30AM–3PM']]"
0x88e7697764724275:0x178b754703c6b4e9,Kyoto Sushi & Grill,"Kyoto Sushi & Grill, 200 W Mitchell Hammock Rd, Oviedo, FL 32765",28.6551585,-81.2115039,"['Japanese restaurant', 'Restaurant']",4.2,358,$$,"[['Friday', '11AM–11PM'], ['Saturday', '11AM–11PM'], ['Sunday', '11AM–10:30PM'], ['Monday', '11AM–10:30PM'], ['Tuesday', '11AM–10:30PM'], ['Wednesday', '11AM–10:30PM'], ['Thursday', '11AM–10:30PM']]"
0x88c2915c02f8c07f:0x79415135fb3333ab,Kawa Japanese Steak House & Sushi,"Kawa Japanese Steak House & Sushi, 8631-1 Little Rd, New Port Richey, FL 34654",28.282677,-82.6780096,"['Teppanyaki restaurant', 'Japanese restaurant', 'Japanese steakhouse', 'Sushi restaurant']",4.1,578,,"[['Friday', '11:15AM–2:45PM'], ['Saturday', '11:15AM–2:45PM'], ['Sunday', '12–9:15PM'], ['Monday', '11:15AM–2:45PM'], ['Tuesday', '11:15AM–2:45PM'], ['Wednesday', '11:15AM–2:45PM'], ['Thursday', '11:15AM–2:45PM']]"
0x88dd86ce521ce0d3:0x779992b867577082,Mizu Japanese Steak House and Sushi,"Mizu Japanese Steak House and Sushi, 1632 W Osceola Pkwy, Kissimmee, FL 34741",28.340866499999997,-81.4220081,"['Japanese restaurant', 'Restaurant', 'Steak house', 'Sushi restaurant']",4.5,1443,$$,"[['Friday', '11:30AM–11PM'], ['Saturday', '12–11PM'], ['Sunday', '12–10PM'], ['Monday', '11:30AM–10PM'], ['Tuesday', '11:30AM–10PM'], ['Wednesday', '11:30AM–10PM'], ['Thursday', '11:30AM–10PM']]"
0x88d9abd26e332cf5:0x2bc84d10b9129f79,Hiro Maru Sushi,"Hiro Maru Sushi, 3327 Sheridan St, Hollywood, FL 33021",26.0339848,-80.1764784,"['Japanese restaurant', 'Restaurant']",4.6,285,$$,"[['Friday', '5PM–12AM'], ['Saturday', '5PM–12AM'], ['Sunday', '5PM–12AM'], ['Monday', '5PM–12AM'], ['Tuesday', '5PM–12AM'], ['Wednesday', '5PM–12AM'], ['Thursday', '5PM–12AM']]"
0x88938c59d5d5a455:0x6f89c41b742a6bfc,Oishi Thai Restaurant and Sushi Bar,"Oishi Thai Restaurant and Sushi Bar, 16920 Front Beach Rd, Panama City Beach, FL 32413",30.221435,-85.8869552,"['Thai restaurant', 'Japanese restaurant', 'Restaurant']",4.2,572,$$,"[['Friday', '11AM–10PM'], ['Saturday', '11AM–10PM'], ['Sunday', '11AM–10PM'], ['Monday', '11AM–10PM'], ['Tuesday', '11AM–10PM'], ['Wednesday', '11AM–10PM'], ['Thursday', '11AM–10PM']]"
0x88d8e21b3ed5eb25:0x8a157f8afd060060,Kanpai,"Kanpai, 20 N Federal Hwy, Boca Raton, FL 33432",26.3507902,-80.0859893,"['Sushi restaurant', 'Asian restaurant', 'Bar', 'Cocktail bar', 'Japanese restaurant', 'Korean barbecue restaurant']",4.3,1098,$$,"[['Friday', '12PM–12AM'], ['Saturday', '12PM–12AM'], ['Sunday', '12PM–12AM'], ['Monday', '4PM–12AM'], ['Tuesday', '4PM–12AM'], ['Wednesday', '4PM–12AM'], ['Thursday', '4PM–12AM']]"
0x88d91db15e9faa61:0xf65390ef5e0ffa62,Saiko-i Sushi Lounge & Hibachi,"Saiko-i Sushi Lounge & Hibachi, 5970 Southwest 18th Street Suite #E4, Boca Raton, FL 33433",26.331114,-80.136709,"['Sushi restaurant', 'Japanese restaurant', 'Korean barbecue restaurant']",4.5,635,$$,"[['Friday', '11AM–11:15PM'], ['Saturday', '11AM–11:15PM'], ['Sunday', '11AM–10:15PM'], ['Monday', '11AM–10:15PM'], ['Tuesday', '11AM–10:15PM'], ['Wednesday', '11AM–10:15PM'], ['Thursday', '11AM–10:15PM']]"
0x88d91e78b5c3618b:0x91761e2f46aac0b3,Moon Thai Boca Raton,"Moon Thai Boca Raton, 21170 St Andrews Blvd, Boca Raton, FL 33433",26.3624023,-80.1366525,"['Thai restaurant', 'Japanese restaurant', 'Sushi restaurant']",4.4,208,,"[['Friday', '11:30AM–10:30PM'], ['Saturday', '11:30AM–10:30PM'], ['Sunday', '11:30AM–10:30PM'], ['Monday', '11:30AM–3PM'], ['Tuesday', '11:30AM–3PM'], ['Wednesday', '11:30AM–3PM'], ['Thursday', '11:30AM–3PM']]"
0x88de016470e39bdd:0x47285f02f5cdab35,Wasabi,"Wasabi, 634 Barnes Blvd #118, Rockledge, FL 32955",28.2965719,-80.7247474,"['Asian fusion restaurant', 'Asian restaurant', 'Chinese restaurant', 'Japanese restaurant', 'Seafood restaurant', 'Steak house', 'Sushi restaurant']",4.2,328,$$,"[['Friday', '11AM–3PM'], ['Saturday', '11AM–10PM'], ['Sunday', '12–9PM'], ['Monday', 'Closed'], ['Tuesday', '11AM–3PM'], ['Wednesday', '11AM–3PM'], ['Thursday', '11AM–3PM']]"
0x88d9ab9f7dce71fd:0x233936e70e7c9232,Red Thai & Sushi Restaurant,"Red Thai & Sushi Restaurant, 1924 Hollywood Blvd, Hollywood, FL 33020",26.0112427,-80.145977,"['Thai restaurant', 'Asian restaurant', 'Japanese restaurant', 'Sushi restaurant']",4.3,708,$$,"[['Friday', '11AM–3:30PM'], ['Saturday', '4PM–1AM'], ['Sunday', '4–11PM'], ['Monday', 'Closed'], ['Tuesday', '11AM–3:30PM'], ['Wednesday', '11AM–3:30PM'], ['Thursday', '11AM–3:30PM']]"
0x88d9b4887550ce87:0x62467a80e5c71863,Sukhothai Sushi & Asian Fusion,"Sukhothai Sushi & Asian Fusion, 1570 Alton Rd suite c, Miami Beach, FL 33139",25.788670999999997,-80.1413475,"['Asian fusion restaurant', 'Dumpling restaurant', 'Japanese restaurant', 'Sushi restaurant']",4.5,275,,"[['Friday', '11:30AM–12AM'], ['Saturday', '11:30AM–12AM'], ['Sunday', '12–10PM'], ['Monday', '11:30AM–11PM'], ['Tuesday', '11:30AM–11PM'], ['Wednesday', '11:30AM–11PM'], ['Thursday', '11:30AM–11PM']]"
0x88d9b1547304636d:0x52e62d1af067a379,isushi cafe midtown,"isushi cafe midtown, 3301 NE 1st Ave #107, Miami, FL 33137",25.8081115,-80.1919755,"['Sushi restaurant', 'Japanese restaurant', 'Restaurant', 'Thai restaurant']",4.1,138,$$,"[['Friday', '11AM–12AM'], ['Saturday', '12PM–12AM'], ['Sunday', '12–11PM'], ['Monday', '11AM–11PM'], ['Tuesday', '11AM–11PM'], ['Wednesday', '11AM–11PM'], ['Thursday', '11AM–11PM']]"
0x88d9c1be61ed947f:0xd959a58f8370c1c9,Asian Market,"Asian Market, 11614 N Kendall Dr, Miami, FL 33176",25.6858149,-80.3838458,"['Asian grocery store', 'Japanese confectionery shop']",5.0,38,,"[['Friday', '10AM–9PM'], ['Saturday', '10AM–9PM'], ['Sunday', '10AM–8PM'], ['Monday', '10AM–8PM'], ['Tuesday', '10AM–8PM'], ['Wednesday', '10AM–8PM'], ['Thursday', '10AM–8PM']]"
0x88d7375f8b536103:0x8b48be7e5d412fa6,Nikai Sushi,"Nikai Sushi, 81801 Overseas Hwy, Islamorada, FL 33036",24.916141699999997,-80.63282219999999,"['Sushi restaurant', 'Asian restaurant', 'Japanese restaurant', 'Restaurant']",4.1,38,$$,"[['Friday', '5–10PM'], ['Saturday', '5–10PM'], ['Sunday', '5–10PM'], ['Monday', '5–10PM'], ['Tuesday', '5–10PM'], ['Wednesday', '5–10PM'], ['Thursday', '5–10PM']]"
0x88d9b79751b5f9ab:0x97b62fe39153db43,Benihana,"Benihana, 242 Miracle Mile, Coral Gables, FL 33134",25.749212999999997,-80.25952199999999,"['Japanese restaurant', 'Asian restaurant', 'Japanese steakhouse', 'Restaurant', 'Steak house', 'Sushi restaurant', 'Teppanyaki restaurant']",4.2,1293,$$$,"[['Friday', '11AM–11PM'], ['Saturday', '11AM–11PM'], ['Sunday', '11AM–10PM'], ['Monday', '11AM–10PM'], ['Tuesday', '11AM–10PM'], ['Wednesday', '11AM–10PM'], ['Thursday', '11AM–10PM']]"
0x88d9b9585543fc7b:0x3394be7508f46f14,Sushi Joe,"Sushi Joe, 9557 NW 41st St, Doral, FL 33178",25.8127097,-80.3517059,"['Sushi restaurant', 'Cafe', 'Japanese restaurant']",4.5,387,$$,"[['Friday', '11:30AM–2:30PM'], ['Saturday', '5:30–10PM'], ['Sunday', '5–10PM'], ['Monday', 'Closed'], ['Tuesday', '11:30AM–2:30PM'], ['Wednesday', '11:30AM–2:30PM'], ['Thursday', '11:30AM–2:30PM']]"
0x88e5ca0aa2dc7047:0xd14c23936f4d7a51,Ninja Sushi Japanese Restaurant,"Ninja Sushi Japanese Restaurant, 4076 Belfort Rd, Jacksonville, FL 32216",30.2563961,-81.58296849999999,"['Japanese restaurant', 'Caterer', 'Chinese restaurant', 'Takeout Restaurant', 'Sushi restaurant']",3.9,138,$$,"[['Friday', '10:30AM–10PM'], ['Saturday', '3–10PM'], ['Sunday', '11:30AM–9PM'], ['Monday', '10:30AM–10PM'], ['Tuesday', '10:30AM–10PM'], ['Wednesday', '10:30AM–10PM'], ['Thursday', '10:30AM–10PM']]"
0x88e5b9a146a6c4e5:0x61405670e1cf8e57,OEC Japanese express,"OEC Japanese express, 711 Edgewood Ave N, Jacksonville, FL 32254",30.330551,-81.73051,['Japanese restaurant'],4.4,256,,"[['Friday', '11AM–9PM'], ['Saturday', '11AM–9PM'], ['Sunday', 'Closed'], ['Monday', '11AM–9PM'], ['Tuesday', '11AM–9PM'], ['Wednesday', '11AM–9PM'], ['Thursday', '11AM–9PM']]"
0x88d901170ff953ff:0xbd4f15c5e129615,ETARU Las Olas,"ETARU Las Olas, 500 E Las Olas Blvd, Fort Lauderdale, FL 33301",26.1190446,-80.1374074,"['Restaurant', 'Japanese restaurant']",4.4,218,,"[['Friday', '5–11PM'], ['Saturday', '5–11PM'], ['Sunday', '11:30AM–3PM'], ['Monday', '5–10PM'], ['Tuesday', '5–10PM'], ['Wednesday', '5–10PM'], ['Thursday', '5–11PM']]"
0x88d9c7ef8b53772d:0x46064ca93b212a75,Miyako Japanese Restaurant,"Miyako Japanese Restaurant, 5844 SW 73rd St, South Miami, FL 33143",25.7033196,-80.28812889999999,"['Japanese restaurant', 'Sushi restaurant']",4.5,204,$$,"[['Friday', '11:30AM–2:30PM'], ['Saturday', '5–10PM'], ['Sunday', '5–9PM'], ['Monday', '11:30AM–2:30PM'], ['Tuesday', '11:30AM–2:30PM'], ['Wednesday', '11:30AM–2:30PM'], ['Thursday', '11:30AM–2:30PM']]"
0x88d91c566813a8e9:0xb5b4549572b1957a,Sumo Japanese Restaurant,"Sumo Japanese Restaurant, 3354 W Hillsboro Blvd, Deerfield Beach, FL 33442",26.317439999999998,-80.149458,"['Japanese restaurant', 'Asian restaurant', 'Sushi restaurant']",4.6,377,$$,"[['Friday', '11:30AM–2:30PM'], ['Saturday', '5–10:30PM'], ['Sunday', 'Closed'], ['Monday', '11:30AM–2:30PM'], ['Tuesday', '11:30AM–2:30PM'], ['Wednesday', '11:30AM–2:30PM'], ['Thursday', '11:30AM–2:30PM']]"
0x88c2e32e34df068f:0x17b6657f47b2c4d5,Tsunami Japanese Steakhouse,"Tsunami Japanese Steakhouse, 2176 Tyrone Blvd N, St. Petersburg, FL 33710",27.789973999999997,-82.726225,"['Japanese restaurant', 'Steak house', 'Sushi restaurant']",4.3,1303,$$,"[['Friday', '11:30AM–3PM'], ['Saturday', '12–4PM'], ['Sunday', '12–4PM'], ['Monday', '11:30AM–3PM'], ['Tuesday', '11:30AM–3PM'], ['Wednesday', '11:30AM–3PM'], ['Thursday', '11:30AM–3PM']]"
0x88d9ac5637c8c3c7:0xabfc63d0ad93a425,Fuji Hana,"Fuji Hana, 2775 NE 187th St #1, Aventura, FL 33180",25.9496815,-80.1442498,"['Japanese restaurant', 'Restaurant']",4.2,248,$$,"[['Friday', '12–11PM'], ['Saturday', '12–11PM'], ['Sunday', '12–10:30PM'], ['Monday', '12–10:30PM'], ['Tuesday', '12–10:30PM'], ['Wednesday', '12–10:30PM'], ['Thursday', '12–10:30PM']]"
0x88e5b77a28da85cb:0x27a2796c15f21e77,Kaika Teppanyaki Asian Fusion,"Kaika Teppanyaki Asian Fusion, 1012-1 Margaret St, Jacksonville, FL 32204",30.3152884,-81.6824788,"['Asian fusion restaurant', 'Japanese restaurant', 'Japanese steakhouse', 'Restaurant', 'Sushi restaurant']",4.5,778,$$,"[['Friday', '11AM–2:45PM'], ['Saturday', '12–10PM'], ['Sunday', '12–9PM'], ['Monday', '11AM–2:45PM'], ['Tuesday', '11AM–2:45PM'], ['Wednesday', '11AM–2:45PM'], ['Thursday', '11AM–2:45PM']]"
0x8891212c2221c6d7:0x6c6db452f3f70604,Samurai Japanese Steakhouse & Sushi Bar,"Samurai Japanese Steakhouse & Sushi Bar, 8780 Navarre Pkwy, Navarre, FL 32566",30.4034107,-86.8558729,"['Japanese steakhouse', 'Sushi restaurant']",4.3,993,$$,"[['Friday', '11AM–10:30PM'], ['Saturday', '11AM–10:30PM'], ['Sunday', '11AM–9:30PM'], ['Monday', '11AM–9:30PM'], ['Tuesday', '11AM–9:30PM'], ['Wednesday', '11AM–9:30PM'], ['Thursday', '11AM–9:30PM']]"
0x88e7662c674a5adf:0x95dda346486f3012,Kobe Japanese Steakhouse,"Kobe Japanese Steakhouse, 11609 E Colonial Dr, Orlando, FL 32817",28.5679239,-81.2106757,"['Japanese steakhouse', 'Asian restaurant', 'Japanese restaurant', 'Stand bar', 'Steak house', 'Sushi restaurant', 'Teppanyaki restaurant']",4.6,2078,$$,"[['Friday', '5–10PM'], ['Saturday', '12–10PM'], ['Sunday', '12–9:30PM'], ['Monday', '5–9:30PM'], ['Tuesday', '5–9:30PM'], ['Wednesday', '5–9:30PM'], ['Thursday', '5–9:30PM']]"
0x88e7662c674a5adf:0xe68ca21f4e0742d1,Kobe Plaza,"Kobe Plaza, 11609 E Colonial Dr, Orlando, FL 32817",28.5679239,-81.2106757,['Japanese steakhouse'],4.6,612,$$$,"[['Friday', '5–10PM'], ['Saturday', '12–10:30PM'], ['Sunday', '12–9:30PM'], ['Monday', '5–9:30PM'], ['Tuesday', '5–9:30PM'], ['Wednesday', '5–9:30PM'], ['Thursday', '5–9:30PM']]"
0x88d9ab959f048169:0x8255d1947f89f1e6,GO!Bento,"GO!Bento, 2725 Hollywood Blvd, Hollywood, FL 33020",26.011219999999998,-80.16213499999999,"['Asian restaurant', 'Chinese restaurant', 'Japanese restaurant', 'Delivery Restaurant', 'Takeout Restaurant', 'Sushi restaurant']",3.9,338,$$,"[['Friday', '11:30AM–10PM'], ['Saturday', '11:30AM–10PM'], ['Sunday', '11:30AM–10PM'], ['Monday', 'Closed'], ['Tuesday', '11:30AM–10PM'], ['Wednesday', '11:30AM–10PM'], ['Thursday', '11:30AM–10PM']]"
0x8890b93e66231e31:0x32534022c8e5b56e,Mr. Teriyaki,"Mr. Teriyaki, 41 S Navy Blvd, Pensacola, FL 32507",30.386675099999998,-87.2777922,['Japanese restaurant'],3.6,238,$,"[['Friday', '11AM–11PM'], ['Saturday', '11AM–11PM'], ['Sunday', '12–10PM'], ['Monday', '12–10PM'], ['Tuesday', '12–10PM'], ['Wednesday', '12–10PM'], ['Thursday', '12–10PM']]"
0x88c2c42186520a65:0xeaff0bab470efcf7,Ebisu Sushi Shack,"Ebisu Sushi Shack, 5116 N Nebraska Ave, Tampa, FL 33603",27.993088999999998,-82.45138999999999,"['Sushi restaurant', 'Japanese restaurant']",4.7,345,$$,"[['Friday', '5–10PM'], ['Saturday', '5–10PM'], ['Sunday', 'Closed'], ['Monday', 'Closed'], ['Tuesday', '5–10PM'], ['Wednesday', '5–10PM'], ['Thursday', '5–10PM']]"
0x88c2c3d953c97c0b:0x26cd70e177e68fc1,Origami Sushi,"Origami Sushi, 3615 W Hillsborough Ave, Tampa, FL 33614",27.9973735,-82.5021969,"['Japanese restaurant', 'Asian fusion restaurant', 'Asian restaurant', 'Sushi restaurant']",4.4,704,$$,"[['Friday', '11AM–10PM'], ['Saturday', '12–10PM'], ['Sunday', '12–9:30PM'], ['Monday', '11AM–9:30PM'], ['Tuesday', '11AM–9:30PM'], ['Wednesday', '11AM–9:30PM'], ['Thursday', '11AM–9:30PM']]"
0x88d1b6db7b6ca6c1:0x8d529efb772774b5,Ambrosia Japanese Restaurant,"Ambrosia Japanese Restaurant, 1401 Simonton St, Key West, FL 33040",24.547887,-81.7947707,"['Japanese restaurant', 'Restaurant', 'Sushi restaurant']",4.3,267,$$$,"[['Friday', '6–10PM'], ['Saturday', '6–10PM'], ['Sunday', '6–10PM'], ['Monday', '6–10PM'], ['Tuesday', 'Closed'], ['Wednesday', '6–10PM'], ['Thursday', '6–10PM']]"
0x88d9b48507eeb047:0xf03c4a147a48c656,SUSHISAMBA Miami Beach,"SUSHISAMBA Miami Beach, 600 Lincoln Rd, Miami Beach, FL 33139",25.7903739,-80.134508,"['Japanese restaurant', 'Asian restaurant', 'Bar', 'Brazilian restaurant', 'Peruvian restaurant', 'Restaurant', 'South American restaurant', 'Sushi restaurant']",4.0,1068,$$$,"[['Friday', '12PM–1AM'], ['Saturday', '11:30AM–1AM'], ['Sunday', '11:30AM–12AM'], ['Monday', '12PM–12AM'], ['Tuesday', '12PM–12AM'], ['Wednesday', '12PM–12AM'], ['Thursday', '12PM–12AM']]"
0x88db3f53e37d9341:0x3515880cf9e1197e,Yellowfin Sushi & Saké Bar,"Yellowfin Sushi & Saké Bar, 1306 Cape Coral Pkwy E # A, Cape Coral, FL 33904",26.5623142,-81.9484808,"['Sushi restaurant', 'Japanese restaurant', 'Vietnamese restaurant']",4.6,473,$$,"[['Friday', '11:30AM–10:30PM'], ['Saturday', '4–10:30PM'], ['Sunday', '4–9PM'], ['Monday', '11:30AM–10PM'], ['Tuesday', '11:30AM–10PM'], ['Wednesday', '11:30AM–10PM'], ['Thursday', '11:30AM–10PM']]"
0x88c2c75ec5fe2701:0xb53ca8c5997b1ead,Tomo Japanese Restaurant,"Tomo Japanese Restaurant, 216 E Bearss Ave, Tampa, FL 33613",28.0894846,-82.4589733,"['Japanese restaurant', 'Asian restaurant', 'Sushi restaurant']",4.6,158,$$,"[['Friday', '11:30AM–2:30PM'], ['Saturday', '4–9PM'], ['Sunday', 'Closed'], ['Monday', '11:30AM–2:30PM'], ['Tuesday', '11:30AM–2:30PM'], ['Wednesday', '11:30AM–2:30PM'], ['Thursday', '11:30AM–2:30PM']]"
0x88d91b9a3b21f37d:0xb1244e2c8bd5f483,Sushi Yoshee Korean Japanese Restaurant,"33428 Florida, Boca Raton, FL-7, Sushi Yoshee Korean Japanese Restaurant",26.329127,-80.203452,"['Korean restaurant', 'Japanese restaurant']",4.6,306,$$,"[['Friday', '4–9PM'], ['Saturday', '4–9PM'], ['Sunday', '4–9PM'], ['Monday', 'Closed'], ['Tuesday', '4–9PM'], ['Wednesday', '4–9PM'], ['Thursday', '4–9PM']]"
0x88e69dc982fd9cab:0x352eeaa8a481b08c,"Ginger Bistro: Cuisine - Sushi, Ramen, Japanese, Asian","Ginger Bistro: Cuisine - Sushi, Ramen, Japanese, Asian, 1835 U.S, US-1 S, St. Augustine, FL 32084",29.867919299999997,-81.3240864,"['Sushi restaurant', 'Asian fusion restaurant', 'Asian restaurant', 'Japanese restaurant', 'Ramen restaurant', 'Restaurant', 'Seafood restaurant', 'Sushi takeaway']",4.7,98,,"[['Thursday', '11AM–9:30PM'], ['Friday', '11AM–10PM'], ['Saturday', '11AM–10PM'], ['Sunday', '12–9:30PM'], ['Monday', 'Closed'], ['Tuesday', '11AM–9:30PM'], ['Wednesday', '11AM–9:30PM']]"
0x88e77eedfc59e56f:0x51e2aa79125e989e,Ichiban Buffet,"Ichiban Buffet, 5529 International Dr, Orlando, FL 32819",28.4632568,-81.4548034,"['Buffet restaurant', 'Chinese restaurant', 'Japanese restaurant']",3.7,3847,$,"[['Thursday', '11:30AM–9:30PM'], ['Friday', '11:30AM–10PM'], ['Saturday', '11:30AM–10PM'], ['Sunday', '11:30AM–9:30PM'], ['Monday', '11:30AM–9:30PM'], ['Tuesday', '11:30AM–9:30PM'], ['Wednesday', '11:30AM–9:30PM']]"
0x88e77c4eefb665d1:0x2958b89e0550a4cf,Island Flamed Lucky Hibachi,"Island Flamed Lucky Hibachi, 7613 S Orange Blossom Trl, Orlando, FL 32809",28.455342299999998,-81.3984064,"['Jamaican restaurant', 'Japanese restaurant', 'Sushi restaurant']",4.1,186,$,"[['Thursday', '8AM–7PM'], ['Friday', '8AM–7PM'], ['Saturday', '8AM–7PM'], ['Sunday', '8AM–5PM'], ['Monday', '8AM–7PM'], ['Tuesday', '8AM–7PM'], ['Wednesday', '8AM–7PM']]"
0x88ec58b9e48f3b89:0xc6b442d62d71052b,Shogun Japanese BBQ,"Shogun Japanese BBQ, 1355 Market St a11, Tallahassee, FL 32312",30.505118799999998,-84.2534886,['Japanese restaurant'],4.9,8,,"[['Thursday', '5–10PM'], ['Friday', '11AM–3PM'], ['Saturday', '11AM–3PM'], ['Sunday', '11AM–3PM'], ['Monday', '5–10PM'], ['Tuesday', '5–10PM'], ['Wednesday', '5–10PM']]"
0x88e5b779e87ad87b:0xaf773a8573d0e75c,Sake House,"Sake House, 824 Lomax St, Jacksonville, FL 32204",30.3136111,-81.6811111,"['Japanese restaurant', 'Asian restaurant', 'Beer store', 'Sushi restaurant']",4.5,358,$$,"[['Thursday', '11AM–10PM'], ['Friday', '11AM–10PM'], ['Saturday', '11AM–11PM'], ['Sunday', '12–9PM'], ['Monday', '11AM–10PM'], ['Tuesday', '11AM–10PM'], ['Wednesday', '11AM–10PM']]"
0x88d9ab5f8302f4a3:0x12c01c411659c9eb,ETARU Hallandale,"ETARU Hallandale, 111 S Surf Rd, Hallandale Beach, FL 33009",25.9866542,-80.1179138,['Japanese restaurant'],4.2,632,$$$,"[['Thursday', '12–4PM'], ['Friday', '12–4PM'], ['Saturday', '12–4PM'], ['Sunday', '12–4PM'], ['Monday', '12–4PM'], ['Tuesday', '12–4PM'], ['Wednesday', '12–4PM']]"
0x88d9a5cbc993f9b7:0x97ca657f7ecbe231,The Shoppes at Monarch,"The Shoppes at Monarch, 12703 Miramar Pkwy, Miramar, FL 33027",25.980165399999997,-80.3170889,"['Shopping mall', 'Hair salon', 'Japanese restaurant', 'Karate school', 'Nail salon']",3.8,8,,
0x88d9b9f784c2c211:0x810740cce08b4528,Suvi Thai Sushi Restaurant,"Suvi Thai Sushi Restaurant, 5683 NW 36th St, Miami Springs, FL 33166",25.807909,-80.288496,"['Thai restaurant', 'Asian restaurant', 'Japanese restaurant', 'Southeast Asian restaurant', 'Sushi restaurant']",4.3,518,$$,"[['Thursday', '11:30AM–3PM'], ['Friday', '11:30AM–3PM'], ['Saturday', '5–9:30PM'], ['Sunday', '5–9:30PM'], ['Monday', '11:30AM–3PM'], ['Tuesday', '11:30AM–3PM'], ['Wednesday', '11:30AM–3PM']]"
0x88c2ec45061db553:0xfe29908347d37421,Oishi Sushi & Thai,"Oishi Sushi & Thai, 3705 Tampa Rd #5, Oldsmar, FL 34677",28.045775199999998,-82.6789242,"['Sushi restaurant', 'Japanese restaurant', 'Thai restaurant']",4.5,228,,"[['Thursday', '11:30AM–2:30PM'], ['Friday', '11:30AM–2:30PM'], ['Saturday', '11:30AM–2:30PM'], ['Sunday', '4:30–9PM'], ['Monday', '11:30AM–2:30PM'], ['Tuesday', '11:30AM–2:30PM'], ['Wednesday', '11:30AM–2:30PM']]"
0x88d9ab13dfb8de05:0xcf666721cc893371,WoodOne Ramen,"WoodOne Ramen, 800 E Hallandale Beach Blvd #21, Hallandale Beach, FL 33009",25.984875799999998,-80.1398275,"['Restaurant', 'Bubble tea store', 'Japanese restaurant', 'Ramen restaurant']",4.7,206,,"[['Thursday', '11:30AM–3PM'], ['Friday', '11:30AM–3PM'], ['Saturday', '11:30AM–10PM'], ['Sunday', '11:30AM–10PM'], ['Monday', '11:30AM–3PM'], ['Tuesday', '11:30AM–3PM'], ['Wednesday', '11:30AM–3PM']]"
0x88e7c686b1518671:0x1287c8f05406b444,Sakura Restaurant,"Sakura Restaurant, 1104 Bichara Blvd, Lady Lake, FL 32159",28.9390678,-81.9472885,['Japanese restaurant'],4.6,564,$$,"[['Thursday', '11AM–9:30PM'], ['Friday', '11AM–10PM'], ['Saturday', '11AM–10PM'], ['Sunday', '12–9PM'], ['Monday', '11AM–9:30PM'], ['Tuesday', '11AM–9:30PM'], ['Wednesday', '11AM–9:30PM']]"
0x88d9bc0b52a81233:0xc73104a0a5560f85,Sokai Sushi Bar,"Sokai Sushi Bar, 10726 NW 74th St, Doral, FL 33178",25.839310899999997,-80.3711892,"['Asian restaurant', 'Bar', 'Cocktail bar', 'Japanese restaurant', 'Peruvian restaurant', 'Small plates restaurant', 'Sushi restaurant', 'Wine bar']",4.2,875,$$,"[['Thursday', '12–10:30PM'], ['Friday', '12–11:30PM'], ['Saturday', '12–11:30PM'], ['Sunday', '12–10PM'], ['Monday', '12–10:30PM'], ['Tuesday', '12–10:30PM'], ['Wednesday', '12–10:30PM']]"
0x88db1ec7a60aad79:0x3aee1896a19c9126,Sushi-Thai of Naples,"Sushi-Thai of Naples, 869 103rd Ave N #10, Naples, FL 34108",26.2653675,-81.8023247,"['Japanese restaurant', 'Thai restaurant']",4.6,388,$$,"[['Thursday', '11:30AM–10PM'], ['Friday', '11:30AM–10PM'], ['Saturday', '11:30AM–10PM'], ['Sunday', '11:30AM–10PM'], ['Monday', '11:30AM–10PM'], ['Tuesday', '11:30AM–10PM'], ['Wednesday', '11:30AM–10PM']]"
0x88d8e26251aee5f3:0x7aba2abd722c67cb,Thai-Sushi Express,"Thai-Sushi Express, 1630 SE 3rd Ct, Deerfield Beach, FL 33441",26.3134622,-80.0835972,"['Thai restaurant', 'Japanese restaurant', 'Sushi restaurant']",4.4,166,$$,"[['Thursday', '11:30AM–3PM'], ['Friday', '11:30AM–3:30PM'], ['Saturday', '12:30–3:30PM'], ['Sunday', '4:30–10PM'], ['Monday', '11:30AM–3PM'], ['Tuesday', '11:30AM–3PM'], ['Wednesday', '11:30AM–3PM']]"
0x88dd9c8f96a911c1:0x4719c4de7943c0a9,Citrus Garden Asian Diner,"Citrus Garden Asian Diner, 3825 Pleasant Hill Rd, Kissimmee, FL 34746",28.181746,-81.4378653,"['Chinese restaurant', 'Asian restaurant', 'Diner', 'Japanese restaurant']",3.9,158,$,"[['Thursday', '11AM–10PM'], ['Friday', '11AM–11PM'], ['Saturday', '11AM–11PM'], ['Sunday', '12–10PM'], ['Monday', 'Closed'], ['Tuesday', '11AM–10PM'], ['Wednesday', '11AM–10PM']]"
0x88e7714c5bfa4785:0x1bb678217428e532,Ootoya Sushi - Altamonte Spring,"Ootoya Sushi - Altamonte Spring, 1022 W State Rd 436, Altamonte Springs, FL 32714",28.664929899999997,-81.42488019999999,"['Japanese restaurant', 'Authentic Japanese restaurant', 'Sushi restaurant']",4.6,855,$$,"[['Thursday', '11:30AM–3PM'], ['Friday', '11:30AM–3PM'], ['Saturday', '12:30–11PM'], ['Sunday', '12:30–10PM'], ['Monday', '11:30AM–3PM'], ['Tuesday', '11:30AM–3PM'], ['Wednesday', '11:30AM–3PM']]"
0x88e77191a3f84a71:0x6a4dbcef4d8d423b,Todo Sushi,"Todo Sushi, 1035 Orlando Ave #105, Winter Park, FL 32789",28.607038199999998,-81.36556279999999,"['Sushi restaurant', 'Japanese restaurant', 'Restaurant']",4.3,118,,"[['Thursday', 'Closed'], ['Friday', '1–2AM'], ['Saturday', '1–2AM'], ['Sunday', 'Closed'], ['Monday', 'Closed'], ['Tuesday', 'Closed'], ['Wednesday', 'Closed']]"
0x88c317c2cf7c9c33:0xaebdeeb4fa63a43f,King Buffet,"King Buffet, 1429 8th Ave W, Palmetto, FL 34221",27.52627,-82.573325,"['Chinese restaurant', 'Asian restaurant', 'Buffet restaurant', 'Japanese restaurant', 'Sushi restaurant']",3.8,528,$,"[['Thursday', '12AM–9PM'], ['Friday', '12AM–9PM'], ['Saturday', '12AM–10PM'], ['Sunday', '12AM–10PM'], ['Monday', '12AM–9PM'], ['Tuesday', '12AM–9PM'], ['Wednesday', '12AM–9PM']]"
0x88c2e34e7b114f13:0x20da04f5329f7b1,EDO Japanese Steakhouse and Sushi Bar,"EDO Japanese Steakhouse and Sushi Bar, 4500 66th St N, St. Petersburg, FL 33709",27.812851,-82.72986999999999,"['Japanese restaurant', 'Asian restaurant', 'Restaurant', 'Sushi restaurant']",4.2,607,$$,"[['Thursday', '11:30AM–10PM'], ['Friday', '11:30AM–10:30PM'], ['Saturday', '11:30AM–10:30PM'], ['Sunday', '12–9:30PM'], ['Monday', '11:30AM–10PM'], ['Tuesday', '11:30AM–10PM'], ['Wednesday', '11:30AM–10PM']]"
0x88e77e274aca9833:0x394d74fabaa47a9a,Oishi Japanese Hibachi & Sushi Restaurant,"Oishi Japanese Hibachi & Sushi Restaurant, 11025 International Dr, Orlando, FL 32821",28.406105399999998,-81.45533809999999,"['Sushi restaurant', 'Asian restaurant', 'Japanese restaurant', 'Takeout Restaurant', 'Restaurant']",3.9,1128,$$,"[['Thursday', '11:30AM–11PM'], ['Friday', '11:30AM–11PM'], ['Saturday', '11:30AM–11PM'], ['Sunday', '11:30AM–11PM'], ['Monday', '11:30AM–11PM'], ['Tuesday', '11:30AM–11PM'], ['Wednesday', '11:30AM–10PM']]"
0x88ecf57089729c97:0x1608241be5ff7aa7,Jasmine Cafe & Lounge,"Jasmine Cafe & Lounge, 109 E College Ave, Tallahassee, FL 32301",30.440655099999997,-84.28145909999999,"['Sushi restaurant', 'Asian restaurant', 'Bar', 'Cafe', 'Japanese restaurant']",4.0,194,$$,"[['Thursday', '11:30AM–3PM'], ['Friday', '11:30AM–3PM'], ['Saturday', '5–10PM'], ['Sunday', '5–9:30PM'], ['Monday', '11:30AM–3PM'], ['Tuesday', '11:30AM–3PM'], ['Wednesday', '11:30AM–3PM']]"
0x88c2fd580bedc0a1:0x2f6943af19a1bce6,Basil Leaf Thai & Sushi Bar,"Basil Leaf Thai & Sushi Bar, 6395 Gulf Blvd, St Pete Beach, FL 33706",27.735225,-82.74655279999999,"['Sushi restaurant', 'Bar', 'Japanese restaurant', 'Thai restaurant']",4.2,618,$$,"[['Thursday', '12–9:30PM'], ['Friday', '12–9:30PM'], ['Saturday', '12–9:30PM'], ['Sunday', '12–9:30PM'], ['Monday', '12–9:30PM'], ['Tuesday', '12–9:30PM'], ['Wednesday', '12–9:30PM']]"
0x88c302b26c1743e1:0xaf09dd631d185104,Blue Fugu Japanese Steakhouse,"Blue Fugu Japanese Steakhouse, 4615 Gulf Blvd, St Pete Beach, FL 33706",27.7217372,-82.7383931,"['Japanese steakhouse', 'Asian restaurant', 'Japanese restaurant', 'Restaurant', 'Seafood restaurant', 'Sushi restaurant']",4.4,377,$$,"[['Thursday', '3:30–10PM'], ['Friday', '3:30–10PM'], ['Saturday', '3:30–10PM'], ['Sunday', '3:30–10PM'], ['Monday', 'Closed'], ['Tuesday', '3:30–10PM'], ['Wednesday', '3:30–10PM']]"
0x88db1939062b77ab:0xfbf48639e7c92556,Maguro Sushi & Steak House,"Maguro Sushi & Steak House, 895 Wiggins Pass Rd, Naples, FL 34110",26.294875899999997,-81.80344,"['Japanese restaurant', 'Sushi restaurant']",4.5,298,$$,"[['Thursday', '11AM–10PM'], ['Friday', '11AM–10PM'], ['Saturday', '11AM–10PM'], ['Sunday', '10AM–12AM'], ['Monday', '11AM–10PM'], ['Tuesday', '11AM–10PM'], ['Wednesday', '11AM–10PM']]"
0x88e77f5d876e7377:0xf33c5fe771895aa,Kabooki Sushi - Sand Lake,"Kabooki Sushi - Sand Lake, 7705 Turkey Lake Rd, Orlando, FL 32819",28.452851199999998,-81.47589719999999,"['Sushi restaurant', 'Cocktail bar', 'Japanese restaurant', 'Restaurant']",4.5,155,,"[['Wednesday', '5–10PM'], ['Thursday', '5–10PM'], ['Friday', '5–11PM'], ['Saturday', '5–11PM'], ['Sunday', '5–10PM'], ['Monday', '5–10PM'], ['Tuesday', '5–10PM']]"
0x88d9b47de3b74e5f:0xff1911387ac746bc,NaiYaRa Thai & Sushi Miami,"NaiYaRa Thai & Sushi Miami, 1854 Bay Rd, Miami Beach, FL 33139",25.794455499999998,-80.1439548,"['Thai restaurant', 'Asian fusion restaurant', 'Japanese restaurant', 'Restaurant', 'Sushi restaurant']",4.3,548,$$$,"[['Wednesday', '5–10PM'], ['Thursday', '5–11PM'], ['Friday', '5–11PM'], ['Saturday', '5–11PM'], ['Sunday', '5–10PM'], ['Monday', '5–10PM'], ['Tuesday', '5–10PM']]"
0x88d9b3de9f9a9f75:0x4ee68cdb578d1516,Vagabond Sushi Bar,"Vagabond Sushi Bar, 7301 Biscayne Blvd, Miami, FL 33138",25.8427209,-80.1841814,"['Sushi restaurant', 'Bar', 'Japanese restaurant', 'Restaurant']",4.5,98,,"[['Wednesday', '6PM–2AM'], ['Thursday', '6PM–2AM'], ['Friday', '6PM–3AM'], ['Saturday', '6PM–3AM'], ['Sunday', '6PM–12AM'], ['Monday', '6PM–12AM'], ['Tuesday', '6PM–12AM']]"
0x88e5b8cb90789055:0xc2f4a00135254aa8,Tokyo Sushi and Grill at Normandy,"Tokyo Sushi and Grill at Normandy, 7749 Normandy Blvd Ste 119, Jacksonville, FL 32221",30.2968765,-81.7757115,"['Sushi restaurant', 'Japanese restaurant', 'Restaurant', 'Seafood restaurant']",4.4,435,$$,"[['Wednesday', '11AM–9:30PM'], ['Thursday', '11AM–9:30PM'], ['Friday', '11AM–10:30PM'], ['Saturday', '11AM–10:30PM'], ['Sunday', '12–9:30PM'], ['Monday', 'Closed'], ['Tuesday', '11AM–9:30PM']]"
0x88ecf5eff9db01b5:0xc5c1def5d32735e,Nagoya Steakhouse and Sushi,"Nagoya Steakhouse and Sushi, 1925 N Monroe St #101, Tallahassee, FL 32303",30.467193899999998,-84.28309899999999,['Japanese steakhouse'],4.5,266,,"[['Wednesday', '11AM–2:30PM'], ['Thursday', '11AM–2:30PM'], ['Friday', '11AM–2:30PM'], ['Saturday', '11AM–10:30PM'], ['Sunday', '12–9:30PM'], ['Monday', '11AM–2:30PM'], ['Tuesday', '11AM–2:30PM']]"
0x88e776bd22da88e7:0x3eab73977a904831,Hatsuhana Japanese Restaurant,"Hatsuhana Japanese Restaurant, 3340 E Semoran Blvd, Apopka, FL 32703",28.6688694,-81.44764719999999,"['Japanese restaurant', 'Restaurant']",4.7,267,$$,"[['Wednesday', '11:15AM–2PM'], ['Thursday', '11:15AM–2PM'], ['Friday', '11:15AM–2PM'], ['Saturday', '5–9PM'], ['Sunday', 'Closed'], ['Monday', 'Closed'], ['Tuesday', '11:15AM–2PM']]"
0x88c2c33827d0b283:0xf06dcfc5371635fb,KELP SUSHI JOINT,"KELP SUSHI JOINT, 3401 W Bay to Bay Blvd, Tampa, FL 33629",27.9202376,-82.4989458,"['Sushi restaurant', 'Asian fusion restaurant', 'Asian restaurant', 'Japanese restaurant']",4.4,548,$$,"[['Wednesday', '11AM–10PM'], ['Thursday', '11AM–10PM'], ['Friday', '11AM–10PM'], ['Saturday', '11AM–10PM'], ['Sunday', '11AM–10PM'], ['Monday', '11AM–10PM'], ['Tuesday', '11AM–10PM']]"
0x88db41e39b8bd379:0x2778e7de85baf15c,Ichiban Japanese Chinese Cuisine,"Ichiban Japanese Chinese Cuisine, 1520 Broadway #106, Fort Myers, FL 33901",26.6433571,-81.8705518,"['Chinese restaurant', 'Japanese restaurant', 'Sushi restaurant']",4.4,318,$$,"[['Wednesday', '11AM–10PM'], ['Thursday', '11AM–10PM'], ['Friday', '11AM–11PM'], ['Saturday', '12–11PM'], ['Sunday', 'Closed'], ['Monday', 'Closed'], ['Tuesday', '11AM–10PM']]"
0x88d918aac5df18e9:0xafa3ed24640b6799,Japango,"Japango, 14811 Lyons Rd #106, Delray Beach, FL 33446",26.456533999999998,-80.18863449999999,"['Japanese restaurant', 'Asian restaurant', 'Sushi restaurant']",3.5,108,$$,"[['Wednesday', '11:30AM–2:30PM'], ['Thursday', '11:30AM–2:30PM'], ['Friday', '11:30AM–2:30PM'], ['Saturday', '1–11PM'], ['Sunday', '1–10PM'], ['Monday', '4:30–10PM'], ['Tuesday', '11:30AM–2:30PM']]"
0x88dd7927f81ee7f3:0xf84213f0b160e660,Davenport Sashimi Fusion,"Davenport Sashimi Fusion, 7870 Lake Wilson Rd, Davenport, FL 33896",28.2580213,-81.5924884,"['Sushi restaurant', 'Diner', 'Japanese restaurant']",4.4,118,,"[['Wednesday', '11AM–9:30PM'], ['Thursday', '11AM–9:30PM'], ['Friday', '11AM–10PM'], ['Saturday', '11AM–10PM'], ['Sunday', 'Closed'], ['Monday', '11AM–9:30PM'], ['Tuesday', '11AM–9:30PM']]"
0x88e783eeb7db0ff9:0xc2fc8942a8c85f46,Aji Sushi Teppan,"Aji Sushi Teppan, 3251 Daniels Rd #116, Winter Garden, FL 34787",28.523489599999998,-81.5838816,"['Japanese restaurant', 'Japanese steakhouse', 'Sushi restaurant']",4.1,518,$$,"[['Wednesday', '4–10PM'], ['Thursday', '4–10PM'], ['Friday', '4–10:30PM'], ['Saturday', '1–10:30PM'], ['Sunday', '1–9:30PM'], ['Monday', '4–10PM'], ['Tuesday', '4–10PM']]"
0x88e77af6b8352e03:0xc8430e92d3c60d55,Shin Japanese Cuisine,"Shin Japanese Cuisine, 803 N Orange Ave, Orlando, FL 32801",28.5551334,-81.3789934,"['Japanese restaurant', 'Restaurant', 'Sushi restaurant']",4.6,353,$$,"[['Wednesday', '11:30AM–1:30PM'], ['Thursday', '11:30AM–1:30PM'], ['Friday', '11:30AM–1:30PM'], ['Saturday', '5:30–9PM'], ['Sunday', 'Closed'], ['Monday', '11:30AM–1:30PM'], ['Tuesday', '11:30AM–1:30PM']]"
0x88dd80858af2f9ab:0xc9e253864a824f45,Yummy’s Express Asian Fusion,"Yummy’s Express Asian Fusion, 11701 International Dr #430, Orlando, FL 32821",28.3938417,-81.4648373,"['Asian restaurant', 'Chinese restaurant', 'Japanese restaurant']",4.3,245,,"[['Wednesday', '12–10PM'], ['Thursday', '12–10PM'], ['Friday', '12–10PM'], ['Saturday', '12–10PM'], ['Sunday', '12–10PM'], ['Monday', '12–10PM'], ['Tuesday', '12–10PM']]"
0x88d9c69230e3dedf:0x5c5af8dfd1f5f177,Samurai,"Samurai, 8717 SW 136th St, Miami, FL 33176",25.6446239,-80.33464769999999,"['Japanese restaurant', 'Asian restaurant', 'Japanese steakhouse', 'Restaurant', 'Steak house', 'Sushi restaurant']",4.5,2864,$$$,"[['Wednesday', '11AM–10PM'], ['Thursday', '11AM–10PM'], ['Friday', '11AM–11PM'], ['Saturday', '11AM–11PM'], ['Sunday', '11AM–10PM'], ['Monday', '11AM–10PM'], ['Tuesday', '11AM–10PM']]"
0x88dcac6fd07b7045:0x513c66dcadbd09bb,FUGU HIBACHI & SUSHI,"FUGU HIBACHI & SUSHI, 1151 Toledo Blade Blvd #5b, North Port, FL 34288",27.0674468,-82.158636,['Japanese restaurant'],4.5,286,,"[['Wednesday', '11AM–9:30PM'], ['Thursday', '11AM–9:30PM'], ['Friday', '11AM–9:30PM'], ['Saturday', '11AM–10PM'], ['Sunday', '12–9:30PM'], ['Monday', '11AM–9:30PM'], ['Tuesday', '11AM–9:30PM']]"
0x88d9a6c8c6888701:0x8a5a459269ea8dce,Sushi Sake Sheridan,"Sushi Sake Sheridan, 15641 Sheridan St, Davie, FL 33331",26.0306122,-80.35528699999999,"['Sushi restaurant', 'Asian fusion restaurant', 'Asian restaurant', 'Bar', 'Cocktail bar', 'Japanese restaurant']",3.5,744,$$,"[['Wednesday', '11AM–11PM'], ['Thursday', '11AM–11PM'], ['Friday', '11AM–12AM'], ['Saturday', '11AM–12AM'], ['Sunday', '11AM–11PM'], ['Monday', '11AM–11PM'], ['Tuesday', '11AM–11PM']]"
0x88d9b15972f50bc1:0x26d1566068890b1,Shokudo Miami,"Shokudo Miami, 4740 NE 2nd Ave, Miami, FL 33137",25.8191062,-80.1918584,"['Japanese restaurant', 'Asian restaurant', 'Sushi restaurant', 'Thai restaurant', 'Vietnamese restaurant']",4.5,384,$$,"[['Wednesday', '5–10:30PM'], ['Thursday', '5–10:30PM'], ['Friday', '5–10:30PM'], ['Saturday', '5–10:30PM'], ['Sunday', '5–10:30PM'], ['Monday', '5–10:30PM'], ['Tuesday', '5–10:30PM']]"
0x88d9b3d4e1b2fa43:0xb3c7f92eb8110f6b,Siam Rice Thai & Sushi Restaurant,"Siam Rice Thai & Sushi Restaurant, 7941 Biscayne Blvd, Miami, FL 33138",25.8486081,-80.1845005,"['Thai restaurant', 'Asian restaurant', 'Japanese restaurant', 'Southeast Asian restaurant']",4.3,435,$$,"[['Wednesday', '11:30AM–10PM'], ['Thursday', '11:30AM–10PM'], ['Friday', '11:30AM–10PM'], ['Saturday', '12:30–10PM'], ['Sunday', '12:30–10PM'], ['Monday', '11:30AM–10PM'], ['Tuesday', '11:30AM–10PM']]"
0x88e75d8fbf3c45dd:0x1fe1855b9e61fdd2,A–Aki Sushi & Steakhouse,"A–Aki Sushi & Steakhouse, 3680 Avalon Park E Blvd, Orlando, FL 32828",28.5113584,-81.1543586,"['Sushi restaurant', 'Japanese restaurant']",4.3,888,$$,"[['Wednesday', '11:30AM–10PM'], ['Thursday', '11:30AM–10PM'], ['Friday', '11:30AM–11PM'], ['Saturday', '11:30AM–11PM'], ['Sunday', '12–10PM'], ['Monday', '11:30AM–10PM'], ['Tuesday', '11:30AM–10PM']]"
0x88de5f1900b92bb7:0x98a32ab9976269be,Izziban Sushi,"Izziban Sushi, 962 14th Ln, Vero Beach, FL 32960",27.6291931,-80.3911529,"['Asian restaurant', 'Box lunch supplier', 'Japanese restaurant', 'Korean restaurant', 'Restaurant', 'Sushi restaurant']",4.6,306,$$,"[['Wednesday', '11:30AM–2:30PM'], ['Thursday', '11:30AM–2:30PM'], ['Friday', '11:30AM–2:30PM'], ['Saturday', '11:30AM–2:30PM'], ['Sunday', '4:30–9PM'], ['Monday', '11:30AM–2:30PM'], ['Tuesday', '11:30AM–2:30PM']]"
0x88d9b185fca295b5:0x6609719257597814,Iron Sushi,"Iron Sushi, 9432 NE 2nd Ave, Miami Shores, FL 33138",25.861846999999997,-80.1935369,"['Sushi restaurant', 'Asian restaurant', 'Japanese restaurant', 'Delivery Restaurant']",4.1,378,$$,"[['Wednesday', '11:30AM–9:30PM'], ['Thursday', '11:30AM–9:30PM'], ['Friday', '11:30AM–9:30PM'], ['Saturday', '11:30AM–9:30PM'], ['Sunday', '11:30AM–9:30PM'], ['Monday', '11:30AM–9:30PM'], ['Tuesday', '11:30AM–9:30PM']]"
0x88e779484f18e03b:0x51c83455b08f8c24,Takumi Sushi & Ramen,"Takumi Sushi & Ramen, 8933 W Colonial Dr, Ocoee, FL 34761",28.553384299999998,-81.5078522,"['Japanese restaurant', 'Ramen restaurant', 'Restaurant', 'Sushi restaurant']",4.6,203,$$,"[['Wednesday', '11AM–9:30PM'], ['Thursday', '11AM–9:30PM'], ['Friday', '11AM–10:30PM'], ['Saturday', '11AM–10:30PM'], ['Sunday', '12–9:30PM'], ['Monday', 'Closed'], ['Tuesday', '11AM–9:30PM']]"
0x88ec5ee3abc31cb7:0xc5e498d63514aa8e,Japanica Steakhouse & Sushi Bar,"Japanica Steakhouse & Sushi Bar, 3111 Mahan Dr #15, Tallahassee, FL 32308",30.4598072,-84.22499789999999,"['Japanese steakhouse', 'Sushi restaurant']",4.2,514,$$,"[['Wednesday', '11AM–3PM'], ['Thursday', '11AM–3PM'], ['Friday', '11AM–10:30PM'], ['Saturday', '11:30AM–10:30PM'], ['Sunday', '11:30AM–9:30PM'], ['Monday', '11AM–3PM'], ['Tuesday', '11AM–3PM']]"
0x88915b7912a5f0dd:0x6bf37ff80fedadf7,Frozen Dune Rolled Ice Cream & Coffee,"Florida, Miramar Beach, Scenic Gulf Dr, Frozen Dune Rolled Ice Cream & Coffee邮政编码: 32550",30.3779915,-86.3822569,"['Ice cream shop', 'Coffee shop', 'Japanese sweets restaurant', 'Soft drinks shop']",4.3,498,$$,"[['Tuesday', '7AM–10PM'], ['Wednesday', '7AM–10PM'], ['Thursday', '7AM–10PM'], ['Friday', '7AM–10PM'], ['Saturday', '7AM–10PM'], ['Sunday', '7AM–10PM'], ['Monday', '7AM–10PM']]"
0x88e8a3a9489f96a7:0xc50eaec8698e867f,Chopstix Cafe,"Chopstix Cafe, 3500 SW 13th St, Gainesville, FL 32608",29.621188999999998,-82.34036739999999,"['Asian restaurant', 'Chinese restaurant', 'Japanese restaurant', 'Thai restaurant']",4.2,788,$$,"[['Tuesday', '11AM–9PM'], ['Wednesday', '11AM–9PM'], ['Thursday', '11AM–9PM'], ['Friday', '11AM–9PM'], ['Saturday', '11AM–9PM'], ['Sunday', 'Closed'], ['Monday', '11AM–9PM']]"
0x88d901f99700f049:0x37565fd1d05ed8b4,Beg for More Sushi & Thai,"Beg for More Sushi & Thai, 2831 E Oakland Park Blvd, Fort Lauderdale, FL 33306",26.167728399999998,-80.1074829,"['Japanese restaurant', 'Delivery Restaurant', 'Takeout Restaurant', 'Sushi restaurant', 'Thai restaurant']",4.5,466,$$,"[['Tuesday', '11:30AM–10:30PM'], ['Wednesday', '11:30AM–10:30PM'], ['Thursday', '11:30AM–10:30PM'], ['Friday', '11:30AM–10:30PM'], ['Saturday', '12–10:30PM'], ['Sunday', '12–10:30PM'], ['Monday', '11:30AM–10:30PM']]"
0x88de5f178b0d8653:0x7c8a613310ab2a4a,Takara Steakhouse Sushi,"Takara Steakhouse Sushi, 1335 US-1, Vero Beach, FL 32960",27.6257643,-80.389676,"['Japanese steakhouse', 'Restaurant']",4.3,458,$$,"[['Tuesday', '12–9:30PM'], ['Wednesday', '12–9:30PM'], ['Thursday', '12–9:30PM'], ['Friday', '12–9:30PM'], ['Saturday', '12–9:30PM'], ['Sunday', '12–9:30PM'], ['Monday', '12–9:30PM']]"
0x88c2cc03a99713c5:0xaa423c443961a50b,Kiso Sushi & Hibachi,"Kiso Sushi & Hibachi, 11780 E M.L.K. Jr Blvd, Seffner, FL 33584",27.983117399999998,-82.2991751,['Japanese restaurant'],4.3,268,,"[['Tuesday', '11AM–2:30PM'], ['Wednesday', '11AM–2:30PM'], ['Thursday', '11AM–2:30PM'], ['Friday', '11AM–2:30PM'], ['Saturday', '12–10PM'], ['Sunday', '12–10PM'], ['Monday', 'Closed']]"
0x88c2c48b333c361b:0x5a1c337ac061db91,Oriental Express,"Oriental Express, 510 E Jackson St, Tampa, FL 33602",27.947883899999997,-82.45530529999999,"['Asian restaurant', 'Chinese noodle restaurant', 'Chinese restaurant', 'Chinese takeaway', 'Japanese restaurant', 'Sushi restaurant']",3.7,256,$$,"[['Tuesday', '10:30AM–10:30PM'], ['Wednesday', '10:30AM–10:30PM'], ['Thursday', '10:30AM–10:30PM'], ['Friday', '10:30AM–10:30PM'], ['Saturday', 'Closed'], ['Sunday', '4–10:30PM'], ['Monday', '10:30AM–10:30PM']]"
0x88c317ab62654b3f:0xfa56b89c31fc1b57,Panda Buffet,"Panda Buffet, 3901 Manatee Ave W, Bradenton, FL 34205",27.4947186,-82.59994569999999,"['Chinese restaurant', 'Japanese restaurant']",4.0,737,$,"[['Tuesday', '11AM–9PM'], ['Wednesday', '11AM–9PM'], ['Thursday', '11AM–9PM'], ['Friday', '11AM–9:30PM'], ['Saturday', '11AM–9:30PM'], ['Sunday', '11AM–9PM'], ['Monday', '11AM–9PM']]"
0x88932041a88b1e45:0xc1cbdea64b82e852,UME Japanese and Chinese Restaurant,"UME Japanese and Chinese Restaurant, 4170 Lafayette St, Marianna, FL 32446",30.7833258,-85.2484345,"['Japanese restaurant', 'Chinese restaurant']",4.5,358,,"[['Tuesday', '11AM–9PM'], ['Wednesday', '11AM–9PM'], ['Thursday', '11AM–9PM'], ['Friday', '11AM–9:30PM'], ['Saturday', '11AM–9:30PM'], ['Sunday', '11AM–9PM'], ['Monday', 'Closed']]"
0x88e773ce23b18043:0x20fb6949e901aaad,Kobe Japanese Steakhouse,"Kobe Japanese Steakhouse, 108 Markham Woods Rd, Longwood, FL 32779",28.6895916,-81.3924787,"['Japanese steakhouse', 'Asian restaurant', 'Japanese restaurant', 'Seafood restaurant', 'Stand bar', 'Steak house', 'Sushi restaurant', 'Teppanyaki restaurant']",4.6,1868,$$,"[['Tuesday', '5–9:30PM'], ['Wednesday', '5–9:30PM'], ['Thursday', '5–9:30PM'], ['Friday', '5–10PM'], ['Saturday', '4–10PM'], ['Sunday', '4–9:30PM'], ['Monday', '5–9:30PM']]"
0x88e81f199970c393:0x8ea10ae0b8016c11,Fujiyama Japanese Steakhouse,"Fujiyama Japanese Steakhouse, 12070 Cortez Blvd, Brooksville, FL 34613",28.5328649,-82.5270814,"['Japanese steakhouse', 'Asian restaurant', 'Bar & grill', 'Japanese restaurant', 'Sushi restaurant']",4.4,1493,$$,"[['Tuesday', '11:30AM–2:30PM'], ['Wednesday', '11:30AM–2:30PM'], ['Thursday', '11:30AM–2:30PM'], ['Friday', '11:30AM–2:30PM'], ['Saturday', '11:30AM–11PM'], ['Sunday', '11:30AM–9PM'], ['Monday', '11:30AM–2:30PM']]"
0x88c34045a15354f5:0x150f2a82be9610da,Pacific Rim,"Pacific Rim, 1859 Hillview St, Sarasota, FL 34239",27.3167673,-82.53251829999999,['Japanese restaurant'],4.6,488,$$,"[['Monday', '11:30AM–2PM'], ['Tuesday', '11:30AM–2PM'], ['Wednesday', '11:30AM–2PM'], ['Thursday', '11:30AM–2PM'], ['Friday', '11:30AM–2PM'], ['Saturday', '4:30–9:30PM'], ['Sunday', '4:30–9PM']]"
0x88e76cd21aa03009:0xb3df61ab54b503bf,Yabi Sushi,"Yabi Sushi, 3755 S Orlando Dr, Sanford, FL 32773",28.759477699999998,-81.28536849999999,"['Sushi restaurant', 'Asian restaurant', 'Japanese restaurant']",4.5,833,$,"[['Monday', '11AM–3PM'], ['Tuesday', '11AM–3PM'], ['Wednesday', '11AM–3PM'], ['Thursday', '11AM–3PM'], ['Friday', '11AM–3PM'], ['Saturday', '12–3PM'], ['Sunday', '12–3PM']]"
0x88e5b705368b2e65:0xaed00b7e0b93d82c,Sake House,"Sake House, 1478 Riverplace Blvd #1, Jacksonville, FL 32207",30.3181966,-81.6556043,"['Japanese restaurant', 'Asian restaurant', 'Bar', 'Restaurant', 'Seafood restaurant', 'Sushi restaurant']",4.2,548,$$,"[['Monday', '11AM–10PM'], ['Tuesday', '11AM–10PM'], ['Wednesday', '11AM–10PM'], ['Thursday', '11AM–10PM'], ['Friday', '11AM–10PM'], ['Saturday', '11AM–10PM'], ['Sunday', '12–9PM']]"
0x88e5c96bf67d165b:0xc4d79ad9545bef7b,Kazu Japanese Restaurant,"Kazu Japanese Restaurant, 9965 San Jose Blvd #35, Jacksonville, FL 32257",30.196031899999998,-81.6212872,"['Japanese restaurant', 'Sushi restaurant']",4.3,408,$$,"[['Monday', '11AM–3PM'], ['Tuesday', '11AM–3PM'], ['Wednesday', '11AM–3PM'], ['Thursday', '11AM–3PM'], ['Friday', '11AM–3PM'], ['Saturday', '11AM–3PM'], ['Sunday', '12–3PM']]"
0x88e42b6856fbbe51:0x3a64e6b157e303e6,Tank's sushi bistro(WGV),"Tank's sushi bistro(WGV), 46 Tuscan Way Ste 302 & 303, St. Augustine, FL 32092",29.961244599999997,-81.49199949999999,"['Japanese restaurant', 'Sushi restaurant']",4.6,533,$$,"[['Monday', '11AM–10PM'], ['Tuesday', '11AM–10PM'], ['Wednesday', '11AM–10PM'], ['Thursday', '11AM–10PM'], ['Friday', '11AM–11PM'], ['Saturday', '11AM–11PM'], ['Sunday', '12–10PM']]"
0x88d9a40c719c1907:0x2675fbd90a21dedf,Silver Spoon Thai & Sushi,"Silver Spoon Thai & Sushi, 2929 SW 160th Ave, Miramar, FL 33027",25.9814199,-80.3591273,"['Thai restaurant', 'Asian restaurant', 'Japanese restaurant', 'Sushi restaurant']",4.1,338,$$,"[['Monday', '10:30AM–10:30PM'], ['Tuesday', '10:30AM–10:30PM'], ['Wednesday', '10:30AM–10:30PM'], ['Thursday', '10:30AM–10:30PM'], ['Friday', '10:30AM–11PM'], ['Saturday', '10:30AM–11PM'], ['Sunday', '10:30AM–10:30PM']]"
0x88e77126e00acd59:0xd5b37971430fc527,BENTO Winter Park,"BENTO Winter Park, 501 Orlando Ave #221, Winter Park, FL 32789",28.605295299999998,-81.3677441,"['Asian restaurant', 'Chinese restaurant', 'Japanese restaurant', 'Pan-Asian restaurant', 'Restaurant', 'Sushi restaurant']",4.1,388,$$,"[['Monday', '11AM–10PM'], ['Tuesday', '11AM–10PM'], ['Wednesday', '11AM–10PM'], ['Thursday', '11AM–10PM'], ['Friday', '11AM–10:30PM'], ['Saturday', '11:30AM–10:30PM'], ['Sunday', '11:30AM–10PM']]"
0x88e5ce8a9f9e4f23:0x4189270d89a38fe4,Wakame Japanese Restaurant,"Wakame Japanese Restaurant, 104 Bartram Oaks Walk, Fruit Cove, FL 32259",30.1225839,-81.623104,['Japanese restaurant'],4.2,298,$$,"[['Monday', '11AM–9:30PM'], ['Tuesday', '11AM–9:30PM'], ['Wednesday', '11AM–9:30PM'], ['Thursday', '11AM–9:30PM'], ['Friday', '11AM–10:30PM'], ['Saturday', '11AM–10:30PM'], ['Sunday', '12–9PM']]"
0x88dd0df8e2adf64d:0x9e9fa6224999d261,HIBACHI EXPRESS WINTER HAVEN,"HIBACHI EXPRESS WINTER HAVEN, 6011 Cypress Gardens Blvd, Winter Haven, FL 33884",27.989037099999997,-81.6868549,['Japanese restaurant'],4.4,248,,"[['Monday', '10:30AM–9:30PM'], ['Tuesday', '10:30AM–9:30PM'], ['Wednesday', '10:30AM–9:30PM'], ['Thursday', '10:30AM–9:30PM'], ['Friday', '10:30AM–10:30PM'], ['Saturday', '10:30AM–10:30PM'], ['Sunday', '11:30AM–9:30PM']]"
0x88e8a2db5787b943:0xa6c982021f09f285,Mahzu Sushi & Grill,"Mahzu Sushi & Grill, 5150 SW 34th St, Gainesville, FL 32608",29.605752799999998,-82.3726056,"['Sushi restaurant', 'Japanese restaurant']",4.6,508,$$,"[['Monday', '11AM–9:30PM'], ['Tuesday', '11AM–9:30PM'], ['Wednesday', '11AM–9:30PM'], ['Thursday', '11AM–9:30PM'], ['Friday', '11AM–10:30PM'], ['Saturday', '7AM–10:30PM'], ['Sunday', '12–9:30PM']]"
0x88e8a329a6a217fb:0xcb40e4a838ed985e,BENTO Gainesville Archer,"BENTO Gainesville Archer, 3841 SW Archer Rd, Gainesville, FL 32608",29.619305699999998,-82.38153779999999,"['Asian restaurant', 'Chinese restaurant', 'Japanese restaurant', 'Pan-Asian restaurant', 'Restaurant', 'Sushi restaurant']",4.1,1033,$$,"[['Monday', '11AM–11PM'], ['Tuesday', '11AM–11PM'], ['Wednesday', '11AM–11PM'], ['Thursday', '11AM–11PM'], ['Friday', '11AM–11:30PM'], ['Saturday', '11AM–11:30PM'], ['Sunday', '11AM–11PM']]"
0x88deddf69067ec89:0x3157822a31f94b94,Benihana,"Benihana, 3602 SE Ocean Blvd, Stuart, FL 34996",27.202102999999997,-80.20351,"['Japanese restaurant', 'Asian restaurant', 'Japanese steakhouse', 'Restaurant', 'Steak house', 'Sushi restaurant', 'Teppanyaki restaurant']",4.3,1337,$$$,"[['Monday', '11AM–10PM'], ['Tuesday', '11AM–10PM'], ['Wednesday', '11AM–10PM'], ['Thursday', '11AM–10PM'], ['Friday', '11AM–10PM'], ['Saturday', '11AM–11PM'], ['Sunday', '11AM–10PM']]"
0x88d9b3942c802d31:0xf536a6f1f8a1269b,Rama 9 Thai Dish & Sushi,"Rama 9 Thai Dish & Sushi, 2188 NE 123rd St, North Miami, FL 33181",25.8892435,-80.15403359999999,"['Restaurant', 'Asian fusion restaurant', 'Japanese restaurant', 'Sushi restaurant', 'Thai restaurant']",4.7,178,,"[['Monday', '11:30AM–3PM'], ['Tuesday', '11:30AM–3PM'], ['Wednesday', '11:30AM–3PM'], ['Thursday', '11:30AM–3PM'], ['Friday', '11:30AM–3PM'], ['Saturday', '12–3PM'], ['Sunday', 'Closed']]"
0x88db3bf5034c64e5:0x198ae9432fea643,Zushi Zushi,"Zushi Zushi, 201 Old San Carlos Blvd, Fort Myers Beach, FL 33931",26.4543938,-81.95578859999999,"['Sushi restaurant', 'Asian restaurant', 'Bar', 'Japanese restaurant']",4.3,565,$$,"[['Monday', '11:30AM–9PM'], ['Tuesday', '11:30AM–9PM'], ['Wednesday', '11:30AM–9PM'], ['Thursday', '11:30AM–9PM'], ['Friday', '11:30AM–9PM'], ['Saturday', '11:30AM–9PM'], ['Sunday', '11:30AM–9PM']]"
0x88e77ee72bc69fc1:0xe58564e519d8efec,Fusion Bistro Sushi & Sake Bar,"Fusion Bistro Sushi & Sake Bar, 6000 Universal Blvd, Orlando, FL 32819",28.473754999999997,-81.4649494,"['Sushi restaurant', 'Asian restaurant', 'Bar', 'Japanese restaurant']",4.0,144,,"[['Monday', '10:30AM–10PM'], ['Tuesday', '10:30AM–10PM'], ['Wednesday', '10:30AM–10PM'], ['Thursday', '10:30AM–10PM'], ['Friday', '10:30AM–12AM'], ['Saturday', '10:30AM–12AM'], ['Sunday', '10:30AM–10PM']]"
0x88c2c78366877cdb:0xbd477d0af666efc2,Sushi Avenue,"Sushi Avenue, 2826 E Bearss Ave, Tampa, FL 33613",28.0814181,-82.42757619999999,"['Sushi restaurant', 'Asian fusion restaurant', 'Japanese restaurant', 'Korean restaurant', 'Pan-Asian restaurant']",4.2,238,$$,"[['Monday', '5–10PM'], ['Tuesday', '11:30AM–2:30PM'], ['Wednesday', '11:30AM–2:30PM'], ['Thursday', '11:30AM–2:30PM'], ['Friday', '11:30AM–2:30PM'], ['Saturday', '5–10:30PM'], ['Sunday', '4–9PM']]"
0x88d9c1bfbc1d2b65:0xdb76f665f8945730,SUKHOTHAI,"SUKHOTHAI, 11735 SW 147th Ave, Miami, FL 33196",25.6575654,-80.4310649,"['Asian fusion restaurant', 'Catering food and drink supplier', 'Chinese restaurant', 'Halal restaurant', 'Japanese restaurant', 'Delivery Restaurant', 'Sushi restaurant', 'Thai restaurant', 'Vegan restaurant', 'Vegetarian restaurant']",4.6,658,$$,"[['Monday', '11:30AM–10:30PM'], ['Tuesday', '11:30AM–10:30PM'], ['Wednesday', '11:30AM–10:30PM'], ['Thursday', '11:30AM–10:30PM'], ['Friday', '11:30AM–11PM'], ['Saturday', '11:30AM–11PM'], ['Sunday', '12–10PM']]"
0x88e8a38d2d3564db:0x36c828a03be7b077,Dragonfly Sushi & Sake Company,"Dragonfly Sushi & Sake Company, 201 SE 2nd Ave #104, Gainesville, FL 32601",29.650070999999997,-82.32374399999999,"['Sushi restaurant', 'Asian fusion restaurant', 'Gastropub', 'Izakaya restaurant', 'Japanese restaurant']",4.5,1187,$$$,"[['Monday', '5–10PM'], ['Tuesday', '5–10PM'], ['Wednesday', '5–10PM'], ['Thursday', '5–10PM'], ['Friday', '5–11PM'], ['Saturday', '5–11PM'], ['Sunday', '5–10PM']]"
0x88e761f259c85f43:0xdeb9ebdffc0d30de,Nona Sushi,"Nona Sushi, 10743 Narcoossee Rd, Orlando, FL 32832",28.4117797,-81.2404703,"['Sushi restaurant', 'Asian restaurant', 'Chinese restaurant', 'Japanese restaurant', 'Restaurant', 'Seafood restaurant']",4.2,387,$$,"[['Monday', '11:30AM–3PM'], ['Tuesday', '11:30AM–2:30PM'], ['Wednesday', '12–3PM'], ['Thursday', '11:30AM–3PM'], ['Friday', '11:30AM–3PM'], ['Saturday', '4–10PM'], ['Sunday', '4–10PM']]"
0x88e77c4b7a30af9d:0xe1ab5f4de4c27d96,A-Aki Sushi & Steakhouse - Florida Mall,"A-Aki Sushi & Steakhouse - Florida Mall, 1400 W Sand Lake Rd, Orlando, FL 32809",28.4500885,-81.3950638,"['Sushi restaurant', 'Japanese restaurant', 'Japanese steakhouse']",3.9,1578,$$,"[['Monday', '11:30AM–10PM'], ['Tuesday', '11:30AM–10PM'], ['Wednesday', '11:30AM–10PM'], ['Thursday', '11:30AM–10PM'], ['Friday', '11:30AM–11PM'], ['Saturday', '12–11PM'], ['Sunday', '12–10PM']]"
0x88dd8715159ec0e7:0x28e69b18a0c1b507,Shiso Sushi,"Shiso Sushi, 13025 S Orange Blossom Trl, Orlando, FL 32837",28.3767253,-81.4029261,"['Japanese restaurant', 'Asian restaurant', 'Seafood restaurant', 'Sushi restaurant']",4.4,648,$$,"[['Monday', '12–9PM'], ['Tuesday', '12–9PM'], ['Wednesday', '12–9PM'], ['Thursday', '12–9PM'], ['Friday', '12–10PM'], ['Saturday', '12–10PM'], ['Sunday', '12–9PM']]"
0x88e77fa141c121c5:0xb3bbd37ffe614d10,Amura Japanese Restaurant,"Amura Japanese Restaurant, 7786 W Sand Lake Rd, Orlando, FL 32819",28.4487278,-81.4895528,"['Japanese restaurant', 'Asian restaurant', 'Bar', 'Diner', 'Steak house', 'Sushi restaurant']",4.3,416,$$,"[['Monday', '11:30AM–3PM'], ['Tuesday', '11:30AM–3PM'], ['Wednesday', '11:30AM–3PM'], ['Thursday', '11:30AM–3PM'], ['Friday', '11:30AM–3PM'], ['Saturday', '5–11PM'], ['Sunday', '12–10PM']]"
0x88e7791e76ba2b03:0x2a475729bd679cdb,Mikado Sushi,"Mikado Sushi, 6417 Raleigh St, Orlando, FL 32835",28.527230099999997,-81.4709225,"['Sushi restaurant', 'Asian fusion restaurant', 'Asian restaurant', 'Bar & grill', 'Japanese restaurant', 'Seafood restaurant', 'Sushi takeaway', 'Thai restaurant']",4.6,664,$$,"[['Monday', '11:30AM–3:30PM'], ['Tuesday', '11:30AM–3:30PM'], ['Wednesday', '11:30AM–3:30PM'], ['Thursday', '11:30AM–3:30PM'], ['Friday', '11:30AM–3:30PM'], ['Saturday', '11:30AM–3:30PM'], ['Sunday', '1–10PM']]"
0x88e77fa9b4998855:0x2ff5e07ddbd59149,BENTO Orlando Dr. Phillips,"BENTO Orlando Dr. Phillips, 7335 W Sand Lake Rd STE 107, Orlando, FL 32819",28.4510062,-81.47962369999999,"['Asian restaurant', 'Chinese restaurant', 'Japanese restaurant', 'Pan-Asian restaurant', 'Restaurant', 'Sushi restaurant']",4.3,1362,$$,"[['Monday', '11AM–10PM'], ['Tuesday', '11AM–10PM'], ['Wednesday', '11AM–10PM'], ['Thursday', '11AM–10PM'], ['Friday', '11AM–11PM'], ['Saturday', '11:30AM–11PM'], ['Sunday', '11:30AM–10PM']]"
0x88e76ccdb95dac21:0x173a2b4424560097,Ichigo Ichie Buffet,"Ichigo Ichie Buffet, 3611 S Orlando Dr, Sanford, FL 32773",28.7612681,-81.2827339,"['Buffet restaurant', 'Chinese restaurant', 'Japanese restaurant', 'Sushi restaurant']",4.1,1780,$,"[['Monday', '11AM–10PM'], ['Tuesday', '11AM–10PM'], ['Wednesday', '11AM–10PM'], ['Thursday', '11AM–10PM'], ['Friday', '11AM–10:30PM'], ['Saturday', '11AM–10:30PM'], ['Sunday', '11AM–10PM']]"
0x88de0e76be2b7ea7:0xeb13484c74b97d01,Sakura Japanese Buffet,"Sakura Japanese Buffet, 2609 W New Haven Ave, Melbourne, FL 32904",28.078227799999997,-80.6635972,"['Japanese restaurant', 'Restaurant', 'Sushi restaurant']",4.1,618,$$,"[['Monday', '11AM–9:30PM'], ['Tuesday', '11AM–9:30PM'], ['Wednesday', '11AM–9:30PM'], ['Thursday', '11AM–9:30PM'], ['Friday', '10:30AM–10:30PM'], ['Saturday', '10:30AM–10:30PM'], ['Sunday', '11AM–9:30PM']]"
0x88db6b0922fa7a8d:0x3d6a50eed242dc5e,Kumo Japanese Steak House & Sushi,"Kumo Japanese Steak House & Sushi, 7950 Dani Dr #345, Fort Myers, FL 33966",26.6031735,-81.8086752,"['Japanese steakhouse', 'Bar', 'Sushi restaurant']",4.2,1038,$$,"[['Monday', '11AM–3PM'], ['Tuesday', '11AM–3PM'], ['Wednesday', '11AM–3PM'], ['Thursday', '11AM–3PM'], ['Friday', '11AM–2PM'], ['Saturday', '11AM–3PM'], ['Sunday', '12–10PM']]"
0x88db6cc5e1178a6f:0x24a64973fbc88492,Rock'n Sushi,"Rock'n Sushi, 11940 Fairway Lakes Dr, Fort Myers, FL 33913",26.5705186,-81.7510441,"['Sushi restaurant', 'Japanese restaurant', 'Thai restaurant']",4.4,468,$$,"[['Monday', '11AM–2PM'], ['Tuesday', '11AM–2PM'], ['Wednesday', '11AM–2PM'], ['Thursday', '11AM–2PM'], ['Friday', '11AM–2PM'], ['Saturday', '5–10PM'], ['Sunday', 'Closed']]"
0x88d928842a6b4d55:0x2669b48f20d2ee89,Peking Tokyo,"Peking Tokyo, 6806 Forest Hill Blvd, Greenacres, FL 33413",26.6495839,-80.1482995,"['Restaurant', 'Chinese restaurant', 'Japanese restaurant', 'Sushi restaurant']",4.1,238,,"[['Monday', 'Closed'], ['Tuesday', '11:30AM–9:30PM'], ['Wednesday', '11:30AM–9:30PM'], ['Thursday', '11:30AM–9:30PM'], ['Friday', '11:30AM–9:30PM'], ['Saturday', '11:30AM–9:30PM'], ['Sunday', '11:30AM–9:30PM']]"
0x88d8e21d1fd5534d:0xce56a3f69097b9b2,Kapow Noodle Bar,"Kapow Noodle Bar, 431 Plaza Real, Boca Raton, FL 33432",26.3554061,-80.085608,"['Asian fusion restaurant', 'Asian restaurant', 'Bar', 'Cocktail bar', 'Japanese restaurant', 'Ramen restaurant', 'Restaurant']",4.4,635,$$,"[['Monday', '11:30AM–12AM'], ['Tuesday', '11:30AM–12AM'], ['Wednesday', '11:30AM–12AM'], ['Thursday', '11:30AM–12AM'], ['Friday', '11:30AM–2AM'], ['Saturday', '11AM–2AM'], ['Sunday', '11AM–12AM']]"
0x88d91c3ad8a4be89:0x700f834264df6a14,Sushi Yama Asian Bistro,"Sushi Yama Asian Bistro, 7050 W Palmetto Park Rd #33, Boca Raton, FL 33433",26.3480812,-80.15759829999999,"['Japanese restaurant', 'Bistro', 'Restaurant']",4.4,433,$$,"[['Monday', '11:30AM–8:30PM'], ['Tuesday', '11:30AM–8:30PM'], ['Wednesday', '11:30AM–8:30PM'], ['Thursday', '11:30AM–8:30PM'], ['Friday', '11:30AM–9:30PM'], ['Saturday', '11:30AM–9:30PM'], ['Sunday', '1–8:30PM']]"
0x88d90230f7931a87:0xfee777f656b5d565,Mikado | Japanese Restaurant,"Mikado | Japanese Restaurant, 977 E Commercial Blvd, Oakland Park, FL 33334",26.1906967,-80.1354696,['Japanese restaurant'],4.3,248,$$,"[['Monday', '11:30AM–10PM'], ['Tuesday', '11:30AM–10PM'], ['Wednesday', '11:30AM–10PM'], ['Thursday', '11:30AM–10PM'], ['Friday', '11:30AM–11PM'], ['Saturday', '12–11PM'], ['Sunday', 'Closed']]"
0x88917343a0be528f:0x8d6ac2318a65bfaa,Bamboo Sushi Bar & Hibachi,"Bamboo Sushi Bar & Hibachi, 2505 S Ferdon Blvd, Crestview, FL 32536",30.7341435,-86.5641851,"['Sushi restaurant', 'Asian restaurant', 'Japanese restaurant']",4.6,1260,$$,"[['Sunday', '11AM–9PM'], ['Monday', '11AM–9PM'], ['Tuesday', '11AM–9PM'], ['Wednesday', '11AM–9PM'], ['Thursday', '11AM–9PM'], ['Friday', '11AM–10PM'], ['Saturday', '11AM–10PM']]"
0x88d9004eec327681:0x78bf3d046ba0e56b,Sushi Rock Las Olas,"Sushi Rock Las Olas, 1515 E Las Olas Blvd, Fort Lauderdale, FL 33301",26.1195545,-80.128006,"['Sushi restaurant', 'Japanese restaurant', 'Restaurant']",4.5,558,$$,"[['Sunday', '11:30AM–10:30PM'], ['Monday', '11:30AM–10:30PM'], ['Tuesday', '11:30AM–10:30PM'], ['Wednesday', '11:30AM–10:30PM'], ['Thursday', '11:30AM–10:30PM'], ['Friday', '11:30AM–11:30PM'], ['Saturday', '11:30AM–11:30PM']]"
0x88c2fbd4bfffaa37:0x52905879a7070c5c,Hibachi Express Largo,"Hibachi Express Largo, 2104 E Bay Dr, Largo, FL 33771",27.9174768,-82.7649668,"['Japanese restaurant', 'Asian restaurant', 'Authentic Japanese restaurant']",4.5,265,$,"[['Sunday', '11:30AM–9:30PM'], ['Monday', '10:30AM–9:30PM'], ['Tuesday', '10:30AM–9:30PM'], ['Wednesday', '10:30AM–9:30PM'], ['Thursday', '10:30AM–9:30PM'], ['Friday', '10:30AM–10:30PM'], ['Saturday', '10:30AM–10:30PM']]"
0x88de5f21fd2bd05f:0x5b4ea36c51eb6277,Sumo House,"Sumo House, 713 17th St, Vero Beach, FL 32960",27.631825799999998,-80.3876901,"['Thai restaurant', 'Japanese restaurant', 'Sushi restaurant']",4.5,328,$$,"[['Sunday', '4:30–9:45PM'], ['Monday', '11:30AM–3PM'], ['Tuesday', '11:30AM–3PM'], ['Wednesday', '11:30AM–3PM'], ['Thursday', '11:30AM–3PM'], ['Friday', '11:30AM–3PM'], ['Saturday', '12:30–3PM']]"
0x88de5edab7b40d2b:0x7ad6fba05a9514cc,Sake Japanese & Thai Restaurant,"Sake Japanese & Thai Restaurant, 42 Royal Palm Pointe, Vero Beach, FL 32960",27.647603999999998,-80.378706,"['Thai restaurant', 'Japanese restaurant', 'Sushi restaurant']",4.6,228,$$,"[['Sunday', '12–2:30PM'], ['Monday', '11:30AM–2:30PM'], ['Tuesday', '11:30AM–2:30PM'], ['Wednesday', '11:30AM–2:30PM'], ['Thursday', '11:30AM–2:30PM'], ['Friday', '11:30AM–2:30PM'], ['Saturday', '12–2:30PM']]"
0x88e712849f7aee7f:0xa4d22e5ca7c66244,Maru Sushi & Grill,"Maru Sushi & Grill, 400 N Entrance Rd, Sanford, FL 32771",28.8079973,-81.33825689999999,"['Sushi restaurant', 'Japanese restaurant', 'Korean restaurant']",4.6,278,$$,"[['Sunday', 'Closed'], ['Monday', '11:30AM–2:30PM'], ['Tuesday', '11:30AM–2:30PM'], ['Wednesday', '11:30AM–2:30PM'], ['Thursday', '11:30AM–2:30PM'], ['Friday', '11:30AM–2:30PM'], ['Saturday', '12–9PM']]"
0x88e710f9de12e39d:0xcc8664a4588efce0,Fujiyama,"Fujiyama, 2625 Enterprise Rd #300, Orange City, FL 32763",28.9149583,-81.2916333,"['Japanese steakhouse', 'Restaurant']",4.2,616,$$,"[['Sunday', '11AM–10PM'], ['Monday', '11AM–3PM'], ['Tuesday', '11AM–3PM'], ['Wednesday', '11AM–3PM'], ['Thursday', '11AM–3PM'], ['Friday', '11AM–10:30PM'], ['Saturday', '11AM–10:30PM']]"
0x88e7c5c43b88b8d1:0x1bc1ae27f4fdad4f,Fuji Japanese Steakhouse,"Fuji Japanese Steakhouse, 17860 SE 109th Ave #619, Summerfield, FL 34491",28.9615354,-81.9693343,['Japanese restaurant'],4.4,615,$$,
0x88e7d347be40d69f:0xabe4c3ac4ce8ca66,Aki Sushi,"Aki Sushi, 303 SE 17th St Ste 306, Ocala, FL 34471",29.173487299999998,-82.13243159999999,"['Japanese restaurant', 'Asian restaurant', 'Bar', 'Sushi restaurant']",4.5,338,$$,"[['Sunday', '12–9PM'], ['Monday', '11AM–10PM'], ['Tuesday', 'Closed'], ['Wednesday', '11AM–10PM'], ['Thursday', '11AM–10PM'], ['Friday', '11AM–10PM'], ['Saturday', '11AM–10PM']]"
0x88dd7a3a35198aa3:0x314c3271c5d990d7,Blue Coast Asian Cuisine,"Blue Coast Asian Cuisine, 8298 Champions Gate Blvd, Davenport, FL 33896",28.261219999999998,-81.618832,"['Asian restaurant', 'Chinese restaurant', 'Japanese restaurant']",4.2,368,,"[['Sunday', '12–10PM'], ['Monday', '11AM–10PM'], ['Tuesday', '11AM–10PM'], ['Wednesday', '11AM–10PM'], ['Thursday', '11AM–10PM'], ['Friday', '11AM–11PM'], ['Saturday', '12–11PM']]"
0x88d92f0f5a2af889:0xf6a9ffa6148838ec,Moon Thai & Japanese,"Moon Thai & Japanese, 11071 Southern Blvd #100, Royal Palm Beach, FL 33411",26.682247099999998,-80.22546919999999,"['Thai restaurant', 'Asian restaurant', 'Japanese restaurant', 'Sushi restaurant']",4.3,445,$$,"[['Sunday', '11:30AM–10:30PM'], ['Monday', '11:30AM–3PM'], ['Tuesday', '11:30AM–3PM'], ['Wednesday', '11:30AM–3PM'], ['Thursday', '11:30AM–3PM'], ['Friday', '11:30AM–11:30PM'], ['Saturday', '11:30AM–11:30PM']]"
0x88d9a40d61918d5f:0x596d4ca5c2f6a6f2,Benihana,"Benihana, 3261 SW 160th Ave, Miramar, FL 33027",25.9805748,-80.35457889999999,"['Japanese restaurant', 'Asian restaurant', 'Japanese steakhouse', 'Restaurant', 'Steak house', 'Sushi restaurant', 'Teppanyaki restaurant']",4.2,2137,$$$,"[['Sunday', '11AM–10PM'], ['Monday', '11AM–10PM'], ['Tuesday', '11AM–10PM'], ['Wednesday', '11AM–10PM'], ['Thursday', '11AM–10PM'], ['Friday', '11AM–10PM'], ['Saturday', '11AM–10PM']]"
0x88d9b91391d5937f:0xde7ad0f5e7fb4ffc,Umami Japanese Restaurant,"Umami Japanese Restaurant, 1400 NW 87th Ave, Doral, FL 33172",25.786586,-80.3373605,"['Asian restaurant', 'Bar', 'Chinese restaurant', 'Japanese restaurant', 'Sushi restaurant', 'Sushi takeaway', 'Teppanyaki restaurant']",4.3,1234,$$,"[['Sunday', '11AM–10:30PM'], ['Monday', '11AM–10:30PM'], ['Tuesday', '11AM–10:30PM'], ['Wednesday', '11AM–10:30PM'], ['Thursday', '11AM–10:30PM'], ['Friday', '11:30AM–11:30PM'], ['Saturday', '11:30AM–11:30PM']]"
0x88d91f090c0a2121:0xdc7e47fbdd55cc90,The Sea South East Asian Kitchen,"The Sea South East Asian Kitchen, 16950 Jog Rd suite 101, Delray Beach, FL 33446",26.4247111,-80.1460194,"['Asian restaurant', 'Asian fusion restaurant', 'Japanese curry restaurant', 'Japanese restaurant', 'Noodle shop', 'Seafood restaurant', 'South Asian restaurant', 'Sushi restaurant', 'Sushi takeaway', 'Thai restaurant']",4.4,224,$$,"[['Sunday', '3–9PM'], ['Monday', '3–9PM'], ['Tuesday', '11:30AM–9PM'], ['Wednesday', '11:30AM–9PM'], ['Thursday', '11:30AM–9PM'], ['Friday', '11:30AM–10PM'], ['Saturday', '3–10PM']]"
0x88dd80699af3ed85:0x1b67432d8a81a4cf,Tokyo Sushi And Grill,"Tokyo Sushi And Grill, 8111 Vineland Ave, Orlando, FL 32821",28.386169,-81.4852319,"['Sushi restaurant', 'Asian restaurant', 'Japanese restaurant']",4.2,285,$$,"[['Sunday', '12–10:30PM'], ['Monday', '11:30AM–10:30PM'], ['Tuesday', '11:30AM–10:30PM'], ['Wednesday', '11:30AM–10:30PM'], ['Thursday', '11:30AM–10:30PM'], ['Friday', '11:30AM–10:30PM'], ['Saturday', '11:30AM–10:30PM']]"
0x88e5c4a689da9f9d:0x2485dc907120771d,Yama Sushi & Bento,"Yama Sushi & Bento, 201 2569, County Rd 220, Middleburg, FL 32068",30.099638,-81.7748897,['Japanese restaurant'],4.7,258,$$,"[['Sunday', 'Closed'], ['Monday', 'Closed'], ['Tuesday', '11AM–3PM'], ['Wednesday', '11AM–3PM'], ['Thursday', '11AM–3PM'], ['Friday', '11AM–3PM'], ['Saturday', '11AM–3PM']]"
0x88c2f0fcc0fa3fbd:0xe23f7cc36baffc94,Charlie's Sushi & Japanese Restaurant,"Charlie's Sushi & Japanese Restaurant, 1200 Cleveland St, Clearwater, FL 33755",27.965885999999998,-82.787503,"['Sushi restaurant', 'Japanese restaurant']",4.6,518,$$,"[['Saturday', '4–10PM'], ['Sunday', '4–10PM'], ['Monday', '12–10PM'], ['Tuesday', '12–10PM'], ['Wednesday', '12–10PM'], ['Thursday', '12–10PM'], ['Friday', '12–10PM']]"
0x88d1b78877915c3d:0xe142bb2c41a7f349,Sushi Song Key West,"Sushi Song Key West, 925 Duval St, Key West, FL 33040",24.55133,-81.7991843,"['Sushi restaurant', 'Japanese restaurant', 'Ramen restaurant', 'Raw food restaurant']",4.5,504,,"[['Saturday', '11AM–4AM'], ['Sunday', '11AM–4AM'], ['Monday', '11AM–4AM'], ['Tuesday', '11AM–4AM'], ['Wednesday', '11AM–4AM'], ['Thursday', '11AM–4AM'], ['Friday', '11AM–4AM']]"
0x88db176442addbb1:0x6b77a29567ada578,Tokyo Bay Bonita Springs,"Tokyo Bay Bonita Springs, 24880 S Tamiami Trail #2, Bonita Springs, FL 34134",26.3769718,-81.8086697,"['Japanese restaurant', 'Bar & grill', 'Lounge', 'Sushi restaurant']",4.2,335,,"[['Saturday', '11:30AM–11PM'], ['Sunday', '4:30–10PM'], ['Monday', '11:30AM–10PM'], ['Tuesday', '11:30AM–10PM'], ['Wednesday', '11:30AM–10PM'], ['Thursday', '11:30AM–10PM'], ['Friday', '11:30AM–11PM']]"
0x88c2f2a92f6a7b77:0x87cae4684e49f1ce,Saki Endless Sushi & Hibachi,"Saki Endless Sushi & Hibachi, 35927 US Hwy 19 N #1523, Palm Harbor, FL 34684",28.0993346,-82.7388203,"['Sushi restaurant', 'Asian restaurant', 'Japanese restaurant']",4.2,808,$$,"[['Saturday', '11:30AM–10PM'], ['Sunday', '12–10PM'], ['Monday', '11:30AM–10PM'], ['Tuesday', '11:30AM–10PM'], ['Wednesday', '11:30AM–10PM'], ['Thursday', '11:30AM–10PM'], ['Friday', '11:30AM–10PM']]"
0x88e70d4178c6826b:0xa282abe81552d737,Amura,"Amura, 950 Market Promenade Ave, Lake Mary, FL 32746",28.7891977,-81.35688979999999,['Japanese restaurant'],4.3,718,$$,"[['Saturday', '5–10PM'], ['Sunday', '12–9:30PM'], ['Monday', '11:30AM–2:30PM'], ['Tuesday', '11:30AM–2:30PM'], ['Wednesday', '11:30AM–2:30PM'], ['Thursday', '11:30AM–2:30PM'], ['Friday', '11:30AM–2:30PM']]"
0x88dd12fcb494f5a3:0xf1bed5874c87f7c7,Osaka Japanese Steak House,"Osaka Japanese Steak House, 620 3rd St SW, Winter Haven, FL 33880",28.0152778,-81.7305556,['Japanese restaurant'],3.8,298,$$,"[['Saturday', '4:30–9PM'], ['Sunday', '11AM–2:30PM'], ['Monday', '11:30AM–2:30PM'], ['Tuesday', '11:30AM–2:30PM'], ['Wednesday', '11:30AM–2:30PM'], ['Thursday', '11:30AM–2:30PM'], ['Friday', '11:30AM–2:30PM']]"
0x88dd12df086390d7:0x8847276874e7ab7e,Royal Asian Fusion,"Royal Asian Fusion, 1142 6th St NW, Winter Haven, FL 33881",28.0329046,-81.7325401,"['Asian restaurant', 'Chinese restaurant', 'Japanese restaurant', 'Sushi restaurant', 'Thai restaurant']",4.3,396,$$,"[['Saturday', '11:30AM–10PM'], ['Sunday', '11:30AM–8:30PM'], ['Monday', 'Closed'], ['Tuesday', '11AM–9PM'], ['Wednesday', '11AM–9PM'], ['Thursday', '11AM–9PM'], ['Friday', '11AM–9PM']]"
0x88e5c67d71d319c3:0xf4e4c9c0071bd1f,Sarku Japan,"Sarku Japan, 1910 Wells Rd Space VC-16, Orange Park, FL 32073",30.1843763,-81.7340708,"['Japanese restaurant', 'Fast food restaurant', 'Restaurant', 'Sushi restaurant', 'Teppanyaki restaurant']",4.2,188,$,"[['Saturday', '11AM–7PM'], ['Sunday', '12–6PM'], ['Monday', '11AM–7PM'], ['Tuesday', '11AM–7PM'], ['Wednesday', '11AM–7PM'], ['Thursday', '11AM–7PM'], ['Friday', '11AM–7PM']]"
0x88d9b7af974cacdf:0x1b748524794260f0,Sushi Chef,"Sushi Chef, 3100 Coral Way, Coral Gables, FL 33145",25.749917,-80.243405,"['Japanese restaurant', 'Sushi restaurant']",4.6,455,,"[['Saturday', '12–10PM'], ['Sunday', '12–10PM'], ['Monday', 'Closed'], ['Tuesday', '11AM–10PM'], ['Wednesday', '11AM–10PM'], ['Thursday', '11AM–10PM'], ['Friday', '11AM–10PM']]"
0x88d9b799c5f78c33:0x5c4b2ad37815e84,Su Shin Izakaya,"Su Shin Izakaya, 159 Aragon Ave, Coral Gables, FL 33134",25.750719399999998,-80.2579528,"['Authentic Japanese restaurant', 'Asian restaurant', 'Izakaya restaurant', 'Japanese restaurant', 'Sushi restaurant']",4.6,408,$$,"[['Saturday', '6–11PM'], ['Sunday', 'Closed'], ['Monday', '11:30AM–3PM'], ['Tuesday', '11:30AM–3PM'], ['Wednesday', '11:30AM–3PM'], ['Thursday', '11:30AM–3PM'], ['Friday', '11:30AM–3PM']]"
0x88d9b688f66b7e01:0x838c2d8f5d6ce63d,CHINOIS CHINOIS,"CHINOIS CHINOIS, 1777 SW 3rd Ave, Miami, FL 33129",25.760143,-80.20035299999999,"['Chinese restaurant', 'Japanese restaurant', 'Delivery Restaurant', 'Takeout Restaurant', 'Sushi restaurant', 'Thai restaurant']",3.4,58,$$,"[['Saturday', '11:30AM–1:30AM'], ['Sunday', '11:30AM–11:30PM'], ['Monday', '11:30AM–12AM'], ['Tuesday', '11:30AM–12AM'], ['Wednesday', '11:30AM–12AM'], ['Thursday', '11:30AM–12AM'], ['Friday', '11:30AM–1:30AM']]"
0x88deec7ff9343ad3:0xfd40553a88129a99,Hokkaido Hibachi & Sushi,"Hokkaido Hibachi & Sushi, 1960 NW Courtyard Cir, Port St. Lucie, FL 34986",27.3135458,-80.4105879,"['Japanese restaurant', 'Bar', 'Sushi restaurant']",4.4,1475,$$,"[['Saturday', '11:30AM–2:30PM'], ['Sunday', '1–10PM'], ['Monday', '11:30AM–2:30PM'], ['Tuesday', '11:30AM–2:30PM'], ['Wednesday', '11:30AM–2:30PM'], ['Thursday', '11:30AM–2:30PM'], ['Friday', '11:30AM–2:30PM']]"
0x88d9beabb25b80a9:0x7082bc20f9328874,Maido Japanese Restaurant,"Maido Japanese Restaurant, 4267 NW 107th Ave, Doral, FL 33178",25.812837599999998,-80.3686123,['Japanese restaurant'],4.7,298,$$,"[['Saturday', '6–10PM'], ['Sunday', 'Closed'], ['Monday', '12–2:30PM'], ['Tuesday', '12–2:30PM'], ['Wednesday', '12–2:30PM'], ['Thursday', '12–2:30PM'], ['Friday', '12–2:30PM']]"
0x88c2c7daacd5d83d:0x588fa6bc38856b66,Sake House (Moved to 15311 Amberly Dr),"Sake House (Moved to 15311 Amberly Dr), 5106 E Fowler Ave, Tampa, FL 33617",28.055173999999997,-82.399385,"['Sushi restaurant', 'Asian restaurant', 'Japanese restaurant', 'Takeout Restaurant', 'Restaurant']",3.9,474,$$,"[['Saturday', '12:30PM–2AM'], ['Sunday', '12:30–10PM'], ['Monday', '11AM–2AM'], ['Tuesday', '11AM–2AM'], ['Wednesday', '11AM–2AM'], ['Thursday', '11AM–2AM'], ['Friday', '11AM–2AM']]"
0x88d9b7ee9f14c16b:0xb2f85d99560ff508,Sawa Restaurant & Lounge,"Sawa Restaurant & Lounge, 360 San Lorenzo Ave #1500, Coral Gables, FL 33146",25.732031,-80.2607221,"['Mediterranean restaurant', 'Asian restaurant', 'Bar', 'Hookah bar', 'Japanese restaurant', 'Middle Eastern restaurant', 'Sushi restaurant']",4.2,458,$$,"[['Saturday', '12–11PM'], ['Sunday', '12–10PM'], ['Monday', '12–10PM'], ['Tuesday', '12–10PM'], ['Wednesday', '12–10PM'], ['Thursday', '12–10PM'], ['Friday', '12–11PM']]"
0x88ecf5008f903eaf:0x92331ad0c4e330f2,BENTO Tallahassee,"BENTO Tallahassee, 1660 W Tennessee St #4, Tallahassee, FL 32304",30.4493117,-84.3089251,"['Asian restaurant', 'Chinese restaurant', 'Japanese restaurant', 'Pan-Asian restaurant', 'Restaurant', 'Sushi restaurant']",4.2,663,$$,"[['Saturday', '11:30AM–11:30PM'], ['Sunday', '11:30AM–11PM'], ['Monday', '11:30AM–11PM'], ['Tuesday', '11:30AM–11PM'], ['Wednesday', '11:30AM–11PM'], ['Thursday', '11:30AM–11PM'], ['Friday', '11:30AM–11:30PM']]"
0x88d901a86323c041:0xb370c7e20c9801af,Asian corner Thai sushi,"Asian corner Thai sushi, 1100 NE 4th Ave, Fort Lauderdale, FL 33304",26.138888899999998,-80.14027779999999,"['Thai restaurant', 'Asian fusion restaurant', 'Asian restaurant', 'Japanese restaurant', 'Restaurant', 'Sushi restaurant']",4.5,196,,"[['Saturday', '11:30AM–3:30PM'], ['Sunday', '12–10PM'], ['Monday', 'Closed'], ['Tuesday', '11:30AM–3:30PM'], ['Wednesday', '11:30AM–3:30PM'], ['Thursday', '11:30AM–3:30PM'], ['Friday', '11:30AM–3:30PM']]"
0x88e4496f1c861851:0x66e169ee38c30aa3,Tokyo Ramen & Poké,"Tokyo Ramen & Poké, 630 Atlantic Blvd Suite13, Neptune Beach, FL 32266",30.3228267,-81.4053904,"['Ramen restaurant', 'Asian restaurant', 'Japanese restaurant']",4.8,198,,"[['Friday', '11AM–10PM'], ['Saturday', '11AM–10PM'], ['Sunday', '11AM–9PM'], ['Monday', 'Closed'], ['Tuesday', '11AM–9PM'], ['Wednesday', '11AM–9PM'], ['Thursday', '11AM–9PM']]"
0x88d9a5c978f69f87:0x8aec77f83ded5406,Nami Sushi,"Nami Sushi, 12711 Miramar Pkwy, Miramar, FL 33027",25.979582999999998,-80.317054,"['Sushi restaurant', 'Asian restaurant', 'Chinese restaurant', 'Japanese restaurant', 'Thai restaurant']",4.3,326,$$,"[['Friday', '11:30AM–10:30PM'], ['Saturday', '12:30–10:30PM'], ['Sunday', '12:30–9:30PM'], ['Monday', '11:30AM–9:30PM'], ['Tuesday', 'Closed'], ['Wednesday', '11:30AM–9:30PM'], ['Thursday', '11:30AM–9:30PM']]"
0x88c2b809fc2451bf:0x347409a8af1c666b,Sake House Amberly Drive,"Sake House Amberly Drive, 15311 Amberly Dr, Tampa, FL 33647",28.088818399999997,-82.4050187,"['Sushi restaurant', 'Asian restaurant', 'Japanese restaurant']",4.4,285,,"[['Friday', '11:30AM–2AM'], ['Saturday', '12:30PM–2AM'], ['Sunday', '12:30PM–2AM'], ['Monday', '11:30AM–2AM'], ['Tuesday', '11:30AM–2AM'], ['Wednesday', '11:30AM–2AM'], ['Thursday', '11:30AM–2AM']]"
0x88dd8732b46d0f91:0xff7fdaae3db7185,Mikado Sushi,"Mikado Sushi, 13586 Village Park Dr Ste 306, Orlando, FL 32837",28.3683674,-81.4270686,"['Japanese restaurant', 'Sushi restaurant']",4.5,434,$$,"[['Friday', '11:30AM–3PM'], ['Saturday', '12–3PM'], ['Sunday', '2–10PM'], ['Monday', '11:30AM–3PM'], ['Tuesday', '11:30AM–3PM'], ['Wednesday', '11:30AM–3PM'], ['Thursday', '11:30AM–3PM']]"
0x88d9a67c44e8198b:0x3c55b0f38dccfffd,Mikan Japanese Restaurant,"Mikan Japanese Restaurant, 12502 Pines Blvd, Pembroke Pines, FL 33027",26.0065362,-80.31507049999999,"['Japanese restaurant', 'Sushi restaurant']",4.5,665,$$,"[['Friday', '4–10PM'], ['Saturday', '2–10PM'], ['Sunday', '2–9:30PM'], ['Monday', 'Closed'], ['Tuesday', '4–10PM'], ['Wednesday', '4–10PM'], ['Thursday', '4–10PM']]"
0x88e5ca1c6e8bcbad:0x544272f9f295f19,Sushi Factory,"Sushi Factory, 7159 Philips Hwy Suite 3, Jacksonville, FL 32256",30.243030299999997,-81.59815309999999,"['Sushi restaurant', 'Asian restaurant', 'Japanese restaurant', 'Restaurant']",4.2,405,$,"[['Friday', '10:30AM–3:30PM'], ['Saturday', '4–9PM'], ['Sunday', 'Closed'], ['Monday', '10:30AM–3:30PM'], ['Tuesday', '10:30AM–3:30PM'], ['Wednesday', '10:30AM–3:30PM'], ['Thursday', '10:30AM–3:30PM']]"
0x88c2c091efa4680f:0x159045cdca32fe0c,Osaka Sushi & Grill,"Osaka Sushi & Grill, 14428 N Dale Mabry Hwy, Tampa, FL 33618",28.079474599999998,-82.5079188,"['Sushi restaurant', 'Asian fusion restaurant', 'Japanese steakhouse']",4.5,394,$$,"[['Friday', '11:30AM–3PM'], ['Saturday', '11:30AM–11PM'], ['Sunday', '12–10PM'], ['Monday', '11:30AM–3PM'], ['Tuesday', '11:30AM–3PM'], ['Wednesday', '11:30AM–3PM'], ['Thursday', '11:30AM–3PM']]"
0x88e5ca36d90c8c55:0x62c3279f6279b88d,Sake Sushi,"Sake Sushi, 8206 Philips Hwy #31, Jacksonville, FL 32256",30.219596,-81.5865464,"['Japanese restaurant', 'Japanese steakhouse', 'Seafood restaurant', 'Sushi restaurant', 'Vegetarian restaurant']",4.2,148,$$,"[['Friday', '11AM–11PM'], ['Saturday', '11AM–11PM'], ['Sunday', 'Closed'], ['Monday', '11AM–10PM'], ['Tuesday', '11AM–10PM'], ['Wednesday', '11AM–10PM'], ['Thursday', '11AM–10PM']]"
0x88d9b3e02f9f18b7:0x3a16268447a63a9d,Go To Sushi,"Go To Sushi, 5140 Biscayne Blvd, Miami, FL 33137",25.8236663,-80.1873969,"['Sushi restaurant', 'Japanese restaurant']",4.6,258,$,"[['Friday', '11:30AM–9:30PM'], ['Saturday', '1:30–10:30PM'], ['Sunday', '1:30–8:30PM'], ['Monday', '11:30AM–9:30PM'], ['Tuesday', '11:30AM–9:30PM'], ['Wednesday', '11:30AM–9:30PM'], ['Thursday', '11:30AM–9:30PM']]"
0x88d9b69e0f7da63b:0x5156fe0a1a6ebc08,Hibachi Grill & Noodle Bar,"Hibachi Grill & Noodle Bar, 45 NE 3rd Ave, Miami, FL 33131",25.7748378,-80.1883919,"['Asian restaurant', 'Japanese restaurant', 'Noodle shop', 'Pan-Asian restaurant', 'Thai restaurant']",3.9,378,$,"[['Friday', '11AM–11PM'], ['Saturday', '11AM–11PM'], ['Sunday', '11AM–10PM'], ['Monday', '11AM–11PM'], ['Tuesday', '11AM–11PM'], ['Wednesday', '11AM–11PM'], ['Thursday', '11AM–11PM']]"
0x88d9b69dc1ed34c5:0x99deab6903828036,Iron Sushi,"Iron Sushi, 120 SE 3rd Ave, Miami, FL 33131",25.773228,-80.189112,"['Sushi restaurant', 'Asian restaurant', 'Japanese restaurant', 'Delivery Restaurant']",3.7,278,$$,"[['Friday', '11:30AM–11PM'], ['Saturday', '11:30AM–11PM'], ['Sunday', '11:30AM–11PM'], ['Monday', '11:30AM–11PM'], ['Tuesday', '11:30AM–11PM'], ['Wednesday', '11:30AM–11PM'], ['Thursday', '11:30AM–11PM']]"
0x88e42982d5615279:0xd63a17f7d8d952ab,Jin Sushi Hibachi Thai,"Jin Sushi Hibachi Thai, 2730 FL-16, St. Augustine, FL 32092",29.922071,-81.416748,"['Thai restaurant', 'Japanese restaurant', 'Restaurant', 'Southeast Asian restaurant', 'Sushi restaurant']",4.0,368,$$,"[['Friday', '11AM–10:30PM'], ['Saturday', '11AM–10:30PM'], ['Sunday', '12–9PM'], ['Monday', '11AM–9:30PM'], ['Tuesday', 'Closed'], ['Wednesday', '11AM–9:30PM'], ['Thursday', '11AM–9:30PM']]"
0x88dd8069b0130943:0xda581cfde24f2e44,Benihana,"Benihana, 12690 International Dr, Orlando, FL 32821",28.387102,-81.481167,"['Japanese restaurant', 'Asian restaurant', 'Japanese steakhouse', 'Restaurant', 'Steak house', 'Sushi restaurant', 'Teppanyaki restaurant']",4.1,2783,$$$,"[['Friday', '11AM–11PM'], ['Saturday', '11AM–11PM'], ['Sunday', '11AM–10PM'], ['Monday', '11AM–10PM'], ['Tuesday', '11AM–10PM'], ['Wednesday', '11AM–10PM'], ['Thursday', '11AM–10PM']]"
0x88d9ad084d8fed01:0x3e78602b9d7cebd,Hiro Japanese Restaurant,"Hiro Japanese Restaurant, 3007 NE 163rd St, Miami, FL 33160",25.927046299999997,-80.1404596,"['Japanese restaurant', 'Asian restaurant', 'Bar', 'Restaurant', 'Seafood restaurant', 'Sushi restaurant', 'Yakitori restaurant']",4.3,1268,$$,"[['Friday', '11:45AM–3:30AM'], ['Saturday', '11:45AM–3:30AM'], ['Sunday', '11:45AM–3:30AM'], ['Monday', '11:45AM–3:30AM'], ['Tuesday', '11:45AM–3:30AM'], ['Wednesday', '11:45AM–3:30AM'], ['Thursday', '11:45AM–3:30AM']]"
0x88d9b6b247689ef5:0x1a52d20cb77102b3,Crazy Poke Wynwood,"Crazy Poke Wynwood, 312 NW 24th St, Miami, FL 33127",25.799902799999998,-80.2004917,"['Asian fusion restaurant', 'Fast food restaurant', 'Hawaiian restaurant', 'Health food restaurant', 'Japanese restaurant', 'Organic restaurant', 'Seafood restaurant']",4.5,284,,"[['Friday', '11AM–11PM'], ['Saturday', '11AM–11PM'], ['Sunday', '11AM–11PM'], ['Monday', '11AM–10PM'], ['Tuesday', '11AM–10PM'], ['Wednesday', '11AM–10PM'], ['Thursday', '11AM–11PM']]"
0x88e6dc57ac82e4b5:0x692609c3026f1e02,Red Bowl,"Red Bowl, 1482 W Granada Blvd #615, Ormond Beach, FL 32174",29.2557728,-81.1120983,"['Restaurant', 'Chinese restaurant', 'Japanese restaurant', 'Sushi restaurant']",4.0,505,$$,"[['Friday', '10:30AM–10PM'], ['Saturday', '11AM–10PM'], ['Sunday', '11AM–9:30PM'], ['Monday', '10:30AM–9:30PM'], ['Tuesday', '10:30AM–9:30PM'], ['Wednesday', '10:30AM–9:30PM'], ['Thursday', '10:30AM–9:30PM']]"
0x88e8a38ce25ab28b:0x97441ed4fb06f09,If It Is Kitchen&Café,"If It Is Kitchen&Café, 104 S Main St, Gainesville, FL 32601",29.650893399999998,-82.32517659999999,"['Thai restaurant', 'Cafe', 'Japanese restaurant', 'Sushi restaurant', 'Tea house']",4.1,297,$$,"[['Friday', '11AM–10PM'], ['Saturday', '11AM–10PM'], ['Sunday', '12–10PM'], ['Monday', '11AM–10PM'], ['Tuesday', 'Closed'], ['Wednesday', '11AM–10PM'], ['Thursday', '11AM–10PM']]"
0x88e8a3c61e951561:0x96a2ff4db6c81e54,JPetal & poke,"JPetal & poke, 3411 SW Archer Rd suite a, Gainesville, FL 32608",29.625904199999997,-82.3728703,"['Japanese restaurant', 'Poke bar']",4.6,172,$$,"[['Friday', '11AM–9PM'], ['Saturday', '11AM–9PM'], ['Sunday', '12–9PM'], ['Monday', 'Closed'], ['Tuesday', '11AM–9PM'], ['Wednesday', '11AM–9PM'], ['Thursday', '11AM–9PM']]"
0x88d9bf32f2225fe9:0xb251bb77d7df949b,Jasmine Sushi & Thai Cuisine,"Jasmine Sushi & Thai Cuisine, 1429 SW 107th Ave, Miami, FL 33174",25.755643,-80.366621,"['Sushi restaurant', 'Asian restaurant', 'Japanese restaurant', 'Southeast Asian restaurant', 'Thai restaurant']",4.6,277,$$,"[['Friday', '12–10PM'], ['Saturday', '12–10PM'], ['Sunday', '12–9:30PM'], ['Monday', 'Closed'], ['Tuesday', '12–9:30PM'], ['Wednesday', '12–9:30PM'], ['Thursday', '12–9:30PM']]"
0x88e88e21215bd361:0x200a979639df7d57,SHO GUN Japanese Restaurant,"SHO GUN Japanese Restaurant, 143 W Noble Ave, Williston, FL 32696",29.3864867,-82.44926339999999,"['Japanese restaurant', 'Restaurant', 'Sushi restaurant']",4.6,426,$$,"[['Friday', '11AM–10PM'], ['Saturday', '11AM–10PM'], ['Sunday', '11AM–9PM'], ['Monday', '11AM–9PM'], ['Tuesday', '11AM–9PM'], ['Wednesday', '11AM–9PM'], ['Thursday', '11AM–9PM']]"
0x88d8e21af5ae03cd:0x9da418a5f5722f8,Lemongrass Asian Bistro,"Lemongrass Asian Bistro, 101 Plaza Real S, Boca Raton, FL 33432",26.347646899999997,-80.085098,"['Asian restaurant', 'Bar', 'Japanese restaurant', 'Noodle shop', 'Pan-Asian restaurant', 'Restaurant', 'Sushi restaurant', 'Thai restaurant', 'Udon noodle restaurant']",4.3,358,$$,"[['Friday', '11:30AM–10:30PM'], ['Saturday', '12:30–10:30PM'], ['Sunday', '12:30–9PM'], ['Monday', '11:30AM–10PM'], ['Tuesday', '11:30AM–10PM'], ['Wednesday', '11:30AM–10PM'], ['Thursday', '11:30AM–10PM']]"
0x88e727872506fd97:0x79d74ce27a5222bc,SUSHI 99,"SUSHI 99, 1665 Dunlawton Ave, Port Orange, FL 32127",29.1148028,-81.02542439999999,"['Japanese restaurant', 'Sushi restaurant']",4.5,815,$$,"[['Friday', '11AM–11PM'], ['Saturday', '11AM–11PM'], ['Sunday', '12–10PM'], ['Monday', '11AM–10PM'], ['Tuesday', '11AM–10PM'], ['Wednesday', '11AM–10PM'], ['Thursday', '11AM–10PM']]"
0x88e72777f7959ac7:0x6d298e2964b1e2b4,Takara SteakHouse & Sushi,"Takara SteakHouse & Sushi, 5527 S Williamson Blvd, Port Orange, FL 32128",29.1101322,-81.0350342,"['Japanese steakhouse', 'Sushi restaurant']",4.5,727,$$,"[['Friday', '11:30AM–3PM'], ['Saturday', '11:30AM–3PM'], ['Sunday', '12–10PM'], ['Monday', '4–10PM'], ['Tuesday', '4–10PM'], ['Wednesday', '4–10PM'], ['Thursday', '11:30AM–3PM']]"
0x88d9b7990fea7fb9:0x1eb46d06bb76c5a8,POC American Fusion Buffet & Sushi,"POC American Fusion Buffet & Sushi, 2121 Ponce de Leon, Coral Gables, FL 33134",25.753429999999998,-80.258618,"['Asian fusion restaurant', 'American restaurant', 'Asian restaurant', 'Bar & grill', 'Buffet restaurant', 'Fusion restaurant', 'Japanese restaurant', 'Restaurant', 'Seafood restaurant', 'Sushi restaurant']",4.5,3626,$$,"[['Friday', '11:30AM–3PM'], ['Saturday', '11:30AM–3PM'], ['Sunday', '11:30AM–3PM'], ['Monday', '11:30AM–2:30PM'], ['Tuesday', '11:30AM–2:30PM'], ['Wednesday', '11:30AM–2:30PM'], ['Thursday', '11:30AM–2:30PM']]"
0x88c3406d316f3439:0xcca17a15321d36b2,Yume Sushi,"Yume Sushi, 1532 Main St, Sarasota, FL 34236",27.3362411,-82.5398632,"['Japanese restaurant', 'Asian restaurant', 'Sushi restaurant', 'Thai restaurant']",4.5,487,$$,"[['Friday', '11:30AM–2PM'], ['Saturday', '11:30AM–2PM'], ['Sunday', '5–9PM'], ['Monday', '11:30AM–2PM'], ['Tuesday', '11:30AM–2PM'], ['Wednesday', '11:30AM–2PM'], ['Thursday', '11:30AM–2PM']]"
0x88d91ea17139cafd:0x7b551e98bbabd413,Shinju Japanese Buffet,"Shinju Japanese Buffet, 7875 Glades Rd, Boca Raton, FL 33434",26.3685418,-80.16838969999999,"['Buffet restaurant', 'Asian restaurant', 'Japanese restaurant', 'Sushi restaurant']",4.1,986,$$,"[['Friday', '11:30AM–3:30PM'], ['Saturday', '12–3:30PM'], ['Sunday', '5–9:30PM'], ['Monday', '11:30AM–3:30PM'], ['Tuesday', '11:30AM–3:30PM'], ['Wednesday', '11:30AM–3:30PM'], ['Thursday', '11:30AM–3:30PM']]"
0x88e5c4792d5ca8dd:0x41e23937b60d1e58,Oishi Sushi,"Oishi Sushi, 950 Blanding Blvd STE 8, Orange Park, FL 32065",30.1378567,-81.77591579999999,['Japanese restaurant'],4.7,306,$$,"[['Thursday', '10:30AM–10PM'], ['Friday', '10:30AM–10:30PM'], ['Saturday', '12–10:30PM'], ['Sunday', '12–10PM'], ['Monday', 'Closed'], ['Tuesday', '10:30AM–10PM'], ['Wednesday', '10:30AM–10PM']]"
0x88ef3bd488b1e0b7:0x1fb39bdb5cd5d218,Yamato Japanese Restaurant,"Yamato Japanese Restaurant, 1115 W US Hwy 90, Lake City, FL 32055",30.1865167,-82.65302779999999,"['Japanese restaurant', 'Asian restaurant', 'Sushi restaurant']",4.2,518,$$,"[['Thursday', '11AM–9:30PM'], ['Friday', '11AM–10:30PM'], ['Saturday', '11AM–10:30PM'], ['Sunday', '11AM–9:30PM'], ['Monday', '11AM–9:30PM'], ['Tuesday', '11AM–9:30PM'], ['Wednesday', '11AM–9:30PM']]"
0x88e77ec4624b7ff1:0x4da1393baf74282c,Kobe Japanese Steakhouse,"Kobe Japanese Steakhouse, 5605 S Kirkman Rd, Orlando, FL 32819",28.4811934,-81.4578097,"['Japanese steakhouse', 'Asian restaurant', 'Food court', 'Japanese restaurant', 'Sushi restaurant', 'Teppanyaki restaurant']",4.5,2478,$$,"[['Thursday', '5–9:30PM'], ['Friday', '5–10PM'], ['Saturday', '4–10PM'], ['Sunday', '12–9:30PM'], ['Monday', '5–9:30PM'], ['Tuesday', '5–9:30PM'], ['Wednesday', '5–9:30PM']]"
0x88de5fd39d5bbf2b:0x7bad407e265aaf3b,Fujiyama Japanese Steakhouse & Sushi Bar,"Fujiyama Japanese Steakhouse & Sushi Bar, 5959 20th St, Vero Beach, FL 32966",27.636329699999997,-80.4498868,"['Japanese steakhouse', 'Asian restaurant', 'Japanese restaurant', 'Seafood restaurant', 'Steak house', 'Sushi restaurant']",4.5,808,$$,"[['Thursday', '11AM–2:30PM'], ['Friday', '11AM–2:30PM'], ['Saturday', '12–10PM'], ['Sunday', '12–10PM'], ['Monday', '11AM–2:30PM'], ['Tuesday', '11AM–2:30PM'], ['Wednesday', '11AM–2:30PM']]"
0x88e77efc37d1ca53:0xcd701fb5c10ecf17,Sushiology I-Drive Universal,"Sushiology I-Drive Universal, 6400 International Dr, Orlando, FL 32819",28.459145999999997,-81.468547,['Japanese restaurant'],4.3,408,$,"[['Thursday', '1–9PM'], ['Friday', '1–9PM'], ['Saturday', '1–9PM'], ['Sunday', 'Closed'], ['Monday', 'Closed'], ['Tuesday', '1–9PM'], ['Wednesday', '1–9PM']]"
0x88e7bd127ee51c83:0x862113368feb8e01,Japan Express,"Japan Express, 456 E Burleigh Blvd, Tavares, FL 32778",28.8175425,-81.7232044,['Japanese restaurant'],4.5,425,$,"[['Thursday', '11AM–8:30PM'], ['Friday', '11AM–8:30PM'], ['Saturday', '12–8:30PM'], ['Sunday', '12–8:30PM'], ['Monday', '11AM–8:30PM'], ['Tuesday', '11AM–8:30PM'], ['Wednesday', '11AM–8:30PM']]"
0x88e5caa0aa5e7425:0x2f7bf482e5d9cbfe,BENTO Jacksonville Town Center,"BENTO Jacksonville Town Center, 4860 Big Island Drive #1, Jacksonville, FL 32246",30.253743,-81.5322675,"['Asian restaurant', 'Chinese restaurant', 'Japanese restaurant', 'Pan-Asian restaurant', 'Restaurant', 'Sushi restaurant']",4.2,930,$$,"[['Thursday', '11AM–10PM'], ['Friday', '11AM–10PM'], ['Saturday', '11AM–10PM'], ['Sunday', '11AM–10PM'], ['Monday', '11AM–10PM'], ['Tuesday', '11AM–10PM'], ['Wednesday', '11AM–10PM']]"
0x88d9b684064e7f61:0x452d4ecf5f21f86,Momi Ramen,"Momi Ramen, 5 SW 11th St, Miami, FL 33130",25.7636565,-80.1935482,"['Japanese restaurant', 'Restaurant']",3.7,693,$$$,"[['Thursday', '12PM–2:30AM'], ['Friday', '12PM–2:30AM'], ['Saturday', '12PM–2:30AM'], ['Sunday', '12PM–2:30AM'], ['Monday', '12PM–2:30AM'], ['Tuesday', '12PM–2:30AM'], ['Wednesday', '12PM–2:30AM']]"
0x88d9b49d20ac3d6f:0x34105c17f594dc70,Blue Ribbon Sushi Bar & Grill - South Beach,"Blue Ribbon Sushi Bar & Grill - South Beach, The Plymouth Hotel, 336 21st St, Miami Beach, FL 33139",25.7968104,-80.1307113,"['Sushi restaurant', 'Cocktail bar', 'Japanese restaurant']",4.5,474,$$,"[['Thursday', '5–11PM'], ['Friday', '5–11PM'], ['Saturday', '5–11PM'], ['Sunday', '5–11PM'], ['Monday', '5–11PM'], ['Tuesday', '5–11PM'], ['Wednesday', '5–11PM']]"
0x88e711bcbda6e983:0xed71fc7092b2008d,Asian Palace Restaurant,"Asian Palace Restaurant, 54 S Charles Richard Beall Blvd #3331, DeBary, FL 32713",28.8864937,-81.30818959999999,"['Asian fusion restaurant', 'Chinese restaurant', 'Japanese restaurant']",4.2,118,,"[['Thursday', '10:30AM–9:30PM'], ['Friday', '10:30AM–10:30PM'], ['Saturday', '10:30AM–10:30PM'], ['Sunday', '11:30AM–9PM'], ['Monday', '10:30AM–9:30PM'], ['Tuesday', '10:30AM–9:30PM'], ['Wednesday', '10:30AM–9:30PM']]"
0x88d9a69c36c972f9:0xa22dbfc97f496c8b,RA Sushi Bar Restaurant,"RA Sushi Bar Restaurant, 201 SW 145th Terrace, Pembroke Pines, FL 33027",26.0063444,-80.33638909999999,"['Sushi restaurant', 'Asian restaurant', 'Bar', 'Japanese restaurant', 'Restaurant']",3.9,1795,$$,"[['Thursday', '11AM–12AM'], ['Friday', '11AM–1AM'], ['Saturday', '11AM–1AM'], ['Sunday', '11AM–12AM'], ['Monday', '11AM–12AM'], ['Tuesday', '11AM–12AM'], ['Wednesday', '11AM–12AM']]"
0x88e763eea6c7cf89:0xeb314ae1bbeafa6f,Tokyo Steak House & Sushi Bar,"Tokyo Steak House & Sushi Bar, 6481 S Chickasaw Trail, Orlando, FL 32829",28.470627099999998,-81.2666254,"['Japanese restaurant', 'Restaurant', 'Sushi restaurant']",4.5,488,$$,"[['Thursday', '11:30AM–3PM'], ['Friday', '11:30AM–3PM'], ['Saturday', '11:30AM–3PM'], ['Sunday', '12–9:30PM'], ['Monday', '11:30AM–3PM'], ['Tuesday', '11:30AM–3PM'], ['Wednesday', '11:30AM–3PM']]"
0x88e7695ec386dca3:0xff66ff815129f58f,Oyishi Japanese Steakhouse,"Oyishi Japanese Steakhouse, 1275 Oviedo Mall Boulevard, Oviedo, FL 32765",28.663511999999997,-81.2348464,['Japanese steakhouse'],4.1,328,$$,"[['Thursday', '11:30AM–9PM'], ['Friday', '11:30AM–10PM'], ['Saturday', '11:30AM–10PM'], ['Sunday', '11:30AM–9PM'], ['Monday', '11:30AM–9PM'], ['Tuesday', '11:30AM–9PM'], ['Wednesday', '11:30AM–9PM']]"
0x88dd7a477503eda7:0x5577c32f317fe85c,Zen,"Zen, 1500 Masters Blvd, Championsgate, FL 33896",28.261197499999998,-81.6273547,"['Asian restaurant', 'Japanese restaurant', 'Sushi restaurant']",4.3,116,,"[['Thursday', 'Closed'], ['Friday', '6–10PM'], ['Saturday', '6–10PM'], ['Sunday', 'Closed'], ['Monday', 'Closed'], ['Tuesday', 'Closed'], ['Wednesday', 'Closed']]"
0x88e5cafa8f51d505:0x221cc3827a3d2c92,Ultimate Sushi & Grill,"Ultimate Sushi & Grill, 8221 Southside Blvd, Jacksonville, FL 32256",30.219662699999997,-81.5509484,"['Steak house', 'Asian restaurant', 'Japanese restaurant', 'Sushi restaurant']",4.0,65,,"[['Thursday', '11AM–3:30PM'], ['Friday', '11AM–3:30PM'], ['Saturday', '11AM–3:30PM'], ['Sunday', 'Closed'], ['Monday', '11AM–3:30PM'], ['Tuesday', '11AM–3:30PM'], ['Wednesday', '11AM–3:30PM']]"
0x88c36a0bd9137c7d:0xe816a14bca977250,The Cottage,"The Cottage, 153 Avenida Messina, Siesta Key, FL 34242",27.276377,-82.564728,"['Fine dining restaurant', 'American restaurant', 'Japanese restaurant', 'Latin American restaurant']",4.6,992,$$,"[['Thursday', '11AM–10PM'], ['Friday', '11AM–11PM'], ['Saturday', '11AM–11PM'], ['Sunday', '11AM–10PM'], ['Monday', '11AM–10PM'], ['Tuesday', '11AM–10PM'], ['Wednesday', '11AM–10PM']]"
0x88e5b7a91d4cefad:0x46dc58b806e387c0,Fuji Sushi,"Fuji Sushi, 1950 San Marco Blvd, Jacksonville, FL 32207",30.304077,-81.6553986,"['Sushi restaurant', 'Asian restaurant', 'Japanese restaurant', 'Japanese steakhouse']",4.4,1363,$,"[['Thursday', '11AM–3:30PM'], ['Friday', '11AM–3:30PM'], ['Saturday', '11AM–3:30PM'], ['Sunday', 'Closed'], ['Monday', '11AM–3:30PM'], ['Tuesday', '11AM–3:30PM'], ['Wednesday', '11AM–3:30PM']]"
0x88d9b799e79f87e9:0x91b0c1208d33fccc,Sushi Maki (Gables),"Sushi Maki (Gables), 2334 Ponce de Leon, Coral Gables, FL 33134",25.7503475,-80.2588645,"['Sushi restaurant', 'Asian restaurant', 'Caterer', 'Japanese restaurant', 'Delivery Restaurant', 'Seafood restaurant']",4.1,457,$$,"[['Wednesday', '11AM–9:30PM'], ['Thursday', '11AM–9:30PM'], ['Friday', '11AM–9:30PM'], ['Saturday', '11:30AM–10PM'], ['Sunday', '11:30AM–10PM'], ['Monday', '11AM–9:30PM'], ['Tuesday', '11AM–9:30PM']]"
0x88d9b688f231d1f5:0x429b3b926cbb02a8,Moshi Moshi Brickell,"Moshi Moshi Brickell, 1744 SW 3rd Ave, Miami, FL 33129",25.7610597,-80.2003775,"['Japanese restaurant', 'Ramen restaurant', 'Sushi restaurant', 'Tapas restaurant']",4.4,648,$$,"[['Wednesday', 'Open 24 hours'], ['Thursday', 'Open 24 hours'], ['Friday', 'Open 24 hours'], ['Saturday', 'Open 24 hours'], ['Sunday', 'Open 24 hours'], ['Monday', 'Open 24 hours'], ['Tuesday', 'Open 24 hours']]"
0x88e7723fcffa9e17:0x435494a65ab7e05f,Bayridge Sushi,"Bayridge Sushi, 400 Savage Ct, Longwood, FL 32750",28.696897699999997,-81.3605142,"['Sushi restaurant', 'Asian restaurant', 'Japanese restaurant']",4.5,1644,$$,"[['Wednesday', '11:30AM–10PM'], ['Thursday', '11:30AM–10PM'], ['Friday', '11:30AM–11PM'], ['Saturday', '11:30AM–11PM'], ['Sunday', '12–10PM'], ['Monday', '11:30AM–10PM'], ['Tuesday', '11:30AM–10PM']]"
0x88e77fac5bf40baf:0x42d3b89356689b0d,Taste of Asia,"Taste of Asia, 8910 Turkey Lake Rd, Orlando, FL 32819",28.444874199999997,-81.4756994,"['Restaurant', 'Asian restaurant', 'Chinese restaurant', 'Japanese restaurant', 'Delivery Restaurant', 'Sushi restaurant']",3.9,398,$,"[['Wednesday', '11AM–11PM'], ['Thursday', '11AM–11PM'], ['Friday', '11AM–11PM'], ['Saturday', '11AM–11PM'], ['Sunday', '5–11PM'], ['Monday', '11AM–11PM'], ['Tuesday', '11AM–11PM']]"
0x88c29a9e306fdc07:0xd9fa59fff0d8b034,Tonbo Hibachi Grille,"Tonbo Hibachi Grille, 9310 US-19, Port Richey, FL 34668",28.2923637,-82.7091895,"['Japanese restaurant', 'Asian fusion restaurant', 'Asian restaurant', 'Bar & grill', 'Brunch restaurant', 'Authentic Japanese restaurant', 'Lounge', 'Sushi restaurant']",4.5,1092,$$,"[['Wednesday', '11AM–2:30PM'], ['Thursday', '11AM–2:30PM'], ['Friday', '11AM–2:30PM'], ['Saturday', '11AM–2:30PM'], ['Sunday', '11AM–2:30PM'], ['Monday', '11AM–2:30PM'], ['Tuesday', '11AM–2:30PM']]"
0x88c2e3b274f0aacd:0xa6aef1e9314fd8f4,Kobe Japanese Steakhouse - St Petersburg,"Kobe Japanese Steakhouse - St Petersburg, 2773 66th St N, St. Petersburg, FL 33710",27.796952599999997,-82.72783079999999,"['Teppanyaki restaurant', 'Asian restaurant', 'Japanese restaurant', 'Stand bar', 'Steak house']",4.5,731,$$,"[['Wednesday', '5–9:30PM'], ['Thursday', '5–9:30PM'], ['Friday', '5–10PM'], ['Saturday', '12–10PM'], ['Sunday', '12–9:30PM'], ['Monday', '5–9:30PM'], ['Tuesday', '5–9:30PM']]"
0x88c2e19ca165be59:0x211aa19994ab5774,Ichicoro Ane,"Ichicoro Ane, 260 1st Ave S, St. Petersburg, FL 33701",27.7701583,-82.6364028,['Japanese restaurant'],4.4,578,$$,
0x88c2e13b27941ccf:0xd38706e362193ac8,Eastern Kitchen & Sushi,"Eastern Kitchen & Sushi, 5226 4th St N, St. Petersburg, FL 33703",27.819578699999997,-82.63904029999999,"['Restaurant', 'Asian fusion restaurant', 'Japanese restaurant', 'Takeout Restaurant', 'Pan-Asian restaurant']",4.7,65,,"[['Wednesday', '11AM–9:30PM'], ['Thursday', '11AM–9:30PM'], ['Friday', '11AM–10PM'], ['Saturday', '11AM–10PM'], ['Sunday', '11AM–9PM'], ['Monday', '11AM–9:30PM'], ['Tuesday', '11AM–9:30PM']]"
0x88c2fb54ec4e1dc5:0xf63cdae64d7f76f7,"Seaweed Steaks, Seafood & Sushi","Seaweed Steaks, Seafood & Sushi, 2819 W Bay Dr, Belleair Bluffs, FL 33770",27.9173559,-82.8181355,"['Restaurant', 'Japanese restaurant', 'Seafood restaurant', 'Steak house', 'Sushi restaurant']",4.4,558,$$,"[['Wednesday', '4–9PM'], ['Thursday', '4–9PM'], ['Friday', '4–10PM'], ['Saturday', '4–10PM'], ['Sunday', '4–9PM'], ['Monday', '4–9PM'], ['Tuesday', '4–9PM']]"
0x88d9b48a3eeff6f1:0x8701a3df3bb1499c,Tanuki Miami,"Tanuki Miami, 1080 Alton Rd, Miami Beach, FL 33139",25.7815874,-80.1412447,"['Sushi restaurant', 'Chinese restaurant', 'Japanese restaurant', 'Delivery Restaurant', 'Takeout Restaurant']",4.3,672,$$,"[['Wednesday', '4–10PM'], ['Thursday', '4–10PM'], ['Friday', '4–10:30PM'], ['Saturday', '12–10:30PM'], ['Sunday', '12–10PM'], ['Monday', '4–10PM'], ['Tuesday', '4–10PM']]"
0x88d9b49c5fafbf65:0x370dd7ab961d63dc,K Ramen.Burger.Beer.,"K Ramen.Burger.Beer., 150 20th St, Miami Beach, FL 33139",25.7952886,-80.1287638,"['Gastropub', 'Cocktail bar', 'Event venue', 'Family restaurant', 'Japanese restaurant', 'Lunch restaurant', 'Ramen restaurant', 'Raw food restaurant', 'Restaurant', 'Seafood restaurant']",4.3,458,$$,"[['Wednesday', '6PM–2AM'], ['Thursday', '6PM–2AM'], ['Friday', '6PM–2AM'], ['Saturday', '6PM–2AM'], ['Sunday', '6PM–2AM'], ['Monday', '6PM–2AM'], ['Tuesday', '6PM–2AM']]"
0x88d9b47df58f5745:0x6f900bdb913a815b,Sushi Garage,"Sushi Garage, 1784 West Ave, Miami Beach, FL 33139",25.793467099999997,-80.14267699999999,"['Japanese restaurant', 'Sushi restaurant']",4.1,375,$$,"[['Wednesday', '5:30–10PM'], ['Thursday', '5:30–10PM'], ['Friday', '5:30–10:30PM'], ['Saturday', '5:30–10:30PM'], ['Sunday', '5:30–10PM'], ['Monday', 'Closed'], ['Tuesday', '5:30–10PM']]"
0x88ecf590ef3f8d4d:0x66e8101c2969c8bd,Siam Sushi,"Siam Sushi, 1700 Suite 9, N Monroe St, Tallahassee, FL 32303",30.4622185,-84.2845773,"['Sushi restaurant', 'Asian fusion restaurant', 'Asian restaurant', 'Bar', 'Japanese restaurant', 'Restaurant', 'Thai restaurant']",4.3,768,$$,"[['Wednesday', '11AM–10PM'], ['Thursday', '11AM–10PM'], ['Friday', '11AM–11PM'], ['Saturday', '11AM–11PM'], ['Sunday', '12–10PM'], ['Monday', '11AM–10PM'], ['Tuesday', '11AM–10PM']]"
0x88ec58c739bba885:0x754b05a90e8c5beb,Kiku Japanese Fusion,"Kiku Japanese Fusion, 3491 Thomasville Rd #12, Tallahassee, FL 32309",30.507107599999998,-84.2477797,"['Japanese restaurant', 'Asian restaurant', 'Sushi restaurant']",4.5,464,$$,"[['Wednesday', '11AM–9PM'], ['Thursday', '11AM–9PM'], ['Friday', '11AM–9PM'], ['Saturday', '11AM–9PM'], ['Sunday', '12–9PM'], ['Monday', '11AM–9PM'], ['Tuesday', '11AM–9PM']]"
0x88e4ff150cd5af19:0xa1156ed3f959f94e,Fancy Sushi,"Fancy Sushi, 1478 Sadler Rd, Fernandina Beach, FL 32034",30.638954199999997,-81.45401369999999,"['Sushi restaurant', 'Asian restaurant', 'Japanese restaurant']",4.5,422,$$,"[['Wednesday', '11AM–10PM'], ['Thursday', '11AM–10PM'], ['Friday', '11AM–11PM'], ['Saturday', '11AM–11PM'], ['Sunday', '12–10PM'], ['Monday', 'Closed'], ['Tuesday', '11AM–10PM']]"
0x88c2c091f2216749:0x71955f3a44cfebe3,Kobe Japanese Steakhouse,"Kobe Japanese Steakhouse, 14401 N Dale Mabry Hwy, Tampa, FL 33618",28.0787375,-82.5063043,"['Japanese steakhouse', 'Asian restaurant', 'Japanese restaurant', 'Stand bar', 'Steak house', 'Sushi restaurant', 'Teppanyaki restaurant']",4.7,2814,$$,"[['Wednesday', '5–9:30PM'], ['Thursday', '5–9:30PM'], ['Friday', '5–10PM'], ['Saturday', '12–10PM'], ['Sunday', '12–9:30PM'], ['Monday', '5–9:30PM'], ['Tuesday', '5–9:30PM']]"
0x88c2e477e4a31c7b:0x4f851182d76021e8,Oishi Sushi & Japanese Steak House,"Oishi Sushi & Japanese Steak House, 5800 34th St N, St. Petersburg, FL 33714",27.825,-82.67999999999999,"['Sushi restaurant', 'Japanese restaurant', 'Japanese steakhouse']",4.5,638,$$,"[['Wednesday', '5–9PM'], ['Thursday', '5–9PM'], ['Friday', '5–10PM'], ['Saturday', '5–10PM'], ['Sunday', '5–9PM'], ['Monday', '5–9PM'], ['Tuesday', '5–9PM']]"
0x88d9b48e1f9f0089:0x31a556aca48efd8e,Sushi Song - Miami Beach,"Sushi Song - Miami Beach, 1239 Washington Ave, Miami Beach, FL 33139",25.783566,-80.131856,"['Sushi restaurant', 'Japanese restaurant', 'Seafood restaurant']",4.4,252,,"[['Wednesday', '2PM–2AM'], ['Thursday', '2PM–2AM'], ['Friday', '2PM–2AM'], ['Saturday', '2PM–2AM'], ['Sunday', '2PM–2AM'], ['Monday', '2PM–2AM'], ['Tuesday', '2PM–2AM']]"
0x88db1eec97739757:0xdd069b2329054cdc,NAMBA Ramen & Sushi - Naples,"NAMBA Ramen & Sushi - Naples, 8847 Tamiami Trail N, Naples, FL 34108",26.249518799999997,-81.8028152,['Japanese restaurant'],4.7,418,,"[['Wednesday', '11:30AM–3PM'], ['Thursday', '11:30AM–3PM'], ['Friday', '11:30AM–3PM'], ['Saturday', '11:30AM–3PM'], ['Sunday', '5–9:30PM'], ['Monday', '11:30AM–3PM'], ['Tuesday', '11:30AM–3PM']]"
0x88e44a4966def6cb:0xc7a047e464b31381,Daruma Japanese Steak House,"Daruma Japanese Steak House, 13799 Beach Blvd #9, Jacksonville, FL 32224",30.2884395,-81.45359409999999,"['Japanese steakhouse', 'Restaurant']",4.3,535,$$,"[['Wednesday', '5–10PM'], ['Thursday', '5–9:30PM'], ['Friday', '5–10:30PM'], ['Saturday', '5–10:30PM'], ['Sunday', '5–10PM'], ['Monday', '5–10PM'], ['Tuesday', '5–10PM']]"
0x88d901c81a538869:0x2972390980da93c0,Sasaya Japanese Market,"Sasaya Japanese Market, 1956 E Sunrise Blvd, Fort Lauderdale, FL 33304",26.1368235,-80.1198004,"['Japanese grocery store', 'Supermarket', 'Sushi restaurant']",4.6,338,,"[['Wednesday', '7AM–7:30PM'], ['Thursday', '10AM–7:30PM'], ['Friday', '7AM–7:30PM'], ['Saturday', '7AM–7:30PM'], ['Sunday', 'Closed'], ['Monday', '7AM–7:30PM'], ['Tuesday', '7AM–7:30PM']]"
0x88d8d83459d6e9e7:0x118a9b0977d4a8e,Saito's Restaurant,"Saito's Restaurant, 15 N J St, Lake Worth, FL 33460",26.6164787,-80.05648219999999,['Japanese restaurant'],4.2,56,$$,"[['Wednesday', '11:30AM–2PM'], ['Thursday', '11:30AM–2PM'], ['Friday', '11:30AM–2PM'], ['Saturday', '5–9PM'], ['Sunday', '5–9PM'], ['Monday', '11:30AM–2PM'], ['Tuesday', '11:30AM–2PM']]"
0x88d9c7e556ef6d15:0xaf1ffb53dca887b6,Sushi Maki (South Miami),"Sushi Maki (South Miami), 5812 Sunset Dr, Miami, FL 33143",25.7041568,-80.2876531,"['Sushi restaurant', 'Asian restaurant', 'Japanese restaurant', 'Restaurant']",4.2,318,$$,"[['Wednesday', '11AM–9:30PM'], ['Thursday', '11AM–9:30PM'], ['Friday', '11AM–10PM'], ['Saturday', '12–10PM'], ['Sunday', '11AM–9:30PM'], ['Monday', '11AM–9:30PM'], ['Tuesday', '11AM–9:30PM']]"
0x88d8d90925c56221:0x9a4f764287041470,Thaikyo Asian Cuisine,"Thaikyo Asian Cuisine, 201 S Ocean Blvd, Manalapan, FL 33462",26.5839037,-80.0415275,"['Sushi restaurant', 'Asian restaurant', 'Chinese restaurant', 'Japanese restaurant', 'Restaurant', 'Thai restaurant']",4.4,274,$$,"[['Tuesday', '3–10PM'], ['Wednesday', '3–10PM'], ['Thursday', '3–10PM'], ['Friday', '3–10PM'], ['Saturday', '3–10PM'], ['Sunday', '3–10PM'], ['Monday', '3–10PM']]"
0x88d9ad1f28bf026f:0xfca984e803b4985b,Rice Asian House & Sushi Bar (Sushi & Thai),"Rice Asian House & Sushi Bar (Sushi & Thai), 17100 Collins Ave, Sunny Isles Beach, FL 33160",25.9345264,-80.1228558,"['Thai restaurant', 'Asian restaurant', 'Japanese restaurant', 'Sushi restaurant']",4.4,487,$$,"[['Tuesday', '11:30AM–10:30PM'], ['Wednesday', '11:30AM–10:30PM'], ['Thursday', '11:30AM–10:30PM'], ['Friday', '11:30AM–10:30PM'], ['Saturday', '11:30AM–10:30PM'], ['Sunday', '1:01–9:30PM'], ['Monday', '11:30AM–10:30PM']]"
0x88938e9fdf356f5d:0xf2cc262540f44b8f,Shan Kishi,"Shan Kishi, 13800 Panama City Beach Pkwy, Panama City Beach, FL 32407",30.210813299999998,-85.847848,"['Sushi restaurant', 'Asian restaurant', 'Japanese restaurant', 'Restaurant']",4.5,1047,$$,"[['Tuesday', '11AM–10PM'], ['Wednesday', '11AM–10PM'], ['Thursday', '11AM–10PM'], ['Friday', '11AM–11PM'], ['Saturday', '11AM–11PM'], ['Sunday', '12–10PM'], ['Monday', '11AM–10PM']]"
0x889383a95f484df1:0x8486cf639628bf56,Sakura Sushi & Grill,"Sakura Sushi & Grill, 2411 FL-77, Lynn Haven, FL 32444",30.2208731,-85.6487923,"['Japanese restaurant', 'Sushi restaurant']",4.6,468,$$,"[['Tuesday', '11AM–9:30PM'], ['Wednesday', '11AM–9:30PM'], ['Thursday', '11AM–9:30PM'], ['Friday', '11AM–10PM'], ['Saturday', '11AM–10PM'], ['Sunday', '12–9PM'], ['Monday', '11AM–9:30PM']]"
0x88c2e9f346d4d72f:0x6e282da4eee9090b,Kotobuki Oriental Market,"Kotobuki Oriental Market, 5537 Sheldon Rd # V, Tampa, FL 33615",27.9992666,-82.5826481,"['Japanese grocery store', 'Grocery store']",4.8,294,,"[['Tuesday', '10AM–6PM'], ['Wednesday', '10AM–6PM'], ['Thursday', '10AM–6PM'], ['Friday', '10AM–6PM'], ['Saturday', '10AM–5PM'], ['Sunday', 'Closed'], ['Monday', '10AM–6PM']]"
0x88d9021864a94071:0x731d6992f76df445,Phat Boy Sushi & Kitchen - Downtown,"Phat Boy Sushi & Kitchen - Downtown, 701 S Federal Hwy, Fort Lauderdale, FL 33316",26.1130095,-80.1373206,"['Sushi restaurant', 'Asian restaurant', 'Japanese restaurant', 'Ramen restaurant']",4.5,1178,$$,"[['Tuesday', '11:30AM–12AM'], ['Wednesday', '11:30AM–12AM'], ['Thursday', '11:30AM–12AM'], ['Friday', '11:30AM–12AM'], ['Saturday', '11:30AM–12AM'], ['Sunday', '11:30AM–12AM'], ['Monday', '11:30AM–12AM']]"
0x88dd8109c95e02f5:0x951cf81ba6f2a49f,Sanaa,"Sanaa, 3701 W Osceola Pkwy, Kissimmee, FL 34747",28.3540937,-81.60548709999999,"['Asian restaurant', 'Japanese restaurant', 'Restaurant']",4.7,2167,$$$,"[['Tuesday', '11:30AM–10PM'], ['Wednesday', '11:30AM–10PM'], ['Thursday', '11:30AM–10PM'], ['Friday', '11:30AM–10PM'], ['Saturday', '11:30AM–10PM'], ['Sunday', '11:30AM–10PM'], ['Monday', '11:30AM–10PM']]"
0x88913f109966ab4f:0xa2aee51c2b5fc634,Okinawa Japanese Steak & Seafood House,"Okinawa Japanese Steak & Seafood House, 180 Eglin Pkwy NE, Fort Walton Beach, FL 32548",30.4225085,-86.61027279999999,"['Japanese restaurant', 'Japanese steakhouse']",4.4,685,$$,"[['Tuesday', '11AM–2PM'], ['Wednesday', '11AM–2PM'], ['Thursday', '11AM–2PM'], ['Friday', '11AM–2PM'], ['Saturday', '4:30–10:30PM'], ['Sunday', '4–9PM'], ['Monday', '11AM–2PM']]"
0x88914358907e5b65:0xada1049fd23b6b80,Osaka Japanese Hibachi Steakhouse & Sushi Bar,"Osaka Japanese Hibachi Steakhouse & Sushi Bar, 34745 Emerald Coast Pkwy, Destin, FL 32541",30.3876505,-86.43747189999999,"['Japanese steakhouse', 'Japanese restaurant', 'Restaurant', 'Sushi restaurant']",4.3,1057,$$$,"[['Tuesday', '11AM–10PM'], ['Wednesday', '11AM–10PM'], ['Thursday', '11AM–10PM'], ['Friday', '11AM–10:45PM'], ['Saturday', '11AM–10:45PM'], ['Sunday', '11AM–10PM'], ['Monday', '11AM–10PM']]"
0x88e77ab3b3f2be61:0x4707c050696ff1c6,Domu,"Domu, East End Market, 3201 Corrine Dr Suite 100, Orlando, FL 32803",28.5682793,-81.3436535,"['Japanese restaurant', 'Cocktail bar', 'Ramen restaurant']",4.6,1805,$$,"[['Tuesday', '5–10PM'], ['Wednesday', '5–10PM'], ['Thursday', '5–10PM'], ['Friday', '5–11PM'], ['Saturday', '5–11PM'], ['Sunday', '5–10PM'], ['Monday', '5–10PM']]"
0x88dd7f580b3fc6cd:0x299447f875a18736,Mr Sushi Express,"Mr Sushi Express, 5770 W Irlo Bronson Memorial Hwy #157, Kissimmee, FL 34746",28.331412999999998,-81.51567399999999,"['Sushi restaurant', 'Family restaurant', 'Japanese restaurant', 'Restaurant']",4.3,818,$,"[['Tuesday', '11AM–11PM'], ['Wednesday', '11AM–11PM'], ['Thursday', '11AM–11PM'], ['Friday', '11AM–11PM'], ['Saturday', '11AM–11PM'], ['Sunday', '11AM–10PM'], ['Monday', '11AM–11PM']]"
0x88c339605cc29323:0x6a8412102fe1c8c5,Wasabi Japanese Steakhouse,"Wasabi Japanese Steakhouse, 5770 Ranch Lake Blvd, Bradenton, FL 34202",27.4377778,-82.45527779999999,"['Japanese steakhouse', 'Restaurant']",4.1,297,$$,"[['Tuesday', '4:30–9PM'], ['Wednesday', '4:30–9PM'], ['Thursday', '4:30–9PM'], ['Friday', '4:30–9PM'], ['Saturday', '4:30–9PM'], ['Sunday', '12–9PM'], ['Monday', '4:30–9PM']]"
0x88d9b906b673f8cd:0x8a12723eb5bc42d2,Sushi Cafe & Shilla Korean BBQ,"Sushi Cafe & Shilla Korean BBQ, 7917 NW 2nd St, Miami, FL 33126",25.772908299999997,-80.3249972,"['Korean restaurant', 'Japanese restaurant', 'Korean barbecue restaurant', 'Sushi restaurant']",4.4,905,$$,"[['Tuesday', '11AM–10PM'], ['Wednesday', '11AM–10PM'], ['Thursday', '11AM–10PM'], ['Friday', '11AM–11PM'], ['Saturday', '12–11PM'], ['Sunday', '12–10PM'], ['Monday', 'Closed']]"
0x88e5b55842f99bc9:0x15d0896a97d6852d,Wasabi Japanese Steakhouse,"Wasabi Japanese Steakhouse, 10206 Rivercoast Dr, Jacksonville, FL 32246",30.2551681,-81.5286426,"['Japanese restaurant', 'Asian restaurant', 'Restaurant', 'Sushi restaurant']",4.3,2160,$$,"[['Tuesday', '11:30AM–2:30PM'], ['Wednesday', '11:30AM–2:30PM'], ['Thursday', '11:30AM–2:30PM'], ['Friday', '11:30AM–2:30PM'], ['Saturday', '11:30AM–2:30PM'], ['Sunday', '11:30AM–2:30PM'], ['Monday', '11:30AM–2:30PM']]"
0x88e4493a52683f17:0x7c6e97b96899f249,Kamiya 86,"Kamiya 86, 200 3rd St, Neptune Beach, FL 32266",30.3231379,-81.39840989999999,"['Restaurant', 'Asian restaurant', 'Japanese restaurant', 'Sushi restaurant', 'Sushi takeaway']",4.3,388,,"[['Tuesday', '11AM–9:30PM'], ['Wednesday', '11AM–9:30PM'], ['Thursday', '11AM–9:30PM'], ['Friday', '10:30AM–10:30PM'], ['Saturday', '11AM–10:30PM'], ['Sunday', '11AM–9:30PM'], ['Monday', '11AM–9:30PM']]"
0x88db11369eecbb07:0xd01af61f93e7a176,Wasabi Japanese Steakhouse Estero,"Wasabi Japanese Steakhouse Estero, 10801 Corkscrew Rd ste51, Estero, FL 33928",26.435535299999998,-81.77444659999999,['Japanese steakhouse'],3.7,408,,"[['Tuesday', '11AM–10PM'], ['Wednesday', '11AM–10PM'], ['Thursday', '11AM–10PM'], ['Friday', '11AM–11PM'], ['Saturday', '11AM–11PM'], ['Sunday', '11AM–10PM'], ['Monday', '11AM–10PM']]"
0x88e77db2bd55d9a7:0x4bb3c39ec265b266,Sushi Yummy,"Sushi Yummy, 8001 S. Orange Blossom Trail, Suite 1013A Inside the Florida mall, right in between store Uniqlo and the hotel’s, Entrance, Orlando, FL 32809",28.446003899999997,-81.3953138,"['Sushi restaurant', 'Asian restaurant', 'Conveyor belt sushi restaurant', 'Catering food and drink supplier', 'Delivery service', 'Japanese restaurant', 'Oriental goods store', 'Ramen restaurant', 'Soup restaurant', 'Sushi takeaway']",4.0,365,,"[['Tuesday', '11AM–7PM'], ['Wednesday', '11AM–7PM'], ['Thursday', '11AM–7PM'], ['Friday', '11AM–8PM'], ['Saturday', '11AM–8PM'], ['Sunday', '12AM–6PM'], ['Monday', '11AM–7PM']]"
0x889383e5b929ebad:0xf1f88d070c43cf21,Fin's Japanese Sushi & Grill,"Fin's Japanese Sushi & Grill, 732 W 23rd St, Panama City, FL 32405",30.1908794,-85.6720089,"['Restaurant', 'Japanese restaurant', 'Sushi restaurant']",4.4,588,$$,"[['Tuesday', '11AM–10PM'], ['Wednesday', '11AM–10PM'], ['Thursday', '11AM–10PM'], ['Friday', '11AM–10PM'], ['Saturday', '11AM–10PM'], ['Sunday', '11AM–9:30PM'], ['Monday', '11AM–10PM']]"
0x88e76308685e8ec3:0x57927eb9a3c545c2,Bonchon Orlando,"Bonchon Orlando, 5475 Gateway Village Cir #102A, Orlando, FL 32812",28.456245,-81.31096,"['Asian fusion restaurant', 'Asian restaurant', 'Chicken restaurant', 'Chicken wings restaurant', 'Fried chicken takeaway', 'Japanese restaurant', 'Korean restaurant', 'Pan-Asian restaurant']",4.3,836,$$,"[['Tuesday', '11:30AM–8PM'], ['Wednesday', '11:30AM–8PM'], ['Thursday', '11:30AM–8PM'], ['Friday', '11:30AM–9PM'], ['Saturday', '11:30AM–9PM'], ['Sunday', '11:30AM–8PM'], ['Monday', '11:30AM–8PM']]"
0x88e77124a67efb05:0x511bdc1e925a4d18,Mikado Japanese Seafood Buffet,"Mikado Japanese Seafood Buffet, 851 S State Rd 434 #1130, Altamonte Springs, FL 32714",28.6444306,-81.4119861,"['Japanese restaurant', 'Buffet restaurant', 'Seafood restaurant']",4.4,1572,$$,"[['Tuesday', '11:30AM–3:30PM'], ['Wednesday', '11:30AM–3:30PM'], ['Thursday', '11:30AM–3:30PM'], ['Friday', '11:30AM–3:30PM'], ['Saturday', '12–3:30PM'], ['Sunday', '1–9:30PM'], ['Monday', '11:30AM–3:30PM']]"
0x88e76634d46aaaab:0x65dd3433debc3164,Bonchon Waterford Lakes,"Bonchon Waterford Lakes, 504 N Alafaya Trail STE 118, Orlando, FL 32828",28.554695,-81.20808,"['Asian fusion restaurant', 'Asian restaurant', 'Chicken restaurant', 'Chicken wings restaurant', 'Fried chicken takeaway', 'Japanese restaurant', 'Korean restaurant', 'Pan-Asian restaurant']",3.7,288,$$,"[['Tuesday', '12–9PM'], ['Wednesday', '12–9PM'], ['Thursday', '12–9PM'], ['Friday', '12–10PM'], ['Saturday', '12–10PM'], ['Sunday', '12–9PM'], ['Monday', '12–9PM']]"
0x88dd80d4a9dd952b:0x27c96b871e6a7867,Suki Hanna,"Suki Hanna, 4060 Town Center Blvd, Orlando, FL 32837",28.361570999999998,-81.425108,"['Japanese restaurant', 'Asian restaurant', 'Sushi restaurant']",4.3,1111,$$,"[['Tuesday', '11:30AM–3:30PM'], ['Wednesday', '11:30AM–3:30PM'], ['Thursday', '11:30AM–3:30PM'], ['Friday', '11:30AM–3:30PM'], ['Saturday', '12–10:30PM'], ['Sunday', '12–10PM'], ['Monday', '11:30AM–3:30PM']]"
0x88dd7f3546248841:0x5e4398edcea4359a,Ari Sushi,"Ari Sushi, 671 Front St, Celebration, FL 34747",28.318230699999997,-81.54014819999999,"['Restaurant', 'Asian restaurant', 'Japanese restaurant', 'Korean restaurant', 'Sushi restaurant']",4.3,397,$$,"[['Tuesday', '11AM–9PM'], ['Wednesday', '11AM–9PM'], ['Thursday', '11AM–9PM'], ['Friday', '11AM–9PM'], ['Saturday', '11AM–9PM'], ['Sunday', '11AM–9PM'], ['Monday', '11AM–9PM']]"
0x88dd8153ae47ba97:0xd1c941047950879d,Sakeba Sushi & Grill,"Sakeba Sushi & Grill, 5349 W Irlo Bronson Memorial Hwy, Kissimmee, FL 34746",28.333488,-81.497357,"['Japanese restaurant', 'Bar & grill', 'Sushi restaurant']",4.6,618,$$,"[['Tuesday', '12–11PM'], ['Wednesday', '12–11PM'], ['Thursday', '12–11PM'], ['Friday', '12PM–12AM'], ['Saturday', '12PM–12AM'], ['Sunday', '12–11PM'], ['Monday', '12–11PM']]"
0x88d8d689c047513d:0xc8b4df73694fa06e,Kabuki Sushi Thai - We Deliver. Order Direct.,"Kabuki Sushi Thai - We Deliver. Order Direct., 308 Clematis St, West Palm Beach, FL 33401",26.713224999999998,-80.05221379999999,"['Sushi restaurant', 'Delivery service', 'Japanese restaurant', 'Thai restaurant']",4.5,912,$$,"[['Monday', '11:30AM–10PM'], ['Tuesday', '11:30AM–10PM'], ['Wednesday', '11:30AM–10PM'], ['Thursday', '11:30AM–10PM'], ['Friday', '11:30AM–11PM'], ['Saturday', '12–11PM'], ['Sunday', '12–10PM']]"
0x88d8df5c680c2e2d:0xddf6adf17ef93e71,Ginza Japanese Buffet,"Ginza Japanese Buffet, 147 N Congress Ave, Boynton Beach, FL 33426",26.5270977,-80.09184259999999,"['Japanese restaurant', 'Asian restaurant', 'Restaurant', 'Sushi restaurant']",3.8,598,$$,"[['Monday', '11:30AM–3PM'], ['Tuesday', '11:30AM–3PM'], ['Wednesday', '11:30AM–3PM'], ['Thursday', '11:30AM–3PM'], ['Friday', '11:30AM–3PM'], ['Saturday', '11:30AM–3PM'], ['Sunday', '11:30AM–3PM']]"
0x88e5c663276bff17:0xb4cac0c358943080,Kyodai Sushi Rock,"Kyodai Sushi Rock, 210 Orange Park Northway, Orange Park, FL 32073",30.186314999999997,-81.73147999999999,"['Sushi restaurant', 'Asian restaurant', 'Bar', 'Japanese restaurant', 'Japanese steakhouse']",4.2,1518,$$,"[['Monday', '11AM–2PM'], ['Tuesday', '11AM–2PM'], ['Wednesday', '11AM–2PM'], ['Thursday', '11AM–2PM'], ['Friday', '11AM–2PM'], ['Saturday', '11AM–2PM'], ['Sunday', '11AM–2PM']]"
0x88e5cab4a1dcee97:0x20aed7653ab4358e,Otaki Japanese Steakhouse Jacksonville,"Otaki Japanese Steakhouse Jacksonville, 7860 Gate Pkwy, Jacksonville, FL 32256",30.2355526,-81.51823999999999,"['Japanese steakhouse', 'Bar', 'Steak house', 'Sushi restaurant']",4.5,725,$$,"[['Monday', '11:30AM–2:30PM'], ['Tuesday', '11:30AM–2:30PM'], ['Wednesday', '11:30AM–2:30PM'], ['Thursday', '11:30AM–2:30PM'], ['Friday', '11:30AM–2:30PM'], ['Saturday', '11:30AM–2:30PM'], ['Sunday', '1–9PM']]"
0x88e69dcbca94db85:0xa81955cfcfb75e1d,Sushi Zento & Grill,"Sushi Zento & Grill, 1061 A1A Beach Blvd, St Augustine Beach, FL 32080",29.828497499999997,-81.2720095,"['Japanese restaurant', 'Fine dining restaurant', 'Japanese steakhouse', 'Takeout Restaurant', 'Sushi restaurant', 'Tempura restaurant']",4.8,318,$$,"[['Monday', '11AM–3PM'], ['Tuesday', 'Closed'], ['Wednesday', '11AM–3PM'], ['Thursday', '11AM–3PM'], ['Friday', '11AM–3PM'], ['Saturday', '11AM–3PM'], ['Sunday', '12–9:30PM']]"
0x88e77afe718c18e1:0x398f52d7797f0301,BENTO Downtown Orlando,"BENTO Downtown Orlando, 151 S Orange Ave, Orlando, FL 32801",28.540881,-81.3784441,"['Asian restaurant', 'Chinese restaurant', 'Japanese restaurant', 'Pan-Asian restaurant', 'Restaurant', 'Sushi restaurant']",4.3,974,$$,"[['Monday', '11AM–10PM'], ['Tuesday', '11AM–10PM'], ['Wednesday', '11AM–10PM'], ['Thursday', '11AM–10PM'], ['Friday', '11AM–11PM'], ['Saturday', '12–11PM'], ['Sunday', '12–10PM']]"
0x88e76febe76ed125:0x504e75e794fb0835,Japan Express,"Japan Express, 2212 Aloma Ave, Winter Park, FL 32792",28.6004664,-81.32289949999999,"['Japanese restaurant', 'Asian restaurant', 'Restaurant', 'Sushi restaurant']",4.0,318,$,"[['Monday', '11AM–9:50PM'], ['Tuesday', '11AM–9:50PM'], ['Wednesday', '11AM–9:50PM'], ['Thursday', '11AM–9:50PM'], ['Friday', '11AM–9:50PM'], ['Saturday', '11AM–9:50PM'], ['Sunday', '11AM–9:50PM']]"
0x88e5cb7724daac5d:0x9638c8e1cee844f8,Mikado,"Mikado, 10460 Avenues Walk Blvd, Jacksonville, FL 32258",30.177329099999998,-81.5550578,"['Japanese restaurant', 'Japanese steakhouse']",4.3,553,$$,"[['Monday', '11:30AM–8PM'], ['Tuesday', 'Closed'], ['Wednesday', '11:30AM–8PM'], ['Thursday', '11:30AM–8PM'], ['Friday', '11:30AM–9PM'], ['Saturday', '11:30AM–9PM'], ['Sunday', '11:30AM–8PM']]"
0x88e5b560aa623123:0x36fb87c07554b5c8,Bonchon Town Center Jacksonville,"Bonchon Town Center Jacksonville, 4972 Town Center Pkwy #309, Jacksonville, FL 32246",30.256016,-81.53667999999999,"['Asian fusion restaurant', 'Asian restaurant', 'Chicken restaurant', 'Chicken wings restaurant', 'Fried chicken takeaway', 'Japanese restaurant', 'Korean restaurant', 'Pan-Asian restaurant']",4.3,566,$$,"[['Monday', '11AM–9:30PM'], ['Tuesday', '11AM–9:30PM'], ['Wednesday', '11AM–9:30PM'], ['Thursday', '11AM–9:30PM'], ['Friday', '11AM–10PM'], ['Saturday', '11AM–10PM'], ['Sunday', '11AM–9:30PM']]"
0x88e5c9713d0a68fd:0x1c0b4b60e1ab1158,Sakura Japanese Restaurant,"Sakura Japanese Restaurant, 9432 San Jose Blvd, Jacksonville, FL 32257",30.206607599999998,-81.6177944,"['Japanese restaurant', 'Asian restaurant', 'Sushi restaurant']",4.4,628,$$,"[['Monday', 'Closed'], ['Tuesday', '11:30AM–2PM'], ['Wednesday', '11:30AM–2PM'], ['Thursday', '11:30AM–2PM'], ['Friday', '11:30AM–2PM'], ['Saturday', '4:30–9PM'], ['Sunday', '11:30AM–2PM']]"
0x88c2fd5c7d798fa5:0xe90c02d26912ba6d,Nori Thai Restaurant,"Nori Thai Restaurant, 7612 Blind Pass Rd, St Pete Beach, FL 33706",27.743764799999997,-82.75145429999999,"['Thai restaurant', 'Japanese restaurant']",4.5,456,$,"[['Monday', '11:30AM–2:30PM'], ['Tuesday', '11:30AM–2:30PM'], ['Wednesday', '11:30AM–2:30PM'], ['Thursday', '11:30AM–2:30PM'], ['Friday', '11:30AM–2:30PM'], ['Saturday', '4:30–10PM'], ['Sunday', '4:30–10PM']]"
0x8890c0719ce1b8b9:0x88fe49948bf74983,Sake Cafe Pensacola,"Sake Cafe Pensacola, 4880 N 9th Ave, Pensacola, FL 32503",30.470269199999997,-87.2131781,"['Japanese restaurant', 'Asian restaurant', 'Sushi restaurant', 'Teppanyaki restaurant']",4.4,1416,$$,"[['Monday', '11AM–9:30PM'], ['Tuesday', '11AM–9:30PM'], ['Wednesday', '11AM–9:30PM'], ['Thursday', '11AM–9:30PM'], ['Friday', '11AM–10:30PM'], ['Saturday', '11AM–10:30PM'], ['Sunday', '11AM–9:30PM']]"
0x88e77ea991422d89:0xf1b82e13fb5f2516,Sushi Katana,"Sushi Katana, 4192 Conroy Rd #103, Orlando, FL 32839",28.488519699999998,-81.4297028,['Japanese restaurant'],4.6,1090,$$,"[['Monday', '11:30AM–10PM'], ['Tuesday', '11:30AM–10PM'], ['Wednesday', '11:30AM–10PM'], ['Thursday', '11:30AM–10PM'], ['Friday', '11:30AM–10:30PM'], ['Saturday', '12–10:30PM'], ['Sunday', '12–9PM']]"
0x88e5c93439a66e0b:0xc0c0842a1b09aea1,Kan-Ki Japanese Steakhouse and Sushi Bar,"Kan-Ki Japanese Steakhouse and Sushi Bar, 11148 San Jose Blvd, Jacksonville, FL 32223",30.1728831,-81.62906,"['Japanese steakhouse', 'Japanese restaurant', 'Sushi restaurant']",4.2,742,$$,"[['Monday', '4–9PM'], ['Tuesday', '4–9PM'], ['Wednesday', '4–9PM'], ['Thursday', '4–9PM'], ['Friday', '4–9PM'], ['Saturday', '4–9PM'], ['Sunday', '4–9PM']]"
0x88e5cd0b559b10b9:0xe402ab9506695215,Red Bowl,"Red Bowl, 12553 Bartram Park Blvd #304, Jacksonville, FL 32258",30.140522999999998,-81.5466586,"['Sushi restaurant', 'Asian restaurant', 'Japanese restaurant']",4.0,263,,"[['Monday', '10:30AM–9:30PM'], ['Tuesday', '10:30AM–9:30PM'], ['Wednesday', '10:30AM–9:30PM'], ['Thursday', '10:30AM–9:30PM'], ['Friday', '10:30AM–10:30PM'], ['Saturday', '10:30AM–10:30PM'], ['Sunday', '10:30AM–9:30PM']]"
0x88e5ccb6a5d242cd:0x99747d0dd8016846,Mizu Sushi and Grill,"Mizu Sushi and Grill, 14965 Old St Augustine Rd, Jacksonville, FL 32258",30.1431664,-81.5209169,"['Japanese restaurant', 'Delivery Restaurant']",4.3,188,$$,"[['Monday', '11AM–9PM'], ['Tuesday', '11AM–9PM'], ['Wednesday', '11AM–9PM'], ['Thursday', '11AM–9PM'], ['Friday', '11AM–9:30PM'], ['Saturday', '4–9:30PM'], ['Sunday', '12–9PM']]"
0x88e69d4383ca429b:0x8e2f5b0aaaa95a76,Ichiban Buffet,"Ichiban Buffet, 2185 US-1, St. Augustine, FL 32086",29.8587897,-81.32354459999999,"['Chinese restaurant', 'Japanese restaurant', 'Sushi restaurant']",4.2,3010,$,"[['Monday', '11AM–9:30PM'], ['Tuesday', '11AM–9:30PM'], ['Wednesday', '11AM–9:30PM'], ['Thursday', '11AM–9:30PM'], ['Friday', '11AM–9:30PM'], ['Saturday', '11AM–9:30PM'], ['Sunday', '11AM–9:30PM']]"
0x88dd7da2164f490d:0x41600b17b5b04edc,BENTO Kissimmee,"BENTO Kissimmee, 3254 Margaritaville Blvd, Kissimmee, FL 34747",28.3450268,-81.6088728,"['Asian restaurant', 'Chinese restaurant', 'Japanese restaurant', 'Pan-Asian restaurant', 'Restaurant', 'Sushi restaurant']",4.3,537,$$,"[['Monday', '11AM–10PM'], ['Tuesday', '11AM–10PM'], ['Wednesday', '11AM–10PM'], ['Thursday', '11AM–10PM'], ['Friday', '11AM–10:30PM'], ['Saturday', '11AM–10:30PM'], ['Sunday', '11AM–10PM']]"
0x88e7d33cc3e9def9:0x4213ceafd1d463a6,Grace Japanese Steak House,"Grace Japanese Steak House, 3035 SE Maricamp Rd, Ocala, FL 34471",29.1652001,-82.0946886,"['Japanese restaurant', 'Steak house', 'Sushi restaurant']",4.3,798,$$,"[['Monday', '10:30AM–9:30PM'], ['Tuesday', '10:30AM–9:30PM'], ['Wednesday', '10:30AM–9:30PM'], ['Thursday', '10:30AM–9:30PM'], ['Friday', '10:30AM–10PM'], ['Saturday', '11AM–10PM'], ['Sunday', '11:30AM–9:30PM']]"
0x88e7a257a4347679:0xbf323b95c2138a0,Lampu Japanese Steakhouse & Sushi Bar,"Lampu Japanese Steakhouse & Sushi Bar, 18862 US-441 #2, Mt Dora, FL 32757",28.822822,-81.644397,"['Japanese steakhouse', 'Asian restaurant', 'Bar', 'Japanese restaurant', 'Restaurant', 'Sushi restaurant', 'Teppanyaki restaurant']",4.4,668,$$,"[['Monday', '4–9:30PM'], ['Tuesday', '4–9:30PM'], ['Wednesday', '4–9:30PM'], ['Thursday', '11AM–2:30PM'], ['Friday', '11AM–2:30PM'], ['Saturday', '4–10PM'], ['Sunday', '11AM–2:30PM']]"
0x88e6da262c65d089:0xcf0763b192cbfdb,Ronin Sushi & Bar,"Ronin Sushi & Bar, 111 W International Speedway Blvd, Daytona Beach, FL 32114",29.2118649,-81.01982699999999,"['Sushi restaurant', 'Bar', 'Japanese restaurant']",4.5,748,$$,"[['Sunday', '4–9PM'], ['Monday', '4–9PM'], ['Tuesday', '4–9PM'], ['Wednesday', '4–9PM'], ['Thursday', '4–9PM'], ['Friday', '4–9PM'], ['Saturday', '4–9PM']]"
0x88c2c3645685eea3:0xb46e8861a81b6dcc,Koto Japanese Steak House,"Koto Japanese Steak House, 533 S Howard Ave #4, Tampa, FL 33606",27.939233599999998,-82.48334249999999,"['Japanese steakhouse', 'Asian restaurant', 'Bar', 'Japanese restaurant', 'Sushi restaurant']",4.2,576,$$,"[['Sunday', '3–10:30PM'], ['Monday', '11:30AM–3PM'], ['Tuesday', '11:30AM–3PM'], ['Wednesday', '11:30AM–3PM'], ['Thursday', '11:30AM–3PM'], ['Friday', '11:30AM–3PM'], ['Saturday', '3–11:30PM']]"
0x88dd8019d879c8bf:0xd06882134facbc14,Hokkaido Chinese & Japanese Buffet,"Hokkaido Chinese & Japanese Buffet, 12173 S Apopka Vineland Rd, Orlando, FL 32836",28.388422199999997,-81.5049598,"['Asian restaurant', 'Buffet restaurant', 'Chinese restaurant', 'Japanese restaurant', 'Seafood restaurant', 'Sushi restaurant']",3.8,2710,$,"[['Sunday', '11AM–10PM'], ['Monday', '11AM–10PM'], ['Tuesday', '11AM–10PM'], ['Wednesday', '11AM–10PM'], ['Thursday', '11AM–10PM'], ['Friday', '11AM–10:30PM'], ['Saturday', '11AM–10:30PM']]"
0x88e5cad373af471b:0xf95a4fd5ba6ba793,Haley Sushi & Grill,"Haley Sushi & Grill, 10920 Baymeadows Rd, Jacksonville, FL 32256",30.2143762,-81.517612,"['Sushi restaurant', 'Asian restaurant', 'Japanese restaurant']",4.3,153,$$,"[['Sunday', '4:30–9PM'], ['Monday', '4:30–9:30PM'], ['Tuesday', '4:30–9:30PM'], ['Wednesday', '4:30–9:30PM'], ['Thursday', '4:30–9:30PM'], ['Friday', '4:30–9:30PM'], ['Saturday', '4:30–9:30PM']]"
0x88e5b57785651a13:0x9a13a3bc31d817bf,Oishii (Tinseltown Movie Theater),"Oishii (Tinseltown Movie Theater), 4375 Southside Blvd Ste 4, Jacksonville, FL 32216",30.2672101,-81.55750019999999,"['Japanese restaurant', 'Takeout Restaurant', 'Restaurant', 'Sushi restaurant', 'Sushi takeaway']",4.6,468,,"[['Sunday', '12–9PM'], ['Monday', 'Closed'], ['Tuesday', '11AM–9PM'], ['Wednesday', '11AM–9PM'], ['Thursday', '11AM–9PM'], ['Friday', '11AM–10PM'], ['Saturday', '12–10PM']]"
0x88e5cafa0a3a8b47:0xb8d1fba0cf61ed16,Open Sushi,"Open Sushi, 9930 Old Baymeadows Rd, Jacksonville, FL 32256",30.2201661,-81.55354369999999,"['Japanese restaurant', 'Sushi restaurant']",4.7,228,$$,"[['Sunday', 'Closed'], ['Monday', '11AM–9:30PM'], ['Tuesday', '11AM–9:30PM'], ['Wednesday', '11AM–9:30PM'], ['Thursday', '11AM–9:30PM'], ['Friday', '11AM–9:30PM'], ['Saturday', '11AM–9:30PM']]"
0x88e72787c2104d8b:0x31acf920c3cef66f,Ginza Japanese Steakhouse,"Ginza Japanese Steakhouse, 5000 S Clyde Morris Blvd, Port Orange, FL 32127",29.1151202,-81.0216104,"['Japanese restaurant', 'Bar', 'Authentic Japanese restaurant', 'Steak house', 'Sushi restaurant']",4.6,850,$$,"[['Sunday', '12–10PM'], ['Monday', '11:30AM–3PM'], ['Tuesday', '11:30AM–3PM'], ['Wednesday', '11:30AM–3PM'], ['Thursday', '11:30AM–3PM'], ['Friday', '11:30AM–3PM'], ['Saturday', '4:30–10:30PM']]"
0x88e6dc517ace5691:0x3269415f7e1e8bef,Takeya Japanese Steak House and Sushi Bar,"Takeya Japanese Steak House and Sushi Bar, 220 N Williamson Blvd, Ormond Beach, FL 32174",29.2533,-81.1131972,"['Japanese restaurant', 'Asian restaurant', 'Japanese steakhouse', 'Sushi restaurant']",4.2,938,$$$,"[['Sunday', '5–10PM'], ['Monday', '5–10PM'], ['Tuesday', '5–10PM'], ['Wednesday', '5–10PM'], ['Thursday', '5–10PM'], ['Friday', '5–11PM'], ['Saturday', '5–11PM']]"
0x88e69d50dc42a95b:0x4c5c1cb66e9f5f09,Yamato Japanese Steak House & Sushi Bar,"Yamato Japanese Steak House & Sushi Bar, 601 Tingle Ct, St. Augustine, FL 32086",29.8668324,-81.3312195,"['Japanese steakhouse', 'Food court', 'Japanese restaurant', 'Restaurant']",4.2,378,$$,"[['Sunday', '12:30–10PM'], ['Monday', '4:30–9:30PM'], ['Tuesday', '4:30–9:30PM'], ['Wednesday', '4:30–9:30PM'], ['Thursday', '4:30–9:30PM'], ['Friday', '4:30–10PM'], ['Saturday', '12:30–10PM']]"
0x88dd53b121b1f9c5:0x2fba7c179c610e6c,Hibachi Express Zephyrhills,"Hibachi Express Zephyrhills, 7306 Gall Blvd, Zephyrhills, FL 33541",28.2636203,-82.1868133,['Japanese restaurant'],4.4,246,,"[['Sunday', '11:30AM–9:30PM'], ['Monday', '10:30AM–9:30PM'], ['Tuesday', '10:30AM–9:30PM'], ['Wednesday', '10:30AM–9:30PM'], ['Thursday', '10:30AM–9:30PM'], ['Friday', '10:30AM–10:30PM'], ['Saturday', '10:30AM–10:30PM']]"
0x88e77efc4d507bb5:0x541f671a20bc1a16,Shogun,"Shogun, 6327 International Dr, Orlando, FL 32819",28.460535,-81.4692769,"['Japanese restaurant', 'Restaurant']",4.0,304,,"[['Sunday', '5:30–10PM'], ['Monday', 'Closed'], ['Tuesday', 'Closed'], ['Wednesday', 'Closed'], ['Thursday', '5:30–10PM'], ['Friday', '5:30–10PM'], ['Saturday', '5:30–10PM']]"
0x88c3158026c350e3:0xc166dac66a0e07c2,Jo-To Japanese Steak House,"Jo-To Japanese Steak House, 7971 N Tamiami Trail, Sarasota, FL 34243",27.3986111,-82.5633333,"['Steak house', 'Asian restaurant', 'Japanese restaurant', 'Japanese steakhouse', 'Restaurant', 'Sushi restaurant']",4.4,705,$$,"[['Sunday', '5–8:30PM'], ['Monday', 'Closed'], ['Tuesday', '5–8:30PM'], ['Wednesday', '5–8:30PM'], ['Thursday', '5–8:30PM'], ['Friday', '5–9PM'], ['Saturday', '5–9PM']]"
0x88d8d689c2fb1621:0x7a8d0e17d7c9b83,Sushi Yama - Clematis,"Sushi Yama - Clematis, 330 Clematis St #107, West Palm Beach, FL 33401",26.713219199999997,-80.0528982,"['Japanese restaurant', 'Restaurant']",4.6,316,$$,"[['Sunday', '1–10PM'], ['Monday', '11:30AM–10PM'], ['Tuesday', '11:30AM–10PM'], ['Wednesday', '11:30AM–10PM'], ['Thursday', '11:30AM–10PM'], ['Friday', '11:30AM–10:30PM'], ['Saturday', '11:30AM–10:30PM']]"
0x88ded52e4b87e24b:0xa59c0649e9210a31,Ebisu Japanese Restaurant,"Ebisu Japanese Restaurant, 7100 Fairway Dr #23, Palm Beach Gardens, FL 33418",26.8365972,-80.1309833,"['Japanese restaurant', 'Asian restaurant', 'Sushi restaurant']",4.5,318,$$,"[['Sunday', 'Closed'], ['Monday', '11:30AM–2PM'], ['Tuesday', '11:30AM–2PM'], ['Wednesday', '11:30AM–2PM'], ['Thursday', '11:30AM–2PM'], ['Friday', '11:30AM–2PM'], ['Saturday', '5:30–10PM']]"
0x88d9a0a78140bd67:0xf8c8d03aa8d04648,Japan Inn,"Japan Inn, 1798 Market St, Weston, FL 33326",26.097296099999998,-80.3794815,"['Japanese restaurant', 'Restaurant', 'Sushi restaurant', 'Thai restaurant']",4.3,1098,$$,"[['Sunday', '11:30AM–10PM'], ['Monday', '11:30AM–3PM'], ['Tuesday', '11:30AM–3PM'], ['Wednesday', '11:30AM–3PM'], ['Thursday', '11:30AM–3PM'], ['Friday', '11:30AM–11PM'], ['Saturday', '11:30AM–11PM']]"
0x88d90901c191e2c9:0x877a56d3e6a4a71a,BBGO,"BBGO, 12705 W Sunrise Blvd, Sunrise, FL 33323",26.145356,-80.323019,"['Restaurant', 'Barbecue restaurant', 'Buffet restaurant', 'Chinese restaurant', 'Japanese restaurant', 'Korean barbecue restaurant', 'Korean restaurant', 'Sports bar', 'Sushi restaurant']",4.2,304,$$,"[['Sunday', '4–10:30PM'], ['Monday', '11:30AM–10:30PM'], ['Tuesday', '11:30AM–10:30PM'], ['Wednesday', '11:30AM–10:30PM'], ['Thursday', '11:30AM–10:30PM'], ['Friday', '11:30AM–10:30PM'], ['Saturday', '11:30AM–10:30PM']]"
0x88d9a9bd2961c95b:0x567ae568fe0d8482,Kuro (in Seminole Hard Rock Hollywood),"Kuro (in Seminole Hard Rock Hollywood), 1 Seminole Way, Fort Lauderdale, FL 33314",26.0518903,-80.2128798,"['Japanese restaurant', 'Restaurant']",4.4,456,$$$,"[['Sunday', 'Closed'], ['Monday', 'Closed'], ['Tuesday', '6–10:30PM'], ['Wednesday', '6–10:30PM'], ['Thursday', '6–10:30PM'], ['Friday', '6–11:30PM'], ['Saturday', '6–11:30PM']]"
0x88d9a722e0ac9257:0x19f4222f05750103,Shimuja Ramen,"Shimuja Ramen, 4921 SW 148th Ave, Southwest Ranches, FL 33331",26.0592768,-80.3478288,"['Ramen restaurant', 'Asian fusion restaurant', 'Asian restaurant', 'Japanese restaurant', 'Restaurant']",4.6,646,$$,"[['Sunday', '12–8:45PM'], ['Monday', '12–8:45PM'], ['Tuesday', '12–8:45PM'], ['Wednesday', '12–8:45PM'], ['Thursday', '12–8:45PM'], ['Friday', '12–8:45PM'], ['Saturday', '12–8:45PM']]"
0x88d9062f08b5beeb:0x2360a2a62e184b6f,Thai Thai Restaurant and Sushi Bar,"Thai Thai Restaurant and Sushi Bar, 1861 N Pine Island Rd, Plantation, FL 33322",26.148646,-80.270231,"['Thai restaurant', 'Asian fusion restaurant', 'Asian restaurant', 'Chinese restaurant', 'Japanese restaurant', 'Restaurant']",4.1,408,$$,"[['Sunday', '3–9:30PM'], ['Monday', '11:30AM–9:30PM'], ['Tuesday', '11:30AM–9:30PM'], ['Wednesday', '11:30AM–9:30PM'], ['Thursday', '11:30AM–9:30PM'], ['Friday', '11:30AM–10PM'], ['Saturday', '12:30–10PM']]"
0x88db1ec84f5685e7:0x66a133151632933c,Zen Asian BBQ,"Zen Asian BBQ, 10823 Tamiami Trail N, Naples, FL 34108",26.269931099999997,-81.8023134,"['Asian restaurant', 'Japanese restaurant', 'Korean barbecue restaurant', 'Ramen restaurant', 'Sushi restaurant', 'Thai restaurant']",4.5,527,$$,"[['Sunday', '12–9:30PM'], ['Monday', '4–9:30PM'], ['Tuesday', '4–9:30PM'], ['Wednesday', '4–9:30PM'], ['Thursday', '4–9:30PM'], ['Friday', '12–9:30PM'], ['Saturday', '12–9:30PM']]"
0x88c2c09bf398f0df:0xdc2f4e8b9bbd48ad,Shogun Sushi,"Shogun Sushi, 15213 N Dale Mabry Hwy, Tampa, FL 33618",28.0880524,-82.5026111,"['Japanese restaurant', 'Restaurant', 'Sushi restaurant']",4.4,268,$$,"[['Sunday', '12:30–10PM'], ['Monday', '11:30AM–10PM'], ['Tuesday', '11:30AM–10PM'], ['Wednesday', '11:30AM–10PM'], ['Thursday', '11:30AM–10PM'], ['Friday', '11:30AM–10:30PM'], ['Saturday', '11:30AM–10:30PM']]"
0x88ecf5077a1fe451:0x99642b4fab390f22,Roboto Tokyo Grill,"Roboto Tokyo Grill, 1350 W Tennessee St, Tallahassee, FL 32304",30.4491491,-84.3047192,"['Asian fusion restaurant', 'Asian restaurant', 'Japanese restaurant', 'Restaurant', 'Sushi restaurant']",4.3,493,$,"[['Sunday', '10:30AM–10PM'], ['Monday', '10:30AM–10PM'], ['Tuesday', '10:30AM–10PM'], ['Wednesday', '10:30AM–10PM'], ['Thursday', '10:30AM–10PM'], ['Friday', '10:30AM–10PM'], ['Saturday', '10:30AM–10PM']]"
0x88dd81eb3923a109:0x69fe81de62a28417,Ichiban Buffet,"Ichiban Buffet, 5269 W Irlo Bronson Memorial Hwy, Kissimmee, FL 34746",28.333536,-81.49444799999999,"['Buffet restaurant', 'Asian restaurant', 'Japanese restaurant', 'Sushi restaurant']",3.9,5875,$,"[['Sunday', '11:30AM–10:30PM'], ['Monday', '11AM–10PM'], ['Tuesday', '11AM–10PM'], ['Wednesday', '11AM–10PM'], ['Thursday', '11AM–10PM'], ['Friday', '11AM–10:30PM'], ['Saturday', '11AM–10:30PM']]"
0x88e7783aaaaaaaab:0x88796c907646872c,Crazy Buffet,"Crazy Buffet, 7038 W Colonial Dr, Orlando, FL 32818",28.55031,-81.477892,"['Buffet restaurant', 'Chinese restaurant', 'Japanese restaurant']",4.1,2021,$$,"[['Sunday', '11AM–9PM'], ['Monday', '11AM–9PM'], ['Tuesday', '11AM–9PM'], ['Wednesday', '11AM–9PM'], ['Thursday', '11AM–9PM'], ['Friday', '11AM–9:30PM'], ['Saturday', '11AM–9:30PM']]"
0x88d9b3d6fea3069f:0xaad18d8a5e5d7777,Moshi Moshi MiMo,"Moshi Moshi MiMo, 7232 Biscayne Blvd, Miami, FL 33138",25.8418033,-80.1845974,"['Japanese restaurant', 'Izakaya restaurant', 'Ramen restaurant', 'Sushi restaurant']",4.4,1388,$$,"[['Sunday', 'Open 24 hours'], ['Monday', 'Open 24 hours'], ['Tuesday', 'Open 24 hours'], ['Wednesday', 'Open 24 hours'], ['Thursday', 'Open 24 hours'], ['Friday', 'Open 24 hours'], ['Saturday', 'Open 24 hours']]"
0x88d9b317e710a209:0x9026fc14cce3bde5,Hoshi & Sushi Asian Cuisine,"Hoshi & Sushi Asian Cuisine, 5401 Collins Ave Cu5, Miami Beach, FL 33140",25.832826999999998,-80.120988,"['Sushi restaurant', 'Asian restaurant', 'Japanese restaurant', 'Korean restaurant', 'Delivery Restaurant', 'Takeout Restaurant', 'Seafood restaurant']",4.6,468,$$,"[['Sunday', '12–10PM'], ['Monday', 'Closed'], ['Tuesday', '12–10PM'], ['Wednesday', '12–10PM'], ['Thursday', '12–10PM'], ['Friday', '12–10PM'], ['Saturday', '12–10PM']]"
0x8893831c83da7df5:0x2ae90a4f39fa9f1c,Red Star Chinese,"Red Star Chinese, 1219 Ohio Ave B, Lynn Haven, FL 32444",30.239485,-85.648321,"['Chinese restaurant', 'Japanese restaurant']",4.3,388,$,"[['Saturday', '3:30–10PM'], ['Sunday', '11:30AM–10PM'], ['Monday', '10:30AM–10PM'], ['Tuesday', '10:30AM–10PM'], ['Wednesday', '10:30AM–10PM'], ['Thursday', '10:30AM–10PM'], ['Friday', '10:30AM–10PM']]"
0x88d905156ec77f47:0x1c3c3bf2182d8d40,Benihana,"Benihana, 1695 N University Dr, Coral Springs, FL 33071",26.251683,-80.252535,"['Japanese restaurant', 'Asian restaurant', 'Japanese steakhouse', 'Restaurant', 'Steak house', 'Sushi restaurant', 'Teppanyaki restaurant']",3.8,1668,$$$,"[['Saturday', '11AM–11PM'], ['Sunday', '11AM–10PM'], ['Monday', '11AM–10PM'], ['Tuesday', '11AM–10PM'], ['Wednesday', '11AM–10PM'], ['Thursday', '11AM–10PM'], ['Friday', '11AM–11PM']]"
0x88e8bca3dcac6acf:0xa54d76ad1d63229c,Yamato Japanese Restaurant,"Yamato Japanese Restaurant, 526 NW 60th St, Gainesville, FL 32607",29.6575784,-82.40669009999999,"['Japanese restaurant', 'Asian restaurant', 'Steak house', 'Sushi restaurant']",4.2,1440,$$,"[['Saturday', '4:30–9:30PM'], ['Sunday', '12–8:45PM'], ['Monday', '4:30–9PM'], ['Tuesday', '4:30–9PM'], ['Wednesday', '11:30AM–1:45PM'], ['Thursday', '11:30AM–1:45PM'], ['Friday', '11:30AM–1:45PM']]"
0x88dd394c75c64d65:0x3e4ba6051ec896d0,New Moon Sushi,"New Moon Sushi, 4231 Florida Ave S, Lakeland, FL 33813",27.9879137,-81.9574083,"['Japanese restaurant', 'Restaurant', 'Sushi restaurant']",4.6,648,$$,"[['Saturday', '5–9PM'], ['Sunday', '5–8:30PM'], ['Monday', '11:30AM–2PM'], ['Tuesday', '11:30AM–2PM'], ['Wednesday', '11:30AM–2PM'], ['Thursday', '11:30AM–2PM'], ['Friday', '11:30AM–2PM']]"
0x88dd096ee6c54d99:0xd5b52eeb5deb45dc,Hibachi Express,"Hibachi Express, 2010 Sam Walton Way, Lake Wales, FL 33898",27.8928911,-81.5556268,"['Japanese restaurant', 'Sushi restaurant', 'Teppanyaki restaurant']",4.4,178,,"[['Saturday', '10:30AM–10:30PM'], ['Sunday', '11:30AM–9:30PM'], ['Monday', '10:30AM–9:30PM'], ['Tuesday', '10:30AM–9:30PM'], ['Wednesday', '10:30AM–9:30PM'], ['Thursday', '10:30AM–9:30PM'], ['Friday', '10:30AM–10:30PM']]"
0x88c2ce6e8472e2df:0x8f9565f2338fa183,Tsunami Sushi & Hibachi Grill,"Tsunami Sushi & Hibachi Grill, 2020 Badlands Dr, Brandon, FL 33511",27.9269166,-82.3154687,"['Sushi restaurant', 'Asian restaurant', 'Japanese restaurant', 'Seafood restaurant']",4.5,764,$$,"[['Saturday', '12–10:30PM'], ['Sunday', '12–10PM'], ['Monday', '11AM–10PM'], ['Tuesday', '11AM–10PM'], ['Wednesday', '11AM–10PM'], ['Thursday', '11AM–10PM'], ['Friday', '11AM–10:30PM']]"
0x88df2ac1afa16253:0x3ed06f1c2438c8b,Hiroki Japanese Restaurant,"Hiroki Japanese Restaurant, 2410 PGA Boulevard, Palm Beach Gardens, FL 33410",26.843333299999998,-80.0716667,"['Japanese restaurant', 'Restaurant', 'Sushi restaurant']",3.9,168,,"[['Saturday', '12–3PM'], ['Sunday', '12–3PM'], ['Monday', '11:30AM–2:30PM'], ['Tuesday', '11:30AM–2:30PM'], ['Wednesday', '11:30AM–2:30PM'], ['Thursday', '11:30AM–2:30PM'], ['Friday', '11:30AM–2:30PM']]"
0x88d9b4877309810b:0xa48564f3dad5b4b2,Seventeen Restaurant and Sushi bar,"Seventeen Restaurant and Sushi bar, 1751 Alton Rd, Miami Beach, FL 33139",25.792964899999998,-80.1408732,"['Kosher restaurant', 'Bar', 'Italian restaurant', 'Japanese restaurant', 'Kosher grocery store', 'Pizza restaurant', 'Self-catering accommodation', 'Sushi restaurant']",4.2,588,,
0x88d902f45ef0cef5:0x5f3e8230bb1dcc8,Sushi Boat,"Sushi Boat, 455 S Cypress Rd, Pompano Beach, FL 33060",26.224464599999997,-80.12354959999999,"['Sushi restaurant', 'Asian restaurant', 'Japanese restaurant', 'Restaurant']",4.5,133,$,"[['Saturday', '5–10PM'], ['Sunday', '5–10PM'], ['Monday', '11:30AM–3PM'], ['Tuesday', '11:30AM–3PM'], ['Wednesday', '11:30AM–3PM'], ['Thursday', '11:30AM–3PM'], ['Friday', '11:30AM–3PM']]"
0x88d8fd62ea1f86c5:0x1ec8b1664c793558,Take Sushi,"Take Sushi, 2714 E Atlantic Blvd, Pompano Beach, FL 33062",26.231272999999998,-80.09636019999999,"['Sushi restaurant', 'Asian restaurant', 'Japanese restaurant']",4.5,177,$$,"[['Saturday', '5–9PM'], ['Sunday', '5–9PM'], ['Monday', 'Closed'], ['Tuesday', '5–9PM'], ['Wednesday', '5–9PM'], ['Thursday', '12–2PM'], ['Friday', '12–2PM']]"
0x88e6d901e22342f3:0xe1ff7d7eb745e641,Hibachi Express,"Hibachi Express, 3813 Clyde Morris Blvd #101, Port Orange, FL 32129",29.1418833,-81.0333383,['Japanese restaurant'],4.3,138,,"[['Saturday', '11:30AM–9:30PM'], ['Sunday', '11:30AM–9PM'], ['Monday', 'Closed'], ['Tuesday', '11:30AM–9PM'], ['Wednesday', '11:30AM–9PM'], ['Thursday', '11:30AM–9PM'], ['Friday', '11:30AM–9:30PM']]"
0x88e5b5798e87f231:0x6b6ced63148d96e2,BENTO Jacksonville Southside,"BENTO Jacksonville Southside, 9734 Deer Lake Ct #11, Jacksonville, FL 32246",30.2646649,-81.55464979999999,"['Asian restaurant', 'Chinese restaurant', 'Japanese restaurant', 'Pan-Asian restaurant', 'Restaurant', 'Sushi restaurant']",4.3,1238,$$,"[['Friday', '11AM–10:30PM'], ['Saturday', '11:30AM–10:30PM'], ['Sunday', '11AM–9:30PM'], ['Monday', '11AM–9:30PM'], ['Tuesday', '11AM–10PM'], ['Wednesday', '11AM–10PM'], ['Thursday', '11AM–10PM']]"
0x88e5b57c1ff31f6d:0x729e69833742675d,Yashi Sushi,"Yashi Sushi, 4820 W Deer Lake Dr, Jacksonville, FL 32216",30.259731,-81.5540616,"['Sushi restaurant', 'Asian restaurant', 'Japanese restaurant']",4.4,458,$$,"[['Friday', '11AM–11PM'], ['Saturday', '11AM–11PM'], ['Sunday', '11:30AM–10PM'], ['Monday', '11AM–10PM'], ['Tuesday', '11AM–10PM'], ['Wednesday', '11AM–10PM'], ['Thursday', '11AM–10PM']]"
0x88d9b976e4631515:0xf0284d78792df625,Kamiko Sushi Bar,"Kamiko Sushi Bar, 2669 NW 79th Ave, Doral, FL 33122",25.7983796,-80.32463729999999,"['Japanese restaurant', 'Asian restaurant', 'Bar', 'Sushi restaurant']",4.5,613,$$,"[['Friday', '11:30AM–9PM'], ['Saturday', '1–9PM'], ['Sunday', '1–9PM'], ['Monday', '11:30AM–9PM'], ['Tuesday', '11:30AM–9PM'], ['Wednesday', '11:30AM–9PM'], ['Thursday', '11:30AM–9PM']]"
0x88d906391df0e0b7:0x9a24d378b6dff957,Asian Buffet & Grill,"Asian Buffet & Grill, 2091 N University Dr, Sunrise, FL 33322",26.1515262,-80.2584311,"['Buffet restaurant', 'Asian fusion restaurant', 'Chinese restaurant', 'Dim sum restaurant', 'Japanese restaurant', 'Sushi restaurant', 'Teppanyaki restaurant']",4.1,2858,$,"[['Friday', '11AM–10PM'], ['Saturday', '11AM–10PM'], ['Sunday', '11AM–10PM'], ['Monday', '11AM–10PM'], ['Tuesday', '11AM–10PM'], ['Wednesday', '11AM–10PM'], ['Thursday', '11AM–10PM']]"
0x88dd7eeec989b217:0x5d4b2d636c4064d2,Morimoto Asia,"Morimoto Asia, 1600 E Buena Vista Dr, Lake Buena Vista, FL 32830",28.3708571,-81.5180333,"['Asian fusion restaurant', 'Asian restaurant', 'Japanese restaurant', 'Restaurant', 'Sushi restaurant']",4.0,2618,$$$,"[['Friday', '4:30–10PM'], ['Saturday', '12–10PM'], ['Sunday', '12–9PM'], ['Monday', '4:30–9PM'], ['Tuesday', '4:30–9PM'], ['Wednesday', '4:30–9PM'], ['Thursday', '4:30–9PM']]"
0x88e7662ce92ad203:0xbb1424926e5563bc,Giant Panda,"Giant Panda, 11726 E Colonial Dr, Orlando, FL 32817",28.5664147,-81.2094918,"['Chinese restaurant', 'Asian restaurant', 'Buffet restaurant', 'Japanese restaurant', 'Sushi restaurant']",3.8,1485,$,"[['Friday', '11AM–9:30PM'], ['Saturday', '11AM–9:30PM'], ['Sunday', '11AM–9:30PM'], ['Monday', '11AM–9:30PM'], ['Tuesday', '11AM–9:30PM'], ['Wednesday', '11AM–9:30PM'], ['Thursday', '11AM–9:30PM']]"
0x88dedd0c1e0928d9:0x411a6c0a99711c35,Fujiyama,"Fujiyama, 2050 SE Federal Hwy, Stuart, FL 34994",27.1791976,-80.238805,"['Japanese restaurant', 'Japanese steakhouse', 'Restaurant']",4.5,778,$$,"[['Friday', '11AM–3PM'], ['Saturday', '11AM–11PM'], ['Sunday', '12–10PM'], ['Monday', '11AM–3PM'], ['Tuesday', '11AM–3PM'], ['Wednesday', '11AM–3PM'], ['Thursday', '11AM–3PM']]"
0x88dee7f02e6a694d:0x7864a45e7daa40fe,Welcome Oriental Food Market,"Welcome Oriental Food Market, 1282 NW Federal Hwy, Stuart, FL 34994",27.2204572,-80.26358619999999,"['Grocery store', 'Asian grocery store', 'Japanese grocery store', 'Korean grocery store']",4.7,256,,"[['Friday', '9:30AM–6:30PM'], ['Saturday', '9:30AM–7PM'], ['Sunday', '11AM–5:30PM'], ['Monday', '11AM–6:30PM'], ['Tuesday', '9:30AM–6:30PM'], ['Wednesday', '9:30AM–6:30PM'], ['Thursday', '9:30AM–6:30PM']]"
0x88deeae00119b333:0x59a6c377c33773,Sake Too Japanese & Thai Restaurant,"Sake Too Japanese & Thai Restaurant, 10785 SW Tradition Square, Port St. Lucie, FL 34987",27.2683441,-80.4326327,"['Thai restaurant', 'Authentic Japanese restaurant', 'Sushi restaurant']",4.3,448,$$,"[['Friday', '11:30AM–2:30PM'], ['Saturday', '12–2:30PM'], ['Sunday', '4:30–9:30PM'], ['Monday', '11:30AM–2:30PM'], ['Tuesday', '11:30AM–2:30PM'], ['Wednesday', '11:30AM–2:30PM'], ['Thursday', '11:30AM–2:30PM']]"
0x88d9c76c2a2ebac9:0x2114d22a66da9e90,Shinju Japanese Buffet,"Shinju Japanese Buffet, 8800 SW 72nd St, Miami, FL 33173",25.7019405,-80.33544409999999,"['Restaurant', 'Japanese restaurant']",4.3,1598,$$,"[['Friday', '11:30AM–3:30PM'], ['Saturday', '11:30AM–3:30PM'], ['Sunday', '12–3:30PM'], ['Monday', '11:30AM–3:30PM'], ['Tuesday', '11:30AM–3:30PM'], ['Wednesday', '11:30AM–3:30PM'], ['Thursday', '11:30AM–3:30PM']]"
0x88d9c22c4120992f:0xaa9a800a009dd7cd,Sushi Sake Country Walk,"Sushi Sake Country Walk, 15461 Southwest 137th Avenue #1279 Country Walk, Miami, FL 33177",25.6237276,-80.41395109999999,"['Sushi restaurant', 'Asian fusion restaurant', 'Asian restaurant', 'Bar', 'Cocktail bar', 'Japanese restaurant']",4.0,515,$$,"[['Friday', '11AM–3AM'], ['Saturday', '11AM–3AM'], ['Sunday', '11AM–12AM'], ['Monday', '11AM–12AM'], ['Tuesday', '11AM–12AM'], ['Wednesday', '11AM–12AM'], ['Thursday', '11AM–12AM']]"
0x88d9a531df40d517:0xa3bb93113dca190c,Tamura Japanese Seafood Buffet,"Tamura Japanese Seafood Buffet, 6728 Main St, Miami Lakes, FL 33014",25.912978,-80.310011,"['Japanese restaurant', 'Buffet restaurant', 'Restaurant', 'Seafood restaurant']",4.3,1378,$,"[['Friday', '11:30AM–3:30PM'], ['Saturday', '11:30AM–3:30PM'], ['Sunday', '11:30AM–3:30PM'], ['Monday', '11:30AM–3:30PM'], ['Tuesday', '11:30AM–3:30PM'], ['Wednesday', '11:30AM–3:30PM'], ['Thursday', '11:30AM–3:30PM']]"
0x88de13cac46ce7f1:0x6513ceb43fcedee3,NAOKI JAPANESE CUISINE,"NAOKI JAPANESE CUISINE, 3360 Dixie Hwy NE, Palm Bay, FL 32905",28.0570022,-80.5902708,"['Japanese restaurant', 'Restaurant']",4.6,418,$$,"[['Friday', '5–9PM'], ['Saturday', '5–9PM'], ['Sunday', 'Closed'], ['Monday', '5–9PM'], ['Tuesday', '5–9PM'], ['Wednesday', '5–9PM'], ['Thursday', '5–9PM']]"
0x88de0f4c90a3ccc1:0x38c71303c1d03546,Oishii Hibachi Express & Poke Bowl,"Oishii Hibachi Express & Poke Bowl, 3154 Lake Washington Rd, Melbourne, FL 32934",28.1482918,-80.6740045,"['Japanese restaurant', 'Asian fusion restaurant', 'Sushi takeaway', 'Teppanyaki restaurant']",4.7,134,,"[['Friday', '11AM–8:30PM'], ['Saturday', '11AM–8:30PM'], ['Sunday', '12–8:30PM'], ['Monday', '11AM–3PM'], ['Tuesday', '11AM–3PM'], ['Wednesday', '11AM–3PM'], ['Thursday', '11AM–3PM']]"
0x88de1355f0195127:0x49c6881d57a5063,Meshi Ya,"Meshi Ya, 2150 Harris Ave NE, Palm Bay, FL 32905",28.0342006,-80.60825539999999,"['Ramen restaurant', 'Asian fusion restaurant', 'Asian restaurant', 'Bubble tea store', 'Japanese restaurant', 'Japanese sweets restaurant', 'Noodle shop', 'Katsudon restaurant', 'Restaurant', 'Rice restaurant']",4.8,242,,"[['Friday', '11AM–8PM'], ['Saturday', '11AM–8PM'], ['Sunday', '11AM–8PM'], ['Monday', '11AM–8PM'], ['Tuesday', '11AM–8PM'], ['Wednesday', '11AM–8PM'], ['Thursday', '11AM–8PM']]"
0x88d9b681a8497489:0x4e60f7ade9e65f89,Osaka Miami,"Osaka Miami, 1300 Brickell Bay Dr, Miami, FL 33131",25.7603603,-80.1903572,['Japanese restaurant'],4.2,118,,"[['Friday', '1–3PM'], ['Saturday', '6PM–12AM'], ['Sunday', '12–4PM'], ['Monday', 'Closed'], ['Tuesday', '1–3PM'], ['Wednesday', '1–3PM'], ['Thursday', '1–3PM']]"
0x88e7c5d13a702a33:0xc6218d4578755797,Koyame Asian Express,"Koyame Asian Express, 1558 Bella Cruz Dr, Lady Lake, FL 32159",28.951869499999997,-81.96027959999999,"['Chinese restaurant', 'Asian restaurant', 'Japanese restaurant', 'Restaurant', 'Thai restaurant']",4.4,398,$,"[['Friday', '11AM–9PM'], ['Saturday', '11AM–9PM'], ['Sunday', '11:30AM–9PM'], ['Monday', '11AM–9PM'], ['Tuesday', '11AM–9PM'], ['Wednesday', '11AM–9PM'], ['Thursday', '11AM–9PM']]"
0x88d9b96ed4221d7f:0x34ce81dccf79cf48,Sushi Sake Doral,"Sushi Sake Doral, 2600 NW 87th Ave #17, Doral, FL 33172",25.7980329,-80.33747579999999,"['Sushi restaurant', 'Asian fusion restaurant', 'Asian restaurant', 'Bar', 'Cocktail bar', 'Japanese restaurant']",4.0,828,$$,"[['Friday', '11AM–3AM'], ['Saturday', '11AM–3AM'], ['Sunday', '11AM–12AM'], ['Monday', '11AM–12AM'], ['Tuesday', '11AM–12AM'], ['Wednesday', '11AM–12AM'], ['Thursday', '11AM–12AM']]"
0x88c2efd7334bbe93:0xd5653c404a9a233d,Saki Endless Sushi & Hibachi Restaurant,"Florida, Clearwater, Gulf to Bay Blvd, Saki Endless Sushi & Hibachi Restaurant邮政编码: 33759",27.957342099999998,-82.729361,"['Sushi restaurant', 'Japanese restaurant']",4.3,1664,$$,"[['Friday', '11AM–11PM'], ['Saturday', '11AM–11PM'], ['Sunday', '11:30AM–10PM'], ['Monday', '11AM–10PM'], ['Tuesday', '11AM–10PM'], ['Wednesday', '11AM–10PM'], ['Thursday', '11AM–10PM']]"
0x88c2b2dc0c0e1239:0xe09a4330296def9,Best Thai & Sushi,"Best Thai & Sushi, 35354 FL-54, Zephyrhills, FL 33541",28.2255151,-82.2314435,"['Japanese restaurant', 'Restaurant', 'Thai restaurant']",4.7,798,$$,"[['Friday', '11:30AM–3PM'], ['Saturday', '1–9:30PM'], ['Sunday', '4–9PM'], ['Monday', '11:30AM–3PM'], ['Tuesday', '11:30AM–3PM'], ['Wednesday', '11:30AM–3PM'], ['Thursday', '11:30AM–3PM']]"
0x88c2e53fdb0e500b:0x817f297a6314fafa,Sake House,"Sake House, 13505 Icot Blvd Suite 207, Clearwater, FL 33760",27.8948541,-82.7137001,"['Japanese restaurant', 'Asian fusion restaurant', 'Asian restaurant', 'Restaurant', 'Sushi restaurant']",4.0,153,,"[['Thursday', '11AM–10PM'], ['Friday', '11AM–11PM'], ['Saturday', '12:30–11PM'], ['Sunday', '4–10PM'], ['Monday', '11AM–10PM'], ['Tuesday', '11AM–10PM'], ['Wednesday', '11AM–10PM']]"
0x88e8a30e8651fb81:0xc1f8964c328de615,BENTO Gainesville Midtown,"BENTO Gainesville Midtown, 150 NW 13th St Suite 60, Gainesville, FL 32601",29.6532865,-82.3394418,"['Asian restaurant', 'Chinese restaurant', 'Japanese restaurant', 'Pan-Asian restaurant', 'Restaurant', 'Sushi restaurant']",4.2,218,,"[['Thursday', '11AM–10PM'], ['Friday', '11AM–10:30PM'], ['Saturday', '11:30AM–10:30PM'], ['Sunday', '11:30AM–10:30PM'], ['Monday', '11AM–10PM'], ['Tuesday', '11AM–10PM'], ['Wednesday', '11AM–10PM']]"
0x88e7105970d6f1ed:0x9d11409f85e89941,Asahi Japanese Restaurant and Sushi Bar,"Asahi Japanese Restaurant and Sushi Bar, 2424 S Volusia Ave, Orange City, FL 32763",28.919666399999997,-81.2981702,"['Sushi restaurant', 'Japanese restaurant', 'Restaurant']",4.3,348,$$,"[['Thursday', '11:30AM–8:30PM'], ['Friday', '11:30AM–9:30PM'], ['Saturday', '4–9:30PM'], ['Sunday', 'Closed'], ['Monday', '11:30AM–8:30PM'], ['Tuesday', '11:30AM–8:30PM'], ['Wednesday', '11:30AM–8:30PM']]"
0x88c2b7301a203489:0x2a62b238e99c632d,Ginza,"Ginza, 6417 E County Line Rd #104, Tampa, FL 33647",28.1696156,-82.3564966,"['Japanese restaurant', 'Restaurant']",4.1,458,$$,"[['Thursday', '11AM–9:30PM'], ['Friday', '11AM–10PM'], ['Saturday', '11AM–10PM'], ['Sunday', '12–9PM'], ['Monday', '11AM–9:30PM'], ['Tuesday', '11AM–9:30PM'], ['Wednesday', '11AM–9:30PM']]"
0x88dd8028afd64ddd:0xf4d0ebf30efead4c,Benihana,"Benihana, 1751 Hotel Plaza Blvd, Lake Buena Vista, FL 32830",28.3728835,-81.5105478,"['Japanese restaurant', 'Asian restaurant', 'Japanese steakhouse', 'Restaurant', 'Steak house', 'Sushi restaurant', 'Teppanyaki restaurant']",3.9,912,$$$,"[['Thursday', '4–10PM'], ['Friday', '2–10PM'], ['Saturday', '2–10PM'], ['Sunday', '2–10PM'], ['Monday', '4–10PM'], ['Tuesday', '4–10PM'], ['Wednesday', '4–10PM']]"
0x88e76fcab06c4bfd:0xf91d9c4ddf6d60df,Super 8 Chinese Restaurant,"Super 8 Chinese Restaurant, 1455 FL-436 #127, Casselberry, FL 32707",28.6285417,-81.3188389,"['Chinese restaurant', 'Asian restaurant', 'Japanese restaurant', 'Delivery Restaurant']",4.0,318,$$,"[['Thursday', '10:30AM–10PM'], ['Friday', '10:30AM–11PM'], ['Saturday', '11:30AM–11PM'], ['Sunday', '11:30AM–11PM'], ['Monday', '10:30AM–10PM'], ['Tuesday', '10:30AM–10PM'], ['Wednesday', '10:30AM–10PM']]"
0x88d8d66093b50f1f:0x11ee3c74f8d2d7b8,Saito Japanese Steakhouse,"Saito Japanese Steakhouse, 700 S Rosemary Ave #208, West Palm Beach, FL 33401",26.7075791,-80.0567238,['Japanese restaurant'],4.0,707,$$,"[['Thursday', '11:30AM–10PM'], ['Friday', '11:30AM–10PM'], ['Saturday', '12–11PM'], ['Sunday', '12–11PM'], ['Monday', '11:30AM–10PM'], ['Tuesday', '11:30AM–10PM'], ['Wednesday', '11:30AM–10PM']]"
0x88d9beca5c28d273:0xe46a7b52410d1635,Japan Inn,"Japan Inn, 1790 NW 107th Ave, Miami, FL 33172",25.790433699999998,-80.3691249,"['Japanese restaurant', 'Restaurant']",4.5,448,,"[['Wednesday', '12–10PM'], ['Thursday', '12–10PM'], ['Friday', '12–11PM'], ['Saturday', '12–11PM'], ['Sunday', '12–10PM'], ['Monday', '12–10PM'], ['Tuesday', '12–10PM']]"
0x88c31d41cf0cc42f:0x179ee425ad43198b,Tokyo Bay Japanese Restaurant & Sushi,"Tokyo Bay Japanese Restaurant & Sushi, 5901 Sun Blvd #121, St. Petersburg, FL 33715",27.712957,-82.714519,"['Japanese restaurant', 'Asian restaurant', 'Restaurant', 'Seafood restaurant', 'Sushi restaurant']",4.2,64,$$,"[['Wednesday', '5–9:30PM'], ['Thursday', '5–9:30PM'], ['Friday', '5–10PM'], ['Saturday', '5–10PM'], ['Sunday', '5–9:30PM'], ['Monday', 'Closed'], ['Tuesday', '5–9:30PM']]"
0x88c3401293d9cd73:0x3ae4ce4bf4a82b2f,Tsunami Sushi & Hibachi,"Tsunami Sushi & Hibachi, 100 Central Ave #1022, Sarasota, FL 34236",27.337529699999997,-82.5425042,"['Sushi restaurant', 'Asian restaurant', 'Bar & grill', 'Chinese restaurant', 'Delivery Chinese restaurant', 'Japanese restaurant', 'Live music venue', 'Pan-Asian restaurant', 'Sushi takeaway']",4.6,658,$$,"[['Wednesday', '11AM–2:30PM'], ['Thursday', '11AM–2:30PM'], ['Friday', '11AM–2:30PM'], ['Saturday', '12–2:30PM'], ['Sunday', '4:30–9PM'], ['Monday', '11AM–2:30PM'], ['Tuesday', '11AM–2:30PM']]"
0x88c341777f741647:0x6d3b740be4f22b30,Ichiban Restaurant & Sushi Bar,"Ichiban Restaurant & Sushi Bar, 2724 Stickney Point Rd, Sarasota, FL 34231",27.267369,-82.51544899999999,"['Asian restaurant', 'Japanese restaurant', 'Restaurant', 'Sushi restaurant']",4.5,636,$$,"[['Wednesday', '11AM–2PM'], ['Thursday', '11AM–2PM'], ['Friday', '11AM–2PM'], ['Saturday', '4–9PM'], ['Sunday', 'Closed'], ['Monday', '11AM–2PM'], ['Tuesday', '11AM–2PM']]"
0x88e44cb90c82b0c1:0x8c261911b3646e45,Sashimi Fusion,"Sashimi Fusion, 2771 Monument Rd #5, Jacksonville, FL 32225",30.363094699999998,-81.50153209999999,"['Japanese restaurant', 'Restaurant', 'Sushi restaurant']",4.5,518,$$,"[['Wednesday', '11AM–10PM'], ['Thursday', '11AM–10PM'], ['Friday', '11AM–10:30PM'], ['Saturday', '11AM–10:30PM'], ['Sunday', '12–9:30PM'], ['Monday', '11AM–10PM'], ['Tuesday', '11AM–10PM']]"
0x88e44910ad877d33:0x48c7c78ff22a30c5,Fancy Sushi,"Fancy Sushi, 251 3rd St, Neptune Beach, FL 32266",30.322875,-81.3973432,"['Sushi restaurant', 'Chinese restaurant', 'Authentic Japanese restaurant', 'Japanese restaurant']",4.6,497,$$,"[['Wednesday', '11AM–10PM'], ['Thursday', '11AM–10PM'], ['Friday', '11AM–11PM'], ['Saturday', '11AM–11PM'], ['Sunday', '12–10PM'], ['Monday', '11AM–10PM'], ['Tuesday', '11AM–10PM']]"
0x88d9a822520cdec5:0xb4fca65005e8bffd,Shinju Japanese Buffet,"Shinju Japanese Buffet, 3305 S University Dr, Davie, FL 33328",26.080580299999998,-80.2518216,"['Buffet restaurant', 'Japanese restaurant', 'Seafood donburi restaurant', 'Teppanyaki restaurant']",4.4,2580,$$,"[['Wednesday', '11:30AM–3PM'], ['Thursday', '11:30AM–3PM'], ['Friday', '11:30AM–3PM'], ['Saturday', '12–3:30PM'], ['Sunday', '12–3:30PM'], ['Monday', '11:30AM–3PM'], ['Tuesday', '11:30AM–3PM']]"
0x88d9ab7200970ad9:0xff12ff1760758526,Sushi Song Hollywood,"Sushi Song Hollywood, 1810 S Young Cir, Hollywood, FL 33020",26.010266899999998,-80.1435442,"['Sushi restaurant', 'Japanese restaurant', 'Raw food restaurant', 'Seafood restaurant']",4.2,298,,"[['Wednesday', '3PM–12AM'], ['Thursday', '3PM–12AM'], ['Friday', '3PM–12AM'], ['Saturday', '3PM–12AM'], ['Sunday', '3PM–12AM'], ['Monday', '3PM–12AM'], ['Tuesday', '3PM–12AM']]"
0x88d925f5e774366d:0xcad369136fadb2b3,Kabuki Sushi Thai Tapas,"Kabuki Sushi Thai Tapas, 2465 S State Rd 7 suite 100 suite 100, Wellington, FL 33414",26.6451021,-80.2047541,['Japanese restaurant'],4.4,327,$$,"[['Wednesday', '11:30AM–9:45PM'], ['Thursday', '11:30AM–9:45PM'], ['Friday', '11:30AM–10:30PM'], ['Saturday', '11:30AM–10:45PM'], ['Sunday', '11:30AM–10:45PM'], ['Monday', '11:30AM–9:45PM'], ['Tuesday', '11:30AM–9:45PM']]"
0x88d926d3a491566d:0xf3fa838d90cde393,Saito's Japanese Steakhouse,"Saito's Japanese Steakhouse, 8316 Jog Rd, Boynton Beach, FL 33472",26.5525,-80.1497222,['Japanese steakhouse'],4.3,358,$$,"[['Wednesday', '11:30AM–2:30PM'], ['Thursday', '11:30AM–2:30PM'], ['Friday', '11:30AM–2:30PM'], ['Saturday', '4:30–11PM'], ['Sunday', '4:30–10PM'], ['Monday', '11:30AM–2:30PM'], ['Tuesday', '11:30AM–2:30PM']]"
0x88d90209604921eb:0xb3b7c55200300b4c,Benihana,"Benihana, 276 E Commercial Blvd, Lauderdale-By-The-Sea, FL 33308",26.189530599999998,-80.102245,"['Japanese restaurant', 'Asian restaurant', 'Japanese steakhouse', 'Restaurant', 'Steak house', 'Sushi restaurant', 'Teppanyaki restaurant']",3.9,2313,$$$,"[['Wednesday', '11AM–10PM'], ['Thursday', '11AM–10PM'], ['Friday', '11AM–11PM'], ['Saturday', '11AM–11PM'], ['Sunday', '11AM–10PM'], ['Monday', '11AM–10PM'], ['Tuesday', '11AM–10PM']]"
0x88d9078ba380ec79:0x9c426bef625252f5,BENTO Davie,"BENTO Davie, 2260 S University Dr, Davie, FL 33324",26.0942085,-80.24963079999999,"['Asian restaurant', 'Chinese restaurant', 'Japanese restaurant', 'Pan-Asian restaurant', 'Restaurant', 'Sushi restaurant']",4.2,1585,$,"[['Wednesday', '11AM–10:30PM'], ['Thursday', '11AM–10:30PM'], ['Friday', '11AM–11PM'], ['Saturday', '11AM–11PM'], ['Sunday', '11AM–10PM'], ['Monday', '11AM–10PM'], ['Tuesday', '11AM–10PM']]"
0x88d9b49b9c2f5e19:0xf5e6a4a3f8598114,Katsuya South Beach,"Katsuya South Beach, 1701 Collins Ave STE 200, Miami Beach, FL 33139",25.792607,-80.12868399999999,"['Sushi restaurant', 'Asian restaurant', 'Bar', 'Cocktail bar', 'Event venue', 'Fine dining restaurant', 'Japanese restaurant', 'Lounge', 'Raw food restaurant', 'Wine bar']",4.2,308,$$$$,"[['Wednesday', '6–11PM'], ['Thursday', '6–11PM'], ['Friday', '6–11:30PM'], ['Saturday', '6–11:30PM'], ['Sunday', '6–11PM'], ['Monday', '6–11PM'], ['Tuesday', '6–11PM']]"
0x88c338e764c0429d:0x1525fd9f7bbbf714,YO! Sushi Sarasota,"YO! Sushi Sarasota, 140 University Town Center Dr, Sarasota, FL 34243",27.384463,-82.453183,"['Sushi restaurant', 'Japanese restaurant']",3.3,28,$$,"[['Wednesday', '11AM–8:30PM'], ['Thursday', '11AM–8:30PM'], ['Friday', '11AM–8:30PM'], ['Saturday', '11AM–8:30PM'], ['Sunday', '11AM–6PM'], ['Monday', '11AM–8:30PM'], ['Tuesday', '11AM–8:30PM']]"
0x88d9b68400c19799:0xdbf49c7ebee1a46e,Yuzi Yakitori,"Yuzi Yakitori, 1104 S Miami Ave, Miami, FL 33130",25.7632765,-80.1933208,"['Japanese restaurant', 'Sushi restaurant', 'Yakitori restaurant']",4.2,126,$$,"[['Tuesday', '12–10PM'], ['Wednesday', '12–10PM'], ['Thursday', '12–10PM'], ['Friday', '12–11PM'], ['Saturday', '2–11PM'], ['Sunday', '3–10PM'], ['Monday', '12–10PM']]"
0x88d9b4286f89d65b:0x4c5a3972495d8b6c,NAOE,"NAOE, 661 Brickell Key Dr, Miami, FL 33131",25.7678802,-80.18580349999999,"['Japanese restaurant', 'Seafood restaurant', 'Sukiyaki and Shabu Shabu restaurant', 'Sushi restaurant']",4.6,166,$$$$,"[['Tuesday', '5–9PM'], ['Wednesday', '5–9PM'], ['Thursday', '5–9PM'], ['Friday', '5–9PM'], ['Saturday', '5–9PM'], ['Sunday', '5–9PM'], ['Monday', '5–9PM']]"
0x88d9b2e5ae330987:0x6397d7f70b866868,Katana Japanese Restaurant,"Katana Japanese Restaurant, 920 71st St, Miami Beach, FL 33141",25.855459999999997,-80.1282906,"['Japanese restaurant', 'Sushi restaurant']",4.6,853,$,"[['Tuesday', '5–11PM'], ['Wednesday', '5–11PM'], ['Thursday', '5–11PM'], ['Friday', '5–11PM'], ['Saturday', '5–11PM'], ['Sunday', '5–11PM'], ['Monday', '5–11PM']]"
0x88d8dfdb3438a59d:0x8e170bd245d579,Lemongrass Asian Bistro,"Lemongrass Asian Bistro, 420 E Atlantic Ave, Delray Beach, FL 33483",26.461430999999997,-80.068552,"['Asian restaurant', 'Bar', 'Japanese restaurant', 'Noodle shop', 'Pan-Asian restaurant', 'Restaurant', 'Southeast Asian restaurant', 'Sushi restaurant', 'Thai restaurant']",4.4,818,$$,"[['Tuesday', '11:30AM–2:30PM'], ['Wednesday', '11:30AM–2:30PM'], ['Thursday', '11:30AM–2:30PM'], ['Friday', '11:30AM–2:30PM'], ['Saturday', '12–10:30PM'], ['Sunday', '12–10PM'], ['Monday', '11:30AM–2:30PM']]"
0x88d92f5f02fa24a1:0xebd21cb1f7b9d913,Saito's Japanese Steakhouse,"Saito's Japanese Steakhouse, 10240 Forest Hill Blvd #140, Wellington, FL 33414",26.649856,-80.207653,"['Restaurant', 'Japanese steakhouse']",4.1,718,$$,"[['Tuesday', '11:30AM–10PM'], ['Wednesday', '11:30AM–10PM'], ['Thursday', '11:30AM–10PM'], ['Friday', '11:30AM–11PM'], ['Saturday', '12–11PM'], ['Sunday', '12–10PM'], ['Monday', '11:30AM–10PM']]"
0x88e768f59d614ce7:0x35f17939930abe36,BENTO Orlando UCF,"BENTO Orlando UCF, 12250 Strategy Blvd #443, Orlando, FL 32817",28.599794,-81.20875869999999,"['Asian restaurant', 'Chinese restaurant', 'Japanese restaurant', 'Pan-Asian restaurant', 'Restaurant', 'Sushi restaurant']",4.3,1277,$$,"[['Tuesday', '11AM–10PM'], ['Wednesday', '11AM–10:30PM'], ['Thursday', '11AM–10:30PM'], ['Friday', '11AM–11PM'], ['Saturday', '11:30AM–11PM'], ['Sunday', '11:30AM–10PM'], ['Monday', '11AM–10PM']]"
0x88c2e122569f1c79:0x13ae909f0a5bc20a,BENTO Downtown St. Petersburg,"BENTO Downtown St. Petersburg, 320 3rd St S, St. Petersburg, FL 33701",27.767936499999998,-82.6368181,"['Asian restaurant', 'Chinese restaurant', 'Japanese restaurant', 'Pan-Asian restaurant', 'Restaurant', 'Sushi restaurant']",4.1,478,$,"[['Tuesday', '11AM–9:30PM'], ['Wednesday', '11AM–9:30PM'], ['Thursday', '11AM–9:30PM'], ['Friday', '11AM–10:30PM'], ['Saturday', '12–10:30PM'], ['Sunday', '12–9:30PM'], ['Monday', '11AM–9:30PM']]"
0x88c35486f1c255e5:0x37e525d0f35a7ff8,Kumo Japanese Steak House,"Kumo Japanese Steak House, 17945 Tamiami Trail, North Port, FL 34287",27.0368824,-82.2124405,"['Japanese restaurant', 'Bar', 'Japanese steakhouse', 'Steak house', 'Sushi restaurant']",4.2,826,$$,"[['Tuesday', '11AM–3PM'], ['Wednesday', '11AM–3PM'], ['Thursday', '11AM–3PM'], ['Friday', '11AM–3PM'], ['Saturday', '11AM–3PM'], ['Sunday', '12–10PM'], ['Monday', '11AM–3PM']]"
0x88d8d61c02b297bd:0x2372bbb0de689f37,Crazy Buffet & Grill,"Crazy Buffet & Grill, 2030 Palm Beach Lakes Blvd, West Palm Beach, FL 33409",26.7144385,-80.09212339999999,"['Buffet restaurant', 'Asian restaurant', 'Bar', 'Chinese restaurant', 'Japanese restaurant', 'Restaurant', 'Sushi restaurant']",4.1,2458,$$,"[['Tuesday', '11AM–3:45PM'], ['Wednesday', '11AM–3:45PM'], ['Thursday', '11AM–3:45PM'], ['Friday', '11:30AM–3:45PM'], ['Saturday', '11:30AM–3:45PM'], ['Sunday', '11:30AM–3:45PM'], ['Monday', '11AM–3:45PM']]"
0x88d929e1e7895657:0xabc5170d3b2b69eb,Fresh Element,"Fresh Element, 711 Village Blvd STE 103, West Palm Beach, FL 33409",26.7134944,-80.1003678,"['Asian fusion restaurant', 'Asian restaurant', 'Chinese restaurant', 'Health food restaurant', 'Japanese restaurant', 'Delivery Restaurant', 'Takeout Restaurant', 'Ramen restaurant', 'Sushi restaurant', 'Thai restaurant']",4.5,358,$$,"[['Tuesday', '11AM–9PM'], ['Wednesday', '11AM–9PM'], ['Thursday', '11AM–9PM'], ['Friday', '11AM–10PM'], ['Saturday', '11AM–10PM'], ['Sunday', '3–9PM'], ['Monday', '11AM–9PM']]"
0x88ef3a338641538f:0x38ce3543bf87eab6,Wasabi,"Wasabi, 313 NW Commons Loop, Lake City, FL 32055",30.1807533,-82.6650561,"['Japanese restaurant', 'Asian restaurant', 'Sushi restaurant']",4.4,238,$$,"[['Tuesday', '11AM–10PM'], ['Wednesday', '11AM–10PM'], ['Thursday', '11AM–10PM'], ['Friday', '11AM–10:30PM'], ['Saturday', '11AM–10:30PM'], ['Sunday', '11:30AM–9:45PM'], ['Monday', '11AM–10PM']]"
0x88e0a78b6c60a559:0x20fcd720bd405aed,Thai Fuku,"Thai Fuku, 3800 N Atlantic Ave Ste. 6, Cocoa Beach, FL 32931",28.353825999999998,-80.609033,"['Thai restaurant', 'Asian restaurant', 'Barbecue restaurant', 'Japanese restaurant', 'Restaurant', 'Sushi restaurant']",4.1,284,$$,"[['Tuesday', '11:30AM–3PM'], ['Wednesday', '11:30AM–3PM'], ['Thursday', '11:30AM–3PM'], ['Friday', '11:30AM–3PM'], ['Saturday', '11:30AM–3PM'], ['Sunday', '4–9:30PM'], ['Monday', '11:30AM–3PM']]"
0x88c3406d23608c25:0x1cce46a203627e96,Drunken Poet Cafe Thai Bistro & Sushi Bar,"Drunken Poet Cafe Thai Bistro & Sushi Bar, 1572 Main St, Sarasota, FL 34236",27.336288399999997,-82.5392456,"['Thai restaurant', 'Asian restaurant', 'Japanese restaurant', 'Restaurant', 'Southeast Asian restaurant', 'Sushi restaurant']",4.3,564,$$,"[['Tuesday', '11AM–10PM'], ['Wednesday', '11AM–10PM'], ['Thursday', '11AM–10PM'], ['Friday', '11AM–12AM'], ['Saturday', '11AM–12AM'], ['Sunday', '11AM–10PM'], ['Monday', '11AM–10PM']]"
0x88c2f084bcd10845:0x6fb9da4834508f3a,Golden Wok China Buffet,"Golden Wok China Buffet, 1410 Missouri Ave N, Largo, FL 33770",27.930045999999997,-82.78685,"['Chinese restaurant', 'Buffet restaurant', 'Japanese restaurant', 'Sushi restaurant']",3.6,743,$,"[['Tuesday', '11AM–10PM'], ['Wednesday', '11AM–10PM'], ['Thursday', '11AM–10PM'], ['Friday', '11AM–10PM'], ['Saturday', '11AM–10PM'], ['Sunday', '11AM–10PM'], ['Monday', '11AM–10PM']]"
0x88d9195e954a7afb:0x8007ebc8868ec81f,Teriyaki Madness,"Teriyaki Madness, 20437 FL-7 B6, Boca Raton, FL 33498",26.3714288,-80.2063355,"['Asian fusion restaurant', 'Caterer', 'Fast food restaurant', 'Gluten-free restaurant', 'Japanese restaurant', 'Restaurant']",3.8,518,$,"[['Tuesday', '11AM–9PM'], ['Wednesday', '11AM–9PM'], ['Thursday', '11AM–9PM'], ['Friday', '11AM–9PM'], ['Saturday', '11AM–9PM'], ['Sunday', '11AM–9PM'], ['Monday', '11AM–9PM']]"
0x8890eea439ccb7bd:0xbb18d75f70b281a5,Nikko Japanese Steak House and Sushi Bar,"Nikko Japanese Steak House and Sushi Bar, 4510 US-90, Pace, FL 32571",30.6041796,-87.1359942,"['Japanese restaurant', 'Asian restaurant', 'Japanese steakhouse', 'Takeout Restaurant', 'Sushi restaurant']",4.0,598,$$,"[['Tuesday', '11AM–8PM'], ['Wednesday', '11AM–8PM'], ['Thursday', '11AM–9PM'], ['Friday', '11AM–9PM'], ['Saturday', '11AM–9PM'], ['Sunday', '11AM–8PM'], ['Monday', '11AM–8PM']]"
0x88d9b969f8ec5271:0x66da70b4a9bbc361,Kokai Sushi & Lounge,"Kokai Sushi & Lounge, 9036 NW 25th St, Doral, FL 33172",25.7962323,-80.3433632,"['Sushi restaurant', 'Asian restaurant', 'Fusion restaurant', 'Japanese restaurant']",4.6,498,$$,"[['Tuesday', '12–10:30PM'], ['Wednesday', '12–10:30PM'], ['Thursday', '12–10:30PM'], ['Friday', '12–10:30PM'], ['Saturday', '1–10:30PM'], ['Sunday', '1–9PM'], ['Monday', '12–10:30PM']]"
0x88d9adae34f33bf5:0x29e89d987bbb8ef2,Sushi Express by Yakko-San,"Sushi Express by Yakko-San, 17040 W Dixie Hwy, North Miami Beach, FL 33160",25.9330698,-80.1533467,"['Sushi restaurant', 'Asian restaurant', 'Japanese restaurant', 'Restaurant']",3.8,287,$,"[['Tuesday', '12–11PM'], ['Wednesday', '12–11PM'], ['Thursday', '12–11PM'], ['Friday', '12PM–12AM'], ['Saturday', '12PM–12AM'], ['Sunday', '12–11PM'], ['Monday', '12–11PM']]"
0x88db578600a4dbad:0xf3a0d7a6b7d9d907,Amimoto Japanese Restaurants,"Amimoto Japanese Restaurants, 2705 Tamiami Trail STE 115, Punta Gorda, FL 33950",26.9134747,-82.04594879999999,['Japanese restaurant'],4.6,208,$$,"[['Tuesday', '5–9PM'], ['Wednesday', '5–9PM'], ['Thursday', '5–9PM'], ['Friday', '5–9PM'], ['Saturday', '5–9PM'], ['Sunday', 'Closed'], ['Monday', 'Closed']]"
0x88d8e047e1caa905:0x4e1bfd4fd6ad6979,Ichiban Sushi and Thai,"Ichiban Sushi and Thai, 7400 N Federal Hwy C5, Boca Raton, FL 33487",26.415729,-80.074754,['Japanese restaurant'],4.5,178,$$,"[['Tuesday', '11AM–10PM'], ['Wednesday', '11AM–10PM'], ['Thursday', '11AM–10PM'], ['Friday', '11AM–10:30PM'], ['Saturday', '12–10:30PM'], ['Sunday', '3–9PM'], ['Monday', '11AM–10PM']]"
0x88e5b82b2cdc13bd:0x757c1a2d4fd7db4e,Sumo Sushi,"Sumo Sushi, 2726 Park St, Jacksonville, FL 32205",30.310014,-81.694363,"['Sushi restaurant', 'Asian restaurant', 'Japanese restaurant']",4.1,238,$$,"[['Monday', '4–10PM'], ['Tuesday', '11AM–10PM'], ['Wednesday', '11AM–10PM'], ['Thursday', '11AM–10PM'], ['Friday', '11AM–11PM'], ['Saturday', '11AM–11PM'], ['Sunday', '12–10PM']]"
0x88e81ee6fcf7bd07:0x6770cdb985e80ebe,Wasabi Sushi & Grill,"Wasabi Sushi & Grill, 13154 Cortez Blvd, Brooksville, FL 34613",28.5323028,-82.5090389,['Japanese restaurant'],4.5,638,$$,"[['Monday', '11AM–9:30PM'], ['Tuesday', '11AM–9:30PM'], ['Wednesday', '11AM–9:30PM'], ['Thursday', '11AM–9:30PM'], ['Friday', '11AM–10:30PM'], ['Saturday', '11AM–10:30PM'], ['Sunday', '11AM–9:30PM']]"
0x88d91db409062ea1:0x86d50614451111b8,Rise Sushi - Fine Asian Cuisine,"Rise Sushi - Fine Asian Cuisine, 6853 SW 18th St #118, Boca Raton, FL 33433",26.3324872,-80.1506565,"['Sushi restaurant', 'Asian restaurant', 'Japanese restaurant', 'Restaurant', 'Thai restaurant']",4.3,538,$$,"[['Monday', 'Closed'], ['Tuesday', '12–9PM'], ['Wednesday', '12–9PM'], ['Thursday', '12–9PM'], ['Friday', '12–10PM'], ['Saturday', '12–10PM'], ['Sunday', '12–9PM']]"
0x88d8d835acdd2fc1:0xff3f82eaf6cc7979,Hachi By Nawa Thai Sushi Korean & Ramen,"Hachi By Nawa Thai Sushi Korean & Ramen, 809 Lake Ave, Lake Worth, FL 33460",26.615762699999998,-80.05677229999999,"['Restaurant', 'Japanese restaurant', 'Korean restaurant', 'Ramen restaurant']",4.5,397,$$,"[['Monday', '11:30AM–10PM'], ['Tuesday', '11:30AM–10PM'], ['Wednesday', '11:30AM–10PM'], ['Thursday', '11:30AM–10PM'], ['Friday', '11:30AM–11PM'], ['Saturday', '12–11PM'], ['Sunday', '12–10PM']]"
0x88ec58b6201344c7:0xf83f5e608a2c6bb3,Osaka Japanese Steak House,"Osaka Japanese Steak House, 1489 Maclay Commerce Dr, Tallahassee, FL 32312",30.508345499999997,-84.25057939999999,"['Japanese restaurant', 'Bar', 'Japanese steakhouse', 'Steak house']",4.4,958,$$,"[['Monday', '11AM–9PM'], ['Tuesday', '11AM–9PM'], ['Wednesday', '11AM–9PM'], ['Thursday', '11AM–9PM'], ['Friday', '11AM–10:30PM'], ['Saturday', '11AM–10:30PM'], ['Sunday', '11AM–9PM']]"
0x88e77ec06b24c7e7:0xc8078e0af0ef1a70,Sarku Japan,"Sarku Japan, 4969 International Drive Space #FC-2, Orlando, FL 32819",28.475395799999998,-81.45080999999999,"['Japanese restaurant', 'Fast food restaurant', 'Restaurant', 'Sushi restaurant', 'Teppanyaki restaurant']",4.4,48,$,"[['Monday', '11AM–7PM'], ['Tuesday', '11AM–7PM'], ['Wednesday', '11AM–7PM'], ['Thursday', '11AM–7PM'], ['Friday', '11AM–8PM'], ['Saturday', '11AM–8PM'], ['Sunday', '11AM–7PM']]"
0x88d9b69d1a756195:0x6059259dbd8c7337,Zuma Miami,"Zuma Miami, 270 Biscayne Blvd Way, Miami, FL 33131",25.7704959,-80.1892605,"['Japanese restaurant', 'Brunch restaurant', 'Restaurant']",4.4,1683,$$$$,"[['Monday', '6–11PM'], ['Tuesday', '6–11PM'], ['Wednesday', '6–11PM'], ['Thursday', '6–11PM'], ['Friday', '6–11:30PM'], ['Saturday', '11:30AM–3PM'], ['Sunday', '11:30AM–3:30PM']]"
0x88c2c372cbb3f0c5:0xd73048e656d33cb,SoHo Sushi,"SoHo Sushi, 3218 W Kennedy Blvd, Tampa, FL 33609",27.944509999999998,-82.4967571,"['Sushi restaurant', 'Asian restaurant', 'Japanese restaurant']",4.6,894,$$,"[['Sunday', 'Closed'], ['Monday', '5–10PM'], ['Tuesday', '5–10PM'], ['Wednesday', '5–10PM'], ['Thursday', '5–10PM'], ['Friday', '5–10PM'], ['Saturday', '5–10PM']]"
0x88d9a6a1723a97cb:0x83d5a34924b532fc,Nori Tori Japanese Buffet,"Nori Tori Japanese Buffet, 14838 Pines Blvd, Pembroke Pines, FL 33027",26.0063583,-80.34696389999999,['Japanese restaurant'],4.4,1958,$$,"[['Sunday', '12–3:30PM'], ['Monday', '11:30AM–3:30PM'], ['Tuesday', '11:30AM–3:30PM'], ['Wednesday', '11:30AM–3:30PM'], ['Thursday', '11:30AM–3:30PM'], ['Friday', '11:30AM–3PM'], ['Saturday', '12–3:30PM']]"
0x88e76515ed5175cd:0xc1f7072450583a7e,Izziban Sushi & BBQ,"Izziban Sushi & BBQ, 5310 E Colonial Dr, Orlando, FL 32807",28.5538606,-81.3171699,"['Sushi restaurant', 'Japanese restaurant', 'Korean barbecue restaurant', 'Restaurant']",4.3,3165,$$,"[['Sunday', '11:30AM–1AM'], ['Monday', '11:30AM–1AM'], ['Tuesday', '11:30AM–1AM'], ['Wednesday', '11:30AM–1AM'], ['Thursday', '11:30AM–1AM'], ['Friday', '11:30AM–1AM'], ['Saturday', '11:30AM–1AM']]"
0x88c2e9fa4dead649:0x6637adc5ef1922f0,Tokyo Japanese & Chinese Restaurant,"Tokyo Japanese & Chinese Restaurant, 7911 W Hillsborough Ave, Tampa, FL 33615",27.997002,-82.57014099999999,"['Japanese restaurant', 'Chinese restaurant', 'Delivery Restaurant', 'Sushi restaurant']",4.3,818,$,"[['Sunday', '12–10PM'], ['Monday', '11AM–10PM'], ['Tuesday', '11AM–10PM'], ['Wednesday', '11AM–10PM'], ['Thursday', '11AM–10PM'], ['Friday', '11AM–11PM'], ['Saturday', '11AM–11PM']]"
0x88e77fa1d2da58c3:0x26d2c5c20921e522,Dragonfly Robata Grill & Sushi,"Dragonfly Robata Grill & Sushi, 7972 Via Dellagio Way, Orlando, FL 32819",28.4505584,-81.49356379999999,"['Asian fusion restaurant', 'Japanese restaurant', 'Pub', 'Sushi restaurant']",4.6,824,$$$,"[['Sunday', '5–10PM'], ['Monday', '5–10PM'], ['Tuesday', '5–10PM'], ['Wednesday', '5–10PM'], ['Thursday', '5–10PM'], ['Friday', '5–11PM'], ['Saturday', '5–11PM']]"
0x88e77b1d5e2eb599:0xa647cf2e8c64b8f5,JINYA Ramen Bar - Orlando,"JINYA Ramen Bar - Orlando, 8 N Summerlin Ave, Orlando, FL 32801",28.5428198,-81.3686386,"['Restaurant', 'Asian restaurant', 'Japanese restaurant', 'Ramen restaurant']",4.6,1398,$$,"[['Sunday', '11AM–10PM'], ['Monday', '11AM–10PM'], ['Tuesday', '11AM–10PM'], ['Wednesday', '11AM–10PM'], ['Thursday', '11AM–10PM'], ['Friday', '11AM–10PM'], ['Saturday', '11AM–10PM']]"
0x88dd12e340bdc1e5:0xf613575152fd040e,SAKURA JAPANESE STEAK HOUSE AND SUSHI BAR,"SAKURA JAPANESE STEAK HOUSE AND SUSHI BAR, 787 3rd St SW, Winter Haven, FL 33880",28.013401199999997,-81.7315514,"['Japanese restaurant', 'Asian fusion restaurant', 'Asian restaurant', 'Family restaurant', 'Japanese steakhouse', 'Sushi restaurant', 'Teppanyaki restaurant']",4.4,1607,$$,"[['Sunday', '12–9:30PM'], ['Monday', '11AM–3PM'], ['Tuesday', '11AM–3PM'], ['Wednesday', '11AM–3PM'], ['Thursday', '11AM–3PM'], ['Friday', '11AM–3PM'], ['Saturday', '11AM–3PM']]"
0x88e77fab3557f39d:0x184a5817a4f4a90c,Kobe Japanese Steakhouse,"Kobe Japanese Steakhouse, 8148 International Dr, Orlando, FL 32819",28.4477481,-81.47171,"['Japanese steakhouse', 'Asian restaurant', 'Japanese restaurant', 'Restaurant', 'Stand bar', 'Steak house', 'Sushi restaurant', 'Teppanyaki restaurant']",4.6,2552,$$,"[['Sunday', '12–9:30PM'], ['Monday', '5–9:30PM'], ['Tuesday', '5–9:30PM'], ['Wednesday', '5–9:30PM'], ['Thursday', '5–9:30PM'], ['Friday', '5–10PM'], ['Saturday', '12–10PM']]"
0x88d9b2532234308f:0x3f76cf665e6db96e,Benihana,"Benihana, 1665 79th Street Causeway, North Bay Village, FL 33141",25.8491944,-80.15069439999999,"['Japanese restaurant', 'Asian restaurant', 'Japanese steakhouse', 'Restaurant', 'Steak house', 'Sushi restaurant', 'Teppanyaki restaurant']",3.9,1850,$$$,"[['Sunday', '11AM–10PM'], ['Monday', '11AM–10PM'], ['Tuesday', '11AM–10PM'], ['Wednesday', '11AM–10PM'], ['Thursday', '11AM–10PM'], ['Friday', '11AM–11PM'], ['Saturday', '11AM–11PM']]"
0x88d9005703d8c361:0xf2ff17793d8bb1f5,Sky Thai Sushi,"Sky Thai Sushi, 350 E Las Olas Blvd, Fort Lauderdale, FL 33301",26.118917999999997,-80.13989699999999,"['Thai restaurant', 'Asian fusion restaurant', 'Asian restaurant', 'Japanese restaurant', 'Delivery Restaurant', 'Takeout Restaurant', 'Restaurant', 'Sushi restaurant']",4.5,438,$$,"[['Sunday', '12–9:30PM'], ['Monday', '11:30AM–10PM'], ['Tuesday', '11:30AM–10PM'], ['Wednesday', '11:30AM–10PM'], ['Thursday', '11:30AM–10PM'], ['Friday', '11:30AM–10:30PM'], ['Saturday', '12–10:30PM']]"
0x88d9056d369a9e33:0xa70764086046e2d,Sarku Japan,"Sarku Japan, 7974 W McNab Rd, North Lauderdale, FL 33068",26.206761699999998,-80.2313641,"['Japanese restaurant', 'Asian restaurant', 'Fast food restaurant', 'Sushi restaurant', 'Teppanyaki restaurant']",4.7,98,$,"[['Sunday', 'Closed'], ['Monday', '11AM–9PM'], ['Tuesday', '11AM–9PM'], ['Wednesday', '11AM–9PM'], ['Thursday', '11AM–9PM'], ['Friday', '11AM–9PM'], ['Saturday', '11AM–9PM']]"
0x88c2ce7898a93b23:0xae6f6cb561c7d16a,BOM Oriental Market,"BOM Oriental Market, 112 Pauls Dr, Brandon, FL 33511",27.9365997,-82.3027267,"['Asian grocery store', 'Japanese grocery store', 'Korean grocery store']",4.6,769,,"[['Sunday', '10AM–6PM'], ['Monday', '9AM–8PM'], ['Tuesday', '9AM–8PM'], ['Wednesday', '9AM–8PM'], ['Thursday', '9AM–8PM'], ['Friday', '9AM–8PM'], ['Saturday', '9AM–8PM']]"
0x88d8d8b6068de0e9:0x7d9615f4313d094e,Sushi Bang Bang,"Sushi Bang Bang, 1050 Gateway Blvd #103, Boynton Beach, FL 33426",26.5503048,-80.0764645,['Japanese restaurant'],4.5,408,$$,"[['Sunday', '12–10PM'], ['Monday', '11AM–10PM'], ['Tuesday', '11AM–10PM'], ['Wednesday', '11AM–10PM'], ['Thursday', '11AM–10PM'], ['Friday', '11AM–10PM'], ['Saturday', '11AM–10PM']]"
0x88de11dd54510c31:0x61cd11423a1fc3ce,Makoto,"Makoto, 785 S Babcock St Space 4, Melbourne, FL 32901",28.0952093,-80.6211187,"['Japanese steakhouse', 'Restaurant', 'Seafood restaurant', 'Steak house', 'Sushi restaurant', 'Teppanyaki restaurant']",4.4,2241,$$,"[['Sunday', '12AM–8PM'], ['Monday', '11AM–2PM'], ['Tuesday', '11AM–2PM'], ['Wednesday', '11AM–2PM'], ['Thursday', '11AM–2PM'], ['Friday', '11AM–2PM'], ['Saturday', '11AM–2PM']]"
0x8890c65f763d9eb1:0x43ce8dbdb352b30c,Shan Kishi Japanese Hibachi,"Shan Kishi Japanese Hibachi, 804 Gulf Breeze Pkwy, Gulf Breeze, FL 32561",30.360108999999998,-87.16535999999999,"['Japanese restaurant', 'Asian restaurant', 'Takeout Restaurant', 'Restaurant', 'Soup restaurant', 'Sushi restaurant']",4.4,478,$$,"[['Sunday', '12–10PM'], ['Monday', '11AM–3PM'], ['Tuesday', '11AM–3PM'], ['Wednesday', '11AM–3PM'], ['Thursday', '11AM–3PM'], ['Friday', '11AM–3PM'], ['Saturday', '12–10:30PM']]"
0x88d9c22df2bdbb23:0xbed8af9d20ffbf62,Sushi Lico,"Sushi Lico, 15896 SW 137th Ave, Miami, FL 33177",25.619812,-80.41535189999999,"['Sushi restaurant', 'Asian restaurant', 'Japanese restaurant', 'Thai restaurant']",4.5,328,$$,"[['Saturday', '1–11PM'], ['Sunday', '12–11AM'], ['Monday', '11:45AM–3PM'], ['Tuesday', '11:45AM–3PM'], ['Wednesday', '11:45AM–3PM'], ['Thursday', '11:45AM–3PM'], ['Friday', '11:45AM–11PM']]"
0x88dd81e18d02ca59:0xd6313f36ac8870c6,Hokkaido Chinese & Japanese Buffet,"Hokkaido Chinese & Japanese Buffet, 5737 W Irlo Bronson Memorial Hwy, Kissimmee, FL 34746",28.333479999999998,-81.514377,"['Asian restaurant', 'Buffet restaurant', 'Chinese restaurant', 'Japanese restaurant', 'Seafood restaurant', 'Sushi restaurant']",4.0,3667,$,"[['Saturday', '11AM–11PM'], ['Sunday', '11AM–11PM'], ['Monday', '11AM–11PM'], ['Tuesday', '11AM–11PM'], ['Wednesday', '11AM–11PM'], ['Thursday', '11AM–11PM'], ['Friday', '11AM–11PM']]"
0x88d9c76e7932b4b7:0x79db54a0f5d438e7,Kampai,"Kampai, 8745 SW 72nd St, Miami, FL 33173",25.7025577,-80.33490479999999,['Japanese restaurant'],4.5,435,$$,"[['Saturday', '12–11PM'], ['Sunday', '12–10PM'], ['Monday', '11:30AM–10:30PM'], ['Tuesday', '11:30AM–10:30PM'], ['Wednesday', '11:30AM–10:30PM'], ['Thursday', '11:30AM–10:30PM'], ['Friday', '11:30AM–11PM']]"
0x88d9b29e9585b17d:0xf8af2d74653086fd,Makoto,"Makoto, 9700 Collins Ave, Miami Beach, FL 33154",25.888378,-80.12523689999999,"['Sushi restaurant', 'Japanese restaurant', 'Takeout Restaurant', 'Restaurant', 'Sushi takeaway']",4.5,1047,$$$,"[['Saturday', '11:30AM–11PM'], ['Sunday', '11:30AM–11PM'], ['Monday', '11:30AM–11PM'], ['Tuesday', '11:30AM–11PM'], ['Wednesday', '11:30AM–11PM'], ['Thursday', '11:30AM–11PM'], ['Friday', '11:30AM–11PM']]"
0x88d900597e4da27d:0x4b5a9565e3207949,"Phat Boy Sushi, Kitchen & Bar - Oakland Park","Phat Boy Sushi, Kitchen & Bar - Oakland Park, 4100 N Federal Hwy, Fort Lauderdale, FL 33308",26.1787119,-80.1192674,"['Sushi restaurant', 'Asian restaurant', 'Japanese restaurant', 'Ramen restaurant']",4.5,544,$$,"[['Saturday', '11:30AM–12AM'], ['Sunday', '11:30AM–12AM'], ['Monday', '11:30AM–12AM'], ['Tuesday', '11:30AM–12AM'], ['Wednesday', '11:30AM–12AM'], ['Thursday', '11:30AM–12AM'], ['Friday', '11:30AM–12AM']]"
0x88c2d6ba169cc701:0x75d334fea9832737,Sticky Rice Sushi,"Sticky Rice Sushi, 11351 Big Bend Rd, Riverview, FL 33579",27.7910854,-82.316772,"['Restaurant', 'Japanese restaurant', 'Sushi restaurant', 'Thai restaurant']",4.7,458,$$,"[['Saturday', '3:30–9PM'], ['Sunday', 'Closed'], ['Monday', 'Closed'], ['Tuesday', '3:30–9PM'], ['Wednesday', '3:30–9PM'], ['Thursday', '3:30–9PM'], ['Friday', '3:30–9PM']]"
0x88c2d6c5bed74c8b:0xede7922bccde7b40,Sakura Japanese Steakhouse,"Sakura Japanese Steakhouse, 10722 Big Bend Rd, Riverview, FL 33579",27.792806,-82.330857,"['Japanese steakhouse', 'Asian restaurant', 'Japanese restaurant', 'Restaurant', 'Sushi restaurant']",4.3,1044,$$,"[['Saturday', '11AM–3PM'], ['Sunday', '12–10PM'], ['Monday', '11AM–3PM'], ['Tuesday', '11AM–3PM'], ['Wednesday', '11AM–3PM'], ['Thursday', '11AM–3PM'], ['Friday', '11AM–3PM']]"
0x88d9a438c9188aad:0xfe4750cd929d90e6,Blue Ginger Seafood Steakhouse,"Blue Ginger Seafood Steakhouse, 14395 Miramar Pkwy, Miramar, FL 33027",25.9792912,-80.33753159999999,"['Japanese restaurant', 'Bar', 'Sushi restaurant', 'Teppanyaki restaurant']",4.3,1607,$$,"[['Saturday', '12–10:30PM'], ['Sunday', '12–10PM'], ['Monday', '3–10PM'], ['Tuesday', '3–10PM'], ['Wednesday', '3–10PM'], ['Thursday', '3–10PM'], ['Friday', '3–10:30PM']]"
0x88d9ae7174a25a23:0x115f1caba97764ad,PK Oriental Mart,"PK Oriental Mart, 255 NE 167th St, Miami, FL 33162",25.9288888,-80.19565159999999,"['Asian grocery store', 'Grocery store', 'Japanese grocery store', 'Oriental goods store', 'Supermarket']",4.1,175,,"[['Saturday', '9:30AM–8PM'], ['Sunday', '9:30AM–8PM'], ['Monday', '9:30AM–8PM'], ['Tuesday', '9:30AM–8PM'], ['Wednesday', '9:30AM–8PM'], ['Thursday', '9:30AM–8PM'], ['Friday', '9:30AM–8PM']]"
0x88d9ada4b4fa5b65:0x7ced1b84b2b941d3,Ginza Japanese Buffet,"Ginza Japanese Buffet, 16153 Biscayne Blvd, North Miami Beach, FL 33160",25.9244079,-80.1536428,"['Buffet restaurant', 'Asian restaurant', 'Chinese restaurant', 'Japanese restaurant', 'Restaurant', 'Sushi restaurant']",4.4,3345,$,"[['Saturday', '11:30AM–3:30PM'], ['Sunday', '11:30AM–3:30PM'], ['Monday', '11:30AM–3:30PM'], ['Tuesday', '11:30AM–3:30PM'], ['Wednesday', '11:30AM–3:30PM'], ['Thursday', '11:30AM–3:30PM'], ['Friday', '11:30AM–3:30PM']]"
0x88d9a91bb3c0d75b:0xddaedc11cc99a28c,Teppanyaki Buffet,"Teppanyaki Buffet, 6795 Taft St, Hollywood, FL 33024",26.025698,-80.22364499999999,"['Buffet restaurant', 'American restaurant', 'Chinese restaurant', 'Japanese restaurant']",4.2,2456,$,"[['Saturday', '11AM–10PM'], ['Sunday', '11:30AM–9:30PM'], ['Monday', '11AM–9:30PM'], ['Tuesday', '11AM–9:30PM'], ['Wednesday', '11AM–9:30PM'], ['Thursday', '11AM–9:30PM'], ['Friday', '11AM–10PM']]"
0x88de050b84efd8d1:0xc1fd32fe30719943,Fujiyama Japanese Seafood and Steak,"Fujiyama Japanese Seafood and Steak, 5000 N Wickham Rd #111, Melbourne, FL 32940",28.1904222,-80.6732444,['Japanese restaurant'],4.4,1332,$$,"[['Friday', '11AM–2:30PM'], ['Saturday', '12–9:30PM'], ['Sunday', '12–9:30PM'], ['Monday', '11AM–2:30PM'], ['Tuesday', '11AM–2:30PM'], ['Wednesday', '11AM–2:30PM'], ['Thursday', '11AM–2:30PM']]"
0x88d9a8405ad63637:0x94edef79f014fec5,Orient Chef,"Orient Chef, 4653 S University Dr, Davie, FL 33328",26.063205,-80.2538831,"['Asian restaurant', 'Chinese restaurant', 'Japanese restaurant', 'Delivery Restaurant', 'Sushi restaurant', 'Vegetarian restaurant']",3.6,195,$,"[['Friday', '11AM–10PM'], ['Saturday', '11AM–10PM'], ['Sunday', '12–9PM'], ['Monday', '11AM–9PM'], ['Tuesday', '11AM–9PM'], ['Wednesday', '11AM–9PM'], ['Thursday', '11AM–9PM']]"
0x88d9078b83c863fd:0x9b6cd95d68101ee3,Ushio Sushi,"Ushio Sushi, 2211 S University Dr, Davie, FL 33324",26.093935899999998,-80.25214869999999,"['Sushi restaurant', 'Japanese restaurant', 'Restaurant']",4.5,667,$$,"[['Friday', '11:30AM–2:30PM'], ['Saturday', '12–10PM'], ['Sunday', '12–9PM'], ['Monday', '11:30AM–2:30PM'], ['Tuesday', '11:30AM–2:30PM'], ['Wednesday', '11:30AM–2:30PM'], ['Thursday', '11:30AM–2:30PM']]"
0x88d9b48fe3a68807:0xabec8529cf0213e4,Moshi Moshi South Beach,"Moshi Moshi South Beach, 1448 Washington Ave, Miami Beach, FL 33139",25.7870912,-80.1319563,"['Sushi restaurant', 'Japanese restaurant']",4.4,1297,$$,"[['Friday', '11AM–12AM'], ['Saturday', '11AM–12AM'], ['Sunday', '11AM–12AM'], ['Monday', '11AM–12AM'], ['Tuesday', '11AM–12AM'], ['Wednesday', '11AM–12AM'], ['Thursday', '11AM–12AM']]"
0x88d9ab98aacc67ed:0x13d097a4a140de96,GoBistro,"GoBistro, 2035 Hollywood Blvd, Hollywood, FL 33020",26.0116782,-80.1484541,"['Ramen restaurant', 'Brunch restaurant', 'Japanese restaurant', 'Sushi restaurant', 'Yakitori restaurant']",4.6,1705,$$,"[['Friday', '12–11PM'], ['Saturday', '12–11PM'], ['Sunday', '12–11PM'], ['Monday', '12–11PM'], ['Tuesday', '12–11PM'], ['Wednesday', '12–11PM'], ['Thursday', '12–11PM']]"
0x88d9a8c790154601:0x34123408de257357,Nami Japanese Restaurant,"Nami Japanese Restaurant, 8381 Pines Blvd, Pembroke Pines, FL 33024",26.0101446,-80.2542698,"['Japanese steakhouse', 'Restaurant', 'Sushi restaurant']",4.2,918,$$,"[['Friday', '12–10PM'], ['Saturday', '12–10PM'], ['Sunday', '12–10PM'], ['Monday', '12–10PM'], ['Tuesday', '12–10PM'], ['Wednesday', '12–10PM'], ['Thursday', '12–10PM']]"
0x88d90051d80d65bd:0x5bffd6c2a78b3e98,Asia Bay,"Asia Bay, 1111 E Las Olas Blvd, Fort Lauderdale, FL 33301",26.119434,-80.131734,"['Asian restaurant', 'Japanese restaurant', 'Sushi restaurant', 'Thai restaurant']",4.3,516,$$,"[['Friday', '4–11:15PM'], ['Saturday', '4–11:15PM'], ['Sunday', '4–10PM'], ['Monday', '4–10PM'], ['Tuesday', '4–10PM'], ['Wednesday', '4–10PM'], ['Thursday', '4–10PM']]"
0x88e76f6de87b0a19:0x931b11332e34392b,Sushi Café,"Sushi Café, 7550 University Blvd, Winter Park, FL 32792",28.596112299999998,-81.28583479999999,"['Japanese restaurant', 'Restaurant']",4.0,380,$$,"[['Friday', '11:30AM–9PM'], ['Saturday', '11:30AM–9PM'], ['Sunday', '11:30AM–9PM'], ['Monday', '11:30AM–9PM'], ['Tuesday', 'Closed'], ['Wednesday', '11:30AM–9PM'], ['Thursday', '11:30AM–9PM']]"
0x88e766352aa3b81d:0x6a16999eca723e16,Orlando Fuji Sushi,"Orlando Fuji Sushi, 504 N Alafaya Trail STE 117, Orlando, FL 32828",28.554574,-81.2079986,"['Sushi restaurant', 'Japanese restaurant']",4.3,608,$$,"[['Friday', '11:30AM–10PM'], ['Saturday', '11:30AM–10PM'], ['Sunday', '11:30AM–9:30PM'], ['Monday', '11:30AM–9:30PM'], ['Tuesday', '11:30AM–9:30PM'], ['Wednesday', '11:30AM–9:30PM'], ['Thursday', '11:30AM–9:30PM']]"
0x88e770bdb9e534b7:0xbca42ff31b8c4dd9,Fuji Sushi Japanese Cuisine,"Fuji Sushi Japanese Cuisine, 1449 Lee Rd, Winter Park, FL 32789",28.6062516,-81.3672885,"['Japanese restaurant', 'Sushi restaurant']",4.4,577,$$,"[['Friday', '11:30AM–2PM'], ['Saturday', '4–10:30PM'], ['Sunday', '4–9:30PM'], ['Monday', '11:30AM–2PM'], ['Tuesday', '11:30AM–2PM'], ['Wednesday', '11:30AM–2PM'], ['Thursday', '11:30AM–2PM']]"
0x88dd801611e2a5d1:0x1f36e4fd8e5d8d67,Kobe Japanese Steakhouse - Lake Buena Vista,"Kobe Japanese Steakhouse - Lake Buena Vista, 8460 Palm Pkwy, Orlando, FL 32836",28.3853707,-81.4999072,"['Japanese steakhouse', 'Asian restaurant', 'Japanese restaurant', 'Restaurant', 'Seafood restaurant', 'Stand bar', 'Steak house', 'Sushi restaurant', 'Teppanyaki restaurant']",4.6,1722,$$,"[['Friday', '5–10PM'], ['Saturday', '4–10PM'], ['Sunday', '4–9:30PM'], ['Monday', '5–9:30PM'], ['Tuesday', '5–9:30PM'], ['Wednesday', '5–9:30PM'], ['Thursday', '5–9:30PM']]"
0x88c2c308cb973463:0x91e08ff9f0c1ff84,Matoi Sushi,"Matoi Sushi, 602 N Dale Mabry Hwy, Tampa, FL 33609",27.9494944,-82.506125,"['Sushi restaurant', 'Asian restaurant', 'Japanese restaurant', 'Korean restaurant']",4.5,1358,$$,"[['Friday', '11:30AM–10PM'], ['Saturday', '12–10PM'], ['Sunday', '12–10PM'], ['Monday', 'Closed'], ['Tuesday', '11:30AM–10PM'], ['Wednesday', '11:30AM–10PM'], ['Thursday', '11:30AM–10PM']]"
0x88d9abd037f542b3:0x792e782c5413d97,BENTO Dania Beach,"BENTO Dania Beach, 27 S Pointe Dr, Dania Beach, FL 33004",26.0513746,-80.1599655,"['Asian restaurant', 'Chinese restaurant', 'Japanese restaurant', 'Pan-Asian restaurant', 'Restaurant', 'Sushi restaurant']",3.7,98,,"[['Friday', '11:30AM–10:30PM'], ['Saturday', '11:30AM–10:30PM'], ['Sunday', '11:30AM–10PM'], ['Monday', '11:30AM–10PM'], ['Tuesday', '11:30AM–10PM'], ['Wednesday', '11:30AM–10PM'], ['Thursday', '11:30AM–10PM']]"
0x88d9b487bec2a589:0x2a59a98b591bfa5,Doraku Izakaya and Sushi,"Doraku Izakaya and Sushi, 1104 Lincoln Rd, Miami Beach, FL 33139",25.7903116,-80.140315,"['Sushi restaurant', 'Asian restaurant', 'Bar', 'Japanese restaurant', 'Seafood restaurant']",4.1,768,$$,"[['Friday', '12–11:30PM'], ['Saturday', '12–11:30PM'], ['Sunday', '12–10:30PM'], ['Monday', '12–10:30PM'], ['Tuesday', '12–10:30PM'], ['Wednesday', '12–10:30PM'], ['Thursday', '12–10:30PM']]"
0x88d927c9c260d6df:0x3a75d0806e1a5851,King China Buffet,"King China Buffet, 5841 Lake Worth Rd, Greenacres, FL 33463",26.6201741,-80.1357646,"['Asian restaurant', 'Asian fusion restaurant', 'Buffet restaurant', 'Chinese restaurant', 'Japanese restaurant', 'Korean restaurant', 'Restaurant', 'Sushi restaurant']",4.0,567,$$,"[['Friday', '11AM–9:30PM'], ['Saturday', '11AM–9:30PM'], ['Sunday', '11AM–9:30PM'], ['Monday', '11AM–9PM'], ['Tuesday', '11AM–9PM'], ['Wednesday', '11AM–9PM'], ['Thursday', '11AM–9PM']]"
0x88db1dc545c935f9:0xe44f95a92d57ae73,Ninja Japanese steak house & sushi bar,"Ninja Japanese steak house & sushi bar, 2371 Vanderbilt Beach Rd Unit 701, Naples, FL 34109",26.2454522,-81.7699031,['Japanese steakhouse'],4.5,77,,"[['Friday', '11AM–11PM'], ['Saturday', '11AM–11PM'], ['Sunday', '12–10PM'], ['Monday', '11AM–10PM'], ['Tuesday', '11AM–10PM'], ['Wednesday', '11AM–10PM'], ['Thursday', '11AM–10PM']]"
0x88e77fa9eda685b9:0x709d32ef6e3069a0,Gyu-Kaku Japanese BBQ,"Gyu-Kaku Japanese BBQ, 7858 Turkey Lake Rd #100, Orlando, FL 32819",28.4513952,-81.4780664,"['Japanese restaurant', 'Bar', 'Barbecue restaurant', 'Restaurant', 'Tapas restaurant']",4.6,1917,$$,"[['Friday', '11:30AM–11PM'], ['Saturday', '11:30AM–11PM'], ['Sunday', '11:30AM–10PM'], ['Monday', '11:30AM–10PM'], ['Tuesday', '11:30AM–10PM'], ['Wednesday', '11:30AM–10PM'], ['Thursday', '11:30AM–10PM']]"
0x88c2c0e5db8be0db:0x114693ff531b7ea8,Saki Endless Sushi and Hibachi Grill Eatery,"Florida, Tampa, N Dale Mabry Hwy, Saki Endless Sushi and Hibachi Grill Eatery邮政编码: 33618",28.057773599999997,-82.5029385,"['Sushi restaurant', 'Asian restaurant', 'Japanese restaurant', 'Restaurant']",3.9,1930,$$,"[['Friday', '11AM–11PM'], ['Saturday', '11AM–11PM'], ['Sunday', '11:30AM–10PM'], ['Monday', '11AM–10PM'], ['Tuesday', '11AM–10PM'], ['Wednesday', '11AM–10PM'], ['Thursday', '11AM–10PM']]"
0x88c2fd5b0e3b1ebd:0x3826d5169136be50,Umami Sushi Hibachi Restaurant and Bar,"Umami Sushi Hibachi Restaurant and Bar, 3942 Tyrone Blvd N, St. Petersburg, FL 33709",27.8071347,-82.75168289999999,"['Restaurant', 'Bar', 'Japanese restaurant', 'Sushi restaurant']",4.6,998,$$,"[['Friday', '11AM–11PM'], ['Saturday', '12–11PM'], ['Sunday', '12–9:30PM'], ['Monday', '11AM–10PM'], ['Tuesday', '11AM–10PM'], ['Wednesday', '11AM–10PM'], ['Thursday', '11AM–10PM']]"
0x88c2f20a4dcc5e13:0x5e304a40aa44aaaf,Kobe Japanese Steakhouse,"Kobe Japanese Steakhouse, 28775 US Hwy 19 N, Clearwater, FL 33761",28.0335941,-82.7373504,"['Restaurant', 'Asian restaurant', 'Japanese curry restaurant', 'Stand bar', 'Steak house', 'Teppanyaki restaurant']",4.6,2574,$$,"[['Friday', '5–10PM'], ['Saturday', '4–10PM'], ['Sunday', '12–9:30PM'], ['Monday', '5–9:30PM'], ['Tuesday', '5–9:30PM'], ['Wednesday', '5–9:30PM'], ['Thursday', '5–9:30PM']]"
0x88c2ee757306bbc3:0x22f73db549810f96,Ocean Blue Asian Fusion,"Ocean Blue Asian Fusion, 2475 McMullen Booth Rd ste m, Clearwater, FL 33759",28.011409999999998,-82.7108073,"['Sushi restaurant', 'Asian restaurant', 'Bar', 'Japanese restaurant', 'Seafood restaurant']",4.5,478,$$,"[['Friday', '4:30–10PM'], ['Saturday', '4:30–10PM'], ['Sunday', '4:30–10PM'], ['Monday', '4:30–10PM'], ['Tuesday', '4:30–10PM'], ['Wednesday', '4:30–10PM'], ['Thursday', '4:30–10PM']]"
0x88d9b957a9823049:0x87680c25868d3581,Green Plate Asian Bistro,"Green Plate Asian Bistro, 9901 NW 41st St, Doral, FL 33178",25.8121294,-80.3570343,"['Sushi restaurant', 'Asian restaurant', 'Chinese restaurant', 'Japanese restaurant', 'Delivery Restaurant']",4.3,938,$$,"[['Friday', '11AM–10:30PM'], ['Saturday', '11:30AM–10:30PM'], ['Sunday', '11:30AM–9:30PM'], ['Monday', '11AM–9:30PM'], ['Tuesday', '11AM–9:30PM'], ['Wednesday', '11AM–9:30PM'], ['Thursday', '11AM–9:30PM']]"
0x88913fe0d1d16305:0xe6336be12ff88635,Bamboo Sushi Bar & Hibachi Fort Walton,"Bamboo Sushi Bar & Hibachi Fort Walton, 9 Eglin Pkwy NE, Fort Walton Beach, FL 32548",30.412793899999997,-86.60381629999999,"['Japanese restaurant', 'Restaurant']",4.6,98,,"[['Thursday', '10:30AM–9PM'], ['Friday', '10:30AM–10PM'], ['Saturday', '11AM–10PM'], ['Sunday', '11AM–9PM'], ['Monday', '10:30AM–9PM'], ['Tuesday', '10:30AM–9PM'], ['Wednesday', '10:30AM–9PM']]"
0x88dd7f414cf3a809:0x728719f4014d71a9,Kobe Japanese Steakhouse,"Kobe Japanese Steakhouse, 2901 Parkway Blvd, Kissimmee, FL 34747",28.3346183,-81.5324566,"['Japanese steakhouse', 'Asian restaurant', 'Bar', 'Food court', 'Japanese restaurant', 'Restaurant', 'Sushi restaurant', 'Teppanyaki restaurant']",4.5,2414,$$,"[['Thursday', '5–9:30PM'], ['Friday', '5–10PM'], ['Saturday', '12–10PM'], ['Sunday', '12–9:30PM'], ['Monday', '5–9:30PM'], ['Tuesday', '5–9:30PM'], ['Wednesday', '5–9:30PM']]"
0x88d9b686c1393515:0x984a6fa489d3d2b8,Gyu-Kaku Japanese BBQ,"Gyu-Kaku Japanese BBQ, 34 SW 13th St r1, Miami, FL 33130",25.7614295,-80.194364,"['Japanese restaurant', 'Bar']",4.5,1687,$$,"[['Thursday', '11:30AM–11PM'], ['Friday', '11:30AM–12AM'], ['Saturday', '11:30AM–12AM'], ['Sunday', '11:30AM–11PM'], ['Monday', '11:30AM–11PM'], ['Tuesday', '11:30AM–11PM'], ['Wednesday', '11:30AM–11PM']]"
0x88d92f5e3d121451:0x747d2ea7852c78c5,Lemongrass Asian Bistro Wellington,"Lemongrass Asian Bistro Wellington, 10312 Forest Hill Blvd #204, Wellington, FL 33414",26.6456914,-80.2067879,"['Asian restaurant', 'Japanese restaurant', 'South Asian restaurant', 'Sushi restaurant', 'Sushi takeaway', 'Thai restaurant', 'Udon noodle restaurant']",4.4,355,,"[['Wednesday', '11:30AM–10PM'], ['Thursday', '11:30AM–10PM'], ['Friday', '11:30AM–10:30PM'], ['Saturday', '12–10:30PM'], ['Sunday', '12–9:30PM'], ['Monday', '11:30AM–10PM'], ['Tuesday', '11:30AM–10PM']]"
