gmap_id,name,address,latitude,longitude,category,avg_rating,num_of_reviews,price,hours
0x7c006de537b865f1:0x6fb8ff222b20ed18,Izakaya Tairyo,"Izakaya Tairyo, 514 Piikoi St, Honolulu, HI 96814",21.2943492,-157.84670409999998,['Japanese restaurant'],4.2,5,$$,"[['Sunday', '5PM–12AM'], ['Monday', 'Closed'], ['Tuesday', '5PM–12AM'], ['Wednesday', '5PM–12AM'], ['Thursday', '5PM–12AM'], ['Friday', '5PM–2AM'], ['Saturday', '5PM–2AM']]"
0x7c006d9071136ab3:0xab6d34e43a3472c0,Curry House Coco Ichibanya,"Curry House Coco Ichibanya, molili plaza #2, 1009 University Ave, Honolulu, HI 96826",21.2922381,-157.8215651,['Japanese curry restaurant'],4.8,8,$,"[['Saturday', '11AM–9PM'], ['Sunday', 'Closed'], ['Monday', '11AM–9PM'], ['Tuesday', '11AM–9PM'], ['Wednesday', '11AM–9PM'], ['Thursday', '11AM–9PM'], ['Friday', '11AM–9PM']]"
0x7c00727670a87ee7:0x41fdc5d0acfa32c4,Baku Waikiki,"Baku Waikiki, 2330 Kalakaua Ave #396, Honolulu, HI 96815",21.2775635,-157.8267534,"['Japanese restaurant', 'Restaurant']",3.8,28,,"[['Monday', '4–10PM'], ['Tuesday', '4–10PM'], ['Wednesday', '4–10PM'], ['Thursday', '4–10PM'], ['Friday', '4PM–12AM'], ['Saturday', '4PM–12AM'], ['Sunday', '4–10PM']]"
0x79524b5b9b09167d:0x611e8c6b41dfcd70,Sakura Sakura,"Sakura Sakura, 794 Kilauea Ave, Hilo, HI 96720",19.716224999999998,-155.078889,['Japanese restaurant'],4.4,8,,"[['Friday', '11AM–3PM'], ['Saturday', '11AM–3PM'], ['Sunday', '12–3PM'], ['Monday', '11AM–2:30PM'], ['Tuesday', '11AM–2:30PM'], ['Wednesday', '11AM–2:30PM'], ['Thursday', '11AM–2:30PM']]"
0x7c006d2de868b249:0xe4bc3de25d25b47f,Ichifuji,"Ichifuji, 2334 S King St STE C, 2nd floor, Honolulu, HI 96826",21.2934861,-157.82587379999998,['Japanese restaurant'],4.7,8,,"[['Tuesday', 'Closed'], ['Wednesday', 'Closed'], ['Thursday', '5:30–10PM'], ['Friday', '5:30–10PM'], ['Saturday', '5:30–10PM'], ['Sunday', '5:30–10PM'], ['Monday', 'Closed']]"
0x7c006dc74eaa1c6d:0xe43bfe063dc1fab5,Han no Daidokoro,"Han no Daidokoro, 1108 Auahi St #150, Honolulu, HI 96814",21.294401999999998,-157.8518301,['Japanese restaurant'],4.9,33,,"[['Thursday', '5–10PM'], ['Friday', '5–10PM'], ['Saturday', '5–10PM'], ['Sunday', '5–10PM'], ['Monday', 'Closed'], ['Tuesday', '5–10PM'], ['Wednesday', '5–10PM']]"
0x7c006ded8be30e8b:0x37b6d5c1d7bca66e,Tae's Teppanyaki,"Tae's Teppanyaki, 1666 Kalauokalani Way, Honolulu, HI 96814",21.292635399999998,-157.83718109999998,"['Japanese steakhouse', 'Restaurant']",4.0,8,$,"[['Thursday', '10:30AM–2PM'], ['Friday', '10:30AM–2PM'], ['Saturday', '10:30AM–2PM'], ['Sunday', 'Closed'], ['Monday', '10:30AM–2PM'], ['Tuesday', '10:30AM–2PM'], ['Wednesday', '10:30AM–2PM']]"
0x7c00726066658945:0x8fdde21370f86d4d,Hawaiiana Cafe and Sushi,"Hawaiiana Cafe and Sushi, 201 Merchant St #101, Honolulu, HI 96813",21.3067963,-157.8612466,['Japanese restaurant'],4.1,36,,"[['Monday', '8AM–5PM'], ['Tuesday', '8AM–5PM'], ['Wednesday', '8AM–5PM'], ['Thursday', '8AM–5PM'], ['Friday', '8AM–5PM'], ['Saturday', '10AM–2PM'], ['Sunday', 'Closed']]"
0x7c006f52259fec47:0x86c694bb48f22475,Weiliya Japan Ramen,"Weiliya Japan Ramen, 98-199 Kamehameha Hwy, Aiea, HI 96701",21.3809061,-157.94229959999998,['Japanese restaurant'],4.7,44,$,"[['Saturday', '10AM–10PM'], ['Sunday', '10AM–10PM'], ['Monday', '10AM–10PM'], ['Tuesday', '10AM–10PM'], ['Wednesday', '10AM–10PM'], ['Thursday', '10AM–10PM'], ['Friday', '10AM–10PM']]"
0x7c0063bb03fca017:0xd93a8687cde2a328,Tanaka Ramen & Izakaya,"Tanaka Ramen & Izakaya, 590 Farrington Hwy #510, Kapolei, HI 96707",21.3377357,-158.0811599,"['Restaurant', 'Japanese restaurant', 'Ramen restaurant']",4.6,27,$$,"[['Wednesday', '11AM–10PM'], ['Thursday', '11AM–10PM'], ['Friday', '11AM–10PM'], ['Saturday', '11AM–10PM'], ['Sunday', '11AM–9:30PM'], ['Monday', '11AM–10PM'], ['Tuesday', '11AM–10PM']]"
0x7c006f4d56fb4a87:0xd87a769fbf4a3d80,Kyoto Sushi & Bento,"Kyoto Sushi & Bento, 98-1005 Moanalua Rd, Aiea, HI 96701",21.3852376,-157.9414741,['Japanese restaurant'],3.6,14,,"[['Wednesday', '10AM–9PM'], ['Thursday', '10AM–9PM'], ['Friday', '10AM–6:45PM'], ['Saturday', '10AM–7:45PM'], ['Sunday', '10AM–6PM'], ['Monday', '10AM–9PM'], ['Tuesday', '10AM–9PM']]"
0x7c006d548acf5003:0xf0858671791a68bc,YAMADA CHIKARA,"YAMADA CHIKARA, 514 Piikoi St, Honolulu, HI 96814",21.294334,-157.8467091,"['Japanese restaurant', 'Restaurant']",4.3,16,,"[['Friday', '5:30–11:30PM'], ['Saturday', '5:30–11:30PM'], ['Sunday', '5:30–11:30PM'], ['Monday', '5:30–11:30PM'], ['Tuesday', '5:30–11:30PM'], ['Wednesday', '5:30–11:30PM'], ['Thursday', '5:30–11:30PM']]"
0x7c0012ae5eef98c9:0x970fd5176c4348ca,Genki Sushi,"Genki Sushi, 820 W Hind Dr, Honolulu, HI 96821",21.2790715,-157.75436779999998,"['Sushi restaurant', 'Asian restaurant', 'Japanese restaurant']",3.5,8,,"[['Monday', '11AM–9PM'], ['Tuesday', '11AM–9PM'], ['Wednesday', '11AM–9PM'], ['Thursday', '11AM–9PM'], ['Friday', '11AM–10PM'], ['Saturday', '11AM–10PM'], ['Sunday', '11AM–9PM']]"
0x7c006df1ad12216f:0x9f094a634491bb17,Sobaya,"Sobaya, Unnamed Road, Honolulu, HI 96814",21.2908148,-157.84194209999998,['Japanese restaurant'],3.6,38,,"[['Monday', '10AM–7PM'], ['Tuesday', '10AM–7PM'], ['Wednesday', '10AM–7PM'], ['Thursday', '10AM–7PM'], ['Friday', '10AM–7PM'], ['Saturday', '10AM–7PM'], ['Sunday', '10AM–7PM']]"
0x7c006dfd4eacbb31:0xf7bc76ff0734f1e9,Sumo Ramen & Curry,"Sumo Ramen & Curry, 1050 Ala Moana Blvd, Honolulu, HI 96814",21.293872399999998,-157.8549995,"['Chinese noodle restaurant', 'Japanese curry restaurant', 'Ramen restaurant']",3.6,5,,"[['Wednesday', '10AM–9PM'], ['Thursday', '10AM–9PM'], ['Friday', '10AM–9PM'], ['Saturday', '10AM–9PM'], ['Sunday', '10AM–6PM'], ['Monday', '10AM–9PM'], ['Tuesday', '10AM–9PM']]"
0x795473a51451ed71:0xed8146c33bd3d781,ULU Sushi Lounge,"ULU Sushi Lounge, 72-100 Ka'upulehu Drive, Kailua-Kona, HI 96740",19.829276699999998,-155.9910035,"['Sushi restaurant', 'Cocktail bar', 'Japanese restaurant', 'Lounge', 'Restaurant', 'Wine bar']",4.8,28,,"[['Wednesday', '5:30–10:30PM'], ['Thursday', '5:30–10:30PM'], ['Friday', '5:30–10:30PM'], ['Saturday', '5:30–10:30PM'], ['Sunday', '5:30–10:30PM'], ['Monday', '5:30–10:30PM'], ['Tuesday', '5:30–10:30PM']]"
0x7c006d904d123a09:0x40d2056f606726bb,Hide-Chan Restaurant,"Hide-Chan Restaurant, 2471 S King St, Honolulu, HI 96826",21.292517999999998,-157.8240373,"['Japanese restaurant', 'Asian restaurant']",4.7,33,,"[['Tuesday', '11AM–1:30PM'], ['Wednesday', '11AM–1:30PM'], ['Thursday', '11AM–1:30PM'], ['Friday', '11AM–1:30PM'], ['Saturday', '11AM–1:30PM'], ['Sunday', 'Closed'], ['Monday', 'Closed']]"
0x7c006d82f79744bf:0x1ed25a60b9175c55,Tanaka Ramen & Izakaya,"Tanaka Ramen & Izakaya, 1450 Ala Moana Blvd #2054, Honolulu, HI 96814",21.291297999999998,-157.8433791,"['Authentic Japanese restaurant', 'Ramen restaurant']",4.7,38,,"[['Tuesday', '11AM–10PM'], ['Wednesday', '11AM–10PM'], ['Thursday', '11AM–10PM'], ['Friday', '11AM–10PM'], ['Saturday', '11AM–10PM'], ['Sunday', '11AM–9:30PM'], ['Monday', '11AM–10PM']]"
0x79540ff9ea7266d1:0xec0e4356e6f703,IZAKAYA SHIONO KONA,"IZAKAYA SHIONO KONA 74-5599 Pawai Place B4 & B5, Kailua-Kona, HI 96740",19.6440178,-155.9990233,"['Izakaya restaurant', 'Japanese restaurant', 'Ramen restaurant', 'Sushi restaurant']",4.4,8,,"[['Monday', '11AM–2PM'], ['Tuesday', '11AM–2PM'], ['Wednesday', '11AM–2PM'], ['Thursday', '11AM–2PM'], ['Friday', '11AM–2PM'], ['Saturday', '5–9PM'], ['Sunday', 'Closed']]"
0x7c006d70745a317b:0x6cb78f1e7ca59aa,Your Kitchen,"Your Kitchen, 1423 10th Ave, Honolulu, HI 96816",21.287551699999998,-157.7988038,"['Takeout Restaurant', 'Japanese restaurant']",4.8,12,$,"[['Monday', 'Closed'], ['Tuesday', 'Closed'], ['Wednesday', '11AM–4PM'], ['Thursday', '11AM–4PM'], ['Friday', '11AM–4PM'], ['Saturday', '11AM–4PM'], ['Sunday', '11AM–4PM']]"
0x7c0066734ff4c343:0x6683df2549c8f0dc,Sushiman,"Sushiman, 1000 Kamehameha Hwy, Pearl City, HI 96782",21.3965942,-157.9771309,"['Sushi restaurant', 'Asian restaurant', 'Japanese restaurant']",4.0,38,$$,"[['Friday', '9AM–9PM'], ['Saturday', '9AM–9PM'], ['Sunday', '9AM–7PM'], ['Monday', '9AM–9PM'], ['Tuesday', '9AM–9PM'], ['Wednesday', '9AM–9PM'], ['Thursday', '9AM–9PM']]"
0x7c006e76393451a7:0x2249f5eb4b0a3669,Nu'uanu Okazuya,"Nu'uanu Okazuya, 1351 Nuuanu Ave, Honolulu, HI 96817",21.3138747,-157.8581273,['Japanese restaurant'],4.4,78,,"[['Thursday', '5AM–1:30PM'], ['Friday', '5AM–1:30PM'], ['Saturday', '5AM–1:30PM'], ['Sunday', '7AM–1PM'], ['Monday', '5AM–1:30PM'], ['Tuesday', '5AM–1:30PM'], ['Wednesday', '5AM–1:30PM']]"
0x7954daa15ed26591:0xac57b2554cd78e4a,Maui Fish’n Chips,"Maui Fish’n Chips, 2395 S Kihei Rd #110, Kihei, HI 96753",20.720001699999997,-156.4463548,['Japanese restaurant'],4.6,48,,"[['Thursday', '11AM–8PM'], ['Friday', 'Closed'], ['Saturday', 'Closed'], ['Sunday', '11AM–8PM'], ['Monday', '11AM–8PM'], ['Tuesday', '11AM–8PM'], ['Wednesday', '11AM–8PM']]"
0x7c0067767a3af929:0xc7022aa84fcfc284,The Genki Ramen,"The Genki Ramen, 95-1840 Meheula Pkwy, Mililani, HI 96789",21.468197999999997,-158.0023742,['Japanese restaurant'],4.1,18,$,"[['Wednesday', '10:30AM–9:30PM'], ['Thursday', '10:30AM–9:30PM'], ['Friday', '10:30AM–9:30PM'], ['Saturday', '10:30AM–9:30PM'], ['Sunday', '10:30AM–9PM'], ['Monday', '10:30AM–9:30PM'], ['Tuesday', '10:30AM–9:30PM']]"
0x79540ef76483bf3d:0x64ec61ce65bc148f,He'e Restaurant,"He'e Restaurant, 74-5586 Palani Rd, Kailua-Kona, HI 96740",19.6452016,-155.995247,['Japanese restaurant'],4.0,18,,"[['Wednesday', '11AM–3PM'], ['Thursday', '11AM–8PM'], ['Friday', '11AM–9PM'], ['Saturday', '11AM–8PM'], ['Sunday', 'Closed'], ['Monday', '11AM–3PM'], ['Tuesday', '11AM–3PM']]"
0x7954d2c3450633a9:0xa608152317f7fe4d,Restaurant Matsu,"Restaurant Matsu, 161 Alamaha St, Kahului, HI 96732",20.888865199999998,-156.46106849999998,"['Japanese restaurant', 'Restaurant']",4.5,158,$,"[['Tuesday', '10AM–4PM'], ['Wednesday', '10AM–7PM'], ['Thursday', '10AM–7PM'], ['Friday', '10AM–7PM'], ['Saturday', '10AM–2PM'], ['Sunday', 'Closed'], ['Monday', '10AM–4PM']]"
0x7c071f9e83e42773:0x286ded39f6d8b99,Big Monster Sushi & Thai,"Big Monster Sushi & Thai, 3-3204 Kuhio Hwy, Lihue, HI 96766",21.9802032,-159.36752869999998,"['Asian restaurant', 'Japanese restaurant', 'Restaurant', 'Thai restaurant']",4.8,18,,"[['Tuesday', '10AM–3PM'], ['Wednesday', '10AM–3PM'], ['Thursday', '10AM–3PM'], ['Friday', '10AM–3PM'], ['Saturday', '10AM–3PM'], ['Sunday', '10AM–3PM'], ['Monday', 'Closed']]"
0x7c006d608472b023:0xada1fec749770eff,Kozo Sushi,"Kozo Sushi, 4618 Kilauea Ave, Honolulu, HI 96816",21.2753239,-157.7859546,"['Sushi restaurant', 'Japanese restaurant']",4.1,58,$,"[['Sunday', '9:30AM–6PM'], ['Monday', '9:30AM–7PM'], ['Tuesday', '9:30AM–7PM'], ['Wednesday', '9:30AM–7PM'], ['Thursday', '9:30AM–7PM'], ['Friday', '9:30AM–8PM'], ['Saturday', '9:30AM–8PM']]"
0x7c006d7b732fae35:0x8c313556697b1486,Maguro-ya,"Maguro-ya, 3565 Waialae Ave, Honolulu, HI 96816, United States",21.2829432,-157.7998695,"['Sushi restaurant', 'Japanese restaurant', 'Restaurant']",4.5,118,,"[['Saturday', '11AM–1:45PM'], ['Sunday', '5–9PM'], ['Monday', 'Closed'], ['Tuesday', '11AM–1:45PM'], ['Wednesday', '11AM–1:45PM'], ['Thursday', '11AM–1:45PM'], ['Friday', '11AM–1:45PM']]"
0x7c00727cf2f2bab1:0x95ae48891843749d,HAWAII SUSHI,"HAWAII SUSHI, 3045 Monsarrat Ave Ste 1, Honolulu, HI 96815, United States",21.268791999999998,-157.8133579,"['Sushi restaurant', 'Asian restaurant', 'Japanese restaurant']",4.7,277,$$,"[['Saturday', '10AM–8PM'], ['Sunday', '10AM–8PM'], ['Monday', '10AM–8PM'], ['Tuesday', '10AM–8PM'], ['Wednesday', '10AM–8PM'], ['Thursday', '10AM–8PM'], ['Friday', '10AM–8PM']]"
0x7c00726f607f4663:0xde0157eecf96b4e3,Miyako Japanese Restaurant,"Miyako Japanese Restaurant, 2863 Kalakaua Ave, Honolulu, HI 96815",21.263183299999998,-157.8214251,['Japanese restaurant'],4.1,58,$$,"[['Thursday', '5:30–9PM'], ['Friday', '5:30–9PM'], ['Saturday', '5:30–9PM'], ['Sunday', '5:30–9PM'], ['Monday', '5:30–9PM'], ['Tuesday', 'Closed'], ['Wednesday', '5:30–9PM']]"
0x7c006e74c8afeee3:0x157bcdd6e5341b72,Ma'Ona Musubi,"Ma'Ona Musubi, 921 Alakea St, Honolulu, HI 96813",21.307512,-157.86114379999998,"['Japanese restaurant', 'Restaurant']",4.8,68,,"[['Wednesday', '6AM–2PM'], ['Thursday', '6AM–2PM'], ['Friday', '6AM–2PM'], ['Saturday', '10AM–2PM'], ['Sunday', 'Closed'], ['Monday', '6AM–2PM'], ['Tuesday', '6AM–2PM']]"
0x7c006df0655ece9d:0x39d1a196eb33d6f5,Hibachi-San,"Hibachi-San, 1450 Ala Moana Blvd #1160q, Honolulu, HI 96814",21.290833799999998,-157.8444198,['Japanese restaurant'],3.2,15,$$,"[['Wednesday', '9:30AM–9PM'], ['Thursday', '9:30AM–9PM'], ['Friday', '9:30AM–9PM'], ['Saturday', '9:30AM–9PM'], ['Sunday', '9:30AM–9PM'], ['Monday', '9:30AM–9PM'], ['Tuesday', '9:30AM–9PM']]"
0x79540e592b8ef219:0x7715af8f6a392e6f,Genki Sushi,"Genki Sushi, 74-5450 Makala Blvd #202, Kailua-Kona, HI 96740, United States",19.6493017,-156.0051168,"['Restaurant', 'Asian restaurant', 'Japanese restaurant', 'Sushi restaurant']",3.8,308,₩₩,"[['Saturday', '11AM–10PM'], ['Sunday', '11AM–9PM'], ['Monday', '11AM–9PM'], ['Tuesday', '11AM–9PM'], ['Wednesday', '11AM–9PM'], ['Thursday', '11AM–9PM'], ['Friday', '11AM–10PM']]"
0x7c006df26183318d:0xe4f53b04ec615b82,Tsukada Nojo Hawaii,"Tsukada Nojo Hawaii, 1731 Kalakaua Ave, Honolulu, HI 96826",21.2911391,-157.83650749999998,"['Japanese restaurant', 'Restaurant']",4.1,48,$$,"[['Saturday', '5PM–12AM'], ['Sunday', '5–10PM'], ['Monday', '5–11PM'], ['Tuesday', '5–11PM'], ['Wednesday', '5–11PM'], ['Thursday', '5–11PM'], ['Friday', '5PM–12AM']]"
0x7c006f9ab1ed940b:0x49f9f2e53dc1da9c,Matsuzaka-Tei,"Matsuzaka-Tei, 328 Kalihi St, Honolulu, HI 96819",21.324715599999998,-157.8818373,['Japanese restaurant'],4.6,28,,"[['Saturday', '9AM–6PM'], ['Sunday', '9AM–6PM'], ['Monday', '9AM–6PM'], ['Tuesday', '9AM–6PM'], ['Wednesday', '9AM–6PM'], ['Thursday', '9AM–6PM'], ['Friday', '9AM–6PM']]"
0x7954778b64a4f589:0xfad9771db15cc3ce,ザ.ベイクラブ,"United States, Hawaii, Waikoloa Village, Waikoloa Beach Dr, ザ.ベイクラブ",19.9246423,-155.8820131,['Japanese restaurant'],4.1,7,,
0x7c006d9cd5d8be0b:0xfa7f855c4065cab9,Tokoname Sushi Bar & Restaurant,"Tokoname Sushi Bar & Restaurant, 3008 Waialae Ave, Honolulu, HI 96816, United States",21.289312,-157.8123904,"['Japanese restaurant', 'Sushi restaurant']",4.1,68,₩₩,"[['Wednesday', '5–10PM'], ['Thursday', '5–10PM'], ['Friday', '5–10PM'], ['Saturday', '5–10PM'], ['Sunday', '5–10PM'], ['Monday', 'Closed'], ['Tuesday', '5–10PM']]"
0x7954778ec6a99dc5:0xf29fd56052da0ed7,Imari,"Imari, 69-425 Waikoloa Beach Dr, Waikoloa Village, HI 96738",19.9258333,-155.8855556,"['Japanese restaurant', 'Asian restaurant', 'Bar', 'Japanese steakhouse', 'Restaurant', 'Sushi restaurant']",3.2,18,$$$,"[['Monday', 'Closed'], ['Tuesday', 'Closed'], ['Wednesday', '5:30–9PM'], ['Thursday', '5:30–9PM'], ['Friday', '5:30–9PM'], ['Saturday', '5:30–9PM'], ['Sunday', 'Closed']]"
0x7c006f00a81bba97:0x65c0237fbf0e5f28,Aloha Sushi,"Aloha Sushi, 1982, 3131 N Nimitz Hwy #105, Honolulu, HI 96819",21.3358247,-157.9095566,"['Asian restaurant', 'Japanese restaurant', 'Sushi restaurant']",4.6,86,$$,"[['Monday', '10AM–8PM'], ['Tuesday', '10AM–8PM'], ['Wednesday', '10AM–8PM'], ['Thursday', '10AM–8PM'], ['Friday', '10AM–8PM'], ['Saturday', '10AM–7PM'], ['Sunday', 'Closed']]"
0x79553bd390f3fd69:0xb5e9d24803b897eb,Nobu Lana'i,"Nobu Lana'i, 1 Manele Rd, Lanai City, HI 96763",20.741936,-156.88872709999998,"['Japanese restaurant', 'Asian restaurant', 'Cocktail bar', 'Restaurant', 'Seafood restaurant']",4.5,36,$$$$,"[['Monday', '5:30–9PM'], ['Tuesday', '5:30–9PM'], ['Wednesday', '5:30–9PM'], ['Thursday', '5:30–9PM'], ['Friday', '5:30–9PM'], ['Saturday', '5:30–9PM'], ['Sunday', '5:30–9PM']]"
0x7c006df068524661:0xd6a58cddd17f8ed5,Nagasaki Champon Ringer Hut,"Nagasaki Champon Ringer Hut, 1450 Ala Moana Blvd, Honolulu, HI 96814",21.2910334,-157.8443814,['Japanese restaurant'],3.1,26,,"[['Monday', '11AM–7PM'], ['Tuesday', '11AM–7PM'], ['Wednesday', '11AM–7PM'], ['Thursday', '11AM–7PM'], ['Friday', '11AM–8PM'], ['Saturday', '11AM–8PM'], ['Sunday', '11AM–6PM']]"
0x7c006d8309b14115:0x1fb63c8e3a3f6544,Mr Ojisan Restaurant,"Mr Ojisan Restaurant, 1016 Kapahulu Ave #140, Honolulu, HI 96816",21.28645,-157.81337499999998,"['Japanese restaurant', 'Restaurant']",4.6,45,$$,"[['Monday', '5–10:15PM'], ['Tuesday', '5–10:15PM'], ['Wednesday', '5–10:15PM'], ['Thursday', '5–10:15PM'], ['Friday', '5–10:15PM'], ['Saturday', '5–10:15PM'], ['Sunday', 'Closed']]"
0x7c006d932dced343:0x27b924ae56afea2a,Minato Japanese Restaurant,"Minato Japanese Restaurant, 930 Hauʻoli St, Honolulu, HI 96826",21.2950694,-157.8328202,['Japanese restaurant'],4.3,48,$,"[['Monday', '11AM–1:30PM'], ['Tuesday', '11AM–1:30PM'], ['Wednesday', '11AM–1:30PM'], ['Thursday', '11AM–1:30PM'], ['Friday', '11AM–1:30PM'], ['Saturday', '11AM–1:30PM'], ['Sunday', '5–7:30PM']]"
0x7c006d8a05340d97:0x3d8f092c4bae7658,Izakaya Takonoki,"Izakaya Takonoki, 355 Royal Hawaiian Ave # 201, Honolulu, HI 96815",21.280539899999997,-157.8278181,['Japanese restaurant'],4.0,88,,"[['Sunday', '6PM–12AM'], ['Monday', '6PM–12AM'], ['Tuesday', '6PM–12AM'], ['Wednesday', '6PM–12AM'], ['Thursday', '6PM–12AM'], ['Friday', '6PM–12AM'], ['Saturday', '6PM–12AM']]"
0x79524b560e522fe9:0x3006a5c1472674cd,Blane's Drive Inn Downtown,"Blane's Drive Inn Downtown, 217 Waianuenue Ave, Hilo, HI 96720",19.724767,-155.089415,"['Hawaiian restaurant', 'American restaurant', 'Fast food restaurant', 'Filipino restaurant', 'Japanese restaurant']",3.8,98,$,"[['Saturday', '5AM–3PM'], ['Sunday', 'Closed'], ['Monday', '5AM–3PM'], ['Tuesday', '5AM–3PM'], ['Wednesday', '5AM–3PM'], ['Thursday', '5AM–3PM'], ['Friday', '5AM–3PM']]"
0x7c006df28f7603d3:0xe850a817d957a1a8,Sushi Company,"Sushi Company, 1111 McCully St # A, Honolulu, HI 96826",21.295929899999997,-157.829571,"['Sushi restaurant', 'Asian restaurant', 'Japanese restaurant', 'Restaurant']",4.4,66,$,"[['Saturday', '9AM–6PM'], ['Sunday', '9AM–6PM'], ['Monday', '9AM–6PM'], ['Tuesday', '9AM–6PM'], ['Wednesday', '9AM–6PM'], ['Thursday', '9AM–6PM'], ['Friday', '9AM–6PM']]"
0x7c0014c32225b867:0x799f7e3cf0903f15,Noboru Restaurant,"Noboru Restaurant, A-102, 201 Hamakua Dr, Kailua, HI 96734",21.390541,-157.7411804,"['Japanese restaurant', 'Restaurant']",3.8,48,$$,"[['Saturday', '11:30AM–2:30PM'], ['Sunday', '5–9PM'], ['Monday', '11:30AM–2:30PM'], ['Tuesday', '11:30AM–2:30PM'], ['Wednesday', 'Closed'], ['Thursday', '11:30AM–2:30PM'], ['Friday', '11:30AM–2:30PM']]"
0x7c00660d0f75175f:0xa4e0929e5ba11076,Kozo Sushi,"Kozo Sushi, 1029 Makolu St ste c, Pearl City, HI 96782",21.3993979,-157.97412359999998,"['Sushi restaurant', 'Japanese restaurant']",4.2,48,$,"[['Saturday', '10AM–9PM'], ['Sunday', '10AM–9PM'], ['Monday', '10AM–9PM'], ['Tuesday', '10AM–9PM'], ['Wednesday', '10AM–9PM'], ['Thursday', '10AM–9PM'], ['Friday', '10AM–9PM']]"
0x7954d33a848b18bb:0x15a87b9f42d57e33,Tokyo Tei,"Tokyo Tei, 1063 Lower Main St C-101, Wailuku, HI 96793",20.899066599999998,-156.4890783,"['Japanese restaurant', 'Asian restaurant', 'Bar']",4.3,164,$$,"[['Friday', '10:30AM–1:30PM'], ['Saturday', '10:30AM–1:30PM'], ['Sunday', '4:30–8:30PM'], ['Monday', '10:30AM–1:30PM'], ['Tuesday', '10:30AM–1:30PM'], ['Wednesday', '10:30AM–1:30PM'], ['Thursday', '10:30AM–1:30PM']]"
0x7c00671166aadea9:0xbde52a3aa2173135,Sushiman Mililani,"Sushiman Mililani, 95-221 Kipapa Dr # C19, Mililani, HI 96789",21.4578839,-158.01640089999998,"['Sushi restaurant', 'Asian restaurant', 'Japanese restaurant', 'Takeout Restaurant']",3.9,33,,"[['Friday', '10:30AM–8:30PM'], ['Saturday', '10:30AM–8:30PM'], ['Sunday', '10:30AM–7:30PM'], ['Monday', '10:30AM–7:30PM'], ['Tuesday', '10:30AM–7:30PM'], ['Wednesday', '10:30AM–7:30PM'], ['Thursday', '10:30AM–7:30PM']]"
0x7c071c2092d4605b:0x935435a588862f9c,Yamato's Kitchen,"Yamato's Kitchen, 4385 Pahee St, Lihue, HI 96766",21.9678012,-159.3848199,['Japanese restaurant'],4.6,38,,"[['Friday', '11AM–2PM'], ['Saturday', '11AM–2PM'], ['Sunday', 'Closed'], ['Monday', 'Closed'], ['Tuesday', '11AM–2PM'], ['Wednesday', '11AM–2PM'], ['Thursday', '11AM–2PM']]"
0x7c006e65eb6349f5:0xf7e25f4e646fa5e8,Nisshodo Candy Store,"Nisshodo Candy Store, Bldg I-5, 1095 Dillingham Blvd, Honolulu, HI 96817",21.3209362,-157.8727945,['Japanese confectionery shop'],4.6,198,,"[['Thursday', '7AM–2PM'], ['Friday', '7AM–2PM'], ['Saturday', '7AM–2PM'], ['Sunday', 'Closed'], ['Monday', '7AM–2PM'], ['Tuesday', '7AM–2PM'], ['Wednesday', '7AM–2PM']]"
0x7c006af9661790b9:0xb38c94e68d77f60,Restaurant Domo,"Restaurant Domo, 46-028 Kawa St A3, Kaneohe, HI 96744",21.418889399999998,-157.80268139999998,['Japanese restaurant'],4.5,28,,"[['Thursday', '11AM–2PM'], ['Friday', '11AM–2PM'], ['Saturday', '5–9PM'], ['Sunday', '5–9PM'], ['Monday', '5–9PM'], ['Tuesday', '11AM–2PM'], ['Wednesday', '11AM–2PM']]"
0x7c006415a42318ad:0x28d41e882c4b59fe,Ton Ton Ramen,"Ton Ton Ramen, 94-050 Farrington Hwy, Waipahu, HI 96797",21.378272,-158.02584199999998,"['Asian restaurant', 'Caterer', 'Japanese curry restaurant', 'Japanese restaurant', 'Noodle shop', 'Restaurant']",4.1,68,$,"[['Thursday', '11AM–9:30PM'], ['Friday', '11AM–9:30PM'], ['Saturday', '11AM–9:30PM'], ['Sunday', '11AM–9:30PM'], ['Monday', '11AM–9:30PM'], ['Tuesday', '11AM–9:30PM'], ['Wednesday', '10:30AM–9:30PM']]"
0x7c00631b2df48c01:0xd566b4d4f761789e,Teriyaki Madness,"Teriyaki Madness, 4450 Kapolei Pkwy, Kapolei, HI 96707",21.331218699999997,-158.0903224,"['Asian fusion restaurant', 'Caterer', 'Fast food restaurant', 'Gluten-free restaurant', 'Japanese restaurant', 'Restaurant']",3.5,34,$,"[['Thursday', '10:30AM–9PM'], ['Friday', '10:30AM–9PM'], ['Saturday', '10:30AM–9PM'], ['Sunday', '10:30AM–8PM'], ['Monday', '10:30AM–9PM'], ['Tuesday', '10:30AM–9PM'], ['Wednesday', '10:30AM–9PM']]"
0x7c006df426c48b63:0x3a36c23c62d13f94,Morimoto Waikiki,"Morimoto Waikiki, 1775 Ala Moana Blvd, Honolulu, HI 96815",21.284879999999998,-157.83903899999999,"['Japanese restaurant', 'Asian restaurant', 'Bar', 'Fine dining restaurant', 'Seafood restaurant', 'Sushi restaurant']",4.3,65,$$$$,"[['Thursday', '11AM–2:30PM'], ['Friday', '11AM–2:30PM'], ['Saturday', '11AM–2:30PM'], ['Sunday', '11AM–2:30PM'], ['Monday', '11AM–2:30PM'], ['Tuesday', '11AM–2:30PM'], ['Wednesday', '11AM–2:30PM']]"
0x7c071e8e2fdf1eef:0xcdd00d0dec33192a,Restaurant Kiibo,"Restaurant Kiibo, 2991 Umi St, Lihue, HI 96766",21.974169999999997,-159.367587,"['Japanese restaurant', 'Sushi restaurant']",4.3,78,,"[['Thursday', '11AM–1PM'], ['Friday', '11AM–1PM'], ['Saturday', '5–8PM'], ['Sunday', 'Closed'], ['Monday', '11AM–1PM'], ['Tuesday', '11AM–1PM'], ['Wednesday', '11AM–1PM']]"
0x7c00635beb464199:0x3713c2a6214f3452,Sakura Tappenyaki Sushi,"Sakura Tappenyaki Sushi, 91-5431 Kapolei Pkwy #1709, Kapolei, HI 96707",21.3334016,-158.05406159999998,"['Sushi restaurant', 'Conveyor belt sushi restaurant', 'Japanese restaurant', 'Sushi takeaway']",4.0,68,,"[['Wednesday', '11AM–2:30PM'], ['Thursday', '11AM–2:30PM'], ['Friday', '11AM–3PM'], ['Saturday', '11AM–3PM'], ['Sunday', '12–3PM'], ['Monday', '11AM–2:30PM'], ['Tuesday', '11AM–2:30PM']]"
0x7c00633bdc0d5db1:0xc47e5a487fe21e98,Curry House Coco Ichibanya,"Curry House Coco Ichibanya, Village Center, 4850 Kapolei Pkwy, Kapolei, HI 96707",21.3292869,-158.0780652,['Japanese curry restaurant'],4.6,196,$,
0x7c006a4210db9e09:0x9279dbce72490e2,Ninja Sushi Koolau,"Ninja Sushi Koolau, 47-388 Hui Iwa St # 17, Kaneohe, HI 96744",21.4367,-157.8264,"['Sushi restaurant', 'Asian restaurant', 'Japanese restaurant', 'Restaurant']",4.1,38,,"[['Wednesday', '10AM–8PM'], ['Thursday', '10AM–8PM'], ['Friday', '10AM–8PM'], ['Saturday', '10AM–8PM'], ['Sunday', '11AM–5PM'], ['Monday', '10AM–8PM'], ['Tuesday', '10AM–8PM']]"
0x7c006de93281be17:0x7e06c71a9a84358f,Sushi Izakaya Gaku,"Sushi Izakaya Gaku, 1329 S King St, Honolulu, HI 96814",21.298724999999997,-157.8413607,['Japanese restaurant'],4.4,158,$$$,"[['Wednesday', '5–9:30PM'], ['Thursday', '5–9:30PM'], ['Friday', '5–9:30PM'], ['Saturday', '5–9:30PM'], ['Sunday', 'Closed'], ['Monday', '5–9:30PM'], ['Tuesday', '5–9:30PM']]"
0x7c007275a5012d89:0x2a71d6cc9b8ca4b8,Restaurant Yoshiya,"Restaurant Yoshiya, 2255 Kalakaua Ave, Honolulu, HI 96815",21.2777462,-157.8298241,"['Japanese restaurant', 'Restaurant']",4.0,85,$$$,"[['Wednesday', '6AM–10PM'], ['Thursday', '6AM–10PM'], ['Friday', '6AM–10PM'], ['Saturday', '6AM–10PM'], ['Sunday', '6AM–10PM'], ['Monday', '6AM–10PM'], ['Tuesday', '6AM–10PM']]"
0x79540ef931576401:0x70f899d40cad0a9d,Seiji's Sushi,"Seiji's Sushi, 75-5669 Alii Dr #1106, Kailua-Kona, HI 96740",19.6403173,-155.9965532,"['Japanese restaurant', 'Asian restaurant', 'Restaurant', 'Seafood restaurant', 'Sushi restaurant']",4.5,138,$$,"[['Wednesday', '5:30–9PM'], ['Thursday', '5:30–9PM'], ['Friday', '5:30–9PM'], ['Saturday', '5:30–9PM'], ['Sunday', '5:30–9PM'], ['Monday', 'Closed'], ['Tuesday', 'Closed']]"
0x7c0063718c304527:0x1fd7b3216fe9c08a,Aloha Sushi Pearlridge,"Aloha Sushi Pearlridge, 98 - 1005 Moanalua Rd, Aiea, HI 96701",21.3850992,-157.94077629999998,"['Sushi restaurant', 'Japanese restaurant']",3.8,24,,"[['Wednesday', '9AM–9PM'], ['Thursday', '9AM–9PM'], ['Friday', '9AM–9PM'], ['Saturday', '9AM–9PM'], ['Sunday', '9AM–6PM'], ['Monday', '9AM–9PM'], ['Tuesday', '9AM–9PM']]"
0x7c007275f243275d:0x3fff9cbb9516116b,nana's green tea Honolulu,"nana's green tea Honolulu, 2250 Kalakaua Ave, Honolulu, HI 96815",21.2792738,-157.8285349,['Japanese sweets restaurant'],4.6,138,,"[['Wednesday', '11AM–10PM'], ['Thursday', '11AM–10PM'], ['Friday', '11AM–11PM'], ['Saturday', '11AM–11PM'], ['Sunday', '11AM–10PM'], ['Monday', '11AM–10PM'], ['Tuesday', '11AM–10PM']]"
0x7c008a4a79eeaa7f:0xacd286faf9a692bc,Sun Sushi,"Sun Sushi, 85-979 Farrington Hwy A, Waianae, HI 96792",21.442089199999998,-158.18728249999998,"['Sushi restaurant', 'Asian restaurant', 'Japanese restaurant']",4.2,38,,"[['Tuesday', '10AM–8PM'], ['Wednesday', '10AM–8PM'], ['Thursday', '10AM–8PM'], ['Friday', '10AM–8PM'], ['Saturday', '10AM–6PM'], ['Sunday', '10AM–8PM'], ['Monday', '10AM–8PM']]"
0x7c006fe6cd295089:0xf0e4f36f0d9da219,Aloha Cones,"Aloha Cones, 1339 N School St Ste 103, Honolulu, HI 96817",21.3318255,-157.86625089999998,"['Sushi restaurant', 'Asian fusion restaurant', 'Asian restaurant', 'Japanese restaurant']",4.6,38,,"[['Tuesday', '10:30AM–5PM'], ['Wednesday', '10:30AM–5PM'], ['Thursday', '10:30AM–5PM'], ['Friday', '10:30AM–5PM'], ['Saturday', '10:30AM–4PM'], ['Sunday', 'Closed'], ['Monday', '10:30AM–5PM']]"
0x7c006da79429caed:0x8c7243f9de1d8d58,Nishi Moncho Ramen,"Nishi Moncho Ramen, 2851 E Manoa Rd # 103, Honolulu, HI 96822",21.309377899999998,-157.8105144,"['Japanese restaurant', 'Asian restaurant']",4.3,38,,"[['Tuesday', '10:30AM–9PM'], ['Wednesday', '10:30AM–9PM'], ['Thursday', '10:30AM–9PM'], ['Friday', '10:30AM–9PM'], ['Saturday', '10:30AM–9PM'], ['Sunday', '11AM–9PM'], ['Monday', '10:30AM–9PM']]"
0x7c006afa1be5a5b7:0xa6240fdb6fe405f4,Kenko Ya,"Kenko Ya, 46-047 Kamehameha Hwy, Kaneohe, HI 96744",21.422195499999997,-157.80348279999998,['Japanese restaurant'],4.5,104,$$,"[['Tuesday', 'Closed'], ['Wednesday', '10AM–9PM'], ['Thursday', '10AM–9PM'], ['Friday', '10AM–9PM'], ['Saturday', '10AM–9PM'], ['Sunday', '3:30–8PM'], ['Monday', '10AM–9PM']]"
0x7c007388e28a0c05:0x1b85433b95b57b45,Ramen Ono-Ya,"Ramen Ono-Ya, 611 Kapahulu Ave, Honolulu, HI 96815",21.278794599999998,-157.81354919999998,"['Ramen restaurant', 'Japanese curry restaurant', 'Restaurant']",3.7,48,,"[['Tuesday', '11AM–12AM'], ['Wednesday', '11AM–12AM'], ['Thursday', '11AM–12AM'], ['Friday', '11AM–12AM'], ['Saturday', '11AM–12AM'], ['Sunday', '11AM–12AM'], ['Monday', '11AM–12AM']]"
0x7c0072750f03d8c7:0x1193fe382d9033e2,Nobu Honolulu,"Nobu Honolulu, 1118 Ala Moana Blvd # 100, Honolulu, HI 96814",21.2934403,-157.8539745,"['Japanese restaurant', 'Asian fusion restaurant', 'Bar', 'Sushi restaurant', 'Teppanyaki restaurant']",4.3,376,$$$$,"[['Monday', '5–10PM'], ['Tuesday', '5–10PM'], ['Wednesday', '5–10PM'], ['Thursday', '5–10PM'], ['Friday', '5–10PM'], ['Saturday', '5–10PM'], ['Sunday', '5–10PM']]"
0x7c006d80be51d8c5:0xb8d668bccd541901,Kozo Sushi Kapahulu,"Kozo Sushi Kapahulu, 625 Kapahulu Ave #102, Honolulu, HI 96815",21.279037199999998,-157.8137611,"['Sushi restaurant', 'Asian restaurant', 'Japanese restaurant', 'Restaurant']",4.2,77,$,"[['Monday', '11AM–8PM'], ['Tuesday', '11AM–8PM'], ['Wednesday', '11AM–8PM'], ['Thursday', '11AM–8PM'], ['Friday', '11AM–8PM'], ['Saturday', '11AM–8PM'], ['Sunday', '11AM–8PM']]"
0x79540ef99ce35e33:0xd5b4e8f0e8b77c46,Hayama Japanese Restaurant,"Hayama Japanese Restaurant, 75-5660 Kopiko St # D1, Kailua-Kona, HI 96740",19.6423254,-155.993879,"['Japanese restaurant', 'Restaurant']",4.4,93,$$,"[['Monday', '11AM–2PM'], ['Tuesday', '11AM–2PM'], ['Wednesday', '11AM–2PM'], ['Thursday', '11AM–2PM'], ['Friday', '11AM–2PM'], ['Saturday', '5–9PM'], ['Sunday', 'Closed']]"
0x7c0063609c550ceb:0x42b740165943522c,Okome Hawaii,"Okome Hawaii, 91-5431 Kapolei Pkwy #301, Kapolei, HI 96707",21.3332415,-158.05167459999998,['Japanese restaurant'],4.1,133,$$,"[['Monday', '10:30AM–9PM'], ['Tuesday', '10:30AM–9PM'], ['Wednesday', '10:30AM–9PM'], ['Thursday', '10:30AM–9PM'], ['Friday', '10:30AM–9PM'], ['Saturday', '10:30AM–9PM'], ['Sunday', '10:30AM–6PM']]"
0x7c00633be90acad5:0xc52418abf6c99798,Takumi Japanese Restaurant & Bar,"Takumi Japanese Restaurant & Bar, 4850 Kapolei Pkwy #401, Kapolei, HI 96707",21.3290078,-158.07801329999998,"['Japanese restaurant', 'Restaurant']",4.4,208,,"[['Monday', 'Closed'], ['Tuesday', '11AM–2PM'], ['Wednesday', '11AM–2PM'], ['Thursday', '11AM–2PM'], ['Friday', '11AM–2PM'], ['Saturday', '11AM–2PM'], ['Sunday', '11AM–2PM']]"
0x7c006de523d6aaab:0x373dda9d626578fd,Izakaya Uosan,"Izakaya Uosan, 1221 Kapiolani Blvd, Honolulu, HI 96814",21.2950397,-157.847289,['Japanese restaurant'],4.7,54,,"[['Monday', '5–10PM'], ['Tuesday', 'Closed'], ['Wednesday', 'Closed'], ['Thursday', '5–10PM'], ['Friday', '5–10PM'], ['Saturday', '5–10PM'], ['Sunday', '5–10PM']]"
0x7c0064c54fe46c59:0x88a24b01da429a06,Saito and Pho Restaurant,"Saito and Pho Restaurant, 91-902 Fort Weaver Rd #106, Ewa Beach, HI 96706",21.3172662,-158.0124531,"['Japanese restaurant', 'Restaurant']",4.4,108,$$,"[['Monday', '11AM–8:30PM'], ['Tuesday', '11AM–8:30PM'], ['Wednesday', '11AM–8:30PM'], ['Thursday', '11AM–8:30PM'], ['Friday', '11AM–8:30PM'], ['Saturday', '11AM–8:30PM'], ['Sunday', '11AM–8PM']]"
0x7c006afa1be5a5b7:0xb6f9469efed5a44e,Sumo Ramen,"Sumo Ramen, 46-047 Kamehameha Hwy, Kaneohe, HI 96744",21.422176699999998,-157.8035717,['Japanese restaurant'],4.0,66,,"[['Monday', 'Closed'], ['Tuesday', '10:30AM–9PM'], ['Wednesday', '10:30AM–9PM'], ['Thursday', '10:30AM–9PM'], ['Friday', '10:30AM–9PM'], ['Saturday', '10:30AM–9PM'], ['Sunday', '10:30AM–9PM']]"
0x7c006dee31f2c925:0x8db9ea29d85e548,Musubi Cafe Iyasume Keeaumoku,"Musubi Cafe Iyasume Keeaumoku, 638 Ke’eaumoku St #101, Honolulu, HI 96814",21.294158,-157.84234809999998,['Japanese restaurant'],4.3,108,$,"[['Monday', '7AM–7PM'], ['Tuesday', '7AM–7PM'], ['Wednesday', '7AM–7PM'], ['Thursday', '7AM–7PM'], ['Friday', '7AM–7PM'], ['Saturday', '7AM–7PM'], ['Sunday', '7AM–4PM']]"
0x7c00727659dbe8d1:0xf0dffdf8135ac6cb,Gyoza No Ohsho,"Gyoza No Ohsho, 131 Kaʻiulani Ave, Honolulu, HI 96815",21.2770828,-157.82488469999998,['Japanese restaurant'],3.5,58,,
0x7c006de9127ac85b:0x9682f78d615b141e,Obento Rinka,"Obento Rinka, 1317 S Beretania St, Honolulu, HI 96814",21.3005857,-157.8407761,['Japanese restaurant'],4.5,18,,"[['Sunday', '10AM–2PM'], ['Monday', '9AM–6PM'], ['Tuesday', '9AM–6PM'], ['Wednesday', '9AM–6PM'], ['Thursday', '9AM–6PM'], ['Friday', '9AM–6PM'], ['Saturday', '9AM–6PM']]"
0x7954d06a014139db:0x1f867225e039bc65,Izakaya Genbe,"Izakaya Genbe, 1280 S Kihei Rd, Kihei, HI 96753",20.748996599999998,-156.4565901,['Japanese restaurant'],4.5,148,$$,"[['Sunday', '10AM–10PM'], ['Monday', '10AM–10PM'], ['Tuesday', '10AM–10PM'], ['Wednesday', '10AM–10PM'], ['Thursday', '10AM–10PM'], ['Friday', '10AM–10PM'], ['Saturday', '10AM–10PM']]"
0x7c006f4d57b24cd5:0x971821830c18f6dc,Kozo Sushi,"Kozo Sushi, 98-1005 Moanalua Rd, Aiea, HI 96701",21.3828584,-157.9399886,"['Sushi restaurant', 'Japanese restaurant']",4.1,25,$$,"[['Sunday', '10AM–6PM'], ['Monday', '9:30AM–9PM'], ['Tuesday', '9:30AM–9PM'], ['Wednesday', '9:30AM–9PM'], ['Thursday', '9:30AM–9PM'], ['Friday', '9:30AM–9PM'], ['Saturday', '9:30AM–9PM']]"
0x79524bb383114005:0xbde91439c4a7511f,Tetsumen Ramen,"Tetsumen Ramen, 697 Manono St, Hilo, HI 96720",19.7127579,-155.0696008,['Japanese restaurant'],4.8,28,,"[['Sunday', '11AM–9PM'], ['Monday', '11AM–9PM'], ['Tuesday', '11AM–9PM'], ['Wednesday', '11AM–9PM'], ['Thursday', '11AM–9PM'], ['Friday', '11AM–9PM'], ['Saturday', '11AM–9PM']]"
0x7c00670ed6629fcb:0x8463a13ef43e491e,Maru-Hi Restaurant & Lounge,"Maru-Hi Restaurant & Lounge, 95 Meheula Pkwy, Mililani, HI 96789",21.4536431,-158.0060782,"['Japanese restaurant', 'Bar', 'Restaurant']",4.3,104,$$,"[['Sunday', '11AM–9PM'], ['Monday', '7AM–9PM'], ['Tuesday', '7AM–9PM'], ['Wednesday', '7AM–9PM'], ['Thursday', '7AM–9PM'], ['Friday', '7AM–9PM'], ['Saturday', '7AM–9PM']]"
0x7c001539c8d127af:0xed21de2d2d25ca36,Daiichi Ramen - Kailua,"Daiichi Ramen - Kailua, 25 Kaneohe Bay Dr Suite 103, Kailua, HI 96734",21.423320399999998,-157.74837209999998,"['Ramen restaurant', 'Asian restaurant', 'Authentic Japanese restaurant', 'Japanese curry restaurant', 'Japanese restaurant', 'Noodle shop']",4.2,148,,"[['Saturday', '10AM–10PM'], ['Sunday', '10AM–10PM'], ['Monday', '10AM–10PM'], ['Tuesday', '10AM–10PM'], ['Wednesday', '10AM–10PM'], ['Thursday', '10AM–10PM'], ['Friday', '10AM–10PM']]"
0x79524b6186779103:0x7daf6d2da91cbbd7,Hilo Lunch Shop,"Hilo Lunch Shop, 421 Kalanikoa St # 101, Hilo, HI 96720",19.7166222,-155.06537219999998,"['Japanese restaurant', 'Hawaiian restaurant']",4.6,254,$,"[['Saturday', '6:30AM–1PM'], ['Sunday', 'Closed'], ['Monday', 'Closed'], ['Tuesday', '6:30AM–1PM'], ['Wednesday', '6:30AM–1PM'], ['Thursday', '6:30AM–1PM'], ['Friday', '6:30AM–1PM']]"
0x7954d31ffe8f010d:0xad7e14bc9d628c1d,Ramen Ya,"Ramen Ya, 275 W Kaahumanu Ave, Kahului, HI 96732",20.8873832,-156.4761388,"['Japanese restaurant', 'Asian restaurant', 'Restaurant']",4.3,391,$,"[['Saturday', '10:30AM–9PM'], ['Sunday', '10:30AM–8PM'], ['Monday', '10:30AM–8PM'], ['Tuesday', '10:30AM–8PM'], ['Wednesday', '10:30AM–8PM'], ['Thursday', '10:30AM–8PM'], ['Friday', '10:30AM–9PM']]"
0x7c006317d0eda307:0xda9b78404e4b83cf,AGU Ramen - Kapolei,"AGU Ramen - Kapolei, Marketplace, 590 Farrington Hwy Suite 510, Kapolei, HI 96707",21.337695699999998,-158.0810902,"['Ramen restaurant', 'Japanese restaurant', 'Restaurant']",4.3,87,$$,"[['Saturday', '11AM–10PM'], ['Sunday', '11AM–9:30PM'], ['Monday', '11AM–9:30PM'], ['Tuesday', '11AM–9:30PM'], ['Wednesday', '11AM–9:30PM'], ['Thursday', '11AM–9:30PM'], ['Friday', '11AM–10PM']]"
0x7c0014db8e05db9b:0xab6b28fbd718ff0f,Tokoname,"Tokoname, 442 Uluniu St, Kailua, HI 96734",21.3962139,-157.74441109999998,"['Japanese restaurant', 'Asian restaurant', 'Bar', 'Sushi restaurant']",4.3,278,$$,"[['Saturday', '4–9PM'], ['Sunday', '4–8PM'], ['Monday', '4–8PM'], ['Tuesday', '4–8PM'], ['Wednesday', '4–8PM'], ['Thursday', '4–8PM'], ['Friday', '4–9PM']]"
0x79540e5a2ca92455:0x85569c1d6b44f661,Daiichi Ramen - Kailua Kona,"Daiichi Ramen - Kailua Kona, 74 -5452 Makala Blvd, Kailua-Kona, HI 96740",19.6493951,-156.00506049999998,"['Ramen restaurant', 'Japanese restaurant']",4.2,266,$,"[['Saturday', '10:30AM–9:30PM'], ['Sunday', '10:30AM–9:30PM'], ['Monday', '10:30AM–9:30PM'], ['Tuesday', '10:30AM–9:30PM'], ['Wednesday', '10:30AM–9:30PM'], ['Thursday', '10:30AM–9:30PM'], ['Friday', '10:30AM–9:30PM']]"
0x7c006f52259fec47:0x2011717ac3237cd5,Mamaya,"Mamaya, 98-199 Kamehameha Hwy A-7B, Aiea, HI 96701",21.380827099999998,-157.94135939999998,"['Japanese restaurant', 'Restaurant']",4.4,86,$,"[['Saturday', '8AM–2PM'], ['Sunday', '8AM–2PM'], ['Monday', '8AM–2PM'], ['Tuesday', '8AM–2PM'], ['Wednesday', '8AM–2PM'], ['Thursday', '8AM–2PM'], ['Friday', '8AM–2PM']]"
0x7c006de4d75a2549:0x6a3bf4d30bb33949,Nanzan Giro Giro,"Nanzan Giro Giro, 560 Pensacola St #107, Honolulu, HI 96814",21.294601999999998,-157.848354,['Japanese restaurant'],4.6,128,,"[['Friday', '5–10PM'], ['Saturday', '5–10PM'], ['Sunday', '5–10PM'], ['Monday', '5–10PM'], ['Tuesday', 'Closed'], ['Wednesday', 'Closed'], ['Thursday', '5–10PM']]"
0x7c006d8d34e45597:0xbcb6dfa4b1a4bd0d,Bozu Japanese Restaurant,"Bozu Japanese Restaurant, McCully Shopping Center 2nd Floor #209, 1960 Kapiolani Blvd, Honolulu, HI 96826",21.2901374,-157.83277089999999,['Japanese restaurant'],4.5,84,,"[['Friday', '11:30AM–2PM'], ['Saturday', '11:30AM–2PM'], ['Sunday', '11:30AM–2PM'], ['Monday', '11:30AM–2PM'], ['Tuesday', '11:30AM–2PM'], ['Wednesday', '11:30AM–2PM'], ['Thursday', '11:30AM–2PM']]"
0x7c006d919edfbe39:0xeb0726f0f77f4863,Kozo Sushi,"Kozo Sushi, 2334 S King St, Honolulu, HI 96826",21.2937235,-157.82596239999998,"['Sushi restaurant', 'Japanese restaurant']",4.1,68,$,"[['Friday', '9:30AM–8PM'], ['Saturday', '9:30AM–8PM'], ['Sunday', '9:30AM–6PM'], ['Monday', '9:30AM–7PM'], ['Tuesday', '9:30AM–7PM'], ['Wednesday', '9:30AM–7PM'], ['Thursday', '9:30AM–7PM']]"
0x7c006e73fcfc5673:0xeec0a500ff3d6dc3,Maguro Brothers Hawaii Chinatown,"Maguro Brothers Hawaii Chinatown, Kekaulike Market, 1039 Kekaulike St #113, Honolulu, HI 96817",21.312742099999998,-157.8635333,"['Seafood restaurant', 'Fish store', 'Japanese restaurant', 'Restaurant']",4.7,416,$$,"[['Friday', '9AM–2:30PM'], ['Saturday', '9AM–2:30PM'], ['Sunday', 'Closed'], ['Monday', '9AM–2:30PM'], ['Tuesday', '9AM–2:30PM'], ['Wednesday', '9AM–2:30PM'], ['Thursday', '9AM–2:30PM']]"
0x7c006d7b768aac13:0x318146d0f5aea9af,Japanese Restaurant Aki,"Japanese Restaurant Aki, 1137 11th Ave, Honolulu, HI 96814",21.2825819,-157.80013639999999,['Japanese restaurant'],4.5,75,$$,"[['Friday', '11:30AM–2PM'], ['Saturday', '11:30AM–2PM'], ['Sunday', '11:30AM–2PM'], ['Monday', '11:30AM–2PM'], ['Tuesday', 'Closed'], ['Wednesday', '11:30AM–2PM'], ['Thursday', '11:30AM–2PM']]"
0x7c007275ed20fffb:0x184dd4487687d374,Umami Teppan Kingyo Hawaii,"Umami Teppan Kingyo Hawaii, 2250 Kalakaua Ave, Honolulu, HI 96815",21.2792738,-157.828535,"['Japanese restaurant', 'Okonomiyaki restaurant', 'Restaurant', 'Teppanyaki restaurant', 'Tonkatsu restaurant']",3.4,96,$$,"[['Friday', '11AM–11PM'], ['Saturday', '11AM–11PM'], ['Sunday', '11AM–10:30PM'], ['Monday', '11AM–10:30PM'], ['Tuesday', '11AM–10:30PM'], ['Wednesday', '11AM–10:30PM'], ['Thursday', '11AM–10:30PM']]"
0x7c006d9759e8506b:0x9fdcbdb8ad162055,Tsukuneya,"Tsukuneya, 1442 University Ave, Honolulu, HI 96822",21.296661099999998,-157.82145559999998,"['Japanese restaurant', 'Restaurant']",4.4,113,$$,"[['Friday', '5–9PM'], ['Saturday', '5–9PM'], ['Sunday', '5–9PM'], ['Monday', 'Closed'], ['Tuesday', 'Closed'], ['Wednesday', '5–9PM'], ['Thursday', '5–9PM']]"
0x7c00660d3810fe87:0x4371cd9f7928a4e3,Rokaru Shabu Shabu,"Rokaru Shabu Shabu, 1140 Kuala St #104, Pearl City, HI 96782",21.4001911,-157.9754065,"['Hot pot restaurant', 'Buffet restaurant', 'Japanese restaurant', 'Takeout Restaurant', 'Shabu-shabu restaurant']",4.5,124,$$,"[['Friday', '4–10PM'], ['Saturday', '11AM–10PM'], ['Sunday', '11AM–10PM'], ['Monday', '4–10PM'], ['Tuesday', '4–10PM'], ['Wednesday', '4–10PM'], ['Thursday', '4–10PM']]"
0x7c006dee28412bdd:0x72f110656c4ecfed,Rinka,"Rinka, 1500 Kapiolani Blvd, Honolulu, HI 96814",21.293321199999998,-157.8414973,"['Japanese restaurant', 'Restaurant']",4.4,73,$$$,"[['Friday', '11AM–2PM'], ['Saturday', '11AM–2PM'], ['Sunday', '5–11PM'], ['Monday', '11AM–2PM'], ['Tuesday', '11AM–2PM'], ['Wednesday', '11AM–2PM'], ['Thursday', '11AM–2PM']]"
0x7c006de537bff809:0x3209abea3f2535e4,Kohnotori on Piikoi,"Kohnotori on Piikoi, 514 Piikoi St, Honolulu, HI 96814",21.294299799999997,-157.8466393,['Japanese restaurant'],4.6,13,,"[['Friday', '5:30PM–12AM'], ['Saturday', '5:30PM–12AM'], ['Sunday', 'Closed'], ['Monday', '5:30PM–12AM'], ['Tuesday', '5:30PM–12AM'], ['Wednesday', '5:30PM–12AM'], ['Thursday', '5:30PM–12AM']]"
0x7c006ee4dce91aef:0x439b4d43d3802133,Sumo Ramen,"Sumo Ramen, 1151 Mapunapuna St, Honolulu, HI 96819",21.347404599999997,-157.89605699999998,['Japanese restaurant'],4.5,25,,"[['Friday', '9:30AM–5PM'], ['Saturday', '9:30AM–3PM'], ['Sunday', '9:30AM–3PM'], ['Monday', '9:30AM–5PM'], ['Tuesday', '9:30AM–5PM'], ['Wednesday', '9:30AM–5PM'], ['Thursday', '9:30AM–5PM']]"
0x7c0012964f759981:0x8d052f6fa74947fa,Gyotaku Japanese Restaurant - Niu Valley,"Gyotaku Japanese Restaurant - Niu Valley, 5728 Kalanianaʻole Hwy, Honolulu, HI 96821",21.2825314,-157.73598389999998,"['Japanese restaurant', 'Asian restaurant', 'Sushi restaurant']",4.4,306,$$,"[['Friday', '11AM–2PM'], ['Saturday', '11AM–2PM'], ['Sunday', '11AM–2PM'], ['Monday', '11AM–2PM'], ['Tuesday', '11AM–2PM'], ['Wednesday', '11AM–2PM'], ['Thursday', '11AM–2PM']]"
0x79540ef9eca05b7b:0x21082806164a0bf9,Chirashi Sushi-Don By Jiro,"Chirashi Sushi-Don By Jiro, 75-5595 Palani Rd, Kailua-Kona, HI 96740",19.6439917,-155.993291,"['Japanese restaurant', 'Restaurant', 'Sushi restaurant']",5.0,38,,"[['Thursday', '4–9PM'], ['Friday', '4–9PM'], ['Saturday', '4–7PM'], ['Sunday', 'Closed'], ['Monday', 'Closed'], ['Tuesday', '4–9PM'], ['Wednesday', '4–9PM']]"
0x7c006609385ea8f7:0xb1b8422bf6060e05,Ezogiku,"Ezogiku, 850 Kamehameha Hwy #133, Pearl City, HI 96782",21.3942184,-157.9687133,"['Japanese restaurant', 'Ramen restaurant']",4.4,48,,"[['Thursday', '11AM–8PM'], ['Friday', '11AM–8PM'], ['Saturday', '11AM–8PM'], ['Sunday', '11AM–7PM'], ['Monday', '11AM–8PM'], ['Tuesday', '11AM–8PM'], ['Wednesday', '11AM–8PM']]"
0x7c006d6410e4791d:0x9fc53f8e4be487dc,Akira Japanese Restaurant,"Akira Japanese Restaurant, 1150 S King St, Honolulu, HI 96814",21.3004264,-157.8448944,['Japanese restaurant'],4.4,46,,"[['Thursday', '11:30AM–7PM'], ['Friday', '11:30AM–7PM'], ['Saturday', '2:30–7PM'], ['Sunday', 'Closed'], ['Monday', '11:30AM–7PM'], ['Tuesday', '11:30AM–7PM'], ['Wednesday', '11:30AM–7PM']]"
0x7c006d750255a40b:0x5a72e387a1b66f20,Higoto Japanese Eatery,"Higoto Japanese Eatery, 3221 Waialae Ave Ste A4, Honolulu, HI 96816",21.286879799999998,-157.8076717,"['Takeout Restaurant', 'Japanese restaurant']",4.9,18,,"[['Thursday', '11AM–4PM'], ['Friday', '11AM–4PM'], ['Saturday', '11AM–4PM'], ['Sunday', '11AM–4PM'], ['Monday', 'Closed'], ['Tuesday', 'Closed'], ['Wednesday', '11AM–4PM']]"
0x7c006fe97e3aebfb:0xa70533b3bae3d8bc,Mai Musubi,"〒96817 Hawaii, Honolulu, Liliha St, Mai Musubi",21.3222863,-157.8593712,"['Japanese delicatessen', 'Rice restaurant']",4.7,8,,"[['Thursday', '9:30AM–1:30PM'], ['Friday', '9:30AM–1:30PM'], ['Saturday', '10AM–1PM'], ['Sunday', '10AM–1PM'], ['Monday', 'Closed'], ['Tuesday', 'Closed'], ['Wednesday', '9:30AM–1:30PM']]"
0x7c006deeea91bf75:0xf441aeffb3ce5dea,Michinoku Restaurant,"Michinoku Restaurant, 835 Ke’eaumoku St, Honolulu, HI 96814",21.2969018,-157.8404913,"['Japanese restaurant', 'Sushi restaurant']",4.5,38,,"[['Thursday', '11AM–2PM'], ['Friday', '11AM–2PM'], ['Saturday', '11AM–2PM'], ['Sunday', '5:30–10PM'], ['Monday', 'Closed'], ['Tuesday', '11AM–2PM'], ['Wednesday', '11AM–2PM']]"
0x7c071ec2041bef35:0x99e09f3a90b9c8b6,Bamboo Grill & Sushi,"Bamboo Grill & Sushi, 3416 Rice St, Lihue, HI 96766",21.959802999999997,-159.3528821,"['Bar & grill', 'Hawaiian restaurant', 'Japanese restaurant']",3.9,118,,"[['Thursday', '7AM–2PM'], ['Friday', '7AM–2PM'], ['Saturday', '7AM–2:30PM'], ['Sunday', '7AM–2PM'], ['Monday', '7AM–2PM'], ['Tuesday', '7AM–2PM'], ['Wednesday', '7AM–2PM']]"
0x7c006df4527887b5:0x406836d71a1bcd5e,Magokoro,"Magokoro, 1831 Ala Moana Blvd #102, Honolulu, HI 96815",21.284365299999997,-157.8368516,['Japanese restaurant'],4.1,148,$$,"[['Thursday', '10AM–8PM'], ['Friday', '10AM–8PM'], ['Saturday', '10AM–8PM'], ['Sunday', '10AM–8PM'], ['Monday', '10AM–8PM'], ['Tuesday', '10AM–8PM'], ['Wednesday', '10AM–8PM']]"
0x7c00666490d52a87:0x8753b04600f79964,Restaurant Kunio,"Restaurant Kunio, 94-799 Lumiaina St Unit 2F/2G, Waipahu, HI 96797",21.400389699999998,-158.00923229999998,['Japanese restaurant'],4.3,295,$$,"[['Thursday', '10:30AM–10PM'], ['Friday', '10:30AM–10PM'], ['Saturday', '10:30AM–10PM'], ['Sunday', '10:30AM–10PM'], ['Monday', '10:30AM–10PM'], ['Tuesday', '10:30AM–10PM'], ['Wednesday', '10:30AM–10PM']]"
0x7c006de854d99ff3:0x6790ccb602cf61cf,Asian Mix,"Asian Mix, #A-, 1234 S Beretania St, Honolulu, HI 96814",21.3014491,-157.8423521,"['Asian restaurant', 'Chinese restaurant', 'Fast food restaurant', 'Japanese restaurant']",4.4,168,$,"[['Thursday', '10:30AM–8PM'], ['Friday', '10:30AM–8PM'], ['Saturday', '10:30AM–8PM'], ['Sunday', '10:30AM–8PM'], ['Monday', '10:30AM–8PM'], ['Tuesday', '10:30AM–8PM'], ['Wednesday', '10:30AM–8PM']]"
0x7c006df378d99bff:0x66cea99bc81ea89c,Omusubi GABA Waikiki,"Omusubi GABA Waikiki, 438 Hobron Ln #107, Honolulu, HI 96813",21.2872426,-157.8359423,['Japanese restaurant'],4.5,38,,"[['Thursday', '7:30AM–5PM'], ['Friday', '7:30AM–5PM'], ['Saturday', '7:30AM–5PM'], ['Sunday', 'Closed'], ['Monday', '7:30AM–5PM'], ['Tuesday', '7:30AM–5PM'], ['Wednesday', '7:30AM–5PM']]"
0x7c006decb7517291:0xaeace0dce8ee3b36,Teppanyaki Ginza Onodera,"Teppanyaki Ginza Onodera, 1726 S King St #1a, Honolulu, HI 96826",21.296417899999998,-157.8339058,"['Teppanyaki restaurant', 'Japanese restaurant', 'Steak house']",4.6,45,,"[['Thursday', '5:30–9PM'], ['Friday', '5:30–9PM'], ['Saturday', '5:30–9PM'], ['Sunday', '5:30–9PM'], ['Monday', '5:30–9PM'], ['Tuesday', '5:30–9PM'], ['Wednesday', '5:30–9PM']]"
0x79547874fd226e2d:0xefd3007197b03a06,Norio's Japanese Steakhouse & Sushi Bar,"Norio's Japanese Steakhouse & Sushi Bar, 1 N Kaniku Dr, Waimea, HI 96743",19.9509301,-155.86019589999998,"['Japanese restaurant', 'Bar', 'Fine dining restaurant', 'Restaurant', 'Sushi restaurant']",4.0,18,$$$,
0x79524b430bf24f2d:0x52284411cc709479,Restaurant Miwa,"Restaurant Miwa, 1261 Kilauea Ave # 230, Hilo, HI 96720",19.710362099999998,-155.0758624,"['Japanese restaurant', 'Sushi restaurant']",4.5,138,$$,"[['Wednesday', '11AM–2PM'], ['Thursday', '11AM–2PM'], ['Friday', '11AM–2PM'], ['Saturday', '11AM–2PM'], ['Sunday', '5–9PM'], ['Monday', 'Closed'], ['Tuesday', '11AM–2PM']]"
0x79524b563a7fce7b:0x7b3abbd7fef2538,"KANPAI - Sushi, Noodle, & Sake Bar","KANPAI - Sushi, Noodle, & Sake Bar, 190 Keawe St #10th, Hilo, HI 96720",19.7245222,-155.0872833,"['Sushi restaurant', 'Bar', 'Japanese restaurant', 'Karaoke bar', 'Ramen restaurant']",4.3,254,$$,"[['Tuesday', '5–11PM'], ['Wednesday', '5–11PM'], ['Thursday', '5–11PM'], ['Friday', '5PM–1AM'], ['Saturday', '5PM–1AM'], ['Sunday', 'Closed'], ['Monday', '5–11PM']]"
0x7c0073c986685b05:0x5febdc263b2834ea,Izakaya Kai,"Izakaya Kai, Lower Level, 2250 Kalakaua Ave, Honolulu, HI 96815",21.2792644,-157.8285771,"['Japanese restaurant', 'Izakaya restaurant', 'Sushi restaurant']",3.5,65,,
0x7c006fa8720b7d3d:0xc360a73be2376f05,Ninja Sushi Airport,"Ninja Sushi Airport, 550 Paiea St, Honolulu, HI 96819",21.3357322,-157.91577999999998,"['Sushi restaurant', 'Asian restaurant', 'Japanese restaurant']",4.3,187,,"[['Monday', '10AM–8PM'], ['Tuesday', '10AM–8PM'], ['Wednesday', '10AM–8PM'], ['Thursday', '10AM–8PM'], ['Friday', '10AM–8PM'], ['Saturday', '10AM–8PM'], ['Sunday', '10AM–8PM']]"
0x79524dac9673aa11:0x9e0807ffa29879bc,Sakura Sushi & Grill,"Sakura Sushi & Grill, 200 Kanoelehua Ave, Hilo, HI 96720",19.7207814,-155.0645515,"['Sushi restaurant', 'Asian restaurant', 'Authentic Japanese restaurant', 'Takeout Restaurant']",4.4,325,$$,"[['Monday', '11AM–2:30PM'], ['Tuesday', '11AM–2:30PM'], ['Wednesday', '11AM–2:30PM'], ['Thursday', '11AM–2:30PM'], ['Friday', '11AM–3PM'], ['Saturday', '11AM–3PM'], ['Sunday', '12–3PM']]"
0x7c007275edee9937:0x5532cba6fd0d3ec9,Shichimusubi,"Shichimusubi, 2250 Kalakaua Ave, Honolulu, HI 96815",21.279232099999998,-157.8285245,['Japanese restaurant'],4.4,34,,"[['Monday', '11AM–12AM'], ['Tuesday', '11AM–12AM'], ['Wednesday', '11AM–12AM'], ['Thursday', '11AM–12AM'], ['Friday', '11AM–12AM'], ['Saturday', '11AM–12AM'], ['Sunday', '11AM–12AM']]"
0x7c00727f45dc0915:0x9ef07e36137f4645,Sunrise Restaurant Hawaii,"Sunrise Restaurant Hawaii, 525 Kapahulu Ave # A, Honolulu, HI 96815",21.276908799999998,-157.8142497,"['Japanese restaurant', 'Sushi takeaway']",4.7,118,,"[['Monday', '11AM–8PM'], ['Tuesday', '11AM–8PM'], ['Wednesday', '11AM–8PM'], ['Thursday', '11AM–8PM'], ['Friday', '11AM–8PM'], ['Saturday', '1–8PM'], ['Sunday', 'Closed']]"
0x7c006df45082d695:0x3bbe6d5241ad0969,Kobe Japanese Steak House,"Kobe Japanese Steak House, 1841 Ala Moana Blvd, Honolulu, HI 96815",21.2843832,-157.8364794,"['Japanese steakhouse', 'Restaurant']",3.2,203,$$$,"[['Saturday', '5–9:30PM'], ['Sunday', '5–9:30PM'], ['Monday', '5–9:30PM'], ['Tuesday', '5–9:30PM'], ['Wednesday', '5–9:30PM'], ['Thursday', '5–9:30PM'], ['Friday', '5–9:30PM']]"
0x7c006dedaed91c03:0xe5a5f88bcb47c5a3,Do-ne,"Do-ne, 1614 Kalakaua Ave, Honolulu, HI 96826",21.294601999999998,-157.83668659999998,['Japanese restaurant'],4.8,138,$,"[['Saturday', '11AM–1:30PM'], ['Sunday', 'Closed'], ['Monday', '5:30–8PM'], ['Tuesday', '11AM–1:30PM'], ['Wednesday', '11AM–1:30PM'], ['Thursday', '11AM–1:30PM'], ['Friday', '11AM–1:30PM']]"
0x7c006d83db430afd:0x118bd485756ab57e,Izakaya Nonbei,"Izakaya Nonbei, 3108 Olu St, Honolulu, HI 96816",21.2840878,-157.8133287,['Japanese restaurant'],4.6,128,$$$,"[['Saturday', '5–10PM'], ['Sunday', '5–10PM'], ['Monday', 'Closed'], ['Tuesday', '5–10PM'], ['Wednesday', '5–10PM'], ['Thursday', '5–10PM'], ['Friday', '5–10PM']]"
0x7c006dec8fea8cc3:0xb48533fdc8f60d15,Mana Musubi,"Mana Musubi, 1618 S King St, Honolulu, HI 96826",21.297057,-157.8353802,"['Japanese delicatessen', 'Natural goods store']",4.7,73,$,"[['Saturday', '6:30AM–12:30PM'], ['Sunday', 'Closed'], ['Monday', '6:30AM–12:30PM'], ['Tuesday', '6:30AM–12:30PM'], ['Wednesday', '6:30AM–12:30PM'], ['Thursday', '6:30AM–12:30PM'], ['Friday', '6:30AM–12:30PM']]"
0x7c006f7347bf7367:0xfba97e8979b70a8,Ramen Ya,"Ramen Ya, 2810 Valkenburgh St, Honolulu, HI 96818",21.345808899999998,-157.92937039999998,['Japanese restaurant'],4.1,376,$,"[['Saturday', '10:30AM–9PM'], ['Sunday', '10:30AM–9PM'], ['Monday', '10:30AM–9PM'], ['Tuesday', '10:30AM–9PM'], ['Wednesday', '10:30AM–9PM'], ['Thursday', '10:30AM–9PM'], ['Friday', '10:30AM–9PM']]"
0x7c006dfaa0b8a123:0x70f846f9aea201c,Tempura Ichidai,"Tempura Ichidai, 1450 Ala Moana Boulevard, Ala Moana Center, Level 3, Honolulu, HI 96814",21.292438,-157.845617,['Japanese restaurant'],3.7,48,,"[['Saturday', '11AM–9PM'], ['Sunday', '11AM–9PM'], ['Monday', '11AM–9PM'], ['Tuesday', '11AM–9PM'], ['Wednesday', '11AM–9PM'], ['Thursday', '11AM–9PM'], ['Friday', '11AM–9PM']]"
0x7c006d7b78094757:0x86aa5698717bb0b,Ichiriki Kaimuki,"Ichiriki Kaimuki, 1127 11th Ave, Honolulu, HI 96816",21.2822838,-157.80030499999998,['Japanese restaurant'],4.3,76,$$,"[['Saturday', '11AM–10:30PM'], ['Sunday', '11AM–10:30PM'], ['Monday', '4–10:30PM'], ['Tuesday', '4–10:30PM'], ['Wednesday', '4–10:30PM'], ['Thursday', '4–10:30PM'], ['Friday', '4–10:30PM']]"
0x7c006d9abcbbbe63:0x8e30c2bc65d4bdec,Izakaya Naru Honolulu,"Izakaya Naru Honolulu, 2700 S King St, Honolulu, HI 96826",21.2911856,-157.8203201,"['Japanese restaurant', 'Izakaya restaurant']",4.6,144,$$,"[['Saturday', '3PM–12AM'], ['Sunday', '3PM–12AM'], ['Monday', '3PM–12AM'], ['Tuesday', '3PM–12AM'], ['Wednesday', '3PM–12AM'], ['Thursday', '3PM–12AM'], ['Friday', '3PM–12AM']]"
0x7c006d9a9eb430c7:0x9ba4d8f3892db6eb,Imanas Tei Restaurant,"Imanas Tei Restaurant, 2626 S King St, Honolulu, HI 96826",21.291864099999998,-157.82080489999998,"['Japanese restaurant', 'Restaurant']",4.5,194,$$,"[['Saturday', '5–11PM'], ['Sunday', 'Closed'], ['Monday', '5–11PM'], ['Tuesday', '5–11PM'], ['Wednesday', '5–11PM'], ['Thursday', '5–11PM'], ['Friday', '5–11PM']]"
0x7c006d8097a18fd3:0x4a36f2989afed55e,Wada,"Wada, 611 Kapahulu Ave, Honolulu, HI 96815",21.278794899999998,-157.81350369999998,"['Restaurant', 'Asian restaurant', 'Japanese restaurant']",3.7,14,$$,"[['Saturday', '4–11PM'], ['Sunday', '4–10PM'], ['Monday', 'Closed'], ['Tuesday', '4–11PM'], ['Wednesday', '4–11PM'], ['Thursday', '4–11PM'], ['Friday', '4–11PM']]"
0x7c007276938b08f1:0xeb48c24f710ca2ef,Okonomiyaki Chibo Restaurant,"Okonomiyaki Chibo Restaurant, 280 Beach Walk l106, Honolulu, HI 96815",21.2806508,-157.8308619,"['Japanese restaurant', 'Bar', 'Restaurant']",4.3,267,$$,"[['Friday', '11:30AM–2PM'], ['Saturday', '11:30AM–2PM'], ['Sunday', '11:30AM–2PM'], ['Monday', '11:30AM–2PM'], ['Tuesday', '11:30AM–2PM'], ['Wednesday', 'Closed'], ['Thursday', '11:30AM–2PM']]"
0x7c006494b6dd0c73:0x58d61a3e754cce6e,Genki Sushi,"Genki Sushi, Ewa Town Center 91, 1401 Fort Weaver Rd #D103, Ewa Beach, HI 96706",21.3345792,-158.02362689999998,"['Conveyor belt sushi restaurant', 'Asian restaurant', 'Family restaurant', 'Japanese restaurant', 'Sushi restaurant']",3.9,77,$$,"[['Friday', '11AM–10PM'], ['Saturday', '11AM–10PM'], ['Sunday', '11AM–9PM'], ['Monday', '11AM–9PM'], ['Tuesday', '11AM–9PM'], ['Wednesday', '11AM–9PM'], ['Thursday', '11AM–9PM']]"
0x7c006e73f177b02d:0xc213177e599de825,Domo Cafe,"Domo Cafe, 1016 Maunakea St M1, Honolulu, HI 96817",21.312139,-157.8633824,"['Sushi restaurant', 'Japanese restaurant']",4.6,74,$,"[['Friday', '10AM–6PM'], ['Saturday', '10AM–6PM'], ['Sunday', '10AM–3PM'], ['Monday', '10AM–6PM'], ['Tuesday', '10AM–6PM'], ['Wednesday', '10AM–6PM'], ['Thursday', '10AM–6PM']]"
0x7c006d006561f195:0x7972353572177f04,Waioli Grill & Cafe,"Waioli Grill & Cafe, 611 Kapahulu Ave STE 102, Honolulu, HI 96815",21.278794599999998,-157.81354919999998,"['Japanese restaurant', 'Asian restaurant', 'Fusion restaurant']",4.3,53,,"[['Friday', '5:30–10:30PM'], ['Saturday', '5:30–10:30PM'], ['Sunday', '5:30–9:30PM'], ['Monday', 'Closed'], ['Tuesday', '5:30–9:30PM'], ['Wednesday', '5:30–9:30PM'], ['Thursday', '5:30–9:30PM']]"
0x7c006e6657b3b867:0xe353bb7cb8b01b29,Fujiya Store,"Fujiya Store, 454 Waiakamilo Rd, Honolulu, HI 96817",21.3232261,-157.8773066,['Japanese confectionery shop'],4.3,18,,"[['Friday', '8AM–3PM'], ['Saturday', '8AM–3PM'], ['Sunday', 'Closed'], ['Monday', '8AM–3PM'], ['Tuesday', '8AM–3PM'], ['Wednesday', '8AM–3PM'], ['Thursday', '8AM–3PM']]"
0x7c006b055b46a697:0x5ee1a13b834e2667,Genki Sushi,"Genki Sushi, 45-480 Kaneohe Bay Dr, Kaneohe, HI 96744",21.400506999999998,-157.7980488,"['Sushi restaurant', 'Asian restaurant', 'Japanese restaurant', 'Restaurant']",4.2,338,$$,"[['Friday', '11AM–10PM'], ['Saturday', '11AM–10PM'], ['Sunday', '11AM–9PM'], ['Monday', '11AM–9PM'], ['Tuesday', '11AM–9PM'], ['Wednesday', '11AM–9PM'], ['Thursday', '11AM–9PM']]"
0x7c006dfc9a1c1b17:0x57e9b4aebea37e28,AGU Ramen - Ward Centre,"AGU Ramen - Ward Centre, 1200 Ala Moana Blvd Suite 657, Honolulu, HI 96814",21.2931013,-157.85259,"['Ramen restaurant', 'Japanese restaurant', 'Restaurant']",4.1,124,$$,"[['Friday', '11AM–10:30PM'], ['Saturday', '11AM–10:30PM'], ['Sunday', '11AM–9:30PM'], ['Monday', '11AM–9:30PM'], ['Tuesday', '11AM–9:30PM'], ['Wednesday', '11AM–9:30PM'], ['Thursday', '11AM–9:30PM']]"
0x7c005df23f6a1613:0xb32158520a60a61a,Marians Catering,"Marians Catering, 79 Mango Pl, Wahiawa, HI 96786",21.49759,-158.02845,"['Caterer', 'Japanese restaurant', 'Restaurant']",4.0,18,,"[['Friday', '10AM–5PM'], ['Saturday', '10AM–5PM'], ['Sunday', '10AM–5PM'], ['Monday', 'Closed'], ['Tuesday', 'Closed'], ['Wednesday', '10AM–5PM'], ['Thursday', '10AM–5PM']]"
0x7c0072756172b9c1:0x128bb5a56878f67e,Wasabi Bistro,"Wasabi Bistro, 250 Beach Walk, Honolulu, HI 96815",21.280153199999997,-157.8312455,"['Japanese restaurant', 'Asian restaurant', 'Restaurant']",4.2,94,,"[['Friday', '5–8PM'], ['Saturday', '5–8PM'], ['Sunday', 'Closed'], ['Monday', '5–8PM'], ['Tuesday', '5–8PM'], ['Wednesday', '5–8PM'], ['Thursday', '5–8PM']]"
0x7c00660d0fc65569:0x5ad624fe38aaa438,Matsuzaka-Tei,"Matsuzaka-Tei, 1029 Makolu St B, Pearl City, HI 96782",21.3993735,-157.9741536,['Japanese restaurant'],4.4,144,$,"[['Friday', '10AM–9PM'], ['Saturday', '10AM–9PM'], ['Sunday', '10AM–8PM'], ['Monday', '10AM–9PM'], ['Tuesday', '10AM–9PM'], ['Wednesday', '10AM–9PM'], ['Thursday', '10AM–9PM']]"
0x7c006600387ee125:0x6b27e189bfed6640,IchiBen Restaurant,"IchiBen Restaurant, 98-1258 Kaahumanu St, Pearl City, HI 96782",21.3893393,-157.9542914,"['Restaurant', 'Japanese restaurant']",4.2,78,$$,"[['Friday', '10:30AM–8PM'], ['Saturday', '10:30AM–8PM'], ['Sunday', '10:30AM–8PM'], ['Monday', '10:30AM–8PM'], ['Tuesday', '10:30AM–8PM'], ['Wednesday', '10:30AM–8PM'], ['Thursday', '10:30AM–8PM']]"
0x7c006af9a84ac5a3:0x64bb26821ca7e224,Maruki Tei,"Maruki Tei, 46-056 Kamehameha Hwy, Kaneohe, HI 96744",21.420287,-157.8053338,"['Japanese restaurant', 'Hawaiian restaurant']",4.1,65,,"[['Friday', '10AM–4PM'], ['Saturday', '10AM–4PM'], ['Sunday', '10AM–4PM'], ['Monday', '10AM–4PM'], ['Tuesday', '10AM–4PM'], ['Wednesday', '10AM–4PM'], ['Thursday', '10AM–4PM']]"
0x7c006de8d4066a5f:0x59d0486b118be2c3,Golden Pork Tonkotsu Ramen Bar,"Golden Pork Tonkotsu Ramen Bar, 1279 S King St, Honolulu, HI 96814",21.2991183,-157.84241409999998,"['Japanese restaurant', 'Noodle shop', 'Restaurant', 'Small plates restaurant']",4.6,343,$$,"[['Friday', '11:30AM–2:45PM'], ['Saturday', '11:30AM–2:45PM'], ['Sunday', '11:30AM–2:45PM'], ['Monday', '11:30AM–2:45PM'], ['Tuesday', '11:30AM–2:45PM'], ['Wednesday', '11:30AM–2:45PM'], ['Thursday', '11:30AM–2:45PM']]"
0x7c006df1b4eca977:0xdc43683ff36397d5,Beard Papa's,"Beard Papa's, 1450 Ala Moana Blvd, Honolulu, HI 96814",21.291394099999998,-157.84574,['Japanese sweets restaurant'],4.1,18,$,"[['Friday', '11AM–7PM'], ['Saturday', '11AM–7PM'], ['Sunday', '12–6PM'], ['Monday', '11AM–7PM'], ['Tuesday', '11AM–7PM'], ['Wednesday', '11AM–7PM'], ['Thursday', '11AM–7PM']]"
0x79524b6c93fafd23:0xabb199015da864b2,Blane's Drive Inn - Industrial,"Blane's Drive Inn - Industrial, 150 Wiwoole St, Hilo, HI 96720",19.701594,-155.065101,"['Hawaiian restaurant', 'American restaurant', 'Fast food restaurant', 'Filipino restaurant', 'Japanese restaurant', 'Restaurant']",3.8,288,$,"[['Thursday', '5AM–8PM'], ['Friday', '5AM–9PM'], ['Saturday', '5AM–9PM'], ['Sunday', '6AM–8PM'], ['Monday', '5AM–8PM'], ['Tuesday', '5AM–8PM'], ['Wednesday', '5AM–8PM']]"
0x7954cc789b337f91:0x93b6e96b9e185646,Kojima's Sushi and Japanese cuisine,"Kojima's Sushi and Japanese cuisine, 81 Makawao Ave #114, Makawao, HI 96768",20.835301599999998,-156.33203279999998,"['Japanese restaurant', 'Restaurant']",4.4,118,$$,"[['Thursday', '4:30–9PM'], ['Friday', '4:30–9:30PM'], ['Saturday', '4:30–9:30PM'], ['Sunday', 'Closed'], ['Monday', '4:30–9PM'], ['Tuesday', '4:30–9PM'], ['Wednesday', '4:30–9PM']]"
0x7c006df1ea149aa7:0xdaf0c72a311f2642,Shokudo Japanese Restaurant & Bar,"Shokudo Japanese Restaurant & Bar, 1585 Kapiolani Blvd, Honolulu, HI 96814",21.2917548,-157.8402915,"['Japanese restaurant', 'Sushi restaurant']",4.2,868,$$,"[['Thursday', '11:30AM–9PM'], ['Friday', '11:30AM–11PM'], ['Saturday', '11:30AM–11PM'], ['Sunday', '11:30AM–9PM'], ['Monday', '11:30AM–9PM'], ['Tuesday', '11:30AM–9PM'], ['Wednesday', '11:30AM–9PM']]"
0x7c006defccbf4973:0xbd56d24aeb58f5ca,Kozo Sushi,"Kozo Sushi, 638 Ke’eaumoku St, Honolulu, HI 96814",21.294197999999998,-157.8423906,"['Sushi restaurant', 'Japanese restaurant']",4.1,16,$,"[['Thursday', '9:30AM–7PM'], ['Friday', '9:30AM–7PM'], ['Saturday', '9:30AM–7PM'], ['Sunday', '10AM–6PM'], ['Monday', '9:30AM–7PM'], ['Tuesday', '9:30AM–7PM'], ['Wednesday', '9:30AM–7PM']]"
0x7c006d4efbe6cbe1:0x68a6b62aa63d33f1,Minori Craft Japanese Tavern,"Minori Craft Japanese Tavern, 1731 Kalakaua Ave, Honolulu, HI 96826",21.2911373,-157.836493,"['Izakaya restaurant', 'Hot pot restaurant', 'Japanese restaurant', 'Restaurant']",4.3,108,,"[['Thursday', '11AM–2:30PM'], ['Friday', '11AM–2:30PM'], ['Saturday', '11AM–2:30PM'], ['Sunday', '11AM–2:30PM'], ['Monday', '11AM–2:30PM'], ['Tuesday', '11AM–2:30PM'], ['Wednesday', '11AM–2:30PM']]"
0x7c00727f33bf6dd9:0xe2630f944523984d,Tokkuri Tei,"Tokkuri Tei, 449 Kapahulu Ave #201, Honolulu, HI 96815",21.275128799999997,-157.8153446,"['Izakaya restaurant', 'Japanese restaurant', 'Restaurant']",4.4,237,$$,"[['Wednesday', '11AM–1:30PM'], ['Thursday', '11AM–1:30PM'], ['Friday', '11AM–1:30PM'], ['Saturday', '11AM–1:30PM'], ['Sunday', 'Closed'], ['Monday', 'Closed'], ['Tuesday', '11AM–1:30PM']]"
0x7c006f52305c7a2d:0x28c2ab9ed697cb79,Hot Pot Heaven,"Hot Pot Heaven, 98-199 Kamehameha Hwy, Aiea, HI 96701",21.380781499999998,-157.94360509999998,"['Asian restaurant', 'Japanese restaurant', 'Restaurant']",4.4,78,,"[['Wednesday', '11AM–9PM'], ['Thursday', '11AM–9PM'], ['Friday', '11AM–10PM'], ['Saturday', '11AM–10PM'], ['Sunday', '11AM–9PM'], ['Monday', '11AM–9PM'], ['Tuesday', '11AM–9PM']]"
0x79524bf066fea4f9:0x18007aa1b6b7a17e,Moms Hilo,"Moms Hilo, 190 Keawe St, Hilo, HI 96720",19.7244463,-155.08757409999998,"['Authentic Japanese restaurant', 'Diner', 'Takeout Restaurant', 'Restaurant', 'Rice restaurant', 'Sushi restaurant', 'Sushi takeaway']",4.8,16,,"[['Wednesday', '11AM–2PM'], ['Thursday', '11AM–2PM'], ['Friday', '11AM–2PM'], ['Saturday', '11AM–2PM'], ['Sunday', 'Closed'], ['Monday', '11AM–2PM'], ['Tuesday', '11AM–2PM']]"
0x7c00124fffffffff:0x3edc6e78d4922d63,Ramen-Ya,"Ramen-Ya, 333 Keahole St, Honolulu, HI 96825",21.2829657,-157.71172289999998,"['Japanese restaurant', 'Restaurant']",4.1,94,,"[['Wednesday', '10:30AM–9PM'], ['Thursday', '10:30AM–9PM'], ['Friday', '10:30AM–9PM'], ['Saturday', '10:30AM–9PM'], ['Sunday', '10:30AM–9PM'], ['Monday', '10:30AM–9PM'], ['Tuesday', '10:30AM–9PM']]"
0x7c006dee4877850d:0xb7945e64df5f8a02,Sushi II,"Sushi II, 655 Ke’eaumoku St #109, Honolulu, HI 96814",21.2943686,-157.8413918,"['Sushi restaurant', 'Japanese restaurant', 'Restaurant']",4.6,238,$$,"[['Monday', '5:30–11PM'], ['Tuesday', '11AM–1:15PM'], ['Wednesday', '11AM–1:15PM'], ['Thursday', '11AM–1:15PM'], ['Friday', '11AM–1:15PM'], ['Saturday', '11AM–1:15PM'], ['Sunday', '5–10PM']]"
0x7c006df35fccf5eb:0xc19ccb39fd3878d,Chiba-ken,"Chiba-ken, 468 Ena Rd, Honolulu, HI 96815",21.2864693,-157.83439479999998,"['Sushi restaurant', 'Japanese restaurant', 'Restaurant']",4.5,668,$$,"[['Monday', '5:30PM–12AM'], ['Tuesday', '5:30PM–12AM'], ['Wednesday', '5:30PM–12AM'], ['Thursday', '5:30PM–12AM'], ['Friday', '5:30PM–12AM'], ['Saturday', '5:30PM–12AM'], ['Sunday', '5:30PM–12AM']]"
0x7c006de522730589:0xe34db6aeff48a5ba,Gyu-Kaku Japanese BBQ,"Gyu-Kaku Japanese BBQ, 1221 Kapiolani Blvd #105, Honolulu, HI 96814",21.295113999999998,-157.847463,"['Japanese restaurant', 'Barbecue restaurant', 'Restaurant']",4.5,468,$$,"[['Monday', '11:30AM–10PM'], ['Tuesday', '11:30AM–10PM'], ['Wednesday', '11:30AM–10PM'], ['Thursday', '11:30AM–10PM'], ['Friday', '11:30AM–10:30PM'], ['Saturday', '11:30AM–10:30PM'], ['Sunday', '11:30AM–10PM']]"
0x7c006d589059f58b:0x31116bf09bc6622e,Daiichi Ramen - Kahala,"Daiichi Ramen - Kahala, 4210 Waialae Ave. #D5,D6, Honolulu, HI 96816",21.2789918,-157.78647429999998,"['Japanese restaurant', 'Asian restaurant', 'Authentic Japanese restaurant', 'Japanese curry restaurant', 'Noodle shop', 'Ramen restaurant']",3.9,8,,"[['Monday', '10AM–10PM'], ['Tuesday', '10AM–10PM'], ['Wednesday', '10AM–10PM'], ['Thursday', '10AM–10PM'], ['Friday', '10AM–10PM'], ['Saturday', '10AM–10PM'], ['Sunday', '10AM–10PM']]"
0x7c006de916111f73:0x1e8869142b9da3d7,Japanese B.B.Q. Yoshi,"Japanese B.B.Q. Yoshi, 1316 Young St, Honolulu, HI 96814",21.300282499999998,-157.8409467,"['Authentic Japanese restaurant', 'Restaurant', 'Yakiniku restaurant']",4.3,104,,"[['Monday', '5–10PM'], ['Tuesday', '5–10PM'], ['Wednesday', '5–10PM'], ['Thursday', '5–10PM'], ['Friday', '5–10PM'], ['Saturday', '5–10PM'], ['Sunday', '5–10PM']]"
0x7c006df50e752837:0x440d3504f8c962b4,Benihana,"Benihana, 2005 Kalia Rd, Honolulu, HI 96815",21.2835386,-157.8363628,"['Japanese restaurant', 'Asian restaurant', 'Bar', 'Japanese steakhouse', 'Restaurant', 'Steak house']",3.9,348,,"[['Sunday', '11:30AM–2PM'], ['Monday', '11:30AM–2PM'], ['Tuesday', '11:30AM–2PM'], ['Wednesday', '11:30AM–2PM'], ['Thursday', '11:30AM–2PM'], ['Friday', '11:30AM–2PM'], ['Saturday', '11:30AM–2PM']]"
0x7954d2db679d1499:0x5e8306d07b0219e4,Genki Sushi,"Genki Sushi, 70 E Kaahumanu Ave, Kahului, HI 96732",20.8908229,-156.4648588,"['Sushi restaurant', 'Asian restaurant', 'Japanese restaurant', 'Restaurant']",4.0,393,$$,"[['Saturday', '11AM–10PM'], ['Sunday', '11AM–9PM'], ['Monday', '11AM–9PM'], ['Tuesday', '11AM–9PM'], ['Wednesday', '11AM–9PM'], ['Thursday', '11AM–9PM'], ['Friday', '11AM–10PM']]"
0x7c006e663fd9b34b:0xd770058f513826e0,Sugoi Bento & Catering,"Sugoi Bento & Catering, City Square Bldg 1286, Kalani St B-106, Honolulu, HI 96817",21.321723199999997,-157.8759854,"['Takeout Restaurant', 'Japanese restaurant']",4.5,188,$,"[['Saturday', '9AM–2PM'], ['Sunday', '9AM–2PM'], ['Monday', '9AM–2PM'], ['Tuesday', '9AM–2PM'], ['Wednesday', '9AM–2PM'], ['Thursday', '9AM–2PM'], ['Friday', '9AM–2PM']]"
0x7c007275f27aa9a3:0x66014acd4f2a51d7,Kaneko Hannosuke,"Kaneko Hannosuke, 2250 Kalakaua Ave, Honolulu, HI 96815",21.2791771,-157.8282789,"['Japanese restaurant', 'Restaurant']",4.2,118,,"[['Saturday', '11AM–10PM'], ['Sunday', '11AM–10PM'], ['Monday', '11AM–10PM'], ['Tuesday', '11AM–10PM'], ['Wednesday', '11AM–10PM'], ['Thursday', '11AM–10PM'], ['Friday', '11AM–10PM']]"
0x7c006d90e20a6525:0x13c7fd8a72735b57,Kokoro-tei,"Kokoro-tei, 2424 S Beretania St, Honolulu, HI 96826",21.294526899999997,-157.8243243,['Japanese restaurant'],4.7,68,$,"[['Saturday', '10AM–2PM'], ['Sunday', 'Closed'], ['Monday', '10AM–6PM'], ['Tuesday', '10AM–6PM'], ['Wednesday', '10AM–6PM'], ['Thursday', '10AM–6PM'], ['Friday', '10AM–6PM']]"
0x7c006d8a56676d23:0xd465a1eefe1f2f2f,Sushi Sho,"Sushi Sho, 383 Kalaimoku St, Honolulu, HI 96815",21.2825839,-157.83029779999998,"['Sushi restaurant', 'Fine dining restaurant', 'Authentic Japanese restaurant', 'Japanese restaurant']",4.7,168,$$$$,"[['Saturday', '5–10:30PM'], ['Sunday', '5–10:30PM'], ['Monday', 'Closed'], ['Tuesday', '5–10:30PM'], ['Wednesday', '5–10:30PM'], ['Thursday', '5–10:30PM'], ['Friday', '5–10:30PM']]"
0x7c006dede4a406b3:0x328c1ae0697b7359,Don Quijote Honolulu,"Don Quijote Honolulu, 801 Kaheka St, Honolulu, HI 96814",21.293671399999997,-157.8388175,"['Supermarket', 'Asian grocery store', 'General store', 'Grocery store', 'Japanese grocery store', 'Pharmacy']",4.2,5279,,"[['Saturday', 'Open 24 hours'], ['Sunday', 'Open 24 hours'], ['Monday', 'Open 24 hours'], ['Tuesday', 'Open 24 hours'], ['Wednesday', 'Open 24 hours'], ['Thursday', 'Open 24 hours'], ['Friday', 'Open 24 hours']]"
0x7c006de1823ce179:0x6b40181ed0595260,Yanagi Sushi,"Yanagi Sushi, 762 Kapiolani Blvd, Honolulu, HI 96813",21.3010085,-157.8539363,"['Sushi restaurant', 'Japanese restaurant']",4.4,894,$$,"[['Saturday', '11AM–2PM'], ['Sunday', '11AM–2PM'], ['Monday', '11AM–2PM'], ['Tuesday', '11AM–2PM'], ['Wednesday', '11AM–2PM'], ['Thursday', '11AM–2PM'], ['Friday', '11AM–2PM']]"
0x7c007276f8314f95:0x4bb749f7fe9ecf63,Musubi Cafe IYASUME,"Musubi Cafe IYASUME, Pacific Monarch Hotel, 2427 Kūhiō Ave. #1F, Honolulu, HI 96815",21.2765298,-157.823703,"['Japanese restaurant', 'Asian restaurant', 'Restaurant']",4.4,1701,$,"[['Saturday', '7AM–8PM'], ['Sunday', '7AM–8PM'], ['Monday', '7AM–8PM'], ['Tuesday', '7AM–8PM'], ['Wednesday', '7AM–8PM'], ['Thursday', '7AM–8PM'], ['Friday', '7AM–8PM']]"
0x7c007275f2dd9c43:0x12f22ad501ad9912,Waikiki Yokocho,"Waikiki Yokocho, 2250 Kalakaua Ave, Honolulu, HI 96815",21.279105299999998,-157.8286268,"['Japanese restaurant', 'Japanese curry restaurant', 'Ramen restaurant', 'Restaurant', 'Sushi restaurant', 'Yakiniku restaurant']",4.1,1134,$$,"[['Saturday', '11AM–5PM'], ['Sunday', '11AM–5PM'], ['Monday', '11AM–5PM'], ['Tuesday', '11AM–5PM'], ['Wednesday', '11AM–5PM'], ['Thursday', '11AM–5PM'], ['Friday', '11AM–5PM']]"
0x7c006e745ec4428d:0x1efe275b56b64276,Marukame Udon,"Marukame Udon, 1104 Fort Street Mall, Honolulu, HI 96813",21.310046099999997,-157.86117149999998,"['Udon noodle restaurant', 'Japanese restaurant', 'Restaurant', 'Tempura restaurant']",4.5,488,$,"[['Saturday', 'Closed'], ['Sunday', 'Closed'], ['Monday', '11AM–4PM'], ['Tuesday', '11AM–4PM'], ['Wednesday', '11AM–4PM'], ['Thursday', '11AM–4PM'], ['Friday', '11AM–4PM']]"
0x7c006e85fa6ec8d5:0xc1c935e424d2e8a,Teishoku Restaurant,"Teishoku Restaurant, 1620 N School St C, Honolulu, HI 96817",21.336802199999997,-157.8684051,['Japanese restaurant'],4.6,168,$$,"[['Saturday', '11AM–9PM'], ['Sunday', '11AM–9PM'], ['Monday', '11AM–9PM'], ['Tuesday', '11AM–9PM'], ['Wednesday', '11AM–9PM'], ['Thursday', '11AM–9PM'], ['Friday', '11AM–9PM']]"
0x7c006f52be986b0f:0xe42c762f28bfadaa,Genki Sushi,"Genki Sushi, 98-1005 Moanalua Rd #801, Aiea, HI 96701",21.385441399999998,-157.940977,"['Sushi restaurant', 'Japanese restaurant']",4.3,318,$$,"[['Saturday', '10:30AM–7PM'], ['Sunday', '10:30AM–6PM'], ['Monday', '10:30AM–7PM'], ['Tuesday', '10:30AM–7PM'], ['Wednesday', '10:30AM–7PM'], ['Thursday', '10:30AM–7PM'], ['Friday', '10:30AM–7PM']]"
0x7c0066f7e3e9d9af:0x835f1570f2bde3c8,Ninja Sushi,"Ninja Sushi, 94-1221 Ka Uka Blvd STE 107, Waipahu, HI 96797",21.4264524,-158.00145229999998,"['Sushi restaurant', 'Asian restaurant', 'Japanese restaurant']",4.4,78,,"[['Saturday', '10AM–9PM'], ['Sunday', '10AM–8PM'], ['Monday', '10AM–9PM'], ['Tuesday', '10AM–9PM'], ['Wednesday', '10AM–9PM'], ['Thursday', '10AM–9PM'], ['Friday', '10AM–9PM']]"
0x7c006df045a36271:0xe3bb3fdf71c29f,Tanaka of Tokyo West,"Tanaka of Tokyo West, 1450 Ala Moana Blvd, Honolulu, HI 96814",21.2905284,-157.8429581,['Japanese restaurant'],4.6,518,$$$,"[['Friday', '5–9PM'], ['Saturday', '5–9PM'], ['Sunday', '5–9PM'], ['Monday', '5–9PM'], ['Tuesday', '5–9PM'], ['Wednesday', '5–9PM'], ['Thursday', '5–9PM']]"
0x7c006e78c70edceb:0x51b0ca8a80e32d7e,Yagura Restaurant,"Yagura Restaurant, 1655 Liliha St, Honolulu, HI 96817",21.3223791,-157.858399,['Japanese restaurant'],4.4,65,$$,"[['Friday', '11AM–2PM'], ['Saturday', '11AM–2PM'], ['Sunday', 'Closed'], ['Monday', '11AM–2PM'], ['Tuesday', '11AM–2PM'], ['Wednesday', '11AM–2PM'], ['Thursday', '11AM–2PM']]"
0x7c006deece7419dd:0xecdbe28d6dd10250,Yajima-ya,"Yajima-ya, 1345 S King St, Honolulu, HI 96814",21.2985683,-157.8410077,['Japanese restaurant'],4.2,208,$$,"[['Friday', '11AM–2PM'], ['Saturday', '11AM–2PM'], ['Sunday', '11AM–2PM'], ['Monday', '11AM–2PM'], ['Tuesday', '11AM–2PM'], ['Wednesday', '11AM–2PM'], ['Thursday', '11AM–2PM']]"
0x7c006e663fd9b34b:0x8b1a2f12833c4391,Utage Restaurant & Lounge,"Utage Restaurant & Lounge, 1286 Kalani St # B102, Honolulu, HI 96817",21.321621399999998,-157.8763012,"['Japanese restaurant', 'Restaurant']",4.6,178,$$,"[['Friday', '10AM–8:45PM'], ['Saturday', '10AM–8:45PM'], ['Sunday', '10AM–8:45PM'], ['Monday', '10AM–7:45PM'], ['Tuesday', '10AM–7:45PM'], ['Wednesday', '10AM–7:45PM'], ['Thursday', '10AM–7:45PM']]"
0x7c006df6b0b333eb:0x60aa6bc78fe88cb7,Hakone,"Hakone, 100 Holomoana St, Honolulu, HI 96815",21.286552999999998,-157.84024399999998,"['Japanese restaurant', 'Asian restaurant', 'Bar', 'Sushi restaurant']",4.1,8,$$$,"[['Friday', '5:30–9:30PM'], ['Saturday', '5:30–9:30PM'], ['Sunday', '5:30–9:30PM'], ['Monday', 'Closed'], ['Tuesday', 'Closed'], ['Wednesday', '5:30–9PM'], ['Thursday', '5:30–9PM']]"
0x7c006d7b4041814b:0x621bbc4d9449d9d2,ASUKA,"ASUKA, 3620 Waialae Ave, Honolulu, HI 96816",21.2827362,-157.79871889999998,['Japanese restaurant'],4.6,95,$$,"[['Friday', '5–10PM'], ['Saturday', '5–10PM'], ['Sunday', '5–10PM'], ['Monday', '5–10PM'], ['Tuesday', '5–10PM'], ['Wednesday', '5–10PM'], ['Thursday', '5–10PM']]"
0x7c006e6e08403915:0xa1326a772dc503ea,Umamiya Shabu Shabu,"Umamiya Shabu Shabu, 580 N Nimitz Hwy, Honolulu, HI 96817",21.313619,-157.869433,"['Shabu-shabu restaurant', 'Hot pot restaurant', 'Japanese restaurant', 'Korean restaurant']",4.0,118,$$,"[['Friday', '5–10PM'], ['Saturday', '5–10PM'], ['Sunday', '5–10PM'], ['Monday', 'Closed'], ['Tuesday', '5–10PM'], ['Wednesday', '5–10PM'], ['Thursday', '5–10PM']]"
0x7c006efb021da1ab:0x9a2fb16bdd41de39,Aloha Pantry & Sushi,"Aloha Pantry & Sushi, 970 Ahua St # 3, Honolulu, HI 96819",21.343111999999998,-157.89578699999998,"['Japanese restaurant', 'Asian restaurant']",3.4,5,,"[['Friday', '5AM–6PM'], ['Saturday', 'Closed'], ['Sunday', 'Closed'], ['Monday', '5AM–6PM'], ['Tuesday', '5AM–6PM'], ['Wednesday', '5AM–6PM'], ['Thursday', '5AM–6PM']]"
0x7c00727618900003:0x44c90233c1a9b2a7,Mitsuwa Marketplace Hawaii Waikiki,"Mitsuwa Marketplace Hawaii Waikiki, 2330 Kalakaua Ave #250, Honolulu, HI 96815",21.2790833,-157.8261222,"['Japanese grocery store', 'Food court', 'Supermarket']",4.3,552,,"[['Friday', '11AM–7PM'], ['Saturday', '11AM–7PM'], ['Sunday', '11AM–7PM'], ['Monday', '11AM–7PM'], ['Tuesday', '11AM–7PM'], ['Wednesday', '11AM–7PM'], ['Thursday', '11AM–7PM']]"
0x7c006e0cab8a5cb9:0x5e3174a8679b7d21,Mamaya Bishop Street Cafe,"Mamaya Bishop Street Cafe, 701 Bishop St, Honolulu, HI 96813",21.3071523,-157.8631819,['Japanese restaurant'],4.3,26,$,"[['Friday', '10AM–2PM'], ['Saturday', 'Closed'], ['Sunday', 'Closed'], ['Monday', '10AM–2PM'], ['Tuesday', '10AM–2PM'], ['Wednesday', '10AM–2PM'], ['Thursday', '10AM–2PM']]"
0x7c006d8d36bf2f51:0x9bdbed6775abd5e6,Osaka Teppanyaki Kawano,"Osaka Teppanyaki Kawano, 1960 Kapiolani Blvd, Honolulu, HI 96826",21.290047299999998,-157.83267039999998,"['Restaurant', 'Japanese restaurant']",4.4,78,,"[['Friday', '5PM–2AM'], ['Saturday', '4PM–2AM'], ['Sunday', '4PM–2AM'], ['Monday', '5PM–2AM'], ['Tuesday', '5PM–2AM'], ['Wednesday', '5PM–2AM'], ['Thursday', '5PM–2AM']]"
0x7c006d93d5a76b13:0xc5c5393aefeb525b,Yamagen,"Yamagen, 2210 S King St, Honolulu, HI 96826",21.294102499999997,-157.8273197,['Japanese restaurant'],4.5,78,$,"[['Thursday', '5–9PM'], ['Friday', '11AM–2PM'], ['Saturday', '11AM–2PM'], ['Sunday', 'Closed'], ['Monday', '11AM–2PM'], ['Tuesday', '5–9PM'], ['Wednesday', 'Closed']]"
0x7c071e9c1b3f5197:0x7fc089f2bb52e3c1,Genki Sushi,"Genki Sushi, 2600 Kaumualii Hwy #3, Lihue, HI 96766",21.970399999999998,-159.37969999999999,"['Sushi restaurant', 'Asian restaurant', 'Japanese restaurant']",4.0,268,$$,"[['Thursday', '11AM–9PM'], ['Friday', '11AM–10PM'], ['Saturday', '11AM–10PM'], ['Sunday', '11AM–9PM'], ['Monday', '11AM–9PM'], ['Tuesday', '11AM–9PM'], ['Wednesday', '11AM–9PM']]"
0x7c06e0f16bce9daf:0x6b6d4b5b36cec347,Sushi Bushido,"Sushi Bushido, Coconut Marketplace, 4-484 Kuhio Hwy, Kapaʻa, HI 96746",22.0543898,-159.3291753,"['Sushi restaurant', 'Japanese restaurant']",4.0,238,$$,"[['Thursday', '4–9PM'], ['Friday', '4–9PM'], ['Saturday', '4–9PM'], ['Sunday', 'Closed'], ['Monday', '4–9PM'], ['Tuesday', '4–9PM'], ['Wednesday', '4–9PM']]"
0x7c006de4d9c1c97f:0x591b458665a4453b,Menya le Nood,"Menya le Nood, 560 Pensacola St, Honolulu, HI 96814",21.2947164,-157.84829729999998,"['Ramen restaurant', 'Japanese restaurant']",4.6,238,$$,"[['Thursday', '11AM–2PM'], ['Friday', '11AM–2PM'], ['Saturday', '11AM–2PM'], ['Sunday', '11AM–2PM'], ['Monday', 'Closed'], ['Tuesday', '11AM–2PM'], ['Wednesday', '11AM–2PM']]"
0x7c006681365487a9:0xc636d6f95e33af2e,Genki Sushi,"Genki Sushi, Waikele Center, 94-799 Lumiaina St, Waipahu, HI 96797",21.4006228,-158.0084288,"['Sushi restaurant', 'Asian restaurant', 'Japanese restaurant']",4.3,486,$$,"[['Thursday', '11AM–10PM'], ['Friday', '11AM–10PM'], ['Saturday', '11AM–10PM'], ['Sunday', '11AM–9PM'], ['Monday', '11AM–10PM'], ['Tuesday', '11AM–10PM'], ['Wednesday', '11AM–10PM']]"
0x7c006deeace15451:0x9313e92f34680c88,Sushi Sasabune,"Sushi Sasabune, 1417 S King St, Honolulu, HI 96814",21.298177799999998,-157.83984999999998,"['Sushi restaurant', 'Japanese restaurant']",4.5,225,$$$$,"[['Thursday', '12–1PM'], ['Friday', '12–1PM'], ['Saturday', '12–1PM'], ['Sunday', 'Closed'], ['Monday', 'Closed'], ['Tuesday', '12–1PM'], ['Wednesday', '12–1PM']]"
0x7c0072758dd7cbc5:0x381ea6611a0838bb,Tanaka of Tokyo Central,"Tanaka of Tokyo Central, 2250 Kalakaua Ave 3rd Fl, Honolulu, HI 96815",21.2793205,-157.82884289999998,['Japanese restaurant'],4.5,678,$$,"[['Wednesday', '5–9PM'], ['Thursday', '5–9PM'], ['Friday', '5–9PM'], ['Saturday', '5–9PM'], ['Sunday', '5–9PM'], ['Monday', '5–9PM'], ['Tuesday', '5–9PM']]"
0x7c006de38386b29f:0xe03c72dc1132a552,Doraku Izakaya and Sushi,"Doraku Izakaya and Sushi, 1009 Kapiolani Blvd, Honolulu, HI 96814",21.2969173,-157.8511012,"['Izakaya restaurant', 'Japanese restaurant', 'Sushi restaurant']",4.3,711,$$,"[['Wednesday', '11:30AM–10PM'], ['Thursday', '11:30AM–10PM'], ['Friday', '11:30AM–11PM'], ['Saturday', '11:30AM–11PM'], ['Sunday', '11:30AM–10PM'], ['Monday', '11:30AM–10PM'], ['Tuesday', '11:30AM–10PM']]"
0x7c007275631617e9:0xf7d31562cc051497,Shingen Soba Izakaya at Heart Moon,"Shingen Soba Izakaya at Heart Moon, 2334 S King St, Honolulu, HI 96826",21.2936159,-157.82595,"['Soba noodle shop', 'Japanese restaurant']",3.9,118,,"[['Tuesday', '11:30AM–2PM'], ['Wednesday', '11:30AM–2PM'], ['Thursday', '11:30AM–2PM'], ['Friday', '11:30AM–2PM'], ['Saturday', '11:30AM–2PM'], ['Sunday', '11:30AM–2PM'], ['Monday', '11:30AM–2PM']]"
0x7c006de3aa34f8bf:0x8532cf66984c2fda,Asahi Grill Ward,"Asahi Grill Ward, 515 Ward Ave, Honolulu, HI 96814",21.297669799999998,-157.8538843,"['Japanese restaurant', 'Hawaiian restaurant']",4.1,525,$$,"[['Tuesday', '6:30AM–8PM'], ['Wednesday', '6:30AM–8PM'], ['Thursday', '6:30AM–8PM'], ['Friday', '6:30AM–8PM'], ['Saturday', '6:30AM–8PM'], ['Sunday', '6:30AM–8PM'], ['Monday', '6:30AM–8PM']]"
0x7c006326de759f2b:0xb84d90628df70c33,Gyu-Kaku Japanese BBQ,"Gyu-Kaku Japanese BBQ, 4450 Kapolei Pkwy space no 510, Kapolei, HI 96707",21.3308516,-158.0938984,"['Japanese restaurant', 'Bar', 'Barbecue restaurant', 'Tapas restaurant']",4.3,584,$$,"[['Tuesday', '11AM–9PM'], ['Wednesday', '11AM–9PM'], ['Thursday', '11AM–9PM'], ['Friday', '11AM–10PM'], ['Saturday', '11AM–10PM'], ['Sunday', '11AM–10PM'], ['Monday', '11AM–9PM']]"
0x7c00660d84ab0d0b:0xa6e6388fae7a4936,Ramen Ya Pearl City,"Ramen Ya Pearl City, 1170 Kuala St, Pearl City, HI 96782",21.399401299999997,-157.9749699,"['Japanese restaurant', 'Restaurant']",4.2,198,$,"[['Tuesday', '10:30AM–9PM'], ['Wednesday', '10:30AM–9PM'], ['Thursday', '10:30AM–9PM'], ['Friday', '10:30AM–9PM'], ['Saturday', '10:30AM–9PM'], ['Sunday', '10:30AM–9PM'], ['Monday', '10:30AM–9PM']]"
0x7c005d7ed78d73a3:0x4e01e33b1943eca7,Hawaii Pot Shabu Shabu House,"Hawaii Pot Shabu Shabu House, 554 Olive Ave, Wahiawa, HI 96786",21.4950314,-158.0284551,"['Japanese restaurant', 'Hot pot restaurant', 'Shabu-shabu restaurant']",4.7,38,,"[['Tuesday', '11AM–9:30PM'], ['Wednesday', '11AM–9:30PM'], ['Thursday', '11AM–9:30PM'], ['Friday', '11AM–9:30PM'], ['Saturday', '11AM–9:30PM'], ['Sunday', '11AM–9:30PM'], ['Monday', '11AM–9:30PM']]"
0x7c006deeb8bfeec5:0x5f885f386613f493,Menchanko-Tei,"Menchanko-Tei, 903 Ke’eaumoku St C101A, Honolulu, HI 96814",21.297266999999998,-157.8406162,"['Japanese restaurant', 'Ramen restaurant']",4.6,147,$$,"[['Tuesday', 'Closed'], ['Wednesday', '11AM–2PM'], ['Thursday', '11AM–2PM'], ['Friday', '11AM–2PM'], ['Saturday', '11AM–2PM'], ['Sunday', '11AM–2PM'], ['Monday', '11AM–2PM']]"
0x7c006e65bae951b7:0xfa38fe9d4572bf8f,Yohei Sushi Restaurant,"Yohei Sushi Restaurant, 1111 Dillingham Blvd #101, Honolulu, HI 96817",21.321313099999998,-157.87343149999998,['Japanese restaurant'],4.4,198,$$,"[['Tuesday', '11AM–1:45PM'], ['Wednesday', '11AM–1:45PM'], ['Thursday', '11AM–1:45PM'], ['Friday', '11AM–1:45PM'], ['Saturday', '11AM–1:45PM'], ['Sunday', '4:30–8PM'], ['Monday', '11AM–1:45PM']]"
0x7c006df045a36271:0xe3b03910a0b003a6,Curry House Coco Ichibanya,"Curry House Coco Ichibanya, 1450 Ala Moana Blvd, Honolulu, HI 96814",21.2905573,-157.8442225,['Japanese curry restaurant'],4.2,118,$,"[['Tuesday', '11AM–5PM'], ['Wednesday', '11AM–7PM'], ['Thursday', '11AM–5PM'], ['Friday', '11AM–5:30PM'], ['Saturday', '11AM–5:30PM'], ['Sunday', '11AM–5PM'], ['Monday', '11AM–5PM']]"
0x7c006df045b01715:0x1d3f1580e9dfdc94,BRUG Bakery Ala Moana,"BRUG Bakery Ala Moana, 1450 Ala Moana Blvd #1080, Honolulu, HI 96814",21.2916065,-157.84358749999998,"['Bakery', 'Japanese delicatessen']",4.2,288,$$,"[['Tuesday', '8AM–6PM'], ['Wednesday', '8AM–6PM'], ['Thursday', '8AM–6PM'], ['Friday', '8AM–6PM'], ['Saturday', '8AM–6PM'], ['Sunday', '8AM–6PM'], ['Monday', '8AM–6PM']]"
0x79540f1a9d0db579:0x405f6f8a8f72fefe,Kenichi Pacific,"Kenichi Pacific, 6831 Alii Dr #78, Kailua-Kona, HI 96740",19.571119799999998,-155.9620457,"['Asian fusion restaurant', 'Bar', 'Family restaurant', 'Japanese restaurant', 'Restaurant', 'Sushi restaurant']",4.4,418,$$,"[['Tuesday', '4:30–9PM'], ['Wednesday', '4:30–9PM'], ['Thursday', '4:30–9PM'], ['Friday', '4:30–9PM'], ['Saturday', '4:30–9PM'], ['Sunday', '4:30–9PM'], ['Monday', 'Closed']]"
0x7c006d9336fd9b99:0x5fbe5b48cd16cdc5,Gyotaku Japanese Restaurant - King Street,"Gyotaku Japanese Restaurant - King Street, 1824 S King St, Honolulu, HI 96826",21.295946999999998,-157.83204139999998,"['Japanese restaurant', 'Asian restaurant', 'Sushi restaurant']",4.3,638,$$,"[['Monday', '11AM–8PM'], ['Tuesday', '11AM–8PM'], ['Wednesday', '11AM–8PM'], ['Thursday', '11AM–8PM'], ['Friday', '11AM–8PM'], ['Saturday', '11AM–8PM'], ['Sunday', '11AM–8PM']]"
0x7c006d8a0a279257:0x2e0405d8466b4ad3,Sam's Kitchen,"Sam's Kitchen, 353 Royal Hawaiian Ave, Honolulu, HI 96815",21.2804123,-157.8278847,"['Seafood restaurant', 'Asian fusion restaurant', 'Fusion restaurant', 'Hawaiian restaurant', 'Japanese restaurant', 'Takeout Restaurant', 'Raw food restaurant', 'Rice restaurant']",4.4,717,$,"[['Monday', '10AM–1AM'], ['Tuesday', '10AM–1AM'], ['Wednesday', '10AM–1AM'], ['Thursday', '10AM–1AM'], ['Friday', '10AM–1AM'], ['Saturday', '10AM–1AM'], ['Sunday', '10AM–1AM']]"
0x7c007275673b65d7:0xa63473936f564cd4,Pau Hana Market,"Pau Hana Market, 234 Beach Walk, Honolulu, HI 96815",21.279697,-157.8316697,"['Food court', 'Japanese restaurant', 'Pan-Asian restaurant', 'Restaurant']",4.1,138,,"[['Sunday', '11AM–9PM'], ['Monday', '11AM–9PM'], ['Tuesday', '11AM–9PM'], ['Wednesday', '11AM–9PM'], ['Thursday', '11AM–9PM'], ['Friday', '11AM–9:30PM'], ['Saturday', '11AM–9:30PM']]"
0x7c006d608472afdf:0x1a112d25dbce010f,KuruKuru Sushi - Kahala Mall,"KuruKuru Sushi - Kahala Mall, 4211 Waialae Ave, Honolulu, HI 96816",21.2775774,-157.78754089999998,"['Sushi restaurant', 'Asian restaurant', 'Japanese restaurant']",4.1,194,$$,"[['Sunday', '11AM–9PM'], ['Monday', '11AM–8PM'], ['Tuesday', '11AM–8PM'], ['Wednesday', '11AM–8PM'], ['Thursday', '11AM–8PM'], ['Friday', '11AM–8PM'], ['Saturday', '11AM–9PM']]"
0x7c006dfc95b40377:0x105947decaf3c8ab,Goma Tei Ramen Ward,"Goma Tei Ramen Ward, 1200 Ala Moana Blvd, Honolulu, HI 96814",21.2923901,-157.8518671,"['Japanese restaurant', 'Asian restaurant', 'Ramen restaurant']",4.3,148,,"[['Sunday', '11AM–8PM'], ['Monday', '11AM–8PM'], ['Tuesday', '11AM–8PM'], ['Wednesday', '11AM–8PM'], ['Thursday', '11AM–8PM'], ['Friday', '11AM–8:30PM'], ['Saturday', '11AM–8:30PM']]"
0x7c0063162b27d605:0x1ba8e647bd7ae821,Sushi Bay,"Sushi Bay, 590 Farrington Hwy #130, Kapolei, HI 96707",21.339748399999998,-158.07829279999999,"['Japanese restaurant', 'Restaurant', 'Sushi restaurant']",4.5,805,$,"[['Sunday', '10:30AM–6PM'], ['Monday', '10:30AM–6PM'], ['Tuesday', '10:30AM–6PM'], ['Wednesday', '10:30AM–6PM'], ['Thursday', '10:30AM–6PM'], ['Friday', '10:30AM–6PM'], ['Saturday', '10:30AM–6PM']]"
0x79524b5765174011:0x81607b8f6569ac22,Two Ladies Kitchen,"Two Ladies Kitchen, 274 Kilauea Ave, Hilo, HI 96720",19.721099,-155.08443029999998,['Japanese confectionery shop'],4.7,528,,"[['Saturday', '10AM–4PM'], ['Sunday', 'Closed'], ['Monday', 'Closed'], ['Tuesday', '10AM–4PM'], ['Wednesday', '10AM–4PM'], ['Thursday', '10AM–4PM'], ['Friday', '10AM–4PM']]"
0x7c006de62ec984d7:0x54d20b9f0263dc09,Teruya's Andagi,"Teruya's Andagi, 1104 Pensacola St, Honolulu, HI 96814",21.3015314,-157.8454544,"['Japanese restaurant', 'Caterer', 'Restaurant']",4.6,18,,"[['Saturday', '10AM–2PM'], ['Sunday', 'Closed'], ['Monday', 'Closed'], ['Tuesday', '10AM–2PM'], ['Wednesday', '10AM–2PM'], ['Thursday', 'Closed'], ['Friday', '10AM–2PM']]"
0x7c06e04b127dee35:0x92d189081cbff2d9,Kintaro Japanese Restaurant,"Kintaro Japanese Restaurant, 4-370 Kuhio Hwy, Kapaʻa, HI 96746",22.0524703,-159.3328684,"['Japanese restaurant', 'Restaurant']",4.1,387,$$,"[['Saturday', '5:30–9:30PM'], ['Sunday', 'Closed'], ['Monday', '5:30–9:30PM'], ['Tuesday', '5:30–9:30PM'], ['Wednesday', '5:30–9:30PM'], ['Thursday', '5:30–9:30PM'], ['Friday', '5:30–9:30PM']]"
0x79552bb9d41733af:0xf14190ddd726f32f,Kobe Japanese Steak House & Oku's Sushi Bar,"Kobe Japanese Steak House & Oku's Sushi Bar, 136 Dickenson St, Lahaina, HI 96761",20.8737963,-156.67751719999998,"['Teppanyaki restaurant', 'Family restaurant', 'Japanese steakhouse', 'Steak house', 'Sushi restaurant']",4.0,598,$$$,"[['Saturday', '5–9PM'], ['Sunday', '5–9PM'], ['Monday', 'Closed'], ['Tuesday', 'Closed'], ['Wednesday', '5–9PM'], ['Thursday', '5–9PM'], ['Friday', '5–9PM']]"
0x7c006d8a25123d95:0x15202504fc0f85bd,Maguro Brothers Hawaii Waikiki,"Maguro Brothers Hawaii Waikiki, Waikiki Hotel, 415 Nāhua Street Pearl, Honolulu, HI 96815",21.279514499999998,-157.8250497,"['Japanese restaurant', 'Hawaiian restaurant', 'Takeout Restaurant']",4.6,398,,"[['Saturday', '5–8PM'], ['Sunday', 'Closed'], ['Monday', '5–8PM'], ['Tuesday', '5–8PM'], ['Wednesday', '5–8PM'], ['Thursday', '5–8PM'], ['Friday', '5–8PM']]"
0x7c00643c2609e227:0x846060c44dae1c27,Restaurant Kuni,"Restaurant Kuni, 94-210 Leokane St, Waipahu, HI 96797",21.380112399999998,-158.0201764,"['Japanese restaurant', 'Restaurant']",4.6,226,$$,"[['Friday', '11AM–2PM'], ['Saturday', '11AM–2PM'], ['Sunday', '11AM–2PM'], ['Monday', '11AM–2PM'], ['Tuesday', '11AM–2PM'], ['Wednesday', '11AM–2PM'], ['Thursday', '11AM–2PM']]"
0x7c00727565b5180f:0xc38e5889e04d5fe2,Tonkatsu Ginza Bairin,"Tonkatsu Ginza Bairin, 255 Beach Walk, Honolulu, HI 96815",21.2800291,-157.8310065,"['Japanese restaurant', 'Asian restaurant', 'Authentic Japanese restaurant', 'Tonkatsu restaurant']",4.3,635,$$,"[['Thursday', '11AM–8:30PM'], ['Friday', '11AM–8:30PM'], ['Saturday', '11AM–8:30PM'], ['Sunday', '11AM–8:30PM'], ['Monday', '11AM–8:30PM'], ['Tuesday', '11AM–8:30PM'], ['Wednesday', '11AM–8:30PM']]"
0x79540efbfe143ed3:0x1b820597d8636ac0,TK Noodle House Kona,"TK Noodle House Kona, 75 Hanama Pl, Kailua-Kona, HI 96740",19.6397324,-155.9922083,"['Asian fusion restaurant', 'Chinese restaurant', 'Japanese restaurant', 'Laotian restaurant', 'Thai restaurant', 'Vietnamese restaurant']",4.3,393,$$,"[['Wednesday', '11AM–9PM'], ['Thursday', '11AM–9PM'], ['Friday', '11AM–9PM'], ['Saturday', '11AM–9PM'], ['Sunday', '11AM–9PM'], ['Monday', '11AM–9PM'], ['Tuesday', '11AM–9PM']]"
0x79524b5d3f43fb29:0xc50053212da4ed86,Miyo's Restaurant,"Miyo's Restaurant, 564 Hinano St, Hilo, HI 96720",19.7130472,-155.06886889999998,"['Japanese restaurant', 'Fine dining restaurant', 'Authentic Japanese restaurant', 'Japanese curry restaurant']",4.4,378,$$,"[['Tuesday', '11AM–2PM'], ['Wednesday', '11AM–2PM'], ['Thursday', '11AM–2PM'], ['Friday', '11AM–2PM'], ['Saturday', '11AM–2PM'], ['Sunday', 'Closed'], ['Monday', '11AM–2PM']]"
0x7c007270a32738d3:0x6a3fd85a664cc4c4,Yoshitsune,"Yoshitsune, 2586 Kalakaua Ave, Honolulu, HI 96815",21.2719833,-157.82229719999998,['Authentic Japanese restaurant'],4.3,418,$$,"[['Tuesday', '11AM–2:30PM'], ['Wednesday', '11AM–2:30PM'], ['Thursday', '11AM–2:30PM'], ['Friday', '11AM–2:30PM'], ['Saturday', '11AM–2:30PM'], ['Sunday', '11AM–2:30PM'], ['Monday', '11AM–2:30PM']]"
0x7c006defaaaaaaab:0x2fe90143639195a8,Rinka,"Rinka, 1001 Queen St #105, Honolulu, HI 96814",21.2951938,-157.8533093,"['Japanese restaurant', 'Restaurant']",4.4,108,,"[['Tuesday', '11AM–9PM'], ['Wednesday', '11AM–9PM'], ['Thursday', '11AM–9PM'], ['Friday', '11AM–9PM'], ['Saturday', '11AM–9PM'], ['Sunday', '11AM–9PM'], ['Monday', '11AM–9PM']]"
0x7c006f53685164eb:0xbbf9bf45ec3df052,Ninja Sushi,"Ninja Sushi, Westridge Shopping Center, 98-150 Kaonohi St B-101, Aiea, HI 96701",21.3845769,-157.945497,"['Sushi restaurant', 'Asian restaurant', 'Japanese restaurant']",4.0,84,,"[['Monday', '11AM–9PM'], ['Tuesday', '11AM–9PM'], ['Wednesday', '11AM–9PM'], ['Thursday', '11AM–9PM'], ['Friday', '11AM–9PM'], ['Saturday', '11AM–9PM'], ['Sunday', '11AM–9PM']]"
0x7c006f52259fec47:0xb4edccaa463db6c8,Tadashi Restaurant,"Tadashi Restaurant, 98-199 Kamehameha Hwy, Aiea, HI 96701",21.3806935,-157.9427378,['Japanese restaurant'],4.4,118,$$,"[['Monday', '11AM–2:30PM'], ['Tuesday', 'Closed'], ['Wednesday', '11AM–2:30PM'], ['Thursday', '11AM–2:30PM'], ['Friday', '11AM–2:30PM'], ['Saturday', '11AM–2:30PM'], ['Sunday', '11AM–2:30PM']]"
0x7c0065ffde090f89:0xc5c89ef924859295,Kabuki Restaurant and Delicatessen,"Kabuki Restaurant and Delicatessen, 98-020 Kamehameha Hwy, Aiea, HI 96701",21.3856103,-157.9496767,"['Japanese restaurant', 'Japanese delicatessen', 'Restaurant']",4.3,136,$$,"[['Monday', '5:30AM–1:30PM'], ['Tuesday', '5:30AM–1:30PM'], ['Wednesday', '5:30AM–1:30PM'], ['Thursday', '5:30AM–1:30PM'], ['Friday', '5:30AM–1:30PM'], ['Saturday', '5:30AM–1:30PM'], ['Sunday', '5:30AM–1:30PM']]"
0x7c006d89f0663025:0x772ce4e9ebaa540b,ZIGU,"ZIGU, 413 Seaside Ave #1f, Honolulu, HI 96815",21.280484899999998,-157.82665799999998,"['Authentic Japanese restaurant', 'Bar', 'Izakaya restaurant', 'Japanese restaurant']",4.4,308,,"[['Monday', '4–11:30PM'], ['Tuesday', '4–11:30PM'], ['Wednesday', 'Closed'], ['Thursday', '4–11:30PM'], ['Friday', '4–11:30PM'], ['Saturday', '4–11:30PM'], ['Sunday', '4–11:30PM']]"
0x7c006d89fa68882f:0xc1d6c160c706f78a,Izakaya Pau Hana Base,"Izakaya Pau Hana Base, 407 Seaside Ave #107, Honolulu, HI 96815",21.2802853,-157.8266308,"['Izakaya restaurant', 'Japanese restaurant', 'Restaurant']",4.4,193,$,
0x7c006d8a70efab43:0xc7f3fc52cd0d4773,Gyu-Kaku Japanese BBQ,"Gyu-Kaku Japanese BBQ, 307 Lewers St, Honolulu, HI 96815",21.2804578,-157.82926039999998,"['Yakiniku restaurant', 'Asian restaurant', 'Barbecue restaurant', 'Japanese restaurant', 'Restaurant']",4.5,606,$$,"[['Monday', '11:30AM–10PM'], ['Tuesday', '11:30AM–10PM'], ['Wednesday', '11:30AM–10PM'], ['Thursday', '11:30AM–10PM'], ['Friday', '11:30AM–10:30PM'], ['Saturday', '11:30AM–10:30PM'], ['Sunday', '11:30AM–10PM']]"
0x7c06e05a970bfc45:0xf2ee273702ad6b4d,Saimin Dojo,"Saimin Dojo, 4-733 Kuhio Hwy Suite 103, Kapaʻa, HI 96746",22.060084999999997,-159.32265189999998,"['Hawaiian restaurant', 'Japanese restaurant']",4.4,508,$,"[['Monday', '11AM–8PM'], ['Tuesday', '11AM–8PM'], ['Wednesday', '11AM–8PM'], ['Thursday', '11AM–8PM'], ['Friday', '11AM–8PM'], ['Saturday', '11AM–8PM'], ['Sunday', '11AM–8PM']]"
0x7c005df1844e51e1:0xa5387d8136b6f200,Shige's Saimin Stand,"Shige's Saimin Stand, 70 Kukui St, Wahiawa, HI 96786",21.4970803,-158.0307004,"['Japanese restaurant', 'Restaurant']",4.7,468,$,"[['Monday', 'Closed'], ['Tuesday', '10AM–10PM'], ['Wednesday', '10AM–10PM'], ['Thursday', '10AM–10PM'], ['Friday', '10AM–10PM'], ['Saturday', '10AM–10PM'], ['Sunday', 'Closed']]"
0x7c00671fc56a798d:0xfb6f26fc01e4ef99,Sakura,"Sakura, 94-780 Meheula Pkwy B, Mililani, HI 96797",21.442675599999998,-158.0218253,"['Japanese restaurant', 'Restaurant', 'Sushi restaurant', 'Sushi takeaway']",4.3,493,$$,"[['Monday', '11AM–2:30PM'], ['Tuesday', '11AM–2:30PM'], ['Wednesday', '11AM–2:30PM'], ['Thursday', '11AM–2:30PM'], ['Friday', '11AM–3PM'], ['Saturday', '11AM–3PM'], ['Sunday', '12AM–3PM']]"
0x7c00660d0fe39cab:0x16ac138b0e85390d,Daiichi Ramen Pearl City,"Daiichi Ramen Pearl City, 1029 Makolu St Suite E, Pearl City, HI 96782",21.3994751,-157.9739275,"['Japanese restaurant', 'Japanese curry restaurant', 'Ramen restaurant']",4.3,108,$,"[['Monday', '10AM–10PM'], ['Tuesday', '10AM–10PM'], ['Wednesday', '10AM–10PM'], ['Thursday', '10AM–10PM'], ['Friday', '10AM–10PM'], ['Saturday', '10AM–10PM'], ['Sunday', '10AM–10PM']]"
0x7c006df1ea44b635:0x6655ce4a479f1cd,Angelo Pietro,"Angelo Pietro, 1108 12th Ave C, Honolulu, HI 96816",21.2813484,-157.7997882,"['Fusion restaurant', 'Italian restaurant', 'Japanese restaurant', 'Restaurant']",4.3,224,$$,"[['Monday', '11AM–2PM'], ['Tuesday', '11AM–2PM'], ['Wednesday', '11AM–2PM'], ['Thursday', '11AM–2PM'], ['Friday', '11AM–2PM'], ['Saturday', '11AM–2PM'], ['Sunday', '11AM–2PM']]"
0x7c006df188f9251f:0xd0547a4ea56af330,Akasaka,"Akasaka, 1646 Kona St B, Honolulu, HI 96814",21.2908236,-157.8388046,"['Japanese restaurant', 'Sushi restaurant']",4.3,308,$$$,"[['Monday', '5–10PM'], ['Tuesday', '5–10PM'], ['Wednesday', '5–10PM'], ['Thursday', '5–10PM'], ['Friday', '5–10PM'], ['Saturday', '5–10PM'], ['Sunday', '5–10PM']]"
0x7eaad5b09f0b4153:0xb7f1ec1e76081bee,Sansei Seafood Restaurant & Sushi Bar,"Sansei Seafood Restaurant & Sushi Bar, 600 Office Rd, Lahaina, HI 96761",20.9984139,-156.6543611,"['Japanese restaurant', 'Restaurant', 'Seafood restaurant', 'Sushi restaurant']",4.5,852,$$$,"[['Monday', '5–8PM'], ['Tuesday', '5–8PM'], ['Wednesday', 'Closed'], ['Thursday', '5–8PM'], ['Friday', '5–8PM'], ['Saturday', '5–8PM'], ['Sunday', '5–8PM']]"
0x7954dac4dcd73b5b:0xc7bc248ed578f96b,Morimoto Maui,"Morimoto Maui, 3550 Wailea Alanui Dr, Kihei, HI 96753",20.692665899999998,-156.4431303,"['Japanese restaurant', 'Restaurant']",4.3,464,$$$$,"[['Sunday', '12–8PM'], ['Monday', '12–8PM'], ['Tuesday', '12–8PM'], ['Wednesday', '12–8PM'], ['Thursday', '12–8PM'], ['Friday', '12–8PM'], ['Saturday', '12–8PM']]"
0x7c006df59c996f13:0x86029e42249bfde8,Hatsuhana Hawaii,"Hatsuhana Hawaii, 2005 Kalia Rd, Honolulu, HI 96815",21.2834671,-157.8370031,"['Japanese restaurant', 'Asian restaurant', 'Restaurant', 'Seafood restaurant', 'Sushi restaurant']",3.9,325,,"[['Sunday', '10:30AM–9:30PM'], ['Monday', '10:30AM–9:30PM'], ['Tuesday', '10:30AM–9:30PM'], ['Wednesday', '10:30AM–9:30PM'], ['Thursday', '10:30AM–9:30PM'], ['Friday', '10:30AM–9:30PM'], ['Saturday', '10:30AM–9:30PM']]"
0x7c006af969586561:0x6727e8311578be5f,Gyu-Kaku Japanese BBQ,"Gyu-Kaku Japanese BBQ, 46-056 Kamehameha Hwy, Kaneohe, HI 96744",21.419551,-157.804901,"['Japanese restaurant', 'Barbecue restaurant']",4.4,275,$$,"[['Sunday', '11AM–10PM'], ['Monday', '11AM–9PM'], ['Tuesday', '11AM–9PM'], ['Wednesday', '11AM–9PM'], ['Thursday', '11AM–9PM'], ['Friday', '11AM–10PM'], ['Saturday', '11AM–10PM']]"
0x7954d0731427a69b:0x4cd80d20e45b55af,Sansei Seafood Restaurant & Sushi Bar,"Sansei Seafood Restaurant & Sushi Bar, 1819 S Kihei Rd Building ""A, Kihei, HI 96753",20.7353384,-156.45278729999998,"['Seafood restaurant', 'Asian restaurant', 'Cocktail bar', 'Japanese restaurant', 'Karaoke bar', 'Pacific Rim restaurant', 'Sushi restaurant']",4.3,816,$$,"[['Saturday', '5–8PM'], ['Sunday', '4:45–8PM'], ['Monday', '4:45–8PM'], ['Tuesday', '5–8PM'], ['Wednesday', 'Closed'], ['Thursday', '5–8PM'], ['Friday', '5–8PM']]"
0x7c006dfc95b40377:0xc948d1e94920e204,Goma Tei Ramen Ala Moana,"Goma Tei Ramen Ala Moana, 1450 Ala Moana Blvd, Honolulu, HI 96814",21.2904718,-157.8430391,"['Ramen restaurant', 'Asian restaurant', 'Japanese restaurant', 'Noodle shop']",4.3,338,$$,"[['Saturday', '11AM–9:30PM'], ['Sunday', '11AM–8:30PM'], ['Monday', '11AM–8:30PM'], ['Tuesday', '11AM–8:30PM'], ['Wednesday', '11AM–8:30PM'], ['Thursday', '11AM–8:30PM'], ['Friday', '11AM–9:30PM']]"
0x7c005f2c9250eeeb:0x3fc8df75329689bb,Banzai Sushi Bar,"Banzai Sushi Bar, 66-246 Kamehameha Hwy B, Haleiwa, HI 96712",21.5865923,-158.1026843,"['Sushi restaurant', 'Bar', 'Japanese restaurant', 'Seafood restaurant']",4.4,568,$$,"[['Saturday', '4–9PM'], ['Sunday', '4–9PM'], ['Monday', 'Closed'], ['Tuesday', '4–9PM'], ['Wednesday', '4–9PM'], ['Thursday', '4–9PM'], ['Friday', '4–9PM']]"
0x7c00727659dbe8d1:0x851509b3aa9bd7e4,Tanaka of Tokyo East,"Tanaka of Tokyo East, 150 Kaʻiulani Ave, Honolulu, HI 96815",21.2776264,-157.8250246,"['Japanese steakhouse', 'Japanese restaurant']",4.4,448,$$$,"[['Friday', '5–9PM'], ['Saturday', '5–9PM'], ['Sunday', '5–9PM'], ['Monday', '5–9PM'], ['Tuesday', '5–9PM'], ['Wednesday', '5–9PM'], ['Thursday', '5–9PM']]"
0x7c006dfc95b40377:0x31a184302ccf7344,Genki Sushi Ward Centre,"Genki Sushi Ward Centre, 1200 Ala Moana Blvd #408, Honolulu, HI 96814",21.292499199999998,-157.8523641,"['Conveyor belt sushi restaurant', 'Asian restaurant', 'Japanese restaurant', 'Sushi restaurant']",4.1,248,$$,"[['Thursday', '11AM–8PM'], ['Friday', '11AM–9PM'], ['Saturday', '11AM–9PM'], ['Sunday', '11AM–8PM'], ['Monday', '11AM–8PM'], ['Tuesday', '11AM–8PM'], ['Wednesday', '11AM–8PM']]"
0x7c0072792b7bbe6f:0x1236c7d123283ebc,Tonkatsu Tamafuji,"Tonkatsu Tamafuji, 449 Kapahulu Ave, Honolulu, HI 96815",21.27496,-157.8154051,['Japanese restaurant'],4.7,678,$$,"[['Thursday', '4–9:30PM'], ['Friday', '4–9:30PM'], ['Saturday', '11AM–2PM'], ['Sunday', '11AM–2PM'], ['Monday', '4–9:30PM'], ['Tuesday', 'Closed'], ['Wednesday', '4–9:30PM']]"
0x7c006dfa9bfda351:0xbe1428f8f9986f4a,Musubi Cafe Iyasume Lanai,"Musubi Cafe Iyasume Lanai, 1450 Ala Moana Blvd #2278, Honolulu, HI 96814",21.290938,-157.8421075,"['Japanese delicatessen', 'Japanese restaurant', 'Rice restaurant']",4.2,67,,"[['Wednesday', '9AM–7PM'], ['Thursday', '9AM–7PM'], ['Friday', '9AM–7PM'], ['Saturday', '9AM–7PM'], ['Sunday', '9AM–6PM'], ['Monday', '9AM–7PM'], ['Tuesday', '9AM–7PM']]"
0x7c00727c8b4566d5:0x77f1f955bf042072,Pioneer Saloon,"Pioneer Saloon, 3046 Monsarrat Ave, Honolulu, HI 96815",21.269161,-157.81369759999998,"['Japanese restaurant', 'Hawaiian restaurant']",4.5,768,$,"[['Wednesday', '1–8PM'], ['Thursday', '1–8PM'], ['Friday', '1–8PM'], ['Saturday', '1–8PM'], ['Sunday', '1–8PM'], ['Monday', '1–8PM'], ['Tuesday', '1–8PM']]"
0x7c0072758e27ee99:0x5430ac15fac6995a,Restaurant Suntory,"Restaurant Suntory, Royal Hawaiian Shopping Center Bldg B, Third Level, B307, 2233 Kalakaua Ave, Honolulu, HI 96815",21.278489,-157.8292266,"['Japanese restaurant', 'Asian restaurant', 'Bar', 'Sushi restaurant']",4.3,318,$$$,"[['Wednesday', '11:30AM–1:30PM'], ['Thursday', '11:30AM–1:30PM'], ['Friday', '11:30AM–1:30PM'], ['Saturday', '11:30AM–1:30PM'], ['Sunday', '11:30AM–1:30PM'], ['Monday', '11:30AM–1:30PM'], ['Tuesday', '11:30AM–1:30PM']]"
0x79540efea994d4c5:0x58b6d6e478ea870a,Fumi's Kitchen,"Fumi's Kitchen, #7, Alii Sunset Plaza, 75-5799 Alii Drive, Kailua-Kona, HI 96740",19.6354072,-155.9896786,"['Japanese restaurant', 'Asian fusion restaurant', 'Korean restaurant']",4.4,137,,"[['Tuesday', '5–9PM'], ['Wednesday', '5–9PM'], ['Thursday', '5–9PM'], ['Friday', '5–9PM'], ['Saturday', '5–9PM'], ['Sunday', '5–9PM'], ['Monday', '5–9PM']]"
0x79540efd09970635:0x541c64e49333537f,Sushi Shiono,"Sushi Shiono, 75-5799 Alii Dr, Kailua-Kona, HI 96740",19.6353238,-155.9900508,"['Japanese restaurant', 'Restaurant', 'Sushi restaurant']",4.3,318,$$,"[['Tuesday', '5:30–9:30PM'], ['Wednesday', 'Closed'], ['Thursday', '5:30–9:30PM'], ['Friday', '5:30–9:30PM'], ['Saturday', '5:30–9:30PM'], ['Sunday', '5:30–9:30PM'], ['Monday', '5:30–9:30PM']]"
0x7c006e62f87e7f05:0x3b4ec4244ee5460f,Yaki Yaki Miwa,"Yaki Yaki Miwa, 1423 S King St, Honolulu, HI 96814",21.298133399999998,-157.8397061,['Japanese restaurant'],4.4,73,$$,"[['Tuesday', 'Closed'], ['Wednesday', '5–11PM'], ['Thursday', '5–11PM'], ['Friday', '5–11PM'], ['Saturday', '5–11PM'], ['Sunday', '5–11PM'], ['Monday', '5–11PM']]"
0x7c007276588c257d:0x9106c55d56e7e1a4,Odori-ko,"Odori-ko, 1680 Kapiolani Blvd, Honolulu, HI 96814",21.291554299999998,-157.83851919999998,"['Japanese restaurant', 'Bar', 'Sushi restaurant']",4.4,393,$$,"[['Tuesday', 'Closed'], ['Wednesday', '4:30–10PM'], ['Thursday', '4:30–10PM'], ['Friday', '4:30–11PM'], ['Saturday', '4:30–11PM'], ['Sunday', '4:30–10PM'], ['Monday', 'Closed']]"
0x7c006d93ad816023:0xc53b58dfaaef1e83,FUJIYAMA TEXAS,"FUJIYAMA TEXAS, 2065 S King St, Honolulu, HI 96826",21.2942261,-157.82928619999998,['Japanese restaurant'],4.7,98,$$,"[['Tuesday', 'Closed'], ['Wednesday', '4–10PM'], ['Thursday', '4–10PM'], ['Friday', '4–10PM'], ['Saturday', '4–10PM'], ['Sunday', '4–10PM'], ['Monday', '4–10PM']]"
0x7c006d9aa33bb513:0xcc0717960eb280bf,Sushi King,"Sushi King, 2700 S King St, Honolulu, HI 96826",21.2912209,-157.8202594,"['Japanese restaurant', 'Bar']",4.4,364,$$,"[['Tuesday', 'Closed'], ['Wednesday', '11AM–1:30PM'], ['Thursday', '11AM–1:30PM'], ['Friday', '11AM–1:30PM'], ['Saturday', '11AM–1:30PM'], ['Sunday', '11AM–1:30PM'], ['Monday', 'Closed']]"
0x7c006de1adf68185:0x76a99ab6d2b36805,Kabuki Restaurant,"Kabuki Restaurant, 600 Kapiolani Blvd, Honolulu, HI 96813",21.303382199999998,-157.8549327,['Japanese restaurant'],4.1,128,$$,"[['Tuesday', '11AM–1:45PM'], ['Wednesday', '11AM–1:45PM'], ['Thursday', '11AM–1:45PM'], ['Friday', '11AM–1:45PM'], ['Saturday', '11AM–1:45PM'], ['Sunday', '11AM–1:45PM'], ['Monday', '11AM–1:45PM']]"
0x7c006d9071136ab3:0x313a80759d1b6f88,Nijiya Market University Store HI,"Nijiya Market University Store HI, 1009 University Ave #101, Honolulu, HI 96826",21.2921603,-157.8214758,"['Japanese grocery store', 'Supermarket']",4.3,246,,"[['Tuesday', '10AM–8PM'], ['Wednesday', '10AM–8PM'], ['Thursday', '10AM–8PM'], ['Friday', '10AM–8PM'], ['Saturday', '10AM–8PM'], ['Sunday', '10AM–8PM'], ['Monday', '10AM–8PM']]"
0x7c006d930e7e8aa5:0x24b7a9546cc979,Jimbo Restaurant,"Jimbo Restaurant, 1936 S King St #103, Honolulu, HI 96826",21.295457799999998,-157.83065399999998,"['Japanese restaurant', 'Takeout Restaurant', 'Noodle shop']",4.4,238,$$,"[['Tuesday', '11AM–2PM'], ['Wednesday', '11AM–2PM'], ['Thursday', '11AM–2PM'], ['Friday', '11AM–2PM'], ['Saturday', '11AM–2PM'], ['Sunday', '11AM–2PM'], ['Monday', '11AM–2PM']]"
0x7c006d8d33c8f4e9:0x98bbea19a628e64c,Curry House Coco Ichibanya,"Curry House Coco Ichibanya, 1960 Kapiolani Blvd, Honolulu, HI 96826",21.290031,-157.83259999999999,"['Japanese restaurant', 'Japanese curry restaurant']",4.4,272,$,"[['Tuesday', '11AM–9:30PM'], ['Wednesday', '11AM–9:30PM'], ['Thursday', '11AM–9:30PM'], ['Friday', '11AM–9:30PM'], ['Saturday', '11AM–9:30PM'], ['Sunday', '11AM–9:30PM'], ['Monday', '11AM–9:30PM']]"
0x7c006d83627922e1:0x1683ab53434aebe8,Sekiya's Restaurant & Delicatessen,"Sekiya's Restaurant & Delicatessen, 2746 Kaimuki Ave, Honolulu, HI 96816",21.2874528,-157.81521669999998,"['Japanese restaurant', 'Caterer', 'Restaurant']",4.2,333,$$,"[['Tuesday', '9AM–8PM'], ['Wednesday', '9AM–8PM'], ['Thursday', '9AM–8PM'], ['Friday', '8AM–8PM'], ['Saturday', '8AM–8PM'], ['Sunday', '8AM–8PM'], ['Monday', '9AM–8PM']]"
0x7c006d9ab966d0b7:0x3f7b59807a3b6daf,Fukuya,"Fukuya, 2710 S King St, Honolulu, HI 96826",21.2910781,-157.8200175,['Japanese restaurant'],4.6,98,$$,"[['Tuesday', 'Closed'], ['Wednesday', '6AM–2PM'], ['Thursday', '6AM–2PM'], ['Friday', '6AM–2PM'], ['Saturday', '6AM–2PM'], ['Sunday', '6AM–2PM'], ['Monday', 'Closed']]"
0x79524b5b9a707365:0xa168a77b07de5700,Kawamoto Store,"Kawamoto Store, 784 Kilauea Ave, Hilo, HI 96720",19.7163607,-155.0789752,"['Japanese restaurant', 'Caterer']",4.8,188,,"[['Tuesday', '6AM–12PM'], ['Wednesday', '6AM–12PM'], ['Thursday', '6AM–12PM'], ['Friday', '6AM–12PM'], ['Saturday', '6AM–12PM'], ['Sunday', 'Closed'], ['Monday', 'Closed']]"
0x7c007275d5c243cb:0xbfd7d6636524588,Hula Grill Waikiki,"Hula Grill Waikiki, 2335 Kalakaua Ave, Honolulu, HI 96815",21.2771844,-157.8275909,"['Hawaiian restaurant', 'Japanese restaurant', 'Pacific Rim restaurant', 'Restaurant', 'Seafood restaurant']",4.4,2334,$$$,"[['Monday', '7AM–9PM'], ['Tuesday', '7AM–9PM'], ['Wednesday', '7AM–9PM'], ['Thursday', '7AM–9PM'], ['Friday', '7AM–9PM'], ['Saturday', '7AM–9PM'], ['Sunday', '7AM–9PM']]"
0x7c00727598335dc3:0xe15f5d5484e116ae,TsuruTonTan,"TsuruTonTan, 2233 Kalakaua Ave B310, Honolulu, HI 96815",21.2787984,-157.8294012,['Japanese restaurant'],4.2,358,$$,"[['Sunday', '11AM–2PM'], ['Monday', '11AM–2PM'], ['Tuesday', '11AM–2PM'], ['Wednesday', '11AM–2PM'], ['Thursday', '11AM–2PM'], ['Friday', '11AM–2PM'], ['Saturday', '11AM–2PM']]"
0x7c006f52259fec47:0x29372a22ca2d838d,Curry House Coco Ichibanya,"Curry House Coco Ichibanya, 98-199 Kamehameha Hwy, Aiea, HI 96701",21.3809857,-157.9417263,['Japanese curry restaurant'],4.4,198,$,"[['Sunday', '11AM–7PM'], ['Monday', '11AM–7PM'], ['Tuesday', '11AM–7PM'], ['Wednesday', '11AM–7PM'], ['Thursday', '11AM–7PM'], ['Friday', '11AM–7PM'], ['Saturday', '11AM–7PM']]"
0x7c006decc84a7cd7:0xb44926a6ca941be8,Zippy's McCully,"Zippy's McCully, 1725 S King St, Honolulu, HI 96826",21.2958413,-157.8338316,"['Restaurant', 'American restaurant', 'Asian restaurant', 'Bakery', 'Fast food restaurant', 'Hawaiian restaurant', 'Japanese restaurant']",4.1,1148,$$,"[['Sunday', '6AM–10PM'], ['Monday', '6AM–10PM'], ['Tuesday', '6AM–10PM'], ['Wednesday', '6AM–10PM'], ['Thursday', '6AM–10PM'], ['Friday', '6AM–11PM'], ['Saturday', '6AM–11PM']]"
0x7c006deeedd7ab53:0xa9cda57ed482638b,Asahi Grill Keeaumoku LLC,"Asahi Grill Keeaumoku LLC, 815b Ke’eaumoku St, Honolulu, HI 96814",21.296349799999998,-157.8406635,"['Japanese restaurant', 'Restaurant']",4.3,288,$$,"[['Sunday', '8AM–2PM'], ['Monday', '8AM–2PM'], ['Tuesday', '8AM–2PM'], ['Wednesday', '8AM–2PM'], ['Thursday', '8AM–2PM'], ['Friday', '8AM–2PM'], ['Saturday', '8AM–2PM']]"
0x7c006b05634cd149:0x184c966fd8288072,Masa & Joyce okazuya,"Masa & Joyce okazuya, 45-582 Kamehameha Hwy, Kaneohe, HI 96744",21.400216699999998,-157.7998081,"['Japanese delicatessen', 'Restaurant']",4.5,203,$$,"[['Sunday', '7AM–2PM'], ['Monday', '6AM–2PM'], ['Tuesday', 'Closed'], ['Wednesday', '6AM–2PM'], ['Thursday', '6AM–2PM'], ['Friday', '6AM–3PM'], ['Saturday', '6AM–3PM']]"
0x7c006de536447f11:0x8d46ebc1e29c0bf3,Ichiriki-Japanese Nabe,"Ichiriki-Japanese Nabe, 510 Piikoi St, Honolulu, HI 96814",21.2941568,-157.8466738,"['Hot pot restaurant', 'Japanese restaurant']",4.5,314,$$,"[['Sunday', '11AM–10PM'], ['Monday', '11AM–10PM'], ['Tuesday', '11AM–10PM'], ['Wednesday', '11AM–10PM'], ['Thursday', '11AM–10PM'], ['Friday', '11AM–12AM'], ['Saturday', '11AM–12AM']]"
0x7c00660073c4ab25:0xc1b6c837dde79a38,Gyotaku Japanese Restaurant,"Gyotaku Japanese Restaurant, 98-1226 Kaahumanu St, Pearl City, HI 96782",21.3880348,-157.9542842,"['Japanese restaurant', 'Sushi restaurant']",4.3,702,$$,"[['Sunday', '11AM–8PM'], ['Monday', '11AM–8PM'], ['Tuesday', '11AM–8PM'], ['Wednesday', '11AM–8PM'], ['Thursday', '11AM–8PM'], ['Friday', '11AM–8PM'], ['Saturday', '11AM–8PM']]"
0x7eab349bd58f7fa9:0xef63524ee9878f7b,Nuka,"Nuka, 780 Haiku Rd, Haiku, HI 96708",20.9145066,-156.32318279999998,['Japanese restaurant'],4.6,368,$$$,"[['Sunday', '4:30–10PM'], ['Monday', '10:30AM–2:30PM'], ['Tuesday', '10:30AM–2:30PM'], ['Wednesday', '10:30AM–2:30PM'], ['Thursday', '10:30AM–2:30PM'], ['Friday', '10:30AM–2:30PM'], ['Saturday', '4:30–10PM']]"
0x7c006deee27f12cb:0x9ac2f36745b4b914,Sakura Ramen,"Sakura Ramen, 808 Sheridan St #107, Honolulu, HI 96814",21.296816699999997,-157.8425167,['Japanese restaurant'],4.0,37,$,"[['Saturday', '10:30AM–12AM'], ['Sunday', 'Closed'], ['Monday', '10:30AM–12AM'], ['Tuesday', '10:30AM–12AM'], ['Wednesday', '10:30AM–12AM'], ['Thursday', '10:30AM–12AM'], ['Friday', '10:30AM–12AM']]"
0x7c006dec89286d21:0x870728b296abde78,I-naba,"I-naba, 1610 S King St # A, Honolulu, HI 96826",21.2971806,-157.8356639,['Japanese restaurant'],4.4,178,$$,"[['Saturday', '11AM–2PM'], ['Sunday', '11AM–2PM'], ['Monday', '11AM–2PM'], ['Tuesday', '11AM–2PM'], ['Wednesday', 'Closed'], ['Thursday', '11AM–2PM'], ['Friday', '11AM–2PM']]"
0x7c006de8c548cd13:0xa7e55e385d4767e8,Sakura Terrace,"Sakura Terrace, 1240 S King St, Honolulu, HI 96814",21.299625,-157.8428611,"['Japanese restaurant', 'Restaurant']",4.4,58,$$,"[['Saturday', '11AM–2PM'], ['Sunday', '11AM–2PM'], ['Monday', 'Closed'], ['Tuesday', '11AM–2PM'], ['Wednesday', '11AM–2PM'], ['Thursday', '11AM–2PM'], ['Friday', '11AM–2PM']]"
0x7c0014c2e22f7b49:0x5b9304797806ece5,Izakaya Matsuri,"Izakaya Matsuri, 1436 Young St #103, Honolulu, HI 96814",21.29908,-157.83881069999998,"['Japanese restaurant', 'Izakaya restaurant', 'Sushi restaurant']",4.5,68,,"[['Saturday', '5–9:15PM'], ['Sunday', 'Closed'], ['Monday', 'Closed'], ['Tuesday', '5–9:15PM'], ['Wednesday', '5–9:15PM'], ['Thursday', '5–9:15PM'], ['Friday', '5–9:15PM']]"
0x7c006dfab42df64d:0x4f6bdad26ad12a38,Nijiya Market Ala Moana Store,"Nijiya Market Ala Moana Store, STORE 451, Piikoi St, Honolulu, HI 96814",21.293325199999998,-157.84656239999998,"['Japanese grocery store', 'Grocery store', 'Supermarket']",4.3,337,,"[['Saturday', '10AM–9PM'], ['Sunday', '10AM–9PM'], ['Monday', '10AM–9PM'], ['Tuesday', '10AM–9PM'], ['Wednesday', '10AM–9PM'], ['Thursday', '10AM–9PM'], ['Friday', '10AM–9PM']]"
0x7c007270c5c11879:0xebef786e4d1cc2a,Sansei Seafood Restaurant & Sushi Bar,"Sansei Seafood Restaurant & Sushi Bar, 2552 Kalakaua Ave, Honolulu, HI 96815",21.2731289,-157.8226245,"['Japanese restaurant', 'Seafood restaurant', 'Sushi restaurant']",4.3,714,$$,
0x7c006327b0f280b3:0xd56054acb8b884d2,Genki Sushi,"Genki Sushi, 4450 Kapolei Pkwy #274, Kapolei, HI 96707",21.3294808,-158.0913749,"['Sushi restaurant', 'Asian restaurant', 'Japanese restaurant', 'Restaurant']",4.1,413,$$,"[['Friday', '11AM–10PM'], ['Saturday', '11AM–10PM'], ['Sunday', '11AM–9PM'], ['Monday', '11AM–9PM'], ['Tuesday', '11AM–9PM'], ['Wednesday', '11AM–9PM'], ['Thursday', '11AM–9PM']]"
0x79547809b9124539:0x2ec65616e2bcc071,Monstera Noodles & Sushi,"Monstera Noodles & Sushi, 68-1330 Mauna Lani Dr #111, Waimea, HI 96743",19.941537099999998,-155.858071,"['Japanese restaurant', 'Sushi restaurant']",3.7,77,$$$,"[['Thursday', '5:30–9PM'], ['Friday', '5:30–9PM'], ['Saturday', '5:30–9PM'], ['Sunday', '5:30–9PM'], ['Monday', '5:30–9PM'], ['Tuesday', '5:30–9PM'], ['Wednesday', '5:30–9PM']]"
0x795406674a3b19cf:0xd541f34a9b1c4a34,Teshima's Restaurant,"Teshima's Restaurant, 79-7251 Hawaii Belt Rd, Kealakekua, HI 96750",19.541821499999998,-155.9288843,"['Japanese restaurant', 'Restaurant']",4.6,533,$$,"[['Tuesday', '7AM–2PM'], ['Wednesday', '7AM–2PM'], ['Thursday', '7AM–2PM'], ['Friday', '7AM–2PM'], ['Saturday', '7AM–2PM'], ['Sunday', '7AM–2PM'], ['Monday', '7AM–2PM']]"
0x7c06e04aae9ed1df:0x791e24dbdfefaeca,Waipouli Deli & Restaurant,"Waipouli Deli & Restaurant, 4-771 Kuhio Hwy, Kapaʻa, HI 96746",22.061516599999997,-159.3221742,"['Hawaiian restaurant', 'Breakfast restaurant', 'Deli', 'Hamburger restaurant', 'Japanese restaurant', 'Restaurant', 'Soul food restaurant', 'Steak house']",4.4,393,$$,"[['Monday', '4AM–2PM'], ['Tuesday', 'Closed'], ['Wednesday', '7AM–8PM'], ['Thursday', '4AM–2PM'], ['Friday', '4AM–8PM'], ['Saturday', '4AM–8PM'], ['Sunday', '4AM–8PM']]"
0x7c00727f5b126b95:0x6e4b2a4c65cf3c3a,Irifune Restaurant,"Irifune Restaurant, 850 Mililani St, Honolulu, HI 96813",21.305153999999998,-157.861545,"['Japanese restaurant', 'Restaurant']",4.7,38,$$,"[['Monday', '11AM–2PM'], ['Tuesday', '11AM–2PM'], ['Wednesday', '11AM–2PM'], ['Thursday', '11AM–2PM'], ['Friday', '11AM–2PM'], ['Saturday', 'Closed'], ['Sunday', 'Closed']]"
0x7c006d8d33e38d77:0xdc9987a44835e7e1,McCully Shopping Center,"McCully Shopping Center, 1960 Kapiolani Blvd, Honolulu, HI 96826",21.290219,-157.8328623,"['Shopping mall', 'Chinese restaurant', 'Hair salon', 'Japanese curry restaurant', 'Japanese restaurant', 'Nail salon', 'Surf shop', 'Thai restaurant', 'Vietnamese restaurant', 'Waxing hair removal service']",3.9,788,,"[['Sunday', 'Open 24 hours'], ['Monday', 'Open 24 hours'], ['Tuesday', 'Open 24 hours'], ['Wednesday', 'Open 24 hours'], ['Thursday', 'Open 24 hours'], ['Friday', 'Open 24 hours'], ['Saturday', 'Open 24 hours']]"
0x79524b6a280d07d5:0xf891f5c7b4688b78,Aomatsu,"Aomatsu, 165 E Kawili St, Hilo, HI 96720",19.706111099999998,-155.0697222,['Japanese restaurant'],4.7,94,$$,"[['Saturday', '10AM–2PM'], ['Sunday', 'Closed'], ['Monday', 'Closed'], ['Tuesday', '10AM–2PM'], ['Wednesday', '10AM–2PM'], ['Thursday', '10AM–2PM'], ['Friday', '10AM–2PM']]"
0x79547804c13f2e27:0x13573591a216e230,Shiono at Mauna Lani,"Shiono at Mauna Lani, The Shops at Mauna Lani 2nd Fl, 68-1330 Mauna Lani Dr #111, Waimea, HI 96743",19.941626199999998,-155.85816219999998,"['Sushi restaurant', 'Japanese restaurant', 'Restaurant']",4.3,173,$$,"[['Saturday', '5–9PM'], ['Sunday', '5–9PM'], ['Monday', 'Closed'], ['Tuesday', 'Closed'], ['Wednesday', '5–9PM'], ['Thursday', '5–9PM'], ['Friday', '5–9PM']]"
0x79524b5bb8641d93:0xfafd7e004ac3535f,Kenichi Restaurant,"Kenichi Restaurant, 684 Kilauea Ave, Hilo, HI 96720",19.7172545,-155.0800453,"['Japanese restaurant', 'Barbecue restaurant', 'Restaurant']",4.6,378,$$,"[['Saturday', '10AM–8PM'], ['Sunday', 'Closed'], ['Monday', '10AM–7PM'], ['Tuesday', '10AM–7PM'], ['Wednesday', '10AM–7PM'], ['Thursday', '10AM–7PM'], ['Friday', '10AM–8PM']]"
0x7c00642d38c63875:0xeb422ddac09bd95d,Tanioka's Seafoods & Catering,"Tanioka's Seafoods & Catering, 94-903 Farrington Hwy, Waipahu, HI 96797",21.384196499999998,-158.0011342,"['Seafood restaurant', 'Asian restaurant', 'Caterer', 'Japanese restaurant', 'Restaurant']",4.7,954,$$,"[['Saturday', '9AM–2PM'], ['Sunday', '9AM–2PM'], ['Monday', 'Closed'], ['Tuesday', 'Closed'], ['Wednesday', '9AM–2PM'], ['Thursday', '9AM–2PM'], ['Friday', '9AM–2PM']]"
0x7c006d9399edc08d:0x98c0e4f56f78af2b,Doraku Waikiki,"Doraku Waikiki, Royal Hawaiian Center, 2233 Kalakaua Ave Suite 304, Honolulu, HI 96815",21.278666299999998,-157.8289839,"['Izakaya restaurant', 'Japanese restaurant', 'Sushi restaurant']",4.2,772,$$,"[['Friday', '11:30AM–10PM'], ['Saturday', '11:30AM–10PM'], ['Sunday', '11:30AM–10PM'], ['Monday', '11:30AM–10PM'], ['Tuesday', '11:30AM–10PM'], ['Wednesday', '11:30AM–10PM'], ['Thursday', '11:30AM–10PM']]"
0x7c00643e0d0dc269:0xb58def1ba0b394ad,Don Quijote Waipahu,"Don Quijote Waipahu, 94-144 Farrington Hwy, Waipahu, HI 96797",21.3793485,-158.02227259999998,"['Supermarket', 'Asian grocery store', 'ATM', 'Discount store', 'General store', 'Grocery store', 'Japanese grocery store', 'Oriental goods store', 'Pharmacy']",4.3,1107,$$,"[['Thursday', 'Open 24 hours'], ['Friday', 'Open 24 hours'], ['Saturday', 'Open 24 hours'], ['Sunday', 'Open 24 hours'], ['Monday', 'Open 24 hours'], ['Tuesday', 'Open 24 hours'], ['Wednesday', 'Open 24 hours']]"
0x7c006df045a36271:0xc32f4e283f2349fa,Shirokiya Japan Village Walk,"Shirokiya Japan Village Walk, 1450 Ala Moana Blvd #1360, Honolulu, HI 96814",21.292324999999998,-157.8457333,"['Food court', 'Bakery', 'Beer garden', 'Collectibles store', 'Dessert shop', 'Japanese restaurant', 'Restaurant']",4.4,3405,$,"[['Thursday', '10AM–10PM'], ['Friday', '10AM–10PM'], ['Saturday', '10AM–10PM'], ['Sunday', '10AM–9PM'], ['Monday', '10AM–10PM'], ['Tuesday', '10AM–10PM'], ['Wednesday', '10AM–10PM']]"
0x7c006e5f5fb22137:0x79fe3b0c6a851b01,Marukai Wholesale Mart,"Marukai Wholesale Mart, 2310 Kamehameha Hwy, Honolulu, HI 96819",21.3325209,-157.8856654,"['Japanese grocery store', 'Supermarket']",4.5,1052,,"[['Thursday', '7AM–8PM'], ['Friday', '7AM–8PM'], ['Saturday', '7AM–8PM'], ['Sunday', '7AM–8PM'], ['Monday', '7AM–8PM'], ['Tuesday', '7AM–8PM'], ['Wednesday', '7AM–8PM']]"
0x7c006e631bf852c5:0x4c71ad0e549a3827,Kikuya Restaurant,"Kikuya Restaurant, 1315 N King St, Honolulu, HI 96817",21.327475699999997,-157.87126229999998,"['Japanese restaurant', 'Restaurant']",4.5,158,,"[['Thursday', '10:30AM–2:30PM'], ['Friday', '10:30AM–2:30PM'], ['Saturday', '10:30AM–2:30PM'], ['Sunday', '10:30AM–2:30PM'], ['Monday', '10:30AM–2:30PM'], ['Tuesday', '10:30AM–2:30PM'], ['Wednesday', '10:30AM–2:30PM']]"
