gmap_id,name,address,latitude,longitude,category,avg_rating,num_of_reviews,price,hours
0x80c8b8c5e8ca0bcb:0xfb79733f2a45b210,Ninja Teriyaki + Sushi + Noodle,"Ninja Teriyaki + Sushi + Noodle, 10140 W Tropicana Ave, Las Vegas, NV 89147",36.100395299999995,-115.31426289999999,['Japanese restaurant'],4.0,18,,"[['Sunday', '3–8PM'], ['Monday', '11AM–9PM'], ['Tuesday', '11AM–9PM'], ['Wednesday', '11AM–9PM'], ['Thursday', '11AM–9PM'], ['Friday', '11AM–9PM'], ['Saturday', '3–8PM']]"
0x80c8c4163e4da6b9:0xa19d33326e70ab7e,Social House,"Social House, 3720 S Las Vegas Blvd, Las Vegas, NV 89158",36.1078246,-115.1745179,"['Restaurant', 'Chinese restaurant', 'Fine dining restaurant', 'Japanese restaurant', 'Lounge', 'Sushi restaurant']",4.3,8,$$$,"[['Tuesday', '12–10PM'], ['Wednesday', '12–10PM'], ['Thursday', '12–10PM'], ['Friday', '12–11PM'], ['Saturday', '12–11PM'], ['Sunday', '12–10PM'], ['Monday', '12–10PM']]"
0x80c8c69823ea02a5:0x10ae34f96ab77226,IZAKAYA COCOKALA,"〒89103 Nevada, Las Vegas, W Flamingo Rd, IZAKAYA COCOKALA",36.1147321,-115.2013023,"['Japanese restaurant', 'Restaurant']",4.6,8,,"[['Sunday', '5PM–3AM'], ['Monday', '11:30AM–2:30PM'], ['Tuesday', '11:30AM–2:30PM'], ['Wednesday', '11:30AM–2:30PM'], ['Thursday', '11:30AM–2:30PM'], ['Friday', '11:30AM–2:30PM'], ['Saturday', '5PM–3AM']]"
0x80c8c465103830b7:0xe7f2feebd417aa5c,Bar Sake & Robata Grill,"Bar Sake & Robata Grill, 3000 Paradise Rd, Las Vegas, NV 89109",36.1362611,-115.1512539,['Authentic Japanese restaurant'],4.3,6,,
0x80c8cf0d9700f8fd:0x95f3eb31fa77d352,Blue Sea Sushi and Izakaya,"Blue Sea Sushi and Izakaya, 500 E Windmill Ln Suite 165, Las Vegas, NV 89123",36.0430345,-115.1514327,"['Japanese restaurant', 'Ramen restaurant', 'Sushi restaurant', 'Vegetarian restaurant']",4.5,34,,"[['Saturday', '5–10:30PM'], ['Sunday', '5–9:30PM'], ['Monday', 'Closed'], ['Tuesday', '11:30AM–2PM'], ['Wednesday', '11:30AM–2PM'], ['Thursday', '11:30AM–2PM'], ['Friday', '11:30AM–2PM']]"
0x8099407e617d507b:0xf5281bdd0a64b040,Sushi Club,"Sushi Club, 294 E Moana Ln #1, Reno, NV 89502",39.4917419,-119.7918665,"['Japanese restaurant', 'Asian restaurant', 'Restaurant', 'Sushi restaurant']",3.9,18,$$,"[['Tuesday', '11AM–10PM'], ['Wednesday', '11AM–10PM'], ['Thursday', '11AM–10PM'], ['Friday', '11AM–10PM'], ['Saturday', '11AM–10PM'], ['Sunday', '11AM–9PM'], ['Monday', '11AM–10PM']]"
0x80c8c5cc93820e25:0x4db6c40cfb303a9c,Shibuya,"Shibuya, 3799 S Las Vegas Blvd, Las Vegas, NV 89109",36.1026534,-115.1690454,"['Japanese restaurant', 'Restaurant', 'Sushi restaurant']",4.4,28,$$$,"[['Monday', '5:30–10:30PM'], ['Tuesday', '5:30–10:30PM'], ['Wednesday', '5:30–10:30PM'], ['Thursday', '5:30–10:30PM'], ['Friday', '5:30–11PM'], ['Saturday', '5:30–11PM'], ['Sunday', '5:30–10:30PM']]"
0x80c8c6b7ecc4ae65:0x3203b64cbed156d8,Kaba Curry Japanese Curry House & More,"Kaba Curry Japanese Curry House & More, 5115 W Spring Mountain Rd #234, Las Vegas, NV 89146",36.125537,-115.211241,"['Indian restaurant', 'Asian fusion restaurant', 'Japanese restaurant']",4.4,7,,"[['Sunday', '11AM–3PM'], ['Monday', '11AM–3PM'], ['Tuesday', '11AM–3PM'], ['Wednesday', '11AM–3PM'], ['Thursday', '11AM–3PM'], ['Friday', '11AM–3PM'], ['Saturday', '11AM–3PM']]"
0x80c8c72b42f2a1c5:0xc68acee6b16ce3a5,Sakura Sushi,"Sakura Sushi, 6850 Spring Mountain Rd f3, Las Vegas, NV 89146",36.1268946,-115.2413876,['Japanese restaurant'],4.1,17,$,
0x80c8c7f9ba91d9c5:0xa6016633cb44dc50,HEIGHT Japanese Cutlet,"HEIGHT Japanese Cutlet, 4300 W Spring Mountain Rd Suite 108 Las Vegas, NV 89102",36.126933,-115.1978352,['Japanese curry restaurant'],4.9,14,,"[['Wednesday', '11:30AM–10PM'], ['Thursday', '11:30AM–10PM'], ['Friday', '11:30AM–10PM'], ['Saturday', '11:30AM–10PM'], ['Sunday', '11:30AM–9PM'], ['Monday', '11:30AM–10PM'], ['Tuesday', '11:30AM–10PM']]"
0x80c8cffbf737f06b:0x2da46b886a34eef3,Tokyo Grill Express,"Tokyo Grill Express, 6420 S Pecos Rd, Las Vegas, NV 89120",36.072350799999995,-115.1003021,['Japanese restaurant'],4.5,6,$$,"[['Wednesday', '11AM–9PM'], ['Thursday', '11AM–9PM'], ['Friday', '11AM–9:30PM'], ['Saturday', '11AM–9PM'], ['Sunday', '11AM–9PM'], ['Monday', '11AM–9PM'], ['Tuesday', '11AM–9PM']]"
0x80c8c50667c8cc11:0xd6f4954fe4e90786,Yoshinoya Maryland Parkway,"Yoshinoya Maryland Parkway, 4808 S Maryland Pkwy, Las Vegas, NV 89119",36.1025728,-115.1366827,"['Japanese restaurant', 'Restaurant']",4.0,48,,"[['Monday', '9AM–10PM'], ['Tuesday', '9AM–10PM'], ['Wednesday', '9AM–10PM'], ['Thursday', '9AM–10PM'], ['Friday', '10AM–10:30PM'], ['Saturday', '10AM–10:30PM'], ['Sunday', '9AM–10PM']]"
0x80c8ce49a6cb4861:0x2bed541e5c7a0ebf,Lucky Foo's Sushi Cocktails & Kitchen,"Lucky Foo's Sushi Cocktails & Kitchen, 8955 S Eastern Ave, Las Vegas, NV 89123",36.0265738,-115.1192442,"['Restaurant', 'American restaurant', 'Bar & grill', 'Gastropub', 'Izakaya restaurant', 'Japanese restaurant', 'Lounge', 'Sushi restaurant']",4.2,18,$$,"[['Sunday', '11:30AM–10PM'], ['Monday', 'Closed'], ['Tuesday', '12–10PM'], ['Wednesday', '12–10PM'], ['Thursday', '12–10PM'], ['Friday', '12–10:30PM'], ['Saturday', '12–10PM']]"
0x80c8d1cf65c9edd7:0xf5828cb0adcdf63b,Toro sushi,"Toro sushi, 75 S Valle Verde Dr#210, Henderson, NV 89012",36.023989,-115.0630729,['Japanese restaurant'],4.9,49,,"[['Sunday', 'Closed'], ['Monday', '11AM–9:30PM'], ['Tuesday', '11AM–9:30PM'], ['Wednesday', '11AM–9:30PM'], ['Thursday', '11AM–9:30PM'], ['Friday', '11AM–10PM'], ['Saturday', '11AM–10PM']]"
0x80c8c6ce3c468ee1:0xa805179ebf1f4572,Kushiyaki Inyo,"Kushiyaki Inyo, 6000 W Spring Mountain Rd #1b, Las Vegas, NV 89146",36.1261139,-115.22347219999999,"['Japanese restaurant', 'Asian restaurant', 'Izakaya restaurant', 'Korean restaurant', 'Restaurant', 'Tapas restaurant']",4.3,28,,"[['Saturday', '5PM–2AM'], ['Sunday', '5PM–2AM'], ['Monday', '5PM–2AM'], ['Tuesday', '5PM–2AM'], ['Wednesday', '5PM–2AM'], ['Thursday', '5PM–2AM'], ['Friday', '5PM–2AM']]"
0x80c8c17b9399daa5:0xf243ffcb3d5998ef,Sansei,"Sansei, 4300 Meadows Ln, Las Vegas, NV 89107",36.1724427,-115.19593019999999,['Japanese restaurant'],2.7,37,,"[['Sunday', '10AM–6PM'], ['Monday', '10AM–9PM'], ['Tuesday', '11AM–9PM'], ['Wednesday', '10AM–9PM'], ['Thursday', '10AM–9PM'], ['Friday', '10AM–9PM'], ['Saturday', '10AM–9PM']]"
0x80c8e81f08b0a75b:0xc64544d389ab93c0,China Sky,"China Sky, 2520 E Craig Rd, North Las Vegas, NV 89030",36.2403822,-115.1164479,"['Sushi restaurant', 'Asian restaurant', 'Japanese restaurant', 'Restaurant']",2.5,38,,"[['Saturday', '11AM–10PM'], ['Sunday', '11AM–9PM'], ['Monday', '11AM–10PM'], ['Tuesday', '11AM–10PM'], ['Wednesday', '11AM–10PM'], ['Thursday', '11AM–10PM'], ['Friday', '11AM–10PM']]"
0x80c8c6a5d78a313f:0x34ae2f9d096fb5f3,Yu-Yu,"Yu-Yu, 4115 Spring Mountain Rd, Las Vegas, NV 89102",36.1260097,-115.1951608,"['Japanese restaurant', 'Restaurant']",4.8,18,,"[['Friday', '11:30AM–1AM'], ['Saturday', '11:30AM–1AM'], ['Sunday', '11:30AM–11PM'], ['Monday', '11:30AM–11PM'], ['Tuesday', '11:30AM–11PM'], ['Wednesday', '11:30AM–11PM'], ['Thursday', '11:30AM–11PM']]"
0x80c8c576466f068d:0x7738253e910de7c1,Ramen123,"Ramen123, 855 E Twain Ave Unit 101, Las Vegas, NV 89169",36.121429,-115.1448532,"['Japanese restaurant', 'Ramen restaurant']",4.7,25,,"[['Friday', '12–10PM'], ['Saturday', '12–10PM'], ['Sunday', 'Closed'], ['Monday', '12–10PM'], ['Tuesday', '12–10PM'], ['Wednesday', '12–10PM'], ['Thursday', '12–10PM']]"
0x80993f359f5361a3:0xf4b5055a79239dbf,399 Sushi,"399 Sushi, 6405 S Virginia St #3, Reno, NV 89511",39.466836199999996,-119.78471859999999,"['Restaurant', 'Japanese restaurant', 'Sushi restaurant', 'Sushi takeaway']",4.8,78,,"[['Wednesday', 'Closed'], ['Thursday', '11AM–9PM'], ['Friday', '11AM–9PM'], ['Saturday', '11AM–9PM'], ['Sunday', '11AM–9PM'], ['Monday', '11AM–9PM'], ['Tuesday', '11AM–9PM']]"
0x80c8ce07052f613f:0x47a7625fa10160fc,China AAA,"China AAA, 10624 S Eastern Ave ste s, Henderson, NV 89052",35.998202,-115.102244,"['Chinese restaurant', 'Asian fusion restaurant', 'Japanese restaurant']",4.4,64,,"[['Tuesday', '11AM–9:30PM'], ['Wednesday', '11AM–9:30PM'], ['Thursday', '11AM–9:30PM'], ['Friday', '11AM–10PM'], ['Saturday', '11AM–10PM'], ['Sunday', '11AM–9:30PM'], ['Monday', '11AM–9:30PM']]"
0x80c8c6b416cd2703:0xcb0d59c0444bdd03,Chabuya Cuisine,"Chabuya Cuisine, 3210 S Decatur Blvd, Las Vegas, NV 89102",36.1314667,-115.2077333,['Japanese restaurant'],4.2,15,,"[['Tuesday', '11AM–2:30PM'], ['Wednesday', '11AM–2:30PM'], ['Thursday', '11AM–2:30PM'], ['Friday', '11AM–2:30PM'], ['Saturday', '11AM–2:30PM'], ['Sunday', '11AM–2:30PM'], ['Monday', '11AM–2:30PM']]"
0x549067d92d9ebae7:0x21a9079f161e6086,Samurai Sam's,"Samurai Sam's, 10300 W Charleston Blvd #7, Las Vegas, NV 89135",36.1603618,-115.32139989999999,"['Japanese restaurant', 'Asian restaurant', 'Chinese restaurant', 'Fast food restaurant', 'Restaurant']",3.9,18,$,"[['Sunday', '11AM–8PM'], ['Monday', '10:30AM–9PM'], ['Tuesday', '10:30AM–9PM'], ['Wednesday', '10:30AM–9PM'], ['Thursday', '10:30AM–9PM'], ['Friday', '10:30AM–9PM'], ['Saturday', '10:30AM–9PM']]"
0x80c8c6b7c0f5761d:0x9b5b95949d744ddc,Swish Shabu Shabu Restaurant,"Swish Shabu Shabu Restaurant, 5115 W Spring Mountain Rd, Las Vegas, NV 89146",36.125516999999995,-115.2111125,"['Sukiyaki and Shabu Shabu restaurant', 'Japanese restaurant', 'Restaurant', 'Sushi restaurant']",4.5,55,$$,"[['Saturday', '11:30AM–1AM'], ['Sunday', '11:30AM–11:30PM'], ['Monday', '11:30AM–11:30PM'], ['Tuesday', '11:30AM–11:30PM'], ['Wednesday', '11:30AM–11:30PM'], ['Thursday', '11:30AM–11:30PM'], ['Friday', '11:30AM–1AM']]"
0x80994780485a4c69:0xe0bef8f1acf0359f,Ramen4Real,"Ramen4Real, 400 W 5th St #105, Reno, NV 89503",39.5298498,-119.82034349999999,"['Japanese restaurant', 'Asian fusion restaurant', 'Ramen restaurant', 'Sushi restaurant', 'Udon noodle restaurant']",4.5,48,,"[['Saturday', '12–8PM'], ['Sunday', '12–8PM'], ['Monday', 'Closed'], ['Tuesday', '12–8PM'], ['Wednesday', '12–8PM'], ['Thursday', '12–8PM'], ['Friday', '12–8PM']]"
0x80c8c6b70788f811:0x53a8d4a7c4a86e01,Monta Noodle House,"Monta Noodle House, 5030 Spring Mountain Rd Suite 6, Las Vegas, NV 89146, United States",36.1269971,-115.2096517,"['Ramen restaurant', 'Japanese restaurant', 'Noodle shop']",4.7,1852,₩,"[['Tuesday', '11:30AM–11PM'], ['Wednesday', '11:30AM–11PM'], ['Thursday', '11:30AM–11PM'], ['Friday', '11:30AM–11PM'], ['Saturday', '11:30AM–11PM'], ['Sunday', '11:30AM–11PM'], ['Monday', '11:30AM–11PM']]"
0x80c8b889ad4ccecb:0x1a29c3eac6fbfb9e,JJANGA Steak & Sushi,"JJANGA Steak & Sushi, 6125 S Fort Apache Rd, Las Vegas, NV 89148, United States",36.0766877,-115.29853609999999,"['Japanese restaurant', 'Asian restaurant', 'Bar', 'Japanese steakhouse', 'Restaurant', 'Steak house', 'Sushi restaurant', 'Tapas restaurant']",4.5,1078,₩₩,"[['Tuesday', '11:30AM–1AM'], ['Wednesday', '11:30AM–1AM'], ['Thursday', '11:30AM–1AM'], ['Friday', '11:30AM–2AM'], ['Saturday', '11:30AM–2AM'], ['Sunday', '11:30AM–1AM'], ['Monday', '11:30AM–1AM']]"
0x80c8d408ac0dcdef:0x3be284403eb7d46a,Ohjah Noodle House,"Ohjah Noodle House, 35 E Horizon Ridge Pkwy #160, Henderson, NV 89002, United States",36.0098179,-114.9935244,"['Ramen restaurant', 'Japanese restaurant', 'Noodle shop']",4.6,343,₩,"[['Tuesday', '11AM–10PM'], ['Wednesday', '11AM–10PM'], ['Thursday', '11AM–10PM'], ['Friday', '11AM–10PM'], ['Saturday', '11AM–10PM'], ['Sunday', '11AM–10PM'], ['Monday', '11AM–10PM']]"
0x80c8934d829c7b7f:0x178ba15f3c9442a0,Sakura Ya,"Sakura Ya, 9750 W Skye Canyon Park Dr #110, Las Vegas, NV 89166",36.3161262,-115.3089261,"['Sushi restaurant', 'Japanese restaurant']",4.7,18,,"[['Sunday', '11AM–9:30PM'], ['Monday', '11AM–9:30PM'], ['Tuesday', '11AM–9:30PM'], ['Wednesday', '11AM–9:30PM'], ['Thursday', '11AM–9:30PM'], ['Friday', '11AM–10PM'], ['Saturday', '11AM–10PM']]"
0x80c8b8b4d4ce9c5d:0x827835f425e7c140,Geisha House Steak & Sushi,"Geisha House Steak & Sushi, 9719 W Flamingo Rd, Las Vegas, NV 89147",36.1140241,-115.3044791,"['Steak house', 'Bar & grill', 'Japanese steakhouse', 'Sushi restaurant', 'Teppanyaki restaurant']",4.4,18,,"[['Sunday', '4–10:30PM'], ['Monday', '4–10:30PM'], ['Tuesday', '4–10:30PM'], ['Wednesday', '4–10:30PM'], ['Thursday', '4–10:30PM'], ['Friday', '4–10:30PM'], ['Saturday', '4–10:30PM']]"
0x809940b505cb5de1:0x72d5b1e8895d496d,Sushi Saga,"Sushi Saga, 1 Lake St, Reno, NV 89501",39.5250093,-119.8106432,"['Sushi restaurant', 'Japanese restaurant']",4.2,5,,
0x80c8c8bf5e983045:0x91868e692916daaa,Ohjah Japanese Steakhouse Sushi & Hibachi,"Ohjah Japanese Steakhouse Sushi & Hibachi, 8595 S Decatur Blvd #104, Las Vegas, NV 89139, United States",36.0333997,-115.20846279999999,"['Teppanyaki restaurant', 'Asian restaurant', 'Japanese restaurant', 'Japanese steakhouse', 'Sushi restaurant']",4.5,868,₩₩,"[['Saturday', '3–11PM'], ['Sunday', '3–11PM'], ['Monday', '3–11PM'], ['Tuesday', '3–11PM'], ['Wednesday', '3–11PM'], ['Thursday', '3–11PM'], ['Friday', '3–11PM']]"
0x80c8bf8908867a8f:0x258ad4bd9fc79a5f,Kabuki Japanese Restaurant,"Kabuki Japanese Restaurant, 400 S Rampart Blvd #190, Las Vegas, NV 89145",36.1672211,-115.2870483,"['Japanese restaurant', 'Asian restaurant', 'Sushi restaurant']",4.5,28,,
0x80c8d1ad974676f7:0xab05c3f71425ad98,"100 C Hot pot, Ramen & Boba","100 C Hot pot, Ramen & Boba, 116 N Stephanie St #110, Henderson, NV 89074",36.0355977,-115.0453962,"['Asian restaurant', 'Hot pot restaurant', 'Japanese restaurant', 'Ramen restaurant']",3.8,35,,"[['Monday', '11AM–2PM'], ['Tuesday', '11AM–2PM'], ['Wednesday', '11AM–2PM'], ['Thursday', '11AM–2PM'], ['Friday', '11AM–2PM'], ['Saturday', '11AM–2PM'], ['Sunday', '11AM–2PM']]"
0x80a6014967477871:0xed34a061d15496c2,Teppanyaki,"Teppanyaki, 1924 Idaho St, Elko, NV 89801",40.8451799,-115.74931409999999,['Japanese restaurant'],4.3,55,,"[['Monday', '11AM–9PM'], ['Tuesday', '11AM–9PM'], ['Wednesday', '11AM–9PM'], ['Thursday', '11AM–9PM'], ['Friday', '11AM–9PM'], ['Saturday', '11AM–9PM'], ['Sunday', 'Closed']]"
0x8099a1b0a853ed3b:0xf135dfc9f17f7efb,Bowls'N Go,"Bowls'N Go, 963 Topsy Ln Suite 318, Carson City, NV 89705",39.109446399999996,-119.775582,"['Ramen restaurant', 'Japanese restaurant', 'Korean restaurant']",4.5,37,,"[['Monday', '11AM–8PM'], ['Tuesday', '11AM–8PM'], ['Wednesday', '11AM–8PM'], ['Thursday', '11AM–8PM'], ['Friday', '11AM–8PM'], ['Saturday', '11AM–8PM'], ['Sunday', 'Closed']]"
0x80c8bf8bea2cc70d:0x6cb8ef03b842e1cc,Shizen Japanese Restaurant,"Shizen Japanese Restaurant, 221 N Rampart Blvd, Las Vegas, NV 89145",36.175747,-115.2917528,"['Japanese restaurant', 'Bar', 'Restaurant', 'Sushi restaurant']",3.8,28,$$$,"[['Sunday', 'Open 24 hours'], ['Monday', 'Open 24 hours'], ['Tuesday', 'Open 24 hours'], ['Wednesday', 'Open 24 hours'], ['Thursday', 'Open 24 hours'], ['Friday', 'Open 24 hours'], ['Saturday', 'Open 24 hours']]"
0x80c8c57316d0cce5:0x238ed9ce87391c38,Hayashi Japanese Cuisine,"Hayashi Japanese Cuisine, 3528 South Maryland Parkway #100 outside of the Boulevard Mall, next to Anthem Building, Las Vegas, NV 89169",36.1237549,-115.13597779999999,"['Japanese restaurant', 'Asian restaurant', 'Buffet restaurant', 'Event venue', 'Authentic Japanese restaurant', 'Restaurant', 'Southeast Asian restaurant', 'Sushi restaurant']",4.3,95,,"[['Sunday', '1:30–9:30PM'], ['Monday', '5–9:30PM'], ['Tuesday', 'Closed'], ['Wednesday', 'Closed'], ['Thursday', '5–9:30PM'], ['Friday', '5–10PM'], ['Saturday', '12:30–10PM']]"
0x80c8b8bcfb6e62e7:0x3f44fcc262d85c6d,Kuben,"Kuben, 5025 S Fort Apache Rd #105, Las Vegas, NV 89148",36.0979077,-115.29795569999999,['Japanese restaurant'],4.7,106,$,"[['Saturday', '10:30AM–9PM'], ['Sunday', '12–6PM'], ['Monday', '10:30AM–9PM'], ['Tuesday', '10:30AM–9PM'], ['Wednesday', '10:30AM–9PM'], ['Thursday', '10:30AM–9PM'], ['Friday', '10:30AM–9PM']]"
0x80c8c6bfd53c9ad1:0xc537cbe1ce4d377,Yonaka Modern Japanese,"Yonaka Modern Japanese, 4983 W Flamingo Rd A, Las Vegas, NV 89103",36.1148932,-115.2099116,['Japanese restaurant'],4.5,97,$$,"[['Friday', '5–9PM'], ['Saturday', '5–9PM'], ['Sunday', 'Closed'], ['Monday', 'Closed'], ['Tuesday', '5–9PM'], ['Wednesday', '5–9PM'], ['Thursday', 'Closed']]"
0x80c8bf33de3947f9:0xb9a32f07ecbad196,Soru Ramen Sushi and Boba Milk Tea,"Soru Ramen Sushi and Boba Milk Tea, 10217 W Charleston Blvd suite d, Las Vegas, NV 89135",36.158555799999995,-115.31702829999999,"['Ramen restaurant', 'Bubble tea store', 'Japanese curry restaurant', 'Sushi restaurant']",4.3,77,,"[['Friday', '11AM–10PM'], ['Saturday', '11AM–10PM'], ['Sunday', '11AM–10PM'], ['Monday', '11AM–10PM'], ['Tuesday', '11AM–10PM'], ['Wednesday', '11AM–10PM'], ['Thursday', '11AM–10PM']]"
0x80c8c5013f6f86d1:0x771c61719253af02,Oodolee Sushi & Grill,"Oodolee Sushi & Grill, 9435 W Tropicana Ave, Las Vegas, NV 89147",36.0991097,-115.29995699999999,"['Japanese restaurant', 'Asian restaurant', 'Restaurant', 'Seafood restaurant', 'Sushi restaurant']",3.7,18,,"[['Friday', '11AM–12AM'], ['Saturday', '12PM–12AM'], ['Sunday', '3–10PM'], ['Monday', '11AM–12AM'], ['Tuesday', '11AM–12AM'], ['Wednesday', '11AM–12AM'], ['Thursday', '11AM–12AM']]"
0x80c8eb4f4a2289d3:0xc7f2795e2cc9ce78,Cups and Bowls,"Cups and Bowls, 4450 N Tenaya Way Suite 155, Las Vegas, NV 89129",36.2417747,-115.2501424,"['Japanese curry restaurant', 'Restaurant', 'Tea house']",4.6,28,,"[['Friday', '11AM–10PM'], ['Saturday', '11AM–10PM'], ['Sunday', '11AM–9PM'], ['Monday', '11AM–9PM'], ['Tuesday', '11AM–9PM'], ['Wednesday', '11AM–9PM'], ['Thursday', '11AM–9PM']]"
0x80c8eae4ecc825f9:0x7c2e4ce938bf36b1,Curry Hut,"Curry Hut, 4450 N Tenaya Way #155, Las Vegas, NV 89129",36.241629599999996,-115.2498864,"['Japanese restaurant', 'Restaurant']",4.5,77,$,"[['Friday', '11AM–10PM'], ['Saturday', '11AM–10PM'], ['Sunday', '11AM–9PM'], ['Monday', '11AM–9PM'], ['Tuesday', '11AM–9PM'], ['Wednesday', '11AM–9PM'], ['Thursday', '11AM–9PM']]"
0x80c8c0ddf93098a1:0x93524d343471b1d6,Mr Poké Bowls & Rolls,"Mr Poké Bowls & Rolls, 2170 S Rainbow Blvd, Las Vegas, NV 89146",36.148129,-115.242654,"['Asian fusion restaurant', 'Burrito restaurant', 'Fast food restaurant', 'Japanese restaurant', 'Sushi restaurant']",4.5,108,$,"[['Friday', '10:30AM–10PM'], ['Saturday', '10:30AM–10PM'], ['Sunday', '11AM–9PM'], ['Monday', '10:30AM–10PM'], ['Tuesday', '10:30AM–10PM'], ['Wednesday', '10:30AM–10PM'], ['Thursday', '10:30AM–10PM']]"
0x8098fb8a9f7648f9:0xa56df49c46544c61,Stagecoach Country Market & vape shop,"Stagecoach Country Market & vape shop, 8230 US-50, Silver Springs, NV 89429",39.365776,-119.3653106,"['Convenience store', 'Battery store', 'Candy store', 'Coffee shop', 'Gambling house', 'Japanese restaurant', 'Liquor store', 'Public bathroom', 'Tobacco shop', 'Vaporizer store']",4.4,97,,"[['Friday', '6AM–10PM'], ['Saturday', '7AM–10PM'], ['Sunday', '7AM–10PM'], ['Monday', '6AM–10PM'], ['Tuesday', '6AM–10PM'], ['Wednesday', '6AM–10PM'], ['Thursday', '6AM–10PM']]"
0x80c8c76963c86fad:0xa5e0bb55580ab994,Ramen Show 2,"Ramen Show 2, 4215 Spring Mountain Rd #106, Las Vegas, NV 89102",36.1254437,-115.1958935,"['Ramen restaurant', 'Izakaya restaurant', 'Japanese restaurant', 'Yakitori restaurant']",4.5,38,,"[['Friday', '12PM–12AM'], ['Saturday', '12PM–12AM'], ['Sunday', '12PM–12AM'], ['Monday', '12PM–12AM'], ['Tuesday', '12PM–12AM'], ['Wednesday', '12PM–12AM'], ['Thursday', '12PM–12AM']]"
0x80c8c6d275486003:0xcd257501e33446de,Icy Juicy,"Icy Juicy, 3400 S Jones Blvd #20, Las Vegas, NV 89146",36.126601799999996,-115.2241926,"['Bubble tea store', 'Chinese restaurant', 'Japanese restaurant', 'Restaurant', 'Taiwanese restaurant']",4.0,118,$,"[['Thursday', '11AM–12AM'], ['Friday', '11AM–12AM'], ['Saturday', '11AM–12AM'], ['Sunday', '11AM–12AM'], ['Monday', '11AM–12AM'], ['Tuesday', '11AM–12AM'], ['Wednesday', '11AM–12AM']]"
0x80c8cef1d1cfdb39:0xf88fb163faf3e694,Teppan Bento,"Teppan Bento, 467 E Silverado Ranch Blvd #125, Las Vegas, NV 89183",36.012222099999995,-115.152718,"['Authentic Japanese restaurant', 'Indonesian restaurant', 'Japanese regional restaurant', 'Japanese restaurant', 'Japanese steakhouse', 'Restaurant', 'Seafood restaurant', 'Steak house', 'Sushi restaurant', 'Teppanyaki restaurant']",4.4,38,,"[['Thursday', '11AM–8PM'], ['Friday', '11AM–8PM'], ['Saturday', '11AM–8PM'], ['Sunday', '11AM–12AM'], ['Monday', '11AM–8PM'], ['Tuesday', '11AM–8PM'], ['Wednesday', '11AM–8PM']]"
0x80c8c415f0a42c77:0x874a161988645f6c,Japonais,"Japonais, S The Mirage, 3400 S Las Vegas Blvd, Las Vegas, NV 89109",36.121203,-115.174127,"['Japanese restaurant', 'French restaurant']",4.3,33,$$$,"[['Thursday', '5–9:30PM'], ['Friday', '5–10PM'], ['Saturday', '5–10PM'], ['Sunday', '5–9:30PM'], ['Monday', '5–9:30PM'], ['Tuesday', '5–9:30PM'], ['Wednesday', '5–9:30PM']]"
0x80c8c431e35b9f01:0x219dc50ad50780eb,barMASA,"barMASA, 3730 S Las Vegas Blvd, Las Vegas, NV 89109",36.108753,-115.176068,"['Japanese restaurant', 'Bar', 'Sushi restaurant']",3.6,28,$$$$,"[['Thursday', '5–10PM'], ['Friday', '5–10PM'], ['Saturday', '5–10PM'], ['Sunday', '5–10PM'], ['Monday', '5–10PM'], ['Tuesday', '5–10PM'], ['Wednesday', 'Closed']]"
0x80993eacc2036ca7:0xa0d851b3b723882,JJ's Sushi,"JJ's Sushi, 2868 Vista Blvd, Sparks, NV 89434",39.556184699999996,-119.70366369999999,"['Sushi restaurant', 'Japanese restaurant', 'Restaurant']",4.6,480,$$,"[['Wednesday', '11AM–9PM'], ['Thursday', '11AM–9PM'], ['Friday', '11AM–9PM'], ['Saturday', '11AM–9PM'], ['Sunday', '11AM–9PM'], ['Monday', '11AM–9PM'], ['Tuesday', '11AM–9PM']]"
0x80c8c7ceadbebdbd:0x164024491985a237,ITs SUSHI,"ITs SUSHI, 4815 Spring Mountain Rd, Las Vegas, NV 89103",36.1260493,-115.2070253,"['Japanese restaurant', 'Buffet restaurant', 'Korean restaurant', 'Sushi restaurant']",4.9,467,,"[['Wednesday', '11AM–12AM'], ['Thursday', '11AM–12AM'], ['Friday', '11AM–3AM'], ['Saturday', '11AM–3AM'], ['Sunday', '11AM–3AM'], ['Monday', '11AM–12AM'], ['Tuesday', '11AM–12AM']]"
0x80c8cf9502c92bd5:0x2cab316d7ed3d465,Daisho Sushi,"Daisho Sushi, 7435 S Eastern Ave, Las Vegas, NV 89123",36.055826599999996,-115.1201936,['Japanese restaurant'],4.5,368,$$,"[['Wednesday', '11:30AM–9:45PM'], ['Thursday', '11:30AM–9:45PM'], ['Friday', '11:30AM–10:45PM'], ['Saturday', '11:30AM–10:45PM'], ['Sunday', '11:30AM–9:45PM'], ['Monday', '11:30AM–9:45PM'], ['Tuesday', '11:30AM–9:45PM']]"
0x80c8c6b7eceaa10b:0x22619357dbe943d2,Namu shabu AYCE,"Namu shabu AYCE, 5115 Spring Mountain Rd #121A, Las Vegas, NV 89146",36.1257539,-115.2117193,"['Asian restaurant', 'Hot pot restaurant', 'Japanese restaurant', 'Korean restaurant']",4.6,38,$,"[['Tuesday', '11:30AM–3PM'], ['Wednesday', '11:30AM–3PM'], ['Thursday', '11:30AM–3PM'], ['Friday', '11:30AM–3PM'], ['Saturday', '11:30AM–11PM'], ['Sunday', '11:30AM–10:30PM'], ['Monday', '11:30AM–3PM']]"
0x80c8d0f4657951bd:0xcfd0c757af8f93a5,Hibachi-San,"Hibachi-San, 1300 W Sunset Rd #2817, Henderson, NV 89014",36.0677058,-115.04158659999999,['Japanese restaurant'],2.9,13,$$,"[['Tuesday', '10AM–9PM'], ['Wednesday', '10AM–9PM'], ['Thursday', '10AM–9PM'], ['Friday', '10AM–9PM'], ['Saturday', '10AM–9PM'], ['Sunday', '11AM–6PM'], ['Monday', '10AM–9PM']]"
0x80c8ea59a43108a7:0x75a1f972776b58b7,Sushi Bar Sage,"Sushi Bar Sage, 4408 N Rancho Dr, Las Vegas, NV 89130",36.239832799999995,-115.23020679999999,"['Sushi restaurant', 'Japanese restaurant']",4.1,113,$$,"[['Tuesday', '11AM–10:30PM'], ['Wednesday', '11AM–10:30PM'], ['Thursday', '11AM–10:30PM'], ['Friday', '11AM–11PM'], ['Saturday', '11AM–11PM'], ['Sunday', '11AM–9:30PM'], ['Monday', '11AM–6PM']]"
0x80c8c6a59fa863f7:0xb5073b99d23bcd0a,GO!KU J-WRAPS & RAMEN goku,"GO!KU J-WRAPS & RAMEN goku, 4300 Spring Mountain Rd #108, Las Vegas, NV 89102",36.1267784,-115.1978312,"['Ramen restaurant', 'Fast food restaurant', 'Izakaya restaurant', 'Japanese restaurant']",4.5,98,$,
0x80c8c03a81f39599:0x36a6ccba36262175,Mr.Sushi,"Mr.Sushi, 7175 W Lake Mead Blvd #149, Las Vegas, NV 89128",36.1953458,-115.24827359999999,"['Japanese restaurant', 'Asian fusion restaurant', 'Sushi restaurant', 'Sushi takeaway']",4.2,153,,"[['Monday', '11AM–9PM'], ['Tuesday', '11AM–9PM'], ['Wednesday', '11AM–9PM'], ['Thursday', '11AM–9PM'], ['Friday', '11AM–9PM'], ['Saturday', '11AM–9PM'], ['Sunday', '11AM–9PM']]"
0x80c8eb155d9b0783:0x9ca05fcc297356d6,Teriyaki Madness,"Teriyaki Madness, 5705 Centennial Center Blvd Ste 190, Las Vegas, NV 89149",36.2648721,-115.2582446,"['Asian fusion restaurant', 'Caterer', 'Fast food restaurant', 'Gluten-free restaurant', 'Japanese restaurant', 'Restaurant']",4.1,366,$,"[['Monday', '10:30AM–10PM'], ['Tuesday', '10:30AM–10PM'], ['Wednesday', '10:30AM–10PM'], ['Thursday', '10:30AM–10PM'], ['Friday', '10:30AM–10PM'], ['Saturday', '10:30AM–10PM'], ['Sunday', '10:30AM–10PM']]"
0x80c8cf7ecf410cc7:0xf3fdf09cb639df6b,Tengoku Sushi,"Tengoku Sushi, 2603 Windmill Pkwy, Henderson, NV 89074",36.042087099999996,-115.10138099999999,"['Japanese restaurant', 'Restaurant', 'Sushi takeaway']",4.5,48,$$,"[['Monday', '12–9PM'], ['Tuesday', '12–9PM'], ['Wednesday', '12–9PM'], ['Thursday', '12–9PM'], ['Friday', '12–10PM'], ['Saturday', '12–10PM'], ['Sunday', '12–9PM']]"
0x80c8c52a22ea10a9:0xbc52684a0717d892,The X Pot,"The X Pot, Grand Canal Shoppes, The Palazzo Fl 2, 3327 S Las Vegas Blvd Suite 2882, Las Vegas, NV 89109",36.1242539,-115.16781999999999,"['Asian fusion restaurant', 'Asian restaurant', 'Bar', 'Chinese noodle restaurant', 'Chinese restaurant', 'Cocktail bar', 'Event venue', 'Hot pot restaurant', 'Japanese restaurant']",4.6,198,,"[['Sunday', '5–11PM'], ['Monday', '5:30–11PM'], ['Tuesday', '5:30–11PM'], ['Wednesday', '5:30–11PM'], ['Thursday', '5:30–11PM'], ['Friday', '5PM–12:30AM'], ['Saturday', '5PM–12:30AM']]"
0x80c8c7b00cbf3c15:0xe7010fa5b005f270,Sizzle Hut,"Sizzle Hut, 7815 S Rainbow Blvd, Las Vegas, NV 89139",36.046360799999995,-115.2435897,"['Pan-Asian restaurant', 'American restaurant', 'Fusion restaurant', 'Japanese restaurant']",4.5,58,$$,"[['Sunday', '12PM–12AM'], ['Monday', '12PM–12AM'], ['Tuesday', '12PM–12AM'], ['Wednesday', '12PM–12AM'], ['Thursday', '12PM–12AM'], ['Friday', '12PM–12AM'], ['Saturday', '12PM–12AM']]"
0x80c8db6fa027b9c3:0x6f04ebc160c97e03,Teriyaki Madness,"Teriyaki Madness, 21 N Nellis Blvd Ste 21, Las Vegas, NV 89110",36.1595873,-115.06406779999999,"['Asian fusion restaurant', 'Caterer', 'Fast food restaurant', 'Gluten-free restaurant', 'Japanese restaurant', 'Restaurant']",4.1,117,$,"[['Sunday', '11AM–9PM'], ['Monday', '10AM–10PM'], ['Tuesday', '10AM–10PM'], ['Wednesday', '10AM–10PM'], ['Thursday', '10AM–10PM'], ['Friday', '10AM–10PM'], ['Saturday', '10AM–10PM']]"
0x80c8cf9d6fd5766d:0x8848ae929fccef85,Chikyu Vegan Sushi Bar & Izakaya,"Chikyu Vegan Sushi Bar & Izakaya, 1740 E Serene Ave #130, Las Vegas, NV 89123",36.0212478,-115.1280822,"['Sushi restaurant', 'Japanese restaurant', 'Vegan restaurant', 'Vegetarian restaurant']",4.9,98,,"[['Sunday', 'Closed'], ['Monday', 'Closed'], ['Tuesday', 'Closed'], ['Wednesday', '5–10PM'], ['Thursday', '5–10PM'], ['Friday', '5–10PM'], ['Saturday', '5–10PM']]"
0x80c8dad388d6d951:0x2b5edd30a5db984b,Hello Tokyo - Las Vegas,"Hello Tokyo - Las Vegas, 3870 E Flamingo Rd, Las Vegas, NV 89121",36.115955899999996,-115.0901354,['Japanese restaurant'],3.6,17,$,"[['Saturday', '11AM–9PM'], ['Sunday', '11AM–9PM'], ['Monday', '11AM–9PM'], ['Tuesday', '11AM–9PM'], ['Wednesday', '11AM–9PM'], ['Thursday', '11AM–9PM'], ['Friday', '11AM–9PM']]"
0x80c8c3cb9f77e57f:0x7b849e6147201036,YU-OR-MI Sushi Bar,"YU-OR-MI Sushi Bar, 100 E California Ave, Las Vegas, NV 89104",36.1572951,-115.1532603,"['Sushi restaurant', 'Cocktail bar', 'Japanese restaurant', 'Sushi takeaway']",4.9,75,,"[['Saturday', '3–10PM'], ['Sunday', '3–10PM'], ['Monday', 'Closed'], ['Tuesday', '3–10PM'], ['Wednesday', '3–10PM'], ['Thursday', '3–10PM'], ['Friday', '3–10PM']]"
0x80c8c56791fa44c3:0xb4e0155a6c7828c1,ROBATA EN,"ROBATA EN, 4480 Spring Mountain Rd #500, Las Vegas, NV 89102",36.126729999999995,-115.2013207,"['Japanese restaurant', 'Sushi restaurant']",4.9,24,,"[['Saturday', '5–11PM'], ['Sunday', '5–10PM'], ['Monday', 'Closed'], ['Tuesday', 'Closed'], ['Wednesday', '5–10PM'], ['Thursday', '5–10PM'], ['Friday', '5–11PM']]"
0x80c8936d13586077:0x63a75ef8d227c53f,Ohjah Japanese Steakhouse Sushi & Hibachi - Oso Blanca,"Ohjah Japanese Steakhouse Sushi & Hibachi - Oso Blanca, 7480 Oso Blanca Rd, Las Vegas, NV 89149",36.2957591,-115.28886469999999,['Japanese steakhouse'],4.4,128,,"[['Saturday', '3–11PM'], ['Sunday', '3–11PM'], ['Monday', '3–11PM'], ['Tuesday', '3–11PM'], ['Wednesday', '3–11PM'], ['Thursday', '3–11PM'], ['Friday', '3–11PM']]"
0x80c8b8b048473557:0x940a53b0d07f8c01,Yogis Teriyaki House,"Yogis Teriyaki House, 4825 S Fort Apache Rd ste i, Las Vegas, NV 89147",36.101350499999995,-115.2983204,"['Japanese restaurant', 'Asian restaurant', 'Restaurant']",4.6,108,$,"[['Saturday', '10AM–10:30PM'], ['Sunday', '10AM–10:30PM'], ['Monday', '10AM–10:30PM'], ['Tuesday', '10AM–10:30PM'], ['Wednesday', '10AM–10:30PM'], ['Thursday', '10AM–10:30PM'], ['Friday', '10AM–10:30PM']]"
0x80c8c0010c8d1731:0x1261a5bdbbead38c,Sushi Wabi,"Sushi Wabi, 8427 W Lake Mead Blvd, Las Vegas, NV 89128",36.197452999999996,-115.27970699999999,"['Japanese restaurant', 'Asian restaurant', 'Sushi restaurant']",4.2,226,$$,
0x80c8c1d90151ce11:0xdbfe531776230fe0,Moko Ramen Bar,"Moko Ramen Bar, 6350 W Charleston Blvd #120, Las Vegas, NV 89146",36.1595811,-115.23307679999999,"['Ramen restaurant', 'Japanese curry restaurant']",4.4,268,$$,"[['Friday', '11AM–9PM'], ['Saturday', '11AM–9PM'], ['Sunday', 'Closed'], ['Monday', '11AM–9PM'], ['Tuesday', '11AM–9PM'], ['Wednesday', '11AM–9PM'], ['Thursday', '11AM–9PM']]"
0x80c8c31dbdfbd0fd:0x343c614922aeac91,Hatsumi,"Hatsumi, 1028 E Fremont St suite 100, Las Vegas, NV 89101",36.166630999999995,-115.1342523,['Japanese restaurant'],4.8,97,,"[['Friday', '5–11PM'], ['Saturday', '5–11PM'], ['Sunday', '5–10PM'], ['Monday', 'Closed'], ['Tuesday', 'Closed'], ['Wednesday', '5–10PM'], ['Thursday', '5–10PM']]"
0x80993ff3dfb022ff:0x131a908c1327d6a1,Tokyo Grill,"Tokyo Grill, 5000 Meadowood Mall Cir, Reno, NV 89502",39.4742335,-119.78156449999999,['Japanese restaurant'],4.0,34,$,"[['Friday', '10AM–9PM'], ['Saturday', '10AM–9PM'], ['Sunday', '11AM–7PM'], ['Monday', '10AM–9PM'], ['Tuesday', '10AM–9PM'], ['Wednesday', '10AM–9PM'], ['Thursday', '10AM–9PM']]"
0x80c8ce5c051891cf:0xbcc808c55a247692,KAISEKI YUZU,"KAISEKI YUZU, 3900 Spring Mountain Rd #A5, Las Vegas, NV 89102",36.1272697,-115.19243619999999,"['Japanese restaurant', 'Kaiseki restaurant', 'Restaurant']",4.7,106,$$,"[['Friday', '5:30–10PM'], ['Saturday', '5:30–10PM'], ['Sunday', '5:30–10PM'], ['Monday', '5:30–10PM'], ['Tuesday', 'Closed'], ['Wednesday', '5:30–10PM'], ['Thursday', '5:30–10PM']]"
0x80994421ea015771:0xf6767e496f83b148,Fortune Star Cuisine,"Fortune Star Cuisine, 4714, 6340 Mae Anne Ave #2, Reno, NV 89523",39.525994999999995,-119.885881,"['Chinese restaurant', 'Asian restaurant', 'Japanese restaurant', 'Sushi restaurant']",4.0,175,$$,"[['Friday', '11AM–9:30PM'], ['Saturday', '11AM–9:30PM'], ['Sunday', '11AM–9PM'], ['Monday', '11AM–9PM'], ['Tuesday', 'Closed'], ['Wednesday', 'Closed'], ['Thursday', '11AM–9PM']]"
0x80c8bfd27baebfe7:0x3f0709769b0c2150,Teriyaki Madness,"Teriyaki Madness, 10300 W Charleston Blvd Ste #6 & #7, Las Vegas, NV 89135",36.1605691,-115.32088519999999,"['Asian fusion restaurant', 'Caterer', 'Fast food restaurant', 'Gluten-free restaurant', 'Japanese restaurant', 'Restaurant']",4.4,88,$,"[['Thursday', '10AM–9:30PM'], ['Friday', '10AM–9:30PM'], ['Saturday', '10AM–9:30PM'], ['Sunday', '10AM–9:30PM'], ['Monday', '10AM–9:30PM'], ['Tuesday', '10AM–9:30PM'], ['Wednesday', '10AM–9:30PM']]"
0x80c8cf44a422e883:0xc68f7155ed25c4cd,Samurai Sam's,"Samurai Sam's, 7620 Las Vegas Blvd S, Las Vegas, NV 89123",36.051069999999996,-115.17224999999999,"['Japanese restaurant', 'Asian fusion restaurant', 'Asian restaurant', 'Chinese restaurant', 'Fast food restaurant', 'Food court', 'Noodle shop', 'Salad shop', 'Thai restaurant']",4.1,105,$,"[['Thursday', '10AM–9PM'], ['Friday', '10AM–9PM'], ['Saturday', '11AM–9PM'], ['Sunday', '11PM–12AM'], ['Monday', '12AM–9PM'], ['Tuesday', '10AM–9PM'], ['Wednesday', '10AM–9PM']]"
0x80c8c6b98ff8c713:0xabf231b282983b8f,Jjanga Japanese Restaurant,"Jjanga Japanese Restaurant, 3650 S Decatur Blvd, Las Vegas, NV 89103",36.122962799999996,-115.2074492,"['Japanese restaurant', 'Asian restaurant', 'Karaoke bar', 'Sushi restaurant']",4.3,224,$$,
0x80c8b8b91ce5a9c7:0x8fe11b1fc85d1d2b,UMEZONO SUSHI AND GRILL,"UMEZONO SUSHI AND GRILL, 9700 W Tropicana Ave #100, Las Vegas, NV 89147",36.1005378,-115.30435,"['Japanese restaurant', 'Sushi restaurant']",4.7,94,,"[['Thursday', '11:30AM–3PM'], ['Friday', '11:30AM–3PM'], ['Saturday', '11:30AM–3PM'], ['Sunday', '11:30AM–3PM'], ['Monday', 'Closed'], ['Tuesday', '11:30AM–3PM'], ['Wednesday', '11:30AM–3PM']]"
0x8099a0148798dc87:0x57047644607f1edc,Ming's,"Ming's, 2330 S Carson St, Carson City, NV 89701",39.145376,-119.768619,"['Chinese restaurant', 'Asian restaurant', 'Japanese restaurant', 'Sushi restaurant']",4.2,538,$$,"[['Tuesday', '11:30AM–9:30PM'], ['Wednesday', '11:30AM–9:30PM'], ['Thursday', '11:30AM–9:30PM'], ['Friday', '11:30AM–9:30PM'], ['Saturday', '11:30AM–9:30PM'], ['Sunday', '11:30AM–9:30PM'], ['Monday', '11:30AM–9:30PM']]"
0x8099407f644e8b15:0xe460c6613d59a978,Sushi 7,"Sushi 7, 5030 Las Brisas Blvd #B5, Reno, NV 89523, United States",39.5398941,-119.8628998,"['Sushi restaurant', 'Asian restaurant', 'Japanese restaurant', 'Restaurant']",4.2,378,$$,"[['Monday', 'Closed'], ['Tuesday', '11AM–9PM'], ['Wednesday', '11AM–9PM'], ['Thursday', '11AM–9PM'], ['Friday', '11AM–9PM'], ['Saturday', '11AM–9PM'], ['Sunday', '11AM–9PM']]"
0x80c893557a4d79c7:0x751a24851d28b2da,Umami Restaurant,"Umami Restaurant, 6640 N Durango Dr #180, Las Vegas, NV 89149",36.2812176,-115.28672359999999,['Japanese restaurant'],4.5,428,$$,"[['Monday', '12–11PM'], ['Tuesday', '12–11PM'], ['Wednesday', '12–11PM'], ['Thursday', '12–11PM'], ['Friday', '12–11PM'], ['Saturday', '12–11PM'], ['Sunday', '12–11PM']]"
0x80c8e9d044454c3b:0x7b3814705a2a75bd,Teriyaki Madness,"Teriyaki Madness, 725 W Craig Rd Ste 132, North Las Vegas, NV 89032",36.2381007,-115.15144339999999,"['Asian fusion restaurant', 'Caterer', 'Fast food restaurant', 'Gluten-free restaurant', 'Japanese restaurant', 'Restaurant']",4.3,453,$,"[['Monday', '10:30AM–10PM'], ['Tuesday', '10:30AM–10PM'], ['Wednesday', '10:30AM–10PM'], ['Thursday', '10:30AM–10PM'], ['Friday', '10:30AM–10PM'], ['Saturday', '10:30AM–10PM'], ['Sunday', '10:30AM–10PM']]"
0x80c8eab6f35df783:0xceaf659745a6186b,Cook On Wok,"Cook On Wok, 8380 W Cheyenne Ave, Las Vegas, NV 89129",36.2190181,-115.27625739999999,"['Chinese restaurant', 'Asian fusion restaurant', 'Asian restaurant', 'Chinese takeaway', 'Delivery Chinese restaurant', 'Japanese restaurant', 'Delivery Restaurant']",4.2,225,$,"[['Monday', '11AM–9:30PM'], ['Tuesday', '11AM–9:30PM'], ['Wednesday', '11AM–9:30PM'], ['Thursday', '11AM–9:30PM'], ['Friday', '11AM–9:45PM'], ['Saturday', '11AM–9:45PM'], ['Sunday', '11AM–9:45PM']]"
0x809915ff75c90e5d:0x8835e5513dabf168,Teriyaki Madness,"Teriyaki Madness, 13963 S Virginia St Ste 904, Reno, NV 89511",39.4032081,-119.74839689999999,"['Asian fusion restaurant', 'Caterer', 'Fast food restaurant', 'Gluten-free restaurant', 'Japanese restaurant', 'Restaurant']",4.4,98,$,"[['Sunday', '11AM–9PM'], ['Monday', '11AM–9PM'], ['Tuesday', '11AM–9PM'], ['Wednesday', '11AM–9PM'], ['Thursday', '11AM–9PM'], ['Friday', '11AM–9PM'], ['Saturday', '11AM–9PM']]"
0x80c8c7d66bd437c5:0x32d77bc4d6324891,Omoide,"Omoide, 7745 S Rainbow Blvd, Las Vegas, NV 89139",36.0477778,-115.2436111,['Japanese restaurant'],4.6,497,$,"[['Sunday', '11AM–11PM'], ['Monday', '11AM–11PM'], ['Tuesday', '11AM–11PM'], ['Wednesday', '11AM–11PM'], ['Thursday', '11AM–11PM'], ['Friday', '11AM–11PM'], ['Saturday', '11AM–11PM']]"
0x80c8c43e13d2f323:0xfade83cda046c478,Once,"Once, 3327 S Las Vegas Blvd, Las Vegas, NV 89109",36.1238664,-115.1688631,"['Peruvian restaurant', 'Japanese restaurant', 'Latin American restaurant']",4.1,174,,"[['Sunday', '11AM–3PM'], ['Monday', '5–10PM'], ['Tuesday', '5–10PM'], ['Wednesday', '5–10PM'], ['Thursday', '5–10PM'], ['Friday', '5–11PM'], ['Saturday', '11AM–3PM']]"
0x80c8c6c83a734399:0xf933487ca86d6850,Sushi Takashi,"Sushi Takashi, 5300 W Spring Mountain Rd #101, Las Vegas, NV 89146",36.1262823,-115.213517,"['Sushi restaurant', 'Authentic Japanese restaurant', 'Izakaya restaurant', 'Tapas bar']",4.7,338,$$,"[['Sunday', '11:30AM–10PM'], ['Monday', '11:30AM–2:30PM'], ['Tuesday', 'Closed'], ['Wednesday', '11:30AM–2:30PM'], ['Thursday', '11:30AM–2:30PM'], ['Friday', '11:30AM–2:30PM'], ['Saturday', '11:30AM–2:30PM']]"
0x80c8e983b4bc8f8b:0x717c187f72c21c3,Sushi Wow,"Sushi Wow, 5585 N Simmons St #3, North Las Vegas, NV 89031",36.2611117,-115.1804961,"['Japanese restaurant', 'Sushi restaurant']",4.4,591,$,"[['Sunday', '11:30AM–9:30PM'], ['Monday', '11:30AM–9:30PM'], ['Tuesday', '11:30AM–9:30PM'], ['Wednesday', '11:30AM–9:30PM'], ['Thursday', '11:30AM–9:30PM'], ['Friday', '11:30AM–9:30PM'], ['Saturday', '11:30AM–9:30PM']]"
0x80c8c476bf6b1385:0x965570b42f1f5dc9,Katsuya by Starck,"Katsuya by Starck, SLS, 2535 S Las Vegas Blvd, Las Vegas, NV 89109",36.1423552,-115.1567235,"['Sushi restaurant', 'Japanese restaurant']",4.3,68,$$$,"[['Saturday', '5–11PM'], ['Sunday', 'Closed'], ['Monday', 'Closed'], ['Tuesday', '5–10:30PM'], ['Wednesday', '5–10:30PM'], ['Thursday', '5–10:30PM'], ['Friday', '5–11PM']]"
0x80c8ea962edddfab:0x8bf6011622070724,Sasa Sushi,"Sasa Sushi, 7408, 7450 W Cheyenne Ave #118, Las Vegas, NV 89129",36.219046,-115.258308,"['Sushi restaurant', 'Asian restaurant', 'Japanese restaurant', 'Seafood restaurant']",4.5,406,$$,"[['Saturday', '12–8PM'], ['Sunday', '12–8PM'], ['Monday', '12–8PM'], ['Tuesday', '12–8PM'], ['Wednesday', '12–8PM'], ['Thursday', '12–8PM'], ['Friday', '12–8PM']]"
0x80990a7a65d42a85:0x1d1c62fcb821ec2b,Kei Sushi,"Kei Sushi, 3220 US-50 STE 4, Carson City, NV 89701",39.1783741,-119.73279679999999,"['Sushi restaurant', 'Asian restaurant', 'Bar', 'Japanese restaurant']",4.3,577,$$,"[['Saturday', '11AM–9PM'], ['Sunday', '4–9PM'], ['Monday', 'Closed'], ['Tuesday', '11AM–9PM'], ['Wednesday', '11AM–9PM'], ['Thursday', '11AM–9PM'], ['Friday', '11AM–9PM']]"
0x80c8c44f4578a00d:0x59a269e8ef7e7a38,H2O Sushi & Izakaya,"H2O Sushi & Izakaya, 325 Hughes Center Dr #120, Las Vegas, NV 89169",36.115244,-115.1585472,"['Japanese restaurant', 'Sushi restaurant']",4.3,208,,"[['Saturday', '11:30AM–12AM'], ['Sunday', '11:30AM–11PM'], ['Monday', '11:30AM–11PM'], ['Tuesday', '11:30AM–11PM'], ['Wednesday', '11:30AM–11PM'], ['Thursday', '11:30AM–12AM'], ['Friday', '11:30AM–12AM']]"
0x80c8c6a4347dfc8d:0xb657e7f471246417,TAKOPA JAPANESE STREET FOOD,"TAKOPA JAPANESE STREET FOOD, 4215 Spring Mountain Rd #106A, Las Vegas, NV 89102",36.1255124,-115.19605419999999,['Japanese restaurant'],4.5,222,,"[['Saturday', '12PM–12AM'], ['Sunday', '12PM–12AM'], ['Monday', '12PM–12AM'], ['Tuesday', '12PM–12AM'], ['Wednesday', '12PM–12AM'], ['Thursday', '12PM–12AM'], ['Friday', '12PM–12AM']]"
0x80c8c148cd891a45:0x6bb37da59f64300e,Teriyaki Madness,"Teriyaki Madness, 2530 S Decatur Blvd Ste 110, Las Vegas, NV 89102",36.1440427,-115.2069327,"['Asian fusion restaurant', 'Caterer', 'Fast food restaurant', 'Gluten-free restaurant', 'Japanese restaurant', 'Restaurant']",4.2,263,$,"[['Saturday', '10AM–10PM'], ['Sunday', '11AM–9PM'], ['Monday', '10AM–10PM'], ['Tuesday', '10AM–10PM'], ['Wednesday', '10AM–10PM'], ['Thursday', '10AM–10PM'], ['Friday', '10AM–10PM']]"
0x80c8c4453c98afe3:0xca6bdfcc0323b228,Sushi Way,"Sushi Way, 3900 Paradise Rd b, Las Vegas, NV 89169",36.1192284,-115.1544763,['Japanese restaurant'],4.5,473,$$,"[['Saturday', '12–11PM'], ['Sunday', '4–10PM'], ['Monday', '12–10PM'], ['Tuesday', '12–10PM'], ['Wednesday', '12–10PM'], ['Thursday', '12–10PM'], ['Friday', '12–11PM']]"
0x80c8e81e4cdd7007:0x75d26f636c385a20,Tokyo Cafe,"Tokyo Cafe, 2595 E Craig Rd B, North Las Vegas, NV 89030",36.2395687,-115.11462259999999,['Japanese restaurant'],4.6,507,$,"[['Saturday', '11AM–9:30PM'], ['Sunday', 'Closed'], ['Monday', '11AM–9:30PM'], ['Tuesday', '11AM–9:30PM'], ['Wednesday', '11AM–9:30PM'], ['Thursday', '11AM–9:30PM'], ['Friday', '11AM–9:30PM']]"
0x80c8c759e83ee6f7:0xd29d343b5ad85b7,JINYA Ramen Bar - Rainbow,"JINYA Ramen Bar - Rainbow, 7240 South Rainbow Blvd Suite #A, Las Vegas, NV 89118",36.0570099,-115.242233,"['Restaurant', 'Asian restaurant', 'Japanese restaurant', 'Ramen restaurant']",4.6,495,$$,"[['Saturday', '11:30AM–9:30PM'], ['Sunday', '11:30AM–9:30PM'], ['Monday', '11:30AM–9:30PM'], ['Tuesday', '11:30AM–9:30PM'], ['Wednesday', '11:30AM–9:30PM'], ['Thursday', '11:30AM–9:30PM'], ['Friday', '11:30AM–9:30PM']]"
0x80c8bf338d0b0345:0x7abbe73f94771e58,Ohjah Japanese Steakhouse,"Ohjah Japanese Steakhouse, Flamingo & S. Hualapai, 10144 W Flamingo Rd, Las Vegas, NV 89147",36.1156485,-115.3139977,"['Japanese steakhouse', 'Asian restaurant', 'Japanese restaurant', 'Sushi restaurant', 'Teppanyaki restaurant']",4.6,504,$$,"[['Saturday', '3–11PM'], ['Sunday', '3–11PM'], ['Monday', '3–11PM'], ['Tuesday', '3–11PM'], ['Wednesday', '3–11PM'], ['Thursday', '3–11PM'], ['Friday', '3–11PM']]"
0x80c8d4042dc371b3:0x978cd14819706253,Teriyaki Madness,"Teriyaki Madness, 72 W Horizon Ridge Pkwy #B-105, Henderson, NV 89012",36.0131154,-114.9925655,"['Asian fusion restaurant', 'Caterer', 'Fast food restaurant', 'Gluten-free restaurant', 'Japanese restaurant', 'Restaurant']",4.3,198,$,"[['Saturday', '10AM–9PM'], ['Sunday', '10AM–9PM'], ['Monday', '10AM–9PM'], ['Tuesday', '10AM–9PM'], ['Wednesday', '10AM–9PM'], ['Thursday', '10AM–9PM'], ['Friday', '10AM–9PM']]"
0x80c8c8bf4946a805:0x23855e42799bd794,Teriyaki Madness,"Teriyaki Madness, 4870 Blue Diamond Rd Ste 110, Las Vegas, NV 89139",36.03359,-115.20747,"['Asian fusion restaurant', 'Caterer', 'Fast food restaurant', 'Gluten-free restaurant', 'Japanese restaurant', 'Restaurant']",4.3,238,$,"[['Saturday', '10:30AM–10PM'], ['Sunday', '11AM–9PM'], ['Monday', '10:30AM–10PM'], ['Tuesday', '10:30AM–10PM'], ['Wednesday', '10:30AM–10PM'], ['Thursday', '10:30AM–10PM'], ['Friday', '10:30AM–10PM']]"
0x80c8c7804df22101:0x47a33d39494f17ae,Ramen Kobo+Sake,"Ramen Kobo+Sake, 3889 Spring Mountain Rd, Las Vegas, NV 89102",36.1261596,-115.1918043,"['Ramen restaurant', 'Japanese restaurant', 'Noodle shop', 'Tapas restaurant']",4.5,47,,"[['Friday', '5–11PM'], ['Saturday', '5–11PM'], ['Sunday', '5–11PM'], ['Monday', '5–11PM'], ['Tuesday', '5–11PM'], ['Wednesday', '5–11PM'], ['Thursday', '5–11PM']]"
0x80c8eb4487e9c021:0xb9a5f2ff4f67c047,Sushi Loca (Centennial Center),"Sushi Loca (Centennial Center), 6181 Centennial Center Blvd, Las Vegas, NV 89149",36.272425,-115.2666433,"['Japanese restaurant', 'Asian restaurant', 'Caterer', 'Restaurant', 'Seafood restaurant', 'Sushi restaurant']",4.4,767,$$,"[['Friday', '11AM–9:30PM'], ['Saturday', '11AM–9:30PM'], ['Sunday', '11AM–9:30PM'], ['Monday', '11AM–9:30PM'], ['Tuesday', '11AM–9:30PM'], ['Wednesday', '11AM–9:30PM'], ['Thursday', '11AM–9:30PM']]"
0x80993f434d50d40d:0xd49b394f40f80614,Haru,"Haru, 5210 Longley Ln #500, Reno, NV 89511",39.476261099999995,-119.7633583,['Japanese restaurant'],4.7,172,,"[['Friday', '11:30AM–9PM'], ['Saturday', '11:30AM–9PM'], ['Sunday', 'Closed'], ['Monday', '11:30AM–9PM'], ['Tuesday', '11:30AM–9PM'], ['Wednesday', '11:30AM–9PM'], ['Thursday', '11:30AM–9PM']]"
0x80c8cf71d0bbdec9:0xea4afe6049f90f17,JINYA Ramen Bar - Henderson,"JINYA Ramen Bar - Henderson, 10740 S Eastern Ave #155, Henderson, NV 89052",35.996902,-115.10128379999999,"['Restaurant', 'Asian restaurant', 'Japanese restaurant', 'Ramen restaurant']",4.1,28,$$,"[['Friday', '11:30AM–10PM'], ['Saturday', '11:30AM–10PM'], ['Sunday', '11:30AM–10PM'], ['Monday', '11:30AM–10PM'], ['Tuesday', '11:30AM–10PM'], ['Wednesday', '11:30AM–10PM'], ['Thursday', '11:30AM–10PM']]"
0x80c8c51cd1b98be9:0xfce8b6acd715f619,Jjanga Sushi & Bar,"Jjanga Sushi & Bar, 280 E Flamingo Rd ste c, Las Vegas, NV 89169",36.1148722,-115.16089509999999,"['Sushi restaurant', 'Bar', 'Buffet restaurant', 'Japanese restaurant', 'Tapas bar']",4.7,458,,"[['Friday', '12–11:30PM'], ['Saturday', '12–11:30PM'], ['Sunday', '12–10:30PM'], ['Monday', '12–10:30PM'], ['Tuesday', '12–10:30PM'], ['Wednesday', '12–10:30PM'], ['Thursday', '12–10:30PM']]"
0x80c8bf23fdcf0a19:0x170e6abb8250fa1b,Hokkaido Teppanyaki Hibachi Steakhouse,"Hokkaido Teppanyaki Hibachi Steakhouse, 3555 S Town Center Dr #101, Las Vegas, NV 89135",36.12498,-115.32516899999999,"['Teppanyaki restaurant', 'Dessert restaurant', 'Japanese restaurant', 'Japanese steakhouse', 'Takeout Restaurant', 'Steak house', 'Sushi restaurant']",4.5,355,$$,"[['Friday', '4–10PM'], ['Saturday', '4–10PM'], ['Sunday', '4–10PM'], ['Monday', '4–10PM'], ['Tuesday', '4–10PM'], ['Wednesday', '4–10PM'], ['Thursday', '4–10PM']]"
0x80c8c4c4e6c39c9d:0x3b0436a5ad8e7977,Ninja Teriyaki - Sushi 2 Go,"Ninja Teriyaki - Sushi 2 Go, 3025 E Desert Inn Rd UNIT 15, Las Vegas, NV 89121",36.1288909,-115.1087778,"['Sushi restaurant', 'Japanese restaurant']",4.2,158,$,"[['Thursday', '11AM–8PM'], ['Friday', '11AM–8PM'], ['Saturday', '11AM–8PM'], ['Sunday', '3–8PM'], ['Monday', '11AM–8PM'], ['Tuesday', '11AM–8PM'], ['Wednesday', '11AM–8PM']]"
0x80c8c0de8e7c49d7:0xb93e852f6a96f40d,Nakata Market of Japan,"Nakata Market of Japan, 2350 S Rainbow Blvd #6, Las Vegas, NV 89146",36.145776399999995,-115.2413594,"['Japanese grocery store', 'Grocery store', 'Liquor store']",4.6,455,,"[['Thursday', '10AM–7PM'], ['Friday', '10AM–7PM'], ['Saturday', '10AM–7PM'], ['Sunday', '10AM–7PM'], ['Monday', '10AM–7PM'], ['Tuesday', '10AM–7PM'], ['Wednesday', '10AM–7PM']]"
0x80c8d05621e83ee9:0xe37a6ba21b7d7712,Tokyo Boys,"Tokyo Boys, 375 N Stephanie St UNIT 311, Henderson, NV 89014",36.0550152,-115.0468686,"['Japanese restaurant', 'Seafood restaurant', 'Sushi restaurant']",4.5,277,$$,"[['Thursday', '5–10PM'], ['Friday', '5–10PM'], ['Saturday', '5–10PM'], ['Sunday', '5–10PM'], ['Monday', 'Closed'], ['Tuesday', 'Closed'], ['Wednesday', '5–10PM']]"
0x80c8c43264352b09:0x15f9e2a93c9b136d,Dragon Noodle,"Dragon Noodle, Monte Carlo Hotel, 3770 S Las Vegas Blvd, Las Vegas, NV 89109",36.1049645,-115.1740294,"['Chinese restaurant', 'Asian restaurant', 'Bar', 'Japanese restaurant', 'Sushi restaurant']",3.7,48,$$,"[['Thursday', '11AM–10:30PM'], ['Friday', '11AM–10:30PM'], ['Saturday', '11AM–10:30PM'], ['Sunday', '11AM–10:30PM'], ['Monday', '11AM–10:30PM'], ['Tuesday', '11AM–10:30PM'], ['Wednesday', '11AM–10:30PM']]"
0x80c8bf6f90356213:0x266fa16dabcf1a2e,Sushi Japanese Bento House,"Sushi Japanese Bento House, 9134 W Sahara Ave, Las Vegas, NV 89117",36.1456216,-115.2963219,['Japanese restaurant'],4.3,105,,"[['Wednesday', '10AM–9PM'], ['Thursday', '10AM–9PM'], ['Friday', '10AM–9PM'], ['Saturday', '11AM–8PM'], ['Sunday', '11AM–8PM'], ['Monday', '10AM–9PM'], ['Tuesday', '10AM–9PM']]"
0x80c8c637f110bed7:0x6526c9d70e08d6c4,Kyara Izakaya - Japanese Tapas,"Kyara Izakaya - Japanese Tapas, 6555 S Jones Blvd UNIT 120, Las Vegas, NV 89118",36.0700053,-115.22491249999999,"['Japanese restaurant', 'Asian restaurant', 'Bar', 'Sushi restaurant', 'Tapas bar', 'Tapas restaurant']",4.4,256,$$,"[['Wednesday', '5PM–12AM'], ['Thursday', '5PM–12AM'], ['Friday', '5PM–12AM'], ['Saturday', '5PM–12AM'], ['Sunday', '5PM–12AM'], ['Monday', '5PM–12AM'], ['Tuesday', '5PM–12AM']]"
0x80c8c94fefb68b9f:0x95b1de719ae6be70,Oaka Sushi,"Oaka Sushi, 9285 S Cimarron Rd #100, Las Vegas, NV 89178",36.0194548,-115.27122519999999,"['Sushi restaurant', 'Japanese restaurant']",4.5,128,,"[['Wednesday', '11:30AM–10:30PM'], ['Thursday', '11:30AM–10:30PM'], ['Friday', '11:30AM–10:30PM'], ['Saturday', '11:30AM–10:30PM'], ['Sunday', '11:30AM–10:30PM'], ['Monday', '11:30AM–10:30PM'], ['Tuesday', '11:30AM–10:30PM']]"
0x80c8db623068b0b3:0xbec3bd9e4054481a,Oh! Curry,"Oh! Curry, 5051 Stewart Ave #101, Las Vegas, NV 89110",36.165893499999996,-115.0635161,"['Restaurant', 'Japanese curry restaurant']",4.6,295,$,"[['Wednesday', 'Closed'], ['Thursday', '11AM–6PM'], ['Friday', '11AM–6PM'], ['Saturday', '11AM–6PM'], ['Sunday', '11AM–6PM'], ['Monday', '11AM–6PM'], ['Tuesday', '11AM–6PM']]"
0x809940bdd4111719:0xbfa687c8c4dcecd0,Kauboi Izakaya,"Kauboi Izakaya, 1286 S Virginia St, Reno, NV 89502",39.51193,-119.8060318,"['Japanese restaurant', 'Restaurant']",4.5,258,$$,"[['Wednesday', '5–9PM'], ['Thursday', '5–9PM'], ['Friday', '5–10PM'], ['Saturday', '5–10PM'], ['Sunday', 'Closed'], ['Monday', 'Closed'], ['Tuesday', '5–9PM']]"
0x80c8c03b3878def7:0xfb43d84b05509fc0,Yummy Grill & Sushi,"Yummy Grill & Sushi, 7331 W Lake Mead Blvd #105, Las Vegas, NV 89128",36.1948181,-115.25231959999999,"['Sushi restaurant', 'Asian restaurant', 'Japanese restaurant']",4.7,415,$$,"[['Wednesday', '11:30AM–10PM'], ['Thursday', '11:30AM–10PM'], ['Friday', '11:30AM–10PM'], ['Saturday', '11:30AM–10PM'], ['Sunday', 'Closed'], ['Monday', '11:30AM–10PM'], ['Tuesday', '11:30AM–10PM']]"
0x809938ca52af760f:0xa17f7134bae105d9,Yim's Asian Supermarket,"Yim's Asian Supermarket, 1210 Rock Blvd, Sparks, NV 89431",39.5437272,-119.7629801,"['Asian grocery store', 'Japanese grocery store', 'Korean grocery store', 'Supermarket']",4.5,453,,"[['Wednesday', '8AM–7PM'], ['Thursday', '8AM–7PM'], ['Friday', '8AM–7PM'], ['Saturday', '8AM–7PM'], ['Sunday', '9AM–5PM'], ['Monday', '8AM–7PM'], ['Tuesday', '8AM–7PM']]"
0x80c8c43747abe737:0xb669b15db565fa4b,Sekushi Japanese Restaurant,"Sekushi Japanese Restaurant, 3655 S Las Vegas Blvd, Las Vegas, NV 89109",36.1127663,-115.170586,"['Sushi restaurant', 'Japanese restaurant', 'Tapas restaurant']",4.4,478,$$,"[['Wednesday', '11AM–1AM'], ['Thursday', '11AM–1AM'], ['Friday', '11AM–1AM'], ['Saturday', '11AM–1AM'], ['Sunday', '11AM–1AM'], ['Monday', '11AM–1AM'], ['Tuesday', '11AM–1AM']]"
0x8099444c29fe4845:0xd7903fe339ecb079,Sakana,"Sakana, 7655 Town Square Way, Reno, NV 89523",39.5316196,-119.9129605,['Japanese restaurant'],4.4,213,$$,"[['Tuesday', '4–9PM'], ['Wednesday', '4–9PM'], ['Thursday', '4–9PM'], ['Friday', '12–9PM'], ['Saturday', '12–9PM'], ['Sunday', '12PM–9AM'], ['Monday', '4–9PM']]"
0x80c8c58a578bf633:0x75d49349108aab10,Sushi Joe's,"Sushi Joe's, 4700 S Maryland Pkwy #125, Las Vegas, NV 89119",36.1036529,-115.1368408,"['Sushi restaurant', 'Japanese restaurant', 'Restaurant', 'Sushi takeaway']",5.0,66,,"[['Tuesday', '11:30AM–9PM'], ['Wednesday', '11:30AM–9PM'], ['Thursday', '11:30AM–9PM'], ['Friday', '11:30AM–9PM'], ['Saturday', '4–9PM'], ['Sunday', '4–9PM'], ['Monday', '11:30AM–9PM']]"
0x80c8ea3e93033dc3:0xe637c3262c3db698,Teriyaki Madness,"Teriyaki Madness, 6171 N Decatur Blvd Ste 110, Las Vegas, NV 89130",36.2712116,-115.20746799999999,"['Asian fusion restaurant', 'Caterer', 'Fast food restaurant', 'Gluten-free restaurant', 'Japanese restaurant', 'Restaurant']",4.2,413,$,"[['Monday', '10:30AM–10PM'], ['Tuesday', '10:30AM–10PM'], ['Wednesday', '10:30AM–10PM'], ['Thursday', '10:30AM–10PM'], ['Friday', '10:30AM–10PM'], ['Saturday', '10:30AM–10PM'], ['Sunday', '10:30AM–10PM']]"
0x80ce43b25f0854b1:0xc2b71aac7f9ca94d,Minato Japanese & Korean Restaurant,"Minato Japanese & Korean Restaurant, 2311 S Casino Dr, Laughlin, NV 89029",35.155311499999996,-114.5750427,"['Japanese restaurant', 'Asian restaurant', 'Korean restaurant', 'Restaurant', 'Sushi restaurant']",4.5,618,$$,"[['Monday', '11:30AM–8:30PM'], ['Tuesday', '11:30AM–8:30PM'], ['Wednesday', '11:30AM–8:30PM'], ['Thursday', '11:30AM–8:30PM'], ['Friday', '11:30AM–8:30PM'], ['Saturday', '11:30AM–8:30PM'], ['Sunday', '11:30AM–8:30PM']]"
0x80c8c1516d58fcd9:0xaea54e9b04b4f71f,Osaka Japanese Bistro,"Osaka Japanese Bistro, 4205 W Sahara Ave, Las Vegas, NV 89102",36.143961999999995,-115.196995,"['Japanese restaurant', 'Sushi restaurant']",4.6,1177,$$,"[['Sunday', '11:30AM–2AM'], ['Monday', '11:30AM–2AM'], ['Tuesday', '11:30AM–2AM'], ['Wednesday', '11:30AM–2AM'], ['Thursday', '11:30AM–2AM'], ['Friday', '11:30AM–2AM'], ['Saturday', '11:30AM–2AM']]"
0x80c8cdfdd36cc211:0x58c6e5bd9c8d7f73,Osaka Japanese Bistro,"Osaka Japanese Bistro, 10920 S Eastern Ave, Henderson, NV 89052",35.99411,-115.10042999999999,"['Japanese restaurant', 'Sushi restaurant']",4.4,528,$$,"[['Sunday', '11AM–10PM'], ['Monday', '11AM–10PM'], ['Tuesday', '11AM–10PM'], ['Wednesday', '11AM–10PM'], ['Thursday', '11AM–10PM'], ['Friday', '11AM–12AM'], ['Saturday', '11AM–12AM']]"
0x80c8beffa9061223:0x18b201d576a04e9d,Sushi Loca Downtown Summerlin,"Sushi Loca Downtown Summerlin, Downtown Summerlin, 10965 Lavender Hill Dr, Las Vegas, NV 89135",36.1449287,-115.33295369999999,"['Japanese restaurant', 'Restaurant']",4.1,218,$$,"[['Sunday', '11AM–10PM'], ['Monday', '11AM–10PM'], ['Tuesday', '11AM–10PM'], ['Wednesday', '11AM–10PM'], ['Thursday', '11AM–10PM'], ['Friday', '11AM–11PM'], ['Saturday', '11AM–11PM']]"
0x80c8c7b152e82063:0x657260083e78d070,Bonchon South West Las Vegas,"Bonchon South West Las Vegas, 6455 S Rainbow Blvd Suite 101, Las Vegas, NV 89118",36.071873,-115.24292,"['Asian fusion restaurant', 'Asian restaurant', 'Chicken restaurant', 'Chicken wings restaurant', 'Fried chicken takeaway', 'Japanese restaurant', 'Korean restaurant', 'Pan-Asian restaurant']",4.3,318,$$,"[['Sunday', '11:30AM–9PM'], ['Monday', '11:30AM–9PM'], ['Tuesday', '11:30AM–9PM'], ['Wednesday', '11:30AM–9PM'], ['Thursday', '11:30AM–9PM'], ['Friday', '11:30AM–9:30PM'], ['Saturday', '11:30AM–9:30PM']]"
0x80c8db2d40f28ec3:0xc67d01c4b04bc73e,Geisha House Steak & Sushi,"89121 Nevada, Las Vegas, E Desert Inn Rd, Geisha House Steak & Sushi",36.1286665,-115.0932742,"['Japanese restaurant', 'Japanese steakhouse', 'Restaurant', 'Sushi restaurant', 'Teppanyaki restaurant']",4.5,288,$$,"[['Sunday', '4–8:30PM'], ['Monday', 'Closed'], ['Tuesday', '4–8:30PM'], ['Wednesday', '4–8:30PM'], ['Thursday', '4–8:30PM'], ['Friday', '4–8:30PM'], ['Saturday', '4–8:30PM']]"
0x80c8bf608aaa4a69:0xda8c91788d6af687,Blue Ribbon Sushi Bar & Grill - Red Rock,"Blue Ribbon Sushi Bar & Grill - Red Rock, Red Rock Casino Resort & Spa, 11011 W Charleston Blvd, Las Vegas, NV 89135",36.1570476,-115.333708,['Japanese restaurant'],4.5,138,$$,"[['Sunday', '3–9PM'], ['Monday', '3–9PM'], ['Tuesday', '3–9PM'], ['Wednesday', '3–9PM'], ['Thursday', '3–9PM'], ['Friday', '3–11PM'], ['Saturday', '3–11PM']]"
0x80c8c4f91a330a3b:0x6eede9bef37bdc75,Sakana Sushi,"Sakana Sushi, 3949 S Maryland Pkwy, Las Vegas, NV 89119",36.1171656,-115.13843519999999,"['Sushi restaurant', 'Asian fusion restaurant', 'Buffet restaurant', 'Japanese curry restaurant']",4.7,1427,$$,"[['Saturday', '11AM–12AM'], ['Sunday', '11AM–12AM'], ['Monday', '11AM–12AM'], ['Tuesday', '11AM–12AM'], ['Wednesday', '11AM–12AM'], ['Thursday', '11AM–12AM'], ['Friday', '11AM–12AM']]"
0x80994735a511e667:0xdaad09fad391326,Sushi Sake,"Sushi Sake, 345 N Virginia St, Reno, NV 89501",39.5287886,-119.8143539,"['Sushi restaurant', 'Japanese curry restaurant']",4.1,26,,"[['Saturday', '4–10PM'], ['Sunday', 'Closed'], ['Monday', 'Closed'], ['Tuesday', '4–9PM'], ['Wednesday', '4–9PM'], ['Thursday', '4–9PM'], ['Friday', '4–10PM']]"
0x80c8c5039fe641b7:0x75088f094bc998a4,Hana Ramen,"Hana Ramen, 5715 S Eastern Ave #104, Las Vegas, NV 89119",36.0855056,-115.1194233,"['Ramen restaurant', 'Japanese restaurant', 'Restaurant']",4.7,128,,"[['Saturday', '12–10PM'], ['Sunday', '12–10PM'], ['Monday', '11AM–10PM'], ['Tuesday', '11AM–10PM'], ['Wednesday', '11AM–10PM'], ['Thursday', '11AM–10PM'], ['Friday', '11AM–10PM']]"
0x80c8c514413b48db:0x58bc35f3895c6b0,Sushi King Las Vegas,"Sushi King Las Vegas, 3430 E Tropicana Ave #30, Las Vegas, NV 89121",36.101833,-115.10045629999999,['Japanese restaurant'],4.7,98,,"[['Saturday', '10–10:01PM'], ['Sunday', 'Closed'], ['Monday', 'Closed'], ['Tuesday', 'Closed'], ['Wednesday', 'Closed'], ['Thursday', 'Closed'], ['Friday', 'Closed']]"
0x80c8e953ca622f67:0x95e66163e6889cff,Namba Sushi,"Namba Sushi, 2760 Deer Springs Way #101, North Las Vegas, NV 89084",36.2842123,-115.178865,"['Authentic Japanese restaurant', 'Japanese restaurant', 'Sushi restaurant']",4.0,67,,"[['Friday', '11:30AM–10:30PM'], ['Saturday', '11:30AM–10:30PM'], ['Sunday', '11:30AM–10PM'], ['Monday', '11:30AM–10PM'], ['Tuesday', '11:30AM–10PM'], ['Wednesday', '11:30AM–10PM'], ['Thursday', '11:30AM–10PM']]"
0x80c8c7f2b64ca637:0x4de6789c31682763,Ohjah noodle house,"Ohjah noodle house, 7150 S Durango Dr #190, Las Vegas, NV 89113",36.0576484,-115.27853499999999,['Japanese restaurant'],4.4,55,,"[['Friday', '11AM–10PM'], ['Saturday', '11AM–10PM'], ['Sunday', '11AM–10PM'], ['Monday', '11AM–10:30PM'], ['Tuesday', '11AM–10PM'], ['Wednesday', '11AM–10PM'], ['Thursday', '11AM–10PM']]"
0x80c8c3a105897677:0xf5b52eaa7c65d538,California Noodle House,"California Noodle House, 12 E Ogden Ave, Las Vegas, NV 89101",36.173057199999995,-115.1450046,"['Chinese restaurant', 'Japanese restaurant', 'Noodle shop', 'Thai restaurant', 'Vietnamese restaurant']",4.3,93,,"[['Friday', '4–11PM'], ['Saturday', '4–11PM'], ['Sunday', '4–10PM'], ['Monday', '4–10PM'], ['Tuesday', '4–10PM'], ['Wednesday', '4–10PM'], ['Thursday', '4–10PM']]"
0x80c8c53eed39abbb:0x1f7f449edb3a6361,Sushi Cruise,"Sushi Cruise, 2625 E Tropicana Ave, Las Vegas, NV 89121",36.0993081,-115.1142012,"['Restaurant', 'Authentic Japanese restaurant', 'Japanese restaurant']",4.4,208,$$,"[['Friday', '11:30AM–10PM'], ['Saturday', '11:30AM–10PM'], ['Sunday', '11:30AM–10PM'], ['Monday', '11:30AM–10PM'], ['Tuesday', '11:30AM–10PM'], ['Wednesday', '11:30AM–10PM'], ['Thursday', '11:30AM–10PM']]"
0x80c8c00032f107a1:0xcb647d723873e807,Naka Sushi Restaurant,"Naka Sushi Restaurant, 8540 W Lake Mead Blvd, Las Vegas, NV 89128",36.1997238,-115.2793229,"['Sushi restaurant', 'Asian restaurant', 'Japanese restaurant']",4.6,424,$$,"[['Friday', '5–9PM'], ['Saturday', '5–9PM'], ['Sunday', '5–9PM'], ['Monday', '5–9PM'], ['Tuesday', 'Closed'], ['Wednesday', '5–9PM'], ['Thursday', '5–9PM']]"
0x80c8c5cf8bab3ecd:0xd07afbf031566bdd,KUMI Japanese Restaurant + Bar,"KUMI Japanese Restaurant + Bar, 3950 S Las Vegas Blvd, Las Vegas, NV 89119",36.0914764,-115.1765935,['Japanese restaurant'],4.3,335,,"[['Friday', '6PM–12AM'], ['Saturday', '6PM–12AM'], ['Sunday', '6PM–12AM'], ['Monday', 'Closed'], ['Tuesday', 'Closed'], ['Wednesday', 'Closed'], ['Thursday', '6PM–12AM']]"
0x80c8c5fa14cfd5b9:0x2b5fb4f4da976d73,Kabuki Japanese Restaurant,"Kabuki Japanese Restaurant, 6605 S Las Vegas Blvd Suite 147, Las Vegas, NV 89119",36.0676136,-115.1779313,"['Japanese restaurant', 'Asian restaurant', 'Sushi restaurant']",4.6,738,$$,"[['Thursday', '11AM–8:30PM'], ['Friday', '11AM–9:30PM'], ['Saturday', '11AM–9:30PM'], ['Sunday', '11AM–8:30PM'], ['Monday', '11AM–8:30PM'], ['Tuesday', '11AM–8:30PM'], ['Wednesday', '11AM–8:30PM']]"
0x80c8c6978581e5dd:0x1bd54677795b41e,Oodle Noodle,"Oodle Noodle, 4449 W Flamingo Rd, Las Vegas, NV 89103",36.1147306,-115.2013333,"['Udon noodle restaurant', 'Japanese restaurant']",4.7,226,$$,"[['Thursday', '11:30AM–10PM'], ['Friday', '11:30AM–2AM'], ['Saturday', '11:30AM–2AM'], ['Sunday', '11:30AM–2AM'], ['Monday', '11:30AM–10PM'], ['Tuesday', '11:30AM–10PM'], ['Wednesday', '11:30AM–10PM']]"
0x80c8bf83c86d15cf:0x78af2f7468eb082d,Omy sushi,"Omy sushi, 1000 S Rampart Blvd #16, Las Vegas, NV 89145",36.1604173,-115.28967569999999,['Japanese restaurant'],3.9,135,,"[['Thursday', '11AM–10PM'], ['Friday', '11AM–10PM'], ['Saturday', '11AM–10PM'], ['Sunday', '11AM–10PM'], ['Monday', '11AM–10PM'], ['Tuesday', '11AM–10PM'], ['Wednesday', '11AM–10PM']]"
0x80c8c6d206a9047f:0xe23616e8ffe359e8,Hachi - Japanese Yakitori Izakaya,"Hachi - Japanese Yakitori Izakaya, 3410 S Jones Blvd, Las Vegas, NV 89146",36.1277131,-115.2246479,['Japanese restaurant'],4.7,328,$$,"[['Thursday', '5:30PM–2AM'], ['Friday', '5:30PM–2AM'], ['Saturday', '5:30PM–2AM'], ['Sunday', '5:30PM–2AM'], ['Monday', '5:30PM–2AM'], ['Tuesday', '5:30PM–2AM'], ['Wednesday', '5:30PM–2AM']]"
0x80c8ebe9f5618457:0xc45eed5ba368f02d,Geisha House Steak & Sushi,"89131 Nevada, Las Vegas, N Decatur Blvd, Geisha House Steak & Sushi",36.2796796,-115.20620389999999,"['Japanese restaurant', 'Asian restaurant', 'Japanese steakhouse', 'Restaurant', 'Seafood restaurant', 'Steak house', 'Sushi restaurant']",4.3,778,$$,"[['Thursday', '11:30AM–9PM'], ['Friday', '11:30AM–9PM'], ['Saturday', '11:30AM–9PM'], ['Sunday', '11:30AM–9PM'], ['Monday', '11:30AM–9PM'], ['Tuesday', '11:30AM–9PM'], ['Wednesday', '11:30AM–9PM']]"
0x80c8934d8b8a1f33:0x667171adc051dc3c,Krazy Sushi,"Krazy Sushi, 7160 N Durango Dr Suite 140, Las Vegas, NV 89149",36.2915022,-115.286991,"['Japanese restaurant', 'Asian restaurant', 'Sushi restaurant']",4.1,478,$$,"[['Thursday', '11:30AM–10PM'], ['Friday', '11:30AM–10PM'], ['Saturday', '11:30AM–10PM'], ['Sunday', '11:30AM–10PM'], ['Monday', '11:30AM–10PM'], ['Tuesday', '11:30AM–10PM'], ['Wednesday', '11:30AM–10PM']]"
0x80c8bf6fa2f35295:0xc6937f0845bf07e3,Teriyaki Madness,"Teriyaki Madness, 9151 W Sahara Ave Ste 104, Las Vegas, NV 89117",36.144027699999995,-115.29723229999999,"['Asian fusion restaurant', 'Caterer', 'Fast food restaurant', 'Gluten-free restaurant', 'Japanese restaurant', 'Restaurant']",4.3,317,$,"[['Wednesday', '10AM–9:30PM'], ['Thursday', '10AM–9:30PM'], ['Friday', '10AM–9:30PM'], ['Saturday', '10AM–9:30PM'], ['Sunday', '10AM–9:30PM'], ['Monday', '10AM–9:30PM'], ['Tuesday', '10AM–9:30PM']]"
0x80c8c5ce3a117ac1:0x8b2532b65d7cad44,Rice & Company,"Rice & Company, 3900 S Las Vegas Blvd, Las Vegas, NV 89119",36.0950274,-115.17598799999999,"['Pan-Asian restaurant', 'Asian fusion restaurant', 'Asian restaurant', 'Chinese restaurant', 'Japanese restaurant', 'Sushi restaurant']",4.1,317,$$$,"[['Wednesday', '5–10PM'], ['Thursday', '5–10PM'], ['Friday', '5–10PM'], ['Saturday', '5–10PM'], ['Sunday', '5–10PM'], ['Monday', '5–10PM'], ['Tuesday', '5–10PM']]"
0x80c8c46ccb7676b3:0x20ef9f4458d0b021,Yama Sushi The Strip,"Yama Sushi The Strip, 3049 S Las Vegas Blvd #20, Las Vegas, NV 89109",36.1319051,-115.1637293,"['Japanese restaurant', 'Sushi restaurant']",4.5,483,$$,"[['Tuesday', '11AM–11PM'], ['Wednesday', '11AM–11PM'], ['Thursday', '11AM–11PM'], ['Friday', '11AM–11PM'], ['Saturday', '11AM–11PM'], ['Sunday', '11AM–11PM'], ['Monday', '11AM–11PM']]"
0x80c8c436601f9d37:0xe58316c12b57c3f8,Koi | Las Vegas,"Koi | Las Vegas, 3667 Las Vegas Blvd S, Las Vegas, NV 89109",36.110521999999996,-115.172247,"['Japanese restaurant', 'Asian restaurant', 'Lounge', 'Restaurant', 'Sushi restaurant']",4.1,216,$$$,"[['Tuesday', 'Closed'], ['Wednesday', '5–10PM'], ['Thursday', '5–10PM'], ['Friday', '5–10PM'], ['Saturday', '5–10PM'], ['Sunday', '5–10PM'], ['Monday', 'Closed']]"
0x80c8da8627e5f537:0x64a2a4bac24c2237,Sushi Twister,"Sushi Twister, 5566 Boulder Hwy, Las Vegas, NV 89122",36.100722399999995,-115.0525993,"['Sushi restaurant', 'Asian restaurant', 'Japanese restaurant', 'Restaurant', 'Seafood restaurant']",4.6,1158,$$,"[['Tuesday', '11:30AM–11PM'], ['Wednesday', '11:30AM–11PM'], ['Thursday', '11:30AM–11PM'], ['Friday', '11:30AM–11PM'], ['Saturday', '12–11PM'], ['Sunday', '12–11PM'], ['Monday', '11:30AM–11PM']]"
0x80c8dad38c6552c3:0x3d19d64311c80757,Sushi Hero,"89121 Nevada, Las Vegas, E Flamingo Rd, Sushi Hero",36.115976599999996,-115.0900977,"['Sushi restaurant', 'Japanese restaurant']",4.5,515,$$,"[['Tuesday', '11:30AM–10PM'], ['Wednesday', '11:30AM–10PM'], ['Thursday', '11:30AM–10PM'], ['Friday', '11:30AM–10PM'], ['Saturday', '11:30AM–11PM'], ['Sunday', '11:30AM–10PM'], ['Monday', '11:30AM–10PM']]"
0x80c8c7f3850337a9:0x5ab39a4a1d2ffc1e,Teriyaki Madness,"Teriyaki Madness, 8520 W Warm Springs Rd Ste 102, Las Vegas, NV 89148",36.0559687,-115.27746219999999,"['Asian fusion restaurant', 'Caterer', 'Fast food restaurant', 'Gluten-free restaurant', 'Japanese restaurant', 'Restaurant']",4.3,298,$,"[['Monday', '10:30AM–9:30PM'], ['Tuesday', '10:30AM–9:30PM'], ['Wednesday', '10:30AM–9:30PM'], ['Thursday', '10:30AM–9:30PM'], ['Friday', '10:30AM–9:30PM'], ['Saturday', '10:30AM–9:30PM'], ['Sunday', '11AM–9PM']]"
0x80c8c7749f5be803:0xe452a450df34718c,Kame Omakase,"Kame Omakase, 3616 W Spring Mountain Rd Ste 103, Las Vegas, NV 89102",36.1268569,-115.18820609999999,"['Japanese restaurant', 'Authentic Japanese restaurant', 'Kaiseki restaurant']",4.8,117,,"[['Monday', '5–11PM'], ['Tuesday', '5–11PM'], ['Wednesday', '5–11PM'], ['Thursday', '5–11PM'], ['Friday', '5–11PM'], ['Saturday', '5–11PM'], ['Sunday', '5–11PM']]"
0x8099148c581a54dd:0x3bfe37160a1ade9a,Wasabi Sushi Reno,"Wasabi Sushi Reno, 13963 S Virginia St #900, Reno, NV 89511",39.4028014,-119.7487536,"['Sushi restaurant', 'Asian restaurant', 'Japanese restaurant']",3.6,258,$$,"[['Monday', '11AM–9PM'], ['Tuesday', '11AM–9PM'], ['Wednesday', '11AM–9PM'], ['Thursday', '11AM–9PM'], ['Friday', '11AM–9:30PM'], ['Saturday', '11AM–9:30PM'], ['Sunday', '11AM–9PM']]"
0x809940769a58b821:0xe7e9b172030b922d,Ijji 2,"Ijji 2, 4955 S Virginia St, Reno, NV 89502",39.4809972,-119.7926389,"['Sushi restaurant', 'Japanese restaurant']",4.4,1272,$$,"[['Sunday', '11AM–10PM'], ['Monday', '11AM–10PM'], ['Tuesday', '11AM–10PM'], ['Wednesday', '11AM–10PM'], ['Thursday', '11AM–10PM'], ['Friday', '11AM–10PM'], ['Saturday', '11AM–10PM']]"
0x80c8c6a5a16e1ca1:0x31668306ee4cc1c5,Ichiza,"Ichiza, 4355 W Spring Mountain Rd, Las Vegas, NV 89102",36.125892199999996,-115.1978781,['Japanese restaurant'],4.5,494,$$,"[['Sunday', '5PM–1AM'], ['Monday', '5PM–1AM'], ['Tuesday', '5PM–1AM'], ['Wednesday', '5PM–1AM'], ['Thursday', '5PM–1AM'], ['Friday', '5PM–1AM'], ['Saturday', '5PM–1AM']]"
0x80c92b3435f31731:0xd2c5ce28d55ded06,Momo Sushi,"Momo Sushi, 561 Hotel Plaza, Boulder City, NV 89005",35.9772131,-114.8362622,"['Sushi restaurant', 'Asian fusion restaurant', 'Asian restaurant', 'Fusion restaurant', 'Authentic Japanese restaurant', 'Japanese regional restaurant', 'Japanese restaurant', 'Restaurant', 'Seafood restaurant']",4.7,195,$$,"[['Sunday', '11:30AM–2:30PM'], ['Monday', 'Closed'], ['Tuesday', '11:30AM–2:30PM'], ['Wednesday', '11:30AM–2:30PM'], ['Thursday', '11:30AM–2:30PM'], ['Friday', '11:30AM–2:30PM'], ['Saturday', '11:30AM–2:30PM']]"
0x80c8ce38a3d3a717:0xaa390c9c56708ea9,Monta Chaya Ramen,"〒89123 Nevada, Las Vegas, S Eastern Ave, Monta Chaya Ramen",36.0191006,-115.11693149999999,"['Japanese restaurant', 'Restaurant']",4.5,128,$,"[['Sunday', '5–11PM'], ['Monday', '5–11PM'], ['Tuesday', '5–11PM'], ['Wednesday', '5–11PM'], ['Thursday', '5–11PM'], ['Friday', '5–11PM'], ['Saturday', '5–11PM']]"
0x80c8c763a24a1339:0x75dd347a7facbde3,Kura Revolving Sushi Bar,"Kura Revolving Sushi Bar, 4258 Spring Mountain Rd #108, Las Vegas, NV 89102",36.1266524,-115.1970935,"['Conveyor belt sushi restaurant', 'Japanese restaurant', 'Sushi restaurant']",4.4,442,$$,"[['Sunday', '11:30AM–9PM'], ['Monday', '11:30AM–9PM'], ['Tuesday', '11:30AM–9PM'], ['Wednesday', '11:30AM–9PM'], ['Thursday', '11:30AM–9PM'], ['Friday', '11:30AM–10PM'], ['Saturday', '11:30AM–10PM']]"
0x80c8ce5e42b55c0b:0x10b72b25af2e643d,Teriyaki Madness,"Teriyaki Madness, 9845 S Maryland Pkwy Ste C, Las Vegas, NV 89183",36.010687499999996,-115.1371278,"['Asian fusion restaurant', 'Caterer', 'Fast food restaurant', 'Gluten-free restaurant', 'Japanese restaurant', 'Restaurant']",4.0,253,$,"[['Sunday', '11AM–9:30PM'], ['Monday', '10AM–9:30PM'], ['Tuesday', '10AM–9:30PM'], ['Wednesday', '10AM–9:30PM'], ['Thursday', '10AM–9:30PM'], ['Friday', '10AM–9:30PM'], ['Saturday', '11AM–9:30PM']]"
0x80c8db6205d14239:0x331d4769598eb55f,Hibachi Grill and Supreme Buffet,"Hibachi Grill and Supreme Buffet, Nellis Plaza, 313 N Nellis Blvd, Las Vegas, NV 89110",36.1674365,-115.0637397,"['Japanese restaurant', 'Restaurant']",4.0,1375,$,"[['Saturday', '10:30AM–9:30PM'], ['Sunday', '10:30AM–9:30PM'], ['Monday', '10:30AM–9:30PM'], ['Tuesday', '10:30AM–9:30PM'], ['Wednesday', '10:30AM–9:30PM'], ['Thursday', '10:30AM–9:30PM'], ['Friday', '10:30AM–9:30PM']]"
0x80c8dd74f3c31b3d:0xd1b77b20e5fd3bd4,Sarku Japan,"Sarku Japan, Nellis Main Exchange Space #FDD08, 5691 Rickenbacker Rd, Nellis AFB, NV 89191",36.2343699,-115.0510523,"['Japanese restaurant', 'Fast food restaurant', 'Restaurant', 'Sushi restaurant', 'Teppanyaki restaurant']",4.1,18,$,"[['Saturday', '10AM–7PM'], ['Sunday', '10AM–6PM'], ['Monday', '10AM–7PM'], ['Tuesday', '10AM–7PM'], ['Wednesday', '10AM–7PM'], ['Thursday', '10AM–7PM'], ['Friday', '10AM–7PM']]"
0x80c6379ff22e9561:0xaffaa635c79a695a,Ohjah Japanese Steakhouse,"Ohjah Japanese Steakhouse, 20 NV-160, Pahrump, NV 89048",36.2193189,-115.9954714,"['Teppanyaki restaurant', 'Asian restaurant', 'Japanese restaurant', 'Japanese steakhouse', 'Sushi restaurant']",4.3,698,$$,"[['Saturday', '12–8:30PM'], ['Sunday', '12–8:30PM'], ['Monday', '12–8:30PM'], ['Tuesday', 'Closed'], ['Wednesday', '12–8:30PM'], ['Thursday', '12–8:30PM'], ['Friday', '12–8:30PM']]"
0x80c8c45293f5bd29:0x20cece53aad3e9e4,Kaizen Fusion Roll & Sushi,"Kaizen Fusion Roll & Sushi, 4480 Paradise Rd #900, Las Vegas, NV 89109",36.1090278,-115.1509889,"['Sushi restaurant', 'Asian restaurant', 'Bar', 'Japanese restaurant']",4.5,728,$$,"[['Saturday', '12PM–12AM'], ['Sunday', '12–11PM'], ['Monday', '12–11PM'], ['Tuesday', '12–11PM'], ['Wednesday', '12–11PM'], ['Thursday', '12–10PM'], ['Friday', '12PM–12AM']]"
0x80c8c661e6def889:0x5a243ed2c55e9945,Sushi House Goyemon,"Sushi House Goyemon, 5255 S Decatur Blvd #118, Las Vegas, NV 89118",36.0950947,-115.2088502,"['Asian restaurant', 'Japanese restaurant', 'Restaurant', 'Sushi restaurant']",4.4,938,$$,"[['Saturday', '12–11PM'], ['Sunday', '12–11PM'], ['Monday', '12–11PM'], ['Tuesday', '12–11PM'], ['Wednesday', '12–11PM'], ['Thursday', '12–11PM'], ['Friday', '12–11PM']]"
0x80993900225e6f41:0xc38a81dbae564ac6,CJ Palace,"CJ Palace, 129 Los Altos Pkwy #119, Sparks, NV 89436",39.5819444,-119.7427778,"['Chinese restaurant', 'Asian restaurant', 'Japanese restaurant', 'Sushi restaurant']",4.5,458,$$,"[['Friday', '11AM–9:30PM'], ['Saturday', '11AM–9:30PM'], ['Sunday', '11AM–9PM'], ['Monday', 'Closed'], ['Tuesday', '11AM–9:30PM'], ['Wednesday', '11AM–9:30PM'], ['Thursday', '11AM–9:30PM']]"
0x80c8c5cff7856bbf:0x5c07a9ed56d53fbd,Mizuya Sushi/Sake,"Mizuya Sushi/Sake, 3950 S Las Vegas Blvd, Mandalay Bay Rd, Las Vegas, NV 89109",36.091888,-115.176278,"['Sushi restaurant', 'Japanese restaurant']",4.1,298,,"[['Friday', '11:30AM–9:30PM'], ['Saturday', '11:30AM–9:30PM'], ['Sunday', '11:30AM–9:30PM'], ['Monday', '11:30AM–9:30PM'], ['Tuesday', '11:30AM–9:30PM'], ['Wednesday', '11:30AM–9:30PM'], ['Thursday', '11:30AM–9:30PM']]"
0x809940793b7d2add:0xa3d51236e60973ab,Sky Terrace Sushi Bar,"Sky Terrace Sushi Bar, 3800 S Virginia St, Reno, NV 89502",39.4884744,-119.79480199999999,"['Restaurant', 'Bar', 'Japanese restaurant', 'Sushi restaurant']",4.4,1326,$$,"[['Friday', '11AM–11:30PM'], ['Saturday', '11AM–11PM'], ['Sunday', '11AM–10PM'], ['Monday', '11AM–10PM'], ['Tuesday', '11AM–10PM'], ['Wednesday', '11AM–10PM'], ['Thursday', '11AM–10PM']]"
0x80994735bc679edd:0x80da764d76d0dbf7,Tokyo Sushi,"Tokyo Sushi, 1999 S Virginia St, Reno, NV 89502",39.504937399999996,-119.80310659999999,"['Restaurant', 'Japanese inn', 'Sushi restaurant', 'Sushi takeaway']",4.4,1293,,
0x80c8c8789e9b7737:0x2ccd77c0e55fb510,Zen Curry House Express,"Zen Curry House Express, 7835 S Rainbow Blvd #9, Las Vegas, NV 89139",36.0454881,-115.24412509999999,['Japanese curry restaurant'],4.5,168,$,"[['Thursday', '11AM–10PM'], ['Friday', '11AM–10PM'], ['Saturday', '11AM–10PM'], ['Sunday', '11AM–10PM'], ['Monday', '11AM–10PM'], ['Tuesday', '11AM–10PM'], ['Wednesday', '11AM–10PM']]"
0x80c8d19f9dba923b:0x66df7bb40dca8d68,Teriyaki Madness,"Teriyaki Madness, 43 S Stephanie St Ste 160, Henderson, NV 89012",36.0274328,-115.04925259999999,"['Asian fusion restaurant', 'Caterer', 'Fast food restaurant', 'Gluten-free restaurant', 'Japanese restaurant', 'Restaurant']",4.0,246,$,"[['Thursday', '10AM–9PM'], ['Friday', '10AM–9PM'], ['Saturday', '10AM–9PM'], ['Sunday', '10AM–9PM'], ['Monday', '10AM–9PM'], ['Tuesday', '10AM–9PM'], ['Wednesday', '10AM–9PM']]"
0x80c8c754b75dec6f:0xcb501a94935ac8fb,Naked Fish's Sushi & Grill,"Naked Fish's Sushi & Grill, 3945 S Durango Dr # A6, Las Vegas, NV 89147",36.119189,-115.2797301,"['Japanese restaurant', 'Authentic Japanese restaurant']",4.7,375,$$,"[['Thursday', '5–10PM'], ['Friday', '5–10PM'], ['Saturday', '5–10PM'], ['Sunday', '5–10PM'], ['Monday', '5–10PM'], ['Tuesday', '5–10PM'], ['Wednesday', '5–10PM']]"
0x80c8c6be072e6e15:0x7f17958d8763bfd8,JINYA Ramen Bar - Flamingo,"JINYA Ramen Bar - Flamingo, 4860 W Flamingo Rd, Las Vegas, NV 89103",36.1157508,-115.2068401,"['Restaurant', 'Asian restaurant', 'Japanese restaurant', 'Ramen restaurant']",4.5,1948,$$,"[['Thursday', '11:30AM–11:30PM'], ['Friday', '11:30AM–11:30PM'], ['Saturday', '11:30AM–11:30PM'], ['Sunday', '11:30AM–11:30PM'], ['Monday', '11:30AM–11:30PM'], ['Tuesday', '11:30AM–11:30PM'], ['Wednesday', '11:30AM–11:30PM']]"
0x80c8c6b7bf83eebb:0xd0899e1ea61c1aff,Sushi Neko,"Sushi Neko, 5115 W Spring Mountain Rd #117, Las Vegas, NV 89146",36.1254999,-115.2117002,"['Sushi restaurant', 'Asian restaurant', 'Buffet restaurant', 'Japanese restaurant']",4.6,1238,$$,"[['Thursday', '11AM–12AM'], ['Friday', '11AM–12AM'], ['Saturday', '11AM–12AM'], ['Sunday', '11AM–12AM'], ['Monday', '11AM–12AM'], ['Tuesday', '11AM–12AM'], ['Wednesday', '11AM–12AM']]"
0x80c8c03cd3f7fee3:0x4be6d9f218ba92b1,Teriyaki Madness,"Teriyaki Madness, 7481 W Lake Mead Blvd Ste 120, Las Vegas, NV 89128",36.1955725,-115.25677569999999,"['Asian fusion restaurant', 'Caterer', 'Fast food restaurant', 'Gluten-free restaurant', 'Japanese restaurant', 'Restaurant']",4.3,318,$,"[['Wednesday', '10AM–9:30PM'], ['Thursday', '10AM–9:30PM'], ['Friday', '10AM–9:30PM'], ['Saturday', '10AM–9:30PM'], ['Sunday', '10AM–9:30PM'], ['Monday', '10AM–9:30PM'], ['Tuesday', '10AM–9:30PM']]"
0x80c8c7c528f24199:0x44968fca5d926750,Japaneiro asian infusion,"Japaneiro asian infusion, 7315 W Warm Springs Rd, Las Vegas+1, NV 89113",36.0549507,-115.2511138,"['Asian fusion restaurant', 'Japanese restaurant']",4.7,128,$$,"[['Wednesday', '6PM–3AM'], ['Thursday', '6PM–3AM'], ['Friday', '6PM–3AM'], ['Saturday', '6PM–3AM'], ['Sunday', '6PM–3AM'], ['Monday', '6PM–3AM'], ['Tuesday', '6PM–3AM']]"
0x80c8c445162b9aed:0x834d0d5faf7d4d44,Musashi Japanese Steakhouse,"Musashi Japanese Steakhouse, 3900 Paradise Rd W, Las Vegas, NV 89169",36.1177399,-115.1545165,['Japanese restaurant'],4.6,828,$$,"[['Wednesday', '5PM–1AM'], ['Thursday', '5PM–1AM'], ['Friday', '5PM–1AM'], ['Saturday', '5PM–1AM'], ['Sunday', '5PM–1AM'], ['Monday', '5PM–1AM'], ['Tuesday', '5PM–1AM']]"
0x809939001327ea59:0x25d4b744ff12c0a8,Tha Joint Sushi & Grill,"Tha Joint Sushi & Grill, 222 Los Altos Pkwy, Sparks, NV 89436",39.58454,-119.74147099999999,"['Sushi restaurant', 'Asian restaurant', 'Japanese restaurant']",4.5,848,$$,"[['Tuesday', '11AM–9PM'], ['Wednesday', '11AM–9PM'], ['Thursday', '11AM–9PM'], ['Friday', '11AM–9PM'], ['Saturday', '11AM–9PM'], ['Sunday', '11AM–9PM'], ['Monday', '11AM–9PM']]"
0x80c8c6b70b157763:0x43618037c7dba25,Zen Curry House,"Zen Curry House, 5020 Spring Mountain Rd #1, Las Vegas, NV 89146",36.1267953,-115.2094235,"['Japanese curry restaurant', 'Restaurant']",4.7,823,$,"[['Monday', '11AM–11PM'], ['Tuesday', '11AM–11PM'], ['Wednesday', '11AM–11PM'], ['Thursday', '11AM–11PM'], ['Friday', '11AM–12AM'], ['Saturday', '11AM–12AM'], ['Sunday', '11AM–11PM']]"
0x80a63cb37bf9725f:0xc5ee78accdd306cc,Himiko Sushi and Steak House,"Himiko Sushi and Steak House, 780 W Silver St #108, Elko, NV 89801",40.8259468,-115.77278129999999,"['Sushi restaurant', 'Buffet restaurant', 'Fine dining restaurant', 'Japanese restaurant']",4.0,578,$$$,"[['Monday', '11AM–9PM'], ['Tuesday', '11AM–9PM'], ['Wednesday', '11AM–9PM'], ['Thursday', '11AM–9PM'], ['Friday', '11AM–10PM'], ['Saturday', '11AM–10PM'], ['Sunday', '11AM–9PM']]"
0x80c8c6b75f8f4f83:0x3383181529928de4,Gyu-Kaku Japanese BBQ,"Gyu-Kaku Japanese BBQ, 3550 S Decatur Blvd, Las Vegas, NV 89103",36.125236699999995,-115.20760999999999,"['Japanese restaurant', 'Bar', 'Barbecue restaurant', 'Kushiyaki restaurant', 'Tapas restaurant']",4.5,873,$$,"[['Monday', '12–9PM'], ['Tuesday', '12–9PM'], ['Wednesday', '12–9PM'], ['Thursday', '12–9PM'], ['Friday', '12–9PM'], ['Saturday', '12–9PM'], ['Sunday', '12–9PM']]"
0x80c8c7c4d77fa21f:0x8e6b4a0c76d890f6,Volcano Grille,"Volcano Grille, 7150 S Durango Dr, Las Vegas, NV 89113",36.0581853,-115.27846459999999,"['Japanese restaurant', 'Asian fusion restaurant', 'Asian restaurant', 'Fast food restaurant', 'Health food restaurant', 'Japanese steakhouse', 'Physical fitness program', 'Seafood restaurant']",4.4,347,$$,"[['Saturday', '11AM–11PM'], ['Sunday', '11AM–11PM'], ['Monday', '11AM–11PM'], ['Tuesday', '11AM–11PM'], ['Wednesday', '11AM–11PM'], ['Thursday', '11AM–11PM'], ['Friday', '11AM–11PM']]"
0x54910105ff1bf5b7:0x7a8f17cf3faad480,Samurai Sam's,"Samurai Sam's, 4175 S Grand Canyon Dr Ste 103, Las Vegas, NV 89147",36.1139161,-115.307389,"['Japanese restaurant', 'Asian fusion restaurant', 'Asian restaurant', 'Chinese restaurant', 'Fast food restaurant', 'Food court', 'Noodle shop', 'Salad shop', 'Thai restaurant']",4.3,124,$,"[['Saturday', '11AM–7PM'], ['Sunday', '11AM–7PM'], ['Monday', '11AM–8PM'], ['Tuesday', '11AM–8PM'], ['Wednesday', '11AM–8PM'], ['Thursday', '11AM–8PM'], ['Friday', '11AM–8PM']]"
0x80c8cfd126f9574b:0x1eb6909342932b8f,Ohjah Japanese Steakhouse,"Ohjah Japanese Steakhouse, 239 N Pecos Rd, Henderson, NV 89074",36.0446792,-115.1007168,"['Japanese steakhouse', 'Restaurant']",4.6,718,$$,"[['Saturday', '3–11PM'], ['Sunday', '3–11PM'], ['Monday', '3–11PM'], ['Tuesday', '3–11PM'], ['Wednesday', '3–11PM'], ['Thursday', '3–11PM'], ['Friday', '3–11PM']]"
0x80c8ce2ba14e67d9:0xf0dd3bdd1d41e9d,Teriyaki Madness,"Teriyaki Madness, 2548 Wigwam Pkwy Ste 150, Henderson, NV 89074",36.0353464,-115.0981946,"['Asian fusion restaurant', 'Caterer', 'Fast food restaurant', 'Gluten-free restaurant', 'Japanese restaurant', 'Restaurant']",4.2,236,$,"[['Saturday', '10AM–9PM'], ['Sunday', '10AM–9PM'], ['Monday', '10AM–9PM'], ['Tuesday', '10AM–9PM'], ['Wednesday', '10AM–9PM'], ['Thursday', '10AM–9PM'], ['Friday', '10AM–9PM']]"
0x80c8c3f778adee8b:0x55178010b102efe6,Jaburritos Sushi Burritos,"Jaburritos Sushi Burritos, 6090 S Rainbow Blvd #2, Las Vegas, NV 89118",36.0780835,-115.2420377,"['Sushi restaurant', 'Asian fusion restaurant', 'Burrito restaurant', 'Japanese restaurant', 'Mexican restaurant', 'Restaurant']",4.6,548,$$,"[['Saturday', 'Closed'], ['Sunday', 'Closed'], ['Monday', '11AM–8PM'], ['Tuesday', '11AM–8PM'], ['Wednesday', '11AM–8PM'], ['Thursday', '11AM–8PM'], ['Friday', '11AM–8PM']]"
0x80c8c6baa6a49481:0xb44f1bb8ee3f8e6f,Ramen Sora,"Ramen Sora, 4490 Spring Mountain Rd, Las Vegas, NV 89102",36.1265444,-115.2017917,"['Ramen restaurant', 'Japanese restaurant', 'Restaurant']",4.6,1787,$,"[['Saturday', '11:30AM–10:30PM'], ['Sunday', '11:30AM–10:30PM'], ['Monday', '11:30AM–10:30PM'], ['Tuesday', '11:30AM–10:30PM'], ['Wednesday', '11:30AM–10:30PM'], ['Thursday', '11:30AM–10:30PM'], ['Friday', '11:30AM–10:30PM']]"
0x80c8c7e619bb2a49:0x8020350f5bf2eafd,Nabe,"Nabe, 4545 Spring Mountain Rd #106, Las Vegas, NV 89102",36.125634999999996,-115.20248649999999,"['Hot pot restaurant', 'Japanese restaurant', 'Pan-Asian restaurant']",4.5,534,$$,"[['Saturday', '11:30AM–12AM'], ['Sunday', '11:30AM–12AM'], ['Monday', '11:30AM–12AM'], ['Tuesday', '11:30AM–12AM'], ['Wednesday', '11:30AM–12AM'], ['Thursday', '11:30AM–12AM'], ['Friday', '11:30AM–12AM']]"
0x80c8c32c0b929ce1:0xab757dcf50de0b1d,Tomi Ramen,"Tomi Ramen, 2600 W Sahara Ave #119, Las Vegas, NV 89102",36.1452393,-115.176091,"['Ramen restaurant', 'Asian restaurant', 'Japanese restaurant']",4.5,348,,"[['Saturday', '11:30AM–1AM'], ['Sunday', '11:30AM–11PM'], ['Monday', '11AM–11PM'], ['Tuesday', '11AM–11PM'], ['Wednesday', '11AM–11PM'], ['Thursday', '11AM–11PM'], ['Friday', '11AM–1AM']]"
0x80c8c430cb5147bd:0xb2da87775f9a3e70,Yellowtail Japanese Restaurant & Lounge by Akira Back,"Yellowtail Japanese Restaurant & Lounge by Akira Back, Bellagio Hotel & Casino, 3600 S Las Vegas Blvd, Las Vegas, NV 89109",36.1134985,-115.1750891,"['Japanese restaurant', 'Bar', 'Cocktail bar', 'Lounge', 'Sushi restaurant']",4.2,591,$$$$,"[['Saturday', '5–11PM'], ['Sunday', '5–10PM'], ['Monday', '5–10PM'], ['Tuesday', '5–10PM'], ['Wednesday', '5–10PM'], ['Thursday', '5–10PM'], ['Friday', '5–11PM']]"
0x80c8c416bc0c33cd:0xae532b3c42b0a497,Suki Hana,"Suki Hana, 3200 Las Vegas Blvd S Ste. 600, Las Vegas, NV 89109",36.1276931,-115.1690917,['Japanese restaurant'],3.3,38,,"[['Friday', '11AM–9PM'], ['Saturday', '11AM–9PM'], ['Sunday', '11AM–9PM'], ['Monday', '11AM–9PM'], ['Tuesday', '11AM–9PM'], ['Wednesday', '11AM–9PM'], ['Thursday', '11AM–9PM']]"
0x80c8c68c68dec951:0x7b2ae157bc739942,Sushi 21,"Sushi 21, 4965 W Tropicana Ave #102, Las Vegas, NV 89103",36.0994922,-115.2086717,"['Sushi restaurant', 'Japanese restaurant', 'Restaurant']",4.3,608,$$,"[['Friday', '11:30AM–3AM'], ['Saturday', '11:30AM–3AM'], ['Sunday', '12PM–12AM'], ['Monday', '11:30AM–2AM'], ['Tuesday', '11:30AM–2AM'], ['Wednesday', '11:30AM–2AM'], ['Thursday', '11:30AM–3AM']]"
0x80dbff941237da39:0x86822a2393a76ffb,Mr. Chopstix,"Mr. Chopstix, 6135 S Fort Apache Rd #404, Las Vegas, NV 89148",36.0763561,-115.2979731,"['Chinese restaurant', 'Japanese restaurant']",4.4,358,$,"[['Friday', '11AM–9:30PM'], ['Saturday', '11AM–9:30PM'], ['Sunday', '11AM–9:30PM'], ['Monday', 'Closed'], ['Tuesday', '11AM–9:30PM'], ['Wednesday', '11AM–9:30PM'], ['Thursday', '11AM–9:30PM']]"
0x80c8c5ad5282adf1:0x259f3f581c8f4e59,Teriyaki Madness,"Teriyaki Madness, 4503 Paradise Rd Ste 320, Las Vegas, NV 89169",36.1074839,-115.15310369999999,"['Asian fusion restaurant', 'Caterer', 'Fast food restaurant', 'Gluten-free restaurant', 'Japanese restaurant', 'Restaurant']",4.3,338,$,"[['Friday', '10AM–11PM'], ['Saturday', '10AM–11PM'], ['Sunday', '10AM–9PM'], ['Monday', '10AM–9PM'], ['Tuesday', '10AM–9PM'], ['Wednesday', '10AM–9PM'], ['Thursday', '10AM–11PM']]"
0x80c8c031fc5dacdb:0xbcbd6dbd17dd7951,Ohjah Japanese Steakhouse,"Ohjah Japanese Steakhouse, 2051 N Rainbow Blvd #102, Las Vegas, NV 89108",36.1990311,-115.24338639999999,"['Japanese restaurant', 'Asian restaurant', 'Japanese steakhouse', 'Restaurant', 'Sushi restaurant', 'Teppanyaki restaurant']",4.6,753,$$,"[['Wednesday', '3–11PM'], ['Thursday', '3–11PM'], ['Friday', '3–11PM'], ['Saturday', '3–11PM'], ['Sunday', '3–11PM'], ['Monday', '3–11PM'], ['Tuesday', '3–11PM']]"
0x80c8c3759a6b2e4b:0x11337dad7217e8b2,Bocho Sushi,"Bocho Sushi, 124 S 6th St #150, Las Vegas, NV 89101",36.1678194,-115.14029439999999,"['Japanese restaurant', 'Seafood restaurant', 'Sushi restaurant']",4.5,698,$$,"[['Wednesday', '12–8PM'], ['Thursday', '12–8PM'], ['Friday', '12–10PM'], ['Saturday', '4–10PM'], ['Sunday', 'Closed'], ['Monday', '12–8PM'], ['Tuesday', '12–8PM']]"
0x80c8e9656e2df4a5:0xd3f03f543da7930f,Sushi Tachi,"Sushi Tachi, 2745 W Centennial Pkwy # 130, North Las Vegas, NV 89084",36.2762209,-115.1779033,"['Sushi restaurant', 'Conveyor belt sushi restaurant', 'Japanese restaurant', 'Restaurant']",4.5,736,$$,"[['Wednesday', '11:30AM–11PM'], ['Thursday', '11:30AM–11PM'], ['Friday', '11:30AM–11PM'], ['Saturday', '11:30AM–11PM'], ['Sunday', '11:30AM–11PM'], ['Monday', '11:30AM–11PM'], ['Tuesday', '11:30AM–11PM']]"
0x80c8950edd928f71:0xd8c5281e554f8c22,Sushi Bomb,"89129 Nevada, Las Vegas, W Cheyenne Ave, Sushi Bomb",36.2195046,-115.32564339999999,"['Sushi restaurant', 'Asian restaurant', 'Japanese restaurant']",4.5,714,$$,"[['Tuesday', '11AM–2AM'], ['Wednesday', '11AM–2AM'], ['Thursday', '11AM–2AM'], ['Friday', '11AM–2AM'], ['Saturday', '11AM–2AM'], ['Sunday', '11:30AM–11PM'], ['Monday', '11AM–2AM']]"
0x80c8ce40ab660129:0x90d742e0b749bf79,Island Sushi & Grill,"Island Sushi & Grill, 9400 S Eastern Ave Ste 103, Las Vegas, NV 89123",36.018285999999996,-115.11790429999999,"['Sushi restaurant', 'Asian restaurant', 'Hawaiian restaurant', 'Japanese restaurant']",4.5,977,$$,"[['Tuesday', '10AM–9PM'], ['Wednesday', '10AM–9PM'], ['Thursday', '10AM–9PM'], ['Friday', '10AM–10PM'], ['Saturday', '10AM–10PM'], ['Sunday', '10AM–9PM'], ['Monday', '10AM–9PM']]"
0x80c8c6b9e517139b:0x80bea9870aec2da3,Cafe Sanuki,"Cafe Sanuki, 4821 Spring Mountain Rd Suite G, Las Vegas, NV 89102",36.1249414,-115.20760449999999,"['Udon noodle restaurant', 'Japanese restaurant', 'Ramen restaurant', 'Sushi restaurant', 'Sushi takeaway']",4.5,462,$,"[['Tuesday', '12–8PM'], ['Wednesday', '12–8PM'], ['Thursday', '12–8PM'], ['Friday', '12–9PM'], ['Saturday', '12–9PM'], ['Sunday', '12–9PM'], ['Monday', '12–8PM']]"
0x80c8c43da0aa9f47:0x4d37cbc7ae810090,OTORO Robata Grill & Sushi,"OTORO Robata Grill & Sushi, 3400 Las Vegas Blvd S, Las Vegas, NV 89109",36.121155,-115.17436719999999,['Japanese restaurant'],4.2,154,$$,"[['Tuesday', 'Closed'], ['Wednesday', 'Closed'], ['Thursday', '5–10PM'], ['Friday', '5–10PM'], ['Saturday', '5–10PM'], ['Sunday', '5–10PM'], ['Monday', 'Closed']]"
0x80994697524dff0b:0x18323730d79a5260,Sushi Rose,"Sushi Rose, 2005 Sierra Highlands Dr, Ste B147A, Reno, NV 89523",39.5347751,-119.8694457,"['Japanese restaurant', 'Asian restaurant', 'Bar', 'Sushi restaurant']",4.1,578,$$,"[['Tuesday', '11AM–8:30PM'], ['Wednesday', '11AM–8:30PM'], ['Thursday', '11AM–8:30PM'], ['Friday', '11AM–8:30PM'], ['Saturday', '11AM–8:30PM'], ['Sunday', '11AM–8:30PM'], ['Monday', '11AM–8:30PM']]"
0x80993ff4bef4015b:0xd2310d5586ce880b,Minato Sushi & Bar,"Minato Sushi & Bar, 6795 S Virginia St, Reno, NV 89511",39.4642073,-119.7833964,"['Japanese restaurant', 'Authentic Japanese restaurant', 'Korean restaurant', 'Ramen restaurant', 'Sushi restaurant', 'Udon noodle restaurant']",4.2,638,$$,"[['Tuesday', '11AM–9PM'], ['Wednesday', '11AM–9PM'], ['Thursday', '11AM–9PM'], ['Friday', '11AM–9PM'], ['Saturday', '11AM–9PM'], ['Sunday', '11AM–9PM'], ['Monday', '11AM–9PM']]"
0x80c8c414d0ac7c03:0xac737b08a68b35f8,Mizumi,"Mizumi, 3131 S Las Vegas Blvd, Las Vegas, NV 89109",36.1268396,-115.167189,['Japanese restaurant'],4.5,505,$$$,"[['Monday', 'Closed'], ['Tuesday', 'Closed'], ['Wednesday', '5:30–10PM'], ['Thursday', '5:30–10PM'], ['Friday', '5:30–10:30PM'], ['Saturday', '5:30–10:30PM'], ['Sunday', 'Closed']]"
0x80c8c416a20f9dfd:0xbfee30276967ab61,Benihana,"Benihana, 3200 S Las Vegas Blvd, Las Vegas, NV 89109",36.1273732,-115.1714829,['Japanese restaurant'],4.1,653,$$$,"[['Sunday', '11AM–11PM'], ['Monday', '11AM–11PM'], ['Tuesday', '11AM–11PM'], ['Wednesday', '11AM–11PM'], ['Thursday', '11AM–11PM'], ['Friday', '11AM–12AM'], ['Saturday', '11AM–12AM']]"
0x80c8c4141f465c7d:0x1cbbdbfe15c486eb,RA Sushi Bar Restaurant,"RA Sushi Bar Restaurant, 3200 S Las Vegas Blvd #1132, Las Vegas, NV 89109",36.1275611,-115.1687417,"['Sushi restaurant', 'Bar', 'Japanese restaurant', 'Restaurant']",4.3,1143,$$,"[['Sunday', '11AM–12AM'], ['Monday', '11AM–12AM'], ['Tuesday', '11AM–12AM'], ['Wednesday', '11AM–12AM'], ['Thursday', '11AM–12AM'], ['Friday', '11AM–1AM'], ['Saturday', '11AM–1AM']]"
0x80a600d3a87bf453:0xa00c0241728defe5,Blue Moon Asian Cuisine & Sushi Bar,"Blue Moon Asian Cuisine & Sushi Bar, 1430 Idaho St, Elko, NV 89801",40.8395959,-115.7544849,"['Japanese restaurant', 'Asian restaurant', 'Bar', 'Chinese restaurant', 'Fine dining restaurant', 'Sushi restaurant']",4.3,428,$$,"[['Sunday', '11AM–9:30PM'], ['Monday', '11AM–9:30PM'], ['Tuesday', '11AM–9:30PM'], ['Wednesday', '11AM–9:30PM'], ['Thursday', '11AM–9:30PM'], ['Friday', '11AM–9:30PM'], ['Saturday', '11AM–9:30PM']]"
0x80c8e919ac47e219:0x2a37ff487e6e22d0,Zen Curry Dining,"Zen Curry Dining, 225 W Centennial Pkwy, North Las Vegas, NV 89084",36.2761539,-115.1428632,['Japanese curry restaurant'],4.6,256,$,"[['Sunday', '11AM–10PM'], ['Monday', '11AM–10PM'], ['Tuesday', '11AM–10PM'], ['Wednesday', '11AM–10PM'], ['Thursday', '11AM–10PM'], ['Friday', '11AM–11PM'], ['Saturday', '11AM–11PM']]"
0x80c8bffd768ff3e5:0xa558aae358bb0973,VeggiEAT Xpress Las Vegas,"VeggiEAT Xpress Las Vegas, 4195 S Grand Canyon Dr Ste 104, Las Vegas, NV 89147",36.113399099999995,-115.30955089999999,"['Vegan restaurant', 'Asian fusion restaurant', 'Japanese restaurant', 'Vegetarian cafe and deli', 'Vietnamese restaurant']",4.4,38,,"[['Sunday', '11:30AM–7:30PM'], ['Monday', '11:30AM–7:30PM'], ['Tuesday', '11:30AM–7:30PM'], ['Wednesday', 'Closed'], ['Thursday', 'Closed'], ['Friday', '11:30AM–7:30PM'], ['Saturday', '11:30AM–7:30PM']]"
0x80c8c42d716e7e01:0x4b3edfe2f8454b47,Sake Rok Las Vegas,"Sake Rok Las Vegas, 3786 S Las Vegas Blvd, Las Vegas, NV 89109",36.1030556,-115.17527779999999,"['Sushi restaurant', 'Japanese restaurant', 'Restaurant']",4.3,884,$$$,
0x80c8c6b70788f811:0x8090a287886bb4a6,Raku,"Raku, 5030 Spring Mountain Rd, Las Vegas, NV 89146",36.1270386,-115.20981909999999,"['Authentic Japanese restaurant', 'Japanese confectionery shop', 'Izakaya restaurant', 'Restaurant']",4.6,1038,$$$,"[['Friday', '6PM–3AM'], ['Saturday', '6PM–3AM'], ['Sunday', 'Closed'], ['Monday', '6PM–3AM'], ['Tuesday', '6PM–3AM'], ['Wednesday', '6PM–3AM'], ['Thursday', '6PM–3AM']]"
0x80c8c43e066c37f5:0xc7cc87fa48864ca8,SUSHISAMBA Las Vegas,"SUSHISAMBA Las Vegas, 3327 S Las Vegas Blvd, Las Vegas, NV 89109",36.1245458,-115.16756559999999,"['Japanese restaurant', 'Asian restaurant', 'Bar', 'Brazilian restaurant', 'Peruvian restaurant', 'Restaurant', 'South American restaurant']",4.4,1583,$$$$,"[['Friday', '12PM–12AM'], ['Saturday', '12PM–12AM'], ['Sunday', '12–11PM'], ['Monday', '12–11PM'], ['Tuesday', '12–11PM'], ['Wednesday', '12–11PM'], ['Thursday', '12–11PM']]"
0x80c8c5cb4177ef67:0xe5a0803d28312a75,Morimoto,"Morimoto, 3799 S Las Vegas Blvd, Las Vegas, NV 89109",36.1029136,-115.1687769,['Japanese restaurant'],4.6,778,$$$$,"[['Friday', '5–10PM'], ['Saturday', '5–10PM'], ['Sunday', '5–10PM'], ['Monday', '5–10PM'], ['Tuesday', 'Closed'], ['Wednesday', 'Closed'], ['Thursday', '5–10PM']]"
0x80c8d07d841ff4bd:0x7a6c69b0945556de,Teriyaki Madness,"Teriyaki Madness, 5749 E Russell Rd, Henderson, NV 89011",36.083380399999996,-115.0473868,"['Asian fusion restaurant', 'Caterer', 'Fast food restaurant', 'Gluten-free restaurant', 'Japanese restaurant', 'Restaurant']",4.4,328,$,"[['Thursday', '10AM–9PM'], ['Friday', '10AM–9PM'], ['Saturday', '10AM–9PM'], ['Sunday', '10AM–9PM'], ['Monday', '10AM–9PM'], ['Tuesday', '10AM–9PM'], ['Wednesday', '10AM–9PM']]"
0x80c8c022d49fd647:0xe229178c34372b52,Osaka Japanese Cuisine,"Osaka Japanese Cuisine, 7511 W Lake Mead Blvd, Las Vegas, NV 89128",36.1955983,-115.2573185,"['Authentic Japanese restaurant', 'Asian fusion restaurant', 'Asian restaurant', 'Japanese restaurant', 'Sushi restaurant', 'Teppanyaki restaurant']",4.1,613,$$,"[['Thursday', '4–8PM'], ['Friday', '4–8PM'], ['Saturday', '4–8PM'], ['Sunday', '4–8PM'], ['Monday', 'Closed'], ['Tuesday', '4–8PM'], ['Wednesday', '4–8PM']]"
0x80c8d6bf2fbc47a3:0x7cffdaeebcd427ad,China A Gogo,"China A Gogo, 170 N Boulder Hwy #100, Henderson, NV 89015",36.0414624,-114.9808231,"['Chinese restaurant', 'Japanese restaurant']",4.3,344,$,"[['Thursday', '11AM–9:30PM'], ['Friday', '11AM–10PM'], ['Saturday', '11AM–10PM'], ['Sunday', '11AM–9:30PM'], ['Monday', '11AM–9:30PM'], ['Tuesday', '11AM–9:30PM'], ['Wednesday', '11AM–9:30PM']]"
0x80c8c43b67b67201:0x344a66dc717893d9,Nobu Restaurant,"Nobu Restaurant, 3570 S Las Vegas Blvd, Las Vegas, NV 89109",36.1168508,-115.1753095,['Japanese restaurant'],4.3,1171,$$$$,"[['Thursday', '5–10PM'], ['Friday', '5–10PM'], ['Saturday', '5–10PM'], ['Sunday', '5–10PM'], ['Monday', '5–10PM'], ['Tuesday', '5–10PM'], ['Wednesday', '5–10PM']]"
0x80993ed0ede9910d:0xe0b5fe6f00194680,Ijji Sushi 1,"Ijji Sushi 1, 685 E Prater Way #101, Sparks, NV 89431",39.541523,-119.73434449999999,"['Sushi restaurant', 'Asian restaurant', 'Japanese restaurant']",3.9,1006,$$,"[['Thursday', '11AM–10PM'], ['Friday', '11AM–10PM'], ['Saturday', '11AM–10PM'], ['Sunday', '11AM–10PM'], ['Monday', '11AM–10PM'], ['Tuesday', '11AM–10PM'], ['Wednesday', '11AM–10PM']]"
0x80c8c93ed7593bfd:0xf268e90e07bc0684,Kazuki Sushi,"Kazuki Sushi, 10670 Southern Highlands Pkwy #104, Las Vegas, NV 89141",35.995222999999996,-115.206747,"['Sushi restaurant', 'Japanese restaurant']",4.5,164,$$,"[['Tuesday', '11AM–10PM'], ['Wednesday', '11AM–10PM'], ['Thursday', '11AM–10PM'], ['Friday', '11AM–10PM'], ['Saturday', '11AM–10PM'], ['Sunday', 'Closed'], ['Monday', '11AM–10PM']]"
0x80c8d1aa17eb4f5b:0x22bbf2eac007fd35,Sushi Cafe,"Sushi Cafe, 237 N Stephanie St, Henderson, NV 89074",36.044633,-115.047992,"['Japanese restaurant', 'Cafe', 'Cafeteria', 'Fast food restaurant', 'Sushi restaurant']",4.4,145,$,"[['Tuesday', '11AM–9PM'], ['Wednesday', '11AM–9PM'], ['Thursday', '11AM–9PM'], ['Friday', '11AM–9PM'], ['Saturday', '11AM–9PM'], ['Sunday', '1–8PM'], ['Monday', '11AM–9PM']]"
0x80c8c697ed4f1bd5:0x5af5fb25aa1cc7d6,Umiya Sushi,"Umiya Sushi, 4465 W Flamingo Rd, Las Vegas, NV 89103",36.1149686,-115.2014763,"['Sushi restaurant', 'Buffet restaurant', 'Japanese restaurant']",4.6,1568,$$,"[['Tuesday', '11:30AM–11:30PM'], ['Wednesday', '11:30AM–11:30PM'], ['Thursday', '11:30AM–11:30PM'], ['Friday', '11:30AM–11:30PM'], ['Saturday', '11:30AM–11:30PM'], ['Sunday', '11:30AM–11:30PM'], ['Monday', '11:30AM–11:30PM']]"
0x80c8c747e76b1669:0x7b5fc25aa47090e7,Hikari Sushi & Teppanyaki,"Hikari Sushi & Teppanyaki, 4175 S Buffalo Dr, Las Vegas, NV 89147",36.112893899999996,-115.26139339999999,"['Sushi restaurant', 'Asian restaurant', 'Bar', 'Japanese restaurant', 'Teppanyaki restaurant']",4.4,687,$$,"[['Tuesday', '11:30AM–10PM'], ['Wednesday', '11:30AM–10PM'], ['Thursday', '11:30AM–10PM'], ['Friday', '11:30AM–12AM'], ['Saturday', '11:30AM–12AM'], ['Sunday', '11:30AM–10PM'], ['Monday', '11:30AM–10PM']]"
0x80c8ce5e85bf2c0b:0xc0ed9d4627b00fa1,Sushi Mon,"Sushi Mon, 9770 S Maryland Pkwy, Las Vegas, NV 89183",36.0117583,-115.1359583,"['Sushi restaurant', 'Asian restaurant', 'Japanese restaurant']",4.5,867,$$,"[['Tuesday', '12–11PM'], ['Wednesday', '12–11PM'], ['Thursday', '12–11PM'], ['Friday', '12–11PM'], ['Saturday', '12–11PM'], ['Sunday', '12–11PM'], ['Monday', '12–11PM']]"
0x809947354e4caee3:0x519fe65e579457aa,Ichiban Japanese Steak House,"Ichiban Japanese Steak House, Inside Eldorado | THE ROW, 345 N Virginia St, Reno, NV 89501",39.5287886,-119.8143539,"['Japanese restaurant', 'Asian restaurant', 'Japanese steakhouse', 'Sushi restaurant']",4.4,958,$$$,"[['Tuesday', '4:30–9PM'], ['Wednesday', '4:30–9PM'], ['Thursday', '4:30–9PM'], ['Friday', '4:30–9:30PM'], ['Saturday', '4:30–9:30PM'], ['Sunday', '4:30–9PM'], ['Monday', '4:30–9PM']]"
0x80c8c43946dc11f7:0x73c50c8f871bff66,Jaburritos Sushi Burritos,"Jaburritos Sushi Burritos, 3545 S Las Vegas Blvd l12, Las Vegas, NV 89109",36.117705099999995,-115.17000159999999,"['Sushi restaurant', 'Burrito restaurant', 'Japanese restaurant', 'Seafood restaurant']",4.6,1177,$$,"[['Tuesday', '12–9PM'], ['Wednesday', '12–9PM'], ['Thursday', '12–9PM'], ['Friday', '11AM–12AM'], ['Saturday', '11AM–12AM'], ['Sunday', '11AM–11PM'], ['Monday', '11AM–11PM']]"
0x80c8c720c9fc30fb:0x5c887cb844b16911,Pepper Lunch,"Pepper Lunch, 4258 Spring Mountain Rd #107, Las Vegas, NV 89102",36.126820099999996,-115.19717179999999,"['Japanese restaurant', 'Asian fusion restaurant', 'Japanese steakhouse', 'Restaurant', 'Teppanyaki restaurant']",4.4,78,,"[['Sunday', '11AM–10PM'], ['Monday', '11AM–10PM'], ['Tuesday', '11AM–10PM'], ['Wednesday', '11AM–10PM'], ['Thursday', '11AM–10PM'], ['Friday', '11AM–10PM'], ['Saturday', '11AM–10PM']]"
0x80ca2b3b7488391f:0xe9f99c9940a2f4d4,Samurai 21,"Samurai 21, 550 W Mesquite Blvd, Mesquite, NV 89027",36.803574,-114.081949,"['Japanese restaurant', 'Asian restaurant', 'Steak house', 'Sushi restaurant']",4.3,528,$$,"[['Sunday', 'Closed'], ['Monday', '11AM–2PM'], ['Tuesday', '11AM–2PM'], ['Wednesday', '11AM–2PM'], ['Thursday', '11AM–2PM'], ['Friday', '11AM–2PM'], ['Saturday', '11AM–2PM']]"
0x80c8c46550a5c2df:0x94fe6f9565fedf32,Benihana,"Benihana, 3000 Paradise Rd, Las Vegas, NV 89109",36.1362611,-115.1512539,"['Japanese restaurant', 'Asian restaurant', 'Bar', 'Steak house']",4.3,637,$$$,"[['Saturday', '5–10PM'], ['Sunday', '5–10PM'], ['Monday', 'Closed'], ['Tuesday', 'Closed'], ['Wednesday', '5–10PM'], ['Thursday', '5–10PM'], ['Friday', '5–10PM']]"
0x80c8c452e7a9131d:0x1925b1ea7fa69d91,Gangnam Asian BBQ Dining,"Gangnam Asian BBQ Dining, 4480 Paradise Rd Ste 600, Las Vegas, NV 89169",36.1093258,-115.15108439999999,"['Asian fusion restaurant', 'Japanese restaurant', 'Korean barbecue restaurant', 'Korean restaurant', 'Yakiniku restaurant']",4.6,1265,$$,"[['Saturday', '11:30AM–12AM'], ['Sunday', '11:30AM–12AM'], ['Monday', '11:30AM–12AM'], ['Tuesday', '11:30AM–12AM'], ['Wednesday', '11:30AM–12AM'], ['Thursday', '11:30AM–12AM'], ['Friday', '11:30AM–12AM']]"
0x80c8c43106db0c91:0x161078537e394732,Zuma Las Vegas,"Zuma Las Vegas, Level 3, Boulevard Tower 3708, S Las Vegas Blvd, Las Vegas, NV 89109",36.1094773,-115.1738707,['Japanese restaurant'],4.5,328,$$$$,"[['Saturday', '5:30–10:30PM'], ['Sunday', '5:30–9:30PM'], ['Monday', 'Closed'], ['Tuesday', 'Closed'], ['Wednesday', '5:30–9:30PM'], ['Thursday', '5:30–9:30PM'], ['Friday', '5:30–10:30PM']]"
0x80c8c4fe9fee8527:0xad35876f5d2ee7f3,Yama Sushi,"Yama Sushi, 1350 E Flamingo Rd #18, Las Vegas, NV 89119",36.115626,-115.1349274,"['Japanese restaurant', 'Sushi restaurant']",4.5,2033,$$,"[['Saturday', '11AM–11PM'], ['Sunday', '11AM–11PM'], ['Monday', '11AM–11PM'], ['Tuesday', '11AM–11PM'], ['Wednesday', '11AM–11PM'], ['Thursday', '11AM–11PM'], ['Friday', '11AM–11PM']]"
0x80c8c6a75d527cb1:0xf513276c8b34a6c5,Izakaya Go,"Izakaya Go, 3775 Spring Mountain Rd, Las Vegas, NV 89102",36.1256804,-115.18954129999999,"['Japanese restaurant', 'Bar & grill', 'Sushi restaurant', 'Tapas bar']",4.6,695,$$,"[['Saturday', '5PM–2AM'], ['Sunday', '5PM–2AM'], ['Monday', '5PM–2AM'], ['Tuesday', '5PM–2AM'], ['Wednesday', '5PM–2AM'], ['Thursday', '5PM–2AM'], ['Friday', '5PM–2AM']]"
0x80c8e9a525ca33cf:0xd17a928057422d4f,New China Cuisine,"New China Cuisine, 5515 Camino Al Norte STE 101, North Las Vegas, NV 89031",36.2603323,-115.15633229999999,"['Chinese restaurant', 'Delivery Chinese restaurant', 'Japanese restaurant', 'Delivery Restaurant', 'Sushi restaurant']",4.1,218,$$,"[['Friday', '11:30AM–9:30PM'], ['Saturday', '11:30AM–9:30PM'], ['Sunday', '11:30AM–9:30PM'], ['Monday', '11:30AM–9:30PM'], ['Tuesday', '11:30AM–9:30PM'], ['Wednesday', '11:30AM–9:30PM'], ['Thursday', '11:30AM–9:30PM']]"
0x80c8d0f7d2c3a765:0x9d21fe299d45bac,Momo Sushi Japanese Cuisine,"Momo Sushi Japanese Cuisine, 550 N Stephanie St C, Henderson, NV 89014",36.0602083,-115.0457333,"['Japanese restaurant', 'Asian restaurant', 'Sushi restaurant']",4.6,398,$$,"[['Friday', '11AM–10:30PM'], ['Saturday', '11AM–10:30PM'], ['Sunday', '11AM–10PM'], ['Monday', '11AM–10PM'], ['Tuesday', '11AM–10PM'], ['Wednesday', '11AM–10PM'], ['Thursday', '11AM–10PM']]"
0x80c8d01a82252bbd:0xff4d443e80c177a7,King Teriyaki & Rolls,"King Teriyaki & Rolls, 2702 N Green Valley Pkwy, Henderson, NV 89014",36.0696863,-115.081831,['Japanese restaurant'],4.5,98,$$,"[['Friday', '11AM–8:30PM'], ['Saturday', '12–8:30PM'], ['Sunday', '12–6PM'], ['Monday', '11AM–8PM'], ['Tuesday', '11AM–8PM'], ['Wednesday', '11AM–8PM'], ['Thursday', '11AM–8PM']]"
0x80c8c8b44d638fa5:0x1f605ec67bd6be01,Sawa sushi,"Sawa sushi, 3962 Blue Diamond Rd suite 104, Las Vegas, NV 89139",36.039822199999996,-115.1926639,['Japanese restaurant'],4.7,335,$$,"[['Friday', '11AM–10PM'], ['Saturday', '11AM–10PM'], ['Sunday', '11AM–10PM'], ['Monday', '11AM–10PM'], ['Tuesday', '11AM–10PM'], ['Wednesday', '11AM–10PM'], ['Thursday', '11AM–10PM']]"
0x80c8c3f845e96479:0xb9904c815b9bf470,Biwon Korean BBQ and Sushi Restaurant All You Can Eat,"Biwon Korean BBQ and Sushi Restaurant All You Can Eat, 2721 W Sahara Ave, Las Vegas, NV 89102",36.143916399999995,-115.17903989999999,"['Korean barbecue restaurant', 'Asian fusion restaurant', 'Japanese restaurant', 'Korean restaurant', 'Sushi restaurant']",4.4,2416,$$,"[['Friday', '11AM–3AM'], ['Saturday', '11AM–3AM'], ['Sunday', '11AM–3AM'], ['Monday', '11AM–3AM'], ['Tuesday', '11AM–3AM'], ['Wednesday', '11AM–3AM'], ['Thursday', '11AM–3AM']]"
0x80c8c0af42a9ddaf:0x4df22e40b39fcf1b,Sen of Japan,"Sen of Japan, 8480 W Desert Inn Rd, Las Vegas, NV 89117",36.129722199999996,-115.2763889,"['Japanese restaurant', 'Asian restaurant', 'Restaurant', 'Sushi restaurant']",4.6,238,$$,"[['Thursday', '5–11PM'], ['Friday', '5–11PM'], ['Saturday', '5–11PM'], ['Sunday', '5–11PM'], ['Monday', '5–11PM'], ['Tuesday', '5–11PM'], ['Wednesday', '5–11PM']]"
0x80c8c89cd555a10d:0xc7853a556d7433f2,Tonkatsu Kiyoshi,"Tonkatsu Kiyoshi, 7780 S Jones Blvd #103, Las Vegas, NV 89139",36.0479911,-115.2245205,['Japanese restaurant'],4.7,178,$$,"[['Thursday', '5–10PM'], ['Friday', '5–10PM'], ['Saturday', '5–10PM'], ['Sunday', '5–10PM'], ['Monday', '5–10PM'], ['Tuesday', 'Closed'], ['Wednesday', 'Closed']]"
0x80c8c62f4a35340f:0xbd778ea36e0ff2cb,SOHO JAPANESE RESTAURANT,"SOHO JAPANESE RESTAURANT, 7377 S Jones Blvd Ste 116, Las Vegas, NV 89139",36.055648399999995,-115.2258576,"['Japanese restaurant', 'Restaurant']",4.7,592,$$,"[['Thursday', '12–9PM'], ['Friday', '12–9PM'], ['Saturday', '12–9PM'], ['Sunday', '12–9PM'], ['Monday', '12–9PM'], ['Tuesday', '12–9PM'], ['Wednesday', '12–9PM']]"
0x80c8c63a88e2726b:0xc5091c811426a699,SOHO Sushi Burrito,"SOHO Sushi Burrito, 6040 Badura Ave, Las Vegas, NV 89118",36.0631887,-115.22367969999999,"['Japanese restaurant', 'Burrito restaurant']",4.5,288,$,"[['Thursday', '10:30AM–9PM'], ['Friday', '10:30AM–9PM'], ['Saturday', '10:30AM–9PM'], ['Sunday', '10:30AM–9PM'], ['Monday', '10:30AM–9PM'], ['Tuesday', '10:30AM–9PM'], ['Wednesday', '10:30AM–9PM']]"
0x80c8c6b7ecbabf49:0xc0ea28870f4bc4f0,Veggie House,"Veggie House, 5115 Spring Mountain Rd #203, Las Vegas, NV 89146",36.1255336,-115.21123879999999,"['Asian restaurant', 'Chinese restaurant', 'Japanese restaurant', 'Vegan restaurant', 'Vegetarian restaurant']",4.7,966,$$,"[['Thursday', '11:30AM–9:30PM'], ['Friday', '11:30AM–9:30PM'], ['Saturday', '11:30AM–9:30PM'], ['Sunday', '11:30AM–9:30PM'], ['Monday', '11:30AM–9:30PM'], ['Tuesday', '11:30AM–9:30PM'], ['Wednesday', '11:30AM–9:30PM']]"
0x80c8d1da8c7eb647:0xf34ec7c036296984,Midori,"Midori, 1550 N Green Valley Pkwy #320, Henderson, NV 89074",36.0296667,-115.0846366,"['Japanese restaurant', 'Restaurant', 'Sushi restaurant']",4.6,176,$$,"[['Thursday', '12–8:30PM'], ['Friday', '12–8:30PM'], ['Saturday', '12–8:30PM'], ['Sunday', '12–8:30PM'], ['Monday', '12–8:30PM'], ['Tuesday', '12–8:30PM'], ['Wednesday', '12–8:30PM']]"
0x80c8c6beebdb5e8f:0x4a6e72d1039a5f47,Makino,"Makino, 3965 S Decatur Blvd #5, Las Vegas, NV 89103",36.118687,-115.208511,"['Japanese restaurant', 'Buffet restaurant', 'Restaurant', 'Seafood restaurant']",4.3,1717,$$,"[['Wednesday', '11:30AM–2:30PM'], ['Thursday', '11:30AM–2:30PM'], ['Friday', '11:30AM–3:30PM'], ['Saturday', '11:30AM–3:30PM'], ['Sunday', '11:30AM–3:30PM'], ['Monday', '11:30AM–2:30PM'], ['Tuesday', '11:30AM–2:30PM']]"
