gmap_id,name,address,latitude,longitude,category,avg_rating,num_of_reviews,price,hours
0x89c3b6630d50fe53:0x39f0d22f0df4fcda,Aoi Japanese Restaurant & Bar,"Aoi Japanese Restaurant & Bar, Inside APA Hotel, 120 S Wood Ave, Iselin, NJ 08830",40.561796699999995,-74.3257995,['Authentic Japanese restaurant'],4.4,96,,"[['Tuesday', 'Closed'], ['Wednesday', 'Closed'], ['Thursday', 'Closed'], ['Friday', '5–9PM'], ['Saturday', '12–2PM'], ['Sunday', '12–2PM'], ['Monday', 'Closed']]"
0x89c2f71207b2c11f:0x3d614037c3cf76e8,Sushi Aoki,"Sushi Aoki, 215 Main St STE 104, Fort Lee, NJ 07024",40.8514929,-73.9707437,"['Japanese restaurant', 'Restaurant']",5.0,28,,"[['Monday', 'Closed'], ['Tuesday', 'Closed'], ['Wednesday', '5:30–10:45PM'], ['Thursday', '5:30–10:45PM'], ['Friday', '5:30–10:45PM'], ['Saturday', '5:30–10:45PM'], ['Sunday', '5:30–8PM']]"
0x89c7343f8285ae71:0xfbbd071d6d8092a8,Peking Tokyo,"Peking Tokyo, 101 E Main St, Millville, NJ 08332",39.395154999999995,-75.03826099999999,"['Chinese restaurant', 'Asian restaurant', 'Japanese restaurant', 'Restaurant', 'Sushi restaurant']",3.7,28,$,"[['Sunday', '12–10PM'], ['Monday', '11AM–10PM'], ['Tuesday', '11AM–10PM'], ['Wednesday', '11AM–10PM'], ['Thursday', '11AM–10PM'], ['Friday', '11AM–11PM'], ['Saturday', '11AM–11PM']]"
0x89c13502f1f7a3bb:0xd1a1c16004082a4b,Teriyaki Madness,"Teriyaki Madness, 101 Route 73 S, Ste 165, Marlton, NJ 08053",39.890366199999995,-74.92699689999999,"['Asian fusion restaurant', 'Caterer', 'Fast food restaurant', 'Gluten-free restaurant', 'Japanese restaurant', 'Restaurant']",3.5,28,$,"[['Saturday', '11AM–9PM'], ['Sunday', '11AM–9PM'], ['Monday', '11AM–9PM'], ['Tuesday', '11AM–9PM'], ['Wednesday', '11AM–9PM'], ['Thursday', '11AM–9PM'], ['Friday', '11AM–9PM']]"
0x89c254802a60c59d:0x365f2ed12654cacd,Lol Japanese Cuisine - Hibachi,"Lol Japanese Cuisine - Hibachi, University Square Residence, 155 University Ave, Newark, NJ 07102",40.7425664,-74.17379729999999,['Japanese restaurant'],3.5,6,,"[['Saturday', '11AM–9:30PM'], ['Sunday', 'Closed'], ['Monday', '10:30AM–9:30PM'], ['Tuesday', '10:30AM–9:30PM'], ['Wednesday', '10:30AM–9:30PM'], ['Thursday', '10:30AM–9:30PM'], ['Friday', '10:30AM–9:30PM']]"
0x89c3aaadf7959cef:0x5f68505afa877303,Genji,"Genji, 701 Bloomfield Ave, Montclair, NJ 07042",40.8184812,-74.2229783,['Japanese restaurant'],4.4,7,$$,"[['Friday', '8AM–10PM'], ['Saturday', '8AM–10PM'], ['Sunday', '8AM–10PM'], ['Monday', '8AM–10PM'], ['Tuesday', '8AM–10PM'], ['Wednesday', '8AM–10PM'], ['Thursday', '8AM–10PM']]"
0x89c2fbc6fba307e1:0x73e79c11954bbbff,GoGo Sushi,"GoGo Sushi, 450 Hackensack Ave, Hackensack, NJ 07601",40.909591299999995,-74.0312289,"['Japanese restaurant', 'Sushi restaurant', 'Sushi takeaway']",4.6,7,,"[['Tuesday', '11:30AM–10PM'], ['Wednesday', '11:30AM–10PM'], ['Thursday', '11:30AM–10PM'], ['Friday', '11:30AM–10PM'], ['Saturday', '11:30AM–10PM'], ['Sunday', '11:30AM–10PM'], ['Monday', 'Closed']]"
0x89c259c4c7152dbb:0xaf8be9ba6e7a74b8,INORU HIBACHI,"INORU HIBACHI, 5709 Hudson Ave, West New York, NJ 07093",40.7856954,-74.0141525,['Japanese restaurant'],4.8,16,,"[['Tuesday', '10:30AM–10PM'], ['Wednesday', '10:30AM–10PM'], ['Thursday', '10:30AM–10PM'], ['Friday', '10:30AM–11PM'], ['Saturday', '10:30AM–11PM'], ['Sunday', 'Closed'], ['Monday', '10:30AM–10PM']]"
0x89c251f8ccb16509:0xe2186e667fca6801,Ramen Green,"Ramen Green, 420 Grand St, Jersey City, NJ 07302",40.7187323,-74.0522317,"['Ramen restaurant', 'Delivery service', 'Authentic Japanese restaurant', 'Japanese restaurant', 'Takeout Restaurant']",4.8,18,,"[['Saturday', '11AM–8:30PM'], ['Sunday', '11AM–8:30PM'], ['Monday', '11AM–8:30PM'], ['Tuesday', 'Closed'], ['Wednesday', '11AM–8:30PM'], ['Thursday', '11AM–8:30PM'], ['Friday', '11AM–8:30PM']]"
0x89c257695e5a67bb:0xc9e3bde97b1a8f21,Teri Teri Japanese Restaurant,"Teri Teri Japanese Restaurant, 398 Central Ave, Jersey City, NJ 07307",40.7483551,-74.04756119999999,['Japanese restaurant'],3.0,68,,"[['Friday', '11AM–9PM'], ['Saturday', '11AM–9PM'], ['Sunday', '11AM–9PM'], ['Monday', '11AM–9PM'], ['Tuesday', '11AM–9PM'], ['Wednesday', '11AM–9PM'], ['Thursday', '11AM–9PM']]"
0x89c3b16217b1188b:0x4d9fd4854562f280,Sakura,"Sakura, 1129 Raritan Rd, Clark, NJ 07066",40.628901,-74.3130121,"['Sushi restaurant', 'Asian restaurant', 'Japanese restaurant']",2.9,15,$$,"[['Monday', '11AM–10:30PM'], ['Tuesday', '11AM–10:30PM'], ['Wednesday', '11AM–10:30PM'], ['Thursday', '11AM–10:30PM'], ['Friday', '11AM–10:30PM'], ['Saturday', '11AM–10:30PM'], ['Sunday', '11AM–10:30PM']]"
0x89c3c651aa95cb57:0x586587e04af1ff6c,TeriTeri,"TeriTeri, 363 George St, New Brunswick, NJ 08901",40.495067899999995,-74.4437428,['Japanese restaurant'],4.6,74,$,"[['Friday', '8AM–8PM'], ['Saturday', '8AM–3PM'], ['Sunday', '8AM–3PM'], ['Monday', '8AM–8PM'], ['Tuesday', '8AM–8PM'], ['Wednesday', '8AM–8PM'], ['Thursday', '8AM–8PM']]"
0x89c2f193a99e5da9:0xe32bfdc55ae0e770,Matsuyama,"Matsuyama, 10 Engle St, Englewood, NJ 07631",40.8933234,-73.97289839999999,['Japanese restaurant'],4.7,58,,"[['Friday', '11:30AM–9PM'], ['Saturday', '11:30AM–9PM'], ['Sunday', '12–8PM'], ['Monday', '11:30AM–8:30PM'], ['Tuesday', '11:30AM–8:30PM'], ['Wednesday', 'Closed'], ['Thursday', '11:30AM–8:30PM']]"
0x89c30afeef57f513:0xf2bd86c425170147,Fei Asian Cuisine,"Fei Asian Cuisine, 321 Mt Hope Ave Unit I, Rockaway, NJ 07866",40.909768,-74.5499952,"['Asian fusion restaurant', 'Chinese restaurant', 'Family restaurant', 'Japanese restaurant', 'Restaurant', 'Sushi restaurant', 'Thai restaurant']",4.0,8,,"[['Friday', '11AM–10:30PM'], ['Saturday', '11AM–10:30PM'], ['Sunday', '12–9PM'], ['Monday', '11AM–10PM'], ['Tuesday', '11AM–10PM'], ['Wednesday', '11AM–10PM'], ['Thursday', '11AM–10PM']]"
0x89c3b777cc9861ab:0xc1404878764e4bf4,Asahi,"Asahi, 3600 Park Ave, South Plainfield, NJ 07080",40.576606,-74.393031,"['Asian restaurant', 'Chinese restaurant', 'Japanese restaurant', 'Restaurant', 'Sushi restaurant']",4.4,8,,"[['Wednesday', '11AM–10:30PM'], ['Thursday', '11AM–10:30PM'], ['Friday', '11AM–11PM'], ['Saturday', '11AM–11PM'], ['Sunday', '12–10PM'], ['Monday', '11AM–10:30PM'], ['Tuesday', '11AM–10:30PM']]"
0x89c0ee3c2f1e5fa1:0xd1c4109a19df4bba,Mukashi Sushi Bar,"Mukashi Sushi Bar, 1133 Boardwalk, Atlantic City, NJ 08401",39.3583673,-74.4211107,"['Restaurant', 'Japanese restaurant']",4.2,28,,"[['Wednesday', '12–10PM'], ['Thursday', '4–10PM'], ['Friday', '4PM–12AM'], ['Saturday', '12PM–12AM'], ['Sunday', '12–10PM'], ['Monday', '4–10PM'], ['Tuesday', '12–10PM']]"
0x89c3e1fb043740ef:0x4d3030379d200efe,Banzai Japanese Restaurant,"Banzai Japanese Restaurant, 3690 Quakerbridge Rd, Trenton, NJ 08619",40.2619642,-74.6766415,"['Japanese restaurant', 'Restaurant']",3.8,38,$$,"[['Tuesday', '11:30AM–9:30PM'], ['Wednesday', '11:30AM–9:30PM'], ['Thursday', '11:30AM–9:30PM'], ['Friday', '11:30AM–10:30PM'], ['Saturday', '11:30AM–10:30PM'], ['Sunday', '3–9:30PM'], ['Monday', '11:30AM–9:30PM']]"
0x89c2f95b1abb51b5:0xc58f2ed7901b313c,Pora Foods,"Pora Foods, 1 American Dream Way, East Rutherford, NJ 07073",40.8094502,-74.06692679999999,"['Ramen restaurant', 'Japanese restaurant']",4.3,54,,"[['Tuesday', '11AM–8PM'], ['Wednesday', '11AM–8PM'], ['Thursday', '11AM–8PM'], ['Friday', '11AM–9PM'], ['Saturday', '11AM–10PM'], ['Sunday', '11AM–8PM'], ['Monday', '11AM–8PM']]"
0x89c3a97c3306cfab:0x7f73f5874deb311,Soy & Ginger Wok Grill,"Soy & Ginger Wok Grill, 14 E Mt Pleasant Ave, Livingston, NJ 07039",40.795853199999996,-74.31464249999999,"['Asian restaurant', 'Japanese restaurant', 'Sushi restaurant']",4.2,65,$$,"[['Tuesday', '11AM–9:30PM'], ['Wednesday', '11AM–9:30PM'], ['Thursday', '11AM–9:30PM'], ['Friday', '11AM–10:30PM'], ['Saturday', '11AM–10:30PM'], ['Sunday', '11:30AM–9:30PM'], ['Monday', '11AM–9:30PM']]"
0x89c259d7112e44af:0x2d9915c685db44bf,Las Olas Sushi Bar and Grill,"Las Olas Sushi Bar and Grill, 1319 Washington St, Hoboken, NJ 07030",40.7529859,-74.0258783,"['Sushi restaurant', 'Japanese restaurant']",4.4,36,$$,"[['Tuesday', '4–11PM'], ['Wednesday', '4–11PM'], ['Thursday', '12–11PM'], ['Friday', '12–11:30PM'], ['Saturday', '12–11:30PM'], ['Sunday', '12–10PM'], ['Monday', '4–10PM']]"
0x89c184829503ded3:0x595aef2c57690473,Sultan Wok,"Sultan Wok, 760 Mantoloking Rd, Brick Township, NJ 08723",40.05063,-74.122658,"['Asian fusion restaurant', 'Chinese restaurant', 'Japanese restaurant', 'Thai restaurant']",4.2,38,,"[['Monday', 'Closed'], ['Tuesday', '10:30AM–10PM'], ['Wednesday', '10:30AM–10PM'], ['Thursday', '10:30AM–10PM'], ['Friday', '10:30AM–10:30PM'], ['Saturday', '10:30AM–10:30PM'], ['Sunday', '11AM–10PM']]"
0x89c250aeeebdc727:0xa1522cac0ff9b616,Grand Banks Cafe,"Grand Banks Cafe, 75 Montgomery St, Jersey City, NJ 07302",40.716530999999996,-74.0376884,"['Sushi restaurant', 'Asian fusion restaurant', 'Bar', 'Cafe', 'Chinese restaurant', 'Japanese restaurant', 'Restaurant', 'Seafood restaurant', 'Vegetarian restaurant']",3.3,14,$$,"[['Friday', '11AM–9:30PM'], ['Saturday', '11AM–9:30PM'], ['Sunday', 'Closed'], ['Monday', '11AM–9:30PM'], ['Tuesday', '11AM–9:30PM'], ['Wednesday', '11AM–9:30PM'], ['Thursday', '11AM–9:30PM']]"
0x89c1772ccd9904b5:0x2c63200c7e31897b,Tokyo Sushi & Hibachi,"Tokyo Sushi & Hibachi, 26 Union Ave, Lakehurst, NJ 08733",40.012121,-74.3116063,"['Chinese restaurant', 'Kyoto style Japanese restaurant', 'Restaurant']",4.3,58,,"[['Monday', '10:30AM–10PM'], ['Tuesday', 'Closed'], ['Wednesday', '10:30AM–10PM'], ['Thursday', '10:30AM–10PM'], ['Friday', '10:30AM–11PM'], ['Saturday', '10:30AM–11PM'], ['Sunday', '12–9:30PM']]"
0x89c157ddc395627f:0x876eec29e60adcd9,Fame Dish,"Fame Dish, 1400 Parkway Ave A3, Ewing Township, NJ 08628",40.2667371,-74.8052228,"['Asian fusion restaurant', 'Japanese restaurant', 'Restaurant']",4.5,28,,"[['Sunday', '1–9:30PM'], ['Monday', '11AM–9:30PM'], ['Tuesday', '11AM–9:30PM'], ['Wednesday', '11AM–9:30PM'], ['Thursday', '11AM–9:30PM'], ['Friday', '11AM–10PM'], ['Saturday', '11AM–10PM']]"
0x89c2f6573f87a025:0xf896090a67b0112a,Sushi To Go Express,"Sushi To Go Express, 986 River Rd # 6, Edgewater, NJ 07020",40.8288022,-73.97275789999999,"['Sushi restaurant', 'Asian restaurant', 'Japanese restaurant']",4.5,58,$$,"[['Sunday', 'Closed'], ['Monday', '11AM–10PM'], ['Tuesday', '11AM–10PM'], ['Wednesday', '11AM–10PM'], ['Thursday', '11AM–10PM'], ['Friday', '11AM–10PM'], ['Saturday', '11AM–10PM']]"
0x89c733c969e53b17:0x55c47a4edce14e85,Teppanyaki,"New Jersey, Vineland, S Delsea Dr, Teppanyaki邮政编码: 08360",39.4533509,-75.0419943,"['Japanese restaurant', 'Restaurant']",4.3,6,,"[['Friday', '10:30AM–9:30PM'], ['Saturday', '10:30AM–9:30PM'], ['Sunday', '11AM–12AM'], ['Monday', '10:30AM–9:30PM'], ['Tuesday', '10:30AM–9:30PM'], ['Wednesday', '10:30AM–9:30PM'], ['Thursday', '10:30AM–9:30PM']]"
0x89c3fd27100dd581:0xbb32a0fc0197fd3f,Oishi Japan,"Oishi Japan, 199 Scotch Rd, Ewing Township, NJ 08628",40.274858099999996,-74.80517499999999,"['Japanese restaurant', 'Sushi restaurant']",3.6,24,$$,"[['Friday', '11AM–9:30PM'], ['Saturday', '11AM–9:30PM'], ['Sunday', '12–9PM'], ['Monday', '11AM–9PM'], ['Tuesday', '11AM–9PM'], ['Wednesday', '11AM–9PM'], ['Thursday', '11AM–9PM']]"
0x89c301b5a9fb3f49:0xea6239adc600b049,Yellowtail Japanese Bistro,"Yellowtail Japanese Bistro, 397 US-46 Suite H, Fairfield, NJ 07004",40.883157399999995,-74.29084449999999,['Japanese restaurant'],4.9,37,,"[['Friday', '11:30AM–9:30PM'], ['Saturday', '11:30AM–9:30PM'], ['Sunday', '12:30–9:30PM'], ['Monday', 'Closed'], ['Tuesday', '11:30AM–9:30PM'], ['Wednesday', '11:30AM–9:30PM'], ['Thursday', '11:30AM–9:30PM']]"
0x89c2f65481685c55:0xa82af9f17b60acfa,Kaname Japanese Restaurant,"Kaname Japanese Restaurant, 783 Palisade Ave, Cliffside Park, NJ 07010",40.8290071,-73.9804683,"['Japanese restaurant', 'Chicken restaurant', 'Sushi restaurant']",4.4,57,$$,"[['Tuesday', '12–10PM'], ['Wednesday', '12–10PM'], ['Thursday', '12–10PM'], ['Friday', '12–10PM'], ['Saturday', '5:30–10PM'], ['Sunday', '5:30–10PM'], ['Monday', 'Closed']]"
0x89c22f9cf48f22c5:0xab61d46b24f795e9,Ginza Japanese Restaurant,"Ginza Japanese Restaurant, 821 W Park Ave, Ocean Township, NJ 07712",40.263998699999995,-74.0454159,"['Restaurant', 'Japanese restaurant', 'Japanese steakhouse', 'Steak house', 'Sushi restaurant', 'Udon noodle restaurant']",4.4,18,,"[['Monday', '11AM–10PM'], ['Tuesday', '11AM–10PM'], ['Wednesday', '11AM–10PM'], ['Thursday', '11AM–10PM'], ['Friday', '11AM–11PM'], ['Saturday', '12–11PM'], ['Sunday', '12–10PM']]"
0x89c6cd2621234fb9:0x1c9f80af21f87e1a,Chez Elena Wu Rest Sushi Bar,"Chez Elena Wu Rest Sushi Bar, Ritz Movies Center, 910 Haddonfield-Berlin Rd, Voorhees Township, NJ 08043",39.847657,-74.977599,"['Restaurant', 'Asian restaurant', 'Chinese restaurant', 'French restaurant', 'Japanese restaurant', 'Sushi restaurant', 'Thai restaurant']",3.3,13,$$,"[['Sunday', '11:30AM–10PM'], ['Monday', '11:30AM–10PM'], ['Tuesday', '11:30AM–10PM'], ['Wednesday', '11:30AM–10PM'], ['Thursday', '11:30AM–10PM'], ['Friday', '11:30AM–11PM'], ['Saturday', '11:30AM–11PM']]"
0x89c3ce7d1952ef5f:0x72eba63e698a65d4,Sushi House,"Sushi House, 2653 County Rd 516, Old Bridge, NJ 08857",40.402424499999995,-74.32210189999999,"['Sushi restaurant', 'Asian restaurant', 'Japanese restaurant']",3.9,8,,"[['Saturday', '11AM–11PM'], ['Sunday', '12–10PM'], ['Monday', '11AM–10:30PM'], ['Tuesday', '11AM–10:30PM'], ['Wednesday', '11AM–10:30PM'], ['Thursday', '11AM–10:30PM'], ['Friday', '11AM–11PM']]"
0x89c3ac85e27c7de9:0x1b7c080d4a70f546,Lucky Fortune Chinese Food & Japanese Food Restaurant,"Lucky Fortune Chinese Food & Japanese Food Restaurant, 4 Village Plaza, South Orange, NJ 07079",40.7455394,-74.2586043,"['Chinese restaurant', 'Delivery Chinese restaurant', 'Japanese restaurant', 'Sushi takeaway']",3.8,67,$,"[['Saturday', '10:30AM–11PM'], ['Sunday', '12–10PM'], ['Monday', '10:30AM–10:30PM'], ['Tuesday', '10:30AM–10:30PM'], ['Wednesday', '10:30AM–10:30PM'], ['Thursday', '10:30AM–10:30PM'], ['Friday', '10:30AM–11PM']]"
0x89c14f701554d267:0x773f4fc039a6c2d0,jing's sushi house,"New Jersey, Burlington Township, Mt Holly Rd, jing's sushi house邮政编码: 08016",40.037783399999995,-74.8285702,['Japanese restaurant'],4.6,88,,"[['Saturday', '11AM–10:30PM'], ['Sunday', '1–9:30PM'], ['Monday', 'Closed'], ['Tuesday', '11AM–10PM'], ['Wednesday', '11AM–10PM'], ['Thursday', '11AM–10PM'], ['Friday', '11AM–10:30PM']]"
0x89c22e06f169e255:0xdbb7a04637294b13,Rainbow Sushi,"Rainbow Sushi, 642 Newman Springs Rd F, Lincroft, NJ 07738",40.3317124,-74.1201633,"['Japanese restaurant', 'Delivery Restaurant']",4.3,48,$$,"[['Friday', '11AM–10:30PM'], ['Saturday', '11AM–10:30PM'], ['Sunday', '11:30AM–9:30PM'], ['Monday', '11AM–9:30PM'], ['Tuesday', '11AM–9:30PM'], ['Wednesday', '11AM–9:30PM'], ['Thursday', '11AM–9:30PM']]"
0x89c3b8656c89e907:0xd2b94301b185eaa,Soyokaze Japanese Restaurant,"Soyokaze Japanese Restaurant, 1297 Centennial Ave, Piscataway, NJ 08854",40.5535116,-74.44218459999999,"['Japanese restaurant', 'Ramen restaurant', 'Restaurant']",3.2,8,,"[['Tuesday', '11AM–2:30PM'], ['Wednesday', '11AM–2:30PM'], ['Thursday', '11AM–2:30PM'], ['Friday', '11AM–2:30PM'], ['Saturday', '11AM–2:30PM'], ['Sunday', '11AM–2:30PM'], ['Monday', 'Closed']]"
0x89c15fdfe401d009:0xbcdedf1c8b0a02ca,Le Dish,"Le Dish, 1280 NJ-33, Hamilton Township, NJ 08690",40.2276805,-74.6622028,"['Restaurant', 'Asian restaurant', 'Chinese restaurant', 'Japanese restaurant', 'Thai restaurant']",4.6,98,,"[['Tuesday', '11AM–10PM'], ['Wednesday', '11AM–10PM'], ['Thursday', '11AM–10PM'], ['Friday', '11AM–10:30PM'], ['Saturday', '11AM–10:30PM'], ['Sunday', '12–9:30PM'], ['Monday', '11AM–10PM']]"
0x89c3c96076d85bb1:0x44d1d330a097ad6c,Happy Garden,"Happy Garden, 2909 Washington Rd #95, Parlin, NJ 08859",40.467531199999996,-74.312168,"['Japanese restaurant', 'Asian restaurant', 'Chinese restaurant', 'Restaurant', 'Southeast Asian restaurant', 'Thai restaurant']",3.5,24,,"[['Thursday', '11AM–10PM'], ['Friday', '11AM–10:30PM'], ['Saturday', '11AM–10:30PM'], ['Sunday', '12–10PM'], ['Monday', 'Closed'], ['Tuesday', '11AM–10PM'], ['Wednesday', '11AM–10PM']]"
0x89c2307c9122894f:0xdf7b14ed7faccf69,Sansu Japanese Steakhouse,"Sansu Japanese Steakhouse, 603 River Rd, Fair Haven, NJ 07704",40.3616855,-74.0417839,"['Restaurant', 'Japanese inn', 'Japanese steakhouse', 'Steak house']",4.1,38,,
0x89c2ee920b144fd1:0x9ec1c1f588d7e486,Wild Wasabi,"Wild Wasabi, 460 Livingston St, Norwood, NJ 07648",40.997664,-73.954737,"['Japanese restaurant', 'Asian restaurant', 'Sushi restaurant']",4.5,84,$$,"[['Saturday', '11:30AM–8PM'], ['Sunday', '11:30AM–8PM'], ['Monday', 'Closed'], ['Tuesday', 'Closed'], ['Wednesday', '11:30AM–8PM'], ['Thursday', '11:30AM–8PM'], ['Friday', '11:30AM–8PM']]"
0x89c2fbb36c83fcb1:0xa10b040959f57a9a,Sendai Sushi & Korean BBQ,"Sendai Sushi & Korean BBQ, 178 Kinderkamack Rd, Emerson, NJ 07630",40.9755149,-74.0270427,"['Korean barbecue restaurant', 'Bubble tea store', 'Hot pot restaurant', 'Authentic Japanese restaurant', 'Japanese restaurant', 'Korean restaurant', 'Ramen restaurant', 'Sushi restaurant', 'Udon noodle restaurant', 'Yakitori restaurant']",3.9,7,,"[['Friday', '11AM–10PM'], ['Saturday', '11AM–10PM'], ['Sunday', 'Closed'], ['Monday', '11AM–10PM'], ['Tuesday', '11AM–10PM'], ['Wednesday', '11AM–10PM'], ['Thursday', '11AM–10PM']]"
0x89c250ae583a4285:0xd5e9386120a89bca,Komegashi,"Komegashi, 103 Montgomery St, Jersey City, NJ 07302",40.716771,-74.038927,"['Japanese restaurant', 'Restaurant', 'Sushi restaurant']",4.1,68,$$,"[['Thursday', '12–2:30PM'], ['Friday', '12–2:30PM'], ['Saturday', '5–10:30PM'], ['Sunday', '5–10:30PM'], ['Monday', 'Closed'], ['Tuesday', '12–2:30PM'], ['Wednesday', '12–2:30PM']]"
0x89c2f7e113c1924d:0x9ff9b35f75ecc016,D'avant Sushi,"D'avant Sushi, 1638 Schlosser St D-2, Fort Lee, NJ 07024",40.8496787,-73.96969419999999,['Japanese restaurant'],4.6,98,,"[['Thursday', '11:30AM–3PM'], ['Friday', '11:30AM–10:30PM'], ['Saturday', '11:30AM–10:30PM'], ['Sunday', '11:30AM–10PM'], ['Monday', '11:30AM–3PM'], ['Tuesday', '11:30AM–3PM'], ['Wednesday', '11:30AM–3PM']]"
0x89c2575f6375908f:0xfb7d8c2acdc5e67e,Koro Koro,"Koro Koro, 201 Washington St, Hoboken, NJ 07030",40.7387979,-74.0303022,"['Japanese restaurant', 'Restaurant']",4.9,58,$,"[['Thursday', '11AM–9PM'], ['Friday', '11AM–9PM'], ['Saturday', '11AM–6PM'], ['Sunday', '11AM–6PM'], ['Monday', '11AM–9PM'], ['Tuesday', '11AM–9PM'], ['Wednesday', '11AM–9PM']]"
0x89c2f64a55f4b381:0x6a6433a3fa0dbcfe,ROYCE' Chocolate New Jersey,"ROYCE' Chocolate New Jersey, MITSUWA MARKET PLACE, 595 River Rd Suite 852, Edgewater, NJ 07020",40.816095999999995,-73.980021,"['Chocolate shop', 'Candy store', 'Chocolate artisan', 'Japanese sweets restaurant']",4.6,28,,"[['Wednesday', '10AM–8PM'], ['Thursday', '10AM–8PM'], ['Friday', '10AM–8PM'], ['Saturday', '10AM–8PM'], ['Sunday', '10AM–7PM'], ['Monday', '10AM–8PM'], ['Tuesday', '10AM–8PM']]"
0x89c2f95d6427eb69:0xc1e2d49aed4c34d4,Sushi Boy Corporation & Japanese,"Sushi Boy Corporation & Japanese, 515 Midland Ave, Garfield, NJ 07026",40.881876399999996,-74.1010612,['Japanese restaurant'],4.3,138,$$,"[['Wednesday', '11:30AM–10PM'], ['Thursday', '11:30AM–10PM'], ['Friday', '11:30AM–10PM'], ['Saturday', '2–10PM'], ['Sunday', '2–10PM'], ['Monday', '11:30AM–10PM'], ['Tuesday', '11:30AM–10PM']]"
0x89c24daae5dc4721:0x21a6c3458cbe3f3,SAKURA JAPAN,"SAKURA JAPAN, 43 S Broad St, Elizabeth, NJ 07202",40.660232199999996,-74.21645819999999,['Japanese restaurant'],4.1,28,$$,"[['Monday', '11AM–10PM'], ['Tuesday', '11AM–10PM'], ['Wednesday', '11AM–10PM'], ['Thursday', '11AM–10PM'], ['Friday', '11AM–10PM'], ['Saturday', '11AM–10PM'], ['Sunday', '11AM–10PM']]"
0x89c2e15970070d2f:0x93405b2d2e9a8c79,Maguro Sushi House,"Maguro Sushi House, 92 E Main St, Ramsey, NJ 07446",41.0573224,-74.1394207,"['Sushi restaurant', 'Asian restaurant', 'Japanese restaurant']",4.6,48,$$,"[['Sunday', 'Closed'], ['Monday', '12–2:30PM'], ['Tuesday', '12–2:30PM'], ['Wednesday', '12–2:30PM'], ['Thursday', '12–2:30PM'], ['Friday', '12–2:30PM'], ['Saturday', '12–2:30PM']]"
0x89c25736de5cebaf:0xb136063de9d15da0,Tokyo Station,"Tokyo Station, 626 Newark Ave, Jersey City, NJ 07306",40.733523,-74.05788299999999,['Japanese restaurant'],4.1,55,$,"[['Sunday', 'Closed'], ['Monday', '7AM–8PM'], ['Tuesday', '7AM–8PM'], ['Wednesday', '7AM–8PM'], ['Thursday', '7AM–8PM'], ['Friday', '7AM–8PM'], ['Saturday', '8AM–3PM']]"
0x89c250b26319aa01:0xd12ca6b24d66233e,JC Sakura Sushi,"JC Sakura Sushi, 362 Grove St, Jersey City, NJ 07302",40.721326999999995,-74.0425863,"['Japanese restaurant', 'Asian restaurant']",3.3,68,$,"[['Sunday', '12–9PM'], ['Monday', 'Closed'], ['Tuesday', '12–9PM'], ['Wednesday', '12–9PM'], ['Thursday', '12–9PM'], ['Friday', '12–9PM'], ['Saturday', '12–9PM']]"
0x89c2eff456840185:0x26f5d340d0565ad5,Sendai Japanese Restaurant & Grill,"Sendai Japanese Restaurant & Grill, 178 Kinderkamack Rd, Emerson, NJ 07630",40.975611,-74.02692499999999,['Japanese restaurant'],4.3,38,,"[['Sunday', 'Closed'], ['Monday', '11AM–10PM'], ['Tuesday', '11AM–10PM'], ['Wednesday', '11AM–10PM'], ['Thursday', '11AM–10PM'], ['Friday', '11AM–10PM'], ['Saturday', '11AM–10PM']]"
0x89c6d78b39c040cd:0x7cd136f7148c28c2,Oishii Ramen,"Oishii Ramen, 312 Rowan Blvd, Glassboro, NJ 08028",39.706455,-75.1142243,"['Japanese restaurant', 'Ramen restaurant', 'Sushi restaurant']",4.8,54,,"[['Sunday', '10:30AM–10PM'], ['Monday', '10:30AM–10PM'], ['Tuesday', '10:30AM–10PM'], ['Wednesday', '10:30AM–10PM'], ['Thursday', '10:30AM–10PM'], ['Friday', '10:30AM–10PM'], ['Saturday', '10:30AM–10PM']]"
0x89c3fd772705b76b:0x866054829f4a7fb1,Happy Wok,"Happy Wok, 25 NJ-31, Pennington, NJ 08534",40.3256805,-74.7970811,['Japanese restaurant'],4.8,17,,"[['Sunday', '12–9PM'], ['Monday', 'Closed'], ['Tuesday', '12–9PM'], ['Wednesday', '12–9PM'], ['Thursday', '12–9PM'], ['Friday', '12–9:30PM'], ['Saturday', '12–9:30PM']]"
0x89c2f94802630147:0xb54e615d30f8bc36,Sea Shai,"Sea Shai, 388 US-46, South Hackensack, NJ 07606",40.8558466,-74.0464215,"['Korean restaurant', 'Japanese restaurant', 'Sushi restaurant']",4.5,66,,"[['Saturday', '11:30AM–10PM'], ['Sunday', 'Closed'], ['Monday', '11:30AM–10PM'], ['Tuesday', '11:30AM–10PM'], ['Wednesday', '11:30AM–10PM'], ['Thursday', '11:30AM–10PM'], ['Friday', '11:30AM–10PM']]"
0x89c2fb90f3f25bb5:0x429fda4827f76c68,Mei Sushi Japanese Restaurant,"Mei Sushi Japanese Restaurant, 14-20 Plaza Rd N, Fair Lawn, NJ 07410",40.939909899999996,-74.1205064,"['Sushi restaurant', 'Japanese restaurant']",3.8,126,$$,"[['Saturday', '11AM–10PM'], ['Sunday', '1–10PM'], ['Monday', 'Closed'], ['Tuesday', '11AM–10PM'], ['Wednesday', '11AM–10PM'], ['Thursday', '11AM–10PM'], ['Friday', '11AM–10PM']]"
0x89c2516d38b88273:0xb83a7e13909b61d4,Teri Teri Go,"Teri Teri Go, 498 West Side Ave, Jersey City, NJ 07304",40.717951299999996,-74.0839763,"['Japanese restaurant', 'Chicken wings restaurant', 'Korean restaurant']",3.7,36,,"[['Friday', '11AM–9PM'], ['Saturday', '11AM–9PM'], ['Sunday', '11AM–9PM'], ['Monday', 'Closed'], ['Tuesday', '11AM–9PM'], ['Wednesday', '11AM–9PM'], ['Thursday', '11AM–9PM']]"
0x89c3c97b448ad465:0x467bc6876836e7c7,Kendy's Sushi & Peking Garden,"Kendy's Sushi & Peking Garden, 881 Main St #13, Sayreville, NJ 08872",40.476282,-74.318148,"['Japanese restaurant', 'Asian restaurant', 'Chinese restaurant', 'Delivery Restaurant', 'Restaurant']",4.1,108,$,"[['Friday', '11AM–11PM'], ['Saturday', '11AM–11PM'], ['Sunday', '12–10PM'], ['Monday', '3–10PM'], ['Tuesday', '12–10PM'], ['Wednesday', '12–10PM'], ['Thursday', '11AM–10PM']]"
0x89c2f8be97d72115:0x7609d3416d1b6ed8,Yan Asian,"Yan Asian, 94 Park Ave, Rutherford, NJ 07070",40.8272414,-74.1048058,"['Asian restaurant', 'Catering food and drink supplier', 'Chinese restaurant', 'Delivery service', 'Japanese restaurant', 'Sushi restaurant', 'Thai restaurant']",4.0,98,$$,"[['Friday', '11AM–10:15PM'], ['Saturday', '11AM–10PM'], ['Sunday', '12–9:30PM'], ['Monday', '11AM–9:30PM'], ['Tuesday', 'Closed'], ['Wednesday', '11AM–9:30PM'], ['Thursday', '11AM–9:30PM']]"
0x89c39da788c308b1:0x45dc4c7fd14147dc,Eastern Express,"Eastern Express, 3 Mt Olive Rd, Budd Lake, NJ 07828",40.870659499999995,-74.7337883,"['Asian restaurant', 'Chinese restaurant', 'Japanese restaurant']",3.8,18,,"[['Wednesday', '4–10PM'], ['Thursday', '4–10PM'], ['Friday', '4–10PM'], ['Saturday', '4–10PM'], ['Sunday', '4–10PM'], ['Monday', '4–10PM'], ['Tuesday', '4–10PM']]"
0x89c3b105f1aea80d:0xf2e454e539009cea,Sushi & Asian Kitchen,"Sushi & Asian Kitchen, 336 South Avenue E, Westfield, NJ 07090",40.649327799999995,-74.33723599999999,"['Asian restaurant', 'Asian fusion restaurant', 'Japanese restaurant', 'Sushi restaurant', 'Thai restaurant']",4.2,58,$$,"[['Wednesday', '11:30AM–3PM'], ['Thursday', '11:30AM–3PM'], ['Friday', '11:30AM–3PM'], ['Saturday', '1–9:30PM'], ['Sunday', '1–9:30PM'], ['Monday', '11:30AM–3PM'], ['Tuesday', '11:30AM–3PM']]"
0x89c3cc94a7e97f75:0xe0bb80f91d172256,Panda House,"Panda House, 2653 County Rd 516, Old Bridge, NJ 08857",40.402637899999995,-74.3224664,"['Chinese restaurant', 'Asian restaurant', 'Caterer', 'Japanese restaurant', 'Delivery Restaurant', 'Takeout Restaurant', 'Sushi restaurant']",3.6,65,$,"[['Tuesday', '11AM–10PM'], ['Wednesday', '11AM–10PM'], ['Thursday', '11AM–10PM'], ['Friday', '11AM–11PM'], ['Saturday', '11AM–11PM'], ['Sunday', '12–10PM'], ['Monday', '11AM–10PM']]"
0x89c2f118473ce05f:0xe36e56cb33870e52,Sushi Tatsu,"Sushi Tatsu, 10 Engle St, Englewood, NJ 07631",40.893419,-73.9728617,['Japanese restaurant'],4.5,28,,"[['Tuesday', '11:30AM–10PM'], ['Wednesday', '11:30AM–10PM'], ['Thursday', '11:30AM–10PM'], ['Friday', '11:30AM–10PM'], ['Saturday', '12–10PM'], ['Sunday', 'Closed'], ['Monday', '11:30AM–10PM']]"
0x89c3b1bb19d4462f:0x21e630123ffbeeec,Sushi & Asian Kitchen,"Sushi & Asian Kitchen, 336 South Avenue E, Westfield, NJ 07090",40.649325399999995,-74.3372929,"['Sushi restaurant', 'Asian fusion restaurant', 'Japanese restaurant', 'Restaurant']",4.7,38,,"[['Tuesday', '11:30AM–3PM'], ['Wednesday', '11:30AM–3PM'], ['Thursday', '11:30AM–3PM'], ['Friday', '11:30AM–3PM'], ['Saturday', '1–10:30PM'], ['Sunday', '1–9:30PM'], ['Monday', '11:30AM–3PM']]"
0x89c301973ea7f479:0x7df45ec0f701827e,Tommy Chengs Asian Cuisine,"Tommy Chengs Asian Cuisine, 1810 NJ-23, Wayne, NJ 07470",40.946395599999995,-74.27151289999999,"['Asian restaurant', 'Chinese restaurant', 'Japanese restaurant', 'Thai restaurant']",3.9,75,$$,"[['Tuesday', '11AM–10PM'], ['Wednesday', '11AM–10PM'], ['Thursday', '11AM–10PM'], ['Friday', '11AM–10:30PM'], ['Saturday', '11AM–10:30PM'], ['Sunday', '12–10PM'], ['Monday', '4–10PM']]"
0x89c2f1bc0b4a8697:0xe59f490b1cd7edfc,Cactus Sushi & Fresh Juice,"Cactus Sushi & Fresh Juice, 4 W Railroad Ave, Tenafly, NJ 07670",40.9243387,-73.9650714,"['Authentic Japanese restaurant', 'Mexican restaurant', 'Sushi restaurant']",4.7,38,,"[['Tuesday', '11AM–7:30PM'], ['Wednesday', '11AM–7:30PM'], ['Thursday', '11AM–7:30PM'], ['Friday', '11AM–7:30PM'], ['Saturday', '11AM–7:30PM'], ['Sunday', '11AM–5:30PM'], ['Monday', 'Closed']]"
0x89c2f766ff300851:0x50515bc114b294d3,SAZANAMI CURRY BAR,"SAZANAMI CURRY BAR, 400 Main St, Fort Lee, NJ 07024",40.853380099999995,-73.97466949999999,['Japanese curry restaurant'],4.7,18,,"[['Tuesday', '11:30AM–9PM'], ['Wednesday', 'Closed'], ['Thursday', '11:30AM–9PM'], ['Friday', '11:30AM–9PM'], ['Saturday', '11:30AM–9PM'], ['Sunday', '11:30AM–9PM'], ['Monday', '11:30AM–9PM']]"
0x89c2f0308fe42b49:0x2943ffd211d31739,Chopstix Express Cuisine,"Chopstix Express Cuisine, 150 Washington Ave, Dumont, NJ 07628",40.941027999999996,-73.993815,"['Teppanyaki restaurant', 'Chinese restaurant', 'Japanese restaurant', 'Delivery Restaurant', 'Thai restaurant']",4.3,48,,"[['Monday', 'Closed'], ['Tuesday', '11AM–10PM'], ['Wednesday', '11AM–10PM'], ['Thursday', '11AM–10PM'], ['Friday', '11AM–10:30PM'], ['Saturday', '11AM–10:30PM'], ['Sunday', '12–10:30PM']]"
0x89c2f1dda01ed633:0xab97e1ecc9f1cc63,Hanami Restaurant,"Hanami Restaurant, 41 Union Ave, Cresskill, NJ 07626",40.9420125,-73.9609552,"['Asian restaurant', 'Chinese restaurant', 'Japanese restaurant', 'Delivery Restaurant', 'Sushi restaurant']",4.2,98,$$,"[['Sunday', '12–9PM'], ['Monday', '11AM–3:30PM'], ['Tuesday', '11AM–3:30PM'], ['Wednesday', '11AM–3:30PM'], ['Thursday', '11AM–3:30PM'], ['Friday', '11AM–3:30PM'], ['Saturday', '11AM–3:30PM']]"
0x89c3c9d645009bf5:0xc7115211d45c6409,Yaraku Ramen,"Yaraku Ramen, 2130 Lincoln HWY, NJ-27, Edison, NJ 08817, United States",40.5268411,-74.3852524,"['Japanese restaurant', 'Ramen restaurant']",4.6,227,,"[['Sunday', '11:30AM–9PM'], ['Monday', 'Closed'], ['Tuesday', '11:30AM–9PM'], ['Wednesday', '11:30AM–9PM'], ['Thursday', '11:30AM–9PM'], ['Friday', '11:30AM–9:30PM'], ['Saturday', '11:30AM–9:30PM']]"
0x89c3b6aa7a84d105:0xda4bd60770a89b46,New Empire Asian,"New Empire Asian, 230 Inman Ave, Colonia, NJ 07067",40.600366,-74.31244459999999,"['Chinese restaurant', 'Delivery Chinese restaurant', 'Japanese restaurant', 'Seafood restaurant', 'Sushi restaurant', 'Thai restaurant', 'Vegetarian restaurant']",3.9,38,$,"[['Sunday', '12–9PM'], ['Monday', '11AM–9PM'], ['Tuesday', 'Closed'], ['Wednesday', '11AM–9PM'], ['Thursday', '11AM–9PM'], ['Friday', '11AM–9PM'], ['Saturday', '11AM–9PM']]"
0x89c19fc0988bee4f:0x98dd4dd564b24150,"U House （Sushi , Steakhouse,Cajun seafood ）","U House （Sushi , Steakhouse,Cajun seafood ）, 456 Atlantic City Blvd, Bayville, NJ 08721",39.9130141,-74.1549847,['Japanese steakhouse'],4.1,58,,"[['Sunday', '12–9:30PM'], ['Monday', '11AM–10PM'], ['Tuesday', '11AM–10PM'], ['Wednesday', '11AM–10PM'], ['Thursday', '11AM–10PM'], ['Friday', '11AM–10:30PM'], ['Saturday', '11AM–10:30PM']]"
0x89c22503cd3a8d6d:0x308a919212eba531,Aji Japanese Cuisine,"Aji Japanese Cuisine, 82 Montgomery Ave, Long Branch, NJ 07740",40.2849613,-73.9860082,"['Japanese restaurant', 'Asian fusion restaurant', 'Sushi restaurant']",4.3,138,$$,"[['Saturday', '11:30AM–11PM'], ['Sunday', '11:30AM–10:30PM'], ['Monday', '11:30AM–10:30PM'], ['Tuesday', '11:30AM–10:30PM'], ['Wednesday', '11:30AM–10:30PM'], ['Thursday', '11:30AM–10:30PM'], ['Friday', '11:30AM–11PM']]"
0x89c2fd2c94c59bd1:0xef92a6d4dbe024c7,TEMPURA PLACE,"TEMPURA PLACE, 356 Haledon Ave, Prospect Park, NJ 07508",40.9366728,-74.1803613,['Japanese restaurant'],5.0,118,,"[['Friday', '11:30AM–9PM'], ['Saturday', '11:30AM–9PM'], ['Sunday', 'Closed'], ['Monday', 'Closed'], ['Tuesday', '11:30AM–9PM'], ['Wednesday', '11:30AM–9PM'], ['Thursday', '11:30AM–9PM']]"
0x89c2e1f73b124901:0x286fb91a72fa16f9,Tawara Mart,"Tawara Mart, 55 W Main St, Ramsey, NJ 07446",41.0576958,-74.1436933,"['Japanese grocery store', 'Asian household goods store', 'Bakery', 'Gift shop', 'Ice cream shop', 'Takeout Restaurant']",4.9,38,,"[['Friday', '10AM–8PM'], ['Saturday', '10AM–8PM'], ['Sunday', '10AM–8PM'], ['Monday', '10AM–8PM'], ['Tuesday', '10AM–8PM'], ['Wednesday', '10AM–8PM'], ['Thursday', '10AM–8PM']]"
0x89c3765b1cce83bf:0x91734721752967d7,Halulu,"Halulu, 90 US-206, Stanhope, NJ 07874, United States",40.9352672,-74.7202897,"['Japanese restaurant', 'Sushi restaurant']",4.2,335,$$,"[['Friday', '11AM–2:30PM'], ['Saturday', '12–10PM'], ['Sunday', '12–9PM'], ['Monday', '11AM–2:30PM'], ['Tuesday', '11AM–2:30PM'], ['Wednesday', '11AM–2:30PM'], ['Thursday', '11AM–2:30PM']]"
0x89c1834b2c6c7ea5:0xbe6ff0e1f17d4c7c,"Koi Asian Fusion Lounge (25 Brick Blvd, Brick Location, NJ)","Koi Asian Fusion Lounge (25 Brick Blvd, Brick Location, NJ), 25 Brick Blvd, Brick Township, NJ 08723, United States",40.022265,-74.1437601,"['Sushi restaurant', 'Chinese restaurant', 'Japanese restaurant']",4.5,674,$$,"[['Friday', '11AM–9PM'], ['Saturday', '11AM–9PM'], ['Sunday', '12–9PM'], ['Monday', '11AM–9PM'], ['Tuesday', '11AM–9PM'], ['Wednesday', '11AM–9PM'], ['Thursday', '11AM–9PM']]"
0x89c14a02c6cb7f19:0x7c3bf2f631cf2711,Miyabi Restaurant,"Miyabi Restaurant, 3111 NJ-38 Suite 6 Mt Laurel Township, NJ 08054",39.971772099999995,-74.8739217,['Japanese restaurant'],4.5,178,$$,"[['Friday', '11AM–9PM'], ['Saturday', '11AM–9PM'], ['Sunday', '11AM–8PM'], ['Monday', 'Closed'], ['Tuesday', '11AM–8:30PM'], ['Wednesday', '11AM–8:30PM'], ['Thursday', '11AM–8:30PM']]"
0x89c231188f91ffb5:0xd4d93430e7ae26f1,Yumi Sushi Red Bank,"Yumi Sushi Red Bank, 9 Broad St, Red Bank, NJ 07701",40.3519023,-74.0651924,"['Sushi restaurant', 'Asian fusion restaurant', 'Asian restaurant', 'Japanese restaurant', 'Modern izakaya restaurants', 'Pan-Asian restaurant']",4.5,38,,"[['Friday', '11AM–2:30PM'], ['Saturday', '11AM–2:30PM'], ['Sunday', '5–9:30PM'], ['Monday', '11AM–2:30PM'], ['Tuesday', 'Closed'], ['Wednesday', '11AM–2:30PM'], ['Thursday', '11AM–2:30PM']]"
0x89c0e9a2641f8731:0xede29be46d33a2f6,Ichiban Japanese Cuisine,"Ichiban Japanese Cuisine, 1333 New Rd, Northfield, NJ 08225",39.3748168,-74.554659,['Japanese restaurant'],4.6,94,$,"[['Friday', '11AM–6:30PM'], ['Saturday', '11AM–6:30PM'], ['Sunday', 'Closed'], ['Monday', 'Closed'], ['Tuesday', '11AM–6:30PM'], ['Wednesday', '11AM–6:30PM'], ['Thursday', '11AM–6:30PM']]"
0x89c23124599ae159:0xde42ca236c05d70d,Takumi Japanese Restaurant,"Takumi Japanese Restaurant, 1375 NJ-35, Middletown Township, NJ 07748",40.4024405,-74.12081669999999,['Japanese restaurant'],4.8,65,,"[['Friday', '11AM–11PM'], ['Saturday', '11AM–11PM'], ['Sunday', '12–10PM'], ['Monday', '11AM–10PM'], ['Tuesday', '11AM–10PM'], ['Wednesday', '11AM–10PM'], ['Thursday', '11AM–10PM']]"
0x89c31e618545d601:0x1986f166e28bd63b,Raku Sushi,"Raku Sushi, 130 Skyline Dr, Ringwood, NJ 07456",41.0857726,-74.26057349999999,"['Sushi restaurant', 'Asian restaurant', 'Japanese restaurant']",4.3,78,$$,"[['Thursday', '11AM–9PM'], ['Friday', '11AM–9PM'], ['Saturday', '11AM–9PM'], ['Sunday', '11AM–9PM'], ['Monday', 'Closed'], ['Tuesday', '11AM–9PM'], ['Wednesday', '11AM–9PM']]"
0x89c253154b9df305:0x4f61047d78bc859f,Go!Go! Curry! Newark,"Go!Go! Curry! Newark, 1 William St, Newark, NJ 07102",40.7335042,-74.1739185,"['Japanese curry restaurant', 'Caterer', 'Family restaurant', 'Authentic Japanese restaurant', 'Japanese restaurant', 'Lunch restaurant', 'Takeout Restaurant', 'Katsudon restaurant']",4.9,55,,"[['Thursday', '10:55AM–5:55PM'], ['Friday', '10:55AM–7:55PM'], ['Saturday', '10:55AM–7:55PM'], ['Sunday', '10:55AM–7:55PM'], ['Monday', '10:55AM–5:55PM'], ['Tuesday', '10:55AM–5:55PM'], ['Wednesday', '10:55AM–5:55PM']]"
0x89c0bbaa9ed3f22b:0xc8916c3511ac03a2,Sushi Ocean View Japanese Restaurant,"Sushi Ocean View Japanese Restaurant, 556 Sea Isle Blvd, Ocean View, NJ 08230",39.176071199999996,-74.73240659999999,"['Japanese restaurant', 'Asian restaurant', 'Sushi restaurant']",4.6,178,,"[['Wednesday', '11:30AM–10PM'], ['Thursday', '11:30AM–10PM'], ['Friday', '11:30AM–11PM'], ['Saturday', '11:30AM–11PM'], ['Sunday', '12–10PM'], ['Monday', '11:30AM–10PM'], ['Tuesday', '11:30AM–10PM']]"
0x89c251765160db55:0x2e4ea75431a9730d,East Hana JC,"East Hana JC, 103 Montgomery St, Jersey City, NJ 07302",40.716837999999996,-74.03899609999999,"['Japanese restaurant', 'Ramen restaurant', 'Sushi restaurant', 'Sushi takeaway']",4.1,65,,"[['Wednesday', '11AM–9:30PM'], ['Thursday', '11AM–9:30PM'], ['Friday', '11:30AM–11PM'], ['Saturday', '11:30AM–11PM'], ['Sunday', '12–9:30PM'], ['Monday', '11AM–9:30PM'], ['Tuesday', '11AM–9:30PM']]"
0x89c2f650d999c35d:0xb66a213e755e4338,Teri Teri Edgewater Restaurant,"Teri Teri Edgewater Restaurant, 10 Dempsey Ave, Edgewater, NJ 07020",40.827136499999995,-73.9738656,"['Japanese restaurant', 'Korean restaurant', 'Lunch restaurant']",4.4,138,,"[['Wednesday', '11:30AM–9PM'], ['Thursday', '11:30AM–9PM'], ['Friday', '11:30AM–9PM'], ['Saturday', '11:30AM–9PM'], ['Sunday', '11:30AM–9PM'], ['Monday', 'Closed'], ['Tuesday', '11:30AM–9PM']]"
0x89c2e4a8e8826ba5:0x4fb51ed6c7e010ac,Gen Sushi Hibachi,"Gen Sushi Hibachi, 15 E Ridgewood Ave, Ridgewood, NJ 07450",40.979872,-74.119749,"['Teppanyaki restaurant', 'Japanese restaurant']",3.6,18,,"[['Wednesday', '11AM–3PM'], ['Thursday', '11AM–3PM'], ['Friday', '11AM–3PM'], ['Saturday', '12:30–10PM'], ['Sunday', '3:30–9:30PM'], ['Monday', '11AM–3PM'], ['Tuesday', '11AM–3PM']]"
0x89c1064a0c0f7829:0x52807753e79c9def,Makoto Japanese Steak House,"Makoto Japanese Steak House, 297 NJ-72, Manahawkin, NJ 08050, United States",39.699515,-74.269624,"['Japanese steakhouse', 'Asian restaurant', 'Japanese restaurant', 'Restaurant', 'Seafood restaurant', 'Steak house', 'Sushi restaurant']",4.2,278,₩₩,"[['Tuesday', '11AM–2:30PM'], ['Wednesday', '11AM–2:30PM'], ['Thursday', '11AM–2:30PM'], ['Friday', '11AM–2:30PM'], ['Saturday', '11AM–2:30PM'], ['Sunday', '11AM–2:30PM'], ['Monday', '11AM–2:30PM']]"
0x89c301b84316aaa5:0x4e025873b14608e3,Osaka Sushi,"Osaka Sushi, 166 Newark Pompton Turnpike, Little Falls, NJ 07424",40.882321,-74.243189,"['Sushi restaurant', 'Asian restaurant', 'Japanese restaurant']",4.6,105,$$,"[['Sunday', '12–7:30PM'], ['Monday', 'Closed'], ['Tuesday', '12–7:30PM'], ['Wednesday', '12–7:30PM'], ['Thursday', '12–7:30PM'], ['Friday', '12–7:30PM'], ['Saturday', '12–7:30PM']]"
0x89c2ff0eed5af081:0x266a9cb87faa030e,Ino Sushi,"Ino Sushi, 116A Market St, Clifton, NJ 07012",40.8459631,-74.1629339,['Authentic Japanese restaurant'],4.6,128,,"[['Sunday', 'Closed'], ['Monday', '12–3PM'], ['Tuesday', '12–3PM'], ['Wednesday', '12–3PM'], ['Thursday', '12–3PM'], ['Friday', '12–3PM'], ['Saturday', '4–9:30PM']]"
0x89c2ff739716b4f3:0xc2267db3c4e5bceb,Sushi You,"Sushi You, 397 W Passaic Ave, Bloomfield, NJ 07003",40.836694,-74.16382399999999,"['Japanese restaurant', 'Asian restaurant', 'Takeout Restaurant', 'Sushi restaurant']",4.4,215,$,"[['Sunday', '12–9:30PM'], ['Monday', '11AM–9:30PM'], ['Tuesday', 'Closed'], ['Wednesday', '11AM–9:30PM'], ['Thursday', '11AM–9:30PM'], ['Friday', '11AM–10PM'], ['Saturday', '11AM–10PM']]"
0x89c3bbf29ab0f665:0xc89c0acc233d31a4,Zen Sushi Ramen Dim Sum,"New Jersey, Berkeley Heights, Springfield Ave, Zen Sushi Ramen Dim Sum邮政编码: 07922",40.6851759,-74.4367997,"['Ramen restaurant', 'Asian restaurant', 'Chinese restaurant', 'Dim sum restaurant', 'Authentic Japanese restaurant', 'Sushi restaurant', 'Sushi takeaway']",4.1,16,,"[['Saturday', '11:30AM–3PM'], ['Sunday', '11:30AM–3PM'], ['Monday', 'Closed'], ['Tuesday', '11:30AM–3PM'], ['Wednesday', '11:30AM–3PM'], ['Thursday', '11:30AM–3PM'], ['Friday', '11:30AM–3PM']]"
0x89c3db291a5b49f3:0xf4aa031b924bfc86,Eastern Bistro,"Eastern Bistro, 891 Cranbury South River Rd #102, Jamesburg, NJ 08831",40.3776145,-74.4558756,"['Asian restaurant', 'Chinese restaurant', 'Japanese restaurant', 'Sushi restaurant', 'Thai restaurant']",4.3,88,,"[['Saturday', '11AM–9PM'], ['Sunday', 'Closed'], ['Monday', '11AM–9:30PM'], ['Tuesday', '11AM–9:30PM'], ['Wednesday', '11AM–9:30PM'], ['Thursday', '11AM–9:30PM'], ['Friday', '11AM–10PM']]"
0x89c3e62eea45dbcb:0xf2cdf45ac918f49f,Sushi John,"Sushi John, 1325 US-206, Skillman, NJ 08858",40.405298699999996,-74.64700169999999,"['Japanese restaurant', 'Sushi restaurant']",4.6,28,,"[['Saturday', '11:30AM–10PM'], ['Sunday', '11:30AM–9:30PM'], ['Monday', '11:30AM–9:30PM'], ['Tuesday', '11:30AM–9:30PM'], ['Wednesday', '11:30AM–9:30PM'], ['Thursday', '11:30AM–9:30PM'], ['Friday', '11:30AM–10PM']]"
0x89c2e4a8c0d091f5:0x3f7c415ca8122833,Sushi X,"Sushi X, 23 Chestnut St, Ridgewood, NJ 07450, United States",40.980205999999995,-74.11895899999999,"['Sushi restaurant', 'Asian restaurant', 'Japanese restaurant']",4.2,388,₩₩,"[['Wednesday', '11:30AM–10PM'], ['Thursday', '11:30AM–10PM'], ['Friday', '11:30AM–11PM'], ['Saturday', '11:30AM–11PM'], ['Sunday', '11:30AM–10PM'], ['Monday', '11:30AM–10PM'], ['Tuesday', '11:30AM–10PM']]"
0x89c259e1dad204e3:0x8f7a7a37aa23f685,Ubu,"Ubu, 205 Hudson St, Hoboken, NJ 07030",40.738712299999996,-74.0291824,"['Japanese restaurant', 'Korean restaurant']",4.4,148,$$,"[['Tuesday', '12–3PM'], ['Wednesday', '12–3PM'], ['Thursday', '12–3PM'], ['Friday', '12–3PM'], ['Saturday', '12–3PM'], ['Sunday', 'Closed'], ['Monday', '12–3PM']]"
0x89c22f0ab389bcb9:0xae5b67edd946898d,Teri Teri,"Teri Teri, 180 Route 35 #Fc1, Eatontown, NJ 07724",40.2876987,-74.05608269999999,"['Japanese restaurant', 'Asian fusion restaurant', 'Asian restaurant', 'Authentic Japanese restaurant']",3.9,28,$,"[['Tuesday', '11AM–7PM'], ['Wednesday', '11AM–7PM'], ['Thursday', '11AM–7PM'], ['Friday', '11AM–8PM'], ['Saturday', '11AM–8PM'], ['Sunday', '11AM–6PM'], ['Monday', '11AM–7PM']]"
0x89c0dcd6f1d4a4f3:0x56de6e3d2219c6a9,Asian Chao Oriental eatery,"Asian Chao Oriental eatery, 4403 E Black Horse Pike, Mays Landing, NJ 08330",39.453438299999995,-74.6436824,"['Japanese restaurant', 'Sushi restaurant']",4.6,8,,
0x89c3b6b1bacf2f99:0x7f349567abf40142,Kyoto Sushi 8,"Kyoto Sushi 8, 537 Inman Ave c, Colonia, NJ 07067",40.598544,-74.325065,"['Japanese restaurant', 'Restaurant', 'Sushi restaurant', 'Thai restaurant']",4.5,68,$$,"[['Tuesday', '11AM–10PM'], ['Wednesday', '11AM–10PM'], ['Thursday', '11AM–10PM'], ['Friday', '11AM–11PM'], ['Saturday', '11AM–11PM'], ['Sunday', '12–10PM'], ['Monday', 'Closed']]"
0x89c2f799293318d3:0x5a42959dc7275072,Coney Island's,"Coney Island's, 550 Broad Ave, Ridgefield, NJ 07657",40.83254,-74.00980799999999,"['American restaurant', 'Hamburger restaurant', 'Japanese steakhouse']",4.5,8,,"[['Tuesday', '10AM–9PM'], ['Wednesday', '10AM–9PM'], ['Thursday', '10AM–9PM'], ['Friday', '10AM–9PM'], ['Saturday', '11AM–8PM'], ['Sunday', '11AM–8PM'], ['Monday', '10AM–9PM']]"
0x89c2f70c1789bd2f:0x25cb866b2e0dbb85,Bonjuk(본죽) Palisades Park,"Bonjuk(본죽) Palisades Park, 4 E Columbia Ave, Palisades Park, NJ 07650",40.8425054,-74.0015124,['Japanese restaurant'],4.0,68,,
0x89c0e9ad7c277999:0x631c2e8cb757f7bf,Sushi Town Japanese Restaurant,"Sushi Town Japanese Restaurant, 6814 Tilton Rd # 10, Egg Harbor Township, NJ 08234",39.3919371,-74.5577708,"['Japanese restaurant', 'Asian restaurant', 'Delivery Restaurant', 'Restaurant', 'Seafood restaurant', 'Sushi restaurant', 'Vegetarian restaurant']",4.2,98,,"[['Monday', 'Closed'], ['Tuesday', '11:30AM–9PM'], ['Wednesday', '11:30AM–9PM'], ['Thursday', '11:30AM–9PM'], ['Friday', '11:30AM–9PM'], ['Saturday', '11:30AM–9PM'], ['Sunday', '11:30AM–9PM']]"
0x89c3c0f3a265c0c3:0xa1b6d70aaa0ba4c,My Tokyo Sushi & Grill,"My Tokyo Sushi & Grill, 441 Elizabeth Ave, Somerset, NJ 08873",40.529047,-74.538659,['Japanese restaurant'],4.1,28,,"[['Monday', '10:45AM–9PM'], ['Tuesday', '10:45AM–9PM'], ['Wednesday', '10:45AM–9PM'], ['Thursday', '10:45AM–9PM'], ['Friday', '10:45AM–9PM'], ['Saturday', '11AM–9PM'], ['Sunday', 'Closed']]"
0x89c31d74ba0974bb:0x2c61a942c42dc917,Fuji Japanese Restaurant,"Fuji Japanese Restaurant, 350 Ramapo Valley Rd, Oakland, NJ 07436",41.0241014,-74.2404567,['Japanese restaurant'],4.4,7,,
0x89c2fa9e25571999:0x6e2471a27fbbe3b6,Fuki Sushi,"Fuki Sushi, 828 Kinderkamack Rd, River Edge, NJ 07661",40.936343,-74.03076999999999,"['Japanese restaurant', 'Asian restaurant', 'Sushi restaurant']",4.4,138,$$,"[['Monday', 'Closed'], ['Tuesday', '4–8:30PM'], ['Wednesday', '4–8:30PM'], ['Thursday', '4–8:30PM'], ['Friday', '4–8:30PM'], ['Saturday', '4–8:30PM'], ['Sunday', '4–8:30PM']]"
0x89c309e8e3df7e35:0x6fa592889fc9af18,Bluefin Sushi,"Bluefin Sushi, 490 E Main St, Denville, NJ 07834",40.8760665,-74.4802672,"['Asian restaurant', 'Japanese language instructor']",3.9,88,,"[['Monday', 'Closed'], ['Tuesday', '11:30AM–3PM'], ['Wednesday', '11:30AM–3PM'], ['Thursday', '11:30AM–3PM'], ['Friday', '11:30AM–3PM'], ['Saturday', '11:30AM–3PM'], ['Sunday', '2–10PM']]"
0x89c0eb9220ef1f8f:0x4f3004db9702b87c,Miyako Japanese Sushi & Steakhouse,"Miyako Japanese Sushi & Steakhouse, 9210 Ventnor Ave, Margate City, NJ 08402",39.322732599999995,-74.5128391,"['Japanese restaurant', 'Sushi restaurant']",4.1,177,$$,"[['Monday', '1–10PM'], ['Tuesday', '1–10PM'], ['Wednesday', '1–10PM'], ['Thursday', '1–10PM'], ['Friday', '1–11PM'], ['Saturday', '1–11PM'], ['Sunday', '1–10PM']]"
0x89c2ffd7bdf2a827:0x65d3711ddeb0c04d,Sea Shai Korean Japanese Sushi Restaurant,"Sea Shai Korean Japanese Sushi Restaurant, 662 Passaic Ave # A, Nutley, NJ 07110",40.827280699999996,-74.1458905,"['Sushi restaurant', 'Japanese restaurant', 'Korean restaurant']",4.6,106,,"[['Sunday', 'Closed'], ['Monday', '11AM–10PM'], ['Tuesday', '11AM–10PM'], ['Wednesday', '11AM–10PM'], ['Thursday', '11AM–10PM'], ['Friday', '11AM–10PM'], ['Saturday', '11AM–10PM']]"
0x89c2f76d451a4e3d:0x2a36c85320ed130c,Oh mammy,"Oh mammy, 1232 Anderson Ave, Fort Lee, NJ 07024",40.8401658,-73.9809386,['Japanese curry restaurant'],4.9,33,,"[['Sunday', '11AM–5PM'], ['Monday', 'Closed'], ['Tuesday', '11AM–7PM'], ['Wednesday', '11AM–7PM'], ['Thursday', '11AM–7PM'], ['Friday', '11AM–7PM'], ['Saturday', '11AM–7PM']]"
0x89c3a928b0bd4375:0xa6418dbeb9171ab,Sarku Japan,"Sarku Japan, 112 Eisenhower Parkway Space #VC-02, Livingston, NJ 07039",40.777162499999996,-74.353982,"['Japanese restaurant', 'Fast food restaurant', 'Restaurant', 'Sushi restaurant', 'Teppanyaki restaurant']",3.9,46,$,"[['Sunday', '12–6PM'], ['Monday', '11AM–7PM'], ['Tuesday', '11AM–7PM'], ['Wednesday', '11AM–7PM'], ['Thursday', '11AM–7PM'], ['Friday', '10AM–8PM'], ['Saturday', '10AM–8PM']]"
0x89c2554cc9684695:0x919d30ec0660bc40,Sushi Hana Japanese Restaurant,"Sushi Hana Japanese Restaurant, 5 N Fullerton Ave, Montclair, NJ 07042",40.8142466,-74.21735989999999,"['Japanese restaurant', 'Restaurant']",4.7,108,$$,"[['Saturday', '12–10:30PM'], ['Sunday', '12–10PM'], ['Monday', '12–10PM'], ['Tuesday', 'Closed'], ['Wednesday', '12–10PM'], ['Thursday', '12–10PM'], ['Friday', '12–10:30PM']]"
0x89c309b956af376f:0xf5e06a095b3f8758,Fu Sha Sushi Bar,"Fu Sha Sushi Bar, 156 Parsippany Rd, Parsippany-Troy Hills, NJ 07054",40.8598722,-74.4264455,"['Japanese restaurant', 'Sushi restaurant']",4.4,8,$$,"[['Saturday', '11AM–9PM'], ['Sunday', 'Closed'], ['Monday', '11AM–9PM'], ['Tuesday', '11AM–9PM'], ['Wednesday', '11AM–9PM'], ['Thursday', '11AM–9PM'], ['Friday', '11AM–9PM']]"
0x89c136e489dec351:0x78b4c65b93a67854,Jasmine Oriental Cuisine & Hibachi,"Jasmine Oriental Cuisine & Hibachi, 175 NJ-70, Medford, NJ 08055",39.903256,-74.8341416,['Japanese restaurant'],4.4,8,,"[['Saturday', '11AM–10PM'], ['Sunday', '11AM–9PM'], ['Monday', '11AM–9PM'], ['Tuesday', 'Closed'], ['Wednesday', '11AM–9PM'], ['Thursday', '11AM–9PM'], ['Friday', '11AM–10PM']]"
0x89c0a98b3d10f0e1:0xeadd42b89454493e,Tokyo Restaurant,"Tokyo Restaurant, 1711 NJ-47, Rio Grande, NJ 08242",39.010323799999995,-74.8695899,['Japanese restaurant'],4.4,76,$$,"[['Saturday', '11:30AM–11PM'], ['Sunday', '12–10PM'], ['Monday', '11:30AM–10:30PM'], ['Tuesday', '11:30AM–10:30PM'], ['Wednesday', '11:30AM–10:30PM'], ['Thursday', '11:30AM–10:30PM'], ['Friday', '11:30AM–11PM']]"
0x89c3953fd6c3b835:0x7df06da4c369a9e0,Sarku Japan Sushi Bar,"Sarku Japan Sushi Bar, 400 Commons Way Space #3462, Bridgewater Township, NJ 08807",40.5857057,-74.61907269999999,"['Japanese restaurant', 'Fast food restaurant', 'Restaurant', 'Sushi restaurant', 'Teppanyaki restaurant']",4.0,46,$,"[['Saturday', '11AM–8PM'], ['Sunday', '11AM–6PM'], ['Monday', '11AM–7PM'], ['Tuesday', '11AM–7PM'], ['Wednesday', '11AM–7PM'], ['Thursday', '11AM–7PM'], ['Friday', '11AM–8PM']]"
0x89c2f1640c2229c7:0xcf16cc9255778aa4,Kyou Ramen,"Kyou Ramen, 562 Grand Ave, Englewood, NJ 07631",40.876166399999995,-73.984279,"['Japanese restaurant', 'Asian restaurant', 'Cold noodle restaurant', 'Dumpling restaurant', 'Fast food restaurant', 'Authentic Japanese restaurant', 'Japanese curry restaurant', 'Noodle shop', 'Vegan restaurant', 'Vegetarian restaurant']",4.7,95,,"[['Saturday', '12:30–4PM'], ['Sunday', '12:30–4PM'], ['Monday', '5–11PM'], ['Tuesday', '5–11PM'], ['Wednesday', 'Closed'], ['Thursday', '5–11PM'], ['Friday', '5–11PM']]"
0x89c1286c5a2a3b63:0x95132dc9661e4f32,Hoy Yeung Restaurant,"Hoy Yeung Restaurant, 240 S White Horse Pike, Hammonton, NJ 08037",39.6416616,-74.7820309,"['Japanese restaurant', 'Chinese restaurant', 'Authentic Japanese restaurant', 'Delivery Restaurant', 'Sushi restaurant']",4.5,114,$$,"[['Friday', '11AM–10PM'], ['Saturday', '11AM–10PM'], ['Sunday', '11AM–10PM'], ['Monday', '11AM–10PM'], ['Tuesday', 'Closed'], ['Wednesday', '11AM–10PM'], ['Thursday', '11AM–10PM']]"
0x89c0ec20a661e075:0x262eabeb7d96a865,Yama Japanese Restaurant,"Yama Japanese Restaurant, 5305 Atlantic Ave, Ventnor City, NJ 08406",39.3419139,-74.47106389999999,"['Japanese restaurant', 'Asian restaurant']",4.4,183,$$,"[['Friday', '11:30AM–10PM'], ['Saturday', '11:30AM–10PM'], ['Sunday', '11:30AM–10PM'], ['Monday', '11:30AM–10PM'], ['Tuesday', '11:30AM–10PM'], ['Wednesday', '11:30AM–10PM'], ['Thursday', '11:30AM–10PM']]"
0x89c14b1e0832f325:0xcb2051782d1a9395,Megu Sushi Asian Cuisine,"Megu Sushi Asian Cuisine, 300 Young Ave, Moorestown, NJ 08057",39.970787,-74.917863,"['Japanese restaurant', 'Asian restaurant']",4.5,12,,"[['Friday', '11:30AM–10:30PM'], ['Saturday', '11:30AM–10:30PM'], ['Sunday', '12:30–9:30PM'], ['Monday', '11:30AM–10PM'], ['Tuesday', '11:30AM–10PM'], ['Wednesday', '11:30AM–10PM'], ['Thursday', '11:30AM–10PM']]"
0x89c250b4e597ec3f:0x16164effa94571e8,POKAY,"POKAY, 283 Newark Ave, Jersey City, NJ 07302",40.723385,-74.049928,"['Hawaiian restaurant', 'Fast food restaurant', 'Japanese restaurant', 'Seafood restaurant']",4.5,93,$,"[['Friday', '12–8:45PM'], ['Saturday', '12–8:45PM'], ['Sunday', 'Closed'], ['Monday', '3–8:45PM'], ['Tuesday', '3–8:45PM'], ['Wednesday', '3–8:45PM'], ['Thursday', '3–8:45PM']]"
0x89c2539a13261929:0xd876940a4662941b,Sushi House 21,"Sushi House 21, 243 Elm St, Newark, NJ 07105",40.726964599999995,-74.160072,"['Sushi restaurant', 'Asian restaurant', 'Japanese restaurant', 'Delivery Restaurant', 'Takeout Restaurant']",4.4,165,$,"[['Friday', '12–9PM'], ['Saturday', '12–9PM'], ['Sunday', 'Closed'], ['Monday', 'Closed'], ['Tuesday', '12–8PM'], ['Wednesday', '12–8PM'], ['Thursday', '12–8PM']]"
0x89c3029b5c45d13b:0xcb1e989e99943e4a,Taka,"Taka, 787 Hamburg Turnpike, Wayne, NJ 07470",40.9559663,-74.22527699999999,"['Japanese restaurant', 'Asian restaurant', 'Sushi restaurant']",4.2,158,$,"[['Friday', '12–9PM'], ['Saturday', '12–9PM'], ['Sunday', '2–9PM'], ['Monday', '12–9PM'], ['Tuesday', '12–9PM'], ['Wednesday', '12–9PM'], ['Thursday', '12–9PM']]"
0x89c25586877942b3:0x3aa9cb9270801df9,Sushi ya,"Sushi ya, 226 Franklin Ave B, Nutley, NJ 07110",40.8154294,-74.16211849999999,"['Restaurant', 'Asian restaurant', 'Japanese restaurant', 'Sushi restaurant']",4.4,58,,"[['Friday', '12–10PM'], ['Saturday', '12–9:30PM'], ['Sunday', 'Closed'], ['Monday', '12–9:30PM'], ['Tuesday', '12–9:30PM'], ['Wednesday', '12–9:30PM'], ['Thursday', '12–9:30PM']]"
0x89c3cf6dd34d9e37:0xde0dfc8492d68cea,Sarku Japan Teriyaki & Sushi Express,"Sarku Japan Teriyaki & Sushi Express, 623 Route 18 South, Summerhill Rd, East Brunswick, NJ 08816",40.4351735,-74.3901544,"['Japanese restaurant', 'Fast food restaurant', 'Restaurant', 'Sushi restaurant', 'Teppanyaki restaurant']",4.1,118,$,"[['Thursday', '11AM–8PM'], ['Friday', '11AM–8PM'], ['Saturday', '11AM–8PM'], ['Sunday', '12–8PM'], ['Monday', '11AM–8PM'], ['Tuesday', '11AM–8PM'], ['Wednesday', '11AM–8PM']]"
0x89c2eedf7b0c89a7:0xb18e7b5fb23bc74c,Hoshitori Sushi & Ramen,"Hoshitori Sushi & Ramen, 216 Old Tappan Rd #5C, Old Tappan, NJ 07675",41.01395,-73.98261389999999,"['Japanese restaurant', 'Sushi restaurant']",4.5,68,$,"[['Thursday', '11:30AM–9PM'], ['Friday', '11:30AM–9PM'], ['Saturday', '11:30AM–9PM'], ['Sunday', '11:30AM–9PM'], ['Monday', '11:30AM–9PM'], ['Tuesday', '11:30AM–9PM'], ['Wednesday', '11:30AM–9PM']]"
0x89c251f731580e3f:0x4c6f6d86efa95ce1,Precious Bistro,"Precious Bistro, 580 Avenue C, Bayonne, NJ 07002",40.667057,-74.11852499999999,"['Asian restaurant', 'Chinese restaurant', 'Fine dining restaurant', 'Japanese restaurant', 'Delivery Restaurant', 'Restaurant']",3.9,78,$,"[['Thursday', '11AM–9PM'], ['Friday', '11AM–10PM'], ['Saturday', '11AM–10PM'], ['Sunday', '12–9PM'], ['Monday', 'Closed'], ['Tuesday', '11AM–9PM'], ['Wednesday', '11AM–9PM']]"
0x89c17bee2031bc45:0xe6f6797fdad7dd02,Mein King Restaurant,"Mein King Restaurant, 10 S New Prospect Rd #20, Jackson Township, NJ 08527",40.1395896,-74.2669344,"['Chinese restaurant', 'Japanese restaurant', 'Delivery Restaurant']",4.1,98,$,"[['Thursday', '11AM–9PM'], ['Friday', '11AM–9PM'], ['Saturday', '11AM–9PM'], ['Sunday', '11AM–9PM'], ['Monday', '11AM–9PM'], ['Tuesday', 'Closed'], ['Wednesday', '11AM–9PM']]"
0x89c3e102b48e4f67:0x5cf997bd413069dc,Mizu Japanese Cuisine,"Mizu Japanese Cuisine, 217 Clarksville Rd # 5, West Windsor Township, NJ 08550",40.3001438,-74.64164,"['Japanese restaurant', 'Sushi restaurant']",4.4,98,$$,"[['Thursday', '11AM–9PM'], ['Friday', '11AM–9PM'], ['Saturday', '12–9:30PM'], ['Sunday', '12–9:30PM'], ['Monday', 'Closed'], ['Tuesday', '11AM–9PM'], ['Wednesday', '11AM–9PM']]"
0x89c6c950b0333507:0x3a7191be1ccfcf4a,Sushi World,"Sushi World, 747 Haddon Ave, Collingswood, NJ 08108",39.916010799999995,-75.06740789999999,"['Sushi restaurant', 'Chinese restaurant', 'Japanese restaurant']",3.1,28,,"[['Thursday', '11AM–10PM'], ['Friday', '11AM–11PM'], ['Saturday', '11AM–11PM'], ['Sunday', '12–10PM'], ['Monday', 'Closed'], ['Tuesday', '11AM–10PM'], ['Wednesday', '11AM–10PM']]"
0x89c255cdd43a7013:0xb947dafdf15a8afa,Mr Shu,"Mr Shu, 2 Ridge Rd, North Arlington, NJ 07031",40.7817858,-74.1382292,"['Asian restaurant', 'Chinese restaurant', 'Japanese restaurant', 'Delivery Restaurant', 'Sushi restaurant', 'Thai restaurant']",4.3,116,$,"[['Thursday', '11AM–10PM'], ['Friday', '11AM–10:30PM'], ['Saturday', '11AM–10:30PM'], ['Sunday', '12–10PM'], ['Monday', '11AM–10PM'], ['Tuesday', 'Closed'], ['Wednesday', 'Closed']]"
0x89c2e311e880aacd:0xf3d85309d9fb32d0,Naru Restaurant,"Naru Restaurant, 754 Franklin Ave, Franklin Lakes, NJ 07417",41.0196174,-74.2048896,"['Japanese restaurant', 'Sushi restaurant', 'Teppanyaki restaurant']",4.6,154,$$,"[['Thursday', '11:30AM–3PM'], ['Friday', '11:30AM–3PM'], ['Saturday', '12–2:30PM'], ['Sunday', '12–9:30PM'], ['Monday', 'Closed'], ['Tuesday', '11:30AM–3PM'], ['Wednesday', '11:30AM–3PM']]"
0x89c15ea6a61a2fb9:0x558b64f54a20ebda,foodhing restaurant,"foodhing restaurant, 114 Yardville Allentown Rd, Trenton, NJ 08620",40.1791163,-74.6695702,"['Chinese restaurant', 'Asian restaurant', 'Japanese restaurant', 'Seafood restaurant', 'Sushi restaurant']",3.9,78,$,"[['Thursday', '11AM–9PM'], ['Friday', '11AM–10PM'], ['Saturday', '11AM–10PM'], ['Sunday', '12–9PM'], ['Monday', 'Closed'], ['Tuesday', '11AM–9PM'], ['Wednesday', '11AM–9PM']]"
0x89c6d468966551ff:0xa75d8494bc3ffdc2,Shogun Japanese Cuisine & Crab,"Shogun Japanese Cuisine & Crab, 3101 NJ-42 #4, Sicklerville, NJ 08081",39.7243541,-75.0289822,['Japanese restaurant'],4.7,178,$$,"[['Thursday', '11:30AM–9PM'], ['Friday', '11:30AM–9PM'], ['Saturday', '11:30AM–9PM'], ['Sunday', 'Closed'], ['Monday', 'Closed'], ['Tuesday', '11:30AM–9PM'], ['Wednesday', '11:30AM–9PM']]"
0x89c6d14cefa5cff3:0x72f884acbb8139f2,Yama Japanese Cuisine,"Yama Japanese Cuisine, 415 Egg Harbor Rd, Sewell, NJ 08080",39.7489906,-75.0762939,"['Japanese restaurant', 'Asian restaurant', 'Japanese steakhouse', 'Sushi restaurant']",4.4,73,,"[['Thursday', '11AM–9PM'], ['Friday', '11AM–9PM'], ['Saturday', '11AM–9PM'], ['Sunday', '12–9PM'], ['Monday', 'Closed'], ['Tuesday', '11AM–9PM'], ['Wednesday', '11AM–9PM']]"
0x89c2fb5bee77be5b:0x8f986a4179385564,Bonchon Hackensack,"Bonchon Hackensack, 450 Hackensack Ave, Hackensack, NJ 07601",40.908843999999995,-74.03151,"['Asian fusion restaurant', 'Asian restaurant', 'Chicken restaurant', 'Chicken wings restaurant', 'Fried chicken takeaway', 'Japanese restaurant', 'Korean restaurant', 'Pan-Asian restaurant']",4.0,52,$$,"[['Thursday', '11AM–9PM'], ['Friday', '11AM–9PM'], ['Saturday', '11AM–9PM'], ['Sunday', '11AM–9PM'], ['Monday', '11AM–9PM'], ['Tuesday', '11AM–9PM'], ['Wednesday', '11AM–9PM']]"
0x89c2e4a8a3595e57:0xb22c8e26b303f206,J Mart,"J Mart, 44 Chestnut St, Ridgewood, NJ 07450",40.980747099999995,-74.11936419999999,['Japanese grocery store'],4.8,114,,"[['Wednesday', '10AM–7PM'], ['Thursday', '10AM–7PM'], ['Friday', '10AM–7PM'], ['Saturday', '10AM–7PM'], ['Sunday', '10AM–7PM'], ['Monday', '10AM–7PM'], ['Tuesday', '10AM–7PM']]"
0x89c17f65052a6337:0xbcb57d20ecd235dd,Nagoya Sushi & Hibachi,"Nagoya Sushi & Hibachi, 4562 U.S. 9 #2, Howell Township, NJ 07731",40.1421528,-74.2270528,['Japanese restaurant'],4.4,168,$$,"[['Wednesday', '11:30AM–8:30PM'], ['Thursday', '11:30AM–8:30PM'], ['Friday', '11:30AM–9PM'], ['Saturday', '11:30AM–9PM'], ['Sunday', '2–8PM'], ['Monday', 'Closed'], ['Tuesday', '11:30AM–8:30PM']]"
0x89c142425d563913:0xc7c8f2c9eda027d8,Tokyo C Japanese Restaurant,"Tokyo C Japanese Restaurant, 201 Fort Dix St, Wrightstown, NJ 08562",40.0340626,-74.6178618,['Japanese restaurant'],3.9,178,,"[['Wednesday', '11AM–9PM'], ['Thursday', '11AM–9PM'], ['Friday', '11AM–9PM'], ['Saturday', '11AM–9PM'], ['Sunday', '11AM–9PM'], ['Monday', '11AM–9PM'], ['Tuesday', '11AM–9PM']]"
0x89c3ccd11b7684c3:0xa3dd2bde69c77fa1,Mahzu,"Mahzu, 1077 NJ-34, Aberdeen Township, NJ 07747",40.399468299999995,-74.2263249,['Japanese restaurant'],4.2,148,$$,"[['Wednesday', 'Closed'], ['Thursday', 'Closed'], ['Friday', 'Closed'], ['Saturday', 'Closed'], ['Sunday', 'Closed'], ['Monday', '12–12:30AM'], ['Tuesday', 'Closed']]"
0x89c2e5834363f6cb:0x42c4c2c4149f903d,Matsu Japanese Restaurant,"Matsu Japanese Restaurant, 140 Broadway, Hillsdale, NJ 07642",41.0040778,-74.04064149999999,"['Japanese restaurant', 'Grill']",4.4,105,$$,"[['Wednesday', '11:30AM–3PM'], ['Thursday', '11:30AM–3PM'], ['Friday', '11:30AM–3PM'], ['Saturday', '2–9PM'], ['Sunday', '2–9PM'], ['Monday', 'Closed'], ['Tuesday', '11:30AM–3PM']]"
0x89c3b7c3dc0af0c7:0xc599590238e852e4,Manna Sushi,"Manna Sushi, 537c Inman Ave, Colonia, NJ 07067",40.5986127,-74.3246996,['Japanese restaurant'],4.9,84,,"[['Wednesday', '11AM–10PM'], ['Thursday', '11AM–10PM'], ['Friday', '11AM–10PM'], ['Saturday', '11AM–10PM'], ['Sunday', '12–10PM'], ['Monday', 'Closed'], ['Tuesday', '11AM–10PM']]"
0x89c3e1900c7fa8c1:0xb27813fe0d82fe70,Elements Asia,"Elements Asia, 4110 Quakerbridge Rd, Lawrence Township, NJ 08648",40.284746999999996,-74.6752802,"['Asian restaurant', 'Chinese restaurant', 'Japanese restaurant', 'Restaurant', 'Sushi restaurant', 'Thai restaurant']",3.9,128,$$,"[['Wednesday', '11AM–9:30PM'], ['Thursday', '11AM–9:30PM'], ['Friday', '11AM–10:30PM'], ['Saturday', '11AM–10:30PM'], ['Sunday', '12–9:30PM'], ['Monday', '11AM–9:30PM'], ['Tuesday', '11AM–9:30PM']]"
0x89c2e4a89eece1a9:0x3ad5751bba2559fa,Kumo,"Kumo, 55 Franklin Ave, Ridgewood, NJ 07450",40.981238999999995,-74.118297,"['Japanese restaurant', 'Asian restaurant', 'Sushi restaurant']",4.5,116,$$,"[['Wednesday', '11:30AM–3PM'], ['Thursday', '11:30AM–3PM'], ['Friday', '11:30AM–3PM'], ['Saturday', '11:30AM–3PM'], ['Sunday', '12–10PM'], ['Monday', '11:30AM–10PM'], ['Tuesday', '11:30AM–3PM']]"
0x89c0f016ffd8df17:0x17b7ceb62f40d781,Yuki Hana Restaurant,"Yuki Hana Restaurant, 3628 Brigantine Blvd #1026, Brigantine, NJ 08203",39.3945542,-74.3911536,"['Japanese restaurant', 'Asian restaurant', 'Chinese restaurant', 'Sushi restaurant']",4.2,148,$$,"[['Wednesday', '11AM–10:30PM'], ['Thursday', '11AM–10:30PM'], ['Friday', '11AM–10:30PM'], ['Saturday', '11AM–10:30PM'], ['Sunday', '11AM–10:30PM'], ['Monday', 'Closed'], ['Tuesday', '11AM–10:30PM']]"
0x89c258185703985f:0x28b9a5e74266ce6d,Asian Fusion Grills & Sushi,"Asian Fusion Grills & Sushi, 7824 Bergenline Ave, North Bergen, NJ 07047",40.8012636,-74.0067677,"['Sushi restaurant', 'Japanese restaurant', 'Delivery Restaurant']",4.4,298,$,"[['Wednesday', '11:30AM–9:30PM'], ['Thursday', '11:30AM–9:30PM'], ['Friday', '11:30AM–9:30PM'], ['Saturday', '11:30AM–9:30PM'], ['Sunday', '11:30AM–9:30PM'], ['Monday', '11:30AM–9:30PM'], ['Tuesday', 'Closed']]"
0x89c3b6401fbe956b:0xfda57e7a7ce634b3,Maki of Japan,"Maki of Japan, 100 Menlo Park Mall, Edison, NJ 08837",40.5478385,-74.3346518,['Japanese restaurant'],4.1,15,,"[['Tuesday', '10AM–9:30PM'], ['Wednesday', '10AM–9:30PM'], ['Thursday', '10AM–9:30PM'], ['Friday', '10AM–9:30PM'], ['Saturday', '10AM–9:30PM'], ['Sunday', '11AM–7PM'], ['Monday', '10AM–9:30PM']]"
0x89c3ada04bbe9f8f:0x2033e02bde108c05,Sky Asian Express,"Sky Asian Express, 1179 Stuyvesant Ave, Irvington, NJ 07111",40.7133811,-74.2554607,['Authentic Japanese restaurant'],4.4,8,,"[['Tuesday', 'Closed'], ['Wednesday', '11AM–10PM'], ['Thursday', '11AM–10PM'], ['Friday', '11AM–10:30PM'], ['Saturday', '11AM–10:30PM'], ['Sunday', '12–9:30PM'], ['Monday', '11AM–10PM']]"
0x89c315521c3376cb:0x3b480af13303f51,Yamato Hibachi Steakhouse,"Yamato Hibachi Steakhouse, 205 NJ-23, Wantage, NJ 07461",41.184995199999996,-74.5875696,['Japanese restaurant'],4.1,138,$$,"[['Tuesday', '11AM–3PM'], ['Wednesday', '11AM–3PM'], ['Thursday', '11AM–3PM'], ['Friday', '11AM–11PM'], ['Saturday', '11AM–11PM'], ['Sunday', '11:30AM–10PM'], ['Monday', '11AM–3PM']]"
0x89c2f1ddb21571a5:0xb50a2e9b77cef568,Umeya,"Umeya, 156 Piermont Rd, Cresskill, NJ 07626",40.9427032,-73.9621327,"['Japanese restaurant', 'Restaurant']",4.4,148,$$,"[['Tuesday', '4:30–8:30PM'], ['Wednesday', '4:30–8:30PM'], ['Thursday', '4:30–8:30PM'], ['Friday', '4:30–8:30PM'], ['Saturday', '4:30–8:30PM'], ['Sunday', '4:30–8:30PM'], ['Monday', 'Closed']]"
0x89c2f711c6cdacef:0x3905e9fca7a18b3c,Sushi Center,"Sushi Center, 5A Brinkerhoff Terrace, Palisades Park, NJ 07650",40.8472021,-73.9988292,"['Sushi restaurant', 'Japanese restaurant', 'Takeout Restaurant']",3.7,55,,"[['Tuesday', '11:30AM–9:30PM'], ['Wednesday', '11:30AM–9:30PM'], ['Thursday', '11:30AM–9:30PM'], ['Friday', '11:30AM–9:30PM'], ['Saturday', '11:30AM–9:30PM'], ['Sunday', '11:30AM–9:30PM'], ['Monday', '11:30AM–9:30PM']]"
0x89c6cf1b80c9f063:0xf00d851458ab8834,Futomaki sushi & hibachi,"New Jersey, Audubon, E Black Horse Pike, Futomaki sushi & hibachi邮政编码: 08106",39.8915528,-75.0883072,"['Japanese restaurant', 'Grill', 'Asian restaurant', 'Sushi restaurant', 'Sushi takeaway']",4.7,38,,"[['Tuesday', '11AM–9:30PM'], ['Wednesday', '11AM–9:30PM'], ['Thursday', '11AM–9:30PM'], ['Friday', '11AM–10:30PM'], ['Saturday', '11AM–10:30PM'], ['Sunday', '12:30–9:30PM'], ['Monday', 'Closed']]"
0x89c6d02a690403cf:0x15759b3ea823b3f8,Hibachi,"Hibachi, 118 Bunker Hill Court, Deptford, NJ 08096",39.8306703,-75.1117636,['Japanese restaurant'],4.5,28,,"[['Tuesday', '11AM–10PM'], ['Wednesday', '11AM–10PM'], ['Thursday', '11AM–10PM'], ['Friday', '11AM–11PM'], ['Saturday', '12:30–11PM'], ['Sunday', '12:30–10PM'], ['Monday', '11AM–10PM']]"
0x89c6ce2bd7b24b17:0xa7c3681f3cc8a2be,Oriental Express,"Oriental Express, 1692 Clements Bridge Rd #B, Deptford, NJ 08096",39.8329886,-75.102648,"['Delivery Chinese restaurant', 'Chinese restaurant', 'Japanese restaurant', 'Takeout Restaurant']",4.0,115,$$,"[['Tuesday', 'Closed'], ['Wednesday', '11AM–10PM'], ['Thursday', '11AM–10PM'], ['Friday', '11AM–10:30PM'], ['Saturday', '11AM–10:30PM'], ['Sunday', '11AM–10PM'], ['Monday', '11AM–10PM']]"
0x89c2f73aec3dbdb1:0x5628b8e5e51db199,Icca Sushi,"Icca Sushi, 9 Mt Vernon St, Ridgefield Park, NJ 07660",40.8570968,-74.0274949,"['Sushi restaurant', 'Caterer', 'Japanese restaurant', 'Lunch restaurant', 'Takeout Restaurant', 'Restaurant']",4.9,45,,"[['Tuesday', '12–9PM'], ['Wednesday', '12–9PM'], ['Thursday', '12–9:30PM'], ['Friday', '12–9:30PM'], ['Saturday', '12–9:30PM'], ['Sunday', 'Closed'], ['Monday', '12–9PM']]"
0x89c134f7c203945b:0xe4632fe346f06e26,Sushi To Go,"Sushi To Go, 300 E Greentree Rd, Marlton, NJ 08053",39.9161366,-74.9219552,"['Sushi restaurant', 'Fast food restaurant', 'Japanese restaurant']",4.2,114,$,"[['Tuesday', '11AM–9PM'], ['Wednesday', '11AM–9PM'], ['Thursday', '11AM–9PM'], ['Friday', '11AM–9PM'], ['Saturday', '11AM–9PM'], ['Sunday', '12–9PM'], ['Monday', '11AM–9PM']]"
0x89c3726d89b76ec5:0x6d983749533d4d27,Fu's,"Fu's, 227 S Sparta Ave, Sparta, NJ 07871",41.036801,-74.659333,"['Chinese restaurant', 'Japanese restaurant']",4.0,153,$$,"[['Tuesday', '11AM–9:30PM'], ['Wednesday', '11AM–9:30PM'], ['Thursday', '11AM–9:30PM'], ['Friday', '11AM–10:30PM'], ['Saturday', '11AM–10:30PM'], ['Sunday', '12–9:30PM'], ['Monday', '11AM–9:30PM']]"
0x89c2f97042c57749:0x1206efebc5fb7267,Yama II Japanese Restaurant,"Yama II Japanese Restaurant, 2 Mercer St, Lodi, NJ 07644",40.877217,-74.0868302,"['Japanese restaurant', 'Delivery Restaurant', 'Sushi restaurant']",4.4,134,$,"[['Tuesday', '11AM–10PM'], ['Wednesday', '11AM–10PM'], ['Thursday', '11AM–10PM'], ['Friday', '11AM–11PM'], ['Saturday', '11AM–11PM'], ['Sunday', '12–10PM'], ['Monday', '11AM–10PM']]"
0x89c30afb9b885843:0xe243b11f52fc8943,Sarku Japan,"Sarku Japan, 301 Mt Hope Ave Suite 2102, Rockaway, NJ 07866",40.908040899999996,-74.5547404,"['Japanese restaurant', 'Fast food restaurant', 'Restaurant', 'Sushi restaurant', 'Teppanyaki restaurant']",4.1,108,$,"[['Tuesday', '11AM–7PM'], ['Wednesday', '11AM–7PM'], ['Thursday', '11AM–7PM'], ['Friday', '10AM–8PM'], ['Saturday', '10AM–8PM'], ['Sunday', '12–6PM'], ['Monday', '11AM–7PM']]"
0x89c3b3e906f39a15:0x4156ecdd1bbdc08f,Asian Taste,"Asian Taste, 33 Westfield Ave, Clark, NJ 07066",40.618283,-74.2967298,"['Asian restaurant', 'Asian fusion restaurant', 'Banquet hall', 'Barbecue restaurant', 'Chinese restaurant', 'Japanese restaurant', 'Korean barbecue restaurant', 'Korean restaurant', 'Restaurant', 'Sushi restaurant']",4.3,148,$$,"[['Tuesday', '11AM–9:30PM'], ['Wednesday', '11AM–9:30PM'], ['Thursday', '11AM–9:30PM'], ['Friday', '11AM–9:30PM'], ['Saturday', '11AM–9:30PM'], ['Sunday', '11AM–9:30PM'], ['Monday', '11AM–9:30PM']]"
0x89c3a6bb785d7f3f:0xa7bd64c5a2c74baf,Nagano Japanese Restaurant,"Nagano Japanese Restaurant, 23 Washington St, Morristown, NJ 07960",40.7975304,-74.4825666,"['Japanese restaurant', 'Asian restaurant', 'Sushi restaurant']",4.4,255,$$,"[['Tuesday', '3:30–8:45PM'], ['Wednesday', '3:30–8:45PM'], ['Thursday', '3:30–8:45PM'], ['Friday', '3:30–8:45PM'], ['Saturday', '3:30–8:45PM'], ['Sunday', '3:30–8:45PM'], ['Monday', 'Closed']]"
0x89c1353b074f7eb9:0x25311a36a67c1b44,Noodle To Noodle,"Noodle To Noodle, 1134 NJ-73, Mt Laurel Township, NJ 08054",39.9253892,-74.9527974,"['Authentic Japanese restaurant', 'Asian fusion restaurant', 'Hot pot restaurant', 'Ramen restaurant']",4.2,18,,"[['Tuesday', '11:30AM–9:30PM'], ['Wednesday', '11:30AM–9:30PM'], ['Thursday', '11:30AM–9:30PM'], ['Friday', '11:30AM–10:30PM'], ['Saturday', '11:30AM–10:30PM'], ['Sunday', '11:30AM–9:30PM'], ['Monday', '11:30AM–9:30PM']]"
0x89c39c3f2de5c393:0x42eac6807f4da2f1,Wasabi Japanese Restaurant,"Wasabi Japanese Restaurant, 240 US-206 #8, Flanders, NJ 07836",40.8401487,-74.7080284,['Japanese restaurant'],4.4,134,$$,"[['Tuesday', '11:30AM–8:30PM'], ['Wednesday', '11:30AM–8:30PM'], ['Thursday', '11:30AM–8:30PM'], ['Friday', '11:30AM–9PM'], ['Saturday', '11:30AM–9PM'], ['Sunday', 'Closed'], ['Monday', '11:30AM–8:30PM']]"
0x89c2538d36d6ea93:0xd742824cc24eb138,Banzai Sushi & Hibachi Restaurant- Ironbound,"Banzai Sushi & Hibachi Restaurant- Ironbound, 671 Market St, Newark, NJ 07105",40.730497,-74.147952,"['Sushi restaurant', 'Japanese restaurant', 'Restaurant']",4.3,267,$$,"[['Tuesday', '12–3PM'], ['Wednesday', '12–3PM'], ['Thursday', '12–3PM'], ['Friday', '12–3PM'], ['Saturday', '12–11:01PM'], ['Sunday', '4–10PM'], ['Monday', '12–3PM']]"
0x89c2fbfedd33ad8b:0xbc3f5f80291e7a0,Japino,"Japino, 3010 Broadway, Fair Lawn, NJ 07410",40.9240855,-74.1055995,"['Japanese restaurant', 'Filipino restaurant']",4.9,93,,"[['Tuesday', '11AM–8PM'], ['Wednesday', '11AM–8PM'], ['Thursday', '11AM–8PM'], ['Friday', '11AM–8PM'], ['Saturday', '11AM–8PM'], ['Sunday', '12–8PM'], ['Monday', 'Closed']]"
0x89c2538274a40531:0x6651b18e651693e8,Teriyaki Madness,"Teriyaki Madness, 137 Halsey St, Newark, NJ 07102",40.737898099999995,-74.1729654,"['Asian fusion restaurant', 'Caterer', 'Fast food restaurant', 'Japanese restaurant', 'Restaurant']",4.3,186,$,"[['Tuesday', '11AM–9PM'], ['Wednesday', '11AM–9PM'], ['Thursday', '11AM–9PM'], ['Friday', '11AM–9PM'], ['Saturday', '11AM–9PM'], ['Sunday', '11AM–9PM'], ['Monday', '11AM–9PM']]"
0x89c2e2fd5f57e7c9:0x49e1206f193a39a0,Sakura,"Sakura, 371 Franklin Ave, Wyckoff, NJ 07481",41.0096476,-74.1704396,"['Japanese restaurant', 'Asian restaurant', 'Family restaurant', 'Sushi restaurant']",4.5,158,$$,"[['Tuesday', '11AM–9:30PM'], ['Wednesday', '11AM–9:30PM'], ['Thursday', '11AM–9:30PM'], ['Friday', '11AM–10PM'], ['Saturday', '11AM–10PM'], ['Sunday', '12:30–9:30PM'], ['Monday', 'Closed']]"
0x89c0ec20ab6bdf41:0x55f5ba484d72f909,Megu Sushi,"Megu Sushi, 5214 Atlantic Ave, Ventnor City, NJ 08406",39.341870799999995,-74.4702466,"['Sushi restaurant', 'Japanese restaurant', 'Restaurant']",4.2,128,$$,"[['Tuesday', '11:30AM–10PM'], ['Wednesday', '11:30AM–10PM'], ['Thursday', '11:30AM–10PM'], ['Friday', '11:30AM–10:30PM'], ['Saturday', '11:30AM–10:30PM'], ['Sunday', '11:30AM–10PM'], ['Monday', '11:30AM–10PM']]"
0x89c3b9fb9684a575:0x486f970e66e652b8,Shokudo,"Shokudo, 1297 Centennial Ave, Piscataway, NJ 08854",40.5534736,-74.44200889999999,"['Ramen restaurant', 'Japanese restaurant', 'Restaurant']",4.6,135,,"[['Tuesday', 'Closed'], ['Wednesday', '11:30AM–9:30PM'], ['Thursday', '11:30AM–9:30PM'], ['Friday', '11:30AM–9:30PM'], ['Saturday', '12–10PM'], ['Sunday', '12–9PM'], ['Monday', '11:30AM–9:30PM']]"
0x89c6cd71f05a83c5:0x2427f4ce61a67ce9,Watami Sushi,"Watami Sushi, 657 Clements Bridge Rd, Barrington, NJ 08007",39.8653802,-75.0551617,"['Sushi restaurant', 'Japanese restaurant', 'Delivery Restaurant', 'Takeout Restaurant']",4.7,98,$,"[['Tuesday', 'Closed'], ['Wednesday', '11AM–9PM'], ['Thursday', '11AM–9PM'], ['Friday', '11AM–9:30PM'], ['Saturday', '11AM–9:30PM'], ['Sunday', '12–9PM'], ['Monday', '11AM–9PM']]"
0x89c22e069af83cab:0x81ab85df4c876da1,Asian Bistro,"Asian Bistro, 623 Newman Springs Rd, Lincroft, NJ 07738",40.331012699999995,-74.1186293,"['Asian fusion restaurant', 'Chinese takeaway', 'Japanese restaurant', 'Delivery Restaurant', 'Restaurant', 'Sushi restaurant', 'Sushi takeaway', 'Thai restaurant']",4.1,98,,"[['Monday', '11AM–9:30PM'], ['Tuesday', 'Closed'], ['Wednesday', '11AM–9:30PM'], ['Thursday', '11AM–9:30PM'], ['Friday', '11AM–10PM'], ['Saturday', '11AM–10PM'], ['Sunday', '12–9:30PM']]"
0x89c3a692c74482af:0x6db162530a2a4b9e,Phoenix Asian Restaurant,"Phoenix Asian Restaurant, Cedar Knolls, NJ 07927",40.808509799999996,-74.4585266,"['Asian restaurant', 'Asian fusion restaurant', 'Buffet restaurant', 'Chinese restaurant', 'Diner', 'Fine dining restaurant', 'Japanese restaurant', 'Delivery Restaurant', 'Sushi restaurant', 'Thai restaurant']",3.4,58,$$,"[['Monday', 'Closed'], ['Tuesday', '10:30AM–9:30PM'], ['Wednesday', '10:30AM–9:30PM'], ['Thursday', '10:30AM–9:30PM'], ['Friday', '10:30AM–10:30PM'], ['Saturday', '10:30AM–10:30PM'], ['Sunday', '12–9:30PM']]"
0x89c2f8be8ef2fe33:0x205dd5ff04fe7782,Yamada Sushi,"Yamada Sushi, 55 Park Ave # 3, Rutherford, NJ 07070",40.8273116,-74.1038578,"['Sushi restaurant', 'Asian restaurant', 'Japanese restaurant']",4.6,228,$$,"[['Monday', 'Closed'], ['Tuesday', '11:30AM–10PM'], ['Wednesday', '11:30AM–10PM'], ['Thursday', '11:30AM–10PM'], ['Friday', '11:30AM–10PM'], ['Saturday', '11:30AM–10PM'], ['Sunday', '12–9:30PM']]"
0x89c142f5229bac4f:0xdc2f7c17a0317dd0,Panda Ichiban Restaurant,"Panda Ichiban Restaurant, 84 Fort Dix St, Wrightstown, NJ 08562",40.0372394,-74.6181517,"['Chinese restaurant', 'Asian restaurant', 'Authentic Japanese restaurant', 'Delivery Restaurant']",3.9,84,,"[['Monday', '11AM–8PM'], ['Tuesday', '11AM–8PM'], ['Wednesday', '11AM–8PM'], ['Thursday', '11AM–8PM'], ['Friday', '11AM–8PM'], ['Saturday', '11AM–8PM'], ['Sunday', '11AM–8PM']]"
0x89c2f71304aca12f:0xf88903003db66796,Hontei Japanese Restaurant,"Hontei Japanese Restaurant, 412 Bergen Blvd, Palisades Park, NJ 07650",40.8444802,-73.9860169,"['Japanese restaurant', 'Live music venue', 'Lounge', 'Sushi restaurant']",3.8,38,,"[['Monday', '12–2:30PM'], ['Tuesday', '12–2:30PM'], ['Wednesday', '12–2:30PM'], ['Thursday', '12–2:30PM'], ['Friday', '12–2:30PM'], ['Saturday', '12–2:30PM'], ['Sunday', '12–2:30PM']]"
0x89c2e4a99da1fac3:0x3deb1abfbfa2f443,Masago,"Masago, 22 S Broad St, Ridgewood, NJ 07450",40.979174199999996,-74.1208183,"['Japanese restaurant', 'Restaurant']",4.3,135,,"[['Monday', '11:30AM–9:30PM'], ['Tuesday', '11:30AM–9:30PM'], ['Wednesday', '11:30AM–9:30PM'], ['Thursday', '11:30AM–9:30PM'], ['Friday', '11:30AM–9:30PM'], ['Saturday', '11:30AM–9:30PM'], ['Sunday', '11:30AM–9:30PM']]"
0x89c0dd2a4036f775:0x3c416406d53c2b81,Osaka Japanese Cafe,"Osaka Japanese Cafe, 4403 Black Horse Pike # Fa, Mays Landing, NJ 08330",39.453403,-74.643478,"['Japanese restaurant', 'Asian restaurant', 'Restaurant', 'Sushi restaurant']",4.4,34,,"[['Monday', '11AM–8PM'], ['Tuesday', '11AM–8PM'], ['Wednesday', '11AM–8PM'], ['Thursday', '11AM–8PM'], ['Friday', '11AM–8PM'], ['Saturday', '11AM–8PM'], ['Sunday', '11AM–6PM']]"
0x89c2554c9bb57b79:0x84a955adc83f898f,Aozora,"Aozora, 407 Bloomfield Ave, Montclair, NJ 07042",40.8130522,-74.2161098,"['Japanese restaurant', 'Asian restaurant', 'Sushi restaurant']",4.6,128,$$,"[['Monday', '12–9:30PM'], ['Tuesday', 'Closed'], ['Wednesday', '12–9:30PM'], ['Thursday', '12–9:30PM'], ['Friday', '12–10PM'], ['Saturday', '12–10PM'], ['Sunday', '12–9:30PM']]"
0x89c3af7b6102e03d:0xaf21178fc3d43f92,Touka Japanese Hibachi,"Touka Japanese Hibachi, 130 US-22, Springfield, NJ 07081",40.686957799999995,-74.316829,"['Restaurant', 'Japanese restaurant']",4.6,57,,"[['Monday', '11AM–10PM'], ['Tuesday', '11AM–10PM'], ['Wednesday', '11AM–10PM'], ['Thursday', '11AM–10PM'], ['Friday', '11AM–10PM'], ['Saturday', '11AM–10PM'], ['Sunday', '11AM–10PM']]"
0x89c2fa27d108f07f:0xdd76766736c28a7c,Taste of Asian,"Taste of Asian, 122 Essex St, Lodi, NJ 07644",40.8924569,-74.07412599999999,"['Chinese restaurant', 'Asian restaurant', 'Japanese restaurant', 'Delivery Restaurant', 'Sushi restaurant']",4.3,113,$,"[['Monday', 'Closed'], ['Tuesday', '11AM–10PM'], ['Wednesday', '11AM–10PM'], ['Thursday', '11AM–10PM'], ['Friday', '11AM–11PM'], ['Saturday', '11AM–11PM'], ['Sunday', '12–10PM']]"
0x89c304d0edad0713:0x991ab157a3f20797,Yuki Hana,"Yuki Hana, 1370 NJ-23, Butler, NJ 07405",40.9956695,-74.35086199999999,"['Sushi restaurant', 'Japanese restaurant']",4.5,185,$$,"[['Monday', '11:30AM–8PM'], ['Tuesday', '11:30AM–8PM'], ['Wednesday', '11:30AM–8PM'], ['Thursday', '11:30AM–8PM'], ['Friday', '11:30AM–8PM'], ['Saturday', '11:30AM–8PM'], ['Sunday', 'Closed']]"
0x89c38b0eee8da5c7:0x4f6db590ae0c0e73,Neo Sushi,"Neo Sushi, 42 Old Hwy 22, Clinton, NJ 08809",40.637393499999995,-74.9052116,['Japanese restaurant'],4.0,98,$$,"[['Monday', '11AM–9:30PM'], ['Tuesday', '11AM–9:30PM'], ['Wednesday', '11AM–9:30PM'], ['Thursday', '11AM–9:30PM'], ['Friday', '11AM–10:30PM'], ['Saturday', '11AM–10:30PM'], ['Sunday', '11AM–9:30PM']]"
0x89c0efb7d36c4031:0xcbce6913496ddb31,Oshi Modern Asian Kitchen,"Oshi Modern Asian Kitchen, 777 Harrah's Blvd, Atlantic City, NJ 08401",39.384796,-74.429554,"['Japanese restaurant', 'Sushi restaurant']",4.2,74,$$,"[['Monday', 'Closed'], ['Tuesday', 'Closed'], ['Wednesday', 'Closed'], ['Thursday', 'Closed'], ['Friday', '5–11PM'], ['Saturday', '5–11PM'], ['Sunday', '5–11PM']]"
0x89c375ea59440075:0x3e382fb0e88bbc0b,Asian Landing Chinese & Japanese Restaurant,"Asian Landing Chinese & Japanese Restaurant, 149 Lakeside Blvd, Landing, NJ 07850",40.9077725,-74.6664394,['Japanese restaurant'],4.0,44,$$,"[['Monday', 'Closed'], ['Tuesday', '11AM–10PM'], ['Wednesday', '11AM–10PM'], ['Thursday', '11AM–10PM'], ['Friday', '11AM–11PM'], ['Saturday', '11AM–11PM'], ['Sunday', '2–10PM']]"
0x89c231d8e3f6960b:0xe4bae4c729af63b8,Sogo Sushi,"Sogo Sushi, 60 Monmouth St, Red Bank, NJ 07701",40.3496376,-74.0679923,"['Japanese restaurant', 'Restaurant', 'Sushi restaurant']",4.5,12,,"[['Monday', '11:30AM–2:30PM'], ['Tuesday', '11:30AM–2:30PM'], ['Wednesday', '11:30AM–2:30PM'], ['Thursday', '11:30AM–2:30PM'], ['Friday', '11:30AM–2:30PM'], ['Saturday', '11:30AM–2:30PM'], ['Sunday', 'Closed']]"
0x89c6ce6de3cf0159:0xc233c25ba06cf82d,Ginza Japanese & Asian Restaurant,"Ginza Japanese & Asian Restaurant, 327 N Black Horse Pike, Runnemede, NJ 08078",39.8519893,-75.07423899999999,"['Self service restaurant', 'Japanese restaurant']",4.3,167,,"[['Sunday', '11:30AM–9PM'], ['Monday', 'Closed'], ['Tuesday', '10:30AM–9PM'], ['Wednesday', '10:30AM–9PM'], ['Thursday', '10:30AM–9PM'], ['Friday', '11:30AM–10PM'], ['Saturday', '11:30AM–10PM']]"
0x89c0ea821a601761:0xf7784b247ca23d6b,Bay Avenue Sushi,"Bay Avenue Sushi, 718 Bay Ave, Somers Point, NJ 08244",39.31259,-74.592317,"['Japanese restaurant', 'Restaurant', 'Sushi restaurant']",4.6,158,$$,
0x89c6ca31c37af00f:0xe399ee24eacfe730,Sakura,"Sakura, 47 S Center St, Merchantville, NJ 08109",39.9507408,-75.04859239999999,"['Japanese restaurant', 'Delivery Restaurant']",4.5,138,,"[['Sunday', '12–10PM'], ['Monday', 'Closed'], ['Tuesday', '11AM–10PM'], ['Wednesday', '11AM–10PM'], ['Thursday', '11AM–10PM'], ['Friday', '11AM–10:30PM'], ['Saturday', '11AM–10:30PM']]"
0x89c257c3b661f419:0x35a2739b5fa5585b,Sushi zen,"07094 New Jersey, Secaucus, Plaza Center, Sushi zen",40.7916567,-74.0572044,['Japanese regional restaurant'],4.5,18,,"[['Sunday', '11:30AM–7PM'], ['Monday', '10:30AM–7:30PM'], ['Tuesday', '10:30AM–7:30PM'], ['Wednesday', '10:30AM–7:30PM'], ['Thursday', '10:30AM–7:30PM'], ['Friday', '10:30AM–7:30PM'], ['Saturday', '10:30AM–7PM']]"
0x89c31c8ee2fb44d9:0xf341818b58d29ce,Tokyo Sushi Restaurant,"Tokyo Sushi Restaurant, 1069 Ringwood Ave #105, Haskell, NJ 07420",41.029408499999995,-74.2970168,"['Sushi restaurant', 'Asian restaurant', 'Japanese restaurant']",4.8,146,$$,"[['Sunday', 'Closed'], ['Monday', '11:30AM–8:30PM'], ['Tuesday', '11:30AM–8:30PM'], ['Wednesday', '11:30AM–8:30PM'], ['Thursday', '11:30AM–8:30PM'], ['Friday', '11:30AM–8:30PM'], ['Saturday', '11:30AM–8:30PM']]"
0x89c3a5f2edaba2d1:0x797d2b83145db5a8,Takuma Japanese Restaurant,"Takuma Japanese Restaurant, 42 Lincoln Pl, Madison, NJ 07940",40.7569521,-74.41431879999999,"['Japanese restaurant', 'Sushi restaurant']",4.6,138,$$,"[['Sunday', 'Closed'], ['Monday', 'Closed'], ['Tuesday', '11:30AM–2:30PM'], ['Wednesday', '11:30AM–2:30PM'], ['Thursday', '11:30AM–2:30PM'], ['Friday', '11:30AM–2:30PM'], ['Saturday', '11:30AM–2:30PM']]"
0x89c307b80a64cc47:0xc3a5757109844c1,Sushi Kuu,"Sushi Kuu, 48 N Beverwyck Rd, Lake Hiawatha, NJ 07034",40.8791667,-74.3822222,['Japanese restaurant'],4.3,94,$$,"[['Sunday', '11AM–9PM'], ['Monday', 'Closed'], ['Tuesday', '11AM–9PM'], ['Wednesday', '11AM–9PM'], ['Thursday', '11AM–9PM'], ['Friday', '11AM–10PM'], ['Saturday', '11AM–10PM']]"
0x89c2e49037fc45b3:0x70c646fdd8219b06,Ho-Ho-Kus Sushi Cafe,"Ho-Ho-Kus Sushi Cafe, 29 Sheridan Ave, Ho-Ho-Kus, NJ 07423",40.998599999999996,-74.1100806,"['Sushi restaurant', 'Asian restaurant', 'Japanese restaurant']",4.6,64,,"[['Saturday', '11:30AM–3PM'], ['Sunday', 'Closed'], ['Monday', '11:30AM–3PM'], ['Tuesday', '11:30AM–3PM'], ['Wednesday', '11:30AM–3PM'], ['Thursday', '11:30AM–3PM'], ['Friday', '11:30AM–3PM']]"
0x89c2ffe5cbdcf127:0xc45dc38dfaaab33a,Toro Sushi,"Toro Sushi, 44 Upper Montclair Plaza, Montclair, NJ 07043",40.8401031,-74.208897,"['Japanese restaurant', 'Restaurant', 'Sushi restaurant']",4.7,136,$$,"[['Saturday', '11:30AM–3PM'], ['Sunday', '2:30–9:30PM'], ['Monday', 'Closed'], ['Tuesday', '11:30AM–3PM'], ['Wednesday', '11:30AM–3PM'], ['Thursday', '11:30AM–3PM'], ['Friday', '11:30AM–3PM']]"
0x89c2f07e39f5823f:0x5cd400a678d9aa37,Leo Sushi & Asian Cuisine,"Leo Sushi & Asian Cuisine, 1033 River Rd B, New Milford, NJ 07646",40.9201005,-74.0264615,"['Japanese restaurant', 'Chinese restaurant', 'Sushi restaurant']",4.7,105,$,"[['Saturday', '12–8PM'], ['Sunday', 'Closed'], ['Monday', '12–8PM'], ['Tuesday', '12–8PM'], ['Wednesday', '12–8PM'], ['Thursday', '12–8PM'], ['Friday', '12–8PM']]"
0x89c3ac2c398703f7:0x4e62e035daa9f1b5,Sakura Japanese Restaurant,"Sakura Japanese Restaurant, 44 Essex St, Millburn, NJ 07041",40.725084599999995,-74.3039225,"['Japanese restaurant', 'Sushi restaurant']",4.4,188,$$,"[['Saturday', '11AM–10:30PM'], ['Sunday', '12–9:30PM'], ['Monday', 'Closed'], ['Tuesday', '11AM–9:30PM'], ['Wednesday', '11AM–9:30PM'], ['Thursday', '11AM–9:30PM'], ['Friday', '11AM–10:30PM']]"
0x89c3c64b84d566af:0xb6b07e8f639d19dd,Okie Pokii Cafe,"Okie Pokii Cafe, 55 Raritan Ave, Highland Park, NJ 08904",40.498252,-74.434197,"['Cafe', 'Bubble tea store', 'Dessert shop', 'Japanese restaurant']",4.5,225,$$,"[['Saturday', '10:30AM–10:30PM'], ['Sunday', '11:30AM–9:30PM'], ['Monday', '10:30AM–9:30PM'], ['Tuesday', '10:30AM–9:30PM'], ['Wednesday', '10:30AM–9:30PM'], ['Thursday', '10:30AM–9:30PM'], ['Friday', '10:30AM–10:30PM']]"
0x89c2e8aa5f1da513:0x77b202f80f873071,Yuki,"Yuki, 2 S Kinderkamack Rd, Montvale, NJ 07645",41.040276999999996,-74.028278,"['Restaurant', 'Asian restaurant', 'Diner', 'Japanese restaurant', 'Lunch restaurant', 'Takeout Restaurant', 'Sushi restaurant']",4.4,68,$$,"[['Saturday', '12–10:30PM'], ['Sunday', '12–9:30PM'], ['Monday', '11AM–2:30PM'], ['Tuesday', '11AM–2:30PM'], ['Wednesday', '11AM–2:30PM'], ['Thursday', '11AM–2:30PM'], ['Friday', '11:30AM–2:30PM']]"
0x89c3e6c198e62d9f:0x62a1be1a8f842aea,Mo C Mo C Japanese Cuisine,"Mo C Mo C Japanese Cuisine, 14 S Tulane St, Princeton, NJ 08542",40.350529,-74.658891,"['Japanese restaurant', 'Restaurant']",4.0,65,$$,"[['Saturday', '12–10:30PM'], ['Sunday', '12–9:30PM'], ['Monday', 'Closed'], ['Tuesday', '11AM–3PM'], ['Wednesday', '11AM–3PM'], ['Thursday', '11AM–3PM'], ['Friday', '11AM–3PM']]"
0x89c3c2ec301a1107:0xc73c47c48f33822d,Shogun 27,"Shogun 27, 3376 NJ-27, Kendall Park, NJ 08824",40.4277778,-74.56,['Japanese restaurant'],3.7,136,$$,"[['Saturday', '4:30–10:45PM'], ['Sunday', '4–9:30PM'], ['Monday', '11:30AM–2:30PM'], ['Tuesday', '11:30AM–2:30PM'], ['Wednesday', '11:30AM–2:30PM'], ['Thursday', '11:30AM–2:30PM'], ['Friday', '11:30AM–2:30PM']]"
0x89c2fa288c12f271:0x12f7063955b5f23c,Sushi Cafe,"Sushi Cafe, 328 Essex St, Lodi, NJ 07644",40.887788,-74.0667624,"['Sushi restaurant', 'Asian restaurant', 'Caterer', 'Japanese restaurant']",4.4,245,$$,"[['Saturday', '12–9:30PM'], ['Sunday', 'Closed'], ['Monday', 'Closed'], ['Tuesday', '11AM–9PM'], ['Wednesday', '11AM–9PM'], ['Thursday', '11AM–9PM'], ['Friday', '11AM–9:30PM']]"
0x89c3c5d1df52e15b:0x573fe835f75bf8db,Sarku Japan Teriyaki & Sushi Express,"Sarku Japan Teriyaki & Sushi Express, 530 Shoppes Blvd, North Brunswick Township, NJ 08902",40.4612866,-74.4571258,"['Japanese restaurant', 'Fast food restaurant', 'Restaurant', 'Sushi restaurant', 'Teppanyaki restaurant']",4.0,207,$,"[['Saturday', '11AM–8PM'], ['Sunday', '12–8PM'], ['Monday', '11AM–8PM'], ['Tuesday', '11AM–8PM'], ['Wednesday', '11AM–8PM'], ['Thursday', '11AM–8PM'], ['Friday', '11AM–8PM']]"
0x89c3c6567e4687af:0x506f963e0e99ccbb,Edo Takeout New Brunswick,"Edo Takeout New Brunswick, 16 Condict St, New Brunswick, NJ 08901",40.4977841,-74.4497591,"['Japanese restaurant', 'Asian restaurant', 'Sushi restaurant']",4.3,317,$$,"[['Saturday', '11AM–10PM'], ['Sunday', '11AM–10PM'], ['Monday', '11AM–10PM'], ['Tuesday', '11AM–10PM'], ['Wednesday', '11AM–10PM'], ['Thursday', '11AM–10PM'], ['Friday', '11AM–10PM']]"
0x89c2fc979cb54d5f:0x9c910fafdf9bfe68,Ryu Gin,"Ryu Gin, 1014 Maple Ave, Glen Rock, NJ 07452",40.9519339,-74.1365883,['Japanese restaurant'],4.8,158,$$,"[['Saturday', '11AM–10PM'], ['Sunday', '12–9:30PM'], ['Monday', '11AM–10PM'], ['Tuesday', 'Closed'], ['Wednesday', '11AM–10PM'], ['Thursday', '11AM–10PM'], ['Friday', '11AM–10PM']]"
0x89c3a962bbf01649:0x7480ce0881077ca7,Dozo Sushi,"Dozo Sushi, 163 S Livingston Ave, Livingston, NJ 07039",40.7906824,-74.3128304,"['Sushi restaurant', 'Japanese restaurant', 'Restaurant', 'Sushi takeaway']",4.5,104,$$,"[['Saturday', '12AM–10:30PM'], ['Sunday', '1–9:30PM'], ['Monday', 'Closed'], ['Tuesday', '11:30AM–9:30PM'], ['Wednesday', '11:30AM–9:30PM'], ['Thursday', '11:30AM–9:30PM'], ['Friday', '11:30AM–10:30PM']]"
0x89c3afb294fb91d7:0x16b1d9a07ed73a44,Jenny's Japanese Cuisine,"Jenny's Japanese Cuisine, 447 Springfield Ave, Summit, NJ 07901",40.7182312,-74.3605347,"['Japanese restaurant', 'Restaurant', 'Sushi restaurant']",4.5,76,$$,"[['Saturday', '11:30AM–11PM'], ['Sunday', '12:30–10PM'], ['Monday', '11:30AM–10PM'], ['Tuesday', '11:30AM–10PM'], ['Wednesday', '11:30AM–10PM'], ['Thursday', '11:30AM–10PM'], ['Friday', '11:30AM–11PM']]"
0x89c3df015ca4e593:0x80118f1d5c4f9f4,Sushi King,"Sushi King, 440 US-130, East Windsor, NJ 08520",40.271909099999995,-74.5411735,"['Asian fusion restaurant', 'Japanese restaurant', 'Sushi restaurant']",4.4,196,$$,"[['Saturday', '11:30AM–2:30PM'], ['Sunday', '4–9:30PM'], ['Monday', '11:30AM–2:30PM'], ['Tuesday', '11:30AM–2:30PM'], ['Wednesday', '11:30AM–2:30PM'], ['Thursday', '11:30AM–2:30PM'], ['Friday', '11:30AM–2:30PM']]"
0x89c2ffe673ba62a5:0x380cab1a067713c1,Takara Asian Bistro,"Takara Asian Bistro, 605 Valley Rd, Montclair, NJ 07043",40.8415354,-74.20790149999999,['Japanese restaurant'],4.4,55,$$,"[['Saturday', '12–11PM'], ['Sunday', '12–10PM'], ['Monday', '11:30AM–10PM'], ['Tuesday', '11:30AM–10PM'], ['Wednesday', '11:30AM–10PM'], ['Thursday', '11:30AM–10PM'], ['Friday', '11:30AM–11PM']]"
0x89c2f9c4052dbfad:0x6c78915855019427,oishi sushi 223 boulevard,"oishi sushi 223 boulevard, 223 Boulevard, Hasbrouck Heights, NJ 07604",40.8623233,-74.0781458,['Japanese restaurant'],4.5,38,,"[['Saturday', '11AM–11PM'], ['Sunday', '12–10PM'], ['Monday', '11AM–10PM'], ['Tuesday', '11AM–10PM'], ['Wednesday', '11AM–10PM'], ['Thursday', '11AM–10PM'], ['Friday', '11AM–11PM']]"
0x89c6cb11abdf528b:0xe175be7133b2459f,Sushi King,"Sushi King, 600 Kings Hwy N, Cherry Hill, NJ 08034",39.924988899999995,-74.99971049999999,['Japanese restaurant'],4.4,338,$$,"[['Saturday', '11AM–10PM'], ['Sunday', '12–10PM'], ['Monday', '11AM–10PM'], ['Tuesday', '11AM–10PM'], ['Wednesday', '11AM–10PM'], ['Thursday', '11AM–10PM'], ['Friday', '11AM–11PM']]"
0x89c395283f93a547:0x15ad3945dcb8b591,Sarku Japan,"Sarku Japan, 400 Commons Way Space #3480, Bridgewater Township, NJ 08807",40.5857706,-74.6188726,"['Japanese restaurant', 'Fast food restaurant', 'Restaurant', 'Sushi restaurant', 'Teppanyaki restaurant']",4.4,18,$,"[['Saturday', '11AM–8PM'], ['Sunday', '11AM–6PM'], ['Monday', '11AM–7PM'], ['Tuesday', '11AM–7PM'], ['Wednesday', '11AM–7PM'], ['Thursday', '11AM–7PM'], ['Friday', '11AM–8PM']]"
0x89c134a3c93128b9:0x7c348667b81cd680,Oki Maki,"Oki Maki, 18 2110, NJ-70, Cherry Hill, NJ 08003",39.8966353,-74.9471937,['Japanese restaurant'],4.4,18,,"[['Saturday', '12–8PM'], ['Sunday', '12–8PM'], ['Monday', '11:30AM–9PM'], ['Tuesday', '11:30AM–9PM'], ['Wednesday', '11:30AM–9PM'], ['Thursday', '11:30AM–9PM'], ['Friday', '11:30AM–9PM']]"
0x89c255b92d25c287:0x441d9a48a2021d3a,Sarku Japan,"Sarku Japan, 1145 Willowbrook Mall, Wayne, NJ 07470",40.8883808,-74.2599117,"['Japanese restaurant', 'Asian restaurant', 'Fast food restaurant', 'Restaurant', 'Sushi restaurant', 'Teppanyaki restaurant']",4.1,128,$,"[['Saturday', '11AM–8PM'], ['Sunday', '12–6PM'], ['Monday', '11AM–7PM'], ['Tuesday', '11AM–7PM'], ['Wednesday', '11AM–7PM'], ['Thursday', '11AM–7PM'], ['Friday', '11AM–8PM']]"
0x89c3b63fecbd7613:0x95d177167a0538c,IchiUmi,"IchiUmi, 352 Menlo Park Dr, Edison, NJ 08837",40.545383799999996,-74.33661479999999,"['Japanese restaurant', 'Asian restaurant', 'Restaurant', 'Sushi restaurant']",3.5,108,$$,"[['Saturday', '11:45AM–3PM'], ['Sunday', '11:45AM–9PM'], ['Monday', '11:45AM–3PM'], ['Tuesday', '11:45AM–3PM'], ['Wednesday', '11:45AM–3PM'], ['Thursday', '11:45AM–3PM'], ['Friday', '11:45AM–3PM']]"
0x89c2f1186707c8a7:0xd22b5cc758bab0a0,Tani at Englewood,"Tani at Englewood, 44 E Palisade Ave, Englewood, NJ 07631",40.8930107,-73.9736439,"['Asian restaurant', 'Japanese restaurant']",4.2,133,$$,"[['Saturday', '12–9PM'], ['Sunday', '12–9PM'], ['Monday', '11AM–9PM'], ['Tuesday', '11AM–9PM'], ['Wednesday', '11AM–9PM'], ['Thursday', '11AM–9PM'], ['Friday', '11AM–9PM']]"
0x89c3b82ce1acde05:0xcab80e82d951c7b1,FUJI HOUSE,"FUJI HOUSE, 409 Hamilton Blvd, South Plainfield, NJ 07080",40.576074999999996,-74.414349,['Japanese restaurant'],4.6,75,$$,"[['Friday', '11:30AM–9PM'], ['Saturday', '11:30AM–9PM'], ['Sunday', 'Closed'], ['Monday', '11:30AM–9PM'], ['Tuesday', '11:30AM–9PM'], ['Wednesday', '11:30AM–9PM'], ['Thursday', '11:30AM–9PM']]"
0x89c3b1a6f694b479:0x6621460492f1daa1,Nagoya,"Nagoya, 278 N Ave E, Westfield, NJ 07090",40.650355,-74.343015,"['Japanese restaurant', 'Sushi restaurant']",4.3,254,$$,"[['Friday', '11:30AM–3PM'], ['Saturday', '11:30AM–3PM'], ['Sunday', '3:30–10PM'], ['Monday', 'Closed'], ['Tuesday', '11:30AM–3PM'], ['Wednesday', '11:30AM–3PM'], ['Thursday', '11:30AM–3PM']]"
0x89c2e4a8c0522feb:0x3e63ab27da0be590,NJ Tomo Chinese & Japanese Sushi Restaurant,"NJ Tomo Chinese & Japanese Sushi Restaurant, 23 Chestnut St, Ridgewood, NJ 07450",40.9801919,-74.1189722,"['Japanese restaurant', 'Asian restaurant', 'Sushi restaurant']",5.0,6,,"[['Friday', '11:30AM–10PM'], ['Saturday', '11:30AM–11PM'], ['Sunday', '12–10:30PM'], ['Monday', '11AM–10PM'], ['Tuesday', '11AM–10PM'], ['Wednesday', '11AM–10PM'], ['Thursday', '11AM–10:30PM']]"
0x89c2f7ac5c7e18ef:0xee401bf823a05543,Sushi Palace,"Sushi Palace, 692 Anderson Ave, Cliffside Park, NJ 07010",40.828095,-73.986451,"['Sushi restaurant', 'Asian restaurant', 'Japanese restaurant']",4.4,58,,"[['Friday', '11AM–10PM'], ['Saturday', '11AM–10PM'], ['Sunday', '12–9PM'], ['Monday', 'Closed'], ['Tuesday', '11AM–10PM'], ['Wednesday', '11AM–10PM'], ['Thursday', '11AM–10PM']]"
0x89c2f79bd7d677ed:0xc530ca63e12bd8b9,Las Vegas Sushi,"Las Vegas Sushi, 1475 Bergen Blvd M, Fort Lee, NJ 07024",40.852646,-73.9861632,"['Sushi restaurant', 'Asian restaurant', 'Japanese restaurant', 'Korean restaurant']",4.4,68,,"[['Friday', '10:30AM–3PM'], ['Saturday', '10:30AM–3PM'], ['Sunday', '10:30AM–10PM'], ['Monday', '10:30AM–3PM'], ['Tuesday', '10:30AM–3PM'], ['Wednesday', '10:30AM–3PM'], ['Thursday', '10:30AM–3PM']]"
0x89c2f90992626787:0xf9296f87b8da5c0e,j maru sushi,"j maru sushi, 205 Boulevard, Hasbrouck Heights, NJ 07604",40.8617602,-74.07863259999999,"['Sushi restaurant', 'Japanese restaurant']",4.4,127,,"[['Friday', '11:30AM–9:30PM'], ['Saturday', '12–9:30PM'], ['Sunday', '12–9:30PM'], ['Monday', 'Closed'], ['Tuesday', '11:30AM–9:30PM'], ['Wednesday', '11:30AM–9:30PM'], ['Thursday', '11:30AM–9:30PM']]"
0x89c136e481da7b77:0xe9d84f252e14d887,Jasmine Oriental Cuisine,"Jasmine Oriental Cuisine, 175 NJ-70, Medford, NJ 08055",39.9031863,-74.834127,"['Chinese restaurant', 'Japanese restaurant', 'Restaurant', 'Vietnamese restaurant']",4.3,173,$$,"[['Friday', '11AM–9:30PM'], ['Saturday', '11AM–9:30PM'], ['Sunday', '11AM–9:30PM'], ['Monday', '11AM–9:30PM'], ['Tuesday', 'Closed'], ['Wednesday', '11AM–9:30PM'], ['Thursday', '11AM–9:30PM']]"
0x89c3ada1c38fffff:0x1e470c5f8bd5a8c4,Sakura Union Teriyaki Sushi,"Sakura Union Teriyaki Sushi, 1030 Stuyvesant Ave, Union, NJ 07083",40.697223099999995,-74.268963,"['Restaurant', 'Japanese restaurant']",4.4,107,,"[['Friday', '11AM–10PM'], ['Saturday', '11AM–10PM'], ['Sunday', 'Closed'], ['Monday', '11AM–10PM'], ['Tuesday', '11AM–10PM'], ['Wednesday', '11AM–10PM'], ['Thursday', '11AM–10PM']]"
0x89c6cb2938bb671d:0x6c14d0c91b2afdce,Zushi Dozo Japanese Restaurant,"Zushi Dozo Japanese Restaurant, Place(next to Exxon, 1892 Marlton Pike East #2, Cherry Hill, NJ 08003",39.9037345,-74.96777349999999,"['Japanese restaurant', 'Sushi restaurant']",4.6,152,$$,"[['Friday', '12–8:30PM'], ['Saturday', '12–8:30PM'], ['Sunday', 'Closed'], ['Monday', 'Closed'], ['Tuesday', '3:30–8PM'], ['Wednesday', '3:30–8PM'], ['Thursday', '3:30–8PM']]"
0x89c3aab2e1fc572b:0xaeeca5e4fe4fe2a,Nori,"Nori, 561 Bloomfield Ave, Montclair, NJ 07042",40.815778,-74.2194889,"['Sushi restaurant', 'Asian restaurant', 'Japanese restaurant']",4.3,268,$$,"[['Friday', '11:30AM–9PM'], ['Saturday', '12:30–9PM'], ['Sunday', '12:30–9PM'], ['Monday', '11:30AM–9PM'], ['Tuesday', '11:30AM–9PM'], ['Wednesday', '11:30AM–9PM'], ['Thursday', '11:30AM–9PM']]"
0x89c2f7269afa3fe1:0x95fa64f9a5d0f518,Nakahara Japanese Restaurant,"Nakahara Japanese Restaurant, 299 Broad Ave, Leonia, NJ 07605",40.8612117,-73.9879694,"['Japanese restaurant', 'Sushi restaurant']",4.5,244,,"[['Friday', '12–8PM'], ['Saturday', '4–8PM'], ['Sunday', 'Closed'], ['Monday', 'Closed'], ['Tuesday', '12–8PM'], ['Wednesday', '12–8PM'], ['Thursday', '12–8PM']]"
0x89c19eed899457a3:0x5248d98cbc57efb3,Banji Japanese Cuisine,"Banji Japanese Cuisine, 333 Atlantic City Blvd, Bayville, NJ 08721",39.920536399999996,-74.1613096,['Japanese restaurant'],4.4,87,$$,"[['Thursday', '11AM–10PM'], ['Friday', '11AM–10PM'], ['Saturday', '11AM–10PM'], ['Sunday', '11AM–10PM'], ['Monday', 'Closed'], ['Tuesday', '11AM–10PM'], ['Wednesday', '11AM–10PM']]"
0x89c30a8ef326314f:0xac8e862182c03e12,Hibachi Buffet,"Hibachi Buffet, 80 E McFarlan St, Dover, NJ 07801",40.8878646,-74.5545212,['Japanese restaurant'],2.5,8,,"[['Thursday', '11AM–10PM'], ['Friday', '11AM–10:30PM'], ['Saturday', '11AM–10:30PM'], ['Sunday', '11AM–10PM'], ['Monday', '11AM–10PM'], ['Tuesday', '11AM–10PM'], ['Wednesday', '11AM–10PM']]"
0x89c3d42532ca8baf:0x2bb2c4c83666dbb4,Little Tokyo Cafe,"Little Tokyo Cafe, 3710 US Highway 9 # 2309, Freehold, NJ 07728",40.253484199999995,-74.300606,['Japanese restaurant'],3.5,26,,"[['Thursday', '10AM–9:30PM'], ['Friday', '10AM–9:30PM'], ['Saturday', '10AM–9:30PM'], ['Sunday', '11AM–7PM'], ['Monday', '10AM–9:30PM'], ['Tuesday', '10AM–9:30PM'], ['Wednesday', '10AM–9:30PM']]"
0x89c10791bef2ca9d:0x95f5ba933b50770a,Fuji72 Hibachi & Sushi (Manahawkin),"Fuji72 Hibachi & Sushi (Manahawkin), 626 NJ-72, Manahawkin, NJ 08050",39.6824465,-74.2407632,"['Japanese restaurant', 'Japanese steakhouse', 'Takeout Restaurant', 'Seafood restaurant', 'Steak house', 'Sushi restaurant', 'Sushi takeaway']",4.6,297,$$,"[['Thursday', '11:30AM–2:30PM'], ['Friday', '11:30AM–2:30PM'], ['Saturday', '12–10PM'], ['Sunday', '12–9:30PM'], ['Monday', '11:30AM–2:30PM'], ['Tuesday', '11:30AM–2:30PM'], ['Wednesday', '11:30AM–2:30PM']]"
0x89c225023e4e8f77:0x4f49c5deeef1cb51,Izu Sushi Japanese Restaurant,"Izu Sushi Japanese Restaurant, 31 Montgomery Ave, Long Branch, NJ 07740",40.285516,-73.98486059999999,"['Japanese restaurant', 'Asian restaurant', 'Sushi restaurant']",4.5,314,$$,"[['Thursday', '11AM–9:30PM'], ['Friday', '11AM–9:30PM'], ['Saturday', '11AM–9:30PM'], ['Sunday', '11AM–9:30PM'], ['Monday', '11AM–9:30PM'], ['Tuesday', '11AM–9:30PM'], ['Wednesday', '11AM–9:30PM']]"
0x89c6c9576c4d94af:0xaed5f4a89112046,Woksabi,"Woksabi, 659 Haddon Ave, Collingswood, NJ 08108",39.9168216,-75.0699872,"['Japanese restaurant', 'Asian restaurant', 'Restaurant', 'Sushi restaurant']",4.3,124,$$,
0x89c19d85b316adfd:0x7e69e644e5fa0bf1,Tang Dynasty,"Tang Dynasty, 1226 NJ-166, Toms River, NJ 08753",39.9837127,-74.2109957,"['Chinese restaurant', 'Asian restaurant', 'Japanese restaurant', 'Restaurant', 'Sushi restaurant']",4.3,198,$,"[['Thursday', '11AM–10PM'], ['Friday', '11AM–10PM'], ['Saturday', '11AM–10PM'], ['Sunday', '11AM–10PM'], ['Monday', '11AM–10PM'], ['Tuesday', 'Closed'], ['Wednesday', '11AM–10PM']]"
0x89c38379c2c8c111:0x3a01d674bae424fc,Little Tokyo,"Little Tokyo, 207 Mountain Ave, Hackettstown, NJ 07840",40.8407609,-74.8233211,"['Japanese restaurant', 'Asian restaurant', 'Sushi restaurant']",4.7,168,$$,"[['Thursday', '12–9PM'], ['Friday', '12–9PM'], ['Saturday', '12–9PM'], ['Sunday', '12–9PM'], ['Monday', 'Closed'], ['Tuesday', '12–9PM'], ['Wednesday', '12–9PM']]"
0x89c3b2239dd7ab13:0xdc936db82b264ccf,Mr. Bin Sushi & Grill,"Mr. Bin Sushi & Grill, 123 N Union Ave #3, Cranford, NJ 07016",40.6574944,-74.30315829999999,"['Sushi restaurant', 'Caterer', 'Japanese restaurant']",4.5,264,$$,"[['Thursday', '12–9PM'], ['Friday', '12–9PM'], ['Saturday', '12–9PM'], ['Sunday', '12–9PM'], ['Monday', 'Closed'], ['Tuesday', '12–9PM'], ['Wednesday', '12–9PM']]"
0x89c23378f747355d:0xc46f03bb7af51667,Fuku Japanese Sushi Burrito & Asian Kitchen,"Fuku Japanese Sushi Burrito & Asian Kitchen, 2889 NJ-35, Hazlet, NJ 07730",40.4179234,-74.1729622,"['Restaurant', 'Japanese inn', 'Sushi restaurant']",4.7,277,,
0x89c1486604d34e17:0x4139970577046822,Yama Japanese Restaurant,"Yama Japanese Restaurant, 1570 NJ-38, Lumberton, NJ 08048",39.9818,-74.7988,['Japanese restaurant'],4.4,138,$$,"[['Thursday', '11AM–10PM'], ['Friday', '11AM–10PM'], ['Saturday', '11AM–10PM'], ['Sunday', 'Closed'], ['Monday', '11AM–10PM'], ['Tuesday', '11AM–10PM'], ['Wednesday', '11AM–10PM']]"
0x89c3a72109942553:0x7b29f6cd07a3c464,Aji Japanese restaurant,"Aji Japanese restaurant, 645 Speedwell Ave, Morris Plains, NJ 07950",40.8278233,-74.4791199,"['Japanese restaurant', 'Caterer']",4.5,107,$$,"[['Thursday', '11:30AM–9PM'], ['Friday', '11:30AM–10PM'], ['Saturday', '11:30AM–10PM'], ['Sunday', '12–9PM'], ['Monday', 'Closed'], ['Tuesday', 'Closed'], ['Wednesday', '11:30AM–9PM']]"
0x89c233640ec3ae51:0x898ea457e0f5d8c7,Fuji Japanese Restaurant,"Fuji Japanese Restaurant, 3253 NJ-35, Hazlet, NJ 07730",40.422378599999995,-74.1876879,"['Japanese restaurant', 'Bar', 'Steak house']",4.4,188,$$,"[['Tuesday', '11AM–10PM'], ['Wednesday', '11AM–10PM'], ['Thursday', '11AM–10PM'], ['Friday', '11AM–10PM'], ['Saturday', '11AM–10PM'], ['Sunday', '3–10PM'], ['Monday', '11AM–10PM']]"
0x89c25741d537f209:0x61df12fb7f7bcd08,OZU FOODS,"OZU FOODS, 106 Hutton St, Jersey City, NJ 07307",40.7449478,-74.05057169999999,"['Japanese restaurant', 'Ramen restaurant', 'Restaurant', 'Sushi restaurant']",4.9,188,$$,"[['Tuesday', '5–9:30PM'], ['Wednesday', '5–9:30PM'], ['Thursday', '5–9:30PM'], ['Friday', '5–9:30PM'], ['Saturday', '4–9:30PM'], ['Sunday', 'Closed'], ['Monday', 'Closed']]"
0x89c6cc738acfd3ab:0x3be041dcfba6b69a,Fuji Restaurant,"Fuji Restaurant, 116 Kings Hwy E, Haddonfield, NJ 08033",39.8966712,-75.0332794,['Japanese restaurant'],4.6,138,$$,"[['Tuesday', '11:30AM–9:30PM'], ['Wednesday', '11:30AM–9:30PM'], ['Thursday', '11:30AM–9:30PM'], ['Friday', '11:30AM–10PM'], ['Saturday', '12–10PM'], ['Sunday', '4–9PM'], ['Monday', 'Closed']]"
0x89c2e57c8aa165a5:0x5736793c8645babb,Tokyo Cafe,"Tokyo Cafe, 59 Washington Ave, Westwood, NJ 07675",40.9916932,-74.03463649999999,"['Japanese restaurant', 'Delivery Restaurant']",4.2,38,,"[['Tuesday', '3–10PM'], ['Wednesday', '3–10PM'], ['Thursday', '3–10PM'], ['Friday', '3–10PM'], ['Saturday', '3–10PM'], ['Sunday', 'Closed'], ['Monday', '3–10PM']]"
0x89c22f0d67c735b7:0xfdae5e8a02a6426f,Sultan Wok,"Sultan Wok, 105 NJ-35, Eatontown, NJ 07724",40.2978896,-74.0549691,"['Chinese restaurant', 'Japanese restaurant']",3.6,84,$,"[['Tuesday', '10:30AM–10PM'], ['Wednesday', '10:30AM–10PM'], ['Thursday', '10:30AM–10PM'], ['Friday', '10:30AM–10:30PM'], ['Saturday', '10:30AM–10:30PM'], ['Sunday', '11AM–10PM'], ['Monday', '10:30AM–10PM']]"
0x89c251b24b29dacb:0x6532d2d2fddac239,Sarku Japan,"Sarku Japan, 197 E 22nd St, Bayonne, NJ 07002",40.659714799999996,-74.1108876,"['Japanese restaurant', 'Asian restaurant', 'Fast food restaurant', 'Sushi restaurant', 'Teppanyaki restaurant']",4.3,197,$,"[['Tuesday', '11AM–8PM'], ['Wednesday', '11AM–8PM'], ['Thursday', '11AM–8PM'], ['Friday', '11AM–9PM'], ['Saturday', '11AM–9PM'], ['Sunday', '12–8PM'], ['Monday', '11AM–8PM']]"
0x89c13483cda6eac5:0x87b99eb29dc849da,Osushi,"Osushi, NJ-73 #143, Marlton, NJ 08053",39.8906552,-74.92771309999999,"['Sushi restaurant', 'Japanese restaurant']",4.4,146,,"[['Tuesday', '11:30AM–10PM'], ['Wednesday', '11:30AM–10PM'], ['Thursday', '11:30AM–10PM'], ['Friday', '11:30AM–10PM'], ['Saturday', '11:30AM–10PM'], ['Sunday', '11:30AM–10PM'], ['Monday', '11:30AM–10PM']]"
0x89c2f64a555bacf3:0x83dddfa6aaa8eb5e,KAI Sweets,"KAI Sweets, 595 River Rd, Edgewater, NJ 07020",40.816245699999996,-73.9800088,"['Japanese confectionery shop', 'Cafe', 'Japanese restaurant']",4.3,38,,"[['Tuesday', '11AM–5PM'], ['Wednesday', '11AM–5PM'], ['Thursday', '11AM–5PM'], ['Friday', '11AM–5PM'], ['Saturday', '11AM–5PM'], ['Sunday', '11AM–5PM'], ['Monday', '11AM–5PM']]"
0x89c31cb6ff3debb7:0xb4ad9979a2bb8088,Mr. Sushi Pompton Lakes,"Mr. Sushi Pompton Lakes, 298 Wanaque Ave, Pompton Lakes, NJ 07442",41.0028611,-74.2914639,"['Sushi restaurant', 'Asian restaurant', 'Japanese restaurant', 'Delivery Restaurant']",4.5,256,$$,"[['Monday', '11AM–9:30PM'], ['Tuesday', '11AM–9:30PM'], ['Wednesday', '11AM–9:30PM'], ['Thursday', '11AM–9:30PM'], ['Friday', '11AM–9:30PM'], ['Saturday', '11AM–9:30PM'], ['Sunday', 'Closed']]"
0x89c1372dea628ae1:0x54afd02f562a4588,Vincent's,"Vincent's, 422 Stokes Rd, Medford, NJ 08055",39.876260099999996,-74.816968,"['Asian restaurant', 'Chinese restaurant', 'Japanese restaurant', 'Delivery Restaurant', 'Sushi restaurant']",4.3,138,,"[['Monday', '11AM–9:30PM'], ['Tuesday', '11AM–9:30PM'], ['Wednesday', '11AM–9:30PM'], ['Thursday', '11AM–9:30PM'], ['Friday', '11AM–10:30PM'], ['Saturday', '12–10:30PM'], ['Sunday', '12–9:30PM']]"
0x89c2314295932d67:0x4d5d434b1849d4b6,Sono Sushi,"Sono Sushi, 1098 NJ-35, Middletown Township, NJ 07748",40.396847099999995,-74.1103694,"['Japanese restaurant', 'Sushi restaurant']",4.6,256,$$,"[['Monday', 'Closed'], ['Tuesday', '12–8PM'], ['Wednesday', '12–8PM'], ['Thursday', '12–8PM'], ['Friday', '12–8PM'], ['Saturday', '12–8PM'], ['Sunday', '4–8PM']]"
0x89c3ccd59594e94d:0x9a29965d24c41e2e,Kickys Restaurant,"Kickys Restaurant, 1208 NJ-34, Aberdeen Township, NJ 07747",40.392126999999995,-74.22175,"['Sushi restaurant', 'Asian restaurant', 'Japanese restaurant', 'Restaurant', 'Southeast Asian restaurant', 'Thai restaurant']",4.2,45,$$,"[['Monday', '11:30AM–9:30PM'], ['Tuesday', '11:30AM–9:30PM'], ['Wednesday', '11:30AM–9:30PM'], ['Thursday', '11:30AM–9:30PM'], ['Friday', '11:30AM–9:30PM'], ['Saturday', '11:30AM–9:30PM'], ['Sunday', '11:30AM–9:30PM']]"
0x89c6d02a881ae2e9:0x22cd06d0e61c4cd4,Mt Fuji Japanese Restaurant,"Mt Fuji Japanese Restaurant, 1450 Clements Bridge Rd, Deptford, NJ 08096",39.8305398,-75.1117582,['Japanese restaurant'],4.5,378,$$,"[['Monday', '11AM–10PM'], ['Tuesday', 'Closed'], ['Wednesday', '11AM–10PM'], ['Thursday', '11AM–10PM'], ['Friday', '11AM–11PM'], ['Saturday', '12:30–11PM'], ['Sunday', '12:30–10PM']]"
0x89c2ee41dcd6f719:0xc9bd6d7f457e564,MT. Kisco,"MT. Kisco, 139 Oakland Ave, Closter, NJ 07624",40.9727354,-73.9596007,['Japanese restaurant'],4.4,34,$$,"[['Monday', 'Closed'], ['Tuesday', '11:30AM–3PM'], ['Wednesday', '11:30AM–9PM'], ['Thursday', '11:30AM–9PM'], ['Friday', '11:30AM–9:30PM'], ['Saturday', '12–9:30PM'], ['Sunday', 'Closed']]"
0x89c251ed8a9f75d9:0xf8398313a3abfcdf,Nikko Sushi,"Nikko Sushi, 698 Broadway, Bayonne, NJ 07002",40.670804,-74.11219799999999,"['Restaurant', 'Asian restaurant', 'Japanese restaurant', 'Sushi restaurant']",4.4,24,$$,"[['Monday', '11AM–10:30PM'], ['Tuesday', '11AM–10:30PM'], ['Wednesday', '11AM–10:30PM'], ['Thursday', '11AM–10:30PM'], ['Friday', '11AM–11PM'], ['Saturday', '11AM–11PM'], ['Sunday', '12–10:30PM']]"
0x89c6d691a0f41495:0xe42e8a7b5e45b899,Oriental Sakura,"Oriental Sakura, 259 Fish Pond Rd, Sewell, NJ 08080",39.718854799999995,-75.07713009999999,"['Mandarin restaurant', 'Asian restaurant', 'Japanese restaurant']",3.8,44,$,"[['Sunday', '12–10PM'], ['Monday', 'Closed'], ['Tuesday', '11AM–10:30PM'], ['Wednesday', '11AM–10:30PM'], ['Thursday', '11AM–10:30PM'], ['Friday', '11AM–11PM'], ['Saturday', '11AM–11PM']]"
0x89c25753d132d9af:0x1ac865ecc8869bf1,Sarku Japan,"Sarku Japan, 30 Mall Drive West Space 16, 3rd Floor, Jersey City, NJ 07310",40.7267632,-74.0384006,"['Japanese restaurant', 'Asian restaurant', 'Fast food restaurant', 'Restaurant', 'Sushi restaurant', 'Teppanyaki restaurant']",3.8,104,$,"[['Sunday', '11AM–7PM'], ['Monday', '11AM–8PM'], ['Tuesday', '11AM–8PM'], ['Wednesday', '11AM–8PM'], ['Thursday', '11AM–8PM'], ['Friday', '10AM–9PM'], ['Saturday', '10AM–9PM']]"
0x89c25754013fffff:0x77fbdca1e9321b71,Kobeyaki,"Kobeyaki, 525 Washington Blvd, Jersey City, NJ 07310",40.727193,-74.03518009999999,['Japanese restaurant'],4.2,106,,"[['Sunday', '12–9PM'], ['Monday', '11AM–9PM'], ['Tuesday', '11AM–9PM'], ['Wednesday', '11AM–9PM'], ['Thursday', '11AM–9PM'], ['Friday', '11AM–9PM'], ['Saturday', '12–9PM']]"
0x89c3d5cbd2acac5f:0x402a166ced691c64,Chen's Asian Bistro,"Chen's Asian Bistro, 3338 U.S. 9, Freehold Township, NJ 07728",40.2231862,-74.2702924,"['Asian restaurant', 'Asian fusion restaurant', 'Authentic Japanese restaurant', 'Takeout Restaurant', 'Ramen restaurant', 'Restaurant', 'Sushi takeaway']",4.7,45,,"[['Sunday', '12–9:30PM'], ['Monday', 'Closed'], ['Tuesday', '11AM–10PM'], ['Wednesday', '11AM–10PM'], ['Thursday', '11AM–10PM'], ['Friday', '11AM–10PM'], ['Saturday', '11AM–10PM']]"
0x89c18633bfc231f1:0x5ec0b9b64fa0705f,Asahi Steak House,"Asahi Steak House, 99 Taylor Ave, Manasquan, NJ 08736",40.1246009,-74.0461534,"['Asian restaurant', 'Japanese restaurant', 'Restaurant', 'Sushi restaurant']",4.2,134,$$,"[['Sunday', '1–10PM'], ['Monday', '11:30AM–10PM'], ['Tuesday', '11:30AM–10PM'], ['Wednesday', '11:30AM–10PM'], ['Thursday', '11:30AM–10PM'], ['Friday', '11:30AM–11PM'], ['Saturday', '1–11PM']]"
0x89c3b951f9fb0fc3:0xb0d8aec17f41e186,Mr. Pi's Sushi,"Mr. Pi's Sushi, 57 Mountain Blvd, Warren, NJ 07059",40.6187987,-74.4931563,['Japanese restaurant'],4.5,215,$$,"[['Sunday', 'Closed'], ['Monday', 'Closed'], ['Tuesday', '11:30AM–2:30PM'], ['Wednesday', '11:30AM–2:30PM'], ['Thursday', '11:30AM–2:30PM'], ['Friday', '11:30AM–2:30PM'], ['Saturday', '3–10PM']]"
0x89c3e2e2377b580b:0xd50a6faa27d38866,Masa 8 Restaurant,"Masa 8 Restaurant, 160 Lawrenceville Pennington Rd, Lawrenceville, NJ 08648",40.3031955,-74.7498789,"['Japanese restaurant', 'Asian restaurant', 'Restaurant', 'Sushi restaurant']",4.4,138,$$,"[['Sunday', '2–9PM'], ['Monday', '11AM–9PM'], ['Tuesday', '11AM–9PM'], ['Wednesday', '11AM–9PM'], ['Thursday', '11AM–9PM'], ['Friday', '11AM–9:30PM'], ['Saturday', '11AM–9:30PM']]"
0x89c15e8d9c12aa5b:0xf78f07b2c1f1e28e,Tsukasa,"Tsukasa, 621 US-130, Hamilton Township, NJ 08691",40.1892929,-74.6510162,['Japanese restaurant'],4.6,148,,"[['Sunday', '4–7PM'], ['Monday', 'Closed'], ['Tuesday', 'Closed'], ['Wednesday', '11:30AM–7:30PM'], ['Thursday', '11:30AM–7:30PM'], ['Friday', '11:30AM–7:30PM'], ['Saturday', '11:30AM–7:30PM']]"
0x89c3a8f5117adda7:0x89c5199810b85ef,Tomo's Cuisine,"Tomo's Cuisine, 143 NJ-10, East Hanover, NJ 07936",40.809236,-74.3823558,"['Japanese restaurant', 'Sushi restaurant']",4.6,78,,"[['Sunday', '5:30–8PM'], ['Monday', 'Closed'], ['Tuesday', 'Closed'], ['Wednesday', '12–2PM'], ['Thursday', '12–2PM'], ['Friday', '12–2PM'], ['Saturday', '5:30–8PM']]"
0x89c0ee4cafdc1f67:0x7b9f8bd020d5a575,Izakaya,"Izakaya, 1 Borgata Way, Atlantic City, NJ 08401",39.3780966,-74.4338346,"['Japanese restaurant', 'Bar', 'Sushi restaurant']",4.3,218,$$$,"[['Sunday', '5–9:30PM'], ['Monday', '5–10:30PM'], ['Tuesday', 'Closed'], ['Wednesday', 'Closed'], ['Thursday', 'Closed'], ['Friday', '5–10:30PM'], ['Saturday', '5–10:30PM']]"
0x89c6cbc204c5e67f:0x7a62738ae4299f7a,Mikado Japanese Restaurant,"Mikado Japanese Restaurant, 2320 Marlton Pike W, Cherry Hill, NJ 08002",39.925504499999995,-75.04814669999999,"['Japanese restaurant', 'Restaurant']",4.5,427,$$,"[['Sunday', '12:30–10PM'], ['Monday', '11:30AM–10PM'], ['Tuesday', '11:30AM–10PM'], ['Wednesday', '11:30AM–10PM'], ['Thursday', '11:30AM–10PM'], ['Friday', '11:30AM–11PM'], ['Saturday', '12:30–11PM']]"
0x89c3c169c26a403f:0x82fd164fe9bc3268,Sakana Sushi & Ramen,"Sakana Sushi & Ramen, 120 Cedar Grove Ln, Somerset, NJ 08873",40.5224188,-74.5199411,"['Restaurant', 'Asian restaurant', 'Japanese restaurant', 'Sushi restaurant']",4.5,134,,"[['Sunday', '12–8PM'], ['Monday', 'Closed'], ['Tuesday', '11:30AM–3PM'], ['Wednesday', '11:30AM–3PM'], ['Thursday', '11:30AM–3PM'], ['Friday', '11:30AM–3PM'], ['Saturday', '2–10PM']]"
0x89c2f6dbd359fb11:0xdbc4c41cae144969,SUGI,"SUGI, 2117 Rte 4, Fort Lee, NJ 07024",40.8603977,-73.9766783,['Japanese restaurant'],3.8,48,,"[['Sunday', 'Closed'], ['Monday', '12–2:30PM'], ['Tuesday', '12–2:30PM'], ['Wednesday', '12–2:30PM'], ['Thursday', '12–2:30PM'], ['Friday', '12–2:30PM'], ['Saturday', '5:30–10:30PM']]"
0x89c0efc15473b119:0x7859e2dd9b83459e,Kuro,"Kuro, Kuro, 1000, Boardwalk, Atlantic City, NJ 08401",39.3599884,-74.42123529999999,['Japanese restaurant'],4.5,93,,"[['Sunday', '5–10PM'], ['Monday', 'Closed'], ['Tuesday', 'Closed'], ['Wednesday', 'Closed'], ['Thursday', 'Closed'], ['Friday', '5–11PM'], ['Saturday', '5–11PM']]"
0x89c2ef9fc56f2d31:0xa07292017f9981fc,Sushi Kazuki,"Sushi Kazuki, 638 Westwood Ave., River Vale, NJ 07675",40.9953012,-74.0082457,"['Japanese restaurant', 'Sushi restaurant']",4.7,153,,"[['Sunday', '2–9PM'], ['Monday', 'Closed'], ['Tuesday', '11:30AM–9PM'], ['Wednesday', '11:30AM–9PM'], ['Thursday', '11:30AM–9PM'], ['Friday', '11:30AM–9PM'], ['Saturday', '11:30AM–9PM']]"
0x89c0de8325c58943:0x882d543d21a2a544,Eastern Phoenix Restaurant,"Eastern Phoenix Restaurant, 103 Washington Ave, Egg Harbor City, NJ 08215",39.5312152,-74.6509164,"['Japanese restaurant', 'Asian restaurant', 'Chinese restaurant', 'Restaurant', 'Sushi restaurant']",4.5,138,,"[['Saturday', '11AM–10PM'], ['Sunday', '11AM–10PM'], ['Monday', 'Closed'], ['Tuesday', '11AM–9:30PM'], ['Wednesday', '11AM–9:30PM'], ['Thursday', '11AM–9:30PM'], ['Friday', '11AM–9:30PM']]"
0x89c307e1722b336f:0xd9cd8b56d8d7af24,Ashia authentic chinese&japanese cuisine,"Ashia authentic chinese&japanese cuisine, 1460 US-46, Parsippany, NJ 07054",40.8648661,-74.3985581,"['Chinese restaurant', 'Japanese restaurant', 'Delivery Restaurant', 'Thai restaurant']",4.1,108,,"[['Saturday', '12–11PM'], ['Sunday', '12–9:30PM'], ['Monday', 'Closed'], ['Tuesday', '11AM–9:30PM'], ['Wednesday', '11AM–9:30PM'], ['Thursday', '11AM–9:30PM'], ['Friday', '11AM–11:30PM']]"
0x89c6cbbe8dfde519:0xb052b2c051effd07,Kabuki Japanese Cuisine,"Kabuki Japanese Cuisine, 929 Haddonfield Rd, Cherry Hill, NJ 08002",39.925391,-75.0343886,"['Japanese restaurant', 'Asian restaurant', 'Restaurant', 'Sushi restaurant']",4.1,371,$$,"[['Saturday', '12:30–11PM'], ['Sunday', '12:30–10PM'], ['Monday', '11AM–10PM'], ['Tuesday', '11AM–10PM'], ['Wednesday', '11AM–10PM'], ['Thursday', '11AM–10PM'], ['Friday', '11AM–11PM']]"
0x89c25367d001751d:0x8426077a2ce06018,Sakura Japan (Newark),"Sakura Japan (Newark), 186 W Market St, Newark, NJ 07103",40.7418757,-74.18746019999999,['Japanese restaurant'],4.7,24,$$,"[['Saturday', '11AM–8:30PM'], ['Sunday', 'Closed'], ['Monday', '11AM–8:30PM'], ['Tuesday', '11AM–8:30PM'], ['Wednesday', '11AM–8:30PM'], ['Thursday', '11AM–8:30PM'], ['Friday', '11AM–8:30PM']]"
0x89c258151f773485:0xeb4e5bf77c1603bf,Robongi Sushi Wok & Grill,"Robongi Sushi Wok & Grill, 4800 Ave at Port Imperial, Weehawken, NJ 07086",40.776632899999996,-74.010503,"['Japanese restaurant', 'Chinese restaurant', 'Cocktail bar', 'Delivery Restaurant', 'Sushi restaurant', 'Sushi takeaway']",4.3,115,$$,"[['Saturday', '11AM–10:30PM'], ['Sunday', '11:30AM–10PM'], ['Monday', '11AM–10PM'], ['Tuesday', '11AM–10PM'], ['Wednesday', '11AM–10PM'], ['Thursday', '11AM–10PM'], ['Friday', '11AM–10:30PM']]"
0x89c3d5d3795e7543:0xddb622317f86821b,Mahzu Japanese Restaurant Freehold,"Mahzu Japanese Restaurant Freehold, 430 Mounts Corner Dr, Freehold, NJ 07728",40.2417993,-74.305279,['Japanese restaurant'],3.8,268,$$,"[['Saturday', '11:30AM–9PM'], ['Sunday', '11:30AM–9PM'], ['Monday', '11:30AM–9PM'], ['Tuesday', '11:30AM–9PM'], ['Wednesday', '11:30AM–9PM'], ['Thursday', '11:30AM–9PM'], ['Friday', '11:30AM–9PM']]"
0x89c3830024de6e0f:0xf99f2e1886d99a5b,Gaza Ramen and Sushi,"Gaza Ramen and Sushi, 915 County Road 517 #7A, Hackettstown, NJ 07840",40.8708574,-74.8253276,"['Japanese restaurant', 'Ramen restaurant', 'Sushi restaurant']",4.5,254,$$,"[['Saturday', '11:30AM–9PM'], ['Sunday', '12:30–9PM'], ['Monday', 'Closed'], ['Tuesday', '11:30AM–9PM'], ['Wednesday', '11:30AM–9PM'], ['Thursday', '11:30AM–9PM'], ['Friday', '11:30AM–9PM']]"
0x89c2583d2d36757d:0x1d08ea5f460b7ef7,Hudson Sushi,"Hudson Sushi, 4525 Broadway, Union City, NJ 07087",40.7778993,-74.018125,"['Sushi restaurant', 'Asian restaurant', 'Catering food and drink supplier', 'Fusion restaurant', 'Japanese restaurant', 'Korean restaurant', 'Delivery Restaurant', 'Takeout Restaurant', 'Ramen restaurant']",4.4,177,,"[['Saturday', '12–9:30PM'], ['Sunday', '12–9:30PM'], ['Monday', '12–9:30PM'], ['Tuesday', '12–9:30PM'], ['Wednesday', '12–9:30PM'], ['Thursday', '12–9:30PM'], ['Friday', '12–9:30PM']]"
0x89c37288dff1198b:0xc18d81b0c50c9f1,Sushi Ya,"Sushi Ya, 27 Center St, Sparta, NJ 07871",41.0312653,-74.6352397,"['Sushi restaurant', 'Asian restaurant', 'Japanese restaurant']",4.5,233,$$,"[['Saturday', '11AM–10PM'], ['Sunday', '12–9PM'], ['Monday', '11AM–9PM'], ['Tuesday', '11AM–9PM'], ['Wednesday', '11AM–9PM'], ['Thursday', '11AM–9PM'], ['Friday', '11AM–10PM']]"
0x89c2556af5eea625:0xdef6647d94f21ae9,Momoya,"Momoya, 390 Broad St, Bloomfield, NJ 07003",40.806835,-74.1929359,"['Japanese restaurant', 'Asian restaurant', 'Restaurant', 'Seafood restaurant', 'Sushi restaurant']",4.4,237,$$,"[['Saturday', '11AM–9PM'], ['Sunday', '12–9PM'], ['Monday', '11AM–9PM'], ['Tuesday', '11AM–9PM'], ['Wednesday', '11AM–9PM'], ['Thursday', '11AM–9PM'], ['Friday', '11AM–9PM']]"
0x89c3b32df4e7a77b:0x786447310bbc367,Ani Ramen House,"Ani Ramen House, 109 Walnut Ave, Cranford, NJ 07016",40.6540132,-74.3041442,"['Restaurant', 'Asian restaurant', 'Japanese restaurant', 'Ramen restaurant']",4.4,78,,"[['Saturday', '12–3PM'], ['Sunday', '12–3PM'], ['Monday', '12–3PM'], ['Tuesday', '12–3PM'], ['Wednesday', '12–3PM'], ['Thursday', '12–3PM'], ['Friday', '12–3PM']]"
0x89c1024e69dc17e9:0x2d710edbef796a93,China Palace,"China Palace, 425 U.S. 9, Little Egg Harbor Township, NJ 08087",39.603061,-74.354934,"['Chinese restaurant', 'Japanese restaurant', 'Delivery Restaurant']",4.0,168,$$,"[['Saturday', '11AM–11PM'], ['Sunday', '12–10PM'], ['Monday', 'Closed'], ['Tuesday', '11AM–10PM'], ['Wednesday', '11AM–10PM'], ['Thursday', '11AM–10PM'], ['Friday', '11AM–11PM']]"
0x89c3b22667ee3339:0x9bfc02a4a2ff5199,Sushi Time 898,"Sushi Time 898, 12 S Ave W, Cranford, NJ 07016",40.654488,-74.3078886,"['Japanese restaurant', 'Restaurant']",3.8,178,$$,"[['Saturday', '12–8:30PM'], ['Sunday', '12–8:30PM'], ['Monday', '11AM–8:30PM'], ['Tuesday', '11AM–8:30PM'], ['Wednesday', '11AM–8:30PM'], ['Thursday', '11AM–8:30PM'], ['Friday', '11AM–8:30PM']]"
0x89c157e712b8531f:0x5bd4da75682a1f00,East Sushi Restaurant,"East Sushi Restaurant, 43 Scotch Rd, Ewing Township, NJ 08628",40.2657798,-74.80240429999999,"['Japanese restaurant', 'Asian restaurant', 'Sushi restaurant', 'Thai restaurant']",4.3,327,$$,"[['Saturday', '11AM–10PM'], ['Sunday', '11AM–9:30PM'], ['Monday', '11AM–9:30PM'], ['Tuesday', '11AM–9:30PM'], ['Wednesday', '11AM–9:30PM'], ['Thursday', '11AM–9:30PM'], ['Friday', '11AM–10PM']]"
0x89c2e4a8a8e10643:0x7d67524ecb67369b,Sakura Bana Restaurant,"Sakura Bana Restaurant, 43 Franklin Ave, Ridgewood, NJ 07450",40.981311,-74.11866599999999,"['Japanese restaurant', 'Sushi restaurant']",4.6,224,$$,"[['Saturday', '11:30AM–2PM'], ['Sunday', '4–8PM'], ['Monday', 'Closed'], ['Tuesday', '4:30–8:30PM'], ['Wednesday', '4:30–8:30PM'], ['Thursday', '4:30–8:30PM'], ['Friday', '11:30AM–2PM']]"
0x89c25743c89ef7f9:0x521dc95e3971c857,Ichiban To-Go,"Ichiban To-Go, 365 Palisade Ave, Jersey City, NJ 07307",40.7412403,-74.04633299999999,"['Sushi takeaway', 'Japanese restaurant']",4.6,58,,"[['Saturday', '12–9:30PM'], ['Sunday', '12–8:30PM'], ['Monday', '12–8:30PM'], ['Tuesday', '12–8:30PM'], ['Wednesday', '12–8:30PM'], ['Thursday', '12–8:30PM'], ['Friday', '12–9:30PM']]"
0x89c3c64a9cffd77f:0x41735680b1b0f725,Midori Sushi Of Highland Park,"Midori Sushi Of Highland Park, 237 Raritan Ave, Highland Park, NJ 08904",40.499030999999995,-74.4285226,"['Japanese restaurant', 'Asian restaurant', 'Restaurant', 'Sushi restaurant']",4.2,244,$$,"[['Friday', '11AM–3PM'], ['Saturday', '11AM–3PM'], ['Sunday', 'Closed'], ['Monday', '11AM–3PM'], ['Tuesday', '11AM–3PM'], ['Wednesday', '11AM–3PM'], ['Thursday', '11AM–3PM']]"
0x89c3c8aa8dbb70e9:0xfd733cfc3d870a44,East Hana Sushi,"East Hana Sushi, 300 Route 18, North Dr, East Brunswick, NJ 08816",40.4567295,-74.3967191,"['Sushi restaurant', 'Japanese restaurant', 'Restaurant']",4.5,188,,"[['Friday', '11AM–3PM'], ['Saturday', '11AM–3PM'], ['Sunday', '12–9:30PM'], ['Monday', '11AM–3PM'], ['Tuesday', '11AM–3PM'], ['Wednesday', '11AM–3PM'], ['Thursday', '11AM–3PM']]"
0x89c2f192e6de9365:0x22eb443982e0fe98,Sushi House,"Sushi House, 972 Teaneck Rd, Teaneck, NJ 07666",40.8884391,-74.0053843,"['Japanese restaurant', 'Sushi restaurant']",4.4,46,,"[['Friday', '11AM–3PM'], ['Saturday', '12–10:30PM'], ['Sunday', '1–10PM'], ['Monday', '11AM–3PM'], ['Tuesday', '11AM–3PM'], ['Wednesday', '11AM–3PM'], ['Thursday', '11AM–3PM']]"
0x89c1064bacffffff:0x5c1981877331f319,Ichiban Buffet,"Ichiban Buffet, 626 Route 72 E, Manahawkin, NJ 08050",39.682576,-74.24066499999999,"['Restaurant', 'American restaurant', 'Buffet restaurant', 'Chinese restaurant', 'Japanese restaurant']",3.7,98,,"[['Friday', '11AM–10:30PM'], ['Saturday', '11AM–10:30PM'], ['Sunday', '11AM–10PM'], ['Monday', '11AM–10PM'], ['Tuesday', '11AM–10PM'], ['Wednesday', '11AM–10PM'], ['Thursday', '11AM–10PM']]"
0x89c2f761035dbb01:0x8a5ec7bb1f509df5,Kiseki,"Kiseki, 36 Mt Vernon St, Ridgefield Park, NJ 07660",40.857120599999995,-74.02645609999999,"['Japanese restaurant', 'Sushi restaurant']",4.5,198,$$,"[['Friday', '11AM–10PM'], ['Saturday', '11:30AM–10PM'], ['Sunday', '12:30–9:30PM'], ['Monday', '11AM–9:30PM'], ['Tuesday', '11AM–9:30PM'], ['Wednesday', '11AM–9:30PM'], ['Thursday', '11AM–9:30PM']]"
0x89c2f77986c0e67d:0x873924d1df336bd,FuXingMei Sushi House,"FuXingMei Sushi House, 1086 River Rd, Edgewater, NJ 07020",40.831706499999996,-73.97264919999999,"['Restaurant', 'Asian restaurant', 'Delivery service', 'Japanese restaurant', 'Japanese steakhouse', 'Delivery Restaurant', 'Steak house', 'Sushi restaurant']",4.5,124,$$,"[['Friday', '12–11PM'], ['Saturday', '12–11PM'], ['Sunday', '1–10PM'], ['Monday', '12–10PM'], ['Tuesday', '12–10PM'], ['Wednesday', '12–10PM'], ['Thursday', '12–10PM']]"
0x89c6cc7c972ea837:0x9a1a1c378780c007,Jay Asian Bistro,"Jay Asian Bistro, 219 Haddonfield-Berlin Rd suite t, Cherry Hill, NJ 08034",39.8914483,-75.01931929999999,"['Sushi restaurant', 'Asian restaurant', 'Japanese restaurant', 'Delivery Restaurant', 'Takeout Restaurant', 'Thai restaurant']",4.3,126,$,"[['Friday', '11AM–9:30PM'], ['Saturday', '11AM–9:30PM'], ['Sunday', '11AM–9:30PM'], ['Monday', '11AM–9:30PM'], ['Tuesday', '11AM–9:30PM'], ['Wednesday', '11AM–9:30PM'], ['Thursday', '11AM–9:30PM']]"
0x89c733f4e8ee5dd7:0x12bb277ed1e528ef,Kawa Thai And Sushi,"Kawa Thai And Sushi, 2196 N 2nd St, Millville, NJ 08332",39.4234077,-75.0405322,"['Thai restaurant', 'Asian restaurant', 'Japanese restaurant', 'Delivery Restaurant', 'Southeast Asian restaurant']",4.2,268,$$,"[['Friday', '11AM–10:30PM'], ['Saturday', '11AM–10:30PM'], ['Sunday', '12–9:30PM'], ['Monday', '11AM–9:30PM'], ['Tuesday', '11AM–9:30PM'], ['Wednesday', '11AM–9:30PM'], ['Thursday', '11AM–9:30PM']]"
0x89c7320a38d27cfb:0xdf9d4fcd7ca9f502,Good Friends,"Good Friends, 762 N Delsea Dr, Vineland, NJ 08360",39.4979844,-75.04257009999999,"['Chinese restaurant', 'Japanese restaurant', 'Delivery Restaurant']",4.2,138,$,"[['Friday', '10:30AM–11:30PM'], ['Saturday', '10:30AM–10:30PM'], ['Sunday', '12–10:30PM'], ['Monday', '10:30AM–10:30PM'], ['Tuesday', '10:30AM–10:30PM'], ['Wednesday', '10:30AM–10:30PM'], ['Thursday', '10:30AM–10:30PM']]"
0x89c6c938532564ab:0x844f4fb75231ddec,Sagami Japanese Restaurant,"Sagami Japanese Restaurant, 37 Crescent Blvd, Collingswood, NJ 08108",39.9212639,-75.0875556,"['Japanese restaurant', 'Restaurant', 'Sushi restaurant']",4.7,737,$$,"[['Friday', '4–8:30PM'], ['Saturday', '4–8:30PM'], ['Sunday', '4–8:30PM'], ['Monday', 'Closed'], ['Tuesday', '4–8:30PM'], ['Wednesday', '4–8:30PM'], ['Thursday', '4–8:30PM']]"
0x89c3b7cd9ba6ee01:0x152d9d84e1c8f37f,Sushi Suzuki,"Sushi Suzuki, 15 New St #1813, Metuchen, NJ 08840",40.5415669,-74.3622171,"['Japanese restaurant', 'Asian restaurant', 'Takeout Restaurant', 'Sushi restaurant']",4.4,218,$$,"[['Friday', '11:30AM–10:30PM'], ['Saturday', '11:30AM–10:30PM'], ['Sunday', '12:45–9:30PM'], ['Monday', '11:30AM–9:30PM'], ['Tuesday', '11:30AM–9:30PM'], ['Wednesday', '11:30AM–9:30PM'], ['Thursday', '11:30AM–9:30PM']]"
0x89c31be2511beae3:0x5929c87ef91b14a3,Akoya Sushi,"Akoya Sushi, 156 Main St, Butler, NJ 07405",41.002806,-74.3401204,['Japanese restaurant'],4.0,78,,"[['Friday', '11AM–9PM'], ['Saturday', '11AM–9PM'], ['Sunday', '11AM–9PM'], ['Monday', '11AM–9PM'], ['Tuesday', 'Closed'], ['Wednesday', '11AM–9PM'], ['Thursday', '11AM–9PM']]"
0x89c134a5991b0961:0x6cf1501141b75bac,Megu Sushi & Hibachi,"Megu Sushi & Hibachi, 1990 Marlton Pike East #18, Cherry Hill, NJ 08003",39.8996542,-74.9533653,['Japanese restaurant'],4.2,196,$$,"[['Friday', '11:30AM–10:30PM'], ['Saturday', '11:30AM–10:30PM'], ['Sunday', '12:30–9:30PM'], ['Monday', '11:30AM–10PM'], ['Tuesday', '11:30AM–10PM'], ['Wednesday', '11:30AM–10PM'], ['Thursday', '11:30AM–10PM']]"
0x89c2e117e1c1b1cb:0x7fb7872e231e263,Sarku Japan Teriyaki & Sushi Express,"Sarku Japan Teriyaki & Sushi Express, 1255 Route 17 South Suite #2, Interstate Shop Center, Ramsey, NJ 07446",41.0705313,-74.1393899,"['Japanese restaurant', 'Fast food restaurant', 'Restaurant', 'Sushi restaurant', 'Teppanyaki restaurant']",3.9,104,$,"[['Friday', '11:30AM–7PM'], ['Saturday', '11:30AM–7PM'], ['Sunday', 'Closed'], ['Monday', '11:30AM–7:30PM'], ['Tuesday', '11:30AM–7:30PM'], ['Wednesday', '11:30AM–7:30PM'], ['Thursday', '11:30AM–7:30PM']]"
0x89c107b5cdeb98ef:0x9f984a1f394cb8f0,Asian Gourmet,"Asian Gourmet, 25 S Main St, Manahawkin, NJ 08050",39.694991699999996,-74.2588083,"['Asian restaurant', 'Chinese restaurant', 'Gourmet grocery store', 'Japanese restaurant', 'Delivery Restaurant']",4.4,155,$,"[['Friday', '11AM–10:30PM'], ['Saturday', '11AM–10:30PM'], ['Sunday', '12–10PM'], ['Monday', '11AM–10PM'], ['Tuesday', '11AM–10PM'], ['Wednesday', '11AM–10PM'], ['Thursday', '11AM–10PM']]"
0x89c25467e53f057d:0x202c9bfa7ba3c82b,Sarku Japan,"Sarku Japan, 190 Passaic Ave Unit #101, Kearny, NJ 07032",40.759763299999996,-74.1598747,"['Japanese restaurant', 'Fast food restaurant', 'Restaurant', 'Sushi restaurant', 'Teppanyaki restaurant']",4.2,265,$,"[['Friday', '11AM–9PM'], ['Saturday', '11AM–9PM'], ['Sunday', '12–8PM'], ['Monday', '11AM–8PM'], ['Tuesday', '11AM–8PM'], ['Wednesday', '11AM–8PM'], ['Thursday', '11AM–8PM']]"
0x89c30213c284317d:0x70993b73af57ba9d,Koi,"Koi, 317 Valley Rd, Wayne, NJ 07470",40.924445,-74.235277,"['Chinese restaurant', 'Japanese restaurant', 'Sushi restaurant']",4.3,88,$,"[['Friday', '11AM–10PM'], ['Saturday', '11AM–10PM'], ['Sunday', '12–10PM'], ['Monday', '11AM–10PM'], ['Tuesday', '11AM–10PM'], ['Wednesday', '11AM–10PM'], ['Thursday', '11AM–10PM']]"
0x89c303d3629d4927:0x546e3ab917e671dd,Izumi Hibachi Steak House,"Izumi Hibachi Steak House, 517 NJ-23, Wayne, NJ 07470",40.903462999999995,-74.257482,"['Steak house', 'Asian restaurant', 'Japanese restaurant', 'Japanese steakhouse', 'Restaurant']",4.3,676,$$,"[['Friday', '11:30AM–11PM'], ['Saturday', '3:30–11PM'], ['Sunday', '3:30–9:30PM'], ['Monday', '11:30AM–10PM'], ['Tuesday', '11:30AM–10PM'], ['Wednesday', '11:30AM–10PM'], ['Thursday', '11:30AM–10PM']]"
0x89c39ad4d2fc2ea3:0x1bf9aa1e8f8fce4d,Red Lantern Sushi & Asian Kitchen,"Red Lantern Sushi & Asian Kitchen, 9 W Mill Rd, Long Valley, NJ 07853",40.7840086,-74.7807249,"['Sushi restaurant', 'Asian restaurant', 'Japanese restaurant']",4.3,94,,"[['Friday', '11AM–11PM'], ['Saturday', '11AM–11PM'], ['Sunday', '12–10PM'], ['Monday', 'Closed'], ['Tuesday', '4:30AM–10PM'], ['Wednesday', '11AM–11PM'], ['Thursday', '11AM–11PM']]"
0x89c3dde6a0871629:0x55be22885a97dc53,Ichiban Sushi,"Ichiban Sushi, 660 Plainsboro Rd Ste 6, Plainsboro Township, NJ 08536",40.327383999999995,-74.5756729,"['Japanese restaurant', 'Sushi restaurant']",4.2,416,$$,"[['Friday', '11AM–11PM'], ['Saturday', '11AM–11PM'], ['Sunday', '12–10PM'], ['Monday', '11AM–10PM'], ['Tuesday', '11AM–10PM'], ['Wednesday', '11AM–10PM'], ['Thursday', '11AM–10PM']]"
0x89c3ddf7c4dbfbc9:0xb4f121d8182eb8c,East Asian Fusion Restaurant,"East Asian Fusion Restaurant, 5 Market Street #500, Plainsboro Township, NJ 08536",40.335240999999996,-74.5926187,"['Restaurant', 'Asian restaurant', 'Bubble tea store', 'Caterer', 'Chinese restaurant', 'Japanese restaurant', 'Delivery Restaurant', 'Pho restaurant', 'Thai restaurant']",3.8,137,$$,"[['Friday', '11:30AM–7PM'], ['Saturday', '12–7PM'], ['Sunday', 'Closed'], ['Monday', '11:30AM–7PM'], ['Tuesday', '11:30AM–7PM'], ['Wednesday', '11:30AM–7PM'], ['Thursday', '11:30AM–7PM']]"
0x89c39364cac12063:0x16006bc0d8251a43,Masa Sushi,"Masa Sushi, 1260 NJ-28 #2, Branchburg, NJ 08876",40.6060854,-74.69398559999999,"['Japanese restaurant', 'Asian restaurant', 'Sushi restaurant']",4.0,98,$$,"[['Thursday', '11AM–9:30PM'], ['Friday', '11AM–9:30PM'], ['Saturday', '11AM–9:30PM'], ['Sunday', '12–9PM'], ['Monday', '11AM–9:30PM'], ['Tuesday', '11AM–9:30PM'], ['Wednesday', '11AM–9:30PM']]"
0x89c3aad90111fb4d:0xb9cc2c5e11b1353f,Wasabi Sushi,"Wasabi Sushi, 435 Main St, West Orange, NJ 07052",40.792943,-74.232855,"['Japanese restaurant', 'Delivery Restaurant']",4.4,98,$$,"[['Thursday', '11AM–10PM'], ['Friday', '11AM–10:30PM'], ['Saturday', '11AM–10:30PM'], ['Sunday', '12–10PM'], ['Monday', 'Closed'], ['Tuesday', '11AM–10PM'], ['Wednesday', '11AM–10PM']]"
0x89c3072be60c4477:0xd7a528ffb01892bb,Bonchon Parsippany,"Bonchon Parsippany, 57 New Rd, Parsippany-Troy Hills, NJ 07054",40.85741,-74.34850999999999,"['Asian fusion restaurant', 'Asian restaurant', 'Chicken restaurant', 'Chicken wings restaurant', 'Fried chicken takeaway', 'Japanese restaurant', 'Korean restaurant', 'Pan-Asian restaurant']",4.2,255,$$,"[['Thursday', '11:30AM–9PM'], ['Friday', '11:30AM–9PM'], ['Saturday', '11:30AM–9PM'], ['Sunday', '12–9PM'], ['Monday', '11:30AM–8:30PM'], ['Tuesday', '11:30AM–9PM'], ['Wednesday', '11:30AM–9PM']]"
0x89c3e6e804a4ebe3:0x52926ef0c74c454b,Tomo Sushi,"Tomo Sushi, 236 Nassau St, Princeton, NJ 08540",40.3519867,-74.6524694,"['Japanese restaurant', 'Asian restaurant', 'Takeout Restaurant', 'Sushi takeaway']",4.2,78,$$,"[['Thursday', '11:30AM–9PM'], ['Friday', '11:30AM–9PM'], ['Saturday', '11:30AM–9PM'], ['Sunday', 'Closed'], ['Monday', '11:30AM–9PM'], ['Tuesday', '11:30AM–9PM'], ['Wednesday', '11:30AM–9PM']]"
0x89c25819eca2ae1b:0xbed500ff7a5bd1f,Sushiwa,"Sushiwa, 5204 Bergenline Ave, West New York, NJ 07093",40.7841361,-74.0197519,"['Japanese restaurant', 'Restaurant']",4.6,68,,"[['Thursday', 'Closed'], ['Friday', '10:30AM–11:30PM'], ['Saturday', '10:30AM–11:30PM'], ['Sunday', 'Closed'], ['Monday', '10:30AM–9PM'], ['Tuesday', 'Closed'], ['Wednesday', 'Closed']]"
0x89c2581a0d1b89cd:0xee83ea481d2a9155,Teri Teri,"Teri Teri, 5509 Bergenline Ave, West New York, NJ 07093",40.7860199,-74.0188608,"['Japanese restaurant', 'Asian restaurant', 'Delivery Restaurant', 'Sushi restaurant']",3.6,105,$$,"[['Thursday', '11:30AM–9PM'], ['Friday', '11:30AM–9:30PM'], ['Saturday', '11:30AM–9PM'], ['Sunday', '12–9PM'], ['Monday', '11:30AM–9PM'], ['Tuesday', '11:30AM–9PM'], ['Wednesday', '11:30AM–9PM']]"
0x89c2fa1d11d8508b:0x6338f5be7604c02b,Miyoshi,"Miyoshi, 21 Mercer St, Hackensack, NJ 07601",40.883888899999995,-74.0438889,"['Japanese restaurant', 'Restaurant']",4.0,38,$,"[['Thursday', '11:30AM–2:30PM'], ['Friday', '11:30AM–2:30PM'], ['Saturday', '12–3:30PM'], ['Sunday', '4–9PM'], ['Monday', 'Closed'], ['Tuesday', '12–2:30PM'], ['Wednesday', '11:30AM–2:30PM']]"
0x89c3eca4415d49b5:0x78865dbfce0b0fe6,Eat 'N East,"Eat 'N East, 1051 US-202, Somerville, NJ 08876",40.563275399999995,-74.6944737,"['Chinese restaurant', 'Asian restaurant', 'Japanese restaurant', 'Thai restaurant']",4.0,73,,"[['Thursday', '11AM–10PM'], ['Friday', '11AM–11PM'], ['Saturday', '11AM–11PM'], ['Sunday', '2–10PM'], ['Monday', '11AM–10PM'], ['Tuesday', '11AM–10PM'], ['Wednesday', '11AM–10PM']]"
0x89c6d1d7c358c781:0xb4784a9a034e6621,Sarku Japan,"Sarku Japan, 1750 Deptford Center Road Space #F021, Deptford, NJ 08096",39.8314655,-75.0969257,"['Japanese restaurant', 'Fast food restaurant', 'Restaurant', 'Sushi restaurant', 'Teppanyaki restaurant']",4.2,38,$,"[['Thursday', '11AM–7PM'], ['Friday', '11AM–8PM'], ['Saturday', '11AM–8PM'], ['Sunday', '11AM–6PM'], ['Monday', '11AM–7PM'], ['Tuesday', '11AM–7PM'], ['Wednesday', '11AM–7PM']]"
0x89c2f6e8058f9a1f:0xef9d0a64e1ade544,Raku Izakaya,"Raku Izakaya, 209 Main St, Fort Lee, NJ 07024",40.8513897,-73.9705601,"['Japanese restaurant', 'Bar', 'Restaurant']",4.4,248,$$,"[['Thursday', '5AM–3AM'], ['Friday', '5AM–3AM'], ['Saturday', '5AM–3AM'], ['Sunday', '5AM–3AM'], ['Monday', '5AM–3AM'], ['Tuesday', '5AM–3AM'], ['Wednesday', '5AM–3AM']]"
0x89c3bd4aac134b3f:0xaa5c06962139e738,Tsuki Japanese Restaurant,"Tsuki Japanese Restaurant, 23 Mine Brook Rd, Bernardsville, NJ 07924",40.7180053,-74.5702419,"['Japanese restaurant', 'Restaurant']",4.5,167,$$,"[['Thursday', '12–8:30PM'], ['Friday', '12–9PM'], ['Saturday', '4–9PM'], ['Sunday', 'Closed'], ['Monday', '12–8:30PM'], ['Tuesday', '12–8:30PM'], ['Wednesday', '12–8:30PM']]"
0x89c3b93e46ce2c59:0x1838224ecbf8d577,Shogun 22,"Shogun 22, 166 US-22, Green Brook Township, NJ 08812",40.6029707,-74.47770489999999,"['Japanese steakhouse', 'Cocktail bar', 'Family restaurant', 'Japanese restaurant', 'Restaurant', 'Sushi restaurant']",4.0,198,$$,"[['Thursday', '11:30AM–2:30PM'], ['Friday', '11:30AM–2:30PM'], ['Saturday', '4:30–11PM'], ['Sunday', '4–9:30PM'], ['Monday', '11:30AM–2:30PM'], ['Tuesday', '11:30AM–2:30PM'], ['Wednesday', '11:30AM–2:30PM']]"
0x89c3a7540b7638fb:0xad04e48c4d3e5f10,Minado Restaurant,"Minado Restaurant, 2888 NJ-10, Morris Plains, NJ 07950",40.8612286,-74.4916646,"['Japanese restaurant', 'Restaurant']",3.9,638,$$$,"[['Thursday', '11:30AM–2:30PM'], ['Friday', '11:30AM–2:30PM'], ['Saturday', '11:30AM–3:30PM'], ['Sunday', '11:30AM–3:30PM'], ['Monday', '11:30AM–2:30PM'], ['Tuesday', '11:30AM–2:30PM'], ['Wednesday', '11:30AM–2:30PM']]"
0x89c252efa5008893:0xdfcf3efa545ee321,Sora Sushi Bar,"Sora Sushi Bar, 1 Newark Airport, Newark, NJ 07114",40.688997,-74.177354,"['Sushi restaurant', 'Asian restaurant', 'Japanese restaurant']",2.9,137,,"[['Thursday', '4AM–9PM'], ['Friday', '4AM–9PM'], ['Saturday', '4AM–9PM'], ['Sunday', '4AM–9PM'], ['Monday', '4AM–9PM'], ['Tuesday', '4AM–9PM'], ['Wednesday', '4AM–9PM']]"
0x89c3e180482ec20f:0x4adfa28302c24b22,Soya Ramen Sushu,"Soya Ramen Sushu, 3371 US-1, Lawrence Township, NJ 08648",40.298232999999996,-74.684983,"['Ramen restaurant', 'Japanese restaurant']",4.3,284,$,"[['Wednesday', '11:30AM–9PM'], ['Thursday', '11:30AM–9PM'], ['Friday', '11:30AM–9PM'], ['Saturday', '11:30AM–9PM'], ['Sunday', '11:30AM–9PM'], ['Monday', '11:30AM–9PM'], ['Tuesday', 'Closed']]"
0x89c3c0c1cf0244c9:0x4327b504ad7e8560,Ichiban Japanese Fusion Cuisine,"Ichiban Japanese Fusion Cuisine, 149 Pierce St, Somerset, NJ 08873",40.529524599999995,-74.5205617,"['Sushi restaurant', 'Asian fusion restaurant', 'Asian restaurant', 'Japanese restaurant', 'Sushi takeaway']",4.1,236,$$,"[['Wednesday', '11:30AM–3PM'], ['Thursday', '11:30AM–3PM'], ['Friday', '11:30AM–3PM'], ['Saturday', '2–11PM'], ['Sunday', '2–10PM'], ['Monday', '11:30AM–3PM'], ['Tuesday', '11:30AM–3PM']]"
0x89c3d3ef70b7d7c7:0x7938a70d4b55547a,Yama Sushi,"Yama Sushi, 100 U.S. 9, Manalapan Township, NJ 07726",40.296178999999995,-74.299125,['Japanese restaurant'],3.9,148,$$,"[['Wednesday', '11:30AM–9:30PM'], ['Thursday', '11:30AM–9:30PM'], ['Friday', '11:30AM–9:30PM'], ['Saturday', '11:30AM–9:30PM'], ['Sunday', '11:30AM–9:30PM'], ['Monday', '11:30AM–9:30PM'], ['Tuesday', '11:30AM–9:30PM']]"
0x89c3a8bc13a8f625:0x29d6222f5b8dbdbc,Kyoto Hibachi & Sushi,"Kyoto Hibachi & Sushi, 176 Columbia Turnpike, Florham Park, NJ 07932",40.7891772,-74.3906506,['Japanese restaurant'],3.8,98,$$,"[['Wednesday', '11:30AM–2:30PM'], ['Thursday', '11:30AM–2:30PM'], ['Friday', '11:30AM–2:30PM'], ['Saturday', '12–2:30PM'], ['Sunday', '5–9PM'], ['Monday', '11:30AM–2:30PM'], ['Tuesday', '11:30AM–2:30PM']]"
0x89c3ab529b3a170b:0x7a0df350bbed4cde,Sakura Japan (East Orange),"Sakura Japan (East Orange), 466 Central Ave, East Orange, NJ 07018",40.7587586,-74.2200419,['Japanese restaurant'],4.1,314,$,"[['Wednesday', '11AM–8:30PM'], ['Thursday', '11AM–8:30PM'], ['Friday', '11AM–8:30PM'], ['Saturday', '11AM–8:30PM'], ['Sunday', '11AM–8:30PM'], ['Monday', '11AM–8:30PM'], ['Tuesday', '11AM–8:30PM']]"
0x89c0bf0cb47fa05d:0x4bb58ed5a9e6b1d,Tokyo Mandarin,"Tokyo Mandarin, 4 Roosevelt Blvd # H, Marmora, NJ 08223",39.2652703,-74.6508554,['Japanese restaurant'],4.3,228,$$,"[['Wednesday', '11AM–9:30PM'], ['Thursday', '11AM–9:30PM'], ['Friday', '11AM–10:30PM'], ['Saturday', '11AM–10:30PM'], ['Sunday', '11AM–9:30PM'], ['Monday', '11AM–9:30PM'], ['Tuesday', '11AM–9:30PM']]"
0x89c0bb502517eec7:0x1daf6d482cfcafe6,Megu Sushi Sea Isle,"Megu Sushi Sea Isle, 4911 Landis Ave, Sea Isle City, NJ 08243",39.1497458,-74.69573079999999,['Japanese restaurant'],4.3,27,,"[['Wednesday', '11:30AM–9:30PM'], ['Thursday', '11:30AM–9:30PM'], ['Friday', '11:30AM–9:30PM'], ['Saturday', '11:30AM–9:30PM'], ['Sunday', '11:30AM–9:30PM'], ['Monday', '11:30AM–9:30PM'], ['Tuesday', '11:30AM–9:30PM']]"
0x89c3ac44c708905d:0x7065f9ddff9b25ba,Mt Fuji Restaurant,"Mt Fuji Restaurant, 166 Maplewood Ave A, Maplewood, NJ 07040",40.7308673,-74.277509,"['Japanese restaurant', 'Asian restaurant', 'Sushi restaurant']",4.5,137,$$,"[['Wednesday', '11:30AM–2:30PM'], ['Thursday', '11:30AM–2:30PM'], ['Friday', '11:30AM–2:30PM'], ['Saturday', '11:30AM–9:30PM'], ['Sunday', '11:30AM–9PM'], ['Monday', 'Closed'], ['Tuesday', '11:30AM–2:30PM']]"
0x89c2575b9303dffb:0x6d393fa51200937f,Okinawa Sushi Grill,"Okinawa Sushi Grill, 400 Newark St., Hoboken, NJ 07030",40.7375398,-74.0369101,"['Japanese restaurant', 'Sushi restaurant']",4.2,215,$$,"[['Wednesday', '11AM–10PM'], ['Thursday', '11AM–10PM'], ['Friday', '11AM–10:30PM'], ['Saturday', '11AM–10:30PM'], ['Sunday', '12–10PM'], ['Monday', '11AM–10PM'], ['Tuesday', 'Closed']]"
0x89c159333d3ad767:0xe8141dbd17940b0,Sakana Asian Cuisine,"Sakana Asian Cuisine, NEXT TO RWJ FITNESS CENTER, 3100 Quakerbridge Rd, Hamilton Township, NJ 08619",40.2478828,-74.688385,"['Restaurant', 'Asian restaurant', 'Chinese restaurant', 'Japanese restaurant']",4.5,184,,"[['Tuesday', '11AM–10PM'], ['Wednesday', '11AM–10PM'], ['Thursday', '11AM–10PM'], ['Friday', '11AM–11PM'], ['Saturday', '11AM–11PM'], ['Sunday', '12–10PM'], ['Monday', '11AM–10PM']]"
0x89c303d5931addf9:0xb568bc19a959228d,Mr. Sushi,"Mr. Sushi, 186 Mountainview Blvd, Wayne, NJ 07470",40.914792,-74.2687796,['Japanese restaurant'],3.9,226,$$,"[['Tuesday', 'Closed'], ['Wednesday', '11AM–9PM'], ['Thursday', '11AM–9PM'], ['Friday', '11AM–9PM'], ['Saturday', '11AM–9PM'], ['Sunday', '12–9PM'], ['Monday', '11AM–9PM']]"
0x89c3d21e8d2cd673:0x897444f868231cc5,Arisu Japanese Cuisine,"Arisu Japanese Cuisine, 167 U.S. 9, Englishtown, NJ 07726",40.3481874,-74.3092965,"['Japanese restaurant', 'Asian restaurant', 'Japanese steakhouse', 'Sushi restaurant']",4.1,96,$$,"[['Tuesday', '11:30AM–3PM'], ['Wednesday', '11:30AM–3PM'], ['Thursday', '11:30AM–3PM'], ['Friday', '11:30AM–3PM'], ['Saturday', '11:30AM–3PM'], ['Sunday', '5–9PM'], ['Monday', 'Closed']]"
0x89c39bd21ef31c05:0x35df893d21b53dfa,Domo 7 Japanese Restaurant,"Domo 7 Japanese Restaurant, 189 US-206, Chester, NJ 07930",40.7806364,-74.6948439,"['Japanese restaurant', 'Asian restaurant', 'Sushi restaurant']",4.2,98,,"[['Tuesday', '11AM–9PM'], ['Wednesday', '11AM–9PM'], ['Thursday', '11AM–9PM'], ['Friday', '11AM–10PM'], ['Saturday', '11:30AM–10PM'], ['Sunday', '12–9PM'], ['Monday', '11AM–9PM']]"
0x89c3a6bb6e412d83:0x9f94d887af711c27,Sushi Lounge,"Sushi Lounge, 12 Schuyler Pl, Morristown, NJ 07960",40.7970544,-74.48293579999999,"['Japanese restaurant', 'Asian restaurant', 'Bar', 'Lounge', 'Restaurant', 'Sushi restaurant']",4.2,288,$$,"[['Tuesday', '12–9PM'], ['Wednesday', '12–9PM'], ['Thursday', '12–9PM'], ['Friday', '12–9PM'], ['Saturday', '12–9PM'], ['Sunday', '12–9PM'], ['Monday', 'Closed']]"
0x89c2e287926d4a77:0xe23a4fc1ae338378,Nigiri Sushi,"Nigiri Sushi, 807 Franklin Ave, Franklin Lakes, NJ 07417",41.0228767,-74.2073844,"['Japanese restaurant', 'Delivery Restaurant']",4.7,113,,"[['Tuesday', '11:30AM–9:30PM'], ['Wednesday', '11:30AM–9:30PM'], ['Thursday', '11:30AM–9:30PM'], ['Friday', '11:30AM–9:30PM'], ['Saturday', '11:30AM–10PM'], ['Sunday', '11:30AM–10PM'], ['Monday', 'Closed']]"
0x89c3dbc749eb9239:0x971b9c1ac40bce12,Yimo Sushi & Hibachi,"Yimo Sushi & Hibachi, 357 Applegarth Rd, Monroe Township, NJ 08831",40.3255556,-74.46972219999999,"['Sushi restaurant', 'Authentic Japanese restaurant', 'Japanese restaurant', 'Japanese steakhouse', 'Kyoto style Japanese restaurant', 'Delivery Restaurant', 'Restaurant', 'Sushi takeaway']",4.2,248,$$,"[['Tuesday', '11AM–10PM'], ['Wednesday', '11AM–10PM'], ['Thursday', '11AM–10PM'], ['Friday', '11AM–10PM'], ['Saturday', '11AM–10PM'], ['Sunday', '12–10PM'], ['Monday', '11AM–10PM']]"
0x89c3e6c1ad07c227:0x929754c5f936d2dc,Purinsu Ramen,"Purinsu Ramen, 32 Witherspoon St, Princeton, NJ 08542",40.350750399999995,-74.66049079999999,"['Japanese restaurant', 'Ramen restaurant']",3.8,172,,"[['Tuesday', '11AM–9:30PM'], ['Wednesday', '11AM–9:30PM'], ['Thursday', '11AM–9:30PM'], ['Friday', '11AM–10PM'], ['Saturday', '11AM–10PM'], ['Sunday', '11AM–9:30PM'], ['Monday', '11AM–9:30PM']]"
0x89c257569682aa21:0xa69eaa14944bb7d1,Menya Sandaime,"Menya Sandaime, 570 Washington Blvd, Jersey City, NJ 07310",40.728687199999996,-74.0341907,"['Ramen restaurant', 'Japanese restaurant']",4.2,316,,"[['Tuesday', '11:30AM–8PM'], ['Wednesday', '11:30AM–8PM'], ['Thursday', '11:30AM–8PM'], ['Friday', '11:30AM–8PM'], ['Saturday', '11:30AM–8PM'], ['Sunday', '11:30AM–8PM'], ['Monday', '11:30AM–8PM']]"
0x89c2f8957d714afd:0x112e52355989262e,Samurai Sushi,"Samurai Sushi, 245 Paterson Ave, East Rutherford, NJ 07073",40.8340666,-74.0974531,"['Japanese restaurant', 'Asian restaurant', 'Health food restaurant', 'Ramen restaurant']",4.6,398,$$,"[['Tuesday', '11AM–9PM'], ['Wednesday', '11AM–9PM'], ['Thursday', '11AM–9PM'], ['Friday', '11AM–10PM'], ['Saturday', '11AM–10PM'], ['Sunday', '11AM–9PM'], ['Monday', '11AM–9PM']]"
0x89c3bd13b3fbc8e7:0xa28682a8363e118a,Tsuru Japanese Cuisine,"Tsuru Japanese Cuisine, 413 King George Rd, Basking Ridge, NJ 07920",40.654783599999995,-74.5310396,['Japanese restaurant'],4.4,38,,"[['Tuesday', '11AM–10PM'], ['Wednesday', '11AM–10PM'], ['Thursday', '11AM–10PM'], ['Friday', '11AM–11PM'], ['Saturday', '12:30–11PM'], ['Sunday', '3–10PM'], ['Monday', '11AM–10PM']]"
0x89c2fe935f2dde0d:0x5a1b718f67f5b5a0,Zen Sushi,"Zen Sushi, 433 Piaget Ave, Clifton, NJ 07011",40.878715799999995,-74.1535869,"['Sushi restaurant', 'Japanese restaurant']",4.2,314,$$,"[['Monday', '11:30AM–10PM'], ['Tuesday', '4–10PM'], ['Wednesday', '11:30AM–10PM'], ['Thursday', '11:30AM–10PM'], ['Friday', '11:30AM–10PM'], ['Saturday', '11:30AM–10PM'], ['Sunday', '12:30–10PM']]"
0x89c3d1663f3a7cbb:0xeebb371236085cc,Sakura Sushi,"Sakura Sushi, 300 Gordons Corner Rd, Manalapan Township, NJ 07726",40.310001199999995,-74.3220113,"['Japanese restaurant', 'Restaurant']",4.6,155,,"[['Monday', '11AM–9PM'], ['Tuesday', '11AM–9PM'], ['Wednesday', '11AM–9PM'], ['Thursday', '11AM–9PM'], ['Friday', '11AM–9PM'], ['Saturday', '11AM–9PM'], ['Sunday', '1–9PM']]"
0x89c234a4fcda9ac9:0x22784bd8ddcabf8c,Nemo,"Nemo, 27 W Front St, Keyport, NJ 07735",40.4374153,-74.20305549999999,"['Japanese restaurant', 'Asian restaurant', 'Restaurant', 'Sushi restaurant']",4.4,218,$$,"[['Monday', 'Closed'], ['Tuesday', '11AM–9:30PM'], ['Wednesday', '11AM–9:30PM'], ['Thursday', '11AM–9:30PM'], ['Friday', '11AM–9:30PM'], ['Saturday', '11AM–9:30PM'], ['Sunday', 'Closed']]"
0x89c22f9fab01d903:0x59c293acd432db78,Sawa Hibachi Steakhouse & Sushi Bar,"Sawa Hibachi Steakhouse & Sushi Bar, 42 NJ-36, Eatontown, NJ 07724",40.2902491,-74.0496189,"['Steak house', 'Bar', 'Japanese restaurant', 'Restaurant', 'Sushi restaurant']",3.4,68,$$,"[['Monday', '11AM–2:30PM'], ['Tuesday', '11AM–2:30PM'], ['Wednesday', '11AM–2:30PM'], ['Thursday', '11AM–2:30PM'], ['Friday', '11AM–2:30PM'], ['Saturday', '3–11PM'], ['Sunday', '1–10PM']]"
0x89c19daf89f0ed6f:0x6ce8a566a7db7fbd,Ichiban Toms River Japanese Hibachi Steakhouse & Sushi,"Ichiban Toms River Japanese Hibachi Steakhouse & Sushi, 1201 Hooper Ave Unit 1096A, Toms River, NJ 08753",39.9821386,-74.1771325,['Japanese steakhouse'],4.3,595,$$,"[['Monday', '11:30AM–9PM'], ['Tuesday', '11:30AM–9PM'], ['Wednesday', '11:30AM–9PM'], ['Thursday', '11:30AM–9PM'], ['Friday', '11:30AM–9PM'], ['Saturday', '11:30AM–9PM'], ['Sunday', '11:30AM–9PM']]"
0x89c1827f4ebde307:0x702a932cdcdd324c,Yuzu Kitchen,"Yuzu Kitchen, 356 Route 9 North, Manalapan Township, NJ 07726",40.3130727,-74.3037662,['Japanese restaurant'],4.4,198,$$,"[['Monday', '11:30AM–8PM'], ['Tuesday', '11:30AM–8PM'], ['Wednesday', '11:30AM–8PM'], ['Thursday', '11:30AM–8PM'], ['Friday', '11:30AM–8PM'], ['Saturday', '11:30AM–8PM'], ['Sunday', '11:30AM–8PM']]"
0x89c3d3db95c472cd:0xe71a6dd6d0c8479b,Konbu Japanese Restaurant,"Konbu Japanese Restaurant, 26 Center Dr, Manalapan Township, NJ 07726",40.309745,-74.304987,"['Japanese restaurant', 'Restaurant']",4.2,101,$$,"[['Monday', 'Closed'], ['Tuesday', 'Closed'], ['Wednesday', '12–2PM'], ['Thursday', '12–2PM'], ['Friday', '12–2PM'], ['Saturday', '2–8:30PM'], ['Sunday', '3–8PM']]"
0x89c250b3b038be03:0xb8406f85f513a342,More Express,"More Express, 281 Grove St, Jersey City, NJ 07302",40.7178951,-74.0440989,"['Thai restaurant', 'Asian fusion restaurant', 'Asian restaurant', 'Chinese restaurant', 'Japanese restaurant', 'Korean barbecue restaurant', 'Korean restaurant', 'Delivery Restaurant', 'Sushi restaurant']",3.9,256,$$,"[['Monday', '11:30AM–3PM'], ['Tuesday', '11:30AM–3PM'], ['Wednesday', '11:30AM–3PM'], ['Thursday', '11:30AM–3PM'], ['Friday', '11:30AM–3PM'], ['Saturday', '12:30–10PM'], ['Sunday', '12–9:30PM']]"
0x89c3ac865a968aa3:0xab662bf2af34f67e,Ariyoshi,"Ariyoshi, 56 S Orange Ave, South Orange, NJ 07079",40.7466399,-74.2612362,"['Japanese restaurant', 'Asian restaurant', 'Sushi restaurant']",4.5,338,$$,"[['Monday', '11:30AM–2:30PM'], ['Tuesday', '11:30AM–2:30PM'], ['Wednesday', '11:30AM–2:30PM'], ['Thursday', '11:30AM–2:30PM'], ['Friday', '11:30AM–2:30PM'], ['Saturday', '12–11PM'], ['Sunday', '4–10PM']]"
0x89c1338a68537023:0x3c6b4c756638dc24,Volcano Steak & Sushi - West Berlin,"Volcano Steak & Sushi - West Berlin, 461 NJ-73, West Berlin, NJ 08091",39.813265099999995,-74.92974749999999,"['Japanese restaurant', 'Asian restaurant', 'Restaurant', 'Steak house', 'Sushi restaurant']",4.5,426,$$,"[['Monday', '10:30AM–2:30PM'], ['Tuesday', '10:30AM–2:30PM'], ['Wednesday', '10:30AM–2:30PM'], ['Thursday', '10:30AM–2:30PM'], ['Friday', '10:30AM–2:30PM'], ['Saturday', '10:30AM–10:30PM'], ['Sunday', '10:30AM–10PM']]"
0x89c2fa52c113a4df:0x727e91c09e09a928,YO! Sushi Paramus,"YO! Sushi Paramus, 1 Garden State Plaza Blvd, Paramus, NJ 07652",40.916564099999995,-74.0752596,"['Sushi restaurant', 'Japanese restaurant']",2.8,13,,"[['Monday', '11AM–10PM'], ['Tuesday', '11AM–10PM'], ['Wednesday', '11AM–10PM'], ['Thursday', '11AM–10PM'], ['Friday', '11AM–10PM'], ['Saturday', '11AM–11PM'], ['Sunday', 'Closed']]"
0x89c25941b487e921:0x242d4ba3fdf77b24,Shokudo,"Shokudo, 61 14th St, Hoboken, NJ 07030",40.7529521,-74.0256239,"['Japanese restaurant', 'Bar & grill', 'Ramen restaurant', 'Yakitori restaurant']",4.7,98,,"[['Monday', '11AM–12AM'], ['Tuesday', '11AM–12AM'], ['Wednesday', '11AM–12AM'], ['Thursday', '11AM–12AM'], ['Friday', '11AM–2AM'], ['Saturday', '11AM–2AM'], ['Sunday', '11AM–10PM']]"
0x89c2fb7df7b95889:0xe7735dcaf0d2da72,Green Dragon Asian Cuisine,"Green Dragon Asian Cuisine, 19-01 Fair Lawn Ave, Fair Lawn, NJ 07410",40.938575,-74.1238413,"['Asian restaurant', 'Japanese restaurant', 'Delivery Restaurant', 'Sushi restaurant']",4.4,378,$$,"[['Monday', '11AM–10PM'], ['Tuesday', '11AM–10PM'], ['Wednesday', '11AM–10PM'], ['Thursday', '11AM–10PM'], ['Friday', '11AM–11PM'], ['Saturday', '11AM–11PM'], ['Sunday', '12–10PM']]"
0x89c2fbe4d35f7461:0x3121607e76fd1672,Tokyo Express,"Tokyo Express, 429 Market St, Elmwood Park, NJ 07407",40.8993477,-74.1115105,"['Japanese restaurant', 'Sushi restaurant']",4.3,145,$$,"[['Monday', 'Closed'], ['Tuesday', '11AM–10PM'], ['Wednesday', '11AM–10PM'], ['Thursday', '11AM–10PM'], ['Friday', '11AM–11PM'], ['Saturday', '11AM–11PM'], ['Sunday', '12–10PM']]"
0x89c2fbe77efdd2b1:0x184c42e7a70006c6,Matsuya,"Matsuya, 490 Market St, Saddle Brook, NJ 07663",40.8971891,-74.10076509999999,"['Japanese restaurant', 'Restaurant', 'Sushi restaurant']",4.2,335,$$,"[['Monday', 'Closed'], ['Tuesday', '12–3PM'], ['Wednesday', '12–3PM'], ['Thursday', '12–3PM'], ['Friday', '12–3PM'], ['Saturday', '2–11PM'], ['Sunday', '2–10PM']]"
0x89c257ec69155f35:0x2b1a19be9317b4dd,Niko Niko Sushi,"Niko Niko Sushi, 700 Plaza Dr, Secaucus, NJ 07094",40.785819,-74.04533649999999,"['Sushi restaurant', 'Corporate campus', 'Japanese restaurant', 'Restaurant']",3.7,94,$,"[['Sunday', 'Closed'], ['Monday', '11AM–8:30PM'], ['Tuesday', '11AM–8:30PM'], ['Wednesday', '11AM–8:30PM'], ['Thursday', '11AM–8:30PM'], ['Friday', '11AM–8:30PM'], ['Saturday', '12AM–8:30PM']]"
0x89c3cd300446ec55:0xfed9cafbefcddf7e,Kobe sushi&hibachi Japanese Restaurant,"Kobe sushi&hibachi Japanese Restaurant, 1077 State New Jersey 34 Ste R, Aberdeen Township, NJ 07747",40.3995088,-74.2261697,['Japanese restaurant'],4.4,38,,"[['Sunday', '12:30–9:30PM'], ['Monday', '12–3PM'], ['Tuesday', '12–3PM'], ['Wednesday', '12–3PM'], ['Thursday', '12–3PM'], ['Friday', '12–10PM'], ['Saturday', '12–10PM']]"
0x89c3b5b24306dca5:0x90d3d9e4d99ed874,Yoshi sushi & teriyaki,"Yoshi sushi & teriyaki, 405 Pearl St, Woodbridge, NJ 07095",40.5557,-74.2783388,"['Restaurant', 'Asian fusion restaurant', 'Asian restaurant', 'Japanese restaurant', 'Delivery Restaurant', 'Takeout Restaurant', 'Sushi restaurant']",4.4,258,$$,"[['Sunday', 'Closed'], ['Monday', '11AM–3PM'], ['Tuesday', '11AM–3PM'], ['Wednesday', '11AM–3PM'], ['Thursday', '11AM–3PM'], ['Friday', '11AM–3PM'], ['Saturday', '12–10:30PM']]"
0x89c3e174c8741477:0x78827de87bfaa42b,Sarku Japan,"Sarku Japan, 3320 US Highway 1 Space #FC03, Lawrenceville, NJ 08648",40.2910981,-74.6830994,"['Japanese restaurant', 'Fast food restaurant', 'Restaurant', 'Sushi restaurant', 'Teppanyaki restaurant']",3.5,28,$,"[['Sunday', '12–6PM'], ['Monday', '11AM–7PM'], ['Tuesday', '11AM–7PM'], ['Wednesday', '11AM–7PM'], ['Thursday', '11AM–7PM'], ['Friday', '10AM–8PM'], ['Saturday', '10AM–8PM']]"
0x89c3927faa23319b:0x56916cea19cd18e9,Yi En Asian Cuisine,"Yi En Asian Cuisine, 407 US 22 East, Whitehouse Station, NJ 08889",40.6295639,-74.77837199999999,"['Asian restaurant', 'Japanese restaurant', 'Restaurant', 'Sushi restaurant']",4.2,215,$$,"[['Sunday', '12–9PM'], ['Monday', 'Closed'], ['Tuesday', '11:30AM–3PM'], ['Wednesday', '11:30AM–3PM'], ['Thursday', '11:30AM–3PM'], ['Friday', '11:30AM–3PM'], ['Saturday', '11:30AM–3PM']]"
0x89c3cc9b7e61fa41:0x6468010d497b8457,Eastern Sushi Japanese Restaurant,"Eastern Sushi Japanese Restaurant, 351 Matawan Rd, Matawan, NJ 07747",40.4305704,-74.2514334,"['Japanese restaurant', 'Delivery Restaurant', 'Restaurant', 'Sushi restaurant']",4.4,98,,"[['Saturday', '11AM–10PM'], ['Sunday', 'Closed'], ['Monday', '11AM–9:30PM'], ['Tuesday', '11AM–9:30PM'], ['Wednesday', '11AM–9:30PM'], ['Thursday', '11AM–9:30PM'], ['Friday', '11AM–10PM']]"
0x89c3b3d1b15047a3:0xf23153d376342267,Momotaro Japanese Cuisine,"Momotaro Japanese Cuisine, 1425 Raritan Rd, Clark, NJ 07066",40.634575999999996,-74.30204599999999,"['Japanese restaurant', 'Asian restaurant', 'Sushi restaurant']",3.7,168,$$,"[['Saturday', '10:30AM–10PM'], ['Sunday', '10:30AM–10PM'], ['Monday', '10:30AM–10PM'], ['Tuesday', '10:30AM–10PM'], ['Wednesday', '10:30AM–10PM'], ['Thursday', '10:30AM–10PM'], ['Friday', '10:30AM–10PM']]"
0x89c25827a3d34ccf:0xe5a13dcd637ac83d,Teri Teri,"Teri Teri, 3415 Bergenline Ave, Union City, NJ 07087",40.7735255,-74.0284744,['Japanese restaurant'],4.1,268,,"[['Saturday', '10AM–9PM'], ['Sunday', '10AM–9PM'], ['Monday', '10AM–9PM'], ['Tuesday', '10AM–9PM'], ['Wednesday', '10AM–9PM'], ['Thursday', '10AM–9PM'], ['Friday', '10AM–9PM']]"
0x89c259dff3955efd:0xab3013b84a501d8a,Robongi Hoboken,"Robongi Hoboken, 520 Washington St, Hoboken, NJ 07030",40.7429237,-74.0294679,"['Restaurant', 'Japanese restaurant']",4.2,263,$$,"[['Saturday', '11:30AM–9:30PM'], ['Sunday', '11AM–8:45PM'], ['Monday', 'Closed'], ['Tuesday', '11AM–8:45PM'], ['Wednesday', '11AM–8:45PM'], ['Thursday', '11AM–8:45PM'], ['Friday', '11AM–8:45PM']]"
0x89c25762773e8f95:0x119c4d6844e0dc1d,Saku Hoboken,"Saku Hoboken, 936 Park Ave, Hoboken, NJ 07030",40.748877,-74.030512,"['Japanese restaurant', 'Cocktail bar', 'Sushi restaurant', 'Wine bar']",4.3,273,$$,"[['Saturday', '5–10PM'], ['Sunday', '5–9PM'], ['Monday', 'Closed'], ['Tuesday', '5–9PM'], ['Wednesday', '5–9PM'], ['Thursday', '5–9PM'], ['Friday', '5–10PM']]"
0x89c2e15e58488e71:0x8cc461ee33260537,Tawara Japanese Restaurant,"Tawara Japanese Restaurant, 53 W Main St, Ramsey, NJ 07446",41.0578012,-74.1436082,"['Japanese restaurant', 'Asian restaurant', 'Ramen restaurant', 'Restaurant', 'Sushi restaurant']",4.7,298,$$,"[['Saturday', '5–10PM'], ['Sunday', '5–9PM'], ['Monday', '12–2:30PM'], ['Tuesday', '12–2:30PM'], ['Wednesday', '12–2:30PM'], ['Thursday', '12–2:30PM'], ['Friday', '12–2:30PM']]"
0x89c3089d4c6e654f:0x3af0721546354539,Wasabi Bistro,"Wasabi Bistro, 126 Myrtle Ave, Boonton, NJ 07005",40.9035793,-74.4067124,"['Sushi restaurant', 'Japanese restaurant', 'Delivery Restaurant', 'Restaurant']",4.3,86,,"[['Friday', '11:30AM–9AM'], ['Saturday', '11:30AM–9AM'], ['Sunday', '11:30AM–9AM'], ['Monday', '11:30AM–9AM'], ['Tuesday', '11:30AM–9AM'], ['Wednesday', '11:30AM–9AM'], ['Thursday', '11:30AM–9AM']]"
0x89c25819ac2a7211:0xe58611951380d18c,Ginger Grill,"Ginger Grill, 5008 Bergenline Ave, West New York, NJ 07093",40.7829656,-74.02058319999999,"['Japanese restaurant', 'Asian restaurant', 'Delivery Restaurant', 'Sushi restaurant']",4.6,168,$$,"[['Friday', '11AM–10PM'], ['Saturday', '11AM–10PM'], ['Sunday', '12–9:30PM'], ['Monday', 'Closed'], ['Tuesday', '11AM–9:30PM'], ['Wednesday', '11AM–9:30PM'], ['Thursday', '11AM–9:30PM']]"
0x89c2f045131d0c4f:0xce7372b32d0f5353,Nihon Kai Japanese Cuisine,"Nihon Kai Japanese Cuisine, 41 S Washington Ave, Bergenfield, NJ 07621",40.926384899999995,-73.996332,"['Japanese restaurant', 'Asian restaurant', 'Delivery Restaurant', 'Sushi restaurant']",4.3,105,$$,"[['Friday', '11:30AM–10PM'], ['Saturday', '11:30AM–10PM'], ['Sunday', '11:30AM–10PM'], ['Monday', '11:30AM–10PM'], ['Tuesday', 'Closed'], ['Wednesday', '11:30AM–10PM'], ['Thursday', '11:30AM–10PM']]"
0x89c0ee3e37f90f0b:0x1f2138a230121efc,Mr. Steak,"Mr. Steak, 1401 Boardwalk, Atlantic City, NJ 08401",39.3577383,-74.42493019999999,"['Steak house', 'Japanese steakhouse']",3.7,6,,"[['Friday', '9:30AM–10PM'], ['Saturday', '9:30AM–10PM'], ['Sunday', 'Closed'], ['Monday', '9:30AM–10PM'], ['Tuesday', '9:30AM–10PM'], ['Wednesday', '9:30AM–10PM'], ['Thursday', '9:30AM–10PM']]"
0x89c39e2fbbbbcb0d:0xaa3527cb9f6ad530,Mizuki Asian Fusion and Hibachi,"Mizuki Asian Fusion and Hibachi, 1033 US-46, Ledgewood, NJ 07852",40.880428599999995,-74.6451845,"['Japanese restaurant', 'Restaurant']",4.5,308,$$,"[['Friday', '12–9:30PM'], ['Saturday', '12–9:30PM'], ['Sunday', '12–9PM'], ['Monday', 'Closed'], ['Tuesday', '12–9PM'], ['Wednesday', '12–9PM'], ['Thursday', '12–9PM']]"
0x89c2fade1aecf48f:0x4f38968ad6bc4e18,Kiku Restaurant,"Kiku Restaurant, 365 NJ-17, Paramus, NJ 07652",40.945808899999996,-74.07248609999999,['Japanese restaurant'],4.0,578,$$$,"[['Friday', '4–10:30PM'], ['Saturday', '4–10:30PM'], ['Sunday', '4–10PM'], ['Monday', 'Closed'], ['Tuesday', '4–10PM'], ['Wednesday', '4–10PM'], ['Thursday', '4–10PM']]"
0x89c3b1a8a6656653:0xaef099d73d2d4bf0,Inspiration Roll,"Inspiration Roll, 106 Central Ave, Westfield, NJ 07090",40.652056699999996,-74.34752689999999,['Japanese restaurant'],4.3,345,$$,"[['Friday', '11AM–8:30PM'], ['Saturday', '11AM–8:30PM'], ['Sunday', '11AM–8:30PM'], ['Monday', '11AM–8:30PM'], ['Tuesday', '11AM–8:30PM'], ['Wednesday', '11AM–8:30PM'], ['Thursday', '11AM–8:30PM']]"
0x89c30792e31e773d:0x684914afce0628ae,Sakura Hibachi Steak House,"Sakura Hibachi Steak House, 949 US-46, Parsippany, NJ 07054",40.8619774,-74.3794918,"['Steak house', 'Bar', 'Japanese restaurant', 'Japanese steakhouse', 'Sushi restaurant']",4.3,348,$$,"[['Friday', '12:30–10:30PM'], ['Saturday', '12:30–10:30PM'], ['Sunday', '1–10PM'], ['Monday', '1–10PM'], ['Tuesday', '1–10PM'], ['Wednesday', '1–10PM'], ['Thursday', '1–10PM']]"
0x89c259df9483ffff:0xcd5de92c4b6c753e,Muteki Ramen,"Muteki Ramen, 533 Washington St, Hoboken, NJ 07030",40.7432083,-74.0288877,"['Ramen restaurant', 'Asian restaurant', 'Japanese restaurant', 'Noodle shop']",4.7,88,,"[['Friday', '11:45AM–10PM'], ['Saturday', '11:45AM–10PM'], ['Sunday', '11:45AM–10PM'], ['Monday', '11:45AM–10PM'], ['Tuesday', 'Closed'], ['Wednesday', '11:45AM–10PM'], ['Thursday', '11:45AM–10PM']]"
0x89c2fca59e2a037b:0x7a0470c846cde1aa,Rock Fuji Japanese Sushi,"Rock Fuji Japanese Sushi, 186 Rock Rd, Glen Rock, NJ 07452",40.9624765,-74.1329257,['Japanese restaurant'],4.5,73,$$,"[['Friday', '11:30AM–9PM'], ['Saturday', '11:30AM–9PM'], ['Sunday', 'Closed'], ['Monday', '11:30AM–9PM'], ['Tuesday', '11:30AM–9PM'], ['Wednesday', '11:30AM–9PM'], ['Thursday', '11:30AM–9PM']]"
0x89c2f9d90341d02b:0x189447d3a439ed6a,Minado,"Minado, Valley Rd, Little Ferry, NJ 07643",40.854050099999995,-74.0331717,['Japanese restaurant'],4.2,224,$$,"[['Friday', '12–2:30PM'], ['Saturday', '12–3PM'], ['Sunday', '12–3PM'], ['Monday', '12–2:30PM'], ['Tuesday', '12–2:30PM'], ['Wednesday', '12–2:30PM'], ['Thursday', '12–2:30PM']]"
0x89c30121bf0d0203:0xf4c773f216e1e359,Sushi Laco,"Sushi Laco, 435 Hollywood Ave, Fairfield, NJ 07004",40.8806866,-74.2894215,"['Sushi restaurant', 'Japanese restaurant']",4.7,204,,"[['Friday', '11:30AM–7:55PM'], ['Saturday', '11:30AM–7:55PM'], ['Sunday', 'Closed'], ['Monday', '11:30AM–7:55PM'], ['Tuesday', '11:30AM–7:55PM'], ['Wednesday', '11:30AM–7:55PM'], ['Thursday', '11:30AM–7:55PM']]"
0x89c3b1a1b970f53d:0xb35df97c4d747af3,Fuji,"Fuji, 340 South Avenue E, Westfield, NJ 07090",40.649727,-74.33706699999999,"['Japanese restaurant', 'Delivery Restaurant', 'Sushi restaurant']",3.4,8,,"[['Friday', '11AM–11PM'], ['Saturday', '11:30AM–10:30PM'], ['Sunday', '12–10PM'], ['Monday', '11AM–10PM'], ['Tuesday', '11AM–10PM'], ['Wednesday', '11AM–10PM'], ['Thursday', '11AM–10PM']]"
0x89c0e9ece12e9597:0x36012d288e36a67,Ramen Wakana Ramen Noodle and Sushi日式拉面寿司,"Ramen Wakana Ramen Noodle and Sushi日式拉面寿司, 6708 E Black Horse Pike, Egg Harbor Township, NJ 08234",39.4059987,-74.56284409999999,"['Restaurant', 'Chinese restaurant', 'Japanese restaurant', 'Ramen restaurant']",4.4,187,,"[['Friday', '11:30AM–10PM'], ['Saturday', '11:30AM–10PM'], ['Sunday', '12–9:30PM'], ['Monday', 'Closed'], ['Tuesday', '11:30AM–9:30PM'], ['Wednesday', '11:30AM–9:30PM'], ['Thursday', '11:30AM–9:30PM']]"
0x89c0e8aafc59042d:0xec839a6563e7979c,Mount Fuji,"Mount Fuji, 136 W Absecon Blvd, Absecon, NJ 08201",39.4251735,-74.5016404,['Japanese restaurant'],4.3,288,$$,"[['Friday', '12–9PM'], ['Saturday', '12–9PM'], ['Sunday', '12–9PM'], ['Monday', '12–9PM'], ['Tuesday', '12–9PM'], ['Wednesday', '12–9PM'], ['Thursday', '12–9PM']]"
0x89c3d228b2c5270d:0x1b33a091b2f6a52c,Kyoto Japanese Restaurant,"Kyoto Japanese Restaurant, 420 U.S. 9, Englishtown, NJ 07726",40.333355399999995,-74.3059823,"['Japanese restaurant', 'Japanese steakhouse', 'Sushi restaurant']",4.3,156,$$,"[['Friday', '11AM–11PM'], ['Saturday', '11AM–11PM'], ['Sunday', '1–10PM'], ['Monday', '11:30AM–10PM'], ['Tuesday', '11:30AM–10PM'], ['Wednesday', '11:30AM–10PM'], ['Thursday', '11:30AM–10PM']]"
0x89c187153b75155b:0x59d5eab77d229a31,Shogun Legends,"Shogun Legends, 1969 NJ-34, Wall Township, NJ 07719",40.1536413,-74.0983937,"['Sushi restaurant', 'Asian fusion restaurant', 'Fine dining restaurant', 'Japanese restaurant']",4.4,505,$$$,"[['Thursday', '3–8:30PM'], ['Friday', '3–9:30PM'], ['Saturday', '3–9:30PM'], ['Sunday', '3–8:30PM'], ['Monday', 'Closed'], ['Tuesday', '3–8:30PM'], ['Wednesday', '3–8:30PM']]"
0x89c2fcc92142d503:0x41244c8a1c087adf,Kurumi,"Kurumi, 1103 Goffle Rd #4, Hawthorne, NJ 07506",40.9688079,-74.1518699,"['Japanese restaurant', 'Restaurant', 'Sushi takeaway']",4.8,58,,"[['Thursday', '12–7:45PM'], ['Friday', '12–8PM'], ['Saturday', '12–8PM'], ['Sunday', 'Closed'], ['Monday', '12–7:45PM'], ['Tuesday', '12–7:45PM'], ['Wednesday', '12–7:45PM']]"
0x89c38464e3fa59a5:0xf5ffb479e03a6191,Fujiyama,"Fujiyama, 1954 NJ-57, Hackettstown, NJ 07840",40.8217813,-74.83567839999999,"['Japanese restaurant', 'Asian restaurant', 'Sushi restaurant']",4.7,714,$$,"[['Thursday', '11:30AM–3PM'], ['Friday', '11:30AM–3PM'], ['Saturday', '11:30AM–3PM'], ['Sunday', '12–10PM'], ['Monday', '11:30AM–3PM'], ['Tuesday', '11:30AM–3PM'], ['Wednesday', '11:30AM–3PM']]"
0x89c3a6bb9e9ce9db:0xc84282521ab48061,Masago Japanese Cuisine,"Masago Japanese Cuisine, 39 Washington St, Morristown, NJ 07960",40.797934,-74.482984,"['Japanese restaurant', 'Sushi restaurant']",4.3,208,$,"[['Thursday', '11:30AM–9PM'], ['Friday', '11:30AM–9:30PM'], ['Saturday', '12:30–9:30PM'], ['Sunday', '12:30–9PM'], ['Monday', '11:30AM–9PM'], ['Tuesday', '11:30AM–9PM'], ['Wednesday', '11:30AM–9PM']]"
0x89c2f9bc65122d37:0x985141ab447cc6a,Sarku Japan,"Sarku Japan, 8 Teterboro Landing Dr Suite A-6, Teterboro, NJ 07608",40.860778499999995,-74.0616922,"['Japanese restaurant', 'Fast food restaurant', 'Restaurant', 'Sushi restaurant', 'Teppanyaki restaurant']",3.9,214,$,"[['Thursday', '11AM–8PM'], ['Friday', '11AM–9PM'], ['Saturday', '11AM–9PM'], ['Sunday', '12–8PM'], ['Monday', '11AM–8PM'], ['Tuesday', '11AM–8PM'], ['Wednesday', '11AM–8PM']]"
0x89c3a20b6de2dc4f:0xb15b8f51d7261911,Aoyama Chinese & Japanese Cuisine,"Aoyama Chinese & Japanese Cuisine, 84 E Main St Ste L, Mendham, NJ 07945",40.7827504,-74.5893944,"['Chinese restaurant', 'Japanese restaurant']",4.2,78,$$,"[['Thursday', '11:30AM–9PM'], ['Friday', '11:30AM–9:30PM'], ['Saturday', '12–9:30PM'], ['Sunday', '12:30–9PM'], ['Monday', '11:30AM–9PM'], ['Tuesday', '11:30AM–9PM'], ['Wednesday', '11:30AM–9PM']]"
0x89c2f64bfdde9767:0x7214496685124450,Sushi Cruise,"Sushi Cruise, 725 River Rd #51, Edgewater, NJ 07020",40.8183656,-73.977259,['Japanese restaurant'],4.3,447,$$,"[['Thursday', '11:30AM–10PM'], ['Friday', '11:30AM–10PM'], ['Saturday', '11:30AM–11PM'], ['Sunday', '12–9:30PM'], ['Monday', '11:30AM–10PM'], ['Tuesday', '11:30AM–10PM'], ['Wednesday', '11:30AM–10PM']]"
0x89c6cda14ae33cb7:0x75f5dc77ff23116e,umi japanese cuisine & bar,"umi japanese cuisine & bar, 11 N White Horse Pike, Somerdale, NJ 08083",39.8445679,-75.0190586,"['Japanese restaurant', 'Asian restaurant', 'Bar', 'Sushi restaurant']",4.5,317,$$,"[['Thursday', '11:30AM–10PM'], ['Friday', '11:30AM–10:30PM'], ['Saturday', '12:30–10:30PM'], ['Sunday', '12:30–10PM'], ['Monday', 'Closed'], ['Tuesday', '11:30AM–10PM'], ['Wednesday', '11:30AM–10PM']]"
0x89c3f16ed8d79a6d:0xd9d71c902816247e,Kyoto Japanese Restaurant,"Kyoto Japanese Restaurant, 8 Reading Rd #105, Flemington, NJ 08822",40.5045419,-74.8436184,"['Japanese restaurant', 'Sushi restaurant']",4.6,138,$$,"[['Thursday', '11AM–9:30PM'], ['Friday', '11AM–9:30PM'], ['Saturday', '11AM–9:30PM'], ['Sunday', '12–9:30PM'], ['Monday', '11AM–9:30PM'], ['Tuesday', '11AM–9:30PM'], ['Wednesday', '11AM–9:30PM']]"
0x89c6d483b69fdd81:0x5ba503558348e493,"Sakura Japanese Steak, Seafood House & Sushi Bar","Sakura Japanese Steak, Seafood House & Sushi Bar, 629 Berlin - Cross Keys Rd, Sicklerville, NJ 08081",39.7346311,-75.0076198,"['Japanese steakhouse', 'Asian restaurant', 'Bar', 'Japanese restaurant', 'Seafood restaurant', 'Sushi restaurant']",4.2,458,$$,"[['Wednesday', '12–8:30PM'], ['Thursday', '12–8:30PM'], ['Friday', '12–8:30PM'], ['Saturday', '12–8:30PM'], ['Sunday', '12–8:30PM'], ['Monday', '12–8:30PM'], ['Tuesday', '12–8:30PM']]"
0x89c0a9f32f61ee53:0xf83518331c8c2645,Momiji Japanese Restaurant,"Momiji Japanese Restaurant, 1302 NJ-47, Rio Grande, NJ 08242",39.014308,-74.87516699999999,['Japanese restaurant'],4.4,268,$$,"[['Wednesday', '11AM–10:30PM'], ['Thursday', '11AM–10:30PM'], ['Friday', '11AM–11PM'], ['Saturday', '11AM–11PM'], ['Sunday', '12–10PM'], ['Monday', '11AM–10:30PM'], ['Tuesday', '11AM–10:30PM']]"
0x89c0af1bdbe11239:0x83c123035099f882,Murasaki,"Murasaki, 13 South Dennisville Road, Cape May Court House, NJ 08210",39.0900147,-74.8195726,"['Japanese restaurant', 'Restaurant']",4.6,333,$$,"[['Wednesday', '11AM–10:30PM'], ['Thursday', '11AM–10:30PM'], ['Friday', '11AM–11PM'], ['Saturday', '11AM–11PM'], ['Sunday', '12–10PM'], ['Monday', '11AM–10:30PM'], ['Tuesday', '11AM–10:30PM']]"
0x89c22fc5ce86c8fd:0x922dca6ba5d9ebd8,Fuji Asian Cuisine,"Fuji Asian Cuisine, 1093 Broad St, Shrewsbury, NJ 07702",40.3160879,-74.06181959999999,"['Restaurant', 'Asian fusion restaurant', 'Asian restaurant', 'Japanese restaurant', 'Takeout Restaurant', 'Sushi restaurant', 'Thai restaurant']",4.3,138,$$,"[['Wednesday', '11:30AM–3PM'], ['Thursday', '11:30AM–3PM'], ['Friday', '11:30AM–3PM'], ['Saturday', '12–3PM'], ['Sunday', '12–3PM'], ['Monday', 'Closed'], ['Tuesday', '11:30AM–3PM']]"
0x89c22f687b6ebfc1:0x3a792d461deae7c0,Ichiban Oakhurst Japanese Hibachi Steakhouse & Sushi,"Ichiban Oakhurst Japanese Hibachi Steakhouse & Sushi, 2132 NJ-35, Oakhurst, NJ 07755",40.2708564,-74.04310079999999,"['Japanese restaurant', 'Asian restaurant', 'Sushi restaurant']",4.5,738,$$,"[['Wednesday', '11:30AM–2:30PM'], ['Thursday', '11:30AM–2:30PM'], ['Friday', '11:30AM–2:30PM'], ['Saturday', '1–11PM'], ['Sunday', '1–10PM'], ['Monday', '11:30AM–2:30PM'], ['Tuesday', 'Closed']]"
0x89c3954a0868dfdf:0xc8371187d5e2cd49,Yokohama Restaurant,"Yokohama Restaurant, 12 W Main St, Somerville, NJ 08876",40.5684258,-74.61210559999999,"['Restaurant', 'Asian fusion restaurant', 'Japanese restaurant', 'Lunch restaurant', 'Takeout Restaurant', 'Sushi restaurant']",4.5,448,$,"[['Wednesday', '11AM–3PM'], ['Thursday', '11AM–3PM'], ['Friday', '11AM–3PM'], ['Saturday', '11AM–3PM'], ['Sunday', '12–9PM'], ['Monday', '11AM–3PM'], ['Tuesday', '11AM–3PM']]"
0x89c2f72642755c9b:0x2c2b9191fc3a3a50,Bonchon Leonia,"Bonchon Leonia, 346 Broad Ave, Leonia, NJ 07605",40.862663,-73.98749,"['Asian fusion restaurant', 'Asian restaurant', 'Chicken restaurant', 'Chicken wings restaurant', 'Fried chicken takeaway', 'Japanese restaurant', 'Korean restaurant', 'Pan-Asian restaurant']",3.8,198,$$,"[['Wednesday', '11AM–10PM'], ['Thursday', '11AM–10PM'], ['Friday', '11AM–10PM'], ['Saturday', '11AM–10PM'], ['Sunday', '11AM–10PM'], ['Monday', '11AM–10PM'], ['Tuesday', '11AM–10PM']]"
0x89c2e5f932195435:0x8ddb43407127a6c9,Yuki Hana,"Yuki Hana, 131 Kinderkamack Rd, Park Ridge, NJ 07656",41.0329745,-74.0340597,"['Sushi restaurant', 'Japanese restaurant']",4.8,194,$$,"[['Wednesday', '11:30AM–9PM'], ['Thursday', '11:30AM–9PM'], ['Friday', '11:30AM–9PM'], ['Saturday', '12–9PM'], ['Sunday', 'Closed'], ['Monday', '11:30AM–9PM'], ['Tuesday', '11:30AM–9PM']]"
0x89c2e47df414a0d9:0xd1121628943bf46a,House of Burrito Chicken & Pizza,"House of Burrito Chicken & Pizza, 31 E Prospect St, Waldwick, NJ 07463",41.0110222,-74.11684819999999,"['Mexican restaurant', 'American restaurant', 'Japanese restaurant', 'Korean restaurant', 'Delivery Restaurant', 'Takeout Restaurant', 'Pizza delivery', 'Tex-Mex restaurant']",4.2,98,$,"[['Wednesday', '12–8PM'], ['Thursday', '12–8PM'], ['Friday', '12–10PM'], ['Saturday', '12–10PM'], ['Sunday', '12–8PM'], ['Monday', '12–8PM'], ['Tuesday', '12–8PM']]"
0x89c3b1a8f865e4f5:0xcd776ef510f71069,Akai Lounge,"Akai Lounge, 102 E Broad St, Westfield, NJ 07090",40.6507557,-74.349143,"['Japanese restaurant', 'Bar', 'Restaurant']",4.4,198,$$,"[['Wednesday', '11:30AM–10PM'], ['Thursday', '11:30AM–10PM'], ['Friday', '11:30AM–11PM'], ['Saturday', '11:30AM–11PM'], ['Sunday', '1–10PM'], ['Monday', '11:30AM–10PM'], ['Tuesday', '11:30AM–10PM']]"
0x89c3ae4d746082f5:0x87bdb1b41668b914,Inspiration Roll,"Inspiration Roll, 83 Summit Ave, Summit, NJ 07901",40.7173361,-74.3560901,"['Japanese restaurant', 'Restaurant', 'Sushi restaurant']",4.1,136,$$,"[['Tuesday', 'Closed'], ['Wednesday', '11AM–9:30PM'], ['Thursday', '11AM–9:30PM'], ['Friday', '11AM–10PM'], ['Saturday', '11AM–10PM'], ['Sunday', '11AM–9PM'], ['Monday', '11AM–9:30PM']]"
0x89c46dcb4467fac3:0x5359aaec4ad9e27a,Sushi Ninja,"Sushi Ninja, 827 3rd Ave, Alpha, NJ 08865",40.6654212,-75.1574717,"['Sushi restaurant', 'Japanese restaurant', 'Sushi takeaway']",4.8,68,,"[['Tuesday', '11AM–9:30PM'], ['Wednesday', '11AM–9:30PM'], ['Thursday', '11AM–9:30PM'], ['Friday', '11AM–10PM'], ['Saturday', '11AM–10PM'], ['Sunday', '12–9PM'], ['Monday', '11AM–9:30PM']]"
0x89c3009b7d20432f:0xb78247a57656613c,Ocha Asian-Japanese Cuisine,"Ocha Asian-Japanese Cuisine, 403 Bloomfield Ave, Caldwell, NJ 07006",40.8413889,-74.2788889,"['Japanese restaurant', 'Asian restaurant', 'Sushi restaurant']",4.6,98,$$,"[['Tuesday', 'Closed'], ['Wednesday', '11:30AM–9:30PM'], ['Thursday', '11:30AM–9:30PM'], ['Friday', '11:30AM–10PM'], ['Saturday', '12:30–3PM'], ['Sunday', '4–10PM'], ['Monday', '11:30AM–3PM']]"
0x89c19c1873afd17f:0x6e6fbac2fd52e611,Teresa's Osaka Japanese Restaurant,"Teresa's Osaka Japanese Restaurant, 7165, 1801 NJ-37, Toms River, NJ 08753",39.950809,-74.146693,"['Japanese restaurant', 'Asian restaurant', 'Sushi restaurant']",4.4,313,$$,"[['Tuesday', 'Closed'], ['Wednesday', '3:30–10PM'], ['Thursday', '11AM–10PM'], ['Friday', '11AM–10PM'], ['Saturday', '11AM–10PM'], ['Sunday', '11AM–10PM'], ['Monday', '11AM–10PM']]"
0x89c2f64aff77b681:0xf8010ae1e1d2a0dc,Santouka Ramen,"Santouka Ramen, 595 River Rd, Edgewater, NJ 07020",40.8159916,-73.9799379,"['Ramen restaurant', 'Japanese restaurant']",4.4,346,$$,"[['Tuesday', '11AM–7:30PM'], ['Wednesday', '11AM–7:30PM'], ['Thursday', '11AM–7:30PM'], ['Friday', '11AM–7:30PM'], ['Saturday', '11AM–7:30PM'], ['Sunday', '11AM–7:30PM'], ['Monday', '11AM–7:30PM']]"
0x89c134816d92ee73:0xd79dad8bea0175fb,Sushi Kingdom,"Sushi Kingdom, 148 NJ-73, Marlton, NJ 08053",39.897376799999996,-74.9299048,"['Sushi restaurant', 'Japanese restaurant']",4.2,1033,$$,"[['Tuesday', '11AM–10PM'], ['Wednesday', '11AM–10PM'], ['Thursday', '11AM–10PM'], ['Friday', '11AM–11PM'], ['Saturday', '11AM–11PM'], ['Sunday', '12–10PM'], ['Monday', '11AM–10PM']]"
0x89c2f11925a58bf5:0xf86185dc8f71fce0,Nori,"Nori, 35 W Palisade Ave, Englewood, NJ 07631",40.895051599999995,-73.97639749999999,['Japanese restaurant'],4.6,88,$$,"[['Tuesday', '11:30AM–2:30PM'], ['Wednesday', '11:30AM–2:30PM'], ['Thursday', '11:30AM–2:30PM'], ['Friday', '11:30AM–2:30PM'], ['Saturday', '12–2:30PM'], ['Sunday', '4–9PM'], ['Monday', 'Closed']]"
0x89c3b1a1a5c3414b:0x98dc56b96db3c6d1,Fujiyama Mama,"Fujiyama Mama, 341 South Avenue E, Westfield, NJ 07090",40.650121999999996,-74.33821499999999,"['Japanese restaurant', 'Asian restaurant', 'Sushi restaurant']",4.2,548,$$,"[['Tuesday', '11:30AM–9PM'], ['Wednesday', '11:30AM–9PM'], ['Thursday', '11:30AM–9PM'], ['Friday', '11:30AM–10PM'], ['Saturday', '12–10PM'], ['Sunday', '12–9PM'], ['Monday', '11:30AM–9PM']]"
0x89c3b1a7e6e5ddb5:0xe6d02019364c9e1f,Fuji Japanese & Asian Cuisine,"Fuji Japanese & Asian Cuisine, 336-340 South Avenue E, Westfield, NJ 07090",40.6493608,-74.33708779999999,"['Japanese restaurant', 'Asian restaurant', 'Delivery Restaurant', 'Sushi restaurant']",3.7,28,$$,"[['Tuesday', '11AM–10PM'], ['Wednesday', '11AM–10PM'], ['Thursday', '11AM–10PM'], ['Friday', '11AM–11PM'], ['Saturday', '11:30AM–10:30PM'], ['Sunday', '12–10PM'], ['Monday', '11AM–10PM']]"
0x89c3b223614098ad:0xf2a84bc02041ef2a,Ramen House,"Ramen House, 41 N Ave E #5112, Cranford, NJ 07016",40.656566,-74.3018511,"['Japanese restaurant', 'Bubble tea store', 'Ramen restaurant', 'Restaurant', 'Sushi restaurant']",4.2,148,,"[['Tuesday', '12–8:30PM'], ['Wednesday', '12–8:30PM'], ['Thursday', '12–8:30PM'], ['Friday', '12–9PM'], ['Saturday', '12–9PM'], ['Sunday', '3–8PM'], ['Monday', 'Closed']]"
0x89c3e62e29802463:0x956465afe61e593b,Midori Sushi,"Midori Sushi, 1225 US-206, Princeton, NJ 08540",40.400968899999995,-74.6486182,"['Sushi restaurant', 'Japanese restaurant']",4.3,117,$$,"[['Tuesday', '11:30AM–3PM'], ['Wednesday', '11:30AM–3PM'], ['Thursday', '11:30AM–3PM'], ['Friday', '11:30AM–3PM'], ['Saturday', '11:30AM–3PM'], ['Sunday', '1–3PM'], ['Monday', '11:30AM–3PM']]"
0x89c3e703dd53cb91:0x7dbd14d00404b71,RAMEN STOP,"RAMEN STOP, 244 Nassau St, Princeton, NJ 08542",40.3523078,-74.65178829999999,['Japanese restaurant'],4.7,38,,"[['Tuesday', '12–3:30PM'], ['Wednesday', '12–3:30PM'], ['Thursday', '12–3:30PM'], ['Friday', '12–3:30PM'], ['Saturday', '12–3:30PM'], ['Sunday', '12–3:30PM'], ['Monday', '12–3:30PM']]"
0x89c40ead6f588581:0x68754471e4938859,Bamboo House,"Bamboo House, 31 12th St, Frenchtown, NJ 08825",40.5369378,-75.0628258,"['Thai restaurant', 'Japanese restaurant', 'Restaurant', 'Sushi restaurant']",4.7,457,$$,"[['Tuesday', '11AM–10PM'], ['Wednesday', '11AM–10PM'], ['Thursday', '11AM–10PM'], ['Friday', '11AM–10PM'], ['Saturday', '11AM–10PM'], ['Sunday', '12–10PM'], ['Monday', 'Closed']]"
0x89c17901c1535c4d:0x1d1899cf3c76d209,Koto Japanese Restaurant,"Koto Japanese Restaurant, 21 S Hope Chapel Rd, Jackson Township, NJ 08527",40.0824754,-74.2654956,"['Japanese restaurant', 'Sushi restaurant']",4.3,348,$$,"[['Tuesday', '11AM–9:30PM'], ['Wednesday', '11AM–9:30PM'], ['Thursday', '11AM–9:30PM'], ['Friday', '11AM–10PM'], ['Saturday', '11AM–10PM'], ['Sunday', '11AM–9:30PM'], ['Monday', '11AM–9:30PM']]"
0x89c14951098df3cb:0x6acddff6806a3090,Wasabi Japanese Cuisine,"Wasabi Japanese Cuisine, 127 Ark Rd Ste 7, Mt Laurel Township, NJ 08054",39.9721459,-74.8702517,['Japanese restaurant'],4.7,157,,"[['Tuesday', '11AM–10PM'], ['Wednesday', '11AM–10PM'], ['Thursday', '11AM–10PM'], ['Friday', '11AM–10:30PM'], ['Saturday', '12–10:30PM'], ['Sunday', '12–9:30PM'], ['Monday', '11AM–10PM']]"
0x89c3b77778e6ad7f:0xad68db1b57830016,Hibachi Grill & Supreme Buffet,"Hibachi Grill & Supreme Buffet, 690 Oak Tree Ave, South Plainfield, NJ 07080",40.5766,-74.3931407,"['American restaurant', 'Buffet restaurant', 'Chinese restaurant', 'Japanese restaurant', 'Restaurant']",4.1,1392,$,"[['Monday', '11AM–10PM'], ['Tuesday', '11AM–10PM'], ['Wednesday', '11AM–10PM'], ['Thursday', '11AM–10PM'], ['Friday', '11AM–11PM'], ['Saturday', '11AM–11PM'], ['Sunday', '11AM–10PM']]"
0x89c2f8a88c66a1b7:0x78bdb3b8fcd9e193,Osaka Sushi,"Osaka Sushi, 9 Ridge Rd, Lyndhurst, NJ 07071",40.8157498,-74.1136896,"['Sushi restaurant', 'Asian restaurant', 'Japanese restaurant']",4.4,94,$$,"[['Monday', '11AM–9PM'], ['Tuesday', '11AM–9PM'], ['Wednesday', '11AM–9PM'], ['Thursday', '11AM–9PM'], ['Friday', '11AM–9PM'], ['Saturday', '11AM–9PM'], ['Sunday', 'Closed']]"
0x89c17f95c0751b11:0xcb063efa9e38c02c,Sushi by Kazu Japanese Restaurant,"Sushi by Kazu Japanese Restaurant, 3333 U.S. 9, Freehold, NJ 07728",40.2255556,-74.2702778,"['Sushi restaurant', 'Japanese restaurant']",4.5,104,$$,"[['Monday', '5–9PM'], ['Tuesday', 'Closed'], ['Wednesday', '5–9PM'], ['Thursday', '5–9PM'], ['Friday', '4:30–10:30PM'], ['Saturday', '5–10:30PM'], ['Sunday', '5–10PM']]"
0x89c3b092ddee2139:0x2de707fe8f044ca6,Ginger Sushi,"Ginger Sushi, 266 South Ave, Fanwood, NJ 07023",40.6407713,-74.3835131,"['Asian restaurant', 'Japanese restaurant', 'Sushi restaurant']",4.6,238,$$,"[['Monday', 'Closed'], ['Tuesday', '11:30AM–8:30PM'], ['Wednesday', '11:30AM–10PM'], ['Thursday', '11:30AM–10PM'], ['Friday', '11:30AM–10PM'], ['Saturday', '1:30–10PM'], ['Sunday', '1:30–9:30PM']]"
0x89c19d73d88dac21:0xf8565c9146e10e4,"Koi Hibachi & Kitchen (Indian Head Road, Toms River, NJ)","Koi Hibachi & Kitchen (Indian Head Road, Toms River, NJ), 1256 Indian Head Rd, Toms River, NJ 08755",39.9905356,-74.2146269,"['Japanese restaurant', 'Art gallery', 'Chinese restaurant', 'Museum', 'Thai restaurant']",4.7,368,,"[['Monday', '11AM–9PM'], ['Tuesday', '11AM–9PM'], ['Wednesday', '11AM–9PM'], ['Thursday', '11AM–9PM'], ['Friday', '11AM–9PM'], ['Saturday', '11AM–9PM'], ['Sunday', '11AM–9PM']]"
0x89c6ce07a67975d9:0xc10b995a0745bbf,Mandarin Cuisine,"Mandarin Cuisine, 6 Somerdale Rd, Blackwood, NJ 08012",39.833400499999996,-75.06224639999999,"['Restaurant', 'Chinese restaurant', 'Japanese restaurant']",4.0,105,$$,"[['Monday', '11AM–10PM'], ['Tuesday', '11AM–10PM'], ['Wednesday', '11AM–10PM'], ['Thursday', '11AM–10PM'], ['Friday', '11AM–11PM'], ['Saturday', '11AM–11PM'], ['Sunday', '12–10PM']]"
0x89c187b3ce480b95:0xda8c0496bea69c86,Szechuan Tokyo,"Szechuan Tokyo, 2204 NJ-35, Sea Girt, NJ 08750",40.1346651,-74.0627442,"['Asian restaurant', 'Chinese restaurant', 'Japanese restaurant', 'Delivery Restaurant', 'Sushi restaurant']",4.1,107,,"[['Monday', '11AM–9:30PM'], ['Tuesday', '11AM–9:30PM'], ['Wednesday', '11AM–9:30PM'], ['Thursday', '11AM–9:30PM'], ['Friday', '11AM–9:30PM'], ['Saturday', '11AM–9:30PM'], ['Sunday', '11AM–9:30PM']]"
0x89c3bf602496fe21:0xd45bcdf0000d6ec8,Wasabi N Wok,"Wasabi N Wok, 89 Main St, South Bound Brook, NJ 08880",40.553900999999996,-74.524616,"['Delivery Chinese restaurant', 'Asian fusion restaurant', 'Asian restaurant', 'Chinese restaurant', 'Delivery service', 'Japanese restaurant', 'Malaysian restaurant', 'South Asian restaurant', 'Sushi restaurant', 'Thai restaurant']",3.8,125,$,"[['Monday', 'Closed'], ['Tuesday', '11AM–10PM'], ['Wednesday', '11AM–10PM'], ['Thursday', '11AM–10PM'], ['Friday', '11AM–10PM'], ['Saturday', '11AM–10PM'], ['Sunday', '11AM–10PM']]"
0x89c3e78b62f626b1:0xe3bea71c9865a603,Sushi Palace,"Sushi Palace, Kingston Mall 4437, NJ-27, Princeton, NJ 08540",40.384008,-74.60023799999999,"['Sushi restaurant', 'Asian restaurant', 'Buffet restaurant', 'Japanese restaurant', 'Seafood restaurant']",4.3,448,$$,"[['Monday', '11:30AM–9PM'], ['Tuesday', '11:30AM–9PM'], ['Wednesday', '11:30AM–9PM'], ['Thursday', '11:30AM–9PM'], ['Friday', '11:30AM–9:30PM'], ['Saturday', '11:30AM–9:30PM'], ['Sunday', '12–9PM']]"
0x89c2e0de34c2bb75:0xfcb7ef154f86ec8d,Jun Lung Chinese And Japanese Restaurant,"Jun Lung Chinese And Japanese Restaurant, 180 Franklin Turnpike #1364, Mahwah, NJ 07430",41.096011,-74.146109,"['Chinese restaurant', 'Asian restaurant', 'Delivery Chinese restaurant', 'Japanese restaurant', 'Delivery Restaurant', 'Sushi restaurant', 'Vegetarian restaurant']",4.2,168,$$,"[['Monday', 'Closed'], ['Tuesday', '11AM–10PM'], ['Wednesday', '11AM–10PM'], ['Thursday', '11AM–10PM'], ['Friday', '11AM–11PM'], ['Saturday', '11AM–11PM'], ['Sunday', '12–10PM']]"
0x89c3b5d39177b2db:0x66fe451269659b81,Noodle Plus,"Noodle Plus, 775 US-1, Edison, NJ 08817",40.512569,-74.383712,"['Japanese restaurant', 'Asian restaurant', 'Sushi restaurant']",4.2,217,$,"[['Sunday', '11:30AM–9PM'], ['Monday', 'Closed'], ['Tuesday', '11:30AM–9PM'], ['Wednesday', '11:30AM–9PM'], ['Thursday', '11:30AM–9PM'], ['Friday', '11:30AM–9PM'], ['Saturday', '11:30AM–9PM']]"
0x89c3c86e93a5e35d:0x4f871f15785f227b,Sushi O,"Sushi O, 691 US-1, Edison, NJ 08817",40.5087648,-74.3910477,"['Sushi restaurant', 'Asian restaurant', 'Japanese restaurant', 'Restaurant']",4.5,418,$$,"[['Sunday', '12–8PM'], ['Monday', 'Closed'], ['Tuesday', '11:30AM–8PM'], ['Wednesday', '11:30AM–8PM'], ['Thursday', '11:30AM–8PM'], ['Friday', '12–9PM'], ['Saturday', '12–9PM']]"
0x89c258106e35c037:0xb6065962d49fcfff,Teriyaki One,"Teriyaki One, 5805 Bergenline Ave, West New York, NJ 07093",40.7879382,-74.0174577,['Japanese restaurant'],4.2,275,$,"[['Sunday', '11AM–9PM'], ['Monday', '11AM–9PM'], ['Tuesday', '11AM–9PM'], ['Wednesday', '11AM–9PM'], ['Thursday', '11AM–9PM'], ['Friday', '11AM–9PM'], ['Saturday', '11AM–9PM']]"
0x89c2f77e4d643835:0xb587a716c6b1926f,AJ Sushi,"AJ Sushi, 1550 Lemoine Ave Suite #201, Fort Lee, NJ 07024",40.8476328,-73.9704223,['Japanese restaurant'],4.9,8,,"[['Sunday', '11AM–10PM'], ['Monday', 'Closed'], ['Tuesday', '11AM–10PM'], ['Wednesday', '11AM–10PM'], ['Thursday', '11AM–10PM'], ['Friday', '11AM–10PM'], ['Saturday', '11AM–10PM']]"
0x89c236b9b80e836d:0x74ed7efb78a98a74,Aki Sushi,"Aki Sushi, 436 NJ-36, Port Monmouth, NJ 07758",40.424021499999995,-74.10169479999999,"['Authentic Japanese restaurant', 'Chinese restaurant', 'Japanese restaurant', 'Delivery Restaurant', 'Restaurant', 'Sushi restaurant']",4.2,146,$$,"[['Sunday', '12–5:30PM'], ['Monday', 'Closed'], ['Tuesday', '11AM–9:30PM'], ['Wednesday', '11AM–9:30PM'], ['Thursday', '11AM–9:30PM'], ['Friday', '12–10PM'], ['Saturday', '12–9:30PM']]"
0x89c2ff9aef2a5f03:0xe777877c94da3680,Aki Sushi,"Aki Sushi, 1273 Broad St, Bloomfield, NJ 07003",40.833982999999996,-74.180443,['Japanese restaurant'],4.4,338,$$,"[['Sunday', '12–9PM'], ['Monday', '11:30AM–2:30PM'], ['Tuesday', '11:30AM–2:30PM'], ['Wednesday', '11:30AM–2:30PM'], ['Thursday', '11:30AM–2:30PM'], ['Friday', '11:30AM–2:30PM'], ['Saturday', '1:30–9:30PM']]"
0x89c227cd5a5ab8f7:0x7b70d067307310a1,Osaka Japanese Restaurant,"Osaka Japanese Restaurant, 604 Main St #1011, Bradley Beach, NJ 07720",40.203413,-74.0176413,"['Restaurant', 'Asian restaurant', 'Japanese restaurant', 'Sushi restaurant']",4.4,144,,"[['Sunday', '12:30–10PM'], ['Monday', '11:30AM–10PM'], ['Tuesday', '11:30AM–10PM'], ['Wednesday', '11:30AM–10PM'], ['Thursday', '11:30AM–10PM'], ['Friday', '11:30AM–11PM'], ['Saturday', '12:30–11PM']]"
0x89c3e628b0ebbb87:0x19f4f3b8e5fa39b1,Mori Sushi,"Mori Sushi, 1378 US-206, Skillman, NJ 08558",40.4067274,-74.65038059999999,"['Sushi restaurant', 'Japanese restaurant', 'Seafood restaurant']",4.4,238,$$,"[['Sunday', '11AM–9PM'], ['Monday', '11AM–9PM'], ['Tuesday', '11AM–9PM'], ['Wednesday', '11AM–9PM'], ['Thursday', '11AM–9PM'], ['Friday', '11AM–9PM'], ['Saturday', '11AM–9PM']]"
0x89c2ee290aa6fd4d:0x1ba925b6e9777bcc,Well-Being Sushi,"Well-Being Sushi, 10 Knickerbocker Rd, Dumont, NJ 07628",40.9419444,-73.9769444,"['Sushi restaurant', 'Asian restaurant', 'Japanese restaurant', 'Restaurant']",4.5,333,$$,"[['Sunday', '1–9PM'], ['Monday', '11AM–9PM'], ['Tuesday', '11AM–9PM'], ['Wednesday', '11AM–9PM'], ['Thursday', '11AM–9PM'], ['Friday', '11AM–9PM'], ['Saturday', '12–9PM']]"
0x89c39e2e7c7ab64b:0xc68ffde279e4c5b9,Ichiban Sushi,"Ichiban Sushi, 1034 US-46, Ledgewood, NJ 07852",40.878727999999995,-74.644938,"['Japanese restaurant', 'Restaurant', 'Sushi restaurant', 'Sushi takeaway']",4.7,258,$$,"[['Sunday', '12:30–9PM'], ['Monday', '11:30AM–9:30PM'], ['Tuesday', '11:30AM–9:30PM'], ['Wednesday', '11:30AM–9:30PM'], ['Thursday', '11:30AM–9:30PM'], ['Friday', '11:30AM–9:30PM'], ['Saturday', '11:30AM–9:30PM']]"
0x89c19cc78a8e0311:0x469d514e258d487f,Uminoya Sushi & Hibachi Restaurant,"Uminoya Sushi & Hibachi Restaurant, 1830 Hooper Ave, Toms River, NJ 08753",40.0112977,-74.1474387,"['Japanese restaurant', 'Sushi restaurant']",4.4,505,$,"[['Sunday', '12–9PM'], ['Monday', '11AM–9PM'], ['Tuesday', '11AM–9PM'], ['Wednesday', '11AM–9PM'], ['Thursday', '11AM–9PM'], ['Friday', '11AM–10PM'], ['Saturday', '11AM–10PM']]"
0x89c2f1be95f91bed:0xdd5464ad18d4664c,Mr. Wok & Sushi,"Mr. Wok & Sushi, 1 Highwood Ave, Tenafly, NJ 07670",40.925914399999996,-73.963948,"['Sushi restaurant', 'Asian fusion restaurant', 'Asian restaurant', 'Chinese restaurant', 'Japanese restaurant', 'Delivery Restaurant']",4.3,178,$$,"[['Sunday', '12–9:30PM'], ['Monday', '11AM–9:30PM'], ['Tuesday', '11AM–9:30PM'], ['Wednesday', '11AM–9:30PM'], ['Thursday', '11AM–9:30PM'], ['Friday', '11AM–10PM'], ['Saturday', '12–10PM']]"
0x89c226390d5c1b63:0x4037a17e86f3f0e2,Taka,"Taka, 660 Cookman Ave, Asbury Park, NJ 07712",40.2155878,-74.01199489999999,['Japanese restaurant'],4.6,938,$$$,"[['Sunday', '12–10PM'], ['Monday', '12–10PM'], ['Tuesday', '12–10PM'], ['Wednesday', '12–10PM'], ['Thursday', '12–10PM'], ['Friday', '12–10PM'], ['Saturday', '12–10PM']]"
0x89c6c9651fa1c781:0x7f44b8104beb9119,Benihana,"Benihana, 5255 Marlton Pike W, Pennsauken Township, NJ 08109",39.9336743,-75.0668512,"['Japanese restaurant', 'Asian restaurant', 'Japanese steakhouse', 'Restaurant', 'Steak house', 'Sushi restaurant', 'Teppanyaki restaurant']",4.0,1208,$$$,"[['Sunday', '11AM–9:30PM'], ['Monday', '11AM–9:30PM'], ['Tuesday', '11AM–9:30PM'], ['Wednesday', '11AM–9:30PM'], ['Thursday', '11AM–9:30PM'], ['Friday', '11AM–10:30PM'], ['Saturday', '11AM–10:30PM']]"
0x89c2e6793445738f:0x578d716120ded6df,Gen Sushi & Hibachi,"Gen Sushi & Hibachi, 14B, Chestnut Ridge Rd, Montvale, NJ 07645",41.0478178,-74.0719644,"['Japanese restaurant', 'Asian restaurant', 'Sushi restaurant']",3.8,128,$$,"[['Sunday', '4–9PM'], ['Monday', '11:30AM–3PM'], ['Tuesday', '11:30AM–3PM'], ['Wednesday', '11:30AM–3PM'], ['Thursday', '11:30AM–3PM'], ['Friday', '11:30AM–3PM'], ['Saturday', '12:30–3PM']]"
0x89c3f15d57184cb1:0xb51815325167551a,Wasabi 31,"Wasabi 31, 40 NJ-31, Flemington, NJ 08822",40.5075109,-74.8506015,['Japanese restaurant'],4.2,75,$$,"[['Saturday', '11AM–3PM'], ['Sunday', '12–9PM'], ['Monday', '11AM–3PM'], ['Tuesday', '11AM–3PM'], ['Wednesday', '11AM–3PM'], ['Thursday', '11AM–3PM'], ['Friday', '11AM–3PM']]"
0x89c3c8aa8dbb70e9:0x14b6e06bd1b75983,Teppanyaki Grill & Supreme Buffet,"Teppanyaki Grill & Supreme Buffet, 275 NJ-18, East Brunswick, NJ 08816",40.4601536,-74.40477179999999,"['Teppanyaki restaurant', 'Asian restaurant', 'Buffet restaurant', 'Chinese restaurant', 'Health food restaurant', 'Japanese restaurant', 'Restaurant']",3.6,1306,$,"[['Saturday', '11AM–10PM'], ['Sunday', '11AM–10PM'], ['Monday', '11AM–10PM'], ['Tuesday', '11AM–10PM'], ['Wednesday', '11AM–10PM'], ['Thursday', '11AM–10PM'], ['Friday', '11AM–10PM']]"
0x89c6cc74792a5a69:0x4a19c2c4cdf63c0a,Little Tokyo,"Little Tokyo, 49 Kings Hwy E, Haddonfield, NJ 08033",39.8971309,-75.0342821,"['Restaurant', 'Japanese restaurant']",4.7,58,,"[['Saturday', '11AM–9:30PM'], ['Sunday', '12–8:30PM'], ['Monday', '11AM–9PM'], ['Tuesday', '11AM–9PM'], ['Wednesday', '11AM–9PM'], ['Thursday', '11AM–9PM'], ['Friday', '11AM–9:30PM']]"
0x89c6b57855044e67:0xaf6a3298e6590551,Sumo Sushi,"Sumo Sushi, 141 US-130, Cinnaminson, NJ 08077",39.991406,-75.0083923,"['Sushi restaurant', 'Asian restaurant', 'Japanese restaurant', 'Delivery Restaurant']",4.4,275,$$,"[['Saturday', '11AM–9:30PM'], ['Sunday', '1–9PM'], ['Monday', '11AM–9PM'], ['Tuesday', '11AM–9PM'], ['Wednesday', '11AM–9PM'], ['Thursday', '11AM–9PM'], ['Friday', '11AM–9:30PM']]"
0x89c0efb4a9a4d915:0x7c788a2b7e2e78ce,Noodles of the World,"Noodles of the World, Borgata Hotel, Casino & Spa, 1 Borgata Way, Atlantic City, NJ 08401",39.3765068,-74.4352572,"['Asian restaurant', 'Chinese restaurant', 'Japanese restaurant']",4.2,177,,"[['Saturday', '12PM–2AM'], ['Sunday', '12PM–12AM'], ['Monday', '12PM–12AM'], ['Tuesday', '12PM–12AM'], ['Wednesday', '12PM–12AM'], ['Thursday', '12PM–12AM'], ['Friday', '12PM–2AM']]"
0x89c3c6353bfcd193:0x295e88871e384d45,Sushiana,"Sushiana, 17 N 4th Ave, Highland Park, NJ 08904",40.5003573,-74.4263058,"['Sushi restaurant', 'Asian restaurant', 'Fish & chips restaurant', 'Japanese restaurant', 'Kosher restaurant']",4.4,368,$$,"[['Saturday', 'Closed'], ['Sunday', '11AM–8PM'], ['Monday', '11AM–8PM'], ['Tuesday', '11AM–8PM'], ['Wednesday', '11AM–8PM'], ['Thursday', '11AM–8PM'], ['Friday', 'Closed']]"
0x89c3e62fb8dda889:0x8a91b046186aa29e,Ya Ya Noodles Chinese Restaurant,"Ya Ya Noodles Chinese Restaurant, 1325 Route 206 North, Skillman, NJ 08558",40.405437,-74.64696599999999,"['Asian restaurant', 'Buffet restaurant', 'Caterer', 'Chinese restaurant', 'Japanese restaurant', 'Takeout Restaurant', 'Sushi restaurant']",4.2,268,$$,"[['Saturday', '11:30AM–9PM'], ['Sunday', '11:30AM–8PM'], ['Monday', '11:30AM–8PM'], ['Tuesday', '11:30AM–8PM'], ['Wednesday', '11:30AM–8PM'], ['Thursday', '11:30AM–8PM'], ['Friday', '11:30AM–9PM']]"
0x89c2f8a845325d87:0x86c4794b122a07ca,Tasty Fusion,"Tasty Fusion, 33 Ridge Rd, Lyndhurst, NJ 07071",40.8150366,-74.1142923,"['Japanese restaurant', 'Asian restaurant', 'Chinese restaurant', 'Delivery Restaurant', 'Sushi restaurant']",4.4,138,$,"[['Saturday', '11:30AM–8PM'], ['Sunday', '11:30AM–8PM'], ['Monday', '11:30AM–8PM'], ['Tuesday', 'Closed'], ['Wednesday', '11:30AM–8PM'], ['Thursday', '11:30AM–8PM'], ['Friday', '11:30AM–8PM']]"
0x89c2f71fba1f3f59:0x34abd549d3849fd1,Asahi Restaurant,"Asahi Restaurant, 1475 Bergen Blvd, Fort Lee, NJ 07024",40.852874799999995,-73.98589319999999,"['Japanese restaurant', 'Asian restaurant', 'Sushi restaurant']",4.1,98,$$,"[['Saturday', '11:30AM–2PM'], ['Sunday', '5–9PM'], ['Monday', 'Closed'], ['Tuesday', '11:30AM–2PM'], ['Wednesday', '11:30AM–2PM'], ['Thursday', '11:30AM–2PM'], ['Friday', '11:30AM–2PM']]"
0x89c3a6bda186ff31:0x9dff5f714ee5f247,"Asahi Sushi - Morristown, NJ","Asahi Sushi - Morristown, NJ, 65 Morris St, Morristown, NJ 07960",40.7973028,-74.4776306,"['Sushi restaurant', 'Asian restaurant', 'Japanese restaurant']",4.8,298,$$,"[['Saturday', '11AM–9PM'], ['Sunday', '2:30–8:30PM'], ['Monday', '2:30–9PM'], ['Tuesday', '2:30–9PM'], ['Wednesday', '2:30–9PM'], ['Thursday', '2:30–9PM'], ['Friday', '11AM–9PM']]"
0x89c2ff64183f544b:0xab893436d95a72a5,Bonchon Nutley,"Bonchon Nutley, 553 N Franklin Ave, Nutley, NJ 07110",40.824783,-74.15397999999999,"['Asian fusion restaurant', 'Asian restaurant', 'Chicken restaurant', 'Chicken wings restaurant', 'Fried chicken takeaway', 'Japanese restaurant', 'Korean restaurant', 'Pan-Asian restaurant']",4.2,378,$$,"[['Saturday', '11AM–8:30PM'], ['Sunday', '12–8:30PM'], ['Monday', '11AM–8:30PM'], ['Tuesday', '11AM–8:30PM'], ['Wednesday', '11AM–8:30PM'], ['Thursday', '11AM–8:30PM'], ['Friday', '11AM–8:30PM']]"
0x89c3b86e1797da59:0x72030e375addc636,Midori Sushi of Piscataway,"Midori Sushi of Piscataway, 1392 Centennial Ave, Piscataway, NJ 08854",40.5513155,-74.4347628,"['Japanese restaurant', 'Asian restaurant', 'Restaurant', 'Sushi restaurant']",4.3,468,$$,"[['Saturday', '11AM–2:45PM'], ['Sunday', '1–9:45PM'], ['Monday', '11AM–2:45PM'], ['Tuesday', '11AM–2:45PM'], ['Wednesday', '11AM–2:45PM'], ['Thursday', '11AM–2:45PM'], ['Friday', '11AM–2:45PM']]"
0x89c229d4b8b705af:0x47ed439b593b6312,Mizuki Hibachi Asian Bistro,"Mizuki Hibachi Asian Bistro, 2007 NJ-35, Wall Township, NJ 07719",40.1518028,-74.05693889999999,"['Sushi restaurant', 'Asian fusion restaurant', 'Catering', 'Chinese restaurant', 'Japanese restaurant', 'Delivery Restaurant']",4.5,218,$$,"[['Saturday', '2–10:30PM'], ['Sunday', '2–9:30PM'], ['Monday', '11:30AM–3PM'], ['Tuesday', '11:30AM–3PM'], ['Wednesday', '11:30AM–3PM'], ['Thursday', '11:30AM–3PM'], ['Friday', '11:30AM–3PM']]"
0x89c187938312fafb:0xae790bd9de00d830,Sumo Hibachi Steakhouse and Sushi Bar,"Sumo Hibachi Steakhouse and Sushi Bar, 1933 NJ-35 ste 118, Wall Township, NJ 07719",40.1552477,-74.05664879999999,['Japanese restaurant'],4.5,216,$$,"[['Saturday', '11:30AM–8PM'], ['Sunday', '1–8PM'], ['Monday', '11:30AM–8PM'], ['Tuesday', 'Closed'], ['Wednesday', '11:30AM–8PM'], ['Thursday', '11:30AM–8PM'], ['Friday', '11:30AM–8PM']]"
0x89c0e98b9f575e79:0x7de1ade301646e35,Fuji Sushi & Steak House,"Fuji Sushi & Steak House, 210 New Rd STE 4, Linwood, NJ 08221",39.359232899999995,-74.5666334,"['Japanese restaurant', 'Sushi restaurant']",3.8,87,,"[['Friday', '11AM–9PM'], ['Saturday', '11AM–9PM'], ['Sunday', '4:30–9PM'], ['Monday', '11AM–9PM'], ['Tuesday', '11AM–9PM'], ['Wednesday', '11AM–9PM'], ['Thursday', '11AM–9PM']]"
0x89c6cacc6a0ff559:0xdc253835a2e94,Yokohama,"Yokohama, 300 S Lenola Rd, Maple Shade, NJ 08052",39.947715699999996,-74.9720688,"['Japanese restaurant', 'Sushi restaurant']",4.6,528,$$,"[['Friday', '11:30AM–11PM'], ['Saturday', '11:30AM–11PM'], ['Sunday', '12:30–10PM'], ['Monday', '11:30AM–10PM'], ['Tuesday', '11:30AM–10PM'], ['Wednesday', '11:30AM–10PM'], ['Thursday', '11:30AM–10PM']]"
0x89c6b56dd4b8ac9d:0xdb2a2041c22be5c3,Tokyo Bleu,"Tokyo Bleu, 602 US-130, Cinnaminson, NJ 08077",39.9943831,-74.9971604,"['Fusion restaurant', 'Asian restaurant', 'Bar', 'Japanese restaurant', 'Restaurant', 'Sushi restaurant']",4.6,288,$$,"[['Friday', '11AM–9:30PM'], ['Saturday', '11AM–9:30PM'], ['Sunday', '11AM–9:30PM'], ['Monday', '11AM–9:30PM'], ['Tuesday', '11AM–9:30PM'], ['Wednesday', '11AM–9:30PM'], ['Thursday', '11AM–9:30PM']]"
0x89c39e3690b62807:0x209e39ef736edd71,Lung Yung Restaurant,"Lung Yung Restaurant, 275-50 NJ-10, Succasunna, NJ 07876",40.869436799999995,-74.64786339999999,"['Asian restaurant', 'Japanese restaurant']",4.4,128,$$,"[['Friday', '10:30AM–10:30PM'], ['Saturday', '10:30AM–10:30PM'], ['Sunday', '11:30AM–9:30PM'], ['Monday', 'Closed'], ['Tuesday', '10:30AM–9:30PM'], ['Wednesday', '10:30AM–9:30PM'], ['Thursday', '10:30AM–9:30PM']]"
0x89c3002349621cf1:0x7298eed0dc3aec0d,Kyoto Sushi III,"Kyoto Sushi III, 577B Pompton Ave, Cedar Grove, NJ 07009",40.852955,-74.22930099999999,"['Kyoto style Japanese restaurant', 'Asian restaurant', 'Japanese restaurant', 'Sushi restaurant', 'Sushi takeaway']",4.7,128,,"[['Friday', '11AM–10PM'], ['Saturday', '11AM–10PM'], ['Sunday', 'Closed'], ['Monday', '11AM–10PM'], ['Tuesday', '11AM–10PM'], ['Wednesday', '11AM–10PM'], ['Thursday', '11AM–10PM']]"
0x89c301b816332cf5:0x118c8eb5d38094b2,Fish and Rice,"Fish and Rice, 27 Newark Pompton Turnpike, Little Falls, NJ 07424",40.886524,-74.24615589999999,"['Japanese restaurant', 'Ramen restaurant', 'Restaurant', 'Sushi restaurant']",4.6,68,,"[['Friday', '11AM–3PM'], ['Saturday', 'Closed'], ['Sunday', 'Closed'], ['Monday', 'Closed'], ['Tuesday', '11AM–3PM'], ['Wednesday', '11AM–3PM'], ['Thursday', '11AM–3PM']]"
0x89c6d51e871e7daf:0xbc2421519168493e,Wasabi Restaurant,"Wasabi Restaurant, 412 N Black Horse Pike, Williamstown, NJ 08094",39.6930543,-74.99606899999999,"['Japanese restaurant', 'Asian restaurant', 'Chinese restaurant', 'Seafood restaurant', 'Steak house', 'Sushi restaurant', 'Teppanyaki restaurant']",4.1,286,$$,"[['Friday', '11AM–10:30PM'], ['Saturday', '12–10:30PM'], ['Sunday', '12–10PM'], ['Monday', 'Closed'], ['Tuesday', '11AM–10PM'], ['Wednesday', '11AM–10PM'], ['Thursday', '11AM–10PM']]"
0x89c2e2a8ee40b237:0xc06d0ade255f0b02,Golden Dynasty Restaurant,"Golden Dynasty Restaurant, 825 Franklin Lake Rd #2113, Franklin Lakes, NJ 07417",40.993933,-74.214281,"['Chinese restaurant', 'Asian restaurant', 'Japanese restaurant']",4.1,77,$$,"[['Friday', '12–8PM'], ['Saturday', '12–8PM'], ['Sunday', '12–8PM'], ['Monday', 'Closed'], ['Tuesday', '12–8PM'], ['Wednesday', '12–8PM'], ['Thursday', '12–8PM']]"
0x89c2e48753ed8ed5:0x932eb24c7cdaae6a,"Red Bowl - Chinese, Japanese, Thai, Asian Fusion Restaurant","Red Bowl - Chinese, Japanese, Thai, Asian Fusion Restaurant, 26 E Prospect St, Waldwick, NJ 07463",41.0105444,-74.1177912,"['Restaurant', 'Asian restaurant', 'Chinese restaurant', 'Japanese restaurant', 'Sushi restaurant', 'Thai restaurant']",4.3,167,,"[['Thursday', '11AM–9:30PM'], ['Friday', '11AM–10:30PM'], ['Saturday', '11AM–10:30PM'], ['Sunday', '12–9PM'], ['Monday', '11AM–9:30PM'], ['Tuesday', '11AM–9:30PM'], ['Wednesday', '11AM–9:30PM']]"
0x89c0c2b7771dd00f:0xfb39d2823e9f4807,Ginza Japanese Steak Seafood house & Sushi Bar,"Ginza Japanese Steak Seafood house & Sushi Bar, 3003 English Creek Ave # E7, Egg Harbor Township, NJ 08234",39.4326511,-74.61172239999999,"['Restaurant', 'Asian fusion restaurant', 'Japanese restaurant', 'Japanese steakhouse', 'Takeout Restaurant', 'Sushi restaurant']",4.3,444,$$,"[['Thursday', '11:30AM–10PM'], ['Friday', '11:30AM–10PM'], ['Saturday', '11:30AM–10PM'], ['Sunday', '11:30AM–10PM'], ['Monday', '11:30AM–10PM'], ['Tuesday', '11:30AM–10PM'], ['Wednesday', '11:30AM–10PM']]"
0x89c3bd287e5f4341:0x5d37adf0e5793d21,Mizu Sushi,"Mizu Sushi, 41 S Finley Ave, Basking Ridge, NJ 07920",40.705570099999996,-74.5493034,"['Seafood restaurant', 'Japanese restaurant', 'Sushi restaurant']",4.4,98,$$,"[['Thursday', '10:30AM–8:30PM'], ['Friday', '10:30AM–8:30PM'], ['Saturday', '10:30AM–8:30PM'], ['Sunday', 'Closed'], ['Monday', '10:30AM–8:30PM'], ['Tuesday', '10:30AM–8:30PM'], ['Wednesday', '10:30AM–8:30PM']]"
0x89c25365f31579b5:0xdd18704ca6401cea,Sarku Japan Teriyaki & Sushi Express,"Sarku Japan Teriyaki & Sushi Express, 210 Springfield Avenue Space #B104, Newark, NJ 07103",40.735355899999995,-74.187161,"['Japanese restaurant', 'Fast food restaurant', 'Restaurant', 'Sushi restaurant', 'Teppanyaki restaurant']",4.4,317,$,"[['Thursday', '11AM–8PM'], ['Friday', '11AM–9PM'], ['Saturday', '11AM–9PM'], ['Sunday', '12–8PM'], ['Monday', '11AM–8PM'], ['Tuesday', '11AM–8PM'], ['Wednesday', '11AM–8PM']]"
0x89c3d8d848d5a92b:0x2187b8a855f1e7af,Tsubaki,"Tsubaki, 680 Franklin St #33e, East Windsor, NJ 08520",40.266829,-74.48585899999999,['Japanese restaurant'],4.2,208,$$,"[['Thursday', '11AM–8PM'], ['Friday', '11AM–9PM'], ['Saturday', '11AM–9PM'], ['Sunday', '11AM–8PM'], ['Monday', 'Closed'], ['Tuesday', '11AM–8PM'], ['Wednesday', '11AM–8PM']]"
0x89c2580a81219809:0x4e27d7608285c7de,Teri Teri Japanese Restaurant,"Teri Teri Japanese Restaurant, 7308 Bergenline Ave, North Bergen, NJ 07047",40.7979146,-74.0091946,"['Japanese restaurant', 'Delivery Restaurant']",3.6,238,,"[['Thursday', '11:30AM–11:30PM'], ['Friday', '11:30AM–12:30AM'], ['Saturday', '11:30AM–12:30AM'], ['Sunday', '12PM–12:30AM'], ['Monday', '11:30AM–11:30PM'], ['Tuesday', '11:30AM–11:30PM'], ['Wednesday', '11:30AM–11:30PM']]"
0x89c3d30cd2f2b933:0xadc90aa006a9de5b,Masa Sushi & Hibachi,"Masa Sushi & Hibachi, 130 S Main St, Marlboro, NJ 07746",40.2977115,-74.2561357,['Japanese restaurant'],4.1,318,$,"[['Thursday', '11AM–9PM'], ['Friday', '11AM–10PM'], ['Saturday', '11AM–10PM'], ['Sunday', '11AM–9PM'], ['Monday', '11AM–9PM'], ['Tuesday', '11AM–9PM'], ['Wednesday', '11AM–9PM']]"
0x89c3cec2141e709d:0x893b3738cb5bfcdc,Nagoya Japanese Cuisine,"Nagoya Japanese Cuisine, 4500 Bordentown Ave #1785, Sayreville, NJ 08872",40.429778299999995,-74.3423038,['Japanese restaurant'],3.8,58,,"[['Thursday', '11AM–10PM'], ['Friday', '11AM–11PM'], ['Saturday', '12–11PM'], ['Sunday', '12–10PM'], ['Monday', 'Closed'], ['Tuesday', '11AM–10PM'], ['Wednesday', '11AM–10PM']]"
0x89c3df9fa4dbc377:0xe4df16bf05922aee,Mahzu Japanese Restaurant East Windsor,"Mahzu Japanese Restaurant East Windsor, 761 NJ-33, East Windsor, NJ 08520",40.2557563,-74.54837789999999,"['Japanese restaurant', 'Asian restaurant', 'Restaurant', 'Sushi restaurant']",4.1,348,$$,"[['Thursday', '12–9PM'], ['Friday', '12–9PM'], ['Saturday', '12–9PM'], ['Sunday', '12–9PM'], ['Monday', '12–9PM'], ['Tuesday', '12–9PM'], ['Wednesday', '12–9PM']]"
0x89c2fe22232c1603:0x3c9015f6e39f8755,Imperial 46 Restaurant,"Imperial 46 Restaurant, 1570 US-46, Woodland Park, NJ 07424",40.8851655,-74.210966,"['Japanese restaurant', 'Chinese restaurant', 'Sushi restaurant', 'Teppanyaki restaurant']",4.3,718,$$,"[['Wednesday', '11:30AM–9PM'], ['Thursday', '11:30AM–9PM'], ['Friday', '11:30AM–10PM'], ['Saturday', '11:30AM–10PM'], ['Sunday', '1:30–9PM'], ['Monday', 'Closed'], ['Tuesday', '11:30AM–9PM']]"
0x89c395903675ff97:0x6944fcb22b654e9,Ai sushi,"Ai sushi, 30 S Doughty Ave, Somerville, NJ 08876",40.568965899999995,-74.6186752,"['Sushi restaurant', 'Fine dining restaurant', 'Japanese restaurant', 'Noodle shop', 'Ramen restaurant', 'Seafood restaurant', 'Tempura restaurant']",4.6,127,$$,"[['Wednesday', 'Closed'], ['Thursday', '11:30AM–2:30PM'], ['Friday', '11:30AM–2:30PM'], ['Saturday', '11:30AM–2:30PM'], ['Sunday', '5–9PM'], ['Monday', 'Closed'], ['Tuesday', 'Closed']]"
0x89c3b9121317a8a7:0xfa67ccc0ae33a83f,Koto Hibachi Asian Bistro & Bar,"Koto Hibachi Asian Bistro & Bar, 166 US-22, Green Brook Township, NJ 08812",40.6029707,-74.47770489999999,"['Japanese steakhouse', 'Asian restaurant', 'Bar', 'Chinese restaurant']",4.5,98,,"[['Wednesday', '11:30AM–10PM'], ['Thursday', '11:30AM–10PM'], ['Friday', '11:30AM–11PM'], ['Saturday', '11:30AM–11PM'], ['Sunday', '12–10PM'], ['Monday', '11:30AM–10PM'], ['Tuesday', '11:30AM–10PM']]"
0x89c3af0d358be11d:0x16ab64cfc2c63d72,Mitsuba Japanese Cuisine,"Mitsuba Japanese Cuisine, 237 Main St, Chatham, NJ 07928",40.740370999999996,-74.381942,"['Japanese restaurant', 'Sushi restaurant']",4.5,178,$$,"[['Wednesday', '11:30AM–2:30PM'], ['Thursday', '11:30AM–2:30PM'], ['Friday', '11:30AM–2:30PM'], ['Saturday', '12–2:30PM'], ['Sunday', '4–9PM'], ['Monday', 'Closed'], ['Tuesday', '11:30AM–2:30PM']]"
0x89c3b1b645921b1d:0xd362d8f4a6eb83db,Daimatsu Japanese Sushi Bar,"Daimatsu Japanese Sushi Bar, 860 Mountain Ave, Mountainside, NJ 07092",40.6666281,-74.3506635,['Japanese restaurant'],4.5,148,$$,"[['Wednesday', '4–8PM'], ['Thursday', '4–8PM'], ['Friday', '4–9PM'], ['Saturday', '4–9PM'], ['Sunday', '4–8PM'], ['Monday', 'Closed'], ['Tuesday', 'Closed']]"
0x89c2f70e7c082bad:0x65d34fa27126a78c,Abiko Curry - Curry House,"Abiko Curry - Curry House, 108 Broad Ave, Palisades Park, NJ 07650",40.8442836,-74.000292,"['Restaurant', 'Japanese curry restaurant']",4.3,404,$$,"[['Wednesday', '11AM–10PM'], ['Thursday', '11AM–10PM'], ['Friday', '11AM–10PM'], ['Saturday', '11AM–10PM'], ['Sunday', '11AM–10PM'], ['Monday', '11AM–10PM'], ['Tuesday', '11AM–10PM']]"
0x89c2f9c4c8c9f367:0xa582b8d3a8691792,Yuki Hana,"Yuki Hana, 375 Liberty St, Little Ferry, NJ 07643",40.855773,-74.042525,"['Japanese restaurant', 'Asian restaurant', 'Seafood restaurant', 'Sushi restaurant']",4.3,418,$$,"[['Wednesday', '11:30AM–3PM'], ['Thursday', '11:30AM–3PM'], ['Friday', '11:30AM–3PM'], ['Saturday', '11:30AM–3PM'], ['Sunday', '11:30AM–3PM'], ['Monday', 'Closed'], ['Tuesday', '11:30AM–3PM']]"
0x89c2e8aa788c1e6d:0x1cdaca2e85a30390,Johnny Roll House,"Johnny Roll House, 4 Railroad Ave, Montvale, NJ 07645",41.040624,-74.029731,"['Sushi restaurant', 'Asian restaurant', 'Japanese restaurant', 'Seafood restaurant']",4.8,106,,"[['Wednesday', '11:30AM–9:30PM'], ['Thursday', '11:30AM–9:30PM'], ['Friday', '11:30AM–9:30PM'], ['Saturday', '12–9:30PM'], ['Sunday', 'Closed'], ['Monday', '11:30AM–9:30PM'], ['Tuesday', '11:30AM–9:30PM']]"
0x89c2f6e729c37c8b:0xc0572982ed95a45e,Surakan Korean Food & Sushi 수라간,"Surakan Korean Food & Sushi 수라간, 1576 Anderson Ave, Fort Lee, NJ 07024",40.8512073,-73.9764166,"['Korean restaurant', 'Japanese restaurant', 'Restaurant', 'Sushi restaurant']",3.8,18,,"[['Wednesday', '7AM–7PM'], ['Thursday', '7AM–7PM'], ['Friday', '7AM–7PM'], ['Saturday', '7AM–7PM'], ['Sunday', 'Closed'], ['Monday', '7AM–7PM'], ['Tuesday', '7AM–7PM']]"
0x89c2f119bb62930f:0xf68e355d56c893e,Daruma,"Daruma, 45 N Dean St, Englewood, NJ 07631",40.895226,-73.973198,"['Authentic Japanese restaurant', 'Asian restaurant', 'Restaurant', 'Sushi restaurant']",4.3,148,$$,"[['Wednesday', '12–2:50PM'], ['Thursday', '12–2:50PM'], ['Friday', '12–2:50PM'], ['Saturday', '12–2:50PM'], ['Sunday', '4–9PM'], ['Monday', '4–9PM'], ['Tuesday', '12–2:50PM']]"
0x89c3adc40b287a17:0xc0afe121496338f0,Sakae Sushi,"Sakae Sushi, 2727 Morris Ave, Union, NJ 07083",40.705234499999996,-74.2956434,"['Japanese restaurant', 'Sushi restaurant']",4.6,138,$$,"[['Wednesday', '11AM–9:30PM'], ['Thursday', '11AM–9:30PM'], ['Friday', '11AM–9:30PM'], ['Saturday', '11AM–9:30PM'], ['Sunday', '1–9PM'], ['Monday', 'Closed'], ['Tuesday', '11AM–9:30PM']]"
0x89c3ac85e20f8579:0xb3ea6e539d2f36e8,Pandang,"Pandang, 8-12 Village Plaza, South Orange, NJ 07079",40.745463199999996,-74.2587188,"['Thai restaurant', 'Asian restaurant', 'Japanese restaurant', 'Restaurant', 'Southeast Asian restaurant', 'Sushi restaurant']",4.4,318,$$,"[['Wednesday', '11AM–10PM'], ['Thursday', '11AM–10PM'], ['Friday', '11AM–11PM'], ['Saturday', '11AM–11PM'], ['Sunday', 'Closed'], ['Monday', '11AM–10PM'], ['Tuesday', '11AM–10PM']]"
0x89c250b3b2014f25:0xb0b23aee15cb0b0,Bonchon Jersey City,"Bonchon Jersey City, 172 Newark Ave, Jersey City, NJ 07302",40.72128,-74.045006,"['Asian fusion restaurant', 'Asian restaurant', 'Chicken restaurant', 'Chicken wings restaurant', 'Fried chicken takeaway', 'Japanese restaurant', 'Korean restaurant', 'Pan-Asian restaurant']",4.0,356,$$,"[['Wednesday', '11AM–8:30PM'], ['Thursday', '11AM–8:30PM'], ['Friday', '11AM–8:30PM'], ['Saturday', '11AM–8:30PM'], ['Sunday', '11AM–8:30PM'], ['Monday', '11AM–8:30PM'], ['Tuesday', '11AM–8:30PM']]"
0x89c3ae5faec681d3:0x9afab68815d4ed6b,Benihana,"Benihana, 840 Morris Tpke, Short Hills, NJ 07078",40.723639,-74.337862,"['Japanese restaurant', 'Asian restaurant', 'Japanese steakhouse', 'Restaurant', 'Steak house', 'Sushi restaurant', 'Teppanyaki restaurant']",3.9,1465,$$$,"[['Tuesday', '11AM–10PM'], ['Wednesday', '11AM–10PM'], ['Thursday', '11AM–10PM'], ['Friday', '11AM–11PM'], ['Saturday', '11AM–11PM'], ['Sunday', '11AM–10PM'], ['Monday', '11AM–10PM']]"
0x89c303fc04f17bd9:0x861b9b379965e387,Kenko Sushi,"Kenko Sushi, 261 Comly Rd, Lincoln Park, NJ 07035",40.9223873,-74.301891,"['Japanese restaurant', 'Restaurant']",4.8,618,$$,"[['Tuesday', '12–8PM'], ['Wednesday', '12–8PM'], ['Thursday', '12–8PM'], ['Friday', '12–8PM'], ['Saturday', '12–8PM'], ['Sunday', 'Closed'], ['Monday', 'Closed']]"
0x89c259d8e8cf35d1:0x28324c4c60fc53e,Asia Sushi & Chinese,"Asia Sushi & Chinese, 926 Washington St #5106, Hoboken, NJ 07030",40.7481596,-74.027925,"['Asian restaurant', 'Chinese restaurant', 'Japanese restaurant', 'Delivery Restaurant', 'Sushi restaurant']",3.9,78,$,"[['Tuesday', '11AM–10:30PM'], ['Wednesday', '11AM–10:30PM'], ['Thursday', '11AM–10:30PM'], ['Friday', '11AM–10:30PM'], ['Saturday', '12–11:30PM'], ['Sunday', '12–11:30PM'], ['Monday', '11AM–10:30PM']]"
0x89c259dff2b800fb:0xe6866a5c92c6fa6f,Ayame Hibachi & Sushi,"Ayame Hibachi & Sushi, 526 Washington St, Hoboken, NJ 07030",40.7431067,-74.0293659,"['Japanese restaurant', 'Restaurant', 'Sushi restaurant']",4.1,238,$$,"[['Tuesday', '2–9:15PM'], ['Wednesday', '2–9:15PM'], ['Thursday', '2–9:15PM'], ['Friday', '10:30AM–10:30PM'], ['Saturday', '10:30AM–10:30PM'], ['Sunday', '12–9:15PM'], ['Monday', '2–9:15PM']]"
0x89c2fa2862c08ebd:0x4b8f5aa493a8a9b3,Sarku Japan Teriyaki & Sushi Express,"Sarku Japan Teriyaki & Sushi Express, 340 Essex St, Lodi, NJ 07644",40.8876232,-74.0660022,"['Japanese restaurant', 'Asian restaurant', 'Fast food restaurant', 'Sushi restaurant', 'Teppanyaki restaurant']",4.3,538,$,"[['Tuesday', '11AM–8PM'], ['Wednesday', '11AM–8PM'], ['Thursday', '11AM–8PM'], ['Friday', '11AM–8PM'], ['Saturday', '11AM–8PM'], ['Sunday', '12–8PM'], ['Monday', '11AM–8PM']]"
0x89c2e38b10aed7e1:0xa3b07b8daf62a04d,Asian Cuisine,"Asian Cuisine, 47 W Allendale Ave A, Allendale, NJ 07401",41.029235,-74.12817,"['Chinese restaurant', 'Delivery Chinese restaurant', 'Japanese restaurant', 'Sushi restaurant']",4.3,68,$$,"[['Tuesday', '11AM–8:30PM'], ['Wednesday', '11AM–8:30PM'], ['Thursday', '11AM–8:30PM'], ['Friday', '11AM–9PM'], ['Saturday', '11AM–9PM'], ['Sunday', '12–8:30PM'], ['Monday', 'Closed']]"
0x89c1860bc9cb0c7f:0xcf54a24d969d90c5,Kumo Hibachi Steak House & Sushi Restaurant,"Kumo Hibachi Steak House & Sushi Restaurant, 516 Arnold Ave, Point Pleasant Beach, NJ 08742",40.091547,-74.04903759999999,"['Sushi restaurant', 'Japanese restaurant', 'Restaurant', 'Steak house']",4.3,137,$$,"[['Tuesday', 'Closed'], ['Wednesday', '11:30AM–9PM'], ['Thursday', '11:30AM–9PM'], ['Friday', '11:30AM–9PM'], ['Saturday', '12AM–9PM'], ['Sunday', '1–9PM'], ['Monday', '11:30AM–9PM']]"
0x89c2f0c79780300d:0x64effdc57a248e0e,Teaneck Sushi,"Teaneck Sushi, 972 Teaneck Rd, Teaneck, NJ 07666",40.888466699999995,-74.0054528,"['Sushi restaurant', 'Buffet restaurant', 'Japanese restaurant', 'Restaurant']",3.6,298,$$,"[['Monday', '11:30AM–3PM'], ['Tuesday', '11:30AM–3PM'], ['Wednesday', '11:30AM–3PM'], ['Thursday', '11:30AM–3PM'], ['Friday', '11:30AM–3PM'], ['Saturday', '12–10:30PM'], ['Sunday', '1–10PM']]"
0x89c3c40c7045dc97:0x321e8cb7f3b6d4e6,Ninja Sushi Japanese Fusion,"Ninja Sushi Japanese Fusion, 1864 Arlington Ave, North Brunswick Township, NJ 08902",40.452594399999995,-74.49281909999999,"['Authentic Japanese restaurant', 'Japanese restaurant', 'Takeout Restaurant', 'Restaurant', 'Sushi restaurant']",4.3,488,$$,"[['Monday', '11AM–9:30PM'], ['Tuesday', '11AM–9:30PM'], ['Wednesday', '11AM–9:30PM'], ['Thursday', '11AM–9:30PM'], ['Friday', '11AM–10:30PM'], ['Saturday', '11AM–10:30PM'], ['Sunday', '1–9:30PM']]"
0x89c2f9e12783922b:0xe296bc3e2235c0fa,Mei Hibachi,"Mei Hibachi, 500 S River St, Hackensack, NJ 07601",40.8632632,-74.03425039999999,"['Japanese steakhouse', 'Asian restaurant', 'Japanese restaurant', 'Steak house', 'Sushi restaurant', 'Thai restaurant']",4.0,338,$$,"[['Monday', '11AM–3:30PM'], ['Tuesday', '11AM–3:30PM'], ['Wednesday', '11AM–3:30PM'], ['Thursday', '11AM–3:30PM'], ['Friday', '11AM–3:30PM'], ['Saturday', '11AM–3:30PM'], ['Sunday', '11:30AM–10PM']]"
0x89c2f760dbc96935:0xeacf27530697d647,Roll House Dragon,"Roll House Dragon, 226 Main St, Ridgefield Park, NJ 07660",40.8576872,-74.0250816,"['Sushi restaurant', 'Asian fusion restaurant', 'Asian restaurant', 'Japanese restaurant']",4.5,105,,"[['Monday', '11AM–9PM'], ['Tuesday', '11AM–9PM'], ['Wednesday', '11AM–9PM'], ['Thursday', '11AM–9PM'], ['Friday', '11AM–9PM'], ['Saturday', '11AM–9PM'], ['Sunday', 'Closed']]"
0x89c250ac33866d73:0x56ab6ca158693b9a,Teppan Bar & Grill,"Teppan Bar & Grill, 319 Warren St, Jersey City, NJ 07302",40.718921,-74.03891,"['Japanese restaurant', 'Asian fusion restaurant', 'Asian restaurant', 'Japanese steakhouse', 'Sushi restaurant', 'Sushi takeaway', 'Teppanyaki restaurant']",4.2,607,$$,"[['Monday', 'Closed'], ['Tuesday', '12–3PM'], ['Wednesday', '12–3PM'], ['Thursday', '12–3PM'], ['Friday', '12–3PM'], ['Saturday', '4:30–9PM'], ['Sunday', '4:30–9PM']]"
0x89c3b86cbbd5e2cd:0x92fb37e5a06fd7d2,Kimchihana Korean Japanese Restaurant,"Kimchihana Korean Japanese Restaurant, 6101 Hadley Rd, South Plainfield, NJ 07080",40.5539619,-74.42772579999999,"['Japanese restaurant', 'Restaurant']",4.3,334,$$,"[['Monday', '11AM–10PM'], ['Tuesday', '11AM–10PM'], ['Wednesday', '11AM–10PM'], ['Thursday', '11AM–10PM'], ['Friday', '11AM–10PM'], ['Saturday', '11AM–10PM'], ['Sunday', '11AM–10PM']]"
0x89c3cc94ac5805e1:0x81617d597faa91e2,Wasabi34,"Wasabi34, 392 NJ-34, Matawan, NJ 07747",40.4231194,-74.2685,"['Japanese restaurant', 'Asian restaurant', 'Food store', 'Restaurant', 'Sushi restaurant']",4.4,258,$$,"[['Monday', 'Closed'], ['Tuesday', '11AM–3PM'], ['Wednesday', '11AM–3PM'], ['Thursday', '11AM–3PM'], ['Friday', '11AM–3PM'], ['Saturday', '1–10PM'], ['Sunday', '1–9PM']]"
0x89c3cd18e457dde1:0x7348f133e25ab56b,Ginkaku Japanese Bistro,"Ginkaku Japanese Bistro, 787 NJ-34, Matawan, NJ 07747",40.4147689,-74.2441831,"['Japanese restaurant', 'Bar', 'Beer hall', 'Bistro', 'Cocktail bar', 'Lunch restaurant', 'Restaurant', 'Seafood restaurant', 'Sushi restaurant', 'Wine bar']",4.6,95,,"[['Monday', '11:30AM–9PM'], ['Tuesday', '11:30AM–9PM'], ['Wednesday', '11:30AM–9PM'], ['Thursday', '11:30AM–9PM'], ['Friday', '11:30AM–9PM'], ['Saturday', '11:30AM–9PM'], ['Sunday', '11:30AM–9PM']]"
0x89c3e17c6deb6957:0xc8554d07e9a2c641,Masa Sushi-Princeton,"Masa Sushi-Princeton, 415 Nassau Park Blvd, Princeton, NJ 08540",40.3009996,-74.6814057,"['Sushi restaurant', 'Diner', 'Fine dining restaurant', 'Japanese restaurant', 'Lunch restaurant', 'Takeout Restaurant', 'Seafood restaurant', 'Sushi takeaway', 'Vegetarian restaurant']",4.3,818,$$,"[['Sunday', '11AM–9PM'], ['Monday', '11AM–9PM'], ['Tuesday', '11AM–9PM'], ['Wednesday', '11AM–9PM'], ['Thursday', '11AM–9PM'], ['Friday', '11AM–9PM'], ['Saturday', '11AM–9PM']]"
0x89c6cb2939c4beb9:0x99ba54abc97e0e97,DASIWA 2 Korean BBQ,"DASIWA 2 Korean BBQ, 3747 Church Rd, Mt Laurel Township, NJ 08054",39.9301488,-74.97461349999999,"['Korean restaurant', 'Asian restaurant', 'Japanese restaurant', 'Restaurant', 'Seafood restaurant', 'Sushi restaurant']",4.2,255,$$,"[['Sunday', '12–9PM'], ['Monday', 'Closed'], ['Tuesday', '12–9PM'], ['Wednesday', '12–9PM'], ['Thursday', '12–9PM'], ['Friday', '12–9PM'], ['Saturday', '12–9PM']]"
0x89c14a1ee56b1915:0x3590913966145e91,Asuka Sushi NJ,"Asuka Sushi NJ, 447 Larchmont Blvd, Mt Laurel Township, NJ 08054",39.9788752,-74.8778998,"['Japanese restaurant', 'Sushi restaurant']",4.4,278,$$,"[['Sunday', '12:30AM–9PM'], ['Monday', 'Closed'], ['Tuesday', '11AM–9PM'], ['Wednesday', '11AM–9PM'], ['Thursday', '11AM–9PM'], ['Friday', '11AM–9PM'], ['Saturday', '12–9PM']]"
0x89c2fd17955e636f:0xec183f9eecb6e5cf,Arigato,"Arigato, 581 High Mountain Rd, North Haledon, NJ 07508",40.9573506,-74.1825514,['Japanese restaurant'],4.6,208,$$,"[['Sunday', '1–8:30PM'], ['Monday', 'Closed'], ['Tuesday', '12–9:30PM'], ['Wednesday', '12–9:30PM'], ['Thursday', '12–9:30PM'], ['Friday', '12–10PM'], ['Saturday', '1–10PM']]"
0x89c2f8be3ed3a597:0x89daca823b5c311b,Yellowtail,"Yellowtail, 17 Park Ave, Rutherford, NJ 07070",40.8280234,-74.1019039,"['Japanese restaurant', 'Asian restaurant', 'Restaurant', 'Sushi restaurant', 'Sushi takeaway']",4.5,215,$$,"[['Sunday', '12–9:30PM'], ['Monday', '11AM–10PM'], ['Tuesday', '11AM–10PM'], ['Wednesday', '11AM–10PM'], ['Thursday', '11AM–10PM'], ['Friday', '11AM–10:30PM'], ['Saturday', '11AM–10:30PM']]"
0x89c303d57351188f:0x719b11cb5793ea8,Bamboo Takei Sushi,"Bamboo Takei Sushi, 142 US-202, Wayne, NJ 07470",40.9150247,-74.2667238,['Japanese restaurant'],4.7,78,,"[['Sunday', 'Closed'], ['Monday', 'Closed'], ['Tuesday', '11:30AM–8:30PM'], ['Wednesday', '11:30AM–8:30PM'], ['Thursday', '11:30AM–8:30PM'], ['Friday', '11:30AM–9:30PM'], ['Saturday', '12–9:30PM']]"
0x89c2fba4a4f21169:0x80ca9c091692ecf8,Sarku Japan Teriyaki & Sushi Express,"Sarku Japan Teriyaki & Sushi Express, 430 Bergen Town Center, Paramus, NJ 07652",40.914302,-74.0580592,"['Japanese restaurant', 'Fast food restaurant', 'Restaurant', 'Sushi restaurant', 'Teppanyaki restaurant']",4.1,136,$,"[['Saturday', '11AM–8:30PM'], ['Sunday', '12–8PM'], ['Monday', '12–8PM'], ['Tuesday', '11AM–8:30PM'], ['Wednesday', '11AM–8:30PM'], ['Thursday', '11AM–8:30PM'], ['Friday', '11AM–8:30PM']]"
0x89c2f65776128f11:0x4d04be864ee9710a,Arigato,"Arigato, 1034 River Rd, Edgewater, NJ 07020",40.8300482,-73.9721631,"['Japanese restaurant', 'Restaurant', 'Sushi restaurant']",4.4,658,$$,"[['Saturday', '12–11PM'], ['Sunday', '12–10PM'], ['Monday', '12–10PM'], ['Tuesday', '12–10PM'], ['Wednesday', '12–10PM'], ['Thursday', '12–10PM'], ['Friday', '12–11PM']]"
0x89c257c3e329daef:0x8b2ff4f1f6ad7c85,www.ajisecaucus.com,"www.ajisecaucus.com, 133 Front St, Secaucus, NJ 07094",40.790273,-74.0584349,"['Asian restaurant', 'Bubble tea store', 'Chinese restaurant', 'Japanese restaurant', 'Ramen restaurant']",3.8,124,,"[['Saturday', '11AM–10PM'], ['Sunday', 'Closed'], ['Monday', '11AM–10PM'], ['Tuesday', '11AM–10PM'], ['Wednesday', '11AM–10PM'], ['Thursday', '11AM–10PM'], ['Friday', '11AM–10PM']]"
0x89c257ec69155f35:0xcde79ff982c702f8,Tokyo Hibachi Asian Cuisine,"Tokyo Hibachi Asian Cuisine, 700 Plaza Dr, Secaucus, NJ 07094",40.786670199999996,-74.0451593,"['Asian restaurant', 'Japanese restaurant', 'Restaurant', 'Sushi restaurant']",4.0,1198,$,"[['Saturday', '11:30AM–10PM'], ['Sunday', '11:30AM–9:30PM'], ['Monday', '11:30AM–9:30PM'], ['Tuesday', '11:30AM–9:30PM'], ['Wednesday', '11:30AM–9:30PM'], ['Thursday', '11:30AM–9:30PM'], ['Friday', '11:30AM–10PM']]"
0x89c6d703f48f45d3:0xda95b39ea76776d1,Samurai Japanese Hibachi,"Samurai Japanese Hibachi, 646 Delsea Dr, Glassboro, NJ 08028",39.7171649,-75.11223249999999,"['Japanese restaurant', 'Asian restaurant', 'Sushi restaurant']",4.4,638,$,"[['Saturday', '11:30AM–9PM'], ['Sunday', '11:30AM–9PM'], ['Monday', '11:30AM–9PM'], ['Tuesday', '11:30AM–9PM'], ['Wednesday', '11:30AM–9PM'], ['Thursday', '11:30AM–9PM'], ['Friday', '11:30AM–9PM']]"
0x89c2f987d4e7ab63:0xc5b4f38c4668c480,Mt Fuji Japanese Steak House,"Mt Fuji Japanese Steak House, 193 NJ-17, Hasbrouck Heights, NJ 07604",40.856384299999995,-74.07044979999999,"['Japanese steakhouse', 'Asian restaurant', 'Japanese restaurant', 'Steak house', 'Sushi restaurant']",4.1,646,$$,"[['Saturday', '4–11PM'], ['Sunday', '3:30–10PM'], ['Monday', '12–2:30PM'], ['Tuesday', '12–2:30PM'], ['Wednesday', '12–2:30PM'], ['Thursday', '12–2:30PM'], ['Friday', '12–2:30PM']]"
0x89c6c950bdfee975:0x967d03a76f9a8d7b,Osaka,"Osaka, 720 Haddon Ave, Collingswood, NJ 08108",39.9157552,-75.068392,"['Sushi restaurant', 'Authentic Japanese restaurant', 'Japanese restaurant', 'Japanese steakhouse', 'Seafood restaurant', 'Steak house', 'Tempura restaurant']",4.6,498,$$,"[['Friday', '11:30AM–11PM'], ['Saturday', '12AM–11PM'], ['Sunday', '12AM–10PM'], ['Monday', '11:30AM–10PM'], ['Tuesday', '11:30AM–10PM'], ['Wednesday', '11:30AM–10PM'], ['Thursday', '11:30AM–10PM']]"
0x89c2f71dea37430f:0xbc09af2c1a55751c,Sushi Island,"Sushi Island, 520 Bergen Blvd, Palisades Park, NJ 07650",40.8477992,-73.9848301,"['Sushi restaurant', 'Asian restaurant', 'Japanese restaurant', 'Restaurant']",4.5,125,$$,"[['Friday', '11AM–8PM'], ['Saturday', '11AM–8PM'], ['Sunday', '12–8PM'], ['Monday', '11AM–8PM'], ['Tuesday', '11AM–8PM'], ['Wednesday', '11AM–8PM'], ['Thursday', '11AM–8PM']]"
0x89c168333042b24f:0x402980a0c4b1a110,Bamboo House,"Bamboo House, 24 Wrightstown Cookstown Rd, Cookstown, NJ 08511",40.041950799999995,-74.5776561,"['Thai restaurant', 'Japanese restaurant', 'Restaurant']",4.4,193,$,"[['Thursday', '11AM–8PM'], ['Friday', '11AM–8PM'], ['Saturday', '11AM–8PM'], ['Sunday', 'Closed'], ['Monday', '11AM–8PM'], ['Tuesday', '11AM–8PM'], ['Wednesday', '11AM–8PM']]"
0x89c0a60bcae9bf9d:0x7812298a4fd5f36b,Water Lily Japanese Cuisine,"Water Lily Japanese Cuisine, 9709 3rd Ave #1932, Stone Harbor, NJ 08247",39.0537935,-74.7616239,"['Japanese restaurant', 'Asian restaurant', 'Takeout Restaurant', 'Ramen restaurant', 'Seafood restaurant', 'Sushi restaurant']",4.2,26,,"[['Thursday', '3–8PM'], ['Friday', '3–8PM'], ['Saturday', '3–8PM'], ['Sunday', '3–8PM'], ['Monday', '3–8PM'], ['Tuesday', '3–8PM'], ['Wednesday', '3–8PM']]"
0x89c3089c9f3cfe51:0x71cd4d2dde4aa0f8,Boonton Sushi House,"Boonton Sushi House, 701 Main St, Boonton, NJ 07005",40.9053913,-74.41116559999999,"['Sushi restaurant', 'Asian restaurant', 'Japanese restaurant']",4.6,208,$$,"[['Thursday', '11AM–9PM'], ['Friday', '11AM–9:30PM'], ['Saturday', '11AM–9:30PM'], ['Sunday', '12–9PM'], ['Monday', '11AM–9PM'], ['Tuesday', '11AM–9PM'], ['Wednesday', '11AM–9PM']]"
0x89c2f64a53a642b1:0x1ea369b0c8965c18,Wateishoku Kaneda,"Wateishoku Kaneda, 595 River Rd, Edgewater, NJ 07020",40.816162999999996,-73.9795129,['Japanese restaurant'],3.8,35,,"[['Wednesday', '11AM–8:30PM'], ['Thursday', '11AM–8:30PM'], ['Friday', '11AM–8:30PM'], ['Saturday', '11AM–8:30PM'], ['Sunday', '11AM–8:30PM'], ['Monday', '11AM–8:30PM'], ['Tuesday', '11AM–8:30PM']]"
0x89c2f64a5518ec97:0xfa227b6ac12a2300,Hannosuke,"Hannosuke, 595 River Rd, Edgewater, NJ 07020",40.815997599999996,-73.9800264,"['Tempura restaurant', 'Japanese restaurant', 'Soba noodle shop', 'Tempura donburi restaurant']",3.8,44,,"[['Wednesday', '11AM–7:30PM'], ['Thursday', '11AM–7:30PM'], ['Friday', '11AM–7:30PM'], ['Saturday', '11AM–7:30PM'], ['Sunday', '11AM–7:30PM'], ['Monday', '11AM–7:30PM'], ['Tuesday', '11AM–7:30PM']]"
0x89c3a8f61e6403c9:0x6e7ebd6e0c540f76,Sakana Sushi & Japanese Cuisine,"Sakana Sushi & Japanese Cuisine, 200 NJ-10, East Hanover, NJ 07936",40.809391,-74.37531899999999,['Japanese restaurant'],3.9,258,,"[['Wednesday', '11:30AM–10PM'], ['Thursday', '11:30AM–10PM'], ['Friday', '11AM–10:30PM'], ['Saturday', '11:30AM–10:30PM'], ['Sunday', '11:30AM–10PM'], ['Monday', '11:30AM–10PM'], ['Tuesday', '11:30AM–10PM']]"
0x89c2f64aff77b681:0x3d545c35714a9546,Tokyo Hanten,"Tokyo Hanten, 595 River Rd, Edgewater, NJ 07020",40.8161804,-73.9797367,['Japanese restaurant'],3.5,26,,"[['Wednesday', '11AM–7:30PM'], ['Thursday', '11AM–7:30PM'], ['Friday', '11AM–7:30PM'], ['Saturday', '11AM–7:30PM'], ['Sunday', '11AM–7:30PM'], ['Monday', '11AM–7:30PM'], ['Tuesday', '11AM–7:30PM']]"
0x89c3a5f2efc1d22f:0x297d025bf8a17a3e,Blue Wazabi,"Blue Wazabi, 20 Waverly Pl, Madison, NJ 07940",40.7581409,-74.4154302,['Japanese restaurant'],4.4,138,$$,"[['Wednesday', '11:30AM–9:30PM'], ['Thursday', '11:30AM–9:30PM'], ['Friday', '11:30AM–11:30PM'], ['Saturday', '11:30AM–11:30PM'], ['Sunday', 'Closed'], ['Monday', '11:30AM–9:30PM'], ['Tuesday', '11:30AM–9:30PM']]"
0x89c0ee6be95a33ff:0xa1f32bd0d8a3e7ad,Buddakan,"Buddakan, 1 Atlantic Ocean, Atlantic City, NJ 08401",39.3540138,-74.4343951,"['Restaurant', 'Asian fusion restaurant', 'Asian restaurant', 'Bar', 'Chinese restaurant', 'Cocktail bar', 'Event venue', 'Japanese restaurant']",4.6,508,$$$,"[['Wednesday', '12–3:30PM'], ['Thursday', '12–3:30PM'], ['Friday', '12–3:30PM'], ['Saturday', '12–11PM'], ['Sunday', '12–10PM'], ['Monday', '12–3:30PM'], ['Tuesday', '12–3:30PM']]"
0x89c0ee6be95a33ff:0x91c36b24ed452cb0,Souzai Sushi & Sake,"Souzai Sushi & Sake, Atlantic City, NJ 08401",39.354296399999996,-74.43491379999999,"['Sushi restaurant', 'Asian restaurant', 'Japanese restaurant']",4.2,158,,"[['Wednesday', 'Closed'], ['Thursday', 'Closed'], ['Friday', 'Closed'], ['Saturday', '11–11:15PM'], ['Sunday', 'Closed'], ['Monday', 'Closed'], ['Tuesday', 'Closed']]"
0x89c2575f7e4182b1:0x2f36469b9b9d9366,South Street Fish & Ramen Co.,"South Street Fish & Ramen Co., 219 Washington St, Hoboken, NJ 07030",40.739319599999995,-74.0301243,['Japanese restaurant'],4.1,188,,"[['Wednesday', '11AM–9:30PM'], ['Thursday', '11AM–9:30PM'], ['Friday', '11AM–10PM'], ['Saturday', '11AM–10PM'], ['Sunday', '11AM–9PM'], ['Monday', '11AM–9:30PM'], ['Tuesday', '11AM–9:30PM']]"
0x89c250a9347f7481:0x3b28cd4b0347e4f6,Honshu,"Honshu, 95 Greene St, Jersey City, NJ 07302",40.715472999999996,-74.03611599999999,"['Sushi restaurant', 'Asian restaurant', 'Bar', 'Cocktail bar', 'Japanese restaurant', 'Delivery Restaurant', 'Takeout Restaurant', 'Oyster bar restaurant', 'Tapas restaurant', 'Wine bar']",4.4,703,$$,"[['Wednesday', '11:30AM–3PM'], ['Thursday', '11:30AM–3PM'], ['Friday', '11:30AM–3PM'], ['Saturday', '4:30–10PM'], ['Sunday', '4:30–10PM'], ['Monday', '11:30AM–3PM'], ['Tuesday', '11:30AM–3PM']]"
0x89c22f42b405ca2d:0x3027462c63bfd7f5,Takara Japanese Steakhouse,"Takara Japanese Steakhouse, 1610 NJ-35, Oakhurst, NJ 07755",40.256944399999995,-74.0416667,"['Asian restaurant', 'Japanese restaurant', 'Kosher restaurant', 'Sushi restaurant']",3.8,148,$$,"[['Wednesday', '4–10PM'], ['Thursday', '4–10PM'], ['Friday', 'Closed'], ['Saturday', 'Closed'], ['Sunday', '4–10PM'], ['Monday', '4AM–10PM'], ['Tuesday', '4–10PM']]"
0x89c251f190e71d21:0xf7bd227fc12459d7,Joe's Kitchen,"Joe's Kitchen, 637 Broadway, Bayonne, NJ 07002",40.6689826,-74.1142923,"['Sushi restaurant', 'Japanese restaurant', 'Delivery Restaurant', 'Restaurant']",4.4,144,,"[['Wednesday', '11AM–9PM'], ['Thursday', '11AM–9PM'], ['Friday', '11AM–10PM'], ['Saturday', '11AM–10PM'], ['Sunday', 'Closed'], ['Monday', '11AM–9PM'], ['Tuesday', '11AM–9PM']]"
0x89c2513eb0542659:0xfa06a83edf28b8bb,Blue New Ashiya,"Blue New Ashiya, 680 NJ-440, Jersey City, NJ 07304",40.720205799999995,-74.0927115,"['Japanese restaurant', 'Sushi restaurant']",3.7,75,$$,"[['Wednesday', '11:30AM–10PM'], ['Thursday', '11:30AM–10PM'], ['Friday', '11:30AM–10PM'], ['Saturday', '11:30AM–10PM'], ['Sunday', '11:30AM–10PM'], ['Monday', '11:30AM–10PM'], ['Tuesday', '11:30AM–10PM']]"
0x89c251dd45b5f6ef:0x64beb062390de578,Otaiko Hibachi & Sushi Lounge,"Otaiko Hibachi & Sushi Lounge, 125 Lefante Way, Bayonne, NJ 07002",40.6680455,-74.1027215,"['Sushi restaurant', 'Asian restaurant', 'Japanese restaurant']",4.4,667,$$,"[['Tuesday', '1:30–10PM'], ['Wednesday', '1:30–10PM'], ['Thursday', '1:30–10PM'], ['Friday', '1:30–11PM'], ['Saturday', '1:30–11PM'], ['Sunday', '1:30–10PM'], ['Monday', '1:30–10PM']]"
0x89c39d08279c45ef:0x5803616befd1c3d6,Mount Olive Ginza,"Mount Olive Ginza, 3 Mt Olive Rd, Budd Lake, NJ 07828",40.8706976,-74.7337526,['Japanese restaurant'],4.2,98,,"[['Tuesday', '11AM–10:30PM'], ['Wednesday', '11AM–10:30PM'], ['Thursday', '11AM–10:30PM'], ['Friday', '11AM–2AM'], ['Saturday', '11AM–11PM'], ['Sunday', '12–10PM'], ['Monday', '11AM–10:30PM']]"
0x89c3cf50708f3d43:0xdb36a89a36854ccf,Makkoli Seafood Buffet,"Makkoli Seafood Buffet, 415 Rt. 18 South, East Brunswick, NJ 08816",40.4468159,-74.39738,"['Buffet restaurant', 'Asian restaurant', 'Japanese restaurant', 'Restaurant', 'Seafood restaurant', 'Sushi restaurant']",3.9,337,$$,"[['Tuesday', '11:30AM–3:30PM'], ['Wednesday', '11:30AM–3:30PM'], ['Thursday', '11:30AM–3:30PM'], ['Friday', '11:30AM–4PM'], ['Saturday', '11:30AM–4PM'], ['Sunday', '11:30AM–4PM'], ['Monday', '11:30AM–3:30PM']]"
0x89c22f87db88a90b:0x13128bd596b08493,Mizu 36 Asian Cuisine,"Mizu 36 Asian Cuisine, 145 Monmouth Rd #9, West Long Branch, NJ 07764",40.295401,-74.0318358,['Japanese restaurant'],4.5,388,$$,"[['Tuesday', '11:30AM–10:30PM'], ['Wednesday', '11:30AM–10:30PM'], ['Thursday', '11:30AM–10:30PM'], ['Friday', '11:30AM–11PM'], ['Saturday', '11:30AM–11PM'], ['Sunday', '12–10:30PM'], ['Monday', '11:30AM–10:30PM']]"
0x89c3c52c54311f2d:0xb72f788cc03d0da5,Hajime Japanese Express,"Hajime Japanese Express, 393 Davidson's Mill Rd, Monroe Township, NJ 08831",40.385526,-74.44399039999999,"['Japanese restaurant', 'Delivery Restaurant']",4.3,45,,"[['Tuesday', '10:30AM–8:30PM'], ['Wednesday', '10:30AM–8:30PM'], ['Thursday', '10:30AM–8:30PM'], ['Friday', '10:30AM–8:30PM'], ['Saturday', '10:30AM–8:30PM'], ['Sunday', 'Closed'], ['Monday', '10:30AM–8:30PM']]"
0x89c259e1dc840d8b:0x66a2b2c5c3bc423b,Sushi Lounge,"Sushi Lounge, 200 Hudson St, Hoboken, NJ 07030",40.7386556,-74.0296389,"['Sushi restaurant', 'Bar', 'Japanese restaurant']",4.2,426,$$,"[['Tuesday', '12–10PM'], ['Wednesday', '12–10PM'], ['Thursday', '12–10PM'], ['Friday', '12–11PM'], ['Saturday', '12–11PM'], ['Sunday', '12–10PM'], ['Monday', '12–10PM']]"
0x89c3a2cc63ab36cf:0xba8af0152012fe31,Asian Delight,"Asian Delight, 75 Morristown Rd, Bernardsville, NJ 07924",40.7189313,-74.5634855,"['Asian restaurant', 'Asian fusion restaurant', 'Chinese restaurant', 'Japanese restaurant']",4.5,66,$$,"[['Tuesday', '11AM–9PM'], ['Wednesday', '11AM–9PM'], ['Thursday', '11AM–9PM'], ['Friday', '11AM–9PM'], ['Saturday', '11AM–9PM'], ['Sunday', '3–9PM'], ['Monday', '3–9PM']]"
0x89c3954b03a9b005:0x9e3d7ea8758e162b,Sushi Palace,"Sushi Palace, 34 Division St, Somerville, NJ 08876",40.567395999999995,-74.6134117,"['Sushi restaurant', 'Japanese restaurant', 'Restaurant']",4.3,982,$$,"[['Tuesday', '11:30AM–9PM'], ['Wednesday', '11:30AM–9PM'], ['Thursday', '11:30AM–9PM'], ['Friday', '11:30AM–9:30PM'], ['Saturday', '11:30AM–9:30PM'], ['Sunday', '12–9PM'], ['Monday', '11:30AM–9PM']]"
0x89c18376966dc751:0x490b8e87aa69809c,Ikko Japanese steakhouse,"Ikko Japanese steakhouse, 107 Brick Plaza, Brick Township, NJ 08723",40.057685,-74.1417215,['Japanese restaurant'],4.5,778,$$,"[['Tuesday', '11:30AM–2:30PM'], ['Wednesday', '11:30AM–2:30PM'], ['Thursday', '11:30AM–2:30PM'], ['Friday', '11:30AM–2:30PM'], ['Saturday', '11:30AM–2:30PM'], ['Sunday', '2–9:30PM'], ['Monday', '11:30AM–2:30PM']]"
0x89c23389717ef4f9:0xeb46d8e1c922479e,Ichiban Holmdel Japanese Restaurant,"Ichiban Holmdel Japanese Restaurant, 2101 NJ-35, Holmdel, NJ 07733",40.4145904,-74.142563,"['Japanese restaurant', 'Restaurant']",4.4,288,$$,"[['Tuesday', '11:30AM–2:15PM'], ['Wednesday', '11:30AM–2:15PM'], ['Thursday', '11:30AM–2:15PM'], ['Friday', '11:30AM–2:15PM'], ['Saturday', '12–9:45PM'], ['Sunday', '12–9:15PM'], ['Monday', '11:30AM–2:15PM']]"
0x89c3e76db8957809:0x8afebd0f989f27f6,Teriyaki Boy,"Teriyaki Boy, 110B Rockingham Row, Princeton, NJ 08540",40.3554482,-74.6131647,"['Asian restaurant', 'Japanese restaurant', 'Sushi restaurant']",4.2,148,$,"[['Monday', '11AM–8:30PM'], ['Tuesday', '11AM–8:30PM'], ['Wednesday', '11AM–8:30PM'], ['Thursday', '11AM–8:30PM'], ['Friday', '11AM–8:30PM'], ['Saturday', '11AM–8:30PM'], ['Sunday', 'Closed']]"
0x89c2ee422a08b9df:0x1be44ca318ee401c,Hwe Sarang Sushi 회사랑 스시,"07624 New Jersey, Closter, Closter Dock Rd, Hwe Sarang Sushi 회사랑 스시",40.9739359,-73.9622705,"['Sushi restaurant', 'Asian restaurant', 'Japanese restaurant']",4.5,58,$$,"[['Monday', '11AM–8PM'], ['Tuesday', '11AM–8PM'], ['Wednesday', '11AM–8PM'], ['Thursday', '11AM–9PM'], ['Friday', '11AM–9PM'], ['Saturday', '11AM–9PM'], ['Sunday', 'Closed']]"
0x89c1341cfcd7cecf:0x9ba9a7b5ce940ef2,Mikado,"Mikado, 793 E Rte 70, Marlton, NJ 08053",39.8932514,-74.87722529999999,"['Japanese restaurant', 'Asian restaurant', 'Bar', 'Japanese steakhouse', 'Sushi restaurant']",4.4,338,$$,"[['Monday', '11:30AM–9PM'], ['Tuesday', '11:30AM–9PM'], ['Wednesday', '11:30AM–9PM'], ['Thursday', '11:30AM–9PM'], ['Friday', '11:30AM–10PM'], ['Saturday', '12–10PM'], ['Sunday', '12–9PM']]"
0x89c6cd2774bc346d:0x7747c9427b9a5b1,Akira,"Akira, 700 Haddonfield-Berlin Rd, Voorhees Township, NJ 08043",39.851495799999995,-74.98196229999999,"['Authentic Japanese restaurant', 'Asian restaurant', 'Japanese restaurant', 'Japanese steakhouse', 'Restaurant', 'Steak house', 'Sushi restaurant']",4.4,294,$$,"[['Monday', '11AM–10PM'], ['Tuesday', '11:30AM–10PM'], ['Wednesday', '11AM–10PM'], ['Thursday', '11AM–10PM'], ['Friday', '11AM–11PM'], ['Saturday', '12–11PM'], ['Sunday', '12–10PM']]"
0x89c2fad0f1621035:0x437fbfb4183fa309,Sarku Japan,"Sarku Japan, 700 Paramus Park, Paramus, NJ 07652",40.9562093,-74.068705,"['Japanese restaurant', 'Fast food restaurant', 'Restaurant', 'Sushi restaurant', 'Teppanyaki restaurant']",4.0,38,$,"[['Monday', '11AM–7PM'], ['Tuesday', '11AM–7PM'], ['Wednesday', '11AM–7PM'], ['Thursday', '11AM–7PM'], ['Friday', '11AM–7PM'], ['Saturday', '11AM–7PM'], ['Sunday', 'Closed']]"
0x89c2fb5ca21d9373:0xa31640618d225ba1,Sarku Japan,"Sarku Japan, 92 Garden State Plaza Westfield Garden State Plaza, Paramus, NJ 07652",40.9164323,-74.07632,"['Japanese restaurant', 'Fast food restaurant', 'Restaurant', 'Teppanyaki restaurant']",3.9,147,$,"[['Monday', '11AM–8PM'], ['Tuesday', '11AM–8PM'], ['Wednesday', '11AM–8PM'], ['Thursday', '11AM–8PM'], ['Friday', '10AM–9PM'], ['Saturday', '10AM–9PM'], ['Sunday', 'Closed']]"
0x89c2f753b52dda03:0x2ab65595975837de,Yakitori 39,"Yakitori 39, 254 Degraw Ave, Teaneck, NJ 07666",40.8752103,-74.0212104,"['Japanese restaurant', 'Bar', 'Restaurant']",4.4,224,$$,"[['Sunday', '5:30–10:30PM'], ['Monday', 'Closed'], ['Tuesday', '5:30–11:30PM'], ['Wednesday', '5:30–11:30PM'], ['Thursday', '5:30–11:30PM'], ['Friday', '5:30–11:30PM'], ['Saturday', '5:30–11:30PM']]"
0x89c3cbeec36e73c1:0xce5944eda8b1e208,Arirang Hibachi Steakhouse,"Arirang Hibachi Steakhouse, 986 Route 9 South, Laurence Harbor, NJ 08879",40.4578942,-74.29610009999999,"['Japanese steakhouse', 'Sushi restaurant']",4.3,907,$$,"[['Sunday', '3–9PM'], ['Monday', '4:30–9:30PM'], ['Tuesday', '4:30–9:30PM'], ['Wednesday', '4:30–9:30PM'], ['Thursday', '4:30–9:30PM'], ['Friday', '4:30–10:30PM'], ['Saturday', '4–10:30PM']]"
0x89c2fff74e709abd:0xe6edadfccc719f16,Sushi Koshi,"Sushi Koshi, 109 Watchung Ave, Montclair, NJ 07043",40.830478899999996,-74.2058283,"['Japanese restaurant', 'Asian restaurant', 'Seafood restaurant', 'Sushi restaurant']",4.8,198,$$,"[['Sunday', 'Closed'], ['Monday', '11:30AM–9PM'], ['Tuesday', '11:30AM–9PM'], ['Wednesday', '11:30AM–9PM'], ['Thursday', '11:30AM–9PM'], ['Friday', '11:30AM–9PM'], ['Saturday', '11:30AM–9PM']]"
0x89c6cfe2ada1753d:0x89e4f93ace024764,Sakura Japanese Steak House,"Sakura Japanese Steak House, 338 White Horse Pike, Oaklyn, NJ 08107",39.9047585,-75.0795254,"['Japanese restaurant', 'Rice restaurant']",4.6,48,,"[['Sunday', '11AM–9:30PM'], ['Monday', '11AM–9:30PM'], ['Tuesday', '11AM–9:30PM'], ['Wednesday', '4–9:30PM'], ['Thursday', '11AM–9:30PM'], ['Friday', '11AM–9:30PM'], ['Saturday', '11AM–9:30PM']]"
0x89c6d46d03a6b765:0xa77ad2c7e5b6b727,Yoshimoto Japanese Steakhouse,"Yoshimoto Japanese Steakhouse, 3501 NJ-42 #400, Turnersville, NJ 08012",39.7273249,-75.0368281,"['Japanese steakhouse', 'Takeout Restaurant', 'Steak house', 'Sushi restaurant']",4.5,356,$$,"[['Saturday', '2–10PM'], ['Sunday', '2–9PM'], ['Monday', '11:30AM–2:30PM'], ['Tuesday', '11:30AM–2:30PM'], ['Wednesday', '11:30AM–2:30PM'], ['Thursday', '11AM–9:45PM'], ['Friday', '11:30AM–2:30PM']]"
0x89c6cd749802d8b1:0xc0ca0b6adfd35b4b,Hewa Japanese Restaurant,"Hewa Japanese Restaurant, 906 N White Horse Pike, Stratford, NJ 08084",39.839978699999996,-75.0134983,"['Asian restaurant', 'Japanese restaurant', 'Delivery Restaurant', 'Restaurant', 'Sushi restaurant']",4.0,128,$,"[['Saturday', '11AM–10:30PM'], ['Sunday', '12–9:30PM'], ['Monday', '11AM–10PM'], ['Tuesday', '11AM–10PM'], ['Wednesday', '11AM–10PM'], ['Thursday', '11AM–10PM'], ['Friday', '11AM–10:30PM']]"
0x89c6d71caf2f30df:0xc38a76cd5fe13159,Tomo Sushi Japanese Restaurant,"Tomo Sushi Japanese Restaurant, 806 Delsea Dr, Glassboro, NJ 08028",39.7204043,-75.1122175,"['Japanese restaurant', 'Asian restaurant', 'Restaurant', 'Sushi restaurant']",4.4,357,$$,"[['Saturday', '11AM–9:30PM'], ['Sunday', '11:30AM–9PM'], ['Monday', '11AM–9PM'], ['Tuesday', '11AM–9PM'], ['Wednesday', '11AM–9PM'], ['Thursday', '11AM–9PM'], ['Friday', '11AM–9:30PM']]"
0x89c2e478ee68f9df:0xeaafacfd0b3dc5f0,Moshi Moshi,"Moshi Moshi, 137 Franklin Turnpike, Waldwick, NJ 07463",41.0180588,-74.1218719,"['Japanese restaurant', 'Restaurant', 'Sushi restaurant']",4.6,114,$$,"[['Friday', '11:30AM–9:30PM'], ['Saturday', '11:30AM–9:30PM'], ['Sunday', 'Closed'], ['Monday', '11:30AM–9:30PM'], ['Tuesday', '11:30AM–9:30PM'], ['Wednesday', '11:30AM–9:30PM'], ['Thursday', '11:30AM–9:30PM']]"
0x89c2f71cd513ffff:0xb0910fb71e8a60a4,🏯 Izakaya Kumade,"🏯 Izakaya Kumade, 412 Bergen Blvd, Palisades Park, NJ 07650",40.844478699999996,-73.9860561,"['Japanese restaurant', 'Asian fusion restaurant', 'Asian restaurant', 'Authentic Japanese restaurant', 'Ramen restaurant', 'Yakitori restaurant']",4.1,287,$$$,"[['Friday', '5PM–1AM'], ['Saturday', '5PM–1AM'], ['Sunday', '5PM–1AM'], ['Monday', 'Closed'], ['Tuesday', '5PM–1AM'], ['Wednesday', '5PM–1AM'], ['Thursday', '5PM–1AM']]"
0x89c30a9a6a191459:0x26674714391ee69f,East Cafe,"East Cafe, 343 Mt Hope Ave, Rockaway, NJ 07866",40.903570099999996,-74.5494375,"['Chinese restaurant', 'Japanese restaurant', 'Sushi restaurant']",3.8,145,,"[['Friday', '11AM–11PM'], ['Saturday', '11AM–11PM'], ['Sunday', '12–10PM'], ['Monday', '11AM–10PM'], ['Tuesday', '11AM–10PM'], ['Wednesday', '11AM–10PM'], ['Thursday', '11AM–10PM']]"
0x89c3029af2984cdb:0xa59a75381fc9891a,Hibachi Grill Supreme Buffet,"Hibachi Grill Supreme Buffet, 862 Hamburg Turnpike, Wayne, NJ 07470",40.9592406,-74.2280663,"['Buffet restaurant', 'American restaurant', 'Chinese restaurant', 'Japanese restaurant', 'Restaurant']",3.8,878,$,"[['Thursday', '11AM–9:30PM'], ['Friday', '11AM–10:30PM'], ['Saturday', '11AM–10:30PM'], ['Sunday', '11AM–9:30PM'], ['Monday', '11AM–9:30PM'], ['Tuesday', '11AM–9:30PM'], ['Wednesday', '11AM–9:30PM']]"
0x89c31d74b2eb3c9b:0xc9b855318ace655d,Yuki Japanese Restaurant,"Yuki Japanese Restaurant, 350 Ramapo Valley Rd, Oakland, NJ 07436",41.023975199999995,-74.24047569999999,['Japanese restaurant'],4.5,87,$$,"[['Thursday', '11:30AM–9:30PM'], ['Friday', '11:30AM–10:30PM'], ['Saturday', '12–10:30PM'], ['Sunday', '12–9:30PM'], ['Monday', '11:30AM–9:30PM'], ['Tuesday', '11:30AM–9:30PM'], ['Wednesday', '11:30AM–9:30PM']]"
0x89c2575436ee7565:0x453eb4c0844e795c,Komegashi Too,"Komegashi Too, 99 Town Square Pl, Jersey City, NJ 07310",40.7263575,-74.0331879,"['Japanese restaurant', 'Restaurant', 'Sushi restaurant']",4.2,648,$$,"[['Thursday', '12–3PM'], ['Friday', '12–3PM'], ['Saturday', '12–3PM'], ['Sunday', '12–3PM'], ['Monday', '12–3PM'], ['Tuesday', '12–3PM'], ['Wednesday', '12–3PM']]"
0x89c3b3728809457f:0x9bcf3c757f1de4a1,Flaming Grill & Buffet,"Flaming Grill & Buffet, 1701 W Edgar Rd B, Linden, NJ 07036",40.612360699999996,-74.2541531,"['Chinese restaurant', 'Japanese restaurant']",4.3,3478,$,"[['Thursday', '11AM–10PM'], ['Friday', '11AM–10:30PM'], ['Saturday', '11AM–10:30PM'], ['Sunday', '11AM–10PM'], ['Monday', '11AM–10PM'], ['Tuesday', '11AM–10PM'], ['Wednesday', '11AM–10PM']]"
0x89c3ac8f5a085a9b:0x63f3501926b79eb9,Harusame Japanese Cuisine,"Harusame Japanese Cuisine, 63 Academy St, South Orange, NJ 07079",40.7441386,-74.2585259,"['Japanese restaurant', 'Asian restaurant', 'Sushi restaurant']",4.5,214,$$,"[['Thursday', '11:30AM–9PM'], ['Friday', '11:30AM–10PM'], ['Saturday', '12–9:30PM'], ['Sunday', '3:30–9PM'], ['Monday', 'Closed'], ['Tuesday', '11:30AM–9PM'], ['Wednesday', '11:30AM–9PM']]"
0x89c25139e964c739:0xf4604bea1b8ebf6,Hibachi Grill & Supreme Buffet,"Hibachi Grill & Supreme Buffet, 701 NJ-440, Jersey City, NJ 07304",40.721060099999995,-74.0949992,"['Buffet restaurant', 'American restaurant', 'Grill', 'Chinese restaurant', 'Continental restaurant', 'Italian restaurant', 'Japanese restaurant', 'Restaurant']",4.2,1745,$,"[['Thursday', '11AM–9:30PM'], ['Friday', '11AM–10PM'], ['Saturday', '11AM–10PM'], ['Sunday', '11AM–9:30PM'], ['Monday', '11AM–9:30PM'], ['Tuesday', '11AM–9:30PM'], ['Wednesday', '11AM–9:30PM']]"
0x89c3a90eee7bdcb9:0x70eb1a26cfaf2aa,Zen Japanese Cuisine,"Zen Japanese Cuisine, 277 Eisenhower Pkwy, Livingston, NJ 07039",40.7980634,-74.3435726,['Japanese restaurant'],4.2,158,$$,"[['Thursday', '11:30AM–2:30PM'], ['Friday', '11:30AM–2:30PM'], ['Saturday', '12–2:30PM'], ['Sunday', '4:30–9PM'], ['Monday', '12–2:30PM'], ['Tuesday', '11:30AM–2:30PM'], ['Wednesday', '11:30AM–2:30PM']]"
0x89c3928cb08e8071:0x341c3f616e1e6715,Domo 7 Japanese Restaurant,"Domo 7 Japanese Restaurant, 547 US-22, Whitehouse Station, NJ 08889",40.6185895,-74.7575164,['Japanese restaurant'],4.4,68,,"[['Thursday', '11:30AM–3PM'], ['Friday', '11:30AM–3PM'], ['Saturday', '12–10PM'], ['Sunday', '4–9PM'], ['Monday', '4:30–9PM'], ['Tuesday', '11:30AM–3PM'], ['Wednesday', '11:30AM–3PM']]"
0x89c309bc7f9027ad:0xdd417da251cf2e4b,Sogo Hibachi Grill,"Sogo Hibachi Grill, 2730 248, US-46, Denville, NJ 07834",40.8894844,-74.4694671,['Japanese restaurant'],4.3,705,$$,"[['Wednesday', '3:30–8:30PM'], ['Thursday', '3:30–8:30PM'], ['Friday', '3:30–8:30PM'], ['Saturday', '3:30–8:30PM'], ['Sunday', '3:30–8:30PM'], ['Monday', 'Closed'], ['Tuesday', '3:30–8:30PM']]"
0x89c3a7ab3bb0342b:0xc6a410e9a0e27c16,Mintea Sushi Asian Bistro,"Mintea Sushi Asian Bistro, 99 Ridgedale Ave, Cedar Knolls, NJ 07927",40.8212587,-74.4489995,['Japanese restaurant'],4.6,388,$$,"[['Wednesday', '11AM–8:45PM'], ['Thursday', '11AM–8:45PM'], ['Friday', '11AM–9:45PM'], ['Saturday', '11AM–9:45PM'], ['Sunday', '12–8:45PM'], ['Monday', 'Closed'], ['Tuesday', '11AM–8:45PM']]"
0x89c3010c997bce95:0x8f7abaac5e941e52,Nikko Hibachi Steak House And Lounge,"Nikko Hibachi Steak House And Lounge, 38 2 Bridges Rd, Fairfield, NJ 07004",40.8928837,-74.27131039999999,"['Restaurant', 'Asian fusion restaurant', 'Japanese restaurant', 'Takeout Restaurant', 'Sushi restaurant', 'Udon noodle restaurant']",4.1,555,$$,"[['Wednesday', '1–10PM'], ['Thursday', '1–10PM'], ['Friday', '12–11PM'], ['Saturday', '12–11PM'], ['Sunday', '12–10PM'], ['Monday', '1–10PM'], ['Tuesday', '1–10PM']]"
0x89c2f7adb452d727:0x159633fb879e9488,Marathon Sushi,"Marathon Sushi, 661 Anderson Ave, Cliffside Park, NJ 07010",40.827156699999996,-73.98724949999999,"['Sushi restaurant', 'Asian restaurant', 'Japanese restaurant']",4.3,107,,"[['Wednesday', '11:30AM–9PM'], ['Thursday', '11:30AM–9PM'], ['Friday', '11:30AM–9PM'], ['Saturday', '11:30AM–9PM'], ['Sunday', '2–9PM'], ['Monday', 'Closed'], ['Tuesday', '11:30AM–9PM']]"
0x89c6d6ae3b747b3f:0xc08eb8b45767a9b4,Kotobuki Japanese Restaurant,"Kotobuki Japanese Restaurant, 475 Hurffville - Cross Keys Rd, Sewell, NJ 08080",39.7392568,-75.0719033,['Japanese restaurant'],3.8,6,,"[['Wednesday', '11AM–10PM'], ['Thursday', '11AM–10PM'], ['Friday', '11AM–10:30PM'], ['Saturday', '11AM–10:30PM'], ['Sunday', '12–10PM'], ['Monday', '11AM–10PM'], ['Tuesday', '11AM–10PM']]"
0x89c2f6e8ba5c0aa5:0xa5adf9bfa8790dca,Sushi House,"Sushi House, 1562 Lemoine Ave, Fort Lee, NJ 07024",40.8478639,-73.9705725,"['Sushi restaurant', 'Asian restaurant', 'Japanese restaurant']",4.6,78,,"[['Wednesday', '11AM–9PM'], ['Thursday', '11AM–9PM'], ['Friday', '11AM–9PM'], ['Saturday', '11AM–9PM'], ['Sunday', 'Closed'], ['Monday', '11AM–9PM'], ['Tuesday', '11AM–9PM']]"
0x89c2575f6832dd09:0xdaa78892d5286893,Precious Chinese & Japanese Cuisine,"Precious Chinese & Japanese Cuisine, 128 Washington St, Hoboken, NJ 07030",40.7384655,-74.0308052,"['Chinese restaurant', 'Japanese restaurant', 'Delivery Restaurant']",4.1,205,$,"[['Wednesday', '11AM–9:15PM'], ['Thursday', '11AM–9:15PM'], ['Friday', '11AM–10PM'], ['Saturday', '11:30AM–10PM'], ['Sunday', '11:30AM–9:15PM'], ['Monday', '11AM–9:15PM'], ['Tuesday', '11AM–9:15PM']]"
0x89c2575f8894b1c7:0xc188461a04fc1,Rice Shop,"Rice Shop, 304 Washington St #4842, Hoboken, NJ 07030",40.740282,-74.030383,"['Japanese restaurant', 'Asian restaurant', 'Chinese restaurant', 'Delivery Restaurant', 'Restaurant', 'Sushi restaurant']",3.8,238,$,"[['Wednesday', '11AM–9:30PM'], ['Thursday', '11AM–9:30PM'], ['Friday', '11AM–9:30PM'], ['Saturday', '11AM–9:30PM'], ['Sunday', '11AM–9:30PM'], ['Monday', '11AM–9:30PM'], ['Tuesday', '11AM–9:30PM']]"
0x89c259e01a506db7:0x3dcaa1b6ffea5b80,Illuzion,"Illuzion, 337 Washington St, Hoboken, NJ 07030",40.7411167,-74.0295667,"['Japanese restaurant', 'Asian restaurant', 'Sushi restaurant']",4.2,285,$$,"[['Wednesday', '12–3PM'], ['Thursday', '12–3PM'], ['Friday', '12–3PM'], ['Saturday', '12–3PM'], ['Sunday', '12–3PM'], ['Monday', '12–3PM'], ['Tuesday', '12–3PM']]"
0x89c3b726eb1a4979:0xa61e26d9ea35aad6,Sushi Palace,"Sushi Palace, 1089 Inman Ave, Edison, NJ 08820",40.5954377,-74.3634627,"['Sushi restaurant', 'Asian restaurant', 'Buffet restaurant', 'Japanese restaurant', 'Restaurant', 'Soba noodle shop']",4.1,591,$$,"[['Wednesday', '11:30AM–3PM'], ['Thursday', '11:30AM–3PM'], ['Friday', '11:30AM–3PM'], ['Saturday', '11:30AM–11:30PM'], ['Sunday', '12–10PM'], ['Monday', '11:30AM–3PM'], ['Tuesday', '11:30AM–3PM']]"
0x89c2e4a8d086ea29:0xae87818d5aec9847,Shumi Japanese Cuisine,"Shumi Japanese Cuisine, 70 E Ridgewood Ave, Ridgewood, NJ 07450",40.9794084,-74.1188282,"['Sushi restaurant', 'Japanese restaurant', 'Restaurant']",4.5,432,$$,"[['Wednesday', '11:30AM–9:30PM'], ['Thursday', '11:30AM–9:30PM'], ['Friday', '11:30AM–10:30PM'], ['Saturday', '11:30AM–10:30PM'], ['Sunday', '11:30AM–9:30PM'], ['Monday', '11:30AM–9:30PM'], ['Tuesday', '11:30AM–9:30PM']]"
0x89c3b66aece0fa2b:0x52e9c1969a85fbfb,Benihana,"Benihana, 60 Parsonage Rd, Edison, NJ 08837",40.548895099999996,-74.33346399999999,"['Japanese restaurant', 'Bar', 'Steak house', 'Sushi restaurant']",4.2,1236,$$$,"[['Tuesday', '11AM–10PM'], ['Wednesday', '11AM–10PM'], ['Thursday', '11AM–10PM'], ['Friday', '11AM–11PM'], ['Saturday', '11AM–11PM'], ['Sunday', '11AM–10PM'], ['Monday', '11AM–10PM']]"
0x89c3954a487733e3:0x2ae3928531853915,Yutaka,"Yutaka, 90 W Main St, Somerville, NJ 08876",40.5691674,-74.6145564,"['Japanese restaurant', 'Restaurant', 'Steak house']",4.2,623,$$,"[['Tuesday', '11:30AM–10PM'], ['Wednesday', '11:30AM–10PM'], ['Thursday', '11:30AM–10PM'], ['Friday', '11:30AM–10PM'], ['Saturday', '12:30–10PM'], ['Sunday', '12–10PM'], ['Monday', '11:30AM–10PM']]"
0x89c6d700f5311d3d:0x9a7d7e7d2bc446db,Tokyo Mandarin,"Tokyo Mandarin, 370 Delsea Dr, Glassboro, NJ 08028",39.712044299999995,-75.11065339999999,['Japanese restaurant'],4.4,327,$$,"[['Monday', 'Closed'], ['Tuesday', '11AM–10PM'], ['Wednesday', '11AM–10PM'], ['Thursday', '11AM–10PM'], ['Friday', '11AM–10PM'], ['Saturday', '11AM–11PM'], ['Sunday', '11AM–10PM']]"
0x89c1a0431dd856eb:0x922aa70ff9be402e,Fuji Japanese Steakhouse Hibachi & Sushi (Forked River),"Fuji Japanese Steakhouse Hibachi & Sushi (Forked River), 131 U.S. 9, Forked River, NJ 08731",39.836613899999996,-74.1931,"['Japanese restaurant', 'Japanese steakhouse', 'Takeout Restaurant', 'Seafood restaurant', 'Steak house', 'Sushi restaurant', 'Sushi takeaway']",4.4,436,$$,"[['Monday', '11:30AM–2:30PM'], ['Tuesday', '11:30AM–2:30PM'], ['Wednesday', '11:30AM–2:30PM'], ['Thursday', '11:30AM–2:30PM'], ['Friday', '11:30AM–2:30PM'], ['Saturday', '12–9:30PM'], ['Sunday', '12–9:30PM']]"
0x89c1836de4ce4cd9:0x62da6ae6b0f2ae0d,Yokohama Sushi and Hibachi,"Yokohama Sushi and Hibachi, 506 Brick Blvd, Brick Township, NJ 08723",40.051198,-74.142408,"['Asian restaurant', 'Japanese restaurant', 'Sushi restaurant']",4.4,192,$$,"[['Monday', '12–8:30PM'], ['Tuesday', '12–8:30PM'], ['Wednesday', '12–8:30PM'], ['Thursday', '12–8:30PM'], ['Friday', '12–8:30PM'], ['Saturday', '12–8:30PM'], ['Sunday', '1–8:30PM']]"
0x89c19bf05a96636d:0x3a47da5f563250f4,Xina Restaurant,"Xina Restaurant, 3430 NJ-37, Toms River, NJ 08753",39.9497168,-74.11490719999999,"['Asian restaurant', 'Japanese restaurant', 'Oyster bar restaurant', 'Sushi restaurant']",4.6,1007,$$,"[['Monday', '12–2PM'], ['Tuesday', '12–2PM'], ['Wednesday', '12–2PM'], ['Thursday', '12–2PM'], ['Friday', '12–2PM'], ['Saturday', '12–9PM'], ['Sunday', '12–9PM']]"
0x89c182eaef1009bd:0x9ff6185673edbea1,Li's Garden,"Li's Garden, 700 NJ-70, Lakewood, NJ 08701",40.0505779,-74.1924686,"['Chinese restaurant', 'Japanese restaurant', 'Sushi restaurant', 'Thai restaurant']",4.4,308,$$,"[['Monday', '11AM–8:30PM'], ['Tuesday', '11AM–8:30PM'], ['Wednesday', '11AM–8:30PM'], ['Thursday', '11AM–8:30PM'], ['Friday', '11AM–8:30PM'], ['Saturday', '11AM–8:30PM'], ['Sunday', '11AM–8:30PM']]"
0x89c309ef544489e9:0x23095e2cedc582e5,Miga Sushi,"Miga Sushi, 559 E Main St, Denville, NJ 07834",40.8741889,-74.4820898,"['Asian restaurant', 'Japanese restaurant', 'Stand bar', 'Sushi restaurant']",4.5,778,$$,"[['Monday', '11:30AM–9:30PM'], ['Tuesday', '11:30AM–9:30PM'], ['Wednesday', '11:30AM–9:30PM'], ['Thursday', '11:30AM–9:30PM'], ['Friday', '11:30AM–10PM'], ['Saturday', '11:30AM–10PM'], ['Sunday', '12–9:30PM']]"
0x89c3a6a2d29d7bc3:0x19810bedfec806dd,Monster Sushi,"Monster Sushi, 5 Pine St, Morristown, NJ 07960",40.7945226,-74.47823869999999,"['Sushi restaurant', 'Japanese restaurant']",4.7,228,$$,"[['Monday', '11:30AM–2:30PM'], ['Tuesday', '11:30AM–2:30PM'], ['Wednesday', '11:30AM–2:30PM'], ['Thursday', '11:30AM–2:30PM'], ['Friday', '11:30AM–2:30PM'], ['Saturday', '11:30AM–10:30PM'], ['Sunday', '12–10PM']]"
0x89c3a7c7e2ea844f:0x68ada303900cc935,Nikko Japanese Restaurant,"Nikko Japanese Restaurant, 881 NJ-10, Whippany, NJ 07981",40.827416,-74.42823969999999,['Japanese restaurant'],4.5,353,$$,"[['Monday', '11:30AM–10PM'], ['Tuesday', '11:30AM–10PM'], ['Wednesday', '11:30AM–10PM'], ['Thursday', '11:30AM–10PM'], ['Friday', '11:30AM–11PM'], ['Saturday', '4:30–11PM'], ['Sunday', '4:30–10PM']]"
0x89c3ac2b9dc4a0fb:0xea66f0fd747ad652,Umi Sushi,"Umi Sushi, 339 Millburn Ave, Millburn, NJ 07041",40.7241056,-74.30695829999999,"['Sushi restaurant', 'Japanese restaurant']",4.3,117,$,"[['Monday', '11:30AM–9PM'], ['Tuesday', '11:30AM–9PM'], ['Wednesday', '11:30AM–9PM'], ['Thursday', '11:30AM–9PM'], ['Friday', '11:30AM–9:30PM'], ['Saturday', '11:30AM–9:30PM'], ['Sunday', '12:30–9PM']]"
0x89c23ba8d86f9241:0x307caca0743935d2,Yumi,"Yumi, 1120 E Ocean Ave, Sea Bright, NJ 07760",40.361159,-73.9742866,"['Asian restaurant', 'Japanese restaurant', 'Small plates restaurant', 'Tapas restaurant']",4.6,188,$$,"[['Monday', '12–3PM'], ['Tuesday', '12–3PM'], ['Wednesday', 'Closed'], ['Thursday', '12–3PM'], ['Friday', '12–3PM'], ['Saturday', '12–3PM'], ['Sunday', '5–10PM']]"
0x89c0dd329478f877:0x1abbb7877538eee8,"Sakura Japanese Steak, Seafood House & Sushi Bar","Sakura Japanese Steak, Seafood House & Sushi Bar, 4215 E Black Horse Pike #29, Mays Landing, NJ 08330",39.447615899999995,-74.632671,"['Japanese steakhouse', 'Asian restaurant', 'Bar', 'Japanese restaurant', 'Restaurant', 'Seafood restaurant', 'Sushi restaurant']",4.6,926,$$,"[['Monday', '12–8:25PM'], ['Tuesday', '12–8:25PM'], ['Wednesday', '12–8:25PM'], ['Thursday', '12–8:25PM'], ['Friday', '12–8:25PM'], ['Saturday', '12–8:25PM'], ['Sunday', '12–8:25PM']]"
0x89c3c01948daac25:0x422de2a517f05141,Flaming Grill&Supreme Buffet,"Flaming Grill&Supreme Buffet, 126 N Main St, Manville, NJ 08835",40.547919799999995,-74.5849021,"['Buffet restaurant', 'Asian restaurant', 'Chinese restaurant', 'Japanese restaurant']",4.2,1436,$,"[['Sunday', '11AM–10PM'], ['Monday', '11AM–10PM'], ['Tuesday', '11AM–10PM'], ['Wednesday', '11AM–10PM'], ['Thursday', '11AM–10PM'], ['Friday', '11AM–10:30PM'], ['Saturday', '11AM–10:30PM']]"
0x89c3956be2294c93:0x48b43a3e5466a033,Sushi House Inc,"Sushi House Inc, 1339 Prince Rodgers Ave, Bridgewater Township, NJ 08807",40.5881486,-74.6115197,"['Sushi restaurant', 'Asian restaurant', 'Japanese restaurant', 'Restaurant']",4.5,178,$$,"[['Sunday', '4–9:30PM'], ['Monday', 'Closed'], ['Tuesday', '11:30AM–2:30PM'], ['Wednesday', '11:30AM–2:30PM'], ['Thursday', '11:30AM–2:30PM'], ['Friday', '11:30AM–2:30PM'], ['Saturday', '4:30–11PM']]"
0x89c3b2a4e9892a9d:0x563f230cecbf65b8,Sarku Japan Teriyaki & Sushi Express,"Sarku Japan Teriyaki & Sushi Express, 176A Elmora Ave, Elizabeth, NJ 07202",40.6633845,-74.23430239999999,"['Japanese restaurant', 'Asian restaurant', 'Fast food restaurant', 'Restaurant', 'Sushi restaurant', 'Teppanyaki restaurant']",4.4,403,$,"[['Sunday', '12–10PM'], ['Monday', '11AM–10PM'], ['Tuesday', '11AM–10PM'], ['Wednesday', '11AM–10PM'], ['Thursday', '11AM–10PM'], ['Friday', '11AM–10PM'], ['Saturday', '11AM–10PM']]"
0x89c3ad80f8164655:0xecc206ccfee5a07,Kyoto Sushi II(Union),"Kyoto Sushi II(Union), 347 Chestnut St, Union, NJ 07083",40.6783861,-74.26775959999999,"['Restaurant', 'Asian restaurant', 'Japanese restaurant', 'Sushi restaurant']",4.5,388,$$,"[['Sunday', '11AM–10PM'], ['Monday', '11AM–10PM'], ['Tuesday', '11AM–10PM'], ['Wednesday', '11AM–10PM'], ['Thursday', '11AM–10PM'], ['Friday', '11AM–10PM'], ['Saturday', '11AM–10PM']]"
0x89c3b0868022a681:0xb69ed567af314507,Osaka Japanese Restaurant,"Osaka Japanese Restaurant, 427 Park Ave, Scotch Plains, NJ 07076",40.6501376,-74.3971758,"['Restaurant', 'Japanese restaurant', 'Takeout Restaurant', 'Sushi restaurant']",4.2,133,$$,"[['Sunday', '12–10PM'], ['Monday', '11AM–10PM'], ['Tuesday', '11AM–10PM'], ['Wednesday', '11AM–10PM'], ['Thursday', '11AM–10PM'], ['Friday', '11AM–11PM'], ['Saturday', '11AM–11PM']]"
0x89c250b37841984b:0xf596e10cfb89a050,Ani Ramen,"Ani Ramen, 218 Newark Ave, Jersey City, NJ 07302",40.722246899999995,-74.0470504,"['Ramen restaurant', 'Asian fusion restaurant', 'Asian restaurant', 'Japanese restaurant', 'Restaurant', 'Soup restaurant']",4.4,1094,$$,"[['Sunday', '12–3PM'], ['Monday', '4PM–12AM'], ['Tuesday', '4PM–12AM'], ['Wednesday', '4PM–12AM'], ['Thursday', '4PM–12AM'], ['Friday', '12–3PM'], ['Saturday', '12–3PM']]"
0x89c6e0979edbd7eb:0xfef220a89ccd9043,Tokyo Mandarin,"Tokyo Mandarin, 525 Beckett Rd, Swedesboro, NJ 08085",39.759507,-75.354919,['Japanese restaurant'],4.4,248,$$,"[['Sunday', '11AM–10PM'], ['Monday', '11AM–10PM'], ['Tuesday', '11AM–10PM'], ['Wednesday', '11AM–10PM'], ['Thursday', '11AM–10PM'], ['Friday', '11AM–11PM'], ['Saturday', '11AM–11PM']]"
0x89c6d1d8b3b01231:0x3abdf9e824acb52,Tokyo Mandarin Chinese Restaurant & Sushi Bar,"Tokyo Mandarin Chinese Restaurant & Sushi Bar, 1907 Deptford Center Rd, Woodbury, NJ 08096",39.827852799999995,-75.0903618,"['Chinese restaurant', 'Asian restaurant', 'Japanese restaurant', 'Sushi restaurant']",4.1,197,,"[['Sunday', '11AM–9:30PM'], ['Monday', 'Closed'], ['Tuesday', '11AM–9:30PM'], ['Wednesday', '11AM–9:30PM'], ['Thursday', '11AM–9:30PM'], ['Friday', '11AM–10:30PM'], ['Saturday', '11AM–10:30PM']]"
0x89c3add806d5c9f3:0x3911c39f5efb882,Kosher Tokyo Hibachi,"Kosher Tokyo Hibachi, 238 Morris Ave, Springfield, NJ 07081",40.7113362,-74.3115583,"['Kosher restaurant', 'Japanese restaurant', 'Restaurant']",4.6,178,$$,"[['Sunday', '11:30AM–8PM'], ['Monday', '11:30AM–8PM'], ['Tuesday', '11:30AM–8PM'], ['Wednesday', '11:30AM–8PM'], ['Thursday', '11:30AM–8PM'], ['Friday', '11AM–3PM'], ['Saturday', 'Closed']]"
0x89c2ff4697a36d5f:0x1cfadae78747e2a9,Ooka Sushi Hibachi Lounge,"Ooka Sushi Hibachi Lounge, 166 Main Ave #200, Clifton, NJ 07014",40.8322667,-74.139918,"['Japanese restaurant', 'Steak house', 'Sushi restaurant']",4.3,1236,$$,"[['Sunday', '12–9:30PM'], ['Monday', '11:30AM–2:45PM'], ['Tuesday', '11:30AM–2:45PM'], ['Wednesday', '11:30AM–2:45PM'], ['Thursday', '11:30AM–2:45PM'], ['Friday', '11:30AM–2:45PM'], ['Saturday', '11:30AM–2:45PM']]"
0x89c2ff7cd7483d27:0x5625126fe15105e8,Ninja Sushi,"Ninja Sushi, 75 Washington Ave, Nutley, NJ 07110",40.808941,-74.1470196,['Japanese restaurant'],4.6,358,$$,"[['Sunday', 'Closed'], ['Monday', '11:30AM–10PM'], ['Tuesday', '11:30AM–10PM'], ['Wednesday', '11:30AM–10PM'], ['Thursday', '11:30AM–10PM'], ['Friday', '11:30AM–10:30PM'], ['Saturday', '12:30–10:30PM']]"
0x89c3ba7844e08361:0xd99befd1e48e67f0,Hibachi Grill & Supreme Buffet,"Hibachi Grill & Supreme Buffet, 1701 US-22, Watchung, NJ 07069",40.6487045,-74.4082183,"['Japanese restaurant', 'Buffet restaurant']",3.8,1178,$,"[['Sunday', '11AM–10PM'], ['Monday', '11AM–10PM'], ['Tuesday', '11AM–10PM'], ['Wednesday', '11AM–10PM'], ['Thursday', '11AM–10PM'], ['Friday', '11AM–10PM'], ['Saturday', '11AM–10PM']]"
0x89c250b6381f050d:0x65b3e78f078860c3,Kitakata Ramen Ban Nai,"Kitakata Ramen Ban Nai, 420 Grand St, Jersey City, NJ 07302",40.7185984,-74.05215749999999,"['Japanese restaurant', 'Restaurant']",4.2,46,,"[['Sunday', '10:30AM–8:30PM'], ['Monday', '11AM–8:30PM'], ['Tuesday', '11AM–8:30PM'], ['Wednesday', '11AM–8:30PM'], ['Thursday', '11AM–8:30PM'], ['Friday', '11AM–8:30PM'], ['Saturday', '10:30AM–8:30PM']]"
0x89c3e6c096c7b3f5:0x5da6881e7b831d66,Ajiten Princeton,"Ajiten Princeton, 11 Chambers St, Princeton, NJ 08542",40.3495871,-74.6625277,"['Japanese restaurant', 'Japanese curry restaurant', 'Ramen restaurant', 'Restaurant', 'Sushi restaurant']",4.2,118,$$,"[['Sunday', '5:30–9PM'], ['Monday', 'Closed'], ['Tuesday', '11:45AM–2PM'], ['Wednesday', '11:45AM–2PM'], ['Thursday', '11:45AM–2PM'], ['Friday', '11:45AM–2PM'], ['Saturday', '11:45AM–2PM']]"
0x89c3ac85be0b7bb5:0x4efbb67332e6e195,Sakura Teriyaki,"Sakura Teriyaki, 127 S Orange Ave, South Orange, NJ 07079",40.745581,-74.256596,"['Japanese restaurant', 'Sushi restaurant']",4.3,245,$,"[['Sunday', 'Closed'], ['Monday', '11AM–9:30PM'], ['Tuesday', '11AM–9:30PM'], ['Wednesday', '11AM–9:30PM'], ['Thursday', '11AM–9:30PM'], ['Friday', '11AM–9:30PM'], ['Saturday', '11AM–9:30PM']]"
0x89c3aa167c4df68f:0xd988755fb890a633,Kaze Sushi Takeout,"Kaze Sushi Takeout, 178 Eagle Rock Ave, Roseland, NJ 07068",40.8215597,-74.2946659,"['Takeout Restaurant', 'Japanese restaurant', 'Sushi restaurant']",4.3,73,,"[['Sunday', 'Closed'], ['Monday', '11AM–8PM'], ['Tuesday', '11AM–8PM'], ['Wednesday', '11AM–8PM'], ['Thursday', '11AM–8PM'], ['Friday', '11AM–8PM'], ['Saturday', 'Closed']]"
0x89c3032d4c5126c9:0x4158284338451057,Double Ai,"Double Ai, 107 Terhune Dr, Wayne, NJ 07470",40.993376,-74.275669,"['Chinese restaurant', 'Japanese restaurant', 'Restaurant', 'Thai restaurant']",4.4,358,$$,"[['Saturday', '1–9PM'], ['Sunday', '1–9PM'], ['Monday', 'Closed'], ['Tuesday', '1–9PM'], ['Wednesday', '1–9PM'], ['Thursday', '1–9PM'], ['Friday', '1–9PM']]"
0x89c2fca5a29869db:0x2ae2441791f7e025,Tani Sushi & Asian Grill,"Tani Sushi & Asian Grill, 206 Rock Rd, Glen Rock, NJ 07452",40.962375099999996,-74.132228,"['Asian restaurant', 'Chinese restaurant', 'Japanese restaurant', 'Sushi restaurant']",4.4,225,$$,
0x89c2348548230cd7:0xb682865a93c18ae2,Nakayama Sushi,"Nakayama Sushi, 745 Poole Ave #1724, Hazlet, NJ 07730",40.434624,-74.18146399999999,"['Sushi restaurant', 'Asian restaurant', 'Japanese restaurant', 'Restaurant']",4.2,318,$,"[['Saturday', '11AM–9:30PM'], ['Sunday', '12–9PM'], ['Monday', '11AM–9PM'], ['Tuesday', '11AM–9PM'], ['Wednesday', '11AM–9PM'], ['Thursday', '11AM–9PM'], ['Friday', '11AM–9:30PM']]"
0x89c301e5f8118ee5:0x886c1a91215f83b5,Sushi Lounge,"Sushi Lounge, 235 US-46, Totowa, NJ 07512",40.894422999999996,-74.22849699999999,"['Sushi restaurant', 'Bar', 'Japanese restaurant', 'Restaurant']",4.4,488,$$,"[['Saturday', '3–11:45PM'], ['Sunday', '3–9PM'], ['Monday', '3–10PM'], ['Tuesday', '3–10PM'], ['Wednesday', '3–11:45PM'], ['Thursday', '3–10PM'], ['Friday', '3–11:45PM']]"
0x89c2f64a5606cb39:0x9d3e2d129ac7672e,Mitsuwa Marketplace - New Jersey,"Mitsuwa Marketplace - New Jersey, 595 River Rd, Edgewater, NJ 07020",40.816191499999995,-73.98022399999999,"['Supermarket', 'Food court', 'Japanese grocery store', 'Japanese restaurant']",4.6,7760,,"[['Saturday', '9:30AM–8PM'], ['Sunday', '9:30AM–8PM'], ['Monday', '9:30AM–8PM'], ['Tuesday', '9:30AM–8PM'], ['Wednesday', '9:30AM–8PM'], ['Thursday', '9:30AM–8PM'], ['Friday', '9:30AM–8PM']]"
0x89c6cb952f77d351:0x1aa9ce2897ff2aac,Mr Sushi All You Can Eat,"Mr Sushi All You Can Eat, 2117 Rte 70 W, Cherry Hill, NJ 08002",39.920168499999996,-75.03708999999999,"['Restaurant', 'Japanese restaurant', 'Sushi restaurant']",4.4,768,$$,"[['Saturday', '11AM–10:30PM'], ['Sunday', '12–9:30PM'], ['Monday', '11AM–9:30PM'], ['Tuesday', '11AM–9:30PM'], ['Wednesday', '11AM–9:30PM'], ['Thursday', '11AM–9:30PM'], ['Friday', '11AM–10:30PM']]"
0x89c3b1cff6e71ae3:0x924d56a2d209f730,Arirang Hibachi Steakhouse,"Arirang Hibachi Steakhouse, 1230 Route 22 West, Mountainside, NJ 07092",40.6769584,-74.347521,"['Japanese steakhouse', 'Sushi restaurant']",4.4,1515,$$$,"[['Friday', '4:30–10:30PM'], ['Saturday', '4–10:30PM'], ['Sunday', '3–9PM'], ['Monday', '4:30–9:30PM'], ['Tuesday', '4:30–9:30PM'], ['Wednesday', '4:30–9:30PM'], ['Thursday', '4:30–9:30PM']]"
0x89c2fa778c791825:0xd172e8bbe34b0d9d,"POC American Fusion & Sushi - Hackensack, NJ","POC American Fusion & Sushi - Hackensack, NJ, 450 Hackensack Ave, Hackensack, NJ 07601",40.9098717,-74.03056,"['Buffet restaurant', 'Crab house', 'Dessert restaurant', 'Japanese restaurant', 'Restaurant', 'Seafood restaurant', 'Steak house', 'Sushi restaurant']",4.1,1371,$$,"[['Thursday', '11AM–9PM'], ['Friday', '11AM–9PM'], ['Saturday', '11AM–9PM'], ['Sunday', '11AM–9PM'], ['Monday', 'Closed'], ['Tuesday', '11AM–9PM'], ['Wednesday', '11AM–9PM']]"
0x89c3942ae8d0375d:0xb4ad0d24983960f3,KIKU,"KIKU, 2085 Burnt Mills Rd, Bedminster, NJ 07921",40.64665,-74.6417816,['Japanese restaurant'],4.3,175,$$,"[['Thursday', '11:30AM–3PM'], ['Friday', '11:30AM–3PM'], ['Saturday', '11:30AM–3PM'], ['Sunday', '2–9PM'], ['Monday', 'Closed'], ['Tuesday', '11:30AM–3PM'], ['Wednesday', '11:30AM–3PM']]"
0x89c46dbec7989bbf:0x1b31610b857b5425,Makoto Japanese Restaurant,"Makoto Japanese Restaurant, 596 Elder Ave, Phillipsburg, NJ 08865",40.6972707,-75.1829236,['Japanese restaurant'],4.4,202,$$,"[['Thursday', '12–2:30PM'], ['Friday', '12–2:30PM'], ['Saturday', '12–11PM'], ['Sunday', '12–10PM'], ['Monday', '12–2:30PM'], ['Tuesday', '12–2:30PM'], ['Wednesday', '12–2:30PM']]"
0x89c300ba79418a07:0x1cf24d306f8b5f29,Asian Delite,"Asian Delite, 893 Bloomfield Ave, West Caldwell, NJ 07006",40.853376,-74.3000915,"['Asian restaurant', 'Chinese restaurant', 'Japanese restaurant', 'Restaurant']",4.3,133,,"[['Thursday', '11:30AM–9PM'], ['Friday', '11:30AM–9PM'], ['Saturday', '11:30AM–9PM'], ['Sunday', '11:30AM–9PM'], ['Monday', '11:30AM–9PM'], ['Tuesday', '11:30AM–9PM'], ['Wednesday', '11:30AM–9PM']]"
