gmap_id,name,address,latitude,longitude,category,avg_rating,num_of_reviews,price,hours
0x88569ff5b3fb2451:0x8f675c4c61cc7712,Cuisine Malaya,"Cuisine Malaya, 8200 Providence Rd #400, Charlotte, NC 28204",35.0952753,-80.7791381,"['Japanese restaurant', 'Malaysian restaurant', 'Restaurant']",3.5,18,$$,"[['Tuesday', '11AM–3:30PM'], ['Wednesday', '11AM–3:30PM'], ['Thursday', '11AM–3:30PM'], ['Friday', '11AM–3:30PM'], ['Saturday', '5–11PM'], ['Sunday', '12–4:45PM'], ['Monday', 'Closed']]"
0x88510d3ae26cbe51:0x8d6b01d1b5d814fc,Kotohira Japanese Steak House,"Kotohira Japanese Steak House, 1206 River St, Wilkesboro, NC 28697",36.141725099999995,-81.1774459,['Japanese steakhouse'],4.5,18,,"[['Sunday', '11AM–9PM'], ['Monday', 'Closed'], ['Tuesday', '11AM–9PM'], ['Wednesday', '11AM–9PM'], ['Thursday', '11AM–9PM'], ['Friday', 'Closed'], ['Saturday', '11AM–9:30PM']]"
0x8854b4eb2d8be347:0x49c70a201dfc2fe7,Makoto Japanese Cuisine,"Makoto Japanese Cuisine, 1150 Old US Hwy 1, Southern Pines, NC 28387",35.1656733,-79.4067998,['Japanese restaurant'],4.2,36,$$,"[['Tuesday', '5–9PM'], ['Wednesday', '5–9PM'], ['Thursday', '5–9PM'], ['Friday', '5–9PM'], ['Saturday', '5–9PM'], ['Sunday', 'Closed'], ['Monday', 'Closed']]"
0x89a90f026552fc19:0xff7b9dfb53eeea54,Bonsai,"Bonsai, 1850 Wilmington Hwy, Jacksonville, NC 28540",34.735729,-77.4692785,"['Japanese restaurant', 'Sushi restaurant']",3.2,118,,"[['Saturday', '11AM–11PM'], ['Sunday', '11AM–10PM'], ['Monday', '11AM–10PM'], ['Tuesday', '11AM–10PM'], ['Wednesday', '11AM–10PM'], ['Thursday', '11AM–10PM'], ['Friday', '11AM–11PM']]"
0x88531a31d7c24a11:0xe1dad528d015a04e,Sakura Express,"Sakura Express, 352 4 Seasons Town Center Ent, Greensboro, NC 27407",36.0391145,-79.83820879999999,"['Asian restaurant', 'Japanese restaurant']",3.9,46,,"[['Friday', '11AM–7PM'], ['Saturday', '11AM–8PM'], ['Sunday', '12–6PM'], ['Monday', '11AM–7PM'], ['Tuesday', '11AM–7PM'], ['Wednesday', '11AM–7PM'], ['Thursday', '11AM–7PM']]"
0x86335a40a7288859:0x341f532c39ac26ba,Mitchikia Japanese Steakhouse & Sushi Bar,"Mitchikia Japanese Steakhouse & Sushi Bar, 1571 US-70, Garner, NC 27529",35.72446,-78.64810899999999,"['Steak house', 'Chinese restaurant', 'Japanese restaurant', 'Japanese steakhouse', 'Sushi restaurant']",3.8,14,,"[['Friday', '11:30AM–2PM'], ['Saturday', '3–10:30PM'], ['Sunday', '12–9PM'], ['Monday', '11:30AM–2PM'], ['Tuesday', '11:30AM–2PM'], ['Wednesday', '11:30AM–2PM'], ['Thursday', '11:30AM–2PM']]"
0x885405d064468783:0x4576bdeb13c91680,Poke n' Ramen 360,"Poke n' Ramen 360, food court outlet 8111, Concord Mills Boulevard #240, Concord, NC 28027",35.3700689,-80.7239298,"['Japanese sweets restaurant', 'Restaurant']",4.1,28,,"[['Thursday', '11AM–7PM'], ['Friday', '11AM–7PM'], ['Saturday', '11AM–7PM'], ['Sunday', '12–6PM'], ['Monday', '11AM–7PM'], ['Tuesday', '11AM–7PM'], ['Wednesday', '11AM–7PM']]"
0x89aabe30a84edb47:0x192be5aa6a70bcd8,Yokos Hibachi,"Yokos Hibachi, 1092 Main St, Fair Bluff, NC 28439",34.3141252,-79.03562289999999,['Japanese restaurant'],4.6,18,,"[['Monday', '11AM–9:30PM'], ['Tuesday', '11AM–9:30PM'], ['Wednesday', '11AM–9:30PM'], ['Thursday', '11AM–9:30PM'], ['Friday', '11AM–9:30PM'], ['Saturday', '11AM–9:30PM'], ['Sunday', 'Closed']]"
0x89aedd51ff81eaa1:0x6cd61169c18315c6,Ichiban Xpress,"Ichiban Xpress, 310 E Arlington Blvd, Greenville, NC 27858",35.5868138,-77.37275319999999,"['Japanese restaurant', 'Asian restaurant']",4.5,18,,"[['Saturday', '11AM–9:30PM'], ['Sunday', '12–9PM'], ['Monday', '11AM–9:30PM'], ['Tuesday', '11AM–9:30PM'], ['Wednesday', '11AM–9:30PM'], ['Thursday', '11AM–9:30PM'], ['Friday', '11AM–9:30PM']]"
0x89a8924f7eea2cad:0x6d47c56ef307f345,California Roll Cafe,"California Roll Cafe, 1010 W Fort Macon Rd #25, Atlantic Beach, NC 28512",34.7019453,-76.7537613,"['Japanese restaurant', 'Asian fusion restaurant', 'Asian restaurant', 'Bar', 'Cafe', 'Restaurant', 'Sushi restaurant']",3.7,8,$$,"[['Saturday', '12:30–9:30PM'], ['Sunday', '5–9:30PM'], ['Monday', '12:30–9:30PM'], ['Tuesday', '12:30–9:30PM'], ['Wednesday', '12:30–9:30PM'], ['Thursday', '12:30–9:30PM'], ['Friday', '12:30–9:30PM']]"
0x8852c38cb06f86c9:0xdf0519737c6f6638,Okoku's Food Truck,"Okoku's Food Truck, 1110 S Scales St, Reidsville, NC 27320",36.346337999999996,-79.66543,['Japanese restaurant'],5.0,18,,"[['Thursday', '11:59AM–8PM'], ['Friday', '11:59AM–8PM'], ['Saturday', '11:59AM–8PM'], ['Sunday', 'Closed'], ['Monday', '11:59AM–8PM'], ['Tuesday', '11:59AM–8PM'], ['Wednesday', '11:59AM–8PM']]"
0x88541db386e5912f:0x4a1c49422f36f277,Rolo Poke,"Rolo Poke, 9605 N Tryon St suite s, Charlotte, NC 28262",35.317242799999995,-80.7402319,"['Ice cream shop', 'Bubble tea store', 'Japanese restaurant']",4.4,45,,"[['Thursday', '11:30AM–9:30PM'], ['Friday', '11:30AM–10PM'], ['Saturday', '11:30AM–10PM'], ['Sunday', '12–9:30PM'], ['Monday', '11:30AM–9:30PM'], ['Tuesday', '11:30AM–9:30PM'], ['Wednesday', '11:30AM–9:30PM']]"
0x89aae0a4fa28692b:0x53c3cc24fe325a97,Tokyo's Express,"Tokyo's Express, 2716 N Roberts Ave, Lumberton, NC 28358",34.645399999999995,-79.0098,"['Japanese restaurant', 'Asian restaurant']",4.1,48,,"[['Tuesday', '11AM–9PM'], ['Wednesday', '11AM–9PM'], ['Thursday', '11AM–9PM'], ['Friday', '11AM–9PM'], ['Saturday', '11AM–9PM'], ['Sunday', 'Closed'], ['Monday', '11AM–9PM']]"
0x8856a026287ee2f7:0x8831ad015b73ceac,Suki Akor Japanese Steak and Sushi,"Suki Akor Japanese Steak and Sushi, 401 E M.L.K. Jr Blvd, Charlotte, NC 28202",35.2222836,-80.8429604,"['Japanese steakhouse', 'Sushi restaurant']",4.5,28,,"[['Tuesday', '11AM–10PM'], ['Wednesday', '11AM–10PM'], ['Thursday', '11AM–10PM'], ['Friday', '11AM–12AM'], ['Saturday', '5PM–12AM'], ['Sunday', '4–9PM'], ['Monday', '11AM–10PM']]"
0x885699c41ae905f5:0x398d6efb8d5f003b,UMI Teriyaki & Sushi,"UMI Teriyaki & Sushi, Charlotte, NC 28278",35.1690077,-80.969313,['Japanese restaurant'],2.5,13,,"[['Monday', '11:30AM–6PM'], ['Tuesday', '11:30AM–6PM'], ['Wednesday', '11:30AM–6PM'], ['Thursday', '11:30AM–6PM'], ['Friday', '11:30AM–6PM'], ['Saturday', '11:30AM–6:30PM'], ['Sunday', '11:30AM–6PM']]"
0x885368cc89639c7d:0x50d344d424c6862c,Bamboo Garden Restaurant,"Bamboo Garden Restaurant, 801 W Dixie Dr, Asheboro, NC 27205",35.686383899999996,-79.82694599999999,"['Chinese restaurant', 'Asian restaurant', 'Japanese restaurant', 'Restaurant', 'Thai restaurant', 'Vietnamese restaurant']",2.4,18,,"[['Saturday', '11AM–10PM'], ['Sunday', '11AM–10PM'], ['Monday', 'Closed'], ['Tuesday', '11AM–10PM'], ['Wednesday', '11AM–10PM'], ['Thursday', '11AM–10PM'], ['Friday', '11AM–10PM']]"
0x89ab6bf197e6ec11:0xaed794ab6906040b,Asian Cuisine (Yadkin Rd),"North Carolina, Fayetteville, Yadkin Rd, Asian Cuisine (Yadkin Rd)邮政编码: 28303",35.088663499999996,-78.9809198,['Japanese restaurant'],4.6,87,,"[['Friday', '11AM–10PM'], ['Saturday', '11AM–10PM'], ['Sunday', '12–10PM'], ['Monday', 'Closed'], ['Tuesday', '11AM–10PM'], ['Wednesday', '11AM–10PM'], ['Thursday', '11AM–10PM']]"
0x89ac8dd71185be65:0x8afeac6b851f3d93,Akami Sushi Bar,"Akami Sushi Bar, 1561 E Williams St, Apex, NC 27539",35.7068474,-78.8354516,"['Sushi restaurant', 'Chinese noodle restaurant', 'Chinese restaurant', 'Chinese takeaway', 'Japanese restaurant', 'Ramen restaurant', 'Restaurant', 'Seafood restaurant', 'Sushi takeaway']",5.0,38,,"[['Wednesday', '11:30AM–2:30PM'], ['Thursday', '11:30AM–2:30PM'], ['Friday', '11:30AM–2:30PM'], ['Saturday', '12–10:30PM'], ['Sunday', 'Closed'], ['Monday', '11:30AM–2:30PM'], ['Tuesday', '11:30AM–2:30PM']]"
0x88530ac899c1869f:0x9348f3e1da5ed800,Fairway One Stop,"Fairway One Stop, 1055 Randolph St, Thomasville, NC 27360",35.861848099999996,-80.0718088,"['Gas station', 'Convenience store', 'Japanese restaurant']",3.2,5,,"[['Sunday', '11AM–10PM'], ['Monday', '11AM–10PM'], ['Tuesday', '11AM–10PM'], ['Wednesday', '11AM–10PM'], ['Thursday', '11AM–10PM'], ['Friday', '11AM–10PM'], ['Saturday', '11AM–10PM']]"
0x8853293729f2b4a7:0x3020272b6a338574,Umami Japanese Steakhouse and Sushi,"Umami Japanese Steakhouse and Sushi, 3123 Garden Rd d, Burlington, NC 27215",36.070955999999995,-79.4968233,"['Japanese steakhouse', 'Bar', 'Japanese restaurant', 'Sushi restaurant']",3.9,18,$$,"[['Friday', '11AM–11PM'], ['Saturday', '11AM–11PM'], ['Sunday', '11AM–9:30PM'], ['Monday', 'Closed'], ['Tuesday', 'Closed'], ['Wednesday', '11AM–10PM'], ['Thursday', '11AM–10PM']]"
0x89aced2b8972ecf7:0xbf3053cc7dba9c7,Masa Sushi & Ramen,"Masa Sushi & Ramen, 2757 NC-55, Cary, NC 27519",35.7858601,-78.8727869,['Japanese restaurant'],4.8,106,,"[['Thursday', '11AM–9:30PM'], ['Friday', '11AM–10:30PM'], ['Saturday', '11AM–10:30PM'], ['Sunday', '11AM–9:30PM'], ['Monday', 'Closed'], ['Tuesday', '11AM–9:30PM'], ['Wednesday', '11AM–9:30PM']]"
0x89adb56468361423:0x79afc437f834c9b8,Fuji Express,"Fuji Express, 505 Retail Way Suite 102, Louisburg, NC 27549",36.082659199999995,-78.318876,"['Restaurant', 'Chinese restaurant', 'Japanese restaurant']",4.2,28,,"[['Tuesday', '11AM–9PM'], ['Wednesday', '11AM–9PM'], ['Thursday', '11AM–9PM'], ['Friday', '11AM–9PM'], ['Saturday', '11AM–9PM'], ['Sunday', 'Closed'], ['Monday', '11AM–9PM']]"
0x8857616522374bb5:0x736ee474246af902,Fuji Express,"Fuji Express, 401 W Mills St, Columbus, NC 28722",35.246916999999996,-82.2043462,['Japanese restaurant'],4.3,48,,"[['Sunday', '11AM–9PM'], ['Monday', 'Closed'], ['Tuesday', '11AM–9PM'], ['Wednesday', '11AM–9PM'], ['Thursday', '11AM–9PM'], ['Friday', '11AM–9:30PM'], ['Saturday', '11AM–9:30PM']]"
0x88569f8f18194791:0x379df15bd0a98cfc,Park Sushi,"Park Sushi, 6601 Morrison Blvd, Charlotte, NC 28211",35.1538818,-80.827831,"['Japanese restaurant', 'Sushi restaurant']",4.9,28,,"[['Sunday', 'Closed'], ['Monday', '11AM–2:30PM'], ['Tuesday', '11AM–2:30PM'], ['Wednesday', '11AM–2:30PM'], ['Thursday', '11AM–2:30PM'], ['Friday', '11AM–2:30PM'], ['Saturday', '11AM–2:30PM']]"
0x89abbfd372641489:0x16becd9c02e7881e,Ichiban,"Ichiban, 1115 Sunset Ave, Clinton, NC 28328",34.9919444,-78.34166669999999,"['Buffet restaurant', 'Asian restaurant', 'Japanese restaurant']",4.0,64,,"[['Saturday', '11:30AM–9PM'], ['Sunday', '11:30AM–9PM'], ['Monday', '11:30AM–9PM'], ['Tuesday', 'Closed'], ['Wednesday', '11:30AM–9PM'], ['Thursday', '11:30AM–9PM'], ['Friday', '11:30AM–9PM']]"
0x89ae876f58b29fb9:0x53d0ebd6bf870a15,Tokyo Cafe,"Tokyo Cafe, 1100 N Wesleyan Blvd # 8008, Rocky Mount, NC 27804",35.9752419,-77.806116,"['Cafe', 'Asian restaurant', 'Japanese restaurant']",4.0,6,,"[['Friday', '10AM–9PM'], ['Saturday', '10AM–9PM'], ['Sunday', '1–6PM'], ['Monday', '10AM–9PM'], ['Tuesday', '10AM–9PM'], ['Wednesday', '10AM–9PM'], ['Thursday', '10AM–9PM']]"
0x89ab952c6d07bde1:0xecc6612813815604,Tokyo’s Express,"Tokyo’s Express, 341 Northeast Blvd, Clinton, NC 28328",35.0094408,-78.3178619,['Japanese restaurant'],4.1,14,,
0x8859f373dd350a75:0x7684e795d811a98,Teriyaki Japan,"Teriyaki Japan, 3 S Tunnel Rd, Asheville, NC 28805",35.5792757,-82.52544329999999,['Japanese restaurant'],3.7,58,$,"[['Friday', '11AM–8PM'], ['Saturday', '11AM–8PM'], ['Sunday', '12–6PM'], ['Monday', '11AM–7PM'], ['Tuesday', '11AM–7PM'], ['Wednesday', '11AM–7PM'], ['Thursday', '11AM–7PM']]"
0x8853a466502ade8f:0xd78db6b58dd84531,Sakura Japanese Restaurant,"Sakura Japanese Restaurant, 11173 Old U.S. Hwy 52, Winston-Salem, NC 27107",35.9663464,-80.2237724,['Japanese restaurant'],4.3,7,,
0x8854b4fc22f7ff25:0x5cbec12c42eba19,Mt. Fuji,"Mt. Fuji, Town and Country Shopping Center, 1379 N Sandhills Blvd, Aberdeen, NC 28315",35.1497001,-79.41936489999999,['Japanese restaurant'],4.3,73,$$,"[['Friday', '11AM–2PM'], ['Saturday', '5–10PM'], ['Sunday', '11:30AM–2PM'], ['Monday', 'Closed'], ['Tuesday', '11:30AM–2PM'], ['Wednesday', '11:30AM–2PM'], ['Thursday', '11:30AM–2PM']]"
0x89aa07528806fdcb:0x4a5643090a01a6da,Kyo Express,"Kyo Express, 1131 N Atlantic Ave, Southport, NC 28461",33.932396,-78.02236099999999,['Japanese restaurant'],4.5,6,,"[['Monday', '11AM–9PM'], ['Tuesday', '11AM–9PM'], ['Wednesday', '11AM–9PM'], ['Thursday', '11AM–9PM'], ['Friday', '11AM–9PM'], ['Saturday', '11AM–9PM'], ['Sunday', '11AM–9PM']]"
0x88531d95222f2575:0x99f651bc8ba8443b,Nagoya Japan,"Nagoya Japan, 2209 Fleming Rd, Greensboro, NC 27410",36.125228,-79.9047289,['Japanese restaurant'],4.0,28,,"[['Monday', '11AM–9:30PM'], ['Tuesday', '11AM–9:30PM'], ['Wednesday', '11AM–9:30PM'], ['Thursday', '11AM–9:30PM'], ['Friday', '11AM–10PM'], ['Saturday', '11AM–10PM'], ['Sunday', 'Closed']]"
0x89ac53dddeb90a9d:0xa6ce15279f97eb25,Hatsu Sushi,"Hatsu Sushi, 927 Durham Rd #107, Wake Forest, NC 27587",35.9760764,-78.54084139999999,"['Asian restaurant', 'Japanese restaurant', 'Sushi restaurant', 'Thai restaurant']",4.3,8,,
0x88540f3d94ff0af5:0x56470712691e407a,Sogo,"Sogo, 1480 Concord Pkwy N, Concord, NC 28025",35.4404223,-80.6027301,['Japanese restaurant'],3.9,34,,"[['Friday', '11AM–8:30PM'], ['Saturday', '11AM–8:30PM'], ['Sunday', '12–6PM'], ['Monday', '11AM–8:30PM'], ['Tuesday', '11AM–8:30PM'], ['Wednesday', '11AM–8:30PM'], ['Thursday', '11AM–8:30PM']]"
0x8853f374b284d34d:0x8634069a9af445aa,Niyoshi Express,"Niyoshi Express, 817 Jake Alexander Blvd S, Salisbury, NC 28147",35.6433233,-80.4850761,['Japanese restaurant'],4.3,124,,"[['Thursday', '11AM–8PM'], ['Friday', '11AM–8PM'], ['Saturday', '11AM–8PM'], ['Sunday', '11AM–8PM'], ['Monday', '11AM–8PM'], ['Tuesday', '11AM–8PM'], ['Wednesday', '11AM–8PM']]"
0x88531f9b28f6a7ed:0xd8e46fd4fff8c042,Mr kirin Japanese kitchen,"Mr kirin Japanese kitchen, 2920 Martinsville Rd Ste F, Greensboro, NC 27408",36.1166341,-79.8287063,['Japanese restaurant'],4.9,25,,"[['Wednesday', '11AM–10PM'], ['Thursday', '11AM–10PM'], ['Friday', '11AM–10PM'], ['Saturday', '11AM–10PM'], ['Sunday', '12–10PM'], ['Monday', '11AM–10PM'], ['Tuesday', '11AM–10PM']]"
0x8856a02ede9752a3:0x7ac1f3e72d9f5e9c,Fujiyama Restaurant Charlotte,"Fujiyama Restaurant Charlotte, 320 S Tryon St #117, Charlotte, NC 28202",35.225353999999996,-80.846147,"['Japanese restaurant', 'Fusion restaurant', 'Korean restaurant']",4.7,38,$$,"[['Wednesday', '11AM–3PM'], ['Thursday', '11AM–3PM'], ['Friday', '11AM–3PM'], ['Saturday', 'Closed'], ['Sunday', 'Closed'], ['Monday', '11AM–3PM'], ['Tuesday', '11AM–3PM']]"
0x89acedf0be049cbb:0x514d3152d7eca52,Zebon Hibachi,"North Carolina, Morrisville, Davis Dr, Zebon Hibachi邮政编码: 27560",35.8174261,-78.8456824,['Japanese restaurant'],4.1,24,,"[['Wednesday', '11AM–2PM'], ['Thursday', '5AM–8PM'], ['Friday', '11AM–2PM'], ['Saturday', '11AM–2PM'], ['Sunday', 'Closed'], ['Monday', '11AM–2PM'], ['Tuesday', '11AM–2PM']]"
0x88531914832b19ad:0x5d3c5881a682037e,Fuji II Asian Food Express,"Fuji II Asian Food Express, 2338 Randleman Rd, Greensboro, NC 27406",36.0413901,-79.8012645,"['Mandarin restaurant', 'Japanese restaurant']",4.3,65,$$,"[['Wednesday', '11:30AM–10PM'], ['Thursday', '11:30AM–10PM'], ['Friday', '11:30AM–10:30PM'], ['Saturday', '11:30AM–10:30PM'], ['Sunday', '12–10PM'], ['Monday', '11:30AM–10PM'], ['Tuesday', '11:30AM–10PM']]"
0x89a9f522115abcdd:0x67f63ee627772dae,Sakura Japanese Restaurant,"Sakura Japanese Restaurant, 125 S Kerr Ave, Wilmington, NC 28403",34.238825,-77.88882199999999,"['Japanese restaurant', 'Restaurant']",4.3,58,,"[['Monday', '11AM–9:30PM'], ['Tuesday', '11AM–9:30PM'], ['Wednesday', '11AM–9:30PM'], ['Thursday', '11AM–9:30PM'], ['Friday', '11AM–10PM'], ['Saturday', '11AM–10PM'], ['Sunday', '11AM–9:30PM']]"
0x89ab149d8f4e2ad7:0xb88cb590b34c1272,Kyoto Express,"Kyoto Express, 1808 Owen Dr, Fayetteville, NC 28304",35.0282702,-78.9306387,['Kyoto style Japanese restaurant'],3.8,68,,"[['Sunday', 'Closed'], ['Monday', '11AM–8PM'], ['Tuesday', '11AM–8PM'], ['Wednesday', '11AM–8PM'], ['Thursday', '11AM–8PM'], ['Friday', '11:30AM–8PM'], ['Saturday', '12–8PM']]"
0x8859f3d736d6225f:0xb34e9583f2ae75f7,Miyako House,"Miyako House, 122 College St, Asheville, NC 28801",35.5959372,-82.55051069999999,"['Japanese restaurant', 'Japanese curry restaurant']",5.0,88,,"[['Thursday', '10:30AM–9:30PM'], ['Friday', '10:30AM–10:30PM'], ['Saturday', '10:30AM–10:30PM'], ['Sunday', '4–9:30PM'], ['Monday', '10:30AM–9:30PM'], ['Tuesday', '10:30AM–9:30PM'], ['Wednesday', '10:30AM–9:30PM']]"
0x8854e796d92e7ac7:0x483ec7d8ffcaf9ef,Ichiban Buffet,"Ichiban Buffet, 905 E Broad Ave, Rockingham, NC 28379",34.9275616,-79.7576034,"['Japanese restaurant', 'Restaurant']",3.6,155,$,"[['Tuesday', '11AM–9PM'], ['Wednesday', '11AM–9PM'], ['Thursday', '11AM–9PM'], ['Friday', '11AM–10PM'], ['Saturday', '11AM–10PM'], ['Sunday', '11:30AM–9PM'], ['Monday', '11AM–9PM']]"
0x885a185d89772eb7:0x5087d071a806995e,Osaka Japanese Restaurant,"Osaka Japanese Restaurant, 611 Carl Eller Rd, Mars Hill, NC 28754",35.8216137,-82.5398672,"['Japanese restaurant', 'Restaurant']",3.9,143,$,"[['Tuesday', '11AM–8PM'], ['Wednesday', '11AM–8PM'], ['Thursday', '11AM–8PM'], ['Friday', '11AM–8PM'], ['Saturday', '11AM–8PM'], ['Sunday', '11AM–8PM'], ['Monday', '11AM–8PM']]"
0x88541fe537292be7:0x87140305d8e79e8d,Sosu,"Sosu, 3718 Central Ave Suite B, Charlotte, NC 28205",35.2153074,-80.78128149999999,"['Ramen restaurant', 'Japanese restaurant', 'Restaurant']",4.5,18,,"[['Tuesday', 'Closed'], ['Wednesday', 'Closed'], ['Thursday', '5–10PM'], ['Friday', '5–10PM'], ['Saturday', '5–10PM'], ['Sunday', '5–9PM'], ['Monday', 'Closed']]"
0x88541ca8c6d6904b:0xcd8b0b1ba69e730b,Yama Sushi & Grill,"Yama Sushi & Grill, 8455 Pit Stop Ct NW, Concord, NC 28027, United States",35.374714,-80.726066,"['Japanese restaurant', 'Asian restaurant', 'Sushi restaurant']",4.1,423,$$,"[['Tuesday', '4:30–9PM'], ['Wednesday', '4:30–9PM'], ['Thursday', '4:30–9PM'], ['Friday', '4:30–9PM'], ['Saturday', '4:30–9PM'], ['Sunday', '4:30–9PM'], ['Monday', '4:30–9PM']]"
0x89aa19759500f2fd:0x3961d75897eb8c0d,Hibachi Bistro,"Hibachi Bistro, 1132 New Pointe Blvd STE 6, Leland, NC 28451",34.2128574,-78.0214065,['Japanese restaurant'],3.6,48,,"[['Monday', '11AM–9:30PM'], ['Tuesday', '11AM–9:30PM'], ['Wednesday', '11AM–9:30PM'], ['Thursday', '11AM–9:30PM'], ['Friday', '11AM–10PM'], ['Saturday', '11AM–10PM'], ['Sunday', '12–9:30PM']]"
0x89a52ed1b506aa51:0xc92d421126dd3215,BuddhaLicious,"BuddhaLicious, 887 Albacore St, Corolla, NC 27927",36.3274981,-75.8154243,"['Asian fusion restaurant', 'Cambodian restaurant', 'Chinese restaurant', 'Filipino restaurant', 'Indian restaurant', 'Japanese restaurant', 'Korean restaurant', 'Restaurant', 'Sushi restaurant', 'Vietnamese restaurant']",4.5,33,,
0x89ac598d0dfadf6d:0xaff4640f355b4798,Little Tokyo,"Little Tokyo, Raleigh, NC 27616",35.867052799999996,-78.5750917,['Japanese restaurant'],3.7,27,,
0x89acf647257d1c81:0x4d1f6f45f738fc3d,Sarku Japan,"Sarku Japan, 4325 Glenwood Avenue Space #2053, Raleigh, NC 27612",35.839698299999995,-78.678426,"['Japanese restaurant', 'Asian restaurant', 'Fast food restaurant', 'Restaurant', 'Sushi restaurant', 'Teppanyaki restaurant']",2.5,78,$,"[['Sunday', '12–6PM'], ['Monday', '11AM–8PM'], ['Tuesday', '11AM–8PM'], ['Wednesday', '11AM–8PM'], ['Thursday', '11AM–8PM'], ['Friday', '11AM–8PM'], ['Saturday', '11AM–8PM']]"
0x89ac61a5eaf1c96f:0x725fb507b1fccbec,Sakura 8,"Sakura 8, 2634 Timber Dr, Garner, NC 27529",35.7147948,-78.6358156,"['Japanese restaurant', 'Restaurant']",4.1,57,,"[['Saturday', '11AM–10PM'], ['Sunday', 'Closed'], ['Monday', '11AM–9:30PM'], ['Tuesday', '11AM–9:30PM'], ['Wednesday', '11AM–9:30PM'], ['Thursday', '11AM–9:30PM'], ['Friday', '11AM–10PM']]"
0x89a4e349410a1117:0x88581eadba288940,PokeBox,"PokeBox, 2236 S Croatan Hwy, Nags Head, NC 27959",35.9887361,-75.6473116,"['Hawaiian restaurant', 'Japanese restaurant']",4.8,45,,"[['Saturday', '11AM–9PM'], ['Sunday', 'Closed'], ['Monday', '11AM–9PM'], ['Tuesday', '11AM–9PM'], ['Wednesday', '11AM–9PM'], ['Thursday', '11AM–9PM'], ['Friday', '11AM–9PM']]"
0x89ace5dea8936c1b:0xfe684481f15fc69c,New Tokyo,"New Tokyo, 3822 S Roxboro St, Durham, NC 27713, United States",35.94937,-78.9234055,['Japanese restaurant'],4.3,266,$,"[['Saturday', '11AM–10PM'], ['Sunday', '11AM–10PM'], ['Monday', '11AM–10PM'], ['Tuesday', '11AM–10PM'], ['Wednesday', '11AM–10PM'], ['Thursday', '11AM–10PM'], ['Friday', '11AM–10PM']]"
0x88530584bcc4e5e1:0xb62c945e560f5cc9,Taste of Asia,"Taste of Asia, 3793 Samet Dr Unit # 180, High Point, NC 27265",36.025071,-79.97061699999999,"['Japanese restaurant', 'Asian restaurant', 'Japanese steakhouse', 'Sushi restaurant']",4.5,118,$$,"[['Saturday', '4:30–10PM'], ['Sunday', '12–9PM'], ['Monday', '11AM–2:30PM'], ['Tuesday', '11AM–2:30PM'], ['Wednesday', '11AM–2:30PM'], ['Thursday', '11AM–2:30PM'], ['Friday', '11AM–2:30PM']]"
0x88530c3420b7571b:0xad5ef0af14af31cb,Okinawa Restaurant,"Okinawa Restaurant, 10948 N Main St A, Archdale, NC 27263",35.9121251,-79.9701303,['Japanese restaurant'],4.4,68,,"[['Friday', '11AM–9PM'], ['Saturday', '11AM–9PM'], ['Sunday', 'Closed'], ['Monday', 'Closed'], ['Tuesday', '11AM–9PM'], ['Wednesday', '11AM–9PM'], ['Thursday', '11AM–9PM']]"
0x89a9f5aa7ad1e033:0xcc467a5cdc825cbc,Ichiban Express Hibachi Grill,"Ichiban Express Hibachi Grill, 4608 Maple Ave, Wilmington, NC 28403",34.2149362,-77.8852885,"['Asian restaurant', 'Chinese restaurant', 'Fast food restaurant', 'Japanese restaurant', 'Delivery Restaurant', 'Takeout Restaurant']",4.0,166,$,"[['Thursday', '11:30AM–10PM'], ['Friday', '11:30AM–10PM'], ['Saturday', '11:30AM–10PM'], ['Sunday', '11:30AM–10PM'], ['Monday', '11:30AM–10PM'], ['Tuesday', '11:30AM–10PM'], ['Wednesday', '11:30AM–10PM']]"
0x89a9f4d81a066aff:0xa6a49ca665ad37ae,Mizuki Japan,"Mizuki Japan, 4712 New Centre Dr #101, Wilmington, NC 28405",34.247291499999996,-77.8818817,['Japanese restaurant'],4.6,168,,"[['Wednesday', '11AM–9PM'], ['Thursday', '11AM–9PM'], ['Friday', '11AM–9PM'], ['Saturday', '11AM–9PM'], ['Sunday', '12–9PM'], ['Monday', '11AM–9PM'], ['Tuesday', 'Closed']]"
0x89ac584f007cf6fd:0x729b755d74f25093,Carolina Sushi and Roll,"Carolina Sushi and Roll, 5951 Poyner Village Pkwy # 107, Raleigh, NC 27616, United States",35.8649852,-78.5705519,"['Asian restaurant', 'Japanese restaurant', 'Korean restaurant']",4.5,248,₩₩,"[['Tuesday', '11:30AM–2:30PM'], ['Wednesday', '11:30AM–2:30PM'], ['Thursday', '11:30AM–2:30PM'], ['Friday', '11:30AM–2:30PM'], ['Saturday', '11:30AM–2:30PM'], ['Sunday', 'Closed'], ['Monday', '11:30AM–2:30PM']]"
0x8856a6fefee96d0f:0x50adb963dec81671,Edomae Sushi & Hibachi Grill,"Edomae Sushi & Hibachi Grill, 9739 Northlake Centre Pkwy Ste J, Charlotte, NC 28216, United States",35.3482262,-80.85941009999999,"['Restaurant', 'Asian restaurant', 'Japanese restaurant', 'Sushi restaurant']",3.9,308,₩₩,"[['Tuesday', '11AM–9:45PM'], ['Wednesday', '11AM–9:45PM'], ['Thursday', '11AM–9:45PM'], ['Friday', '11AM–10:15PM'], ['Saturday', '11AM–10:15PM'], ['Sunday', '11:30AM–9:45PM'], ['Monday', '11AM–9:45PM']]"
0x89aca7b623904985:0x7dfc9422e240e6ff,teriyaki express,"teriyaki express, 2610 S Horner Blvd, Sanford, NC 27332",35.458014299999995,-79.14407159999999,"['Japanese restaurant', 'Asian restaurant', 'Chinese noodle restaurant', 'Fast food restaurant', 'Restaurant', 'Rice restaurant']",4.7,67,,"[['Monday', '11AM–9PM'], ['Tuesday', '11AM–9PM'], ['Wednesday', '11AM–9PM'], ['Thursday', '11AM–9PM'], ['Friday', '11AM–9PM'], ['Saturday', '11AM–9PM'], ['Sunday', 'Closed']]"
0x89acf34fbbc40bfd:0xb99445fdda38a820,MARU,"MARU, 6404 Трион-роуд, Cary, NC 27518",35.7445708,-78.76094239999999,"['Restaurant', 'Japanese restaurant']",4.2,18,,"[['Sunday', 'Closed'], ['Monday', '11AM–2PM'], ['Tuesday', '11AM–2PM'], ['Wednesday', '11AM–2PM'], ['Thursday', '11AM–2PM'], ['Friday', '11AM–2PM'], ['Saturday', '5–10PM']]"
0x89ac6d5f45e9bed1:0x85a47393d4154a79,Smithfield Hibachi Buffet,"Smithfield Hibachi Buffet, 1273 N Brightleaf Blvd, Smithfield, NC 27577",35.520331999999996,-78.3113661,"['Buffet restaurant', 'Asian restaurant', 'Japanese restaurant', 'Sushi restaurant']",2.9,28,,"[['Sunday', '11AM–9PM'], ['Monday', '11AM–9PM'], ['Tuesday', '11AM–9PM'], ['Wednesday', '11AM–9PM'], ['Thursday', '11AM–9PM'], ['Friday', '11AM–10PM'], ['Saturday', '11AM–10PM']]"
0x8854b4e537b3382b:0xdfcc00f0ecbcf015,Tokyo Express,"Tokyo Express, 1822 N Sandhills Blvd, Aberdeen, NC 28315",35.154627,-79.413591,['Japanese restaurant'],4.1,114,,"[['Sunday', '11AM–9PM'], ['Monday', '11AM–9PM'], ['Tuesday', '11AM–9PM'], ['Wednesday', '11AM–9PM'], ['Thursday', '11AM–9PM'], ['Friday', '11AM–9PM'], ['Saturday', '11AM–9PM']]"
0x88541ca773cf6fe3:0x38464ccd14405b3f,Maki Of Japan,"Maki Of Japan, Concord, NC 28027",35.369651,-80.7236136,['Japanese restaurant'],2.4,44,,"[['Sunday', '12:30–2:30PM'], ['Monday', '11:30AM–4PM'], ['Tuesday', '11:30AM–4PM'], ['Wednesday', '11:30AM–9PM'], ['Thursday', '11:30AM–9PM'], ['Friday', '11:30AM–9PM'], ['Saturday', '12:30–9PM']]"
0x89ab14a405025e8b:0x74c0af037398614e,Wasabi Japanese Restaurant,"Wasabi Japanese Restaurant, 144 Owen Dr, Fayetteville, NC 28304, United States",35.0428984,-78.9349857,['Japanese restaurant'],4.5,238,₩₩,"[['Saturday', '11:30AM–10PM'], ['Sunday', 'Closed'], ['Monday', '11:30AM–2:30PM'], ['Tuesday', '11:30AM–2:30PM'], ['Wednesday', '11:30AM–2:30PM'], ['Thursday', '11:30AM–2:30PM'], ['Friday', '11:30AM–2:30PM']]"
0x8850f0913a671253:0x7f5ec5c24c7c06c3,Phan's Japanese Express,"Phan's Japanese Express, 1856 North Carolina Hwy 105 Bypass, Boone, NC 28607",36.2085936,-81.70654979999999,['Japanese restaurant'],5.0,28,,"[['Saturday', '11AM–7PM'], ['Sunday', 'Closed'], ['Monday', '11AM–7PM'], ['Tuesday', '11AM–7PM'], ['Wednesday', '11AM–7PM'], ['Thursday', '11AM–7PM'], ['Friday', '11AM–7PM']]"
0x8856bfed5ade5731:0x9f4c7a9a120b841e,Sake Express,"Sake Express, 1327 E Franklin Blvd, Gastonia, NC 28054, United States",35.2620307,-81.15702879999999,"['Japanese restaurant', 'Health food restaurant', 'Japanese steakhouse', 'Sushi restaurant']",4.4,1864,₩,"[['Saturday', '10:30AM–10PM'], ['Sunday', '10:30AM–9PM'], ['Monday', '10:30AM–10PM'], ['Tuesday', '10:30AM–10PM'], ['Wednesday', '10:30AM–10PM'], ['Thursday', '10:30AM–10PM'], ['Friday', '10:30AM–10PM']]"
0x8853a3193a9d934b:0x56f94400f5bdadf3,Kimono Japanese Restaurant,"Kimono Japanese Restaurant, 6655 Old U.S. Hwy 52, Lexington, NC 27295, United States",35.915591,-80.2507311,"['Japanese restaurant', 'Restaurant']",4.2,348,₩₩,"[['Tuesday', '11AM–9PM'], ['Wednesday', '11AM–9PM'], ['Thursday', '11AM–9PM'], ['Friday', '11AM–9:30PM'], ['Saturday', '11AM–9:30PM'], ['Sunday', '11AM–9PM'], ['Monday', '11AM–9PM']]"
0x89ac5c9db64e1187:0x31a826e2bc2a5474,Hibachi K Express,"Hibachi K Express, 4001 Widewaters Parkway, Knightdale, NC 27545",35.7949206,-78.50563799999999,"['Japanese restaurant', 'Asian restaurant']",3.5,184,,"[['Monday', '11AM–9PM'], ['Tuesday', '11AM–9PM'], ['Wednesday', '11AM–9PM'], ['Thursday', '11AM–9PM'], ['Friday', '11AM–9:30PM'], ['Saturday', '11AM–9:30PM'], ['Sunday', '12–9PM']]"
0x88531bdeda3da715:0x3c58b6e1b12b3fce,China Cafe III,"China Cafe III, 2408 Spring Garden St Ste A, Greensboro, NC 27403",36.064538899999995,-79.8329603,"['Chinese restaurant', 'Asian restaurant', 'Japanese steakhouse']",3.6,118,$,"[['Monday', 'Closed'], ['Tuesday', '11AM–10PM'], ['Wednesday', '11AM–10PM'], ['Thursday', '11AM–10PM'], ['Friday', '11AM–10:30PM'], ['Saturday', '12–10:30PM'], ['Sunday', '12–10PM']]"
0x89ad29e512708c43:0x87f4cea34be3aa37,Sakura Japanese Steakhouse,"Sakura Japanese Steakhouse, 1925 NC-119, Mebane, NC 27302",36.062694,-79.3006388,['Japanese restaurant'],4.0,58,$$,"[['Sunday', '11AM–2PM'], ['Monday', '11AM–2PM'], ['Tuesday', '11AM–2PM'], ['Wednesday', '11AM–2PM'], ['Thursday', '11AM–2PM'], ['Friday', '11AM–2PM'], ['Saturday', '4:30–8:30PM']]"
0x8853f2ec4780a5a9:0x255879f76767637e,Osaka Japanese Cuisine,"Osaka Japanese Cuisine, 129 Statesville Blvd, Salisbury, NC 28144",35.6864235,-80.4847229,"['Japanese restaurant', 'Restaurant']",4.6,185,$$,"[['Sunday', 'Closed'], ['Monday', '11AM–2:30PM'], ['Tuesday', '11AM–2:30PM'], ['Wednesday', '11AM–2:30PM'], ['Thursday', '11AM–2:30PM'], ['Friday', '11AM–2:30PM'], ['Saturday', '11AM–2:30PM']]"
0x8853021419e5b3ad:0x3305f4805f889a2e,Kobe Japanese Restaurant,"Kobe Japanese Restaurant, 2205 Oak Ridge Rd # L, Oak Ridge, NC 27310",36.1745121,-79.9921222,['Japanese restaurant'],3.8,18,$$,"[['Sunday', 'Closed'], ['Monday', '11:30AM–2:30PM'], ['Tuesday', '11:30AM–2:30PM'], ['Wednesday', '11:30AM–2:30PM'], ['Thursday', '11:30AM–2:30PM'], ['Friday', '11:30AM–2:30PM'], ['Saturday', '4:30–9:30PM']]"
0x885408d5cfe66bed:0xd6153d2a474ac45e,T C Sogo Express III,"T C Sogo Express III, 2255 Spider Dr NE, Kannapolis, NC 28083",35.464636,-80.592241,"['Japanese restaurant', 'Asian restaurant', 'Restaurant']",3.8,218,$,"[['Sunday', '11AM–9PM'], ['Monday', '11AM–9PM'], ['Tuesday', '11AM–9PM'], ['Wednesday', '11AM–9PM'], ['Thursday', '11AM–9PM'], ['Friday', '11AM–9PM'], ['Saturday', '11AM–9PM']]"
0x88531a2cb39579ed:0xda06a095a820f0fc,Sakura Ichiban,"Sakura Ichiban, 3015 W Gate City Blvd, Greensboro, NC 27403",36.047238899999996,-79.83629069999999,"['Thai restaurant', 'Asian restaurant', 'Japanese restaurant', 'Southeast Asian restaurant']",4.1,168,$$,"[['Sunday', '11AM–9PM'], ['Monday', 'Closed'], ['Tuesday', '11AM–9PM'], ['Wednesday', '11AM–9PM'], ['Thursday', '11AM–9PM'], ['Friday', '11AM–9:30PM'], ['Saturday', '11AM–9:30PM']]"
0x8856a18db139ebcd:0x7d447eb8703fdf10,Yakiko Hibachi Grill,"Yakiko Hibachi Grill, 710 W Trade St Ste F, Charlotte, NC 28202",35.232233099999995,-80.84868089999999,"['Japanese restaurant', 'Fast food restaurant', 'Authentic Japanese restaurant', 'Takeout Restaurant']",4.5,44,,"[['Sunday', 'Closed'], ['Monday', '11AM–9PM'], ['Tuesday', '11AM–9PM'], ['Wednesday', '11AM–9PM'], ['Thursday', '11AM–9PM'], ['Friday', '11AM–9PM'], ['Saturday', '1–9PM']]"
0x89aa77623cd941a9:0x7a5c97134e602bce,Shallotte Hibachi,"Shallotte Hibachi, 4920 Main St, Shallotte, NC 28470",33.970773699999995,-78.38986109999999,"['Japanese restaurant', 'Asian restaurant', 'Restaurant', 'Sushi restaurant', 'Sushi takeaway']",4.0,78,,"[['Sunday', '11AM–9:30PM'], ['Monday', 'Closed'], ['Tuesday', '11AM–9:30PM'], ['Wednesday', '11AM–9:30PM'], ['Thursday', '11AM–9:30PM'], ['Friday', '11AM–9:30PM'], ['Saturday', '11AM–9:30PM']]"
0x88530af4370a3b9d:0x87bc9abae8534c75,Japanese Restaurant Arikato Hibachi Express,"Japanese Restaurant Arikato Hibachi Express, 215 National Hwy, Thomasville, NC 27360",35.8915377,-80.07138119999999,['Japanese restaurant'],4.3,65,$,"[['Sunday', '10:30AM–9:30PM'], ['Monday', '10:30AM–9:30PM'], ['Tuesday', '10:30AM–9:30PM'], ['Wednesday', '10:30AM–9:30PM'], ['Thursday', '10:30AM–9:30PM'], ['Friday', '10:30AM–9:30PM'], ['Saturday', '10:30AM–9:30PM']]"
0x89ab6af4f449c919:0xb1f23f80d7e2d34e,Yummy Express,"Yummy Express, 6441 Yadkin Rd #2166, Fayetteville, NC 28303",35.1036692,-78.9939452,"['Korean restaurant', 'Japanese restaurant']",4.4,136,$$,"[['Sunday', 'Closed'], ['Monday', '10:30AM–8PM'], ['Tuesday', '10:30AM–8PM'], ['Wednesday', '10:30AM–8PM'], ['Thursday', '10:30AM–8PM'], ['Friday', '10:30AM–8PM'], ['Saturday', '11:30AM–8PM']]"
0x8852eaaafa18f081:0x6df324e7df639fd5,YONO'S,"YONO'S, 700 S Van Buren Rd, Eden, NC 27288",36.489354399999996,-79.73862919999999,['Japanese restaurant'],3.5,88,$$,
0x89a910798c856835:0xe0bd71deb1b2db0b,Aji Ichiban,"Aji Ichiban, 343 Western Blvd I, Jacksonville, NC 28546",34.7658956,-77.3843074,"['Sushi restaurant', 'Asian restaurant', 'Japanese restaurant', 'Restaurant']",4.3,294,$$,"[['Saturday', '11AM–9PM'], ['Sunday', '11AM–8PM'], ['Monday', '11AM–9PM'], ['Tuesday', '11AM–9PM'], ['Wednesday', '11AM–9PM'], ['Thursday', '11AM–9PM'], ['Friday', '11AM–9PM']]"
0x89aca64b38439069:0x7ed13ade7f39bef,Star House Wings & Hibachi,"Star House Wings & Hibachi, 717 S Horner Blvd, Sanford, NC 27330",35.4718491,-79.17332689999999,"['Rice restaurant', 'Japanese restaurant']",4.5,236,$,"[['Saturday', '11AM–9PM'], ['Sunday', '12–8PM'], ['Monday', 'Closed'], ['Tuesday', '11AM–9PM'], ['Wednesday', '11AM–9PM'], ['Thursday', '11AM–9PM'], ['Friday', '11AM–9PM']]"
0x8857207b9b34ec81:0x37ec0769dcc4814a,Japanese Express,"Japanese Express, 907 Fallston Rd, Shelby, NC 28150",35.3060626,-81.5237077,"['Japanese restaurant', 'Asian restaurant']",4.5,148,$,"[['Friday', '11AM–9PM'], ['Saturday', '3–9PM'], ['Sunday', 'Closed'], ['Monday', '11AM–9PM'], ['Tuesday', '11AM–9PM'], ['Wednesday', '11AM–9PM'], ['Thursday', '11AM–9PM']]"
0x88530acdb4c9c93d:0x3095265e2f9d59b6,Sakura Japanese Express,"Sakura Japanese Express, 1587 Liberty Dr #06, Thomasville, NC 27360",35.8546524,-80.0669784,"['Japanese restaurant', 'Restaurant']",4.1,148,,"[['Friday', '11AM–10:30PM'], ['Saturday', '11AM–10:30PM'], ['Sunday', '11AM–9PM'], ['Monday', '11AM–9:30PM'], ['Tuesday', 'Closed'], ['Wednesday', '11AM–9:30PM'], ['Thursday', '11AM–9:30PM']]"
0x89ac20cd78321113:0x4db8a3a0e4a8fc60,Hibachi 101,"Hibachi 101, 3401 Raleigh Rd Pkwy W # 9B, Wilson, NC 27896",35.741857599999996,-77.9641379,"['Japanese restaurant', 'Asian restaurant']",3.9,238,$,"[['Thursday', '11AM–9:30PM'], ['Friday', '11AM–10PM'], ['Saturday', '11AM–10PM'], ['Sunday', '11:30AM–9PM'], ['Monday', '11AM–9:30PM'], ['Tuesday', '11AM–9:30PM'], ['Wednesday', '11AM–9:30PM']]"
0x88531f07923ae2d3:0x71a149db05a2434d,Yummy Hibachi,"Yummy Hibachi, 1002 Summit Ave Suite A, Greensboro, NC 27405",36.0856078,-79.77411239999999,['Japanese restaurant'],4.1,53,,"[['Thursday', '11AM–9PM'], ['Friday', '11AM–9:30PM'], ['Saturday', '11AM–9:30PM'], ['Sunday', '1–9PM'], ['Monday', '11AM–9PM'], ['Tuesday', '11AM–9PM'], ['Wednesday', '11AM–9PM']]"
0x89acf599bea82079:0xffe3118a5af4a7c6,Akari Express,"Akari Express, 2109 Avent Ferry Rd # 118, Raleigh, NC 27606",35.7795682,-78.6752437,['Japanese restaurant'],3.9,87,$,"[['Thursday', '11AM–8PM'], ['Friday', '11AM–8PM'], ['Saturday', 'Closed'], ['Sunday', '12–8PM'], ['Monday', '11AM–8PM'], ['Tuesday', '11AM–8PM'], ['Wednesday', '11AM–8PM']]"
0x8853b9710753d8a9:0xd470bfb3199e9c86,KOTO Japanese Sushi&Steak House,"North Carolina, Clemmons, Clemmons Rd, KOTO Japanese Sushi&Steak House邮政编码: 27012",36.0210588,-80.37955699999999,"['Japanese restaurant', 'Sushi restaurant']",4.5,183,$$,"[['Thursday', '11AM–9:30PM'], ['Friday', '11AM–10PM'], ['Saturday', '11AM–10PM'], ['Sunday', '12–9:30PM'], ['Monday', '11AM–9:30PM'], ['Tuesday', '11AM–9:30PM'], ['Wednesday', '11AM–9:30PM']]"
0x8859f3b72cc0c7a5:0x72b403b0d791070d,Udon Sushi & Noodle,"Udon Sushi & Noodle, 129 Bleachery Blvd, Asheville, NC 28805",35.5753085,-82.5151167,"['Restaurant', 'Asian fusion restaurant', 'Japanese restaurant', 'Lunch restaurant', 'Takeout Restaurant', 'Sushi restaurant', 'Sushi takeaway', 'Udon noodle restaurant']",4.9,38,,"[['Thursday', '11AM–3PM'], ['Friday', '11AM–3PM'], ['Saturday', '11AM–9PM'], ['Sunday', '12–9PM'], ['Monday', '11AM–3PM'], ['Tuesday', '11AM–3PM'], ['Wednesday', '11AM–3PM']]"
0x8854b75ca5de1ef3:0x6a62571f10858fcb,Southern Chopstix,"Southern Chopstix, 320 N Walnut St, Pinebluff, NC 28373",35.112111999999996,-79.471994,"['Asian restaurant', 'Japanese restaurant', 'Laotian restaurant', 'Thai restaurant', 'Vietnamese restaurant']",4.6,82,$$,"[['Thursday', '11:30AM–3PM'], ['Friday', '11:30AM–3PM'], ['Saturday', '12–9PM'], ['Sunday', 'Closed'], ['Monday', '11AM–9PM'], ['Tuesday', '11:30AM–3PM'], ['Wednesday', '11:30AM–3PM']]"
0x89acf375108312c9:0x550830eebd873ff2,S Mart Asian Supermarket & Cafe,"S Mart Asian Supermarket & Cafe, 1000 Ryan Rd, Cary, NC 27511",35.777368599999996,-78.76789149999999,"['Korean grocery store', 'Japanese grocery store', 'Korean restaurant']",4.2,38,,"[['Thursday', '10AM–8PM'], ['Friday', '10AM–8PM'], ['Saturday', '10AM–8PM'], ['Sunday', '10AM–8PM'], ['Monday', '10AM–8PM'], ['Tuesday', '10AM–8PM'], ['Wednesday', '10AM–8PM']]"
0x88530c23916e6d07:0x1b54da518990369f,Hibachi Grill Supreme Buffet,"Hibachi Grill Supreme Buffet, 2814 S Main St, High Point, NC 27263",35.9232689,-79.9815462,"['Restaurant', 'Asian restaurant', 'Buffet restaurant', 'Japanese restaurant']",3.2,124,$$,"[['Thursday', '11AM–9:45PM'], ['Friday', '11AM–9:45PM'], ['Saturday', '11AM–9:45PM'], ['Sunday', '11AM–9:45PM'], ['Monday', '11AM–9:45PM'], ['Tuesday', '11AM–9:45PM'], ['Wednesday', '11AM–9PM']]"
0x89ab39340cd71db3:0xd43890c12f583d37,Sakura Jr Express,"Sakura Jr Express, 2010 Club Pond Rd, Raeford, NC 28376",35.0098507,-79.1727216,['Japanese restaurant'],3.6,83,,"[['Wednesday', '11AM–10PM'], ['Thursday', '11AM–10PM'], ['Friday', '11AM–11PM'], ['Saturday', '11AM–11PM'], ['Sunday', '12–10PM'], ['Monday', '11AM–10PM'], ['Tuesday', '11AM–10PM']]"
0x8852ebf961a58b75:0x8d0522b5643ef813,Okoku Express Japanese Restaurant,"Okoku Express Japanese Restaurant, 203 Unit B E, W Meadow Rd, Eden, NC 27288",36.508193899999995,-79.7405529,['Japanese restaurant'],4.4,38,,"[['Wednesday', '11AM–9PM'], ['Thursday', '11AM–9PM'], ['Friday', '11AM–9PM'], ['Saturday', '11AM–9PM'], ['Sunday', '11AM–9PM'], ['Monday', '11AM–9PM'], ['Tuesday', '11AM–9PM']]"
0x8856a137b37c2bb7:0x5045636e8d325ab8,Bao and Broth,"Bao and Broth, 1115 North Brevard Street, Suit #5, Charlotte, NC 28206",35.234198899999996,-80.827156,"['Restaurant', 'Asian fusion restaurant', 'Asian restaurant', 'Japanese restaurant', 'Takeout Restaurant', 'Ramen restaurant']",4.2,79,,"[['Wednesday', '11AM–9PM'], ['Thursday', '11AM–9PM'], ['Friday', '11AM–10PM'], ['Saturday', '11AM–10PM'], ['Sunday', '11AM–9PM'], ['Monday', '11AM–9PM'], ['Tuesday', '11AM–9PM']]"
0x8851ab61f99e5c9b:0x47cbbf69cbd32402,Shokudo Japanese Seafood,"Shokudo Japanese Seafood, 920 S Jefferson Ave, West Jefferson, NC 28694",36.391776899999996,-81.4885673,"['Steak house', 'Asian restaurant', 'Japanese restaurant', 'Restaurant', 'Seafood restaurant']",3.9,106,$,"[['Wednesday', '11AM–8:30PM'], ['Thursday', '11AM–8:30PM'], ['Friday', '11AM–9PM'], ['Saturday', '11AM–9PM'], ['Sunday', '11AM–8:30PM'], ['Monday', '11AM–8:30PM'], ['Tuesday', '11AM–8:30PM']]"
0x8853978f70487f29:0x8af491aedba713fd,Fuji Moto,"Fuji Moto, 64 US-64, Lexington, NC 27295",35.8335553,-80.27479509999999,"['Japanese restaurant', 'Asian restaurant', 'Sushi restaurant']",4.1,137,$$,"[['Wednesday', '11AM–9PM'], ['Thursday', '11AM–9PM'], ['Friday', '11AM–9PM'], ['Saturday', '4–9PM'], ['Sunday', '4–9PM'], ['Monday', 'Closed'], ['Tuesday', '11AM–9PM']]"
0x89a903458cca6c89:0xe5f97ca1b1dfd7ab,Matsuya Oriental Market,"Matsuya Oriental Market, 1537 Freedom Way Suite 4, Hubert, NC 28539",34.708897799999995,-77.2708215,['Japanese grocery store'],4.6,64,,"[['Wednesday', '11AM–6PM'], ['Thursday', '11AM–6PM'], ['Friday', '11AM–6PM'], ['Saturday', '11AM–6PM'], ['Sunday', '12–5PM'], ['Monday', '11AM–6PM'], ['Tuesday', '11AM–6PM']]"
0x8853b05e34c0b415:0x7c386a157899f4c9,Kotta Japanese Grill,"Kotta Japanese Grill, 1070 Hanes Mall Blvd, Winston-Salem, NC 27103",36.069102,-80.32207919999999,"['Japanese restaurant', 'Asian restaurant', 'Sushi restaurant']",4.2,188,$,"[['Wednesday', '11AM–8PM'], ['Thursday', '11AM–8PM'], ['Friday', '11AM–8PM'], ['Saturday', '11AM–8PM'], ['Sunday', '12–8PM'], ['Monday', '11AM–8PM'], ['Tuesday', '11AM–8PM']]"
0x88541d9a87400001:0x2739f50bef1f8c77,Teriyaki Grill Express II,"Teriyaki Grill Express II, 6434 W Sugar Creek Rd, Charlotte, NC 28269",35.3351945,-80.7960457,"['Japanese restaurant', 'Restaurant']",2.8,128,$$,"[['Wednesday', '11AM–10PM'], ['Thursday', '11AM–10PM'], ['Friday', '11AM–10:30PM'], ['Saturday', '11AM–10:30PM'], ['Sunday', '11:30AM–10PM'], ['Monday', '11AM–10PM'], ['Tuesday', '11AM–10PM']]"
0x8856be368d8ffe81:0x8515e113a398bddf,Sakura Japanese Restaurant,"Sakura Japanese Restaurant, 3758 E Franklin Blvd, Gastonia, NC 28056",35.259654999999995,-81.11267199999999,"['Asian restaurant', 'Japanese restaurant', 'Seafood restaurant', 'Sushi restaurant']",3.9,178,$$,"[['Wednesday', '11AM–2:30PM'], ['Thursday', '11AM–2:30PM'], ['Friday', '11AM–2:30PM'], ['Saturday', '11AM–10PM'], ['Sunday', '11AM–10PM'], ['Monday', '11AM–2:30PM'], ['Tuesday', 'Closed']]"
0x89ab6b3a881a1021:0x92058db39e80cfeb,Sarku Japan,"Sarku Japan, 419 Cross Creek Mall Space #FC-8, Fayetteville, NC 28303",35.0725695,-78.9599795,"['Japanese restaurant', 'Fast food restaurant', 'Restaurant', 'Sushi restaurant', 'Teppanyaki restaurant']",3.5,55,$,"[['Tuesday', '11AM–7PM'], ['Wednesday', '11AM–7PM'], ['Thursday', '11AM–7PM'], ['Friday', '11AM–8PM'], ['Saturday', '11AM–8PM'], ['Sunday', '12–6PM'], ['Monday', '11AM–7PM']]"
0x8850dff7ca2ec1af:0xc236150d8d2fc7a5,Fumiyoshi Express,"Fumiyoshi Express, 313 Harper Ave SW, Lenoir, NC 28645",35.9149144,-81.5298359,['Japanese restaurant'],4.7,98,,"[['Tuesday', '11AM–9PM'], ['Wednesday', '11AM–9PM'], ['Thursday', '11AM–9PM'], ['Friday', '11AM–9PM'], ['Saturday', '11AM–9PM'], ['Sunday', 'Closed'], ['Monday', '11AM–9PM']]"
0x88552965988490dd:0xdf218c60a5128740,Little Fuji Restaurant,"Little Fuji Restaurant, 894 US-401, Laurinburg, NC 28352",34.7641004,-79.479751,"['Japanese restaurant', 'Asian restaurant']",4.3,166,,"[['Tuesday', '11AM–9PM'], ['Wednesday', '11AM–9PM'], ['Thursday', '11AM–9PM'], ['Friday', '11AM–9:30PM'], ['Saturday', '11AM–9:30PM'], ['Sunday', '11AM–9PM'], ['Monday', '11AM–9PM']]"
0x89ab3fad6337b429:0x8188f3ab2ba66aa1,Kyoto Fantasy Express,"Kyoto Fantasy Express, 7711 S Raeford Rd, Fayetteville, NC 28304",35.0259061,-79.0547196,['Japanese restaurant'],3.4,78,,"[['Tuesday', '11:30AM–7PM'], ['Wednesday', '11:30AM–7PM'], ['Thursday', '11:30AM–8PM'], ['Friday', '11:30AM–8PM'], ['Saturday', '11:30AM–8PM'], ['Sunday', 'Closed'], ['Monday', '11:30AM–7PM']]"
0x89ab168e91a31131:0x9b7fa2e7a083864a,Ichiban Express,"Ichiban Express, 3350 Footbridge Ln #117, Fayetteville, NC 28306",34.9805092,-78.9729364,"['Asian restaurant', 'Japanese restaurant', 'Sushi restaurant']",3.7,108,$$,"[['Tuesday', '11AM–8:30PM'], ['Wednesday', '11AM–8:30PM'], ['Thursday', '11AM–8:30PM'], ['Friday', '11AM–10PM'], ['Saturday', '11:30AM–10PM'], ['Sunday', '11:30AM–8:30PM'], ['Monday', '11AM–8:30PM']]"
0x89ab15afaa8bed83:0x54c11672d693e3cb,hibachi express,"hibachi express, 2314 Paintersmill Dr suite#101, Fayetteville, NC 28304",35.0113219,-78.982413,['Japanese restaurant'],4.3,158,$$,"[['Tuesday', '11AM–9:30PM'], ['Wednesday', '11AM–9:30PM'], ['Thursday', '11AM–9:30PM'], ['Friday', '11AM–10PM'], ['Saturday', '11AM–10PM'], ['Sunday', '12–9PM'], ['Monday', '11AM–9:30PM']]"
0x89ac01bff80fe9a9:0x970381d02e1449a,Sumo Japanese Steak & Sushi,"Sumo Japanese Steak & Sushi, 301 N Spence Ave, Goldsboro, NC 27534",35.375579,-77.95239699999999,"['Sushi restaurant', 'Asian restaurant', 'Japanese restaurant', 'Japanese steakhouse', 'Restaurant', 'Steak house']",4.1,127,$$,"[['Tuesday', '11AM–2PM'], ['Wednesday', '11AM–2PM'], ['Thursday', '11AM–2PM'], ['Friday', '11AM–2PM'], ['Saturday', '4–11PM'], ['Sunday', '12–9PM'], ['Monday', '11AM–2PM']]"
0x88569d59f699f389:0x8b7861b90430bf38,Tokyo One Express,"North Carolina, Charlotte, Camfield St, Tokyo One Express邮政编码: 28277",35.0541432,-80.8153667,"['Japanese restaurant', 'Asian restaurant', 'Restaurant']",4.6,167,$,"[['Tuesday', '11AM–9PM'], ['Wednesday', '11AM–9PM'], ['Thursday', '11AM–9PM'], ['Friday', '11AM–9:30PM'], ['Saturday', '12–9:30PM'], ['Sunday', '12–9PM'], ['Monday', '11AM–9PM']]"
0x8853b0476362f54d:0xcc6fa41f04cc2ba2,Sarku Japan,"Sarku Japan, 3320 Silas Creek Pkwy Unit FC - 8, Winston-Salem, NC 27103",36.0678042,-80.3006951,"['Japanese restaurant', 'Asian restaurant', 'Fast food restaurant', 'Restaurant', 'Sushi restaurant', 'Teppanyaki restaurant']",3.1,33,$,"[['Tuesday', '10AM–8PM'], ['Wednesday', '10AM–8PM'], ['Thursday', '10AM–8PM'], ['Friday', '10AM–8PM'], ['Saturday', '10AM–8PM'], ['Sunday', '12–6PM'], ['Monday', '10AM–8PM']]"
0x88531a461c64484b:0x53c888e2a9c69321,Kiha II of Japan,"Kiha II of Japan, 3818 High Point Rd, Greensboro, NC 27407",36.038047,-79.857101,['Japanese restaurant'],4.3,158,$,"[['Tuesday', '11AM–9:30PM'], ['Wednesday', '11AM–9:30PM'], ['Thursday', '11AM–9:30PM'], ['Friday', '11AM–10:30PM'], ['Saturday', '11AM–10:30PM'], ['Sunday', '11AM–9:30PM'], ['Monday', '11AM–9:30PM']]"
0x88541d156e58d7c9:0x122f75bcd7b3ce7a,Tanaka Grill & Sushi,"Tanaka Grill & Sushi, 5332 Prosperity Church Rd, Charlotte, NC 28269",35.3660073,-80.7860798,"['Restaurant', 'Japanese restaurant']",4.2,88,$$,"[['Tuesday', '11AM–2PM'], ['Wednesday', '11AM–2PM'], ['Thursday', '11AM–2PM'], ['Friday', '11AM–2PM'], ['Saturday', '4–10PM'], ['Sunday', 'Closed'], ['Monday', '11AM–2PM']]"
0x88530db6765220dd:0x29bc2e10b55e747d,GogoYaki Japanese Grill,"GogoYaki Japanese Grill, 10167 N Main St, Archdale, NC 27263",35.9053154,-79.95849609999999,['Japanese restaurant'],4.5,177,$,"[['Tuesday', '7AM–9:45PM'], ['Wednesday', '7AM–9:45PM'], ['Thursday', '7AM–9:45PM'], ['Friday', '7AM–9:45PM'], ['Saturday', '7AM–9:45PM'], ['Sunday', '7AM–9:45PM'], ['Monday', '7AM–9:45PM']]"
0x8854b3ffced240f9:0x9fd725b7eb400317,Ten Ya Japanese Cuisine & Sushi,"Ten Ya Japanese Cuisine & Sushi, 70 Market Square, Pinehurst, NC 28374",35.1958889,-79.4693444,"['Sushi restaurant', 'Japanese restaurant', 'Wine bar']",4.1,118,,"[['Monday', '11:30AM–2:30PM'], ['Tuesday', '11:30AM–2:30PM'], ['Wednesday', '11:30AM–2:30PM'], ['Thursday', '11:30AM–2:30PM'], ['Friday', '11:30AM–2:30PM'], ['Saturday', '12–10:30PM'], ['Sunday', '12–9:30PM']]"
0x89ab152799dd2b93:0xf875ed4567ba44f1,Japan Express,"Japan Express, 2132 Skibo Rd #112, Fayetteville, NC 28314",35.0512953,-78.97626609999999,['Japanese restaurant'],3.6,118,,"[['Monday', '11AM–10PM'], ['Tuesday', '11AM–10PM'], ['Wednesday', '11AM–10PM'], ['Thursday', '11AM–10PM'], ['Friday', '11AM–11PM'], ['Saturday', '11AM–11PM'], ['Sunday', '11AM–10PM']]"
0x8853b88edd471241:0x4f9f3ddd1a4bc59,Miyabi Japanese Restaurant & Sushi,"Miyabi Japanese Restaurant & Sushi, 5286 US-158, Advance, NC 27006",36.0043534,-80.44022249999999,['Japanese restaurant'],4.3,56,,"[['Monday', 'Closed'], ['Tuesday', '11AM–9PM'], ['Wednesday', '11AM–9PM'], ['Thursday', '11AM–9PM'], ['Friday', '11AM–9:30PM'], ['Saturday', '4–9:30PM'], ['Sunday', '11AM–9PM']]"
0x8851572916eb3881:0xd2acde8724db030f,Kyjo's Japanese Thai & Sushi Restaurant,"Kyjo's Japanese Thai & Sushi Restaurant, 265 N Main St, Troutman, NC 28166",35.7043636,-80.89143279999999,"['Japanese restaurant', 'Asian restaurant', 'Southeast Asian restaurant', 'Sushi restaurant', 'Thai restaurant']",4.2,165,$,"[['Monday', '11AM–9PM'], ['Tuesday', '11AM–9PM'], ['Wednesday', '11AM–9PM'], ['Thursday', '11AM–9PM'], ['Friday', '11AM–9PM'], ['Saturday', '11AM–9PM'], ['Sunday', 'Closed']]"
0x89acf49f763356f3:0x405b4960f0601180,Tenko Japan,"North Carolina, Cary, Meeting St, Tenko Japan邮政编码: 27518",35.756494599999996,-78.7444769,['Japanese restaurant'],4.2,218,$,"[['Monday', '11AM–9:30PM'], ['Tuesday', '11AM–9:30PM'], ['Wednesday', '11AM–9:30PM'], ['Thursday', '11AM–9:30PM'], ['Friday', '11AM–10PM'], ['Saturday', '11AM–10PM'], ['Sunday', 'Closed']]"
0x88539a19f2ad4841:0x5440c7a9eacb092,Kabuki Japanese Seafood & Steakhouse,"Kabuki Japanese Seafood & Steakhouse, 1971 Cotton Grove Rd, Lexington, NC 27292",35.7709443,-80.2604348,['Japanese restaurant'],3.9,166,$$,"[['Monday', '11AM–9PM'], ['Tuesday', 'Closed'], ['Wednesday', '11AM–9PM'], ['Thursday', '11AM–9PM'], ['Friday', '11AM–9:30PM'], ['Saturday', '4–9:30PM'], ['Sunday', '11AM–9PM']]"
0x89acf5926439b6ad:0x57bf6e7f516766f,Oishi Japanese Restaurant,"Oishi Japanese Restaurant, 2526-100 Hillsborough St, Raleigh, NC 27607",35.788381099999995,-78.6691775,['Japanese restaurant'],4.1,113,$,"[['Monday', '11AM–9PM'], ['Tuesday', '11AM–9PM'], ['Wednesday', '11AM–9PM'], ['Thursday', '11AM–9PM'], ['Friday', '11AM–9PM'], ['Saturday', 'Closed'], ['Sunday', '5–9PM']]"
0x8853b23df2cd131b:0x4bcbde48fa15bfc2,Kotta Japanese Grill,"Kotta Japanese Grill, 2862 Reynolda Rd, Winston-Salem, NC 27106",36.1425403,-80.30072729999999,['Japanese restaurant'],4.4,158,,"[['Monday', '11AM–9PM'], ['Tuesday', '11AM–9PM'], ['Wednesday', '11AM–9PM'], ['Thursday', '11AM–9PM'], ['Friday', '11AM–9PM'], ['Saturday', '11AM–9PM'], ['Sunday', '12–8PM']]"
0x89ac5d8d975e416b:0x7b91a17a3eb3a96,Hibachi 88,"North Carolina, Raleigh, Rock Quarry Rd, Hibachi 88邮政编码: 27610",35.7222639,-78.548414,['Japanese restaurant'],3.8,26,$,"[['Monday', '11AM–9PM'], ['Tuesday', '11AM–9PM'], ['Wednesday', '11AM–9PM'], ['Thursday', '11AM–9PM'], ['Friday', '11AM–9PM'], ['Saturday', '11AM–9PM'], ['Sunday', 'Closed']]"
0x89ace7ba05a9f525:0x6891e51b7ce685a4,Tasu Express Wing and Poke,"Tasu Express Wing and Poke, 3307 Watkins Rd, Durham, NC 27707",35.9534751,-78.9909248,"['Sushi restaurant', 'Asian restaurant', 'Chicken wings restaurant', 'Chinese restaurant', 'Japanese restaurant']",4.1,138,$$,"[['Monday', '11:30AM–8:30PM'], ['Tuesday', '11:30AM–8:30PM'], ['Wednesday', '11:30AM–8:30PM'], ['Thursday', '11:30AM–8:30PM'], ['Friday', '11:30AM–8:30PM'], ['Saturday', '11:30AM–8:30PM'], ['Sunday', '11:30AM–8:30PM']]"
0x89ac580e05aba173:0xf95d9e3e0480d2b7,Tokyo House Japanese Restaurant,"Tokyo House Japanese Restaurant, 7439 Six Forks Rd #6164, Raleigh, NC 27615",35.8813017,-78.6473003,"['Japanese restaurant', 'Asian fusion restaurant', 'Asian restaurant', 'Ramen restaurant', 'Sushi restaurant', 'Tempura restaurant', 'Teppanyaki restaurant']",4.3,158,$$,"[['Monday', '11:30AM–2:30PM'], ['Tuesday', '11:30AM–2:30PM'], ['Wednesday', '11:30AM–2:30PM'], ['Thursday', '11:30AM–2:30PM'], ['Friday', '11:30AM–2:30PM'], ['Saturday', '12–2:30PM'], ['Sunday', 'Closed']]"
0x8859f3562b52cc0d:0xdf2ea68780c63636,Heiwa Shokudo,"Heiwa Shokudo, 87 N Lexington Ave, Asheville, NC 28801",35.5976889,-82.55378879999999,['Japanese restaurant'],4.4,344,$$,"[['Monday', 'Closed'], ['Tuesday', '4–8PM'], ['Wednesday', '4–8PM'], ['Thursday', '12–2PM'], ['Friday', '12–2PM'], ['Saturday', '12–2PM'], ['Sunday', 'Closed']]"
0x8859f5cd4493af49:0x333315826e82d27e,Mr.Sushi North,"Mr.Sushi North, 354 Merrimon Ave, Asheville, NC 28801",35.611029599999995,-82.5551977,"['Sushi restaurant', 'Japanese restaurant', 'Japanese steakhouse', 'Seafood restaurant', 'South Asian restaurant', 'Sushi takeaway']",4.2,88,,"[['Monday', 'Closed'], ['Tuesday', '11AM–9PM'], ['Wednesday', '11AM–9PM'], ['Thursday', '11AM–9PM'], ['Friday', '11AM–9PM'], ['Saturday', '12–9PM'], ['Sunday', '5–8PM']]"
0x88524c7e847b0ca9:0x249149847dc98272,Tokyo Japanese Grill & Sushi,"Tokyo Japanese Grill & Sushi, 607 S Main St, King, NC 27021",36.2653544,-80.3593399,"['Japanese restaurant', 'Sushi restaurant']",4.1,216,,"[['Sunday', '11AM–8:30PM'], ['Monday', 'Closed'], ['Tuesday', '11AM–9PM'], ['Wednesday', '11AM–9PM'], ['Thursday', '11AM–9PM'], ['Friday', '11AM–9PM'], ['Saturday', '3–9PM']]"
0x8859e9cba54ec019:0xaf5d8bcdaf7430c9,Asakusa Japanese Cuisine,"Asakusa Japanese Cuisine, 144 Highlands Square Dr, Hendersonville, NC 28792",35.348653,-82.4350718,['Japanese restaurant'],3.9,218,$,"[['Sunday', 'Closed'], ['Monday', '11AM–2PM'], ['Tuesday', '11AM–2PM'], ['Wednesday', '11AM–2PM'], ['Thursday', '11AM–2PM'], ['Friday', '11AM–2PM'], ['Saturday', '11AM–2PM']]"
0x885720651c915647:0xac633ae6d4d539ae,Red Wok Express,"Red Wok Express, 610 E Grover St, Shelby, NC 28150",35.30377,-81.528632,"['Japanese restaurant', 'Chinese restaurant']",4.3,397,$,"[['Sunday', '11AM–7PM'], ['Monday', '10:30AM–9PM'], ['Tuesday', '10:30AM–9PM'], ['Wednesday', '10:30AM–9PM'], ['Thursday', '9:30AM–9:30PM'], ['Friday', '9:30AM–9:30PM'], ['Saturday', '10:30AM–9PM']]"
0x89acf1dbf915bac7:0x5e3442602f632fea,Umami Japanese Steakhouse Sushi,"Umami Japanese Steakhouse Sushi, 8411 Brier Creek Pkwy #105, Raleigh, NC 27617",35.906255,-78.78496799999999,"['Japanese restaurant', 'Sushi restaurant']",4.2,178,$$,"[['Sunday', '12–9PM'], ['Monday', '11:30AM–2PM'], ['Tuesday', '11:30AM–2PM'], ['Wednesday', '11:30AM–2PM'], ['Thursday', '11:30AM–2PM'], ['Friday', '11:30AM–2PM'], ['Saturday', '3–10:30PM']]"
0x89acf319597f9835:0xd3775bd835cdc3ca,Okja K-Pub & Restaurant,"Okja K-Pub & Restaurant, 1080 Darrington Dr, Cary, NC 27513",35.800474099999995,-78.81694569999999,"['Korean restaurant', 'American restaurant', 'Bar & grill', 'Event venue', 'Japanese restaurant', 'Sushi restaurant']",4.1,67,,"[['Sunday', '12–9PM'], ['Monday', 'Closed'], ['Tuesday', '11AM–10PM'], ['Wednesday', '11AM–10PM'], ['Thursday', '11AM–10PM'], ['Friday', '11AM–12AM'], ['Saturday', '11AM–12AM']]"
0x89acf0837a543fdb:0x105b191ce6a1bd39,Tamarind Asian Fusion Bistro,"Tamarind Asian Fusion Bistro, 8531 Brier Creek Pkwy #109, Raleigh, NC 27617",35.90509,-78.7841442,"['Thai restaurant', 'Asian fusion restaurant', 'Japanese restaurant', 'Noodle shop', 'Ramen restaurant']",4.3,274,$,"[['Sunday', '12–9PM'], ['Monday', '11:30AM–3PM'], ['Tuesday', '11:30AM–3PM'], ['Wednesday', '11:30AM–3PM'], ['Thursday', '11:30AM–3PM'], ['Friday', '11:30AM–3PM'], ['Saturday', '12–9:30PM']]"
0x89aca715d41c8b65:0xa9d6ea4d95cb2de3,Sarkus express,"Sarkus express, 3094 S Horner Blvd, Sanford, NC 27332",35.4505026,-79.1350499,"['Restaurant', 'Japanese restaurant', 'Takeout Restaurant']",4.0,158,,"[['Sunday', '11AM–9PM'], ['Monday', '11AM–9PM'], ['Tuesday', '11AM–9PM'], ['Wednesday', '11AM–9PM'], ['Thursday', '11AM–9PM'], ['Friday', '11AM–9PM'], ['Saturday', '11AM–9PM']]"
0x89aca61fabdd1a5d:0xc1793508e7e5afea,Luli Sushi,"Luli Sushi, 1204 N Horner Blvd, Sanford, NC 27330",35.4972616,-79.1974166,"['Japanese restaurant', 'Chinese restaurant', 'Family restaurant', 'Pho restaurant', 'Restaurant', 'Steak house', 'Sushi restaurant', 'Thai restaurant', 'Vietnamese restaurant']",3.9,528,$$,"[['Sunday', '11AM–8:30PM'], ['Monday', '11AM–8:30PM'], ['Tuesday', '11AM–8:30PM'], ['Wednesday', 'Closed'], ['Thursday', '11AM–8:30PM'], ['Friday', '11AM–8:30PM'], ['Saturday', '11AM–8:30PM']]"
0x89aca818d86cff85:0x6c97d4bd058ef94b,No.1 Hibachi,"No.1 Hibachi, 2274 Jefferson Davis Hwy, Sanford, NC 27330",35.4381048,-79.2197922,"['Japanese restaurant', 'Chinese restaurant']",4.0,98,$$,"[['Sunday', 'Closed'], ['Monday', '11AM–9:30PM'], ['Tuesday', '11AM–9:30PM'], ['Wednesday', '11AM–9:30PM'], ['Thursday', '11AM–9:30PM'], ['Friday', '11AM–10PM'], ['Saturday', '11AM–10PM']]"
0x89aa1e19a9caffbd:0xd4e51723655054da,Tokyo-Deli,"Tokyo-Deli, 2394 Carolina Beach Rd # 301, Wilmington, NC 28401",34.195209999999996,-77.93685239999999,"['Japanese grocery store', 'Japanese restaurant']",4.6,54,,"[['Sunday', '11AM–7PM'], ['Monday', '11AM–7PM'], ['Tuesday', '11AM–7PM'], ['Wednesday', '11AM–7PM'], ['Thursday', '11AM–7PM'], ['Friday', '11AM–7PM'], ['Saturday', '11AM–7PM']]"
0x89a94ad20cf38aff:0x4be7fce37925be8e,Tokyo House Japanese Restaurant,"Tokyo House Japanese Restaurant, 1201 W Vernon Ave, Kinston, NC 28501",35.2707141,-77.59693589999999,['Japanese restaurant'],3.9,98,,"[['Saturday', '11AM–3PM'], ['Sunday', 'Closed'], ['Monday', '11AM–3PM'], ['Tuesday', '11AM–3PM'], ['Wednesday', '11AM–3PM'], ['Thursday', '11AM–3PM'], ['Friday', '11AM–3PM']]"
0x8856a9264e7e6809:0xc02e0e9f252de388,Coral Sushi,"Coral Sushi, 9525 Birkdale Crossing Dr, Huntersville, NC 28078",35.442733499999996,-80.8857543,"['Sushi restaurant', 'Asian restaurant', 'Japanese restaurant']",4.4,278,$$,"[['Saturday', '12–9PM'], ['Sunday', '12–9PM'], ['Monday', '11AM–2:30PM'], ['Tuesday', '11AM–2:30PM'], ['Wednesday', '11AM–2:30PM'], ['Thursday', '11AM–2:30PM'], ['Friday', '11AM–2:30PM']]"
0x89ace40704718be5:0x5370bab1f05fb56e,Vine Sushi & Thai,"Vine Sushi & Thai, 607 Broad St, Durham, NC 27705",36.006563,-78.920774,"['Sushi restaurant', 'Asian fusion restaurant', 'Japanese restaurant', 'Delivery Restaurant', 'Thai restaurant']",4.0,238,$$,"[['Saturday', '11AM–10PM'], ['Sunday', '11AM–10PM'], ['Monday', 'Closed'], ['Tuesday', '11AM–10PM'], ['Wednesday', '11AM–10PM'], ['Thursday', '11AM–10PM'], ['Friday', '11AM–10PM']]"
0x89acef2f88fd3791:0x3a61018e90ad54cb,HibachiX,"HibachiX, 5400 S Miami Blvd #102, Durham, NC 27703",35.8815162,-78.8513665,"['Japanese restaurant', 'Restaurant']",3.5,53,,"[['Saturday', '11AM–8PM'], ['Sunday', 'Closed'], ['Monday', '11:30AM–2:30PM'], ['Tuesday', '11:30AM–2:30PM'], ['Wednesday', '11:30AM–2:30PM'], ['Thursday', '11:30AM–2:30PM'], ['Friday', '11:30AM–2:30PM']]"
0x8856ab2776ab75d9:0x3f6e33d2e76318c9,Iron Grill Japanese Express,"Iron Grill Japanese Express, 125 Trade Ct, Mooresville, NC 28117",35.5536728,-80.8559875,['Japanese restaurant'],4.1,186,$,"[['Saturday', '12–8:30PM'], ['Sunday', 'Closed'], ['Monday', '11AM–3PM'], ['Tuesday', '11AM–3PM'], ['Wednesday', '11AM–3PM'], ['Thursday', '11AM–3PM'], ['Friday', '11AM–3PM']]"
0x8851366763d4afbd:0xd217f5070225db80,Fuji Japanese Restaurant,"Fuji Japanese Restaurant, 104 Thornburg Dr SE A, Conover, NC 28613",35.7024973,-81.2014358,"['Japanese restaurant', 'Restaurant']",4.2,118,$$,"[['Saturday', '11AM–8PM'], ['Sunday', 'Closed'], ['Monday', '11AM–8PM'], ['Tuesday', '11AM–8PM'], ['Wednesday', '11AM–8PM'], ['Thursday', '11AM–8PM'], ['Friday', '11AM–8PM']]"
0x88524c287b8138ad:0xe613ca6e1912aaa4,U.S Hibachi,"U.S Hibachi, 161 Retail Cir, King, NC 27021",36.30177,-80.3310372,['Japanese restaurant'],3.4,126,$$,"[['Saturday', '11AM–8:30PM'], ['Sunday', '11AM–8:30PM'], ['Monday', '11AM–8:30PM'], ['Tuesday', '11AM–8:30PM'], ['Wednesday', '11AM–8:30PM'], ['Thursday', '11–11:15AM'], ['Friday', '11AM–8:30PM']]"
0x88569c8d27d456fb:0x707e5142d09334c7,Sarku Japan,"Sarku Japan, 11025 Carolina Pl Pkwy Space #FC-04, Pineville, NC 28134",35.0819677,-80.8769852,"['Japanese restaurant', 'Asian restaurant', 'Fast food restaurant', 'Restaurant', 'Sushi restaurant', 'Teppanyaki restaurant']",4.2,83,$,"[['Saturday', '10AM–8PM'], ['Sunday', '12–6PM'], ['Monday', '11AM–7PM'], ['Tuesday', '11AM–7PM'], ['Wednesday', '11AM–7PM'], ['Thursday', '11AM–7PM'], ['Friday', '10AM–8PM']]"
0x89aeb539a15b4b69:0xcc202b973be40d90,Hibachi Express,"Hibachi Express, 2405 N Herritage St suite c, Kinston, NC 28501",35.287551,-77.58856,"['Japanese restaurant', 'Asian restaurant']",3.5,74,$$,"[['Saturday', 'Closed'], ['Sunday', 'Closed'], ['Monday', '11AM–2PM'], ['Tuesday', '11AM–2PM'], ['Wednesday', '11AM–2PM'], ['Thursday', '11AM–2PM'], ['Friday', '11AM–2PM']]"
0x89ac53c8e7ac4e77:0x24880cf96bccdb59,Hibachi Express,"Hibachi Express, Wake Forest, NC 27587",35.9894059,-78.529735,['Japanese restaurant'],3.7,97,,"[['Saturday', '11AM–9PM'], ['Sunday', '11AM–9PM'], ['Monday', '11AM–9PM'], ['Tuesday', '11AM–9PM'], ['Wednesday', '11AM–9PM'], ['Thursday', '11AM–9PM'], ['Friday', '11AM–9PM']]"
0x8854b4f7193fd909:0x6154ebb7ee2c120a,Susa Sushi Hibachi,"Susa Sushi Hibachi, 280 Turner St, Southern Pines, NC 28387",35.159092,-79.4215116,['Japanese restaurant'],4.5,238,$$,"[['Saturday', '5–9PM'], ['Sunday', 'Closed'], ['Monday', '11:30AM–2:30PM'], ['Tuesday', '11:30AM–2:30PM'], ['Wednesday', '11:30AM–2:30PM'], ['Thursday', '11:30AM–2:30PM'], ['Friday', '11:30AM–2:30PM']]"
0x885edb64d03b84bb:0x7ba12130aeb05f36,Kobe Grill,"Kobe Grill, 114 Main St, Andrews, NC 28901",35.202287999999996,-83.8397166,['Japanese restaurant'],4.3,217,$$,"[['Saturday', '11AM–9PM'], ['Sunday', '11AM–9PM'], ['Monday', 'Closed'], ['Tuesday', '11AM–9PM'], ['Wednesday', '11AM–9PM'], ['Thursday', '11AM–9PM'], ['Friday', '11AM–9PM']]"
0x88513fdc14ec8d49:0x66c8df391ed00661,Nikki Japanese Restaurant,"Nikki Japanese Restaurant, 797 NC-16, Taylorsville, NC 28681",35.910423,-81.176403,['Japanese restaurant'],4.1,128,$,"[['Saturday', '11AM–9PM'], ['Sunday', '11AM–9PM'], ['Monday', 'Closed'], ['Tuesday', '11AM–9PM'], ['Wednesday', '11AM–9PM'], ['Thursday', '11AM–9PM'], ['Friday', '11AM–9PM']]"
0x89ac5f9380ec0137:0xf559032350e01702,Jade Garden Asian Cuisine,"Jade Garden Asian Cuisine, 1207 Hillsborough St, Raleigh, NC 27603",35.782751499999996,-78.6556883,"['Diner', 'Chinese restaurant', 'Japanese restaurant', 'Thai restaurant']",3.1,308,$$,"[['Saturday', '3PM–3AM'], ['Sunday', '3PM–3AM'], ['Monday', '3PM–3AM'], ['Tuesday', '3PM–3AM'], ['Wednesday', '3PM–3AM'], ['Thursday', '3PM–3AM'], ['Friday', '3PM–3AM']]"
0x89ac8d4024112bd7:0x7950a2c463e11c03,"JJ Cafe (Fuji Express, No Sushi)","JJ Cafe (Fuji Express, No Sushi), 2143 Ten-Ten Rd, Apex, NC 27539",35.7205987,-78.8181445,"['Asian fusion restaurant', 'Japanese restaurant']",4.3,115,$,"[['Saturday', 'Closed'], ['Sunday', 'Closed'], ['Monday', '11AM–7PM'], ['Tuesday', '11AM–7PM'], ['Wednesday', '11AM–7PM'], ['Thursday', '11AM–7PM'], ['Friday', '11AM–7PM']]"
0x89ab6db471c07df7:0xf103f21b165ce632,Kyoto Express,"Kyoto Express, 3915 Ramsey St STE 107, Fayetteville, NC 28311",35.1173459,-78.8828915,['Japanese restaurant'],3.0,28,,"[['Saturday', '9AM–9PM'], ['Sunday', '9AM–9PM'], ['Monday', '9AM–9PM'], ['Tuesday', '9AM–9PM'], ['Wednesday', '9AM–9PM'], ['Thursday', '9AM–9PM'], ['Friday', '9AM–9PM']]"
0x89ac2785f17d8b53:0x5bc0be0f50a5ffad,AG Sushi & Hibachi,"AG Sushi & Hibachi, 3717 Airport Blvd NW, Wilson, NC 27896",35.7699389,-77.9418819,"['Japanese restaurant', 'Fast food restaurant', 'Sushi restaurant', 'Teppanyaki restaurant']",4.6,107,,"[['Saturday', '11AM–10:30PM'], ['Sunday', 'Closed'], ['Monday', '11AM–9:30PM'], ['Tuesday', '11AM–9:30PM'], ['Wednesday', '11AM–9:30PM'], ['Thursday', '11AM–9:30PM'], ['Friday', '11AM–10:30PM']]"
0x89aa5451665cbf29:0xd79643de6b31d51d,Hibachi Chinese,"Hibachi Chinese, 136 W Broad St, Elizabethtown, NC 28337",34.629404099999995,-78.60696229999999,"['Chinese restaurant', 'Asian restaurant', 'Buffet restaurant', 'Japanese restaurant']",4.1,138,$,"[['Saturday', '11AM–11PM'], ['Sunday', '11:30AM–10PM'], ['Monday', '11AM–10PM'], ['Tuesday', '11AM–10PM'], ['Wednesday', '11AM–10PM'], ['Thursday', '11AM–10PM'], ['Friday', '11AM–11PM']]"
0x8859f36213ebdbfd:0x53089857b293687d,Mikado Japanese,"Mikado Japanese, 45 Tunnel Rd, Asheville, NC 28805",35.5958268,-82.5339212,"['Japanese restaurant', 'Asian restaurant']",4.2,434,$$,"[['Friday', '11:30AM–3PM'], ['Saturday', '11:30AM–3PM'], ['Sunday', '12–8:30PM'], ['Monday', '11:30AM–3PM'], ['Tuesday', '11:30AM–3PM'], ['Wednesday', '11:30AM–3PM'], ['Thursday', '11:30AM–3PM']]"
0x89ab13a3790c4159:0x9123efd74a954c4c,Asian Cuisine,"Asian Cuisine, 2800 Gillespie St #104, Fayetteville, NC 28306",35.003639299999996,-78.901298,"['Chinese restaurant', 'Japanese restaurant', 'Restaurant']",4.3,258,$,"[['Friday', '11AM–10PM'], ['Saturday', '11AM–10PM'], ['Sunday', 'Closed'], ['Monday', '11AM–10PM'], ['Tuesday', '11AM–10PM'], ['Wednesday', '11AM–10PM'], ['Thursday', '11AM–10PM']]"
0x89acf498df353ab3:0xa685d91e8f82e0ed,Tasu Asian Bistro,"Tasu Asian Bistro, 2007 Walnut St, Cary, NC 27518",35.757732,-78.741107,"['Asian restaurant', 'Bistro', 'Japanese restaurant', 'Sushi restaurant']",3.4,48,$$,"[['Friday', '11AM–11PM'], ['Saturday', '11AM–11PM'], ['Sunday', '11AM–10PM'], ['Monday', '11AM–10PM'], ['Tuesday', '11AM–10PM'], ['Wednesday', '11AM–10PM'], ['Thursday', '11AM–10PM']]"
0x89a9107d270208eb:0x56b3524f9231e9bb,Sake Asian Fusion,"Sake Asian Fusion, 461 Western Blvd #110, Jacksonville, NC 28546",34.7732412,-77.3899242,"['Asian fusion restaurant', 'Asian restaurant', 'Japanese restaurant', 'Sushi restaurant']",4.5,648,$$,"[['Friday', '11AM–11PM'], ['Saturday', '11AM–11PM'], ['Sunday', '12–10PM'], ['Monday', '11AM–3PM'], ['Tuesday', '11AM–3PM'], ['Wednesday', '11AM–3PM'], ['Thursday', '11AM–3PM']]"
0x88542547878a0495:0x4876ec11ccdf748,Kaizoku Japanese Cuisine & Poke Bowl,"Kaizoku Japanese Cuisine & Poke Bowl, 6461-C, Old Monroe Rd, Indian Trail, NC 28079",35.051072,-80.64600159999999,"['Japanese restaurant', 'Authentic Japanese restaurant', 'Takeout Restaurant', 'Sushi restaurant', 'Sushi takeaway']",4.3,95,,"[['Friday', '11AM–9PM'], ['Saturday', '11AM–9PM'], ['Sunday', '11AM–9PM'], ['Monday', 'Closed'], ['Tuesday', '11AM–9PM'], ['Wednesday', '11AM–9PM'], ['Thursday', '11AM–9PM']]"
0x89ace16216b1036b:0x631490e2d5db378,Tokyo Express - Guess RD Durham,"Tokyo Express - Guess RD Durham, 3225 Guess Rd, Durham, NC 27705",36.0374461,-78.929853,"['Japanese restaurant', 'Asian restaurant', 'Sushi restaurant']",3.9,273,$,"[['Friday', '11AM–9:30PM'], ['Saturday', '12–9:30PM'], ['Sunday', 'Closed'], ['Monday', '11AM–9PM'], ['Tuesday', '11AM–9PM'], ['Wednesday', '11AM–9PM'], ['Thursday', '11AM–9PM']]"
0x89ac72a09d00d5b3:0xe45789de7670595,Ninja Japan,"Ninja Japan, 1249 N Brightleaf Blvd, Smithfield, NC 27577",35.5214782,-78.3132143,['Japanese restaurant'],4.4,118,$,"[['Friday', '11AM–10PM'], ['Saturday', '11AM–10PM'], ['Sunday', '11:30AM–9PM'], ['Monday', 'Closed'], ['Tuesday', '11AM–9:30PM'], ['Wednesday', '11AM–9:30PM'], ['Thursday', '11AM–9:30PM']]"
0x89ac2725c38312d7:0x4e58e6e0657de101,AOMI Sushi & Hibachi,"AOMI Sushi & Hibachi, 3717 Airport Blvd NW, Wilson, NC 27896",35.769896599999996,-77.9418953,['Japanese restaurant'],4.6,67,,"[['Friday', '11AM–10PM'], ['Saturday', '11AM–10PM'], ['Sunday', 'Closed'], ['Monday', '11AM–9:30PM'], ['Tuesday', '11AM–9:30PM'], ['Wednesday', '11AM–9:30PM'], ['Thursday', '11AM–9:30PM']]"
0x89acf6fff930bc61:0xbf707f8dd52193a1,Japan Express,"Japan Express, 6250 Glenwood Ave, Raleigh, NC 27612",35.8590498,-78.70151469999999,"['Japanese restaurant', 'Asian restaurant', 'Sushi restaurant']",3.9,118,$,"[['Friday', '11AM–10:30PM'], ['Saturday', '11AM–10:30PM'], ['Sunday', 'Closed'], ['Monday', '11AM–10PM'], ['Tuesday', '11AM–10PM'], ['Wednesday', '11AM–10PM'], ['Thursday', '11AM–10PM']]"
0x89ac729723b87193:0xbf1eaa1b65f7c815,Yummi Japan,"Yummi Japan, 255H N Equity Dr, Smithfield, NC 27577",35.5075729,-78.3211146,"['Japanese restaurant', 'Asian restaurant', 'Fast food restaurant']",4.4,357,$,"[['Friday', '11AM–10PM'], ['Saturday', '11AM–10PM'], ['Sunday', '11:30AM–9PM'], ['Monday', '11AM–9:30PM'], ['Tuesday', '11AM–9:30PM'], ['Wednesday', '11AM–9:30PM'], ['Thursday', '11AM–9:30PM']]"
0x88598ca2bcc840df:0xecd1abf80b4ab490,Yama Japanese Steakhouse & Sushi Bar,"Yama Japanese Steakhouse & Sushi Bar, 4 Regent Park Blvd, Asheville, NC 28806",35.5900098,-82.58276839999999,"['Japanese restaurant', 'Japanese steakhouse', 'Sushi restaurant']",4.2,328,$$,"[['Friday', '11:30AM–3PM'], ['Saturday', '12–3PM'], ['Sunday', '12–3PM'], ['Monday', '5–9:30PM'], ['Tuesday', '5–9:30PM'], ['Wednesday', '5–9:30PM'], ['Thursday', '5–9:30PM']]"
0x8859bc9203f8fdd5:0xd7bfd549a1dde478,Fuji Yama,"Fuji Yama, 1242 Asheville Hwy, Brevard, NC 28712",35.259979,-82.715209,"['Japanese restaurant', 'Asian restaurant', 'Restaurant', 'Steak house']",4.2,318,$,"[['Friday', '11AM–9:30PM'], ['Saturday', '11AM–9:30PM'], ['Sunday', '11AM–9PM'], ['Monday', '11AM–9PM'], ['Tuesday', '11AM–9PM'], ['Wednesday', '11AM–9PM'], ['Thursday', '11AM–9PM']]"
0x885196fbc8c4a5bb:0xd315600fe3b2deb3,Kanpai Japanese Restaurant,"Kanpai Japanese Restaurant, 527 S Main St, Sparta, NC 28675",36.500865399999995,-81.1138051,['Japanese restaurant'],4.4,125,$,"[['Friday', '11AM–9:30PM'], ['Saturday', '11AM–9:30PM'], ['Sunday', '11AM–9PM'], ['Monday', 'Closed'], ['Tuesday', '11AM–9PM'], ['Wednesday', '11AM–9PM'], ['Thursday', '11AM–9PM']]"
0x8851271dfccba2e9:0x33b1610d4136c9fc,Fumiyoshi Japanese Restaurant,"Fumiyoshi Japanese Restaurant, 3086 Hickory Blvd, Hudson, NC 28638",35.8460289,-81.47248979999999,['Japanese restaurant'],4.3,258,$,"[['Friday', '10:30AM–10PM'], ['Saturday', '10:30AM–10PM'], ['Sunday', '10:30AM–9:30PM'], ['Monday', '10:30AM–9:30PM'], ['Tuesday', '10:30AM–9:30PM'], ['Wednesday', '10:30AM–9:30PM'], ['Thursday', '10:30AM–10PM']]"
0x89acf3131c98522f:0x7f433c3fc10ad133,Miso Ramen Bar,"Miso Ramen Bar, 970 High House Rd #128, Cary, NC 27513",35.789034699999995,-78.8267786,"['Ramen restaurant', 'Asian fusion restaurant', 'Asian restaurant', 'Japanese restaurant', 'Noodle shop']",4.8,255,,"[['Friday', '11AM–2PM'], ['Saturday', '11AM–2PM'], ['Sunday', '11AM–2PM'], ['Monday', 'Closed'], ['Tuesday', '11AM–2PM'], ['Wednesday', '11AM–2PM'], ['Thursday', '11AM–2PM']]"
0x89ab149e0d3816b9:0x19ae662180cbcdfc,Sakura Grill,"Sakura Grill, 1677 Owen Dr #3425, Fayetteville, NC 28304",35.0316219,-78.9301905,['Japanese restaurant'],3.8,48,$,"[['Friday', '11AM–10PM'], ['Saturday', '11AM–10PM'], ['Sunday', '11:30AM–9PM'], ['Monday', '11AM–9:30PM'], ['Tuesday', '11AM–9:30PM'], ['Wednesday', '11AM–9:30PM'], ['Thursday', '11AM–9:30PM']]"
0x89acf8206cf95b9d:0xedef69d56ddaf690,Chai's Asian Bistro,"Chai's Asian Bistro, 8347 Creedmoor Rd, Raleigh, NC 27613",35.901157999999995,-78.682368,"['Asian restaurant', 'Chinese restaurant', 'Japanese restaurant', 'Sushi restaurant', 'Thai restaurant']",4.4,247,$$,"[['Friday', '11AM–2:30PM'], ['Saturday', '12–8PM'], ['Sunday', '4–8PM'], ['Monday', 'Closed'], ['Tuesday', '11AM–2:30PM'], ['Wednesday', '11AM–2:30PM'], ['Thursday', '11AM–2:30PM']]"
0x8853192680906823:0x12b2e12e0e7d6f1f,Midori's Japanese Hibachi,"Midori's Japanese Hibachi, 114 N Elm St Suite 103, Greensboro, NC 27401",36.073139999999995,-79.789827,"['Japanese restaurant', 'Asian restaurant']",4.4,75,$,"[['Friday', '11AM–4PM'], ['Saturday', 'Closed'], ['Sunday', 'Closed'], ['Monday', '11AM–4PM'], ['Tuesday', '11AM–4PM'], ['Wednesday', '11AM–4PM'], ['Thursday', '11AM–4PM']]"
0x8859f38510fe1bd5:0xf7e28fb1ebd2bac,Yoshida Express,"Yoshida Express, 611 Tunnel Rd Ste B, Asheville, NC 28805",35.5862585,-82.50962179999999,"['Japanese restaurant', 'Steak house', 'Sushi restaurant']",4.0,207,$,"[['Friday', '11:30AM–8PM'], ['Saturday', '12–8PM'], ['Sunday', 'Closed'], ['Monday', '11:30AM–8PM'], ['Tuesday', '11:30AM–8PM'], ['Wednesday', '11:30AM–8PM'], ['Thursday', '11:30AM–8PM']]"
0x885427b64ce69297:0x9acbdc058259d3be,Sushi 101,"Sushi 101, 5355 Ballantyne Commons Pkwy #500, Charlotte, NC 28277",35.062861999999996,-80.7739185,"['Sushi restaurant', 'Asian restaurant', 'Japanese restaurant', 'Noodle shop', 'Restaurant']",4.1,208,$$,"[['Friday', '11:30AM–2:30PM'], ['Saturday', '12–10PM'], ['Sunday', '2–10PM'], ['Monday', '11:30AM–2:30PM'], ['Tuesday', '11:30AM–2:30PM'], ['Wednesday', '11:30AM–2:30PM'], ['Thursday', '11:30AM–2:30PM']]"
0x89ab81be92189805:0xd45e0468607fbe3a,Yamato Japanese House of Steak,"Yamato Japanese House of Steak, 1903 W Cumberland St, Dunn, NC 28334",35.3158701,-78.6298551,"['Japanese restaurant', 'Asian restaurant', 'Sushi restaurant']",4.3,447,$$,"[['Thursday', '11AM–9:30PM'], ['Friday', '11AM–10:30PM'], ['Saturday', '11AM–10:30PM'], ['Sunday', '11:30AM–9:30PM'], ['Monday', 'Closed'], ['Tuesday', '11AM–9:30PM'], ['Wednesday', '11AM–9:30PM']]"
0x8850fa5ae6f54c21:0x8be97e7136835ba6,Osaka Boone,"North Carolina, Boone, Southgate Dr, Osaka Boone邮政编码: 28607",36.1981898,-81.6605281,"['Asian restaurant', 'Japanese restaurant', 'Japanese steakhouse', 'Mandarin restaurant']",3.8,284,$,"[['Thursday', '11AM–10PM'], ['Friday', '11AM–10PM'], ['Saturday', '11AM–10PM'], ['Sunday', '11AM–10PM'], ['Monday', '11AM–10PM'], ['Tuesday', '11AM–10PM'], ['Wednesday', '11AM–10PM']]"
0x89ab15fc27a68683:0xd5301196dde0e49e,Hokkaido Express,"Hokkaido Express, 3010 Traemoor Village Dr #190, Fayetteville, NC 28306",34.9824249,-79.01352829999999,['Japanese restaurant'],3.6,78,,"[['Thursday', '11:30AM–9:30PM'], ['Friday', '11:30AM–9:30PM'], ['Saturday', '11:30AM–9:30PM'], ['Sunday', '12–9:30PM'], ['Monday', 'Closed'], ['Tuesday', '11:30AM–9:30PM'], ['Wednesday', '11:30AM–9:30PM']]"
0x89ac51128cc461ed:0x46ecfd82ed18770e,Asuka Asian Bistro and Sushi Bar,"Asuka Asian Bistro and Sushi Bar, 2101 S Main St, Wake Forest, NC 27587",35.9482821,-78.5333442,"['Japanese restaurant', 'Asian restaurant', 'Korean restaurant', 'Sushi restaurant']",4.5,516,$$,"[['Thursday', '11AM–2:30PM'], ['Friday', '11AM–2:30PM'], ['Saturday', '12–10PM'], ['Sunday', '12–9PM'], ['Monday', '11AM–2:30PM'], ['Tuesday', '11AM–2:30PM'], ['Wednesday', '11AM–2:30PM']]"
0x88531e58150fb6a1:0x7397393ba640224f,Fuji Sushi Hibachi Restaurant,"Fuji Sushi Hibachi Restaurant, 433 Pisgah Church Rd, Greensboro, NC 27455",36.1311052,-79.79704799999999,"['Japanese restaurant', 'Asian restaurant', 'Bar', 'Sushi restaurant']",4.3,385,$$,"[['Thursday', '11AM–10PM'], ['Friday', '11AM–11PM'], ['Saturday', '11AM–11PM'], ['Sunday', '12AM–10PM'], ['Monday', '11AM–10PM'], ['Tuesday', '11AM–10PM'], ['Wednesday', '11AM–10PM']]"
0x8856c01a67107caf:0x8daf0bcdc1c55e60,Shogun Japanese Steakhouse & Sushi Bar,"Shogun Japanese Steakhouse & Sushi Bar, 306 E Garrison Blvd, Gastonia, NC 28054",35.2539361,-81.1785076,"['Japanese restaurant', 'Asian restaurant']",3.2,107,$$,"[['Thursday', '11:30AM–2PM'], ['Friday', '11:30AM–2PM'], ['Saturday', '4:30–10:30PM'], ['Sunday', '11:30AM–2PM'], ['Monday', '11:30AM–2PM'], ['Tuesday', '11:30AM–2PM'], ['Wednesday', '11:30AM–2PM']]"
0x89ac66355dade507:0x77e4caa7d8a79564,Kobe Japanese Steak House,"Kobe Japanese Steak House, 820 Gulley Dr, Clayton, NC 27520",35.6669025,-78.4963135,['Japanese steakhouse'],4.1,514,$$,"[['Thursday', '11AM–2:30PM'], ['Friday', '11AM–2:30PM'], ['Saturday', '11AM–2:30PM'], ['Sunday', '11AM–2:30PM'], ['Monday', '11AM–2:30PM'], ['Tuesday', '11AM–2:30PM'], ['Wednesday', '11AM–2:30PM']]"
0x8851ab439a2809bb:0x3441e2b2fc147af5,Oshu House,"Oshu House, 920 S Jefferson Ave, West Jefferson, NC 28694",36.391633299999995,-81.4886099,"['Japanese restaurant', 'Restaurant']",4.4,88,,"[['Thursday', '11AM–8PM'], ['Friday', '11AM–8:30PM'], ['Saturday', '11AM–8:30PM'], ['Sunday', '11AM–8PM'], ['Monday', '11AM–8PM'], ['Tuesday', 'Closed'], ['Wednesday', '11AM–8PM']]"
0x8853b19abc9db787:0xf4261f2de3d80f6a,Tokyo House,"Tokyo House, 1957 N Peace Haven Rd, Winston-Salem, NC 27106",36.1182979,-80.3109656,['Japanese restaurant'],4.4,68,$,"[['Tuesday', '11AM–9:30PM'], ['Wednesday', '11AM–9:30PM'], ['Thursday', '11AM–9:30PM'], ['Friday', '11AM–9:30PM'], ['Saturday', '11AM–9:30PM'], ['Sunday', '11AM–9:30PM'], ['Monday', 'Closed']]"
0x8853f32629261ec9:0xe3d8cf7135cc691c,Tokyo Express,"Tokyo Express, 404 E Innes St, Salisbury, NC 28144",35.6647888,-80.46598519999999,['Japanese restaurant'],4.0,471,$,"[['Tuesday', '11AM–9PM'], ['Wednesday', '11AM–9PM'], ['Thursday', '11AM–9PM'], ['Friday', '11AM–9PM'], ['Saturday', '11AM–9PM'], ['Sunday', '11AM–9PM'], ['Monday', '11AM–9PM']]"
0x89ace3ee256a9641:0x57e2fb1463fc4dc0,Jade Buffet,"Jade Buffet, 1720 Guess Rd #25, Durham, NC 27701",36.020222,-78.913901,"['Buffet restaurant', 'Chinese restaurant', 'Japanese restaurant', 'Sushi restaurant']",3.3,158,,"[['Tuesday', '11AM–9:30PM'], ['Wednesday', '11AM–9:30PM'], ['Thursday', '11AM–9:30PM'], ['Friday', '11AM–10PM'], ['Saturday', '11AM–10PM'], ['Sunday', '11AM–9:30PM'], ['Monday', '11AM–9:30PM']]"
0x88541dabc9fa8485:0xa5b091099511eb05,Tintin Cafe,"Tintin Cafe, 3020 Driwood Ct, Charlotte, NC 28269",35.3408161,-80.7699777,['Japanese restaurant'],4.1,416,$,"[['Tuesday', '11AM–9PM'], ['Wednesday', '11AM–9PM'], ['Thursday', '11AM–9PM'], ['Friday', '11AM–9PM'], ['Saturday', '11AM–9PM'], ['Sunday', '4:30–9PM'], ['Monday', '11AM–9PM']]"
0x89ac58db463c30e1:0xf2d2305a637615a1,ShabaShabu,"ShabaShabu, 3080 Wake Forest Rd, Raleigh, NC 27609",35.823757799999996,-78.62110059999999,"['Asian restaurant', 'Asian fusion restaurant', 'Bar', 'Japanese restaurant', 'Lounge', 'Sukiyaki and Shabu Shabu restaurant', 'Sushi restaurant', 'Thai restaurant']",4.2,768,$$,"[['Tuesday', '11:30AM–8:30PM'], ['Wednesday', '11:30AM–8:30PM'], ['Thursday', '11:30AM–8:30PM'], ['Friday', '11:30AM–8:30PM'], ['Saturday', '11:30AM–8:30PM'], ['Sunday', '11:30AM–8:30PM'], ['Monday', '11:30AM–8:30PM']]"
0x89ab5c82fd04e805:0x823901665b59c4e3,Sakura Japanese Steak House,"Sakura Japanese Steak House, 2630 NC-87, Cameron, NC 28326",35.2457245,-79.0252309,"['Japanese restaurant', 'Chinese restaurant']",4.2,768,$$,"[['Tuesday', '11AM–9:30PM'], ['Wednesday', '11AM–9:30PM'], ['Thursday', '11AM–9:30PM'], ['Friday', '11AM–10PM'], ['Saturday', '11AM–10PM'], ['Sunday', '11:30AM–9:30PM'], ['Monday', '11AM–9:30PM']]"
0x89ac8cfdf5b31b25:0xc63b01f6c38b2478,Genki Restaurant & Sushi Bar,"Genki Restaurant & Sushi Bar, 3420-314 Ten-Ten Rd, Cary, NC 27518",35.7028037,-78.7931156,"['Japanese restaurant', 'Asian restaurant', 'Sushi restaurant']",4.4,284,$$,"[['Tuesday', '11AM–2PM'], ['Wednesday', '11AM–2PM'], ['Thursday', '11AM–2PM'], ['Friday', '11AM–2PM'], ['Saturday', '5–9:30PM'], ['Sunday', 'Closed'], ['Monday', '11AM–2PM']]"
0x89a9f4e7c7fce4db:0x24cd7e4ad79ecb82,Hibachi Bistro,"Hibachi Bistro, 341-14 S College Rd, Wilmington, NC 28403",34.2349155,-77.8712967,"['Japanese restaurant', 'Asian fusion restaurant', 'Asian restaurant', 'Fast food restaurant', 'Japanese curry restaurant', 'Japanese steakhouse', 'Takeout Restaurant', 'Sushi restaurant', 'Sushi takeaway', 'Teppanyaki restaurant']",3.7,508,$,"[['Tuesday', '11AM–9:30PM'], ['Wednesday', '11AM–9:30PM'], ['Thursday', '11AM–9:30PM'], ['Friday', '11AM–10PM'], ['Saturday', '11AM–10PM'], ['Sunday', '12–9:30PM'], ['Monday', '11AM–9:30PM']]"
0x89a9f4fd5df5255b:0x6b71504e203b036a,Okami Japanese Steakhouse,"Okami Japanese Steakhouse, 614 S College Rd, Wilmington, NC 28403",34.2251739,-77.8819116,"['Japanese steakhouse', 'Asian fusion restaurant', 'Asian restaurant', 'Japanese restaurant', 'Restaurant', 'Seafood restaurant', 'Steak house', 'Sushi restaurant']",4.5,1474,$$,"[['Tuesday', '4–10PM'], ['Wednesday', '4–10PM'], ['Thursday', '4–10PM'], ['Friday', '4–10PM'], ['Saturday', '4–10PM'], ['Sunday', '11AM–9:30PM'], ['Monday', '4–10PM']]"
0x89a9f50146c01a6b:0x299058c4183d86e8,Hibachi To Go,"Hibachi To Go, 894 S Kerr Ave ste 7, Wilmington, NC 28403",34.2203642,-77.8875695,['Japanese restaurant'],4.2,286,$,"[['Monday', '11AM–9PM'], ['Tuesday', '11AM–9PM'], ['Wednesday', '11AM–9PM'], ['Thursday', '11AM–9PM'], ['Friday', '11AM–9PM'], ['Saturday', '11AM–9PM'], ['Sunday', '11AM–9PM']]"
0x88531858122d929d:0x25f1631ddcc894fc,Hibachi Express,"Hibachi Express, 1011 Alamance Church Rd, Greensboro, NC 27406",36.0424487,-79.7716909,['Japanese restaurant'],4.2,275,$,"[['Monday', '11AM–10PM'], ['Tuesday', '11AM–10PM'], ['Wednesday', '11AM–10PM'], ['Thursday', '11AM–10PM'], ['Friday', '11AM–10PM'], ['Saturday', '11AM–10PM'], ['Sunday', '11AM–10PM']]"
0x885408d3991e4511:0x658788a5f44f26d6,Miyabi Jr Express,"Miyabi Jr Express, 2222 Roxie Street Northeast, Kannapolis, NC 28083",35.4640269,-80.5949294,"['Japanese restaurant', 'Restaurant']",4.5,228,$$,"[['Monday', '11AM–9:30PM'], ['Tuesday', '11AM–9:30PM'], ['Wednesday', '11AM–9:30PM'], ['Thursday', '11AM–9:30PM'], ['Friday', '11AM–9:30PM'], ['Saturday', '11:30AM–9:30PM'], ['Sunday', '11:30AM–9PM']]"
0x88513641f54f61b7:0x3dbca94fdd226806,Nagano Japanese Restaurant,"Nagano Japanese Restaurant, 1226 Conover Blvd W, Conover, NC 28613",35.696854099999996,-81.2557791,['Japanese restaurant'],4.1,618,$$,"[['Monday', '11AM–9:30PM'], ['Tuesday', '11AM–9:30PM'], ['Wednesday', '11AM–9:30PM'], ['Thursday', '11AM–10PM'], ['Friday', '11AM–10PM'], ['Saturday', '11AM–10PM'], ['Sunday', '11AM–9:30PM']]"
0x89ab1408eb295a75:0x2c9a5aa445589dc6,Yamato Jr,"Yamato Jr, 4230 Legion Rd, Hope Mills, NC 28348",34.9831913,-78.9331198,['Japanese restaurant'],4.1,158,,"[['Monday', '11AM–10PM'], ['Tuesday', '11AM–10PM'], ['Wednesday', '11AM–10PM'], ['Thursday', '11AM–10PM'], ['Friday', '11AM–11PM'], ['Saturday', '11AM–11PM'], ['Sunday', '11AM–10PM']]"
0x88531e9d9b6009d5:0x31f05e1ac6f80f7f,Kobe Grill,"Kobe Grill, 3712-K Lawndale Dr, Greensboro, NC 27455",36.119347399999995,-79.8289645,['Japanese restaurant'],4.1,198,$,"[['Monday', '11AM–9PM'], ['Tuesday', '11AM–9PM'], ['Wednesday', '11AM–9PM'], ['Thursday', '11AM–9PM'], ['Friday', '11AM–9PM'], ['Saturday', '11AM–9PM'], ['Sunday', '12–8PM']]"
0x89ac01ea66a403ef:0x815bc79c2767ceb4,Fuji Steakhouse,"Fuji Steakhouse, 2515 E Ash St, Goldsboro, NC 27534",35.3733818,-77.95480309999999,"['Japanese restaurant', 'Steak house']",4.3,178,$$,"[['Monday', '11AM–8PM'], ['Tuesday', '11AM–8PM'], ['Wednesday', '11AM–8PM'], ['Thursday', '11AM–8PM'], ['Friday', '11AM–8:30PM'], ['Saturday', '4–8:30PM'], ['Sunday', 'Closed']]"
0x89a4e49c2051c285:0x63a5718a13bcf65c,Taiko Japanese Restaurant,"Taiko Japanese Restaurant, 5000 S Croatan Hwy, Nags Head, NC 27959, United States",35.9393592,-75.6169204,['Japanese restaurant'],4.6,298,$$,"[['Monday', '11:30AM–3PM'], ['Tuesday', '11:30AM–3PM'], ['Wednesday', '11:30AM–3PM'], ['Thursday', '11:30AM–3PM'], ['Friday', '11:30AM–3PM'], ['Saturday', '11:30AM–3PM'], ['Sunday', 'Closed']]"
0x8856a02f19c8a7d5:0x51721bd1457de39,K.O. Sushi,"K.O. Sushi, 230 S Tryon St, Charlotte, NC 28202",35.2259683,-80.8455791,"['Sushi restaurant', 'Asian restaurant', 'Japanese restaurant']",4.6,175,$,"[['Monday', '4:30–9PM'], ['Tuesday', '4:30–9PM'], ['Wednesday', '4:30–9PM'], ['Thursday', '4:30–9PM'], ['Friday', '4:30–9PM'], ['Saturday', '4:30–9PM'], ['Sunday', 'Closed']]"
0x8859ed7bd4f3f40f:0x517ed620013f68c5,Pacific Pagoda Sushi & Grill,"Pacific Pagoda Sushi & Grill, 1863 Hendersonville Rd #124, Asheville, NC 28803",35.5010991,-82.52423189999999,"['Sushi restaurant', 'Asian fusion restaurant', 'Chinese restaurant', 'Japanese restaurant', 'Restaurant', 'Seafood restaurant', 'Thai restaurant']",4.4,458,$$,"[['Monday', '11AM–10PM'], ['Tuesday', '11AM–10PM'], ['Wednesday', '11AM–10PM'], ['Thursday', '11AM–10PM'], ['Friday', '11AM–10:30PM'], ['Saturday', '11AM–10:30PM'], ['Sunday', '11AM–10PM']]"
0x89acf7473fc1273b:0x77cbae5f7a0c704e,Pokano Poke Island Grill,"Pokano Poke Island Grill, 8107 Creedmoor Rd #110, Raleigh, NC 27613",35.897966499999995,-78.68128949999999,"['Restaurant', 'Asian restaurant', 'Hawaiian restaurant', 'Japanese restaurant', 'Sushi restaurant']",4.2,38,$$,"[['Monday', '11AM–9PM'], ['Tuesday', '11AM–9PM'], ['Wednesday', '11AM–9PM'], ['Thursday', '11AM–9PM'], ['Friday', '11AM–9PM'], ['Saturday', '11AM–9PM'], ['Sunday', '11AM–8PM']]"
0x89001286b9031fb3:0xe18e4692825d2e01,Tokyo bistro,"Tokyo bistro, 132 S Poplar St, Elizabethtown, NC 28337",34.628398499999996,-78.6061521,['Japanese steakhouse'],4.2,148,$$,"[['Monday', '11AM–9:30PM'], ['Tuesday', '11AM–9:30PM'], ['Wednesday', '11AM–9:30PM'], ['Thursday', '11AM–9:30PM'], ['Friday', '11AM–10PM'], ['Saturday', '11AM–10PM'], ['Sunday', '11AM–9PM']]"
0x89ac04196fa7cf9d:0xba1dcf0a0fb56b66,Sakura Express,"Sakura Express, 2924 US Hwy 70 W, Goldsboro, NC 27530",35.430682399999995,-78.0645684,"['Japanese restaurant', 'Restaurant']",3.9,176,$$,"[['Monday', '10:30AM–8:30PM'], ['Tuesday', '10:30AM–8:30PM'], ['Wednesday', '10:30AM–8:30PM'], ['Thursday', '10:30AM–8:30PM'], ['Friday', '10:30AM–9PM'], ['Saturday', '10:30AM–9PM'], ['Sunday', '12–8:30PM']]"
0x8850fa4461c5da6d:0x292cb2d42acaa530,Taste Grill,"Taste Grill, 240 Shadowline Dr, Boone, NC 28607",36.2024591,-81.6609981,"['Asian restaurant', 'Chinese restaurant', 'Japanese restaurant', 'Sushi restaurant']",3.7,385,$,"[['Sunday', '11AM–9:30PM'], ['Monday', '11AM–10PM'], ['Tuesday', '11AM–10PM'], ['Wednesday', '11AM–10PM'], ['Thursday', '11AM–10PM'], ['Friday', '11AM–10PM'], ['Saturday', '11AM–10PM']]"
0x89abbe3ac6249b53:0x2cd2c865cd76b3fb,Tokyo's Express,"Tokyo's Express, 1407 Sunset Ave G, Clinton, NC 28328",34.98874,-78.3507036,"['Japanese restaurant', 'Asian restaurant']",3.9,147,$,"[['Sunday', '11AM–9PM'], ['Monday', '11AM–9PM'], ['Tuesday', '11AM–9PM'], ['Wednesday', '11AM–9PM'], ['Thursday', '11AM–9PM'], ['Friday', '11AM–10PM'], ['Saturday', '11AM–10PM']]"
0x88531b0c78969433:0xf204b61ca29499e8,Tokyo Grill,"Tokyo Grill, 5535 W Market St, Greensboro, NC 27409",36.0755765,-79.892043,['Japanese restaurant'],4.1,398,$,"[['Sunday', 'Closed'], ['Monday', '11AM–2:30PM'], ['Tuesday', '11AM–2:30PM'], ['Wednesday', '11AM–2:30PM'], ['Thursday', '11AM–2:30PM'], ['Friday', '11AM–2:30PM'], ['Saturday', 'Closed']]"
0x88531ea6842e9e37:0xe99f69cc9a32fea3,Mimi Kitchen LLC,"Mimi Kitchen LLC, 2403 Battleground Ave suite 5, Greensboro, NC 27408",36.103002,-79.8249798,['Japanese restaurant'],3.6,137,$$,"[['Sunday', 'Closed'], ['Monday', '11AM–9:30PM'], ['Tuesday', '11AM–9:30PM'], ['Wednesday', '11AM–9:30PM'], ['Thursday', '11AM–9:30PM'], ['Friday', '11AM–9:30PM'], ['Saturday', '12–9:30PM']]"
0x885368c35261777f:0xec2053348a9d4869,Sarkus Express #3,"Sarkus Express #3, 405 E Dixie Dr, Asheboro, NC 27203",35.689242,-79.8122329,['Japanese restaurant'],4.3,106,$,"[['Sunday', '11AM–9PM'], ['Monday', '11AM–9PM'], ['Tuesday', '11AM–9PM'], ['Wednesday', '11AM–9PM'], ['Thursday', '11AM–9PM'], ['Friday', '11AM–9PM'], ['Saturday', '11AM–9PM']]"
0x8853195c809652a7:0x63aee82900103b39,Poke Bowl,"Poke Bowl, 116 N Elm St, Greensboro, NC 27401",36.0731502,-79.7900678,"['Lunch restaurant', 'Chinese restaurant', 'Japanese restaurant', 'Restaurant', 'Salad shop']",4.8,117,,"[['Sunday', 'Closed'], ['Monday', '11AM–8PM'], ['Tuesday', '11AM–8PM'], ['Wednesday', '11AM–8PM'], ['Thursday', '11AM–8PM'], ['Friday', '11AM–8PM'], ['Saturday', '11:30AM–6PM']]"
0x89aae0b9c3bbb61f:0x821c7f8f1f3c3796,Miyabi Jr. Express Lumberton,"Miyabi Jr. Express Lumberton, 3101 Fayetteville Rd, Lumberton, NC 28358",34.6399684,-79.0001779,"['Japanese steakhouse', 'Japanese restaurant', 'Sushi restaurant']",4.4,518,$$,"[['Sunday', '12–8PM'], ['Monday', '12–8PM'], ['Tuesday', '12–8PM'], ['Wednesday', '12–8PM'], ['Thursday', '12–8PM'], ['Friday', '12–8PM'], ['Saturday', '12–8PM']]"
0x8854ac8c24361661:0x4afc15b34ee2d423,Susa Hibachi Grill,"Susa Hibachi Grill, 105 McReynolds St, Carthage, NC 28327",35.3461608,-79.4178155,"['Japanese restaurant', 'Sushi restaurant']",4.4,138,$$,"[['Sunday', 'Closed'], ['Monday', '11AM–8:30PM'], ['Tuesday', '11AM–8:30PM'], ['Wednesday', '11AM–8:30PM'], ['Thursday', '11AM–8:30PM'], ['Friday', '11AM–8:30PM'], ['Saturday', '4–8:30PM']]"
0x89ac5266627a257f:0x50cca58494e19543,New Tokyo Restaurant,"New Tokyo Restaurant, 1116 US-1 ALT, Youngsville, NC 27596",36.0392572,-78.4980807,"['Japanese restaurant', 'Restaurant']",4.2,384,$,"[['Sunday', '11AM–10PM'], ['Monday', '11AM–10PM'], ['Tuesday', '11AM–10PM'], ['Wednesday', '11AM–10PM'], ['Thursday', '11AM–10PM'], ['Friday', '11AM–10PM'], ['Saturday', '11AM–10PM']]"
0x88569c8bc201a377:0xecb3cf605b9fad94,Sky Asian Bistro,"Sky Asian Bistro, 9925 Leitner Dr, Pineville, NC 28134",35.0867533,-80.8810225,"['Sushi restaurant', 'Asian fusion restaurant', 'Bar', 'Japanese restaurant', 'Lounge', 'Restaurant']",4.4,327,$$,"[['Sunday', '11AM–10PM'], ['Monday', '11AM–10PM'], ['Tuesday', 'Closed'], ['Wednesday', '11AM–10PM'], ['Thursday', '11AM–10PM'], ['Friday', '11AM–11PM'], ['Saturday', '11AM–11PM']]"
0x885699dfacac62a7:0x5dd6ac51bb3ef9fe,Blue Orchid Sushi & Asian Bistro,"Blue Orchid Sushi & Asian Bistro, 8170 S Tryon St #G, Charlotte, NC 28273",35.1458587,-80.9364166,"['Sushi restaurant', 'Japanese restaurant']",4.9,228,,"[['Sunday', 'Closed'], ['Monday', '11AM–3PM'], ['Tuesday', '11AM–3PM'], ['Wednesday', '11AM–3PM'], ['Thursday', '11AM–3PM'], ['Friday', '11AM–3PM'], ['Saturday', '11AM–3PM']]"
0x8853b3690a5cc467:0x641d90c62e1ab01f,Chiang Mai Thai and Sushi Bar,"Chiang Mai Thai and Sushi Bar, 4613 Yadkinville Rd, Pfafftown, NC 27040",36.154624,-80.3582162,"['Thai restaurant', 'Japanese restaurant', 'Sushi restaurant']",4.6,238,,"[['Sunday', '11AM–3PM'], ['Monday', '11AM–3PM'], ['Tuesday', '11AM–3PM'], ['Wednesday', '11AM–3PM'], ['Thursday', '11AM–3PM'], ['Friday', '11AM–3PM'], ['Saturday', '11AM–3PM']]"
0x885319a445be1521:0xd71b77178c600eea,Midori Express,"Midori Express, 2421 Randleman Rd, Greensboro, NC 27406",36.037126,-79.79957999999999,"['Japanese restaurant', 'Asian restaurant', 'Restaurant']",4.0,435,$,"[['Sunday', '11AM–10PM'], ['Monday', '11AM–10PM'], ['Tuesday', '11AM–10PM'], ['Wednesday', '11AM–10PM'], ['Thursday', '11AM–10PM'], ['Friday', '11AM–10PM'], ['Saturday', '11AM–10PM']]"
0x88530f1baa48c39d:0xd00baf289fb94b26,5 Points Hibachi & Wings,"5 Points Hibachi & Wings, 143-111 Greensboro Rd, High Point, NC 27260",35.9818729,-79.9783408,"['Authentic Japanese restaurant', 'Japanese restaurant', 'Restaurant']",4.2,168,$,"[['Sunday', 'Closed'], ['Monday', 'Closed'], ['Tuesday', '11AM–3PM'], ['Wednesday', '11AM–3PM'], ['Thursday', '11AM–3PM'], ['Friday', '11AM–3PM'], ['Saturday', '12–8:30PM']]"
0x8853b0ed751c66cb:0x251b465ecd98602,Tanoshii,"Tanoshii, 1555 Hanes Mall Blvd, Winston-Salem, NC 27103",36.0696286,-80.3355825,"['Japanese restaurant', 'Chinese restaurant', 'Delivery service', 'Takeout Restaurant']",4.5,144,$,"[['Sunday', '12–8PM'], ['Monday', 'Closed'], ['Tuesday', '11AM–8PM'], ['Wednesday', '11AM–8PM'], ['Thursday', '11AM–8PM'], ['Friday', '11AM–8PM'], ['Saturday', '11AM–8PM']]"
0x88569e402469d163:0xdb375ba45df22e08,Nori Japan,"Nori Japan, SouthPark Mall, 4325 Barclay Downs Dr, Charlotte, NC 28209",35.1529252,-80.8329686,['Japanese restaurant'],4.2,48,,"[['Sunday', '12–6PM'], ['Monday', '11AM–7PM'], ['Tuesday', '11AM–7PM'], ['Wednesday', '11AM–7PM'], ['Thursday', '11AM–7PM'], ['Friday', '11AM–7PM'], ['Saturday', '11AM–7PM']]"
0x8854203b1571400b:0xca8cb9b8df043535,Charlotte Hibachi Grill,"Charlotte Hibachi Grill, 3657 E Independence Blvd, Charlotte, NC 28205",35.201873299999995,-80.7804704,['Japanese restaurant'],4.2,595,$$,"[['Sunday', '12–8:30PM'], ['Monday', '11AM–9:30PM'], ['Tuesday', '11AM–9:30PM'], ['Wednesday', '11AM–9:30PM'], ['Thursday', '11AM–9:30PM'], ['Friday', '11AM–9:30PM'], ['Saturday', '12–9:30PM']]"
0x885698e7bc0e83e9:0x18b769eb6cc5d681,Hibachi Express,"Hibachi Express, 2908 Oak Lake Blvd, Charlotte, NC 28208",35.190405399999996,-80.9218047,['Japanese restaurant'],3.9,248,$,"[['Saturday', '11AM–9PM'], ['Sunday', '11AM–9PM'], ['Monday', '11AM–9PM'], ['Tuesday', '11AM–9PM'], ['Wednesday', '11AM–9PM'], ['Thursday', '11AM–9PM'], ['Friday', '11AM–9PM']]"
0x8852c01fc3482b07:0xfbe32dba1848240c,Sakura,"Sakura, 640 S Van Buren Rd # L, Eden, NC 27288",36.491565699999995,-79.738095,['Japanese restaurant'],3.9,128,$$,"[['Saturday', '11AM–11PM'], ['Sunday', '12–9:30PM'], ['Monday', 'Closed'], ['Tuesday', '11AM–10PM'], ['Wednesday', '11AM–10PM'], ['Thursday', '11AM–10PM'], ['Friday', '11AM–11PM']]"
0x8852dcd6988a19bd:0xbb9fc8dbaded301a,Taste of Japan,"Taste of Japan, 1437 Freeway Dr., Reidsville, NC 27320",36.3301787,-79.6910932,['Japanese restaurant'],3.6,236,$$,"[['Saturday', '3:30–9:30PM'], ['Sunday', '11AM–9PM'], ['Monday', '11AM–9PM'], ['Tuesday', '11AM–9PM'], ['Wednesday', '11AM–9PM'], ['Thursday', '11AM–9PM'], ['Friday', '11AM–9:30PM']]"
0x89aedd4e33312885:0x8941eb816efa2df9,Shogun Japanese Restaurant,"Shogun Japanese Restaurant, 420 E Arlington Blvd, Greenville, NC 27858",35.5844857,-77.3699082,"['Japanese restaurant', 'Restaurant']",4.5,588,$$,"[['Saturday', '12–9PM'], ['Sunday', '12–8:30PM'], ['Monday', 'Closed'], ['Tuesday', '11AM–8:30PM'], ['Wednesday', '11AM–8:30PM'], ['Thursday', '11AM–8:30PM'], ['Friday', '11AM–9PM']]"
0x89a8d13b3affb629:0xdef1614fe13e2d45,Ginza Japan,"Ginza Japan, 3025 Dr. M.L.K. Jr Blvd, New Bern, NC 28562",35.101596799999996,-77.08563989999999,"['Japanese restaurant', 'Restaurant', 'Sushi restaurant']",4.5,298,$$,"[['Saturday', '11AM–10PM'], ['Sunday', 'Closed'], ['Monday', '11AM–3PM'], ['Tuesday', '11AM–3PM'], ['Wednesday', '11AM–3PM'], ['Thursday', '11AM–3PM'], ['Friday', '11AM–10PM']]"
0x8850ce30be033b49:0x146cda05de09f13b,Oishii Japanese Restaurant,"Oishii Japanese Restaurant, 917 N Green St, Morganton, NC 28655",35.7531116,-81.7163417,['Japanese restaurant'],4.0,188,$,"[['Saturday', '11AM–9PM'], ['Sunday', 'Closed'], ['Monday', '11AM–9PM'], ['Tuesday', '11AM–9PM'], ['Wednesday', '11AM–9PM'], ['Thursday', '11AM–9PM'], ['Friday', '11AM–9PM']]"
0x8851342036b81b73:0xe7c9c33205138635,Okazaki,"Okazaki, 98 New Con Plaza, Newton, NC 28658",35.6800974,-81.2287755,['Japanese restaurant'],4.5,153,$,"[['Saturday', '11AM–9:30PM'], ['Sunday', 'Closed'], ['Monday', '10AM–9:30PM'], ['Tuesday', '10AM–9:30PM'], ['Wednesday', '10AM–9:30PM'], ['Thursday', '10AM–9:30PM'], ['Friday', '10AM–9:30PM']]"
0x8854214769114ebf:0xf3f668097e94493c,Bé-Em Asian Kitchen,"Bé-Em Asian Kitchen, 1848 Galleria Blvd Ste K, Charlotte, NC 28270",35.1380263,-80.73452669999999,"['Asian restaurant', 'Asian fusion restaurant', 'Chinese restaurant', 'Japanese restaurant', 'Korean restaurant', 'Restaurant', 'Vietnamese restaurant']",4.4,435,$,"[['Saturday', '11AM–9:30PM'], ['Sunday', '11AM–9PM'], ['Monday', '11AM–9PM'], ['Tuesday', '11AM–9PM'], ['Wednesday', '11AM–9PM'], ['Thursday', '11AM–9PM'], ['Friday', '11AM–9PM']]"
0x89ac5f70fe37ef5d:0x617b74df36743952,O-Ku Sushi,"O-Ku Sushi, 411 W Hargett St, Raleigh, NC 27603",35.7782901,-78.6456212,"['Sushi restaurant', 'Asian restaurant', 'Bar', 'Authentic Japanese restaurant', 'Japanese restaurant', 'Restaurant']",4.6,406,,"[['Saturday', '5–10PM'], ['Sunday', 'Closed'], ['Monday', '5–9PM'], ['Tuesday', '5–9PM'], ['Wednesday', '5–9PM'], ['Thursday', '5–9PM'], ['Friday', '5–10PM']]"
0x88515b3c6373c403:0x7e9b38ba349f1484,Sakura Japanese Restaurant & Sushi Bar,"Sakura Japanese Restaurant & Sushi Bar, 1737 Wilkesboro Hwy, Statesville, NC 28625",35.8096572,-80.9122517,"['Japanese restaurant', 'Authentic Japanese restaurant', 'Restaurant', 'Sushi restaurant']",4.5,178,,"[['Saturday', '12–9:30PM'], ['Sunday', 'Closed'], ['Monday', '11AM–3PM'], ['Tuesday', '11AM–3PM'], ['Wednesday', '11AM–3PM'], ['Thursday', '11AM–3PM'], ['Friday', '11AM–3PM']]"
0x88541c54dafe84a5:0x2c738e11e624992b,Teriyaki Madness,"Teriyaki Madness, 2700 W Mallard Creek Church Rd #200, Charlotte, NC 28262",35.340250999999995,-80.7650614,"['Asian fusion restaurant', 'Gluten-free restaurant', 'Japanese restaurant']",3.7,36,,"[['Saturday', '11AM–9PM'], ['Sunday', '11:30AM–7:30PM'], ['Monday', '11AM–9PM'], ['Tuesday', '11AM–9PM'], ['Wednesday', '11AM–9PM'], ['Thursday', '11AM–9PM'], ['Friday', '11AM–9PM']]"
0x88531bbd8fb2dd75:0xf26f491061bdc9c9,Asahi Japanese Steakhouse & Sushi Bar,"Asahi Japanese Steakhouse & Sushi Bar, 4520 W Market St, Greensboro, NC 27407",36.0705512,-79.8595986,"['Authentic Japanese restaurant', 'Asian restaurant', 'Japanese restaurant', 'Sushi restaurant']",4.4,618,$$,"[['Saturday', '4–10PM'], ['Sunday', '4–9PM'], ['Monday', 'Closed'], ['Tuesday', '5–9PM'], ['Wednesday', '5–9PM'], ['Thursday', '5–9PM'], ['Friday', '5–10PM']]"
0x89ac516c9f34f7a7:0x6305b29e16391bb4,Hibachi Japan,"Hibachi Japan, 11216 Capital Blvd, Wake Forest, NC 27587",35.9520525,-78.5379024,['Japanese restaurant'],4.1,296,$,"[['Saturday', '11AM–9:30PM'], ['Sunday', 'Closed'], ['Monday', '11AM–9PM'], ['Tuesday', '11AM–9PM'], ['Wednesday', '11AM–9PM'], ['Thursday', '11AM–9PM'], ['Friday', '11AM–9:30PM']]"
0x89acc2ae639ba29d:0xf8224d32d81e340d,Red Bowl Asian Bistro,"Red Bowl Asian Bistro, 201 S Estes Dr, Chapel Hill, NC 27514",35.927389999999995,-79.027339,"['Asian restaurant', 'Beer store', 'Catering food and drink supplier', 'Japanese restaurant', 'Liquor store', 'Sushi restaurant', 'Thai restaurant', 'Vietnamese restaurant']",3.9,228,$$,"[['Saturday', '11AM–11PM'], ['Sunday', '11AM–10PM'], ['Monday', '11AM–10PM'], ['Tuesday', '11AM–10PM'], ['Wednesday', '11AM–10PM'], ['Thursday', '11AM–10PM'], ['Friday', '11AM–11PM']]"
0x88541c3b37face0f:0xf8d699b9588791a6,Love Sushi,"Love Sushi, 8662 JW Clay Blvd #5, Charlotte, NC 28262",35.310206,-80.75062799999999,['Authentic Japanese restaurant'],3.7,258,$$,"[['Saturday', '12–10:30PM'], ['Sunday', '12–9PM'], ['Monday', '11:30AM–10:30PM'], ['Tuesday', '11:30AM–10:30PM'], ['Wednesday', '11:30AM–10:30PM'], ['Thursday', '11:30AM–10:30PM'], ['Friday', '11:30AM–10:30PM']]"
0x8856bc8d11f4b701:0x2cce2286e2406132,Sake Express II,"Sake Express II, 349 W Charlotte Ave, Mt Holly, NC 28120",35.299687,-81.022267,['Japanese restaurant'],4.3,446,$,"[['Saturday', '12–9PM'], ['Sunday', '12–8PM'], ['Monday', '11AM–8PM'], ['Tuesday', '11AM–8PM'], ['Wednesday', '11AM–8PM'], ['Thursday', '11AM–8PM'], ['Friday', '11AM–9PM']]"
0x88541f4e8f9335c3:0xe4cb0a308ae5488a,Teriyaki Express,"Teriyaki Express, 7008 E W.T. Harris Blvd #24, Charlotte, NC 28215",35.2245683,-80.7272282,"['Restaurant', 'Japanese restaurant', 'Sushi restaurant']",4.1,310,$,"[['Saturday', '11AM–8:30PM'], ['Sunday', '11:30AM–9:50PM'], ['Monday', 'Closed'], ['Tuesday', '11AM–9:50PM'], ['Wednesday', '11AM–9:50PM'], ['Thursday', '11AM–8:30PM'], ['Friday', '11AM–9:50PM']]"
0x8853b9ec9e7457b7:0x9f4b97a736802650,Kimono Japanese Restaurant,"Kimono Japanese Restaurant, 2519 Lewisville Clemmons Rd, Clemmons, NC 27012",36.0286111,-80.3805556,['Japanese restaurant'],4.1,228,$,"[['Saturday', '11AM–9PM'], ['Sunday', '11AM–9PM'], ['Monday', '11AM–9PM'], ['Tuesday', '11AM–9PM'], ['Wednesday', '11AM–9PM'], ['Thursday', '11AM–9PM'], ['Friday', '11AM–9PM']]"
0x88513a918fd80455:0x724b56a3d5ebe07c,UMI Japanese Restaurant,"UMI Japanese Restaurant, 40 Cloninger Mill Rd NE, Hickory, NC 28601",35.7905923,-81.30879259999999,"['Japanese restaurant', 'Asian restaurant', 'Sushi restaurant']",4.8,167,$$,"[['Saturday', '5–8PM'], ['Sunday', 'Closed'], ['Monday', '5–8PM'], ['Tuesday', '5–8PM'], ['Wednesday', '5–8PM'], ['Thursday', '5–8PM'], ['Friday', '5–8PM']]"
0x885305310bfd3dfd:0x6595d3c4ea1bd5f4,Ninja Cafe - Kung Fu Tea,"Ninja Cafe - Kung Fu Tea, 5815 Samet Dr ste 111-113, High Point, NC 27265",36.0330823,-79.96082349999999,"['Asian fusion restaurant', 'Bubble tea store', 'Fast food restaurant', 'Japanese restaurant', 'Lunch restaurant', 'Seafood restaurant', 'Sushi restaurant', 'Vegan restaurant']",4.5,96,,"[['Saturday', '11AM–9:30PM'], ['Sunday', '11AM–9:30PM'], ['Monday', '11AM–9:30PM'], ['Tuesday', '11AM–9:30PM'], ['Wednesday', '11AM–9:30PM'], ['Thursday', '11AM–9:30PM'], ['Friday', '11AM–9:30PM']]"
0x89acee2dfe8c43ab:0xa266d656a7751258,Neo Japan,"Neo Japan, 4104 Surles Ct UNIT 4, Durham, NC 27703",35.8677999,-78.849312,"['Japanese restaurant', 'Asian restaurant', 'Restaurant']",3.4,128,$,"[['Friday', '11AM–10:30PM'], ['Saturday', '11AM–10:30PM'], ['Sunday', 'Closed'], ['Monday', '11AM–10PM'], ['Tuesday', '11AM–10PM'], ['Wednesday', '11AM–10PM'], ['Thursday', '11AM–10PM']]"
0x88512d0f127cda1f:0x36b7edae243ddf03,Akito,"Akito, 3068 NC-127, Hickory, NC 28602",35.6851047,-81.3708324,['Japanese restaurant'],4.4,98,,"[['Friday', '11AM–2PM'], ['Saturday', '2–9PM'], ['Sunday', '11AM–9PM'], ['Monday', '11AM–2PM'], ['Tuesday', '11AM–2PM'], ['Wednesday', '11AM–2PM'], ['Thursday', '11AM–2PM']]"
0x88569feed1aef1fb:0x3680efbf6bddc250,Deejai Thai Restaurant,"Deejai Thai Restaurant, 613 Providence Rd, Charlotte, NC 28207",35.201381399999995,-80.8246734,"['Thai restaurant', 'Gluten-free restaurant', 'Japanese restaurant', 'Pan-Asian restaurant', 'Southeast Asian restaurant', 'Sushi restaurant', 'Vegan restaurant']",4.3,355,$$,"[['Friday', '11AM–2:30PM'], ['Saturday', '5–9:30PM'], ['Sunday', '5–9:30PM'], ['Monday', 'Closed'], ['Tuesday', '11AM–2:30PM'], ['Wednesday', '11AM–2:30PM'], ['Thursday', '11AM–2:30PM']]"
0x885158fc6aaf5b0f:0x41f8e73ce127837c,Shiki Japanese Restaurant & Sushi Bar,"Shiki Japanese Restaurant & Sushi Bar, 1929 E Broad St, Statesville, NC 28625",35.790942199999996,-80.8506159,"['Authentic Japanese restaurant', 'Japanese restaurant', 'Restaurant']",4.1,478,$,"[['Friday', '11AM–9PM'], ['Saturday', '12–9:30PM'], ['Sunday', '12–8PM'], ['Monday', '11AM–9PM'], ['Tuesday', '11AM–9PM'], ['Wednesday', '11AM–9PM'], ['Thursday', '11AM–9PM']]"
0x89a8d1325e0fb67d:0x9a12c72fd86602ae,Sumo Bowl,"Sumo Bowl, 1905 S Glenburnie Rd, New Bern, NC 28562",35.1045434,-77.0994781,"['Japanese restaurant', 'Asian restaurant', 'Chinese restaurant']",4.5,328,$,"[['Friday', '11AM–8:30PM'], ['Saturday', '11AM–8:30PM'], ['Sunday', '11AM–8PM'], ['Monday', '11AM–8:30PM'], ['Tuesday', '11AM–8:30PM'], ['Wednesday', '11AM–8:30PM'], ['Thursday', '11AM–8:30PM']]"
0x89bab49b9b14cd93:0xe8fdf98c9d44a9c8,Sakura,"Sakura, 102 Moyock Commons Dr, Moyock, NC 27958",36.5166667,-76.1716667,"['Japanese restaurant', 'Asian restaurant', 'Sushi restaurant']",4.6,524,$$,"[['Friday', '11AM–10PM'], ['Saturday', '11AM–10PM'], ['Sunday', '11AM–10PM'], ['Monday', '11AM–10PM'], ['Tuesday', '11AM–10PM'], ['Wednesday', '11AM–10PM'], ['Thursday', '11AM–10PM']]"
0x89aa75c3789ee889:0xdc775d88e8ee8a0,Tokyo Express,"Tokyo Express, 4501 Main St #3, Shallotte, NC 28470",33.9829472,-78.3700455,['Japanese restaurant'],4.0,238,$,"[['Friday', '11AM–10PM'], ['Saturday', '11AM–10PM'], ['Sunday', '11AM–9PM'], ['Monday', '11AM–9PM'], ['Tuesday', '11AM–9PM'], ['Wednesday', '11AM–9PM'], ['Thursday', '11AM–9PM']]"
0x89aee82f5bf36fd9:0xd00773d1aea0876a,Hibachi Xpress,"Hibachi Xpress, 2414 Stantonsburg Rd, Greenville, NC 27834",35.6070072,-77.41213259999999,"['Japanese restaurant', 'Japanese steakhouse']",4.2,278,$,"[['Friday', '11AM–9:30PM'], ['Saturday', '12–9:30PM'], ['Sunday', '12–9:30PM'], ['Monday', '11AM–9:30PM'], ['Tuesday', '11AM–9:30PM'], ['Wednesday', '11AM–9:30PM'], ['Thursday', '11AM–9:30PM']]"
0x89acb85b3ba32d55:0xfa686bfb0c44c246,New Japan,"New Japan, 90 Lowes Dr, Pittsboro, NC 27312",35.7443635,-79.1659969,['Japanese restaurant'],4.0,358,$,"[['Friday', '11AM–10:15PM'], ['Saturday', '11AM–10:15PM'], ['Sunday', '11AM–8PM'], ['Monday', '11AM–10PM'], ['Tuesday', '11AM–10PM'], ['Wednesday', '11AM–10PM'], ['Thursday', '11AM–10PM']]"
0x8853ad6059d28e15:0x95fc3f6172158799,Kimono Japanese Restaurant,"Kimono Japanese Restaurant, 324 Summit Square Blvd, Winston-Salem, NC 27105",36.187411,-80.27293209999999,"['Japanese steakhouse', 'Asian restaurant', 'Japanese restaurant', 'Restaurant', 'Seafood restaurant', 'Sushi restaurant']",4.3,657,$$,"[['Friday', '11AM–9:30PM'], ['Saturday', '11AM–9:30PM'], ['Sunday', '11AM–9PM'], ['Monday', '11AM–9PM'], ['Tuesday', '11AM–9PM'], ['Wednesday', '11AM–9PM'], ['Thursday', '11AM–9PM']]"
0x89ac59ec7bd50def:0x70421681a6e90e21,Red Bowl Asian Bistro,"Red Bowl Asian Bistro, 6360 Plantation Center Dr, Raleigh, NC 27616",35.8722936,-78.5811662,"['Asian restaurant', 'Asian fusion restaurant', 'Chinese restaurant', 'Japanese restaurant', 'Sushi restaurant', 'Thai restaurant']",4.2,878,$$,"[['Friday', '11AM–10:30PM'], ['Saturday', '11AM–10:30PM'], ['Sunday', '11AM–9:30PM'], ['Monday', '11AM–9:30PM'], ['Tuesday', '11AM–9:30PM'], ['Wednesday', '11AM–9:30PM'], ['Thursday', '11AM–9:30PM']]"
0x89ab14a25c398b45:0xbfe4e131093e99da,Mikoto Express,"Mikoto Express, 1400 Walter Reed Rd, Fayetteville, NC 28304",35.038036,-78.9362467,"['Japanese restaurant', 'Asian restaurant', 'Sushi restaurant']",4.2,524,$,"[['Friday', '11AM–9PM'], ['Saturday', '11AM–9PM'], ['Sunday', '11:30AM–8PM'], ['Monday', '11AM–9PM'], ['Tuesday', '11AM–9PM'], ['Wednesday', '11AM–9PM'], ['Thursday', '11AM–9PM']]"
0x88569e3c67a25def:0xcf230b6d5af0ee97,Yama Asian Fusion,"Yama Asian Fusion, 720 Gov Morrison St #130, Charlotte, NC 28211",35.1567611,-80.82411189999999,"['Sushi restaurant', 'Japanese restaurant']",4.3,198,$$,"[['Friday', '11:30AM–3PM'], ['Saturday', '11:30AM–3PM'], ['Sunday', '5–10PM'], ['Monday', 'Closed'], ['Tuesday', '11:30AM–3PM'], ['Wednesday', '11:30AM–3PM'], ['Thursday', '11:30AM–3PM']]"
0x88541dc6dbaacdb7:0x935ac7747e4153cc,Blacow,"Blacow, 517 University Center Blvd, Charlotte, NC 28262",35.3079059,-80.7558665,"['Japanese restaurant', 'Hamburger restaurant']",4.2,408,$$,"[['Friday', '11AM–11PM'], ['Saturday', '11AM–11PM'], ['Sunday', '11AM–9PM'], ['Monday', '11AM–10PM'], ['Tuesday', '11AM–10PM'], ['Wednesday', '11AM–10PM'], ['Thursday', '11AM–10PM']]"
0x89acded3d259a2f1:0x157c81379a0bc9e8,Tokyo Express,"Tokyo Express, 145 Mayo St, Hillsborough, NC 27278",36.0609654,-79.10615349999999,['Japanese restaurant'],4.4,246,$,"[['Friday', '11AM–9PM'], ['Saturday', '11AM–9PM'], ['Sunday', 'Closed'], ['Monday', '11AM–9PM'], ['Tuesday', '11AM–9PM'], ['Wednesday', '11AM–9PM'], ['Thursday', '11AM–9PM']]"
0x8853984ac4f86c4b:0x4ba0797237ebbe1c,Shoto Japanese Steakhouse & Seafood,"Shoto Japanese Steakhouse & Seafood, 17 N Main St, Lexington, NC 27292",35.8243738,-80.2526194,"['Japanese restaurant', 'Cocktail bar', 'Family restaurant', 'Restaurant', 'Steak house']",4.5,554,$$,"[['Thursday', '11AM–9PM'], ['Friday', '11AM–10PM'], ['Saturday', '11AM–10PM'], ['Sunday', 'Closed'], ['Monday', 'Closed'], ['Tuesday', '11AM–9PM'], ['Wednesday', '11AM–9PM']]"
0x89acf58adc12dc55:0xdf602f0990a3c51b,Ajisai,"Ajisai, 427 Woodburn Rd, Raleigh, NC 27605",35.7901129,-78.65967169999999,"['Japanese restaurant', 'Asian fusion restaurant', 'Sushi restaurant']",4.5,506,$$,"[['Thursday', '11AM–10PM'], ['Friday', '11AM–11PM'], ['Saturday', '11:30AM–11PM'], ['Sunday', '11:30AM–10PM'], ['Monday', '11AM–10PM'], ['Tuesday', 'Closed'], ['Wednesday', '11AM–10PM']]"
0x8856a88e57230e47:0x6ea4de174aa18ee6,Sushi Star,"Sushi Star, 9905 Rose Commons Dr, Huntersville, NC 28078",35.408729,-80.86295989999999,"['Sushi restaurant', 'Asian restaurant', 'Japanese restaurant']",4.2,248,$,"[['Thursday', '11AM–8PM'], ['Friday', '11AM–8PM'], ['Saturday', '11AM–8PM'], ['Sunday', 'Closed'], ['Monday', '11AM–8PM'], ['Tuesday', '11AM–8PM'], ['Wednesday', '11AM–8PM']]"
0x8853013279fa245b:0x4019142635b3266c,Yoshi Express,"Yoshi Express, 210-B Market View Dr, Kernersville, NC 27284",36.1138808,-80.08566259999999,['Japanese restaurant'],4.7,173,,"[['Thursday', '11AM–9PM'], ['Friday', '11AM–9PM'], ['Saturday', '11AM–9PM'], ['Sunday', '11AM–9PM'], ['Monday', '11AM–9PM'], ['Tuesday', '11AM–9PM'], ['Wednesday', '11AM–9PM']]"
0x8850d6d48f7cc863:0x16a9c07653914e94,Osaki Japanese Restaurant,"Osaki Japanese Restaurant, 825 Main St W, Valdese, NC 28609",35.745049,-81.57526299999999,"['Japanese restaurant', 'Restaurant']",4.0,178,,"[['Thursday', '11AM–9PM'], ['Friday', '11AM–9PM'], ['Saturday', '3–9PM'], ['Sunday', '11AM–8PM'], ['Monday', '11AM–9PM'], ['Tuesday', '11AM–9PM'], ['Wednesday', '11AM–9PM']]"
0x8850d1c2e2e5c8ff:0x36c84e6358bb4347,Fumiyoshi,"Fumiyoshi, 815 S Sterling St, Morganton, NC 28655",35.7386456,-81.67830029999999,['Japanese restaurant'],4.4,224,$,"[['Thursday', '11AM–9PM'], ['Friday', '11AM–9PM'], ['Saturday', '11AM–9PM'], ['Sunday', '11AM–9PM'], ['Monday', '11AM–9PM'], ['Tuesday', 'Closed'], ['Wednesday', '11AM–9PM']]"
0x89ad16ff432a607f:0x6d26f53554045de4,Tokyo Grill,"Tokyo Grill, 5488 Durham Rd, Roxboro, NC 27574",36.3184411,-78.97314899999999,['Japanese restaurant'],4.3,88,,"[['Thursday', '5AM–9PM'], ['Friday', '5AM–9PM'], ['Saturday', '5AM–9PM'], ['Sunday', 'Closed'], ['Monday', '5AM–9PM'], ['Tuesday', '5AM–9PM'], ['Wednesday', '5AM–9PM']]"
0x8851319eb3e8d8bf:0x7fb2db61248c4697,Ny Hibachi Buffet,"Ny Hibachi Buffet, 2128 US Hwy 70 SE, Hickory, NC 28602, United States",35.702610799999995,-81.30085439999999,"['Buffet restaurant', 'American restaurant', 'Asian restaurant', 'Chinese restaurant', 'Italian restaurant', 'Japanese restaurant', 'Restaurant']",4.2,2356,$$,"[['Thursday', '11AM–9:30PM'], ['Friday', '11AM–10PM'], ['Saturday', '11AM–10PM'], ['Sunday', '11AM–9:30PM'], ['Monday', '11AM–9:30PM'], ['Tuesday', '11AM–9:30PM'], ['Wednesday', '11AM–9:30PM']]"
0x88513fc21c599c43:0xd5119bd2aec3c8d0,Koto's,"Koto's, 66 NC-16, Taylorsville, NC 28681",35.9230831,-81.1866527,['Japanese restaurant'],4.4,328,$,"[['Thursday', '11AM–9PM'], ['Friday', '11AM–9PM'], ['Saturday', '3:30–9PM'], ['Sunday', '11AM–9PM'], ['Monday', '11AM–9PM'], ['Tuesday', '11AM–9PM'], ['Wednesday', '11AM–9PM']]"
0x8856c92ff8da292f:0x823fc99a80ac0636,Hoshi Express,"Hoshi Express, 1215 E Main St, Lincolnton, NC 28092",35.4765969,-81.24103029999999,['Japanese restaurant'],4.5,305,$,"[['Thursday', '11AM–9PM'], ['Friday', '11AM–9PM'], ['Saturday', '11AM–9PM'], ['Sunday', '11AM–9PM'], ['Monday', '11AM–9PM'], ['Tuesday', '11AM–9PM'], ['Wednesday', '11AM–9PM']]"
0x88569f81b8106491:0x3d6eed4d078a4554,Nikko Japanese Restaurant & Sushi Bar,"Nikko Japanese Restaurant & Sushi Bar, 325 Arlington Ave #108, Charlotte, NC 28203",35.216822,-80.85215099999999,"['Japanese restaurant', 'Sushi restaurant']",4.2,852,$$,"[['Thursday', '11:30AM–2:30PM'], ['Friday', '11:30AM–2:30PM'], ['Saturday', '5PM–12AM'], ['Sunday', '5–10PM'], ['Monday', '11:30AM–2:30PM'], ['Tuesday', '11:30AM–2:30PM'], ['Wednesday', '11:30AM–2:30PM']]"
0x885437d9ddaf88db:0xa48b0ce9c3b59701,Tokyo Bistro,"Tokyo Bistro, 3921 US-74, Wingate, NC 28174",34.9828845,-80.449416,['Japanese restaurant'],4.5,216,$,"[['Thursday', '11AM–9PM'], ['Friday', '11AM–9:30PM'], ['Saturday', '11AM–9PM'], ['Sunday', '11AM–9PM'], ['Monday', 'Closed'], ['Tuesday', '11AM–9PM'], ['Wednesday', '11AM–9PM']]"
0x88532923b2517ec3:0xdef61c502fac152,Sakura Japanese Steakhouse,"Sakura Japanese Steakhouse, 3274 S Church St, Burlington, NC 27215",36.080392499999995,-79.5065482,"['Japanese restaurant', 'Asian restaurant', 'Steak house']",3.6,268,$$,"[['Thursday', '11AM–2PM'], ['Friday', '11AM–2PM'], ['Saturday', '4:30–9PM'], ['Sunday', '11AM–2PM'], ['Monday', '11AM–2PM'], ['Tuesday', '11AM–2PM'], ['Wednesday', '11AM–2PM']]"
0x88538263b11e7709:0x434c6b3cca703575,Tokyo Chinese & Japanese,"Tokyo Chinese & Japanese, 148 N Main St, Denton, NC 27239",35.6356775,-80.1131671,"['Japanese restaurant', 'Chinese restaurant']",4.5,165,$,"[['Thursday', '11AM–9:30PM'], ['Friday', '11AM–9:30PM'], ['Saturday', '11AM–9:30PM'], ['Sunday', '11AM–9PM'], ['Monday', '11AM–9:30PM'], ['Tuesday', '11AM–9:30PM'], ['Wednesday', '11AM–9:30PM']]"
0x88509470362471f7:0xe2c4ee4d4015ed1b,New Miyoshi,"New Miyoshi, 1195 Millers Gap Hwy, Newland, NC 28657",36.0745937,-81.9237234,"['Chinese restaurant', 'American restaurant', 'Authentic Japanese restaurant']",4.0,137,$,"[['Thursday', '10:30AM–9:30PM'], ['Friday', '10:30AM–9:30PM'], ['Saturday', '3–9:30PM'], ['Sunday', '11AM–9:30PM'], ['Monday', '10:30AM–9:30PM'], ['Tuesday', '10:30AM–9:30PM'], ['Wednesday', '10:30AM–9:30PM']]"
0x8850fa5084bd1307:0xe6655dd1b38e58c6,Hokkaido Restaurant,"Hokkaido Restaurant, 276 Village Dr k, Boone, NC 28607",36.1963308,-81.6584018,"['Japanese restaurant', 'Restaurant']",4.4,228,$,"[['Thursday', '11AM–8:30PM'], ['Friday', '11AM–9PM'], ['Saturday', '11AM–9PM'], ['Sunday', '11AM–8:30PM'], ['Monday', '11AM–8:30PM'], ['Tuesday', '11AM–8:30PM'], ['Wednesday', '11AM–8:30PM']]"
0x89aca716cd7efc33:0x2462307013cd1a73,Tokyo Express,"Tokyo Express, 2902 S Horner Blvd, Sanford, NC 27332",35.4522183,-79.1395184,['Japanese restaurant'],4.4,148,$,"[['Thursday', '11AM–9PM'], ['Friday', '11AM–10PM'], ['Saturday', '11AM–10PM'], ['Sunday', '11AM–9PM'], ['Monday', '11AM–9PM'], ['Tuesday', '11AM–9PM'], ['Wednesday', '11AM–9PM']]"
0x885497fb5618e91d:0xcfe3d979322b954f,Kristi's Pizza & Japanese Food,"Kristi's Pizza & Japanese Food, 111 S Main St, Candor, NC 27229",35.294689,-79.74533699999999,"['Brunch restaurant', 'Japanese restaurant', 'Pizza restaurant']",4.2,118,$$,"[['Thursday', '11AM–8PM'], ['Friday', '11AM–8PM'], ['Saturday', '11AM–8PM'], ['Sunday', 'Closed'], ['Monday', '11AM–8PM'], ['Tuesday', '11AM–8PM'], ['Wednesday', '11AM–8PM']]"
0x88569ec60af248d5:0x5f41edba0c52c8cd,"Kabuto Japanese Steakhouse, Hibachi Grill and Sushi","Kabuto Japanese Steakhouse, Hibachi Grill and Sushi, 446 Tyvola Rd, Charlotte, NC 28217",35.1620992,-80.8862462,"['Japanese steakhouse', 'Family restaurant', 'Sushi restaurant']",4.0,848,$$,"[['Thursday', '11AM–9:30PM'], ['Friday', '11AM–10PM'], ['Saturday', '12–10PM'], ['Sunday', '12–9PM'], ['Monday', '11AM–9:30PM'], ['Tuesday', '11AM–9:30PM'], ['Wednesday', '11AM–9:30PM']]"
0x8856c93ad412c6e9:0xe6523792d7590dc6,China 1,"China 1, 1411 E Main St, Lincolnton, NC 28092",35.476925099999995,-81.2381606,"['Chinese restaurant', 'Fine dining restaurant', 'Japanese restaurant', 'Restaurant']",4.0,455,$,"[['Wednesday', '11AM–9:30PM'], ['Thursday', '11AM–9:30PM'], ['Friday', '11AM–9:30PM'], ['Saturday', '11AM–9:30PM'], ['Sunday', '11AM–9:30PM'], ['Monday', 'Closed'], ['Tuesday', '11AM–9:30PM']]"
0x8853059b8ec98df7:0x1efbaaece18ec6a8,US Sushi,"US Sushi, 2531 Eastchester Dr #113, High Point, NC 27265",36.0305769,-79.9696326,['Japanese restaurant'],4.4,498,$$,"[['Wednesday', '11AM–2:30PM'], ['Thursday', '11AM–2:30PM'], ['Friday', '11AM–2:30PM'], ['Saturday', '12–9:30PM'], ['Sunday', '12–9PM'], ['Monday', '11AM–2:30PM'], ['Tuesday', '11AM–2:30PM']]"
0x8859eb9c6f2cf73b:0x6c2fd97e82ddf506,Shinsen Express,"Shinsen Express, 5601 Hendersonville Rd, Fletcher, NC 28732",35.4067155,-82.5142681,['Japanese restaurant'],4.6,188,$,"[['Wednesday', '11AM–8:30PM'], ['Thursday', '11AM–8:30PM'], ['Friday', '11AM–8:30PM'], ['Saturday', '11AM–8:30PM'], ['Sunday', 'Closed'], ['Monday', '11AM–8:30PM'], ['Tuesday', '11AM–8:30PM']]"
0x88512f7d86ab0bfd:0x7bc85dc972f43e16,Tokyo Diner,"Tokyo Diner, 223 River Bend Dr, Granite Falls, NC 28630",35.7805855,-81.3917989,['Japanese restaurant'],4.4,298,,"[['Wednesday', '11AM–9PM'], ['Thursday', '11AM–9PM'], ['Friday', '11AM–9PM'], ['Saturday', '11AM–9PM'], ['Sunday', '11AM–8PM'], ['Monday', '11AM–9PM'], ['Tuesday', '11AM–9PM']]"
0x89acd7195d1fbac1:0x4113ba9d18ab05a,Sakura Grill,"Sakura Grill, 1327 Mebane Oaks Rd, Mebane, NC 27302",36.0664383,-79.2717186,['Japanese restaurant'],4.7,166,,"[['Wednesday', '11AM–9PM'], ['Thursday', '11AM–9PM'], ['Friday', '11AM–9PM'], ['Saturday', '11AM–9PM'], ['Sunday', '11AM–9PM'], ['Monday', '11AM–9PM'], ['Tuesday', '11AM–9PM']]"
0x8856a88e57230e47:0xfa4db1b210376c6b,Yoshi's Grill,"Yoshi's Grill, 9826 Gilead Rd Ste 101, Huntersville, NC 28078",35.4060846,-80.8646217,['Japanese restaurant'],4.2,468,$,"[['Tuesday', '11AM–9PM'], ['Wednesday', '11AM–9PM'], ['Thursday', '11AM–9PM'], ['Friday', '11AM–9:30PM'], ['Saturday', '4–9:30PM'], ['Sunday', '11AM–9PM'], ['Monday', '11AM–9PM']]"
0x88530752dbc213af:0xf393405ab31ae8f8,Kimono,"Kimono, 825 S Main St, Kernersville, NC 27284",36.1107923,-80.08749929999999,"['Japanese restaurant', 'Asian restaurant']",4.0,368,$,"[['Tuesday', '11AM–9PM'], ['Wednesday', '11AM–9PM'], ['Thursday', '11AM–9PM'], ['Friday', '11AM–9:30PM'], ['Saturday', '11AM–9PM'], ['Sunday', '11AM–9PM'], ['Monday', '11AM–9PM']]"
0x89a9f64e0ffb87b7:0x2104e3dd4f8910e,Hibachi Bistro,"Hibachi Bistro, 5619 Carolina Beach Rd Unit 150, Wilmington, NC 28412",34.1347636,-77.8931905,"['Japanese restaurant', 'Asian restaurant', 'Fast food restaurant', 'Sushi restaurant']",3.9,458,$,"[['Tuesday', '11AM–9:30PM'], ['Wednesday', '11AM–9:30PM'], ['Thursday', '11AM–9:30PM'], ['Friday', '11AM–10PM'], ['Saturday', '11AM–10PM'], ['Sunday', '11AM–10PM'], ['Monday', '11AM–9:30PM']]"
0x89a9f4d85d5ccb9b:0x22fc246dafaee3c,Genki Japanese & Sushi Restaurant,"Genki Japanese & Sushi Restaurant, 4724 New Centre Dr, Wilmington, NC 28405",34.2460847,-77.8808086,"['Sushi restaurant', 'Japanese restaurant']",4.7,713,$$,"[['Tuesday', '11:30AM–2PM'], ['Wednesday', '11:30AM–2PM'], ['Thursday', '11:30AM–2PM'], ['Friday', '11:30AM–2PM'], ['Saturday', '11:30AM–2PM'], ['Sunday', '5–9PM'], ['Monday', 'Closed']]"
0x8853ae296a1a47cb:0x5c9aca58eaaadae4,ISE Japanese restaurant,"ISE Japanese restaurant, 2213 Cloverdale Ave, Winston-Salem, NC 27103",36.091492599999995,-80.27466249999999,['Japanese restaurant'],3.6,204,,"[['Tuesday', '11AM–9:30PM'], ['Wednesday', '11AM–9:30PM'], ['Thursday', '11AM–9:30PM'], ['Friday', '11AM–10PM'], ['Saturday', '11AM–10PM'], ['Sunday', 'Closed'], ['Monday', '11AM–9:30PM']]"
0x885a094cf6fa2c41:0xded19c47b32e8d9f,Little Tokyo,"Little Tokyo, 114 Reservoir Rd, Burnsville, NC 28714",35.9151587,-82.30105689999999,"['Chinese restaurant', 'Japanese steakhouse']",4.2,205,$,"[['Tuesday', '11AM–9:30PM'], ['Wednesday', '11AM–9:30PM'], ['Thursday', '11AM–9:30PM'], ['Friday', '11AM–9:30PM'], ['Saturday', '11AM–9:30PM'], ['Sunday', '11AM–9:30PM'], ['Monday', '11AM–9:30PM']]"
0x8859772f6a63b533:0x86cd3711c403787e,Kobe Express Japanese Restaurant,"Kobe Express Japanese Restaurant, 234 Waynesville Plaza, Waynesville, NC 28786",35.4998536,-82.98354979999999,"['Japanese restaurant', 'Restaurant']",4.5,415,$$,"[['Tuesday', '11AM–8PM'], ['Wednesday', '11AM–8PM'], ['Thursday', '11AM–8PM'], ['Friday', '11AM–8PM'], ['Saturday', '11AM–8PM'], ['Sunday', '11AM–8PM'], ['Monday', '11AM–8PM']]"
0x8857408651753f51:0x229a456fb6633213,China & Hibachi,"China & Hibachi, 464 W Main St, Forest City, NC 28043",35.3395698,-81.87483069999999,"['Chinese restaurant', 'Asian restaurant', 'Japanese restaurant', 'Thai restaurant', 'Vietnamese restaurant']",4.5,172,$,"[['Tuesday', '11AM–9PM'], ['Wednesday', '11AM–9PM'], ['Thursday', '11AM–9PM'], ['Friday', '11AM–9PM'], ['Saturday', 'Closed'], ['Sunday', '11AM–9PM'], ['Monday', '11AM–9PM']]"
0x88574113ff28ba93:0x849fa4658b9cf9cc,Asian Wok Restaurant,"Asian Wok Restaurant, 405 E Main St, Spindale, NC 28160",35.354560299999996,-81.92151419999999,"['Chinese restaurant', 'Japanese restaurant']",4.5,204,$,"[['Tuesday', '11AM–3PM'], ['Wednesday', '11AM–3PM'], ['Thursday', '11AM–3PM'], ['Friday', '11AM–3PM'], ['Saturday', '11AM–3PM'], ['Sunday', '11AM–3PM'], ['Monday', 'Closed']]"
0x885741a9305de635:0xb011f662892e3461,Kyoto Express,"Kyoto Express, 247 Oak Street Extension Suite #173, Forest City, NC 28043",35.3331297,-81.8947271,"['Japanese restaurant', 'Seafood restaurant']",4.4,148,,"[['Tuesday', '11AM–9PM'], ['Wednesday', '11AM–9PM'], ['Thursday', '11AM–9PM'], ['Friday', '11AM–9PM'], ['Saturday', '11AM–9PM'], ['Sunday', '11AM–4PM'], ['Monday', '11AM–9PM']]"
0x88547b42d1360a01:0x284a2963f195b51d,Little Tokyo Restaurant,"Little Tokyo Restaurant, 1446 Hwy 52 North, Albemarle, NC 28001",35.3732142,-80.1958646,['Japanese restaurant'],4.0,397,$$,"[['Tuesday', '11AM–12AM'], ['Wednesday', '11AM–2AM'], ['Thursday', '11AM–2AM'], ['Friday', '11AM–2AM'], ['Saturday', '11AM–2AM'], ['Sunday', '11AM–12AM'], ['Monday', '11AM–12AM']]"
0x89acf3973121d6d5:0xae3b4f0c7360c1b5,Toyo Shokuhin & Gifts,"Toyo Shokuhin & Gifts, 748 E Chatham St L, Cary, NC 27511",35.7915311,-78.7651302,"['Japanese grocery store', 'Asian grocery store', 'Gift shop', 'Grocery store']",4.8,228,,"[['Monday', '10AM–6PM'], ['Tuesday', '10AM–6PM'], ['Wednesday', '10AM–6PM'], ['Thursday', '10AM–6PM'], ['Friday', '10AM–6PM'], ['Saturday', '10AM–6PM'], ['Sunday', '10AM–6PM']]"
0x8856bfed5ade5731:0xabc97ffd8e7b82b3,Lucky Samurai,"Lucky Samurai, 116 N New Hope Rd, Gastonia, NC 28054",35.2628243,-81.15239609999999,"['Japanese restaurant', 'Japanese steakhouse']",4.3,484,$,"[['Monday', '11AM–9PM'], ['Tuesday', '11AM–9PM'], ['Wednesday', '11AM–9PM'], ['Thursday', '11AM–9PM'], ['Friday', '11AM–9PM'], ['Saturday', '12–9PM'], ['Sunday', '11AM–9PM']]"
0x8853b1cd78f3a08f:0x7b85cad65814e57a,Sakura,"Sakura, 548 S Stratford Rd, Winston-Salem, NC 27103",36.088136999999996,-80.28855399999999,"['Japanese restaurant', 'Asian restaurant', 'Family restaurant', 'Japanese steakhouse', 'Restaurant', 'Seafood restaurant', 'Steak house', 'Sushi restaurant', 'Tempura restaurant', 'Udon noodle restaurant']",4.3,418,$$,"[['Monday', '11AM–10PM'], ['Tuesday', '11AM–10PM'], ['Wednesday', '11AM–10PM'], ['Thursday', '11AM–10PM'], ['Friday', '11AM–10PM'], ['Saturday', '11AM–10PM'], ['Sunday', '11AM–10PM']]"
0x8859e9fddc62aa0f:0x7856250ff92816bc,Sumo's Japanese Steakhouse Hendersonville,"Sumo's Japanese Steakhouse Hendersonville, 1730 Asheville Hwy, Hendersonville, NC 28791",35.3329544,-82.4693985,['Japanese restaurant'],4.5,204,$,"[['Monday', '11AM–9PM'], ['Tuesday', '11AM–9PM'], ['Wednesday', '11AM–9PM'], ['Thursday', '11AM–9PM'], ['Friday', '11AM–9PM'], ['Saturday', '11AM–9PM'], ['Sunday', '11AM–9PM']]"
0x8851557cca717005:0x9b6907c182b4cde4,Tokyo Japanese Restaurant,"Tokyo Japanese Restaurant, 539 E Plaza Dr v, Mooresville, NC 28115",35.600107,-80.8134726,"['Japanese restaurant', 'Asian restaurant', 'Sushi restaurant']",4.1,288,$,"[['Monday', '11AM–2:30PM'], ['Tuesday', '11AM–2:30PM'], ['Wednesday', '11AM–2:30PM'], ['Thursday', '11AM–2:30PM'], ['Friday', '11AM–2:30PM'], ['Saturday', '12–9PM'], ['Sunday', '4:30–8:30PM']]"
0x89ac5117981d1b35:0x8ce7937c0629a97d,Mizu Sushi Steak Seafood,"Mizu Sushi Steak Seafood, 10750 Wakefield Commons Dr #101, Raleigh, NC 27614",35.9418304,-78.5413026,['Japanese restaurant'],4.5,348,$$,"[['Monday', '11:30AM–2PM'], ['Tuesday', '11:30AM–2PM'], ['Wednesday', '11:30AM–2PM'], ['Thursday', '11:30AM–2PM'], ['Friday', '11:30AM–2PM'], ['Saturday', '5–10PM'], ['Sunday', 'Closed']]"
0x89ac58e3d8ca28bb:0x26205da10055e9e8,Hibachi Japan,"Hibachi Japan, 4001 Wake Forest Rd, Raleigh, NC 27609",35.8355031,-78.6154871,"['Japanese restaurant', 'Asian restaurant', 'Sushi restaurant']",4.0,335,$,"[['Monday', '11AM–9:30PM'], ['Tuesday', '11AM–9:30PM'], ['Wednesday', '11AM–9:30PM'], ['Thursday', '11AM–9:30PM'], ['Friday', '11AM–10PM'], ['Saturday', '11AM–10PM'], ['Sunday', 'Closed']]"
0x88543099c1ab76dd:0x299006c1e46c26d6,Takara Sushi & Steakhouse Inc,"Takara Sushi & Steakhouse Inc, 2515 W Roosevelt Blvd E, Monroe, NC 28110",35.013631499999995,-80.5700911,"['Japanese steakhouse', 'Asian restaurant', 'Japanese restaurant']",4.3,668,$$,"[['Monday', 'Closed'], ['Tuesday', '11AM–2:30PM'], ['Wednesday', '11AM–2:30PM'], ['Thursday', '11AM–2:30PM'], ['Friday', '11AM–2PM'], ['Saturday', '12–10:30PM'], ['Sunday', '11AM–10PM']]"
0x885430be9197c41f:0x521035c1554a1bd7,Jade Kitchen 2,"Jade Kitchen 2, 1849 Dickerson Blvd, Monroe, NC 28110",35.0069535,-80.5637531,"['American restaurant', 'Chicken restaurant', 'Chinese restaurant', 'Japanese restaurant', 'Delivery Restaurant', 'Vegetarian restaurant']",3.9,178,$,"[['Monday', '11AM–10PM'], ['Tuesday', '11AM–10PM'], ['Wednesday', '11AM–10PM'], ['Thursday', '11AM–10PM'], ['Friday', '11AM–11PM'], ['Saturday', '11AM–11PM'], ['Sunday', 'Closed']]"
0x89aae0b75bf476d3:0x4314ba63fd5c3baa,Kami Authentic Japanese Cuisine,"Kami Authentic Japanese Cuisine, 2201 N Roberts Ave, Lumberton, NC 28358",34.639002999999995,-79.001999,"['Japanese restaurant', 'Asian restaurant']",4.3,278,$,"[['Monday', '11AM–9PM'], ['Tuesday', '11AM–9PM'], ['Wednesday', '11AM–9PM'], ['Thursday', '11AM–9PM'], ['Friday', '11AM–9PM'], ['Saturday', '11AM–9PM'], ['Sunday', 'Closed']]"
0x89acf390a95d1061:0x36047a8acb228406,Sushi Little Tokyo Restaurant,"Sushi Little Tokyo Restaurant, 1401 SE Maynard Rd, Cary, NC 27511",35.7903042,-78.76418249999999,['Japanese restaurant'],4.4,264,$$,"[['Monday', 'Closed'], ['Tuesday', '11:30AM–2:30PM'], ['Wednesday', '11:30AM–2:30PM'], ['Thursday', '11:30AM–2:30PM'], ['Friday', '11:30AM–2:30PM'], ['Saturday', '11:30AM–2:30PM'], ['Sunday', '5–10PM']]"
0x89ac5131e15282db:0x553d56d4f8f6f4c4,Hayashi Japanese Restaurant,"Hayashi Japanese Restaurant, 13200 Falls of Neuse Rd STE 105, Raleigh, NC 27614",35.940232699999996,-78.5606629,"['Japanese restaurant', 'Conveyor belt sushi restaurant']",4.3,228,$$,"[['Monday', '11:30AM–2PM'], ['Tuesday', '11:30AM–2PM'], ['Wednesday', '11:30AM–2PM'], ['Thursday', '11:30AM–2PM'], ['Friday', '11:30AM–2PM'], ['Saturday', '11:30AM–2PM'], ['Sunday', '5–9:30PM']]"
0x89ac586233382d3b:0xae5355017012f120,Peking Garden,"Peking Garden, 126 E Millbrook Rd, Raleigh, NC 27609",35.8552847,-78.6398294,"['Chinese restaurant', 'Japanese restaurant', 'Sushi restaurant', 'Thai restaurant']",4.1,128,$$,"[['Monday', '11AM–10PM'], ['Tuesday', '11AM–10PM'], ['Wednesday', '11AM–10PM'], ['Thursday', '11AM–10PM'], ['Friday', '11AM–10PM'], ['Saturday', '5–10PM'], ['Sunday', '12–9PM']]"
0x89a9f35a8f7cc209:0xe018156233f3fa5c,The Bento Box Sushi Bar and Asian Kitchen,"The Bento Box Sushi Bar and Asian Kitchen, 1121 Military Cutoff Rd l, Wilmington, NC 28405",34.2368333,-77.8261667,"['Sushi restaurant', 'Dim sum restaurant', 'Japanese restaurant', 'Thai restaurant']",4.4,386,$$$,"[['Monday', '11:30AM–9PM'], ['Tuesday', '11:30AM–9PM'], ['Wednesday', '11:30AM–9PM'], ['Thursday', '11:30AM–10PM'], ['Friday', '11:30AM–10PM'], ['Saturday', '5–10PM'], ['Sunday', 'Closed']]"
0x89ac92a2f77289dd:0x50c0419ecd1cf343,"Yamato Steak, Seafood & Sushi Bar","Yamato Steak, Seafood & Sushi Bar, 700 E Williams St, Apex, NC 27502",35.723531699999995,-78.84644829999999,['Japanese restaurant'],4.5,418,$$,"[['Monday', 'Closed'], ['Tuesday', '11AM–2PM'], ['Wednesday', '11AM–2PM'], ['Thursday', '11AM–2PM'], ['Friday', '11AM–2PM'], ['Saturday', '4:30–9PM'], ['Sunday', '11AM–2PM']]"
0x8856c1c53b4e4b8f:0x1a178bf6d2775257,Yamato Express of Gastonia,"Yamato Express of Gastonia, 2109 W Franklin Blvd, Gastonia, NC 28052",35.2589009,-81.2208615,['Japanese restaurant'],4.0,318,$,"[['Monday', '11AM–9PM'], ['Tuesday', '11AM–9PM'], ['Wednesday', '11AM–9PM'], ['Thursday', '11AM–9PM'], ['Friday', '11AM–10PM'], ['Saturday', '11AM–10PM'], ['Sunday', 'Closed']]"
0x8851731729762a3d:0xbdae1136b28248,Fuji Express Japanese Restaurant,"Fuji Express Japanese Restaurant, 198 Main St, North Wilkesboro, NC 28659",36.1646029,-81.1367877,"['Japanese restaurant', 'Fast food restaurant']",4.4,164,$,"[['Monday', '11AM–8PM'], ['Tuesday', '11AM–8PM'], ['Wednesday', '11AM–8PM'], ['Thursday', '11AM–8:30PM'], ['Friday', '11AM–8PM'], ['Saturday', '11AM–8PM'], ['Sunday', '11AM–8PM']]"
0x88531bfdc7bab6e5:0xcbbf8827f7fc608,US Sushi,"US Sushi, 619 Friendly Center Rd, Greensboro, NC 27408",36.0848023,-79.8316866,"['Sushi restaurant', 'Asian restaurant', 'Japanese restaurant']",4.2,458,$$,"[['Sunday', '11AM–9PM'], ['Monday', '11AM–9PM'], ['Tuesday', '11AM–9PM'], ['Wednesday', '11AM–9PM'], ['Thursday', '11AM–9PM'], ['Friday', '11AM–9PM'], ['Saturday', '11AM–9PM']]"
0x8853050bafa32487:0xb04478a2d35aca25,Little Tokyo,"Little Tokyo, 4045 Premier Dr, High Point, NC 27265",36.0396839,-79.9605157,"['Japanese restaurant', 'Asian restaurant', 'Sushi restaurant']",4.5,515,$$,"[['Sunday', 'Closed'], ['Monday', '11AM–2:10PM'], ['Tuesday', '11AM–2:10PM'], ['Wednesday', '11AM–2:10PM'], ['Thursday', '11AM–2:10PM'], ['Friday', '11AM–2:10PM'], ['Saturday', '4–9PM']]"
0x88541ca5fdb0cc11:0x8e5da43c290787b4,Ichiban Buffet Sushi & Hibachi,"Ichiban Buffet Sushi & Hibachi, Concord Mills, 8623 Concord Mills Boulevard, Concord, NC 28027",35.3726902,-80.726924,"['Buffet restaurant', 'Chinese restaurant', 'Japanese restaurant', 'Restaurant', 'Sushi restaurant']",3.5,718,$,"[['Sunday', '11AM–9:30PM'], ['Monday', '11AM–9:30PM'], ['Tuesday', '11AM–9:30PM'], ['Wednesday', '11AM–9:30PM'], ['Thursday', '11AM–9:30PM'], ['Friday', '11AM–10:30PM'], ['Saturday', '11AM–10:30PM']]"
0x8853f3a875aed40f:0xbce61526c423ac3b,Katana Japanese Fusion,"Katana Japanese Fusion, 475 Jake Alexander Blvd W #101, Salisbury, NC 28147",35.6594635,-80.5010549,"['Japanese restaurant', 'Asian restaurant', 'Sushi restaurant']",4.3,948,$$,"[['Sunday', '11AM–9PM'], ['Monday', '11AM–9PM'], ['Tuesday', '11AM–9PM'], ['Wednesday', '11AM–9PM'], ['Thursday', '11AM–9PM'], ['Friday', '11AM–9:30PM'], ['Saturday', '11AM–9:30PM']]"
0x89ac729901a2e9cf:0x80807f2426399a91,Kobe Japanese Steak House,"Kobe Japanese Steak House, 101 Venture Dr, Smithfield, NC 27577",35.512248899999996,-78.3184758,"['Japanese restaurant', 'Authentic Japanese restaurant', 'Teppanyaki restaurant', 'Yakiniku restaurant']",4.0,795,$$,"[['Sunday', '11:30AM–3PM'], ['Monday', '11AM–2:30PM'], ['Tuesday', '11AM–2:30PM'], ['Wednesday', '11AM–2:30PM'], ['Thursday', '11AM–2:30PM'], ['Friday', '11AM–2:30PM'], ['Saturday', '11AM–2:30PM']]"
0x88569f2e03ccd061:0x39aef072aa3b86ee,Rockin' Rolls Sushi,"Rockin' Rolls Sushi, 1523 Elizabeth Ave Ste. 130, Charlotte, NC 28204",35.2140884,-80.82681269999999,['Japanese restaurant'],4.0,334,,"[['Sunday', '11AM–9:30PM'], ['Monday', 'Closed'], ['Tuesday', '11AM–3PM'], ['Wednesday', '11AM–3PM'], ['Thursday', '11AM–3PM'], ['Friday', '11AM–3PM'], ['Saturday', '11AM–9:30PM']]"
0x88569bd626126eff:0xc0a160f25e8fe75e,MAI Japanese Restaurant - Ayrsley Town,"MAI Japanese Restaurant - Ayrsley Town, 2215 Ayrsley Town Blvd, Charlotte, NC 28273",35.138112299999996,-80.9351801,"['Japanese restaurant', 'Asian restaurant', 'Sushi restaurant']",4.1,475,$,"[['Sunday', '12–9PM'], ['Monday', '11AM–9PM'], ['Tuesday', '11AM–9PM'], ['Wednesday', '11AM–9PM'], ['Thursday', '11AM–9PM'], ['Friday', '11AM–9:30PM'], ['Saturday', '11AM–9:30PM']]"
0x885420338ed7dacf:0xefd493a209ae047f,China Buffet,"China Buffet, 4336 E Independence Blvd, Charlotte, NC 28205",35.1972354,-80.7693012,"['Asian restaurant', 'Buffet restaurant', 'Chinese restaurant', 'Fast food restaurant', 'Japanese restaurant', 'Takeout Restaurant', 'Soup restaurant', 'Sushi restaurant']",4.0,1848,$,"[['Sunday', '11AM–8:30PM'], ['Monday', '11AM–8:30PM'], ['Tuesday', '11AM–8:30PM'], ['Wednesday', '11AM–8:30PM'], ['Thursday', '11AM–8:30PM'], ['Friday', '11AM–9:30PM'], ['Saturday', '11AM–9:30PM']]"
0x89ab14d585a458d3:0x830ff3a01f1a5dab,Sakura Restaurant,"Sakura Restaurant, 5945 Cliffdale Rd #1109, Fayetteville, NC 28314",35.0590437,-78.9737829,"['Sushi restaurant', 'Asian restaurant', 'Japanese restaurant', 'Restaurant']",4.5,468,$$,"[['Sunday', '12–9PM'], ['Monday', '11AM–9:30PM'], ['Tuesday', '11AM–9:30PM'], ['Wednesday', '11AM–9:30PM'], ['Thursday', '11AM–9:30PM'], ['Friday', '11AM–10PM'], ['Saturday', '11AM–10PM']]"
0x89ac5902901090bb:0x9c46d8b35dd664f5,Kanki - North Market Square,"Kanki - North Market Square, 1603 N Market Dr, Raleigh, NC 27609",35.8420517,-78.6103385,"['Japanese steakhouse', 'Asian restaurant', 'Japanese restaurant', 'Restaurant', 'Sushi restaurant']",4.4,1378,$$,"[['Sunday', '12–8:30PM'], ['Monday', '11:30AM–8:30PM'], ['Tuesday', '11:30AM–8:30PM'], ['Wednesday', '11:30AM–8:30PM'], ['Thursday', '11:30AM–8:30PM'], ['Friday', '11:30AM–9:30PM'], ['Saturday', '12–9:30PM']]"
0x885172d750126553:0x1b4fdd8397145fd7,Nana San Japanese Seafood,"Nana San Japanese Seafood, 117 W Main St, Wilkesboro, NC 28697",36.147949,-81.15267089999999,['Japanese restaurant'],4.5,105,$,"[['Sunday', '11AM–9PM'], ['Monday', 'Closed'], ['Tuesday', '11AM–9PM'], ['Wednesday', '11AM–9PM'], ['Thursday', '11AM–9PM'], ['Friday', '11AM–9PM'], ['Saturday', '11AM–9PM']]"
0x89a8c2215ae38981:0x97042b15252d9990,Oki's Japanese Restaurant,"Oki's Japanese Restaurant, 500 Miller Blvd, Havelock, NC 28532",34.883163599999996,-76.9235392,['Japanese restaurant'],4.2,217,$,"[['Sunday', 'Closed'], ['Monday', '11AM–9PM'], ['Tuesday', '11AM–9PM'], ['Wednesday', '11AM–9PM'], ['Thursday', '11AM–9PM'], ['Friday', '11AM–10PM'], ['Saturday', '11AM–10PM']]"
0x8856a6ffe8051be3:0x7566c669a8c3434d,Kyo Cafe,"Kyo Cafe, 9335 Center Lake Dr, Charlotte, NC 28216",35.3489751,-80.8552962,"['Japanese restaurant', 'Sushi restaurant']",4.1,38,,"[['Sunday', '11AM–10PM'], ['Monday', '11AM–10PM'], ['Tuesday', '11AM–10PM'], ['Wednesday', '11AM–10PM'], ['Thursday', '11AM–10PM'], ['Friday', '11AM–10PM'], ['Saturday', '11AM–10PM']]"
0x89acc2dd5a195e81:0x2e3ccd8ebe03e1e6,Hibachi & Company,"Hibachi & Company, 153 E Franklin St, Chapel Hill, NC 27514",35.914082,-79.0540199,['Japanese restaurant'],4.4,238,$,"[['Sunday', '11AM–9PM'], ['Monday', '11AM–9PM'], ['Tuesday', '11AM–9PM'], ['Wednesday', '11AM–9PM'], ['Thursday', '11AM–9PM'], ['Friday', '11AM–9PM'], ['Saturday', '11AM–9PM']]"
0x89ac5c0702674dad:0xad749447dbead8b7,Kome Asian Cuisine,"Kome Asian Cuisine, 4551 New Bern Ave #130, Raleigh, NC 27610",35.799867,-78.55816709999999,"['Chinese restaurant', 'Asian restaurant', 'Japanese restaurant', 'Sushi restaurant']",3.8,98,,"[['Sunday', '3–10PM'], ['Monday', '11AM–10PM'], ['Tuesday', '11AM–10PM'], ['Wednesday', '11AM–10PM'], ['Thursday', '11AM–10PM'], ['Friday', '11AM–10PM'], ['Saturday', '3–10PM']]"
0x885154eecfafce07:0xaac3697e5266a40b,Sushi at the Lake Too,"Sushi at the Lake Too, 690-F Bluefield Rd, Mooresville, NC 28117",35.596472399999996,-80.8690254,"['Japanese restaurant', 'Fish and seafood restaurant']",4.5,195,$$,"[['Sunday', '11:30AM–2:30PM'], ['Monday', 'Closed'], ['Tuesday', '5–9:30PM'], ['Wednesday', '5–9:30PM'], ['Thursday', '5–9:30PM'], ['Friday', '11:30AM–2:30PM'], ['Saturday', '11:30AM–2:30PM']]"
0x8856a91e5d090edf:0x2b9862572875797e,Kabuto Japanese Steak House at Lake Norman,"Kabuto Japanese Steak House at Lake Norman, 16516 Northcross Dr, Huntersville, NC 28078",35.4409273,-80.87242599999999,"['Japanese restaurant', 'Asian restaurant', 'Bar', 'Restaurant', 'Steak house', 'Sushi restaurant']",3.6,476,$$$,"[['Sunday', '4:30–9PM'], ['Monday', 'Closed'], ['Tuesday', '4:30–9PM'], ['Wednesday', '4:30–9PM'], ['Thursday', '4:30–9PM'], ['Friday', '4:30–9PM'], ['Saturday', '4:30–9PM']]"
0x88569a4725e4225d:0xbacc4b0fc0b62a3d,Japan 49,"Japan 49, 10920 Winds Crossing Dr, Charlotte, NC 28273",35.116158299999995,-80.958741,"['Japanese restaurant', 'Takeout Restaurant', 'Seafood restaurant', 'Steak house']",4.1,838,$$,"[['Sunday', '11:30AM–10PM'], ['Monday', '11AM–3PM'], ['Tuesday', '11AM–3PM'], ['Wednesday', '11AM–3PM'], ['Thursday', '11AM–3PM'], ['Friday', '11AM–3PM'], ['Saturday', '11AM–11PM']]"
0x8856908209a9bc35:0x76600f04f13dcfe1,Masa Sushi & Asian Grill,"Masa Sushi & Asian Grill, 12806 S Tryon St Ste 220, Charlotte, NC 28273",35.1050067,-80.9872812,"['Asian restaurant', 'Japanese restaurant', 'Sushi restaurant']",4.4,393,,"[['Sunday', '4–9:30PM'], ['Monday', '11AM–9:30PM'], ['Tuesday', '11AM–9:30PM'], ['Wednesday', '11AM–9:30PM'], ['Thursday', '11AM–9:30PM'], ['Friday', '11AM–9:30PM'], ['Saturday', '4–9:30PM']]"
0x88542201e29604ed:0x2450db59107a6d2,Ichiban Buffet Sushi & Hibachi,"Ichiban Buffet Sushi & Hibachi, 7201 Albemarle Rd, Charlotte, NC 28227",35.2048403,-80.7213615,"['Buffet restaurant', 'Chinese restaurant', 'Japanese restaurant', 'Seafood restaurant', 'Sushi restaurant']",4.1,894,$,"[['Sunday', '11AM–9:30PM'], ['Monday', '11AM–9:30PM'], ['Tuesday', '11AM–9:30PM'], ['Wednesday', '11AM–9:30PM'], ['Thursday', '11AM–9:30PM'], ['Friday', '11AM–10PM'], ['Saturday', '11AM–10PM']]"
0x8856a000a344e599:0x2418115eafe4d586,Akahana Asian Bistro - Charlotte,"Akahana Asian Bistro - Charlotte, 1308 The Plaza, Charlotte, NC 28205",35.2208299,-80.8101602,"['Asian restaurant', 'Bar', 'Japanese restaurant', 'Restaurant', 'Sushi restaurant', 'Thai restaurant', 'Vietnamese restaurant']",4.3,903,$$,"[['Sunday', '12–9PM'], ['Monday', '12–9PM'], ['Tuesday', '12–9PM'], ['Wednesday', '12–9PM'], ['Thursday', '12–9PM'], ['Friday', '12–9PM'], ['Saturday', '12–9PM']]"
0x88569f1ae0b005bb:0x75ab62b60f61cd3f,Gyu-Kaku Japanese BBQ,"Gyu-Kaku Japanese BBQ, 650 E Stonewall St unit a, Charlotte, NC 28202",35.2181992,-80.8431848,"['Japanese restaurant', 'Bar', 'Barbecue restaurant', 'Restaurant']",4.5,271,$$,"[['Sunday', '11:30AM–9PM'], ['Monday', '11:30AM–9PM'], ['Tuesday', '11:30AM–9PM'], ['Wednesday', '11:30AM–9PM'], ['Thursday', '11:30AM–9PM'], ['Friday', '11:30AM–10PM'], ['Saturday', '11:30AM–10PM']]"
0x89ac58973bf85f6f:0xe120c559affc1320,Mura,"Mura, 4121 Main St STE 110, Raleigh, NC 27609",35.8366494,-78.6437823,"['Japanese restaurant', 'Sushi restaurant']",4.2,446,$$,"[['Sunday', '12–9PM'], ['Monday', '11AM–10PM'], ['Tuesday', '11AM–10PM'], ['Wednesday', '11AM–10PM'], ['Thursday', '11AM–10PM'], ['Friday', '11AM–11PM'], ['Saturday', '12–11PM']]"
0x89acf25929da66c9:0xb39b3e8ed6b52dcd,Nakato Express,"Nakato Express, 1262 NW Maynard Rd, Cary, NC 27513",35.78593,-78.80944749999999,"['Japanese restaurant', 'Restaurant']",4.1,155,$,"[['Sunday', '12–8PM'], ['Monday', '11AM–8PM'], ['Tuesday', '11AM–8PM'], ['Wednesday', '11AM–8PM'], ['Thursday', '11AM–8PM'], ['Friday', '11AM–8PM'], ['Saturday', '12–8PM']]"
0x89a8934ed2bdd475:0x54d888981ccd33eb,Minoda's Japanese Restaurant,"Minoda's Japanese Restaurant, 5308 US-70 W, Morehead City, NC 28557",34.7420387,-76.8179092,"['Japanese restaurant', 'Fine dining restaurant', 'Japanese steakhouse', 'Restaurant', 'Sushi restaurant']",4.4,158,$$,"[['Sunday', '5–9PM'], ['Monday', '5–9PM'], ['Tuesday', '5–9PM'], ['Wednesday', 'Closed'], ['Thursday', '5–9PM'], ['Friday', '5–9:30PM'], ['Saturday', '5–9:30PM']]"
0x89a9f4e663919505:0x9c1178ea3478261e,Wasabi Sushi,"Wasabi Sushi, 417 S College Rd #26, Wilmington, NC 28403",34.232178499999996,-77.8734845,['Japanese restaurant'],4.7,148,$$,"[['Sunday', '11:30AM–9PM'], ['Monday', '11:30AM–9PM'], ['Tuesday', '11:30AM–3PM'], ['Wednesday', '11:30AM–9PM'], ['Thursday', '11:30AM–9PM'], ['Friday', '11:30AM–9:30PM'], ['Saturday', '11:30AM–9:30PM']]"
0x8853192202c2d331:0x5acb30373c8b88e1,Bonchon Greensboro - S Elm St,"Bonchon Greensboro - S Elm St, 607A S Elm St, Greensboro, NC 27406",36.0657048,-79.79054409999999,"['Asian restaurant', 'Asian fusion restaurant', 'Chicken restaurant', 'Chicken wings restaurant', 'Fried chicken takeaway', 'Japanese restaurant', 'Korean restaurant', 'Pan-Asian restaurant']",4.6,233,$$,"[['Saturday', '12–9:45PM'], ['Sunday', '12–9:15PM'], ['Monday', '11AM–9:15PM'], ['Tuesday', '11AM–9:15PM'], ['Wednesday', '11AM–9:15PM'], ['Thursday', '11AM–9:15PM'], ['Friday', '11AM–9:45PM']]"
0x885925c24ffd3e1d:0x956512eea738e505,Kobe Express,"Kobe Express, 2726 Georgia Rd, Franklin, NC 28734",35.137616799999996,-83.39743399999999,['Japanese restaurant'],4.3,208,$,"[['Saturday', '11AM–9PM'], ['Sunday', '11AM–8:30PM'], ['Monday', 'Closed'], ['Tuesday', '11AM–9PM'], ['Wednesday', '11AM–9PM'], ['Thursday', '11AM–9PM'], ['Friday', '11AM–9PM']]"
0x89aa75e78643ce1b:0x8a68549b5ea4a06f,Osaka Japanese Steakhouse,"Osaka Japanese Steakhouse, 110 Shallotte Crossing Pkwy, Shallotte, NC 28470",33.979605,-78.3727913,"['Japanese restaurant', 'Asian restaurant', 'Sushi restaurant']",4.3,318,$$,"[['Friday', '10:40AM–9:30PM'], ['Saturday', '10:40AM–10PM'], ['Sunday', '10:40AM–10PM'], ['Monday', '10:40AM–9:30PM'], ['Tuesday', '10:40AM–9:30PM'], ['Wednesday', '10:40AM–9:30PM'], ['Thursday', '10:40AM–9:30PM']]"
0x88547cad0a9a4a8d:0xadfe7e0085b75d96,Little Tokyo Restaurant,"Little Tokyo Restaurant, 730 Leonard Ave, Albemarle, NC 28001",35.3410617,-80.1778788,['Japanese restaurant'],4.0,498,$$,"[['Friday', '11AM–9:30PM'], ['Saturday', '11AM–9:30PM'], ['Sunday', '11AM–9PM'], ['Monday', '11AM–9PM'], ['Tuesday', '11AM–9PM'], ['Wednesday', '11AM–9PM'], ['Thursday', '11AM–9PM']]"
0x88531b26f0c9b2f7:0xe45d44f44df3fc7c,Kobe of Japan,"Kobe of Japan, 1216 - F, Bridford Pkwy, Greensboro, NC 27407",36.0567814,-79.9042613,"['Japanese restaurant', 'Asian restaurant', 'Restaurant']",3.8,337,$,"[['Friday', '11AM–9PM'], ['Saturday', '11AM–9PM'], ['Sunday', 'Closed'], ['Monday', '11AM–9PM'], ['Tuesday', '11AM–9PM'], ['Wednesday', '11AM–9PM'], ['Thursday', '11AM–9PM']]"
0x88530ac5d7dc8cf3:0x774a45df4b9c41bf,Shoto's Japanese Seafood and Steak House,"Shoto's Japanese Seafood and Steak House, 1033 Randolph St Suite 2, Thomasville, NC 27360",35.8645797,-80.06994689999999,"['Japanese restaurant', 'Bar', 'Steak house', 'Sushi restaurant']",4.0,358,$$,"[['Friday', '11AM–9PM'], ['Saturday', '11AM–9PM'], ['Sunday', '11AM–8PM'], ['Monday', '11AM–8PM'], ['Tuesday', '11AM–8PM'], ['Wednesday', '11AM–8PM'], ['Thursday', '11AM–8PM']]"
0x89ac8dfe4da432bb:0x5b8e29c18b786583,Kobe Hibachi & Sushi,"Kobe Hibachi & Sushi, 515 N Main St, Holly Springs, NC 27540",35.659456999999996,-78.83693,"['Japanese restaurant', 'Asian restaurant', 'Restaurant', 'Sushi restaurant']",4.1,318,$$,"[['Friday', '11AM–2:30PM'], ['Saturday', '11AM–2:30PM'], ['Sunday', 'Closed'], ['Monday', '11AM–2:30PM'], ['Tuesday', '11AM–2:30PM'], ['Wednesday', '11AM–2:30PM'], ['Thursday', '11AM–2:30PM']]"
0x89ac5f8cf2183465:0xccde1b03c6a66fa6,Golden Seafood & Chicken,"Golden Seafood & Chicken, 2600 S Saunders St, Raleigh, NC 27603",35.7486341,-78.6495407,"['Grill', 'Chicken wings restaurant', 'Japanese restaurant', 'Seafood restaurant']",4.3,278,$,"[['Friday', '11AM–10PM'], ['Saturday', '11AM–10PM'], ['Sunday', 'Closed'], ['Monday', '11AM–9PM'], ['Tuesday', '11AM–9PM'], ['Wednesday', '11AM–9PM'], ['Thursday', '11AM–9PM']]"
0x89a8c1927399c6ed:0x38d3ea5678e89d06,Musashi Japanese Steak House,"Musashi Japanese Steak House, 219 US-70, Havelock, NC 28532",34.8981042,-76.92953279999999,['Japanese restaurant'],4.3,478,$$,"[['Friday', '11AM–2:30PM'], ['Saturday', '11AM–2:30PM'], ['Sunday', 'Closed'], ['Monday', '11AM–2:30PM'], ['Tuesday', '11AM–2:30PM'], ['Wednesday', '11AM–2:30PM'], ['Thursday', '11AM–2:30PM']]"
0x88569e54736d77d3:0x84912517f12e5ecd,Bonchon Woodlawn,"Bonchon Woodlawn, 1600 E Woodlawn Rd Suite 170 Suite 170, Charlotte, NC 28209",35.172005,-80.84903,"['Asian fusion restaurant', 'Asian restaurant', 'Chicken restaurant', 'Chicken wings restaurant', 'Fried chicken takeaway', 'Japanese restaurant', 'Korean restaurant', 'Pan-Asian restaurant']",4.1,496,$$,"[['Friday', '11AM–10PM'], ['Saturday', '11AM–10PM'], ['Sunday', '11AM–9PM'], ['Monday', '11AM–9PM'], ['Tuesday', '11AM–9PM'], ['Wednesday', '11AM–9PM'], ['Thursday', '11AM–9PM']]"
0x89a9f4c24f258541:0x2f5cb0b3917732c5,Yoshi Sushi Bar and Japanese Cuisine,"Yoshi Sushi Bar and Japanese Cuisine, 260 Racine Dr, Wilmington, NC 28403",34.2382032,-77.86765679999999,['Japanese restaurant'],4.0,318,$$,"[['Friday', '11:30AM–10PM'], ['Saturday', '11:30AM–10PM'], ['Sunday', '11:30AM–9PM'], ['Monday', '11:30AM–9PM'], ['Tuesday', '11:30AM–9PM'], ['Wednesday', '11:30AM–9PM'], ['Thursday', '11:30AM–9PM']]"
0x89aa1fc7ba0303d1:0x74cc59881c565c26,Nikki’s Fresh Gourmet & Sushi downtown,"Nikki’s Fresh Gourmet & Sushi downtown, 16 S Front St, Wilmington, NC 28401",34.234776499999995,-77.9487615,"['Japanese restaurant', 'New American restaurant']",4.4,464,$$,"[['Friday', '4–10PM'], ['Saturday', '4–10PM'], ['Sunday', '4–9PM'], ['Monday', '4–9PM'], ['Tuesday', '4–9PM'], ['Wednesday', '4–9PM'], ['Thursday', '4–9PM']]"
0x88532b205d76a6bd:0xa792e2d76af46016,Sakura Japanese,"Sakura Japanese, 2130 N Church St, Burlington, NC 27217",36.094972299999995,-79.4004891,"['Japanese restaurant', 'Asian restaurant']",3.4,118,$$,"[['Friday', '11AM–2PM'], ['Saturday', '4:30–9PM'], ['Sunday', '11AM–2PM'], ['Monday', '11AM–2PM'], ['Tuesday', '11AM–2PM'], ['Wednesday', '11AM–2PM'], ['Thursday', '11AM–2PM']]"
0x89ac5182b89bac39:0xff0135ebbfc1fc36,Asian Bistro,"Asian Bistro, 1318 S Main St, Wake Forest, NC 27587",35.9608932,-78.5194088,"['Thai restaurant', 'Asian restaurant', 'Chinese restaurant', 'Japanese restaurant', 'Restaurant', 'Southeast Asian restaurant', 'Sushi restaurant', 'Vietnamese restaurant']",4.4,318,$$,"[['Friday', '11:30AM–2:30PM'], ['Saturday', '12–2:30PM'], ['Sunday', '4:30–8:30PM'], ['Monday', '11:30AM–2:30PM'], ['Tuesday', 'Closed'], ['Wednesday', '11:30AM–2:30PM'], ['Thursday', '11:30AM–2:30PM']]"
0x89a55ae16ce15c61:0x42bafee3e961958a,Volcano,"Volcano, 103 Tanglewood Pkwy, Elizabeth City, NC 27909",36.295342,-76.300703,"['Japanese restaurant', 'Grill', 'Steak house', 'Sushi restaurant']",4.4,686,$$,"[['Friday', '11AM–11PM'], ['Saturday', '11AM–11PM'], ['Sunday', '12–9:30PM'], ['Monday', '11AM–3PM'], ['Tuesday', '11AM–3PM'], ['Wednesday', '11AM–3PM'], ['Thursday', '11AM–3PM']]"
0x89af2278918af32f:0x8c79367198c97ebd,Akai Japan,"Akai Japan, 524 Pamlico Plaza, Washington, NC 27889",35.560748,-77.06421499999999,"['Japanese restaurant', 'Sushi restaurant', 'Teppanyaki restaurant']",4.1,135,$$,"[['Friday', '11AM–9:30PM'], ['Saturday', '11AM–9:30PM'], ['Sunday', '11AM–9:30PM'], ['Monday', 'Closed'], ['Tuesday', '11AM–9PM'], ['Wednesday', '11AM–9PM'], ['Thursday', '11AM–9PM']]"
0x89a545a18b8f0513:0xfc0e33e481edecb2,Toyama Japanese Restaurant,"Toyama Japanese Restaurant, 218 N Poindexter St, Elizabeth City, NC 27909",36.3009415,-76.2191593,['Japanese restaurant'],4.7,353,$$,"[['Friday', '11AM–2:30PM'], ['Saturday', '11AM–2:30PM'], ['Sunday', '11AM–2:30PM'], ['Monday', '11AM–2:30PM'], ['Tuesday', '11AM–2:30PM'], ['Wednesday', '11AM–2:30PM'], ['Thursday', '11AM–2:30PM']]"
0x89ac60c68c262a5d:0x3245c8fcbfbbeabc,New Japan Express,"New Japan Express, 225 Shenstone Blvd, Garner, NC 27529",35.692570599999996,-78.5800416,"['Japanese restaurant', 'Asian restaurant', 'Takeout Restaurant', 'Sushi restaurant']",4.0,490,$,"[['Friday', '11AM–9PM'], ['Saturday', '11AM–9PM'], ['Sunday', '11:30AM–9PM'], ['Monday', '11AM–9PM'], ['Tuesday', '11AM–9PM'], ['Wednesday', '11AM–9PM'], ['Thursday', '11AM–9PM']]"
0x89a991ae0128cc19:0x5aec26f6bbcf9745,Rainbow King,"Rainbow King, 201 Alston Blvd, Hampstead, NC 28443",34.4507659,-77.60451789999999,"['Chinese restaurant', 'Japanese restaurant']",4.1,175,$,"[['Thursday', '11AM–8:30PM'], ['Friday', '11AM–8:30PM'], ['Saturday', '11AM–8:30PM'], ['Sunday', 'Closed'], ['Monday', '11AM–8:30PM'], ['Tuesday', '11AM–8:30PM'], ['Wednesday', '11AM–8:30PM']]"
0x88540f238f8d3bb9:0xb1167e9dd6c78306,SOGO Japanese Seafood Steakhouse,"SOGO Japanese Seafood Steakhouse, 970 Branchview Dr NE, Concord, NC 28025",35.443790899999996,-80.5953524,"['Japanese restaurant', 'Asian restaurant', 'Japanese steakhouse', 'Seafood restaurant']",4.4,895,$$,"[['Thursday', '11:30AM–2PM'], ['Friday', '11:30AM–2PM'], ['Saturday', '5–9PM'], ['Sunday', '11:30AM–1:30PM'], ['Monday', '11:30AM–1:30PM'], ['Tuesday', '11:30AM–1:30PM'], ['Wednesday', '11:30AM–2PM']]"
0x89acdd1a0509b835:0xf0c6b60eb585e650,OiShii,"OiShii, #, 1129 Weaver Dairy Rd M, Chapel Hill, NC 27514",35.962370799999995,-79.0533865,"['Sushi restaurant', 'Asian restaurant', 'Bar', 'Japanese restaurant', 'Restaurant']",4.2,88,,"[['Thursday', '4:30–8:30PM'], ['Friday', '4:30–9PM'], ['Saturday', '4:30–9PM'], ['Sunday', '4:30–8:30PM'], ['Monday', '4:30–8:30PM'], ['Tuesday', '4:30–8:30PM'], ['Wednesday', '4:30–8:30PM']]"
0x89ace7efccb8e099:0x725d567cabe7c4de,MinGa,"MinGa, 1404 E Franklin St, Chapel Hill, NC 27514",35.928179,-79.03429,"['Korean restaurant', 'Japanese restaurant', 'Korean barbecue restaurant', 'Restaurant']",4.3,405,$$,"[['Thursday', '11AM–9PM'], ['Friday', '11AM–9PM'], ['Saturday', '11AM–9PM'], ['Sunday', '11:30AM–9PM'], ['Monday', '11AM–9PM'], ['Tuesday', '11AM–9PM'], ['Wednesday', '11AM–9PM']]"
0x89a9f4e0f063a47d:0x4b7fceebf93186b2,Hibachi Grill Supreme Buffet,"Hibachi Grill Supreme Buffet, 356 S College Rd, Wilmington, NC 28403",34.2351846,-77.8789104,"['Asian restaurant', 'Buffet restaurant', 'Chinese restaurant', 'Japanese restaurant']",3.7,948,$$,"[['Thursday', '11AM–10PM'], ['Friday', '11AM–10:30PM'], ['Saturday', '11AM–10:30PM'], ['Sunday', '11AM–10PM'], ['Monday', '11AM–10PM'], ['Tuesday', '11AM–10PM'], ['Wednesday', '11AM–10PM']]"
0x89acfacd33ed94fb:0xec5405798f9be0e0,New Japan Restaurant,"New Japan Restaurant, 1800 S Miami Blvd, Durham, NC 27703",35.945887,-78.838917,"['Japanese restaurant', 'Asian restaurant', 'Sushi restaurant']",4.0,890,$,"[['Thursday', '10:30AM–10PM'], ['Friday', '10:30AM–10:30PM'], ['Saturday', '10:30AM–10:30PM'], ['Sunday', '11AM–10PM'], ['Monday', '10:30AM–10PM'], ['Tuesday', '10:30AM–10PM'], ['Wednesday', '10:30AM–10PM']]"
0x89a9f5fb626f7651:0x12a0a6a9aae079df,Nori Asian Fusion & Sushi Bar,"Nori Asian Fusion & Sushi Bar, 1412 Barclay Pointe Blvd Unit 1006, Wilmington, NC 28412",34.1805449,-77.9180008,"['Asian fusion restaurant', 'Chinese restaurant', 'Japanese restaurant', 'Sushi restaurant']",4.4,463,$$,"[['Thursday', '11AM–10PM'], ['Friday', '11AM–11PM'], ['Saturday', '11AM–11PM'], ['Sunday', '11AM–10PM'], ['Monday', '11AM–10PM'], ['Tuesday', '11AM–10PM'], ['Wednesday', '11AM–10PM']]"
0x89aec2c2a31d4f39:0x487954cc7fb930c2,Hibachi Grill,"Hibachi Grill, 3437 S Memorial Dr, Greenville, NC 27834",35.5685194,-77.4012139,"['Japanese restaurant', 'Asian restaurant', 'Buffet restaurant', 'Sushi restaurant']",3.7,1228,$,"[['Thursday', '11AM–9PM'], ['Friday', '11AM–9:30PM'], ['Saturday', '11AM–9:30PM'], ['Sunday', '11AM–9PM'], ['Monday', '11AM–9PM'], ['Tuesday', '11AM–9PM'], ['Wednesday', '11AM–9PM']]"
0x89aedd4f13cefc11:0xd33fe25262486a72,Japan Inn,"Japan Inn, 739 Red Banks Rd, Greenville, NC 27858",35.5827169,-77.3696186,"['Japanese restaurant', 'Authentic Japanese restaurant', 'Sushi restaurant', 'Sushi takeaway']",4.4,688,$$,"[['Thursday', '11AM–10PM'], ['Friday', '11AM–10:30PM'], ['Saturday', '11AM–10:30PM'], ['Sunday', '12–10PM'], ['Monday', '11AM–10PM'], ['Tuesday', '11AM–10PM'], ['Wednesday', '11AM–10PM']]"
0x89a8d16c72b0b1d9:0x7f12549ba99b3300,Sanuki Japanese Steak And Seafood Restaurant,"Sanuki Japanese Steak And Seafood Restaurant, 2311 Neuse Blvd, New Bern, NC 28560",35.1152306,-77.0730528,"['Japanese restaurant', 'Asian restaurant', 'Sushi restaurant']",4.4,247,$$,"[['Thursday', '11AM–2:30PM'], ['Friday', '11AM–2:30PM'], ['Saturday', '11AM–2:30PM'], ['Sunday', '11AM–2:30PM'], ['Monday', '11AM–2:30PM'], ['Tuesday', '11AM–2:30PM'], ['Wednesday', '11AM–2:30PM']]"
0x88531b6d26fec7a3:0x502499cf4495492d,Mayuki Japanese Steakhouse,"Mayuki Japanese Steakhouse, 5535 W Market St, Greensboro, NC 27409",36.0755682,-79.89192349999999,"['Japanese steakhouse', 'Asian restaurant', 'Japanese restaurant', 'Seafood restaurant', 'Sushi restaurant']",4.3,8,,"[['Thursday', '11AM–2:30PM'], ['Friday', '11AM–2:30PM'], ['Saturday', '12–9:30PM'], ['Sunday', 'Closed'], ['Monday', '11AM–2:30PM'], ['Tuesday', '11AM–2:30PM'], ['Wednesday', '11AM–2:30PM']]"
0x8851276cc8c94f0f:0x2b4eab43e6a98daa,Fuji Japanese Seafood & Steak,"Fuji Japanese Seafood & Steak, Hudson, NC 28638",35.8462538,-81.4947856,"['Japanese restaurant', 'Asian restaurant', 'Sushi restaurant']",4.4,498,$,"[['Thursday', '10:30AM–9PM'], ['Friday', '10:30AM–9PM'], ['Saturday', '10:30AM–9PM'], ['Sunday', '10:30AM–9PM'], ['Monday', '10:30AM–9PM'], ['Tuesday', '10:30AM–9PM'], ['Wednesday', '10:30AM–9PM']]"
0x89a9f8f0885b8559:0x3ac3658ab34db71e,Nikki's Gourmet & Sushi,"Nikki's Gourmet & Sushi, 6 S Lake Park Blvd, Carolina Beach, NC 28428",34.0331897,-77.8945696,['Japanese restaurant'],4.4,283,$$,"[['Wednesday', '4–8:30PM'], ['Thursday', '4–8:30PM'], ['Friday', '4–8:30PM'], ['Saturday', '4–8:30PM'], ['Sunday', '4–8:30PM'], ['Monday', '4–8:30PM'], ['Tuesday', '4–8:30PM']]"
0x89a9f5a021f57f3d:0xd7bcd0081ed77930,Nikki's Gourmet & Sushi Bar @ Independence Mall,"Nikki's Gourmet & Sushi Bar @ Independence Mall, Food Court, 3500 Oleander Dr Suite FC4, Wilmington, NC 28403",34.214006399999995,-77.9061126,"['Sushi restaurant', 'Asian restaurant', 'Chinese restaurant', 'Japanese restaurant', 'Restaurant', 'Thai restaurant']",4.3,208,$$,"[['Wednesday', '11AM–7PM'], ['Thursday', '11AM–7PM'], ['Friday', '11AM–8PM'], ['Saturday', '11AM–8PM'], ['Sunday', '11AM–6PM'], ['Monday', '11AM–7PM'], ['Tuesday', '11AM–7PM']]"
0x88530f312ad25f1f:0x25235c5d446403fa,Sake,"Sake, 2207 N Centennial St, High Point, NC 27265",35.991417999999996,-80.0005443,"['Restaurant', 'Asian restaurant', 'Japanese restaurant', 'Sushi restaurant']",4.4,258,$$,"[['Wednesday', '11:30AM–2PM'], ['Thursday', '11:30AM–2PM'], ['Friday', '11:30AM–2PM'], ['Saturday', '4:30–9PM'], ['Sunday', 'Closed'], ['Monday', '11:30AM–2PM'], ['Tuesday', '11:30AM–2PM']]"
0x88569f99f48c1a17:0x75d01f6ff2a2f493,Zen Fusion,"Zen Fusion, 1716 Kenilworth Ave, Charlotte, NC 28203",35.202365199999996,-80.844601,"['Asian restaurant', 'Chinese restaurant', 'Japanese restaurant', 'Spanish restaurant', 'Tapas restaurant', 'Thai restaurant']",4.6,416,$$,"[['Wednesday', '4:30–8:45PM'], ['Thursday', '4:30–8:45PM'], ['Friday', '4:30–9PM'], ['Saturday', '4:30–9PM'], ['Sunday', '4:30–8:45PM'], ['Monday', '4:30–8:45PM'], ['Tuesday', '4:30–8:45PM']]"
0x8857405e3cb547b1:0xf231b58012ca5877,Fuji Yama,"Fuji Yama, 721 Oak St, Forest City, NC 28043",35.333489199999995,-81.888469,"['Japanese restaurant', 'Asian restaurant']",4.2,408,,"[['Wednesday', '11AM–9PM'], ['Thursday', '11AM–9PM'], ['Friday', '11AM–9:30PM'], ['Saturday', '11AM–9:30PM'], ['Sunday', '11AM–9PM'], ['Monday', 'Closed'], ['Tuesday', '11AM–9PM']]"
0x88546b69b8c7dcf7:0x6a8d8354e13319c2,Sogo Express II,"Sogo Express II, 150 Ray Kennedy Dr, Locust, NC 28097",35.2600481,-80.4310983,['Japanese restaurant'],4.0,308,$$,"[['Wednesday', '11AM–9PM'], ['Thursday', '11AM–9PM'], ['Friday', '11AM–9:30PM'], ['Saturday', '11AM–9:30PM'], ['Sunday', '11AM–9PM'], ['Monday', '11AM–9PM'], ['Tuesday', '11AM–9PM']]"
0x89ac638af784521b:0xa8b807223d22b3a0,Yummi Japan,"Yummi Japan, Swift Creek Plaza, 87 Glen Rd, Garner, NC 27529",35.6073966,-78.56755869999999,['Japanese restaurant'],4.3,274,$,"[['Wednesday', '11AM–9:30PM'], ['Thursday', '11AM–9:30PM'], ['Friday', '11AM–10PM'], ['Saturday', '11AM–10PM'], ['Sunday', '11:30AM–9PM'], ['Monday', '11AM–9:30PM'], ['Tuesday', '11AM–9:30PM']]"
0x88571840d6ebfd7b:0x4b737c41e2da2b0e,Hoshi Express Japanese Grill,"Hoshi Express Japanese Grill, 119 N Main St, Shelby, NC 28152",35.2516798,-81.66707679999999,['Japanese restaurant'],4.6,176,$,"[['Wednesday', '11AM–9PM'], ['Thursday', '11AM–9PM'], ['Friday', '11AM–9PM'], ['Saturday', '11AM–9PM'], ['Sunday', '11AM–9PM'], ['Monday', '11AM–9PM'], ['Tuesday', '11AM–9PM']]"
0x885943e5b7914add:0xb6d4bc11089df2f5,Kobe Express,"Kobe Express, 441 US-19, Cherokee, NC 28719",35.4774604,-83.32141349999999,"['Asian restaurant', 'Japanese restaurant']",4.1,468,,"[['Wednesday', '11AM–9PM'], ['Thursday', '11AM–9PM'], ['Friday', '11AM–9PM'], ['Saturday', '11AM–9PM'], ['Sunday', '11AM–9PM'], ['Monday', '11AM–9PM'], ['Tuesday', '11AM–9PM']]"
0x88569c54315f141d:0x7befaafe124b7c40,Musashi Japanese Restaurant,"Musashi Japanese Restaurant, 10110 Johnston Rd, Charlotte, NC 28210",35.0925222,-80.8591167,"['Japanese restaurant', 'Sushi restaurant']",4.7,494,$$,"[['Wednesday', '12–2PM'], ['Thursday', '12–2PM'], ['Friday', '12–2PM'], ['Saturday', '12–2PM'], ['Sunday', '5:30–9PM'], ['Monday', '12–2PM'], ['Tuesday', 'Closed']]"
0x89acd68dfddd9165:0x4599cfc17babce0a,Sake Japanese House,"Sake Japanese House, 1010 Mebane Oaks Rd #9679, Mebane, NC 27302",36.074652,-79.275892,"['Asian restaurant', 'Japanese restaurant', 'Sushi restaurant']",4.2,354,$$,"[['Wednesday', '11AM–9PM'], ['Thursday', '11AM–9PM'], ['Friday', '11AM–9PM'], ['Saturday', '11AM–9PM'], ['Sunday', '12–8:30PM'], ['Monday', 'Closed'], ['Tuesday', '11AM–9PM']]"
0x8853193fc7e4bdaf:0x2946fe76829e6e83,Don,"Don, 423 Tate St, Greensboro, NC 27403",36.0677778,-79.8052778,"['Japanese restaurant', 'Asian restaurant', 'Restaurant']",4.6,444,$$,"[['Wednesday', '11AM–10PM'], ['Thursday', '11AM–10PM'], ['Friday', '11AM–10PM'], ['Saturday', '11AM–10PM'], ['Sunday', 'Closed'], ['Monday', '11AM–10PM'], ['Tuesday', '11AM–10PM']]"
0x89aec2b4729f8c27:0x91cfc2b416d3a9ef,Hibachi Express,"Hibachi Express, 3040 Evans St #102, Greenville, NC 27834",35.576907,-77.383707,['Japanese restaurant'],4.1,128,$,"[['Tuesday', '11AM–9PM'], ['Wednesday', '11AM–9PM'], ['Thursday', '11AM–9PM'], ['Friday', '11AM–9:30PM'], ['Saturday', '11AM–9:30PM'], ['Sunday', '11AM–9PM'], ['Monday', '11AM–9PM']]"
0x88513697880a7deb:0x3c66c30711b75aa5,Tosaka,"Tosaka, 2725 Northwest Blvd, Newton, NC 28658",35.693156,-81.227997,"['Japanese restaurant', 'Asian restaurant']",4.2,245,$,"[['Tuesday', '11AM–9PM'], ['Wednesday', '11AM–9PM'], ['Thursday', '11AM–9PM'], ['Friday', '11AM–9PM'], ['Saturday', '12–9PM'], ['Sunday', '11AM–9PM'], ['Monday', '11AM–9PM']]"
0x89a904d1b0d025fd:0x5f98e268c04f59c3,Hokkaido Restaurant,"Hokkaido Restaurant, 175 Freedom Way, Midway Park, NC 28544",34.7181046,-77.32332199999999,"['Sushi restaurant', 'Japanese restaurant', 'Delivery Restaurant', 'Restaurant']",3.9,328,$$,"[['Tuesday', '11AM–10:30PM'], ['Wednesday', '11AM–10:30PM'], ['Thursday', '11AM–10:30PM'], ['Friday', '11AM–11PM'], ['Saturday', '11AM–11PM'], ['Sunday', '11AM–10:30PM'], ['Monday', '11AM–10:30PM']]"
0x89ab6af1d0dc2019:0xb6ff0146f6040476,Umami,"Umami, 6031 Yadkin Rd B, Fayetteville, NC 28303",35.096577499999995,-78.9886247,['Japanese restaurant'],4.7,726,$$,"[['Tuesday', '3–9PM'], ['Wednesday', 'Closed'], ['Thursday', '3–9PM'], ['Friday', '3–9PM'], ['Saturday', '3–9PM'], ['Sunday', '3–8PM'], ['Monday', '3–9PM']]"
0x89aa071475abda53:0xf82f613c00b8e434,Tengu Japanese Steakhouse,"Tengu Japanese Steakhouse, 4956 Old Long Beach Rd SE #8497, Southport, NC 28461",33.950599499999996,-78.04769879999999,"['Japanese restaurant', 'Japanese steakhouse', 'Sushi restaurant']",4.1,166,$$,"[['Tuesday', '11:30AM–3PM'], ['Wednesday', '11:30AM–3PM'], ['Thursday', '11:30AM–3PM'], ['Friday', '11:30AM–3PM'], ['Saturday', '4:30–9PM'], ['Sunday', '11:30AM–3PM'], ['Monday', '11:30AM–3PM']]"
0x89ae87345e41ed87:0xbddf179e5fe5c541,Tokyo Express,"Tokyo Express, 2816 Sunset Ave, Rocky Mount, NC 27804",35.9627374,-77.833646,"['Japanese restaurant', 'Asian restaurant', 'Takeout Restaurant', 'Restaurant', 'Sushi restaurant']",4.2,604,$,"[['Tuesday', '11AM–9:30PM'], ['Wednesday', '11AM–9:30PM'], ['Thursday', '11AM–9:30PM'], ['Friday', '11AM–9:30PM'], ['Saturday', '12–9PM'], ['Sunday', 'Closed'], ['Monday', '11AM–9:30PM']]"
0x88569f70a78ca469:0x145ac014b30c83a5,O-Ku,"O-Ku, 2000 South Blvd Suite 510, Charlotte, NC 28203",35.209527099999995,-80.86045969999999,"['Sushi restaurant', 'Asian restaurant', 'Bar', 'Authentic Japanese restaurant', 'Japanese restaurant', 'Restaurant']",4.6,514,$$$,"[['Tuesday', '5–10PM'], ['Wednesday', '4–10PM'], ['Thursday', '5–10PM'], ['Friday', '5–11PM'], ['Saturday', '5–11PM'], ['Sunday', '4–10PM'], ['Monday', '4–10PM']]"
0x89ac8f718c3c67f9:0xde6217b6fb8373d7,Hibachi & Company,"Hibachi & Company, 708 Judd Pkwy, Fuquay-Varina, NC 27526",35.5932751,-78.7786045,"['Authentic Japanese restaurant', 'Restaurant']",4.3,396,$,"[['Tuesday', '11AM–9PM'], ['Wednesday', '11AM–9PM'], ['Thursday', '11AM–9PM'], ['Friday', '11AM–9PM'], ['Saturday', '11AM–9PM'], ['Sunday', 'Closed'], ['Monday', '11AM–9PM']]"
0x89ac20b81e5c73e3:0x3dc75c306286858a,FUJI Steakhouse & Sushi bar,"FUJI Steakhouse & Sushi bar, 2358 Forest Hills Rd W, Wilson, NC 27893",35.731519,-77.949899,['Japanese restaurant'],4.2,236,$$,"[['Tuesday', '11AM–2:30PM'], ['Wednesday', '11AM–2:30PM'], ['Thursday', '11AM–2:30PM'], ['Friday', '11AM–2:30PM'], ['Saturday', '4:30–10:30PM'], ['Sunday', '11:30AM–2:30PM'], ['Monday', '11AM–2:30PM']]"
0x89abdfd82c98e267:0xebf3a3793062a526,Tokyo Sunrise,"Tokyo Sunrise, 110 Front St, Kenansville, NC 28349",34.9625833,-77.9618905,['Japanese restaurant'],4.0,98,$,"[['Tuesday', '11AM–9PM'], ['Wednesday', '11AM–9PM'], ['Thursday', '11AM–9PM'], ['Friday', '11AM–9PM'], ['Saturday', '4–9PM'], ['Sunday', 'Closed'], ['Monday', '11AM–9PM']]"
0x88569d28ffed1e87:0xa4c8fde0a8f42c21,Jade Asian Fusion . Sushi Bar,"Jade Asian Fusion . Sushi Bar, 14815 Ballantyne Village Way, Charlotte, NC 28277",35.0535715,-80.8517293,"['Sushi restaurant', 'Asian restaurant', 'Japanese restaurant']",4.1,298,$$,"[['Tuesday', '5–9:30PM'], ['Wednesday', '5–9:30PM'], ['Thursday', '5–9:30PM'], ['Friday', '5–10PM'], ['Saturday', '5–10PM'], ['Sunday', '5–9PM'], ['Monday', '5–9:30PM']]"
0x89ace68b2d957daf:0xc68276a59b993d39,Kurama Japanese Seafood,"Kurama Japanese Seafood, 3644 Durham-Chapel Hill Blvd, Durham, NC 27707",35.971792,-78.951307,"['Japanese restaurant', 'Asian restaurant', 'Bar', 'Seafood restaurant', 'Sushi restaurant']",4.3,964,$$,"[['Tuesday', '11:30AM–2PM'], ['Wednesday', '11:30AM–2PM'], ['Thursday', '11:30AM–2PM'], ['Friday', '11:30AM–2PM'], ['Saturday', '11:30AM–2PM'], ['Sunday', '11:30AM–9PM'], ['Monday', '11:30AM–2PM']]"
0x89acf5bf5fbf2cf9:0x38eb79eb3075ff9f,Sushi Tsune,"Sushi Tsune, 3417 Hillsborough St, Raleigh, NC 27607",35.792774,-78.68386199999999,"['Japanese restaurant', 'Asian restaurant', 'Sushi restaurant']",4.7,428,$$,"[['Tuesday', '11:30AM–2PM'], ['Wednesday', '11:30AM–2PM'], ['Thursday', '11:30AM–2PM'], ['Friday', '11:30AM–2PM'], ['Saturday', '5–10:30PM'], ['Sunday', '5–9:30PM'], ['Monday', '11:30AM–2PM']]"
0x89a9100bce788447:0x2decac48d8b7b202,Yakitori House Restaurant,"Yakitori House Restaurant, 208 Brynn Marr Rd, Jacksonville, NC 28546",34.748443,-77.38171799999999,"['Japanese restaurant', 'Asian restaurant', 'Japanese curry restaurant', 'Ramen restaurant', 'Restaurant', 'Sushi restaurant']",4.7,488,$$,"[['Tuesday', '4:30–8:30PM'], ['Wednesday', '4:30–8:30PM'], ['Thursday', '4:30–8:30PM'], ['Friday', '11AM–3PM'], ['Saturday', '11AM–3PM'], ['Sunday', 'Closed'], ['Monday', '4:30–8:30PM']]"
0x88531c4a3279d87b:0x4fc68df60e73230f,Tokyo Express,"Tokyo Express, 3722 Battleground Ave #2298, Greensboro, NC 27410",36.1339255,-79.8549776,"['Japanese restaurant', 'Asian restaurant']",3.9,175,$$,"[['Monday', '11AM–8PM'], ['Tuesday', '11AM–8PM'], ['Wednesday', '11AM–8PM'], ['Thursday', '11AM–8PM'], ['Friday', '11AM–8PM'], ['Saturday', '11AM–8PM'], ['Sunday', 'Closed']]"
0x89ab81bcb9e746c9:0xc1c444e51bdb5126,Hibachi Grill & Supreme Buffet,"Hibachi Grill & Supreme Buffet, 1122 W Broad St, Dunn, NC 28334",35.316126,-78.623586,"['Chinese restaurant', 'American restaurant', 'Japanese restaurant']",3.9,478,$$,"[['Monday', '10:15AM–9:15PM'], ['Tuesday', 'Closed'], ['Wednesday', '10:15AM–9:15PM'], ['Thursday', '10:15AM–9:15PM'], ['Friday', '10:15AM–9:45PM'], ['Saturday', '10:15AM–9:45PM'], ['Sunday', '10:15AM–9:15PM']]"
0x89acfa714fa50d29:0x5f5bf2d5fbd973b6,Hibachi 101,"Hibachi 101, 7870 Alexander Promenade PI #100, Raleigh, NC 27617",35.912202,-78.780183,"['Japanese restaurant', 'Asian restaurant', 'Restaurant']",4.1,462,$,"[['Monday', '11AM–9:30PM'], ['Tuesday', '11AM–9:30PM'], ['Wednesday', '11AM–9:30PM'], ['Thursday', '11AM–9:30PM'], ['Friday', '11AM–10PM'], ['Saturday', '11AM–10PM'], ['Sunday', '11:30AM–9PM']]"
0x89ace14ed0d51251:0xc646b332c1eea173,Japan Express,"Japan Express, 3409 Hillsborough Rd # K, Durham, NC 27705",36.018375,-78.9469218,"['Japanese restaurant', 'Asian restaurant']",3.3,312,$,"[['Monday', '11AM–10PM'], ['Tuesday', '11AM–10PM'], ['Wednesday', '11AM–10PM'], ['Thursday', '11AM–10PM'], ['Friday', '11AM–10PM'], ['Saturday', '11AM–10PM'], ['Sunday', '11AM–10PM']]"
0x89aec2c851bab45f:0xe6bcd9d0a17cf507,Fuji Japan Steakhouse & Sushi,"Fuji Japan Steakhouse & Sushi, 204 Greenville Blvd SW, Greenville, NC 27834",35.5747222,-77.38916669999999,"['Japanese restaurant', 'Japanese steakhouse', 'Sushi restaurant']",4.4,766,$,"[['Monday', '11AM–9:30PM'], ['Tuesday', '11AM–9:30PM'], ['Wednesday', '11AM–9:30PM'], ['Thursday', '11AM–9:30PM'], ['Friday', '11AM–9:30PM'], ['Saturday', '11AM–9:30PM'], ['Sunday', '11:30AM–9PM']]"
0x89acef72597759a5:0x699cbd653b02ff4e,Akashi,"Akashi, 2223 NC-54, Durham, NC 27713",35.9014892,-78.8911972,['Japanese restaurant'],4.4,418,$$,"[['Monday', '5–9PM'], ['Tuesday', '5–9PM'], ['Wednesday', '5–9PM'], ['Thursday', '5–9PM'], ['Friday', '5–9:30PM'], ['Saturday', '5–9:30PM'], ['Sunday', 'Closed']]"
0x89acd4181285a56d:0x2a784c8567c65a99,Hibachi,"Hibachi, 138 Millstead Dr, Mebane, NC 27302",36.0641396,-79.2996024,['Japanese restaurant'],4.5,308,$,"[['Monday', '11AM–2:30PM'], ['Tuesday', '11AM–2:30PM'], ['Wednesday', '11AM–2:30PM'], ['Thursday', '11AM–2:30PM'], ['Friday', '11AM–2:30PM'], ['Saturday', '4–9PM'], ['Sunday', 'Closed']]"
0x89ab6b38e7c9f2fb:0x981567433e87d7dd,Miyabi Jr. Express,"Miyabi Jr. Express, 508 N McPherson Church Rd, Fayetteville, NC 28303",35.0755556,-78.95277779999999,"['Japanese restaurant', 'Family restaurant', 'Restaurant']",4.5,687,$$,"[['Monday', '11:30AM–8:30PM'], ['Tuesday', '11:30AM–8:30PM'], ['Wednesday', '11:30AM–8:30PM'], ['Thursday', '11:30AM–8:30PM'], ['Friday', '11:30AM–8:30PM'], ['Saturday', '11:30AM–8:30PM'], ['Sunday', '12–8PM']]"
0x89ac209595eb746b:0xe23c5da81d18da79,Golden Seafood and Chicken Hibachi Grill,"Golden Seafood and Chicken Hibachi Grill, 1825 Tarboro St SW, Wilson, NC 27893",35.719361,-77.946902,['Japanese restaurant'],4.3,197,,"[['Monday', '11AM–9PM'], ['Tuesday', '11AM–9PM'], ['Wednesday', '11AM–9PM'], ['Thursday', '11AM–9PM'], ['Friday', '11AM–9PM'], ['Saturday', '11AM–9PM'], ['Sunday', '11AM–8PM']]"
0x89ab6a84c530fe05:0xbf3c0cb9f54c65fd,Sapporo Restaurant,"Sapporo Restaurant, 649 N Reilly Rd # 103, Fayetteville, NC 28303",35.0991667,-79.01166669999999,"['Japanese restaurant', 'Asian restaurant', 'Korean restaurant', 'Sushi restaurant']",4.1,368,$$,"[['Monday', '11AM–9:30PM'], ['Tuesday', '11AM–9:30PM'], ['Wednesday', '11AM–9:30PM'], ['Thursday', '11AM–9:30PM'], ['Friday', '11AM–9:30PM'], ['Saturday', '11AM–9:30PM'], ['Sunday', '12:30–9PM']]"
0x8859f940c571bda5:0xc200579878f9bd0d,Sake Sushi,"Sake Sushi, 6 E Market St, Black Mountain, NC 28711",35.6033766,-82.3184493,"['Sushi restaurant', 'Japanese restaurant', 'Restaurant']",4.6,425,$$,"[['Monday', '11AM–9PM'], ['Tuesday', 'Closed'], ['Wednesday', '11AM–9:30PM'], ['Thursday', '11AM–9:30PM'], ['Friday', '11AM–9:30PM'], ['Saturday', '12–9:30PM'], ['Sunday', '12–9:30PM']]"
0x8851308d62f6d6a9:0x12c1a294328c5556,Sakura,"Sakura, 2461 Springs Rd NE, Hickory, NC 28601",35.7537187,-81.285511,"['Japanese restaurant', 'Asian restaurant', 'Restaurant', 'Sushi restaurant']",4.5,788,$$,"[['Monday', '11AM–9PM'], ['Tuesday', '11AM–9PM'], ['Wednesday', '11AM–9PM'], ['Thursday', '11AM–9PM'], ['Friday', '11AM–9PM'], ['Saturday', '11AM–9PM'], ['Sunday', '11AM–9PM']]"
0x88512f7d9a86d8c9:0xba30dd9a381bbd39,Asian Bowl,"Asian Bowl, 249 River Bend Dr, Granite Falls, NC 28630",35.7800979,-81.39179229999999,"['Asian restaurant', 'Chinese restaurant', 'Japanese restaurant', 'Thai restaurant']",4.2,57,$$,"[['Monday', '11AM–10PM'], ['Tuesday', '11AM–10PM'], ['Wednesday', '11AM–10PM'], ['Thursday', '11AM–10PM'], ['Friday', '11AM–10:30PM'], ['Saturday', '11AM–10:30PM'], ['Sunday', '11AM–10PM']]"
0x88540358049a65a3:0x9a73fe9af9207bf,midori sushi & hibachi,"midori sushi & hibachi, 11004 Renaissance Dr, Davidson, NC 28036",35.4417846,-80.7618093,['Japanese restaurant'],4.2,113,,"[['Monday', '11AM–10PM'], ['Tuesday', '11AM–10PM'], ['Wednesday', '11AM–10PM'], ['Thursday', '11AM–10PM'], ['Friday', '11AM–10PM'], ['Saturday', '11AM–10PM'], ['Sunday', '12–10:01PM']]"
0x8856a003defb8e9b:0x5a707031e116b963,Yama Izakaya,"Yama Izakaya, 1324 Central Ave, Charlotte, NC 28205",35.2205505,-80.815647,"['Authentic Japanese restaurant', 'Restaurant']",4.3,367,$$,"[['Sunday', '5–9PM'], ['Monday', 'Closed'], ['Tuesday', '5–9PM'], ['Wednesday', '5–9PM'], ['Thursday', '5–9PM'], ['Friday', '5–10PM'], ['Saturday', '5–10PM']]"
0x8851301ba30893f9:0xcd97681d5af84854,Nara Japanese Restaurant,"Nara Japanese Restaurant, 2321 N Center St, Hickory, NC 28601",35.762544,-81.33315499999999,['Japanese restaurant'],4.2,428,$,"[['Sunday', '11AM–9PM'], ['Monday', '11AM–9PM'], ['Tuesday', '11AM–9PM'], ['Wednesday', '11AM–9PM'], ['Thursday', '11AM–9PM'], ['Friday', '11AM–9PM'], ['Saturday', '11AM–9PM']]"
0x8856a48892885561:0x8f3840dacd003eef,Niyoshi II Japanese Exp Restaurant,"Niyoshi II Japanese Exp Restaurant, 3625 Mt Holly-Huntersville Rd, Charlotte, NC 28216",35.325764299999996,-80.9462708,['Japanese restaurant'],4.3,298,$,"[['Sunday', '11AM–9PM'], ['Monday', '11AM–9PM'], ['Tuesday', '11AM–9PM'], ['Wednesday', '11AM–9PM'], ['Thursday', '11AM–9PM'], ['Friday', '11AM–9:30PM'], ['Saturday', '11AM–9:30PM']]"
0x8859f33c12ebd28f:0xed1ffd6f93176b09,Asaka Japanese Cuisine,"Asaka Japanese Cuisine, 801 Biltmore Ave, Asheville, NC 28803",35.568974,-82.5448978,"['Japanese restaurant', 'Asian restaurant', 'Sushi restaurant']",4.2,613,$,"[['Sunday', 'Closed'], ['Monday', '11AM–10PM'], ['Tuesday', '11AM–10PM'], ['Wednesday', '11AM–10PM'], ['Thursday', '11AM–10PM'], ['Friday', '11AM–10PM'], ['Saturday', '11AM–10PM']]"
0x8854050fc2dbeeff:0x9f541e700dd4db3e,Sogo Express IV,"Sogo Express IV, 5151 Poplar Tent Rd, Concord, NC 28027",35.4126018,-80.66450909999999,"['Japanese restaurant', 'Restaurant']",3.4,178,,"[['Sunday', '11AM–9PM'], ['Monday', '11AM–9PM'], ['Tuesday', '11AM–9PM'], ['Wednesday', '11AM–9PM'], ['Thursday', '11AM–9PM'], ['Friday', '11AM–9PM'], ['Saturday', '11AM–10PM']]"
0x89ac5e8f26f2fe9f:0xe4cd91672f187b17,Hibachi 88,"Hibachi 88, 3416-100 Poole Rd, Raleigh, NC 27610",35.7676619,-78.5800318,"['Japanese restaurant', 'Restaurant', 'Sushi restaurant']",4.1,348,$,"[['Sunday', 'Closed'], ['Monday', '11AM–9PM'], ['Tuesday', '11AM–9PM'], ['Wednesday', '11AM–9PM'], ['Thursday', '11AM–9PM'], ['Friday', '11AM–9PM'], ['Saturday', '11AM–9PM']]"
0x8851596b32b1f9c1:0xe726ef2be47ebc76,BJ Hibachi Buffet,"BJ Hibachi Buffet, 703 Sullivan Rd, Statesville, NC 28677",35.8041154,-80.87734189999999,"['Chinese restaurant', 'Japanese restaurant']",3.7,316,$$,"[['Sunday', '11AM–9:30PM'], ['Monday', '11AM–9:30PM'], ['Tuesday', '11AM–3:30PM'], ['Wednesday', '11AM–9:30PM'], ['Thursday', '11AM–9:30PM'], ['Friday', '11AM–9:30PM'], ['Saturday', '11AM–9:30PM']]"
0x8859ecf110d96bad:0x5733142b96a06057,Tokyo Express,"Tokyo Express, 300 Airport Rd, Arden, NC 28704",35.4513804,-82.5269418,"['Japanese restaurant', 'Chinese restaurant', 'Japanese steakhouse', 'Sushi restaurant']",4.2,598,$,"[['Sunday', '11AM–9PM'], ['Monday', '11AM–10PM'], ['Tuesday', '11AM–10PM'], ['Wednesday', '11AM–10PM'], ['Thursday', '11AM–10PM'], ['Friday', '11AM–10PM'], ['Saturday', '11AM–10PM']]"
0x89acf23ffa8488a7:0x5f4b231b7f217bdd,Hibachi Blue,"Hibachi Blue, 1500 Village Market Place, Morrisville, NC 27560",35.8069062,-78.81469489999999,"['Japanese restaurant', 'Halal restaurant', 'Sushi restaurant']",4.0,498,$,"[['Sunday', '11AM–9PM'], ['Monday', '11AM–9PM'], ['Tuesday', '11AM–9PM'], ['Wednesday', '11AM–9PM'], ['Thursday', '11AM–9PM'], ['Friday', '11AM–9:30PM'], ['Saturday', '11AM–9:30PM']]"
0x89acf3c7cba604df:0xca824fd6ceb5aec2,Asian Garden,"Asian Garden, 242 Grande Heights Dr, Cary, NC 27513",35.8045717,-78.78006549999999,"['Chinese restaurant', 'Japanese restaurant', 'Thai restaurant']",4.2,225,$,"[['Sunday', '12–10PM'], ['Monday', '11AM–10PM'], ['Tuesday', '11AM–10PM'], ['Wednesday', '11AM–10PM'], ['Thursday', '11AM–10PM'], ['Friday', '11AM–11PM'], ['Saturday', '4:30–11PM']]"
0x89acf37992e9ab65:0x27810d9ff11f421,Little Tokyo Restaurant,"Little Tokyo Restaurant, 1105 Walnut St #FC2, Cary, NC 27511",35.7736397,-78.7596583,"['Japanese restaurant', 'Asian restaurant', 'Sushi restaurant']",2.2,64,,"[['Sunday', '12–6PM'], ['Monday', '10AM–9PM'], ['Tuesday', '10AM–9PM'], ['Wednesday', '10AM–9PM'], ['Thursday', '10AM–9PM'], ['Friday', '10AM–9PM'], ['Saturday', '10AM–9PM']]"
0x88598ca2b04009b7:0xf552fdd4408d4b38,Green Tea Sushi Restaurant,"Green Tea Sushi Restaurant, 2 Regent Park Blvd, Asheville, NC 28806",35.5895356,-82.5827473,"['Japanese restaurant', 'Asian fusion restaurant', 'Asian restaurant', 'Sushi restaurant']",4.5,1415,$$,"[['Sunday', '11:30AM–9:30PM'], ['Monday', 'Closed'], ['Tuesday', '11:30AM–3PM'], ['Wednesday', '11:30AM–3PM'], ['Thursday', '11:30AM–3PM'], ['Friday', '11:30AM–3PM'], ['Saturday', '11:30AM–9:30PM']]"
0x89ac82f229ecf61d:0xa9eca07371caebed,Hibachi & Company,"Hibachi & Company, 133 W Cornelius Harnett Blvd, Lillington, NC 27546",35.4186604,-78.8063985,"['Japanese restaurant', 'Restaurant']",4.4,328,$,"[['Sunday', '11AM–9PM'], ['Monday', '11AM–9PM'], ['Tuesday', '11AM–9PM'], ['Wednesday', '11AM–9PM'], ['Thursday', '11AM–9PM'], ['Friday', '11AM–9PM'], ['Saturday', '11AM–9PM']]"
0x89a9f53cdc7abae1:0x9ead21c02fdc5135,Kyoto Asian Grille,"Kyoto Asian Grille, 4102 Market St, Wilmington, NC 28403",34.2414961,-77.8948271,"['Asian fusion restaurant', 'Asian restaurant', 'Japanese restaurant']",4.6,326,$$,"[['Sunday', 'Closed'], ['Monday', '11AM–3PM'], ['Tuesday', '11AM–3PM'], ['Wednesday', '11AM–3PM'], ['Thursday', '11AM–3PM'], ['Friday', '11AM–3PM'], ['Saturday', '11AM–3PM']]"
0x89a8916beb20a281:0x60f0f4a3392a9a91,Akai Hana,"Akai Hana, 909a Arendell St, Morehead City, NC 28557",34.7211789,-76.71498249999999,"['Japanese restaurant', 'Restaurant']",4.4,98,$$,"[['Sunday', 'Closed'], ['Monday', 'Closed'], ['Tuesday', '4:30–9PM'], ['Wednesday', '4:30–9PM'], ['Thursday', '4:30–9PM'], ['Friday', '4:30–9:30PM'], ['Saturday', '4:30–9:30PM']]"
0x89ac8a35166275f7:0x1033e240c23b1adb,Hibachi Bowl,"Hibachi Bowl, 8109 Fayetteville Rd #129, Raleigh, NC 27603",35.663467499999996,-78.7007787,['Japanese restaurant'],4.4,247,$,"[['Saturday', 'Closed'], ['Sunday', '11AM–9PM'], ['Monday', '11AM–9PM'], ['Tuesday', '11AM–9PM'], ['Wednesday', '11AM–9PM'], ['Thursday', '11AM–9PM'], ['Friday', '11AM–9:30PM']]"
0x88541c25f6862599:0xfe29fb01295a766,Nakato Japanese Restaurant & Sushi Bar,"Nakato Japanese Restaurant & Sushi Bar, 8601 University Executive Park Dr, Charlotte, NC 28262",35.305827,-80.7542,"['Japanese restaurant', 'Japanese steakhouse', 'Restaurant', 'Sushi restaurant']",4.4,1627,$$,"[['Saturday', '4–9:30PM'], ['Sunday', '2–9PM'], ['Monday', '11:30AM–9PM'], ['Tuesday', '11:30AM–9PM'], ['Wednesday', '11:30AM–9PM'], ['Thursday', '11:30AM–9PM'], ['Friday', '11:30AM–9:30PM']]"
0x89acf27ce9e0131f:0x3ed6c7e02ead6fb2,Thai Spices & Sushi,"Thai Spices & Sushi, 986 High House Rd, Cary, NC 27513",35.789266,-78.827345,"['Thai restaurant', 'Asian restaurant', 'Japanese restaurant', 'Southeast Asian restaurant', 'Sushi restaurant']",4.3,388,$$,"[['Saturday', '12–8:30PM'], ['Sunday', '12–8:30PM'], ['Monday', '4–8PM'], ['Tuesday', '4–8PM'], ['Wednesday', '4–8PM'], ['Thursday', '4–8PM'], ['Friday', '4–8:30PM']]"
0x89acc14162d40f3f:0xc0ee04e5c1f00c63,Moon Asian Bistro,"Moon Asian Bistro, 111 Knox Way Suite 100, Chapel Hill, NC 27516",35.8362128,-79.0911318,"['Asian restaurant', 'Chinese restaurant', 'Japanese restaurant', 'Sushi restaurant', 'Thai restaurant']",4.2,267,$$,"[['Saturday', '11AM–10:15PM'], ['Sunday', '11AM–10PM'], ['Monday', 'Closed'], ['Tuesday', '10:45AM–10PM'], ['Wednesday', '10:45AM–10PM'], ['Thursday', '10:45AM–10PM'], ['Friday', '10:45AM–10:15PM']]"
0x89ac932ab94614f7:0xb9fc5f8b9f5185ec,Sushi Iwa,"Sushi Iwa, 2026 Creekside Landing Dr, Apex, NC 27502",35.746169,-78.884513,"['Sushi restaurant', 'Asian restaurant', 'Chinese restaurant', 'Japanese restaurant', 'Korean restaurant', 'Restaurant', 'Thai restaurant', 'Vietnamese restaurant']",4.4,1048,$$,"[['Saturday', '11AM–11PM'], ['Sunday', '11AM–10PM'], ['Monday', '11AM–10PM'], ['Tuesday', '11AM–10PM'], ['Wednesday', '11AM–10PM'], ['Thursday', '11AM–10PM'], ['Friday', '11AM–11PM']]"
0x8854e79aa3baf6cf:0xb8d76b4e335286ec,Chiba Japanese Restaurant,"Chiba Japanese Restaurant, 1219 E Broad Ave, Rockingham, NC 28379",34.9225492,-79.75007169999999,['Japanese restaurant'],4.5,188,$,"[['Saturday', '11AM–9PM'], ['Sunday', 'Closed'], ['Monday', '11AM–9PM'], ['Tuesday', '11AM–9PM'], ['Wednesday', '11AM–9PM'], ['Thursday', '11AM–9PM'], ['Friday', '11AM–9PM']]"
0x89ab81da714c2933:0x78c17b2b1f7cf16,Kami Japan,"Kami Japan, 566 E Jackson Blvd, Erwin, NC 28339",35.322389099999995,-78.64879549999999,['Japanese restaurant'],4.3,244,$,"[['Saturday', '11AM–10PM'], ['Sunday', '11AM–9PM'], ['Monday', 'Closed'], ['Tuesday', '11AM–9:30PM'], ['Wednesday', '11AM–9:30PM'], ['Thursday', '11AM–9:30PM'], ['Friday', '11AM–10PM']]"
0x89ab6b2914d975ab:0xfb14a161160d4c2a,Mikoto Jr Express,"Mikoto Jr Express, 1916 Skibo Rd, Fayetteville, NC 28314",35.069856099999996,-78.97001019999999,['Japanese restaurant'],3.9,144,$$,"[['Saturday', '11AM–9:30PM'], ['Sunday', '12–8PM'], ['Monday', '11AM–9PM'], ['Tuesday', '11AM–9PM'], ['Wednesday', '11AM–9PM'], ['Thursday', '11AM–9PM'], ['Friday', '11AM–9PM']]"
0x88531c3a139b3c67:0x87e7b3a18cd783c,Kyoto Fantasy Express,"Kyoto Fantasy Express, 3361 Battleground Ave, Greensboro, NC 27410",36.121058999999995,-79.846154,"['Japanese restaurant', 'Asian restaurant', 'Sushi restaurant']",3.9,68,$,"[['Saturday', '11:30AM–9PM'], ['Sunday', '11:30AM–9PM'], ['Monday', 'Closed'], ['Tuesday', '11AM–9PM'], ['Wednesday', '11AM–9PM'], ['Thursday', '11AM–9PM'], ['Friday', '11AM–9:30PM']]"
0x88532946e0950f3d:0xade5f7a9ee55a854,Tokyo Express Japanese Stkhse,"Tokyo Express Japanese Stkhse, 422 Huffman Mill Rd, Burlington, NC 27215",36.0753081,-79.4902524,['Japanese restaurant'],3.7,228,$,"[['Saturday', '11AM–8PM'], ['Sunday', '11AM–8PM'], ['Monday', '11AM–8PM'], ['Tuesday', '11AM–8PM'], ['Wednesday', '11AM–8PM'], ['Thursday', '11AM–8PM'], ['Friday', '11AM–8PM']]"
0x89ab39299531b5e7:0xfcc9d2804c758fcc,MEGA HIBACHI,"MEGA HIBACHI, 269 Flagstone Ln, Raeford, NC 28376",35.0307287,-79.11529829999999,['Japanese restaurant'],4.4,258,$$,"[['Saturday', '11AM–10PM'], ['Sunday', '11AM–9PM'], ['Monday', '11AM–9PM'], ['Tuesday', '11AM–9PM'], ['Wednesday', '11AM–9PM'], ['Thursday', '11AM–9PM'], ['Friday', '11AM–10PM']]"
0x885369aa60448253:0xab2e3dff7f41b263,Tokyo Express,"Tokyo Express, 1550 E Dixie Dr, Asheboro, NC 27203",35.699967,-79.7829522,['Japanese restaurant'],4.3,427,$,"[['Saturday', '11AM–9PM'], ['Sunday', 'Closed'], ['Monday', '11AM–9PM'], ['Tuesday', '11AM–9PM'], ['Wednesday', '11AM–9PM'], ['Thursday', '11AM–9PM'], ['Friday', '11AM–9PM']]"
0x885368fc4a313af5:0x2f41cad3181da95e,Sapporo Express,"Sapporo Express, 1220 E Dixie Dr unit c, Asheboro, NC 27203",35.6938647,-79.7879985,"['Japanese restaurant', 'Asian restaurant', 'Restaurant']",4.3,206,$,"[['Saturday', '12–9:30PM'], ['Sunday', 'Closed'], ['Monday', '11AM–9PM'], ['Tuesday', '11AM–9PM'], ['Wednesday', '11AM–9PM'], ['Thursday', '11AM–9PM'], ['Friday', '11AM–9:30PM']]"
0x8857201896b74d29:0x2eccdefb16932311,Sushi Dojo,"Sushi Dojo, 302 E Dixon Blvd # 7, Shelby, NC 28152",35.276530099999995,-81.5368012,"['Sushi restaurant', 'Asian restaurant', 'Japanese restaurant']",4.1,433,$$,"[['Saturday', '11AM–10PM'], ['Sunday', '11AM–9PM'], ['Monday', '11AM–9PM'], ['Tuesday', '11AM–9PM'], ['Wednesday', '11AM–9PM'], ['Thursday', '11AM–9PM'], ['Friday', '11AM–10PM']]"
0x89acfa78f330643b:0x64696a1159a8496d,Champa Thai & Sushi Restaurant,"Champa Thai & Sushi Restaurant, 8521 Brier Creek Pkwy #119, Raleigh, NC 27617",35.905600899999996,-78.7845612,"['Thai restaurant', 'Asian restaurant', 'Japanese restaurant', 'Restaurant', 'Seafood restaurant', 'Southeast Asian restaurant', 'Sushi restaurant']",4.3,698,$$,"[['Saturday', '12–9:30PM'], ['Sunday', '1–9PM'], ['Monday', '11:30AM–2PM'], ['Tuesday', '11:30AM–2PM'], ['Wednesday', '11:30AM–2PM'], ['Thursday', '11:30AM–2PM'], ['Friday', '11:30AM–2PM']]"
0x89aedd4b6004aaf9:0x66e4ff904fcc2af3,Osaka Sushi & Hibachi,"Osaka Sushi & Hibachi, 302 A Greenville Blvd SE, Greenville, NC 27858",35.5803333,-77.3769306,"['Japanese restaurant', 'Buffet restaurant', 'Chinese restaurant', 'Dim sum restaurant', 'Sushi restaurant']",4.4,653,$$,"[['Saturday', '11AM–10PM'], ['Sunday', '11AM–9:30PM'], ['Monday', 'Closed'], ['Tuesday', '11AM–9:30PM'], ['Wednesday', '11AM–9:30PM'], ['Thursday', '11AM–9:30PM'], ['Friday', '11AM–10PM']]"
0x8854232bc388cfe3:0xfa1dd3277a47fea,Mr Tokyo Japanese Restaurant,"Mr Tokyo Japanese Restaurant, 10412 E Independence Blvd STE 410, Matthews, NC 28105",35.1268022,-80.7082811,['Japanese restaurant'],4.5,696,$$,"[['Saturday', '11AM–3PM'], ['Sunday', '11AM–3PM'], ['Monday', '11AM–3PM'], ['Tuesday', '11AM–3PM'], ['Wednesday', '11AM–3PM'], ['Thursday', '11AM–3PM'], ['Friday', '11AM–3PM']]"
0x8850b2f3f76b71d1:0x40ebc6618fe0112f,Nara Express,"Nara Express, 995 N Main St, Marion, NC 28752",35.69245,-82.02274489999999,['Japanese restaurant'],4.4,534,$,"[['Saturday', '11AM–9PM'], ['Sunday', 'Closed'], ['Monday', '11AM–9PM'], ['Tuesday', '11AM–9PM'], ['Wednesday', '11AM–9PM'], ['Thursday', '11AM–9PM'], ['Friday', '11AM–9PM']]"
0x88530c1f1dde38c3:0x5f59f6d2abcb6270,Ishikawa,"Ishikawa, 2620 S Main St #133, High Point, NC 27263",35.9270125,-79.9895252,['Japanese restaurant'],4.0,128,,"[['Friday', '11AM–9PM'], ['Saturday', '11AM–9PM'], ['Sunday', 'Closed'], ['Monday', '11AM–9PM'], ['Tuesday', '11AM–9PM'], ['Wednesday', '11AM–9PM'], ['Thursday', '11AM–9PM']]"
0x89acf68790fd4beb:0x2609ae5104574d7e,Tenko Japan,"Tenko Japan, 4040 Ed Dr, Raleigh, NC 27612",35.8253328,-78.7035776,"['Japanese restaurant', 'Sushi restaurant']",4.0,348,$,"[['Friday', '10:30AM–10PM'], ['Saturday', 'Closed'], ['Sunday', '11AM–9PM'], ['Monday', '10:30AM–9:30PM'], ['Tuesday', '10:30AM–9:30PM'], ['Wednesday', '10:30AM–9:30PM'], ['Thursday', '10:30AM–9:30PM']]"
0x89aec2e7c1883227:0xc6e19b982771f84e,Tokyo Japanese Restaurant,"Tokyo Japanese Restaurant, 3525 S Memorial Dr, Greenville, NC 27834",35.566266999999996,-77.402923,"['Japanese restaurant', 'Asian restaurant', 'Sushi restaurant']",4.4,326,$$,"[['Friday', '11:30AM–3PM'], ['Saturday', '11:30AM–10:30PM'], ['Sunday', '12–9PM'], ['Monday', '11:30AM–3PM'], ['Tuesday', '11:30AM–3PM'], ['Wednesday', '11:30AM–3PM'], ['Thursday', '11:30AM–3PM']]"
0x8859bc92406fe2fd:0x17e714f26fbac1e0,Sora Japanese Restaurant,"Sora Japanese Restaurant, 91 Forest Gate Dr, Pisgah Forest, NC 28768",35.2759718,-82.70409769999999,['Japanese restaurant'],4.7,408,$$,"[['Friday', '11AM–3PM'], ['Saturday', '12–3PM'], ['Sunday', '12–3PM'], ['Monday', '11AM–3PM'], ['Tuesday', '11AM–3PM'], ['Wednesday', '11AM–3PM'], ['Thursday', '11AM–3PM']]"
0x8850ce00e9818fcf:0x27fac13aa46e1f1d,Tokyo Diner Japanese Restaurant,"Tokyo Diner Japanese Restaurant, 1223 Burkemont Ave, Morganton, NC 28655",35.715557,-81.695953,['Japanese restaurant'],4.4,798,$,"[['Friday', '11AM–9PM'], ['Saturday', 'Closed'], ['Sunday', '11AM–8:30PM'], ['Monday', '11AM–9PM'], ['Tuesday', '11AM–9PM'], ['Wednesday', '11AM–9PM'], ['Thursday', '11AM–9PM']]"
0x88574d52b96b1495:0xc3d0f4948a3b5f10,Japanese Express,"Japanese Express, 2845 Sugar Hill Rd, Marion, NC 28752",35.6504885,-82.0308254,['Japanese restaurant'],4.4,248,$,"[['Friday', '11AM–10PM'], ['Saturday', '11AM–10PM'], ['Sunday', '11AM–10PM'], ['Monday', '11AM–10PM'], ['Tuesday', '11AM–10PM'], ['Wednesday', '11AM–10PM'], ['Thursday', '11AM–10PM']]"
0x8854b48afd86031b:0x91a617a232331959,Maguro Hibachi Steakhouse,"Maguro Hibachi Steakhouse, 204 Brucewood Rd, Southern Pines, NC 28387",35.1700831,-79.4223287,['Japanese restaurant'],4.5,358,$$,"[['Friday', '11AM–10PM'], ['Saturday', '11AM–10PM'], ['Sunday', '11AM–9PM'], ['Monday', '11AM–9PM'], ['Tuesday', '11AM–9PM'], ['Wednesday', '11AM–9PM'], ['Thursday', '11AM–9PM']]"
0x8859f3579716f6f5:0x8cb9e895fd07e2b8,Wasabi Japanese Restaurant,"Wasabi Japanese Restaurant, 19 Broadway St, Asheville, NC 28801",35.595977999999995,-82.552314,"['Japanese restaurant', 'Asian restaurant', 'Sushi restaurant']",4.6,975,$$,"[['Friday', '11:30AM–2:45PM'], ['Saturday', '12–10:20PM'], ['Sunday', '12–9:45PM'], ['Monday', '11:30AM–2:45PM'], ['Tuesday', '11:30AM–2:45PM'], ['Wednesday', '11:30AM–2:45PM'], ['Thursday', '11:30AM–2:45PM']]"
0x8856bfd8f474738f:0x2f27101ded5992e4,Wassabi Japanese Restaurant,"Wassabi Japanese Restaurant, 1825 S New Hope Rd, Gastonia, NC 28054",35.2420788,-81.1337661,"['Authentic Japanese restaurant', 'Asian restaurant', 'Restaurant', 'Sushi restaurant']",4.6,418,$$,"[['Friday', '11:30AM–3PM'], ['Saturday', '11:30AM–10PM'], ['Sunday', '11:30AM–9PM'], ['Monday', '11:30AM–3PM'], ['Tuesday', '11:30AM–3PM'], ['Wednesday', '11:30AM–3PM'], ['Thursday', '11:30AM–3PM']]"
0x89ac5b6281aeed43:0x112b57f239f84235,Kiko Japan Express,"Kiko Japan Express, 1018 Shoppes At Midway Dr C, Knightdale, NC 27545",35.79813,-78.50592,"['Japanese restaurant', 'Asian restaurant', 'Sushi restaurant']",4.1,278,$,"[['Friday', '11AM–9PM'], ['Saturday', '11AM–9PM'], ['Sunday', '11AM–9PM'], ['Monday', '11AM–9PM'], ['Tuesday', '11AM–9PM'], ['Wednesday', '11AM–9PM'], ['Thursday', '11AM–9PM']]"
0x8853b2785df622db:0xb447ac722a7dda03,Trido Of Japan,"Trido Of Japan, 5908 University Pkwy, Winston-Salem, NC 27105",36.184477099999995,-80.27599579999999,"['Japanese restaurant', 'Restaurant']",4.4,188,$,"[['Friday', '11AM–9PM'], ['Saturday', '11AM–9PM'], ['Sunday', '11AM–9PM'], ['Monday', '11AM–9PM'], ['Tuesday', '11AM–9PM'], ['Wednesday', '11AM–9PM'], ['Thursday', '11AM–9PM']]"
0x88569e53bac2827b:0x925eec47fafe2d43,Sushi 101 Charlotte,"Sushi 101 Charlotte, 1730 E Woodlawn Rd F, Charlotte, NC 28209",35.1716811,-80.8469318,"['Sushi restaurant', 'Asian restaurant', 'Japanese restaurant', 'Noodle shop', 'Restaurant']",4.3,288,$$,"[['Friday', '11:30AM–2:30PM'], ['Saturday', '4:30–10PM'], ['Sunday', '4:30–10PM'], ['Monday', '11:30AM–2:30PM'], ['Tuesday', '11:30AM–2:30PM'], ['Wednesday', '11:30AM–2:30PM'], ['Thursday', '11:30AM–2:30PM']]"
0x8856a02ed48d47e5:0x15ce3373d12187d9,Red Ginger Japanese Steakhouse and Sushi,"Red Ginger Japanese Steakhouse and Sushi, 401 S Tryon St #130, Charlotte, NC 28202",35.224032799999996,-80.8454692,"['Japanese steakhouse', 'Bar & grill', 'Fine dining restaurant', 'Japanese restaurant', 'Sushi restaurant', 'Teppanyaki restaurant']",3.9,998,$$,"[['Friday', '11AM–2:30PM'], ['Saturday', '4:30–11PM'], ['Sunday', '11:30AM–9:30PM'], ['Monday', 'Closed'], ['Tuesday', '11AM–2:30PM'], ['Wednesday', '11AM–2:30PM'], ['Thursday', '11AM–2:30PM']]"
0x8859c241e99262d9:0x45b6cdd04baaa0f0,Sakura Japanese Cuisine,"Sakura Japanese Cuisine, 825 Spartanburg Hwy, Hendersonville, NC 28792",35.3055246,-82.45150819999999,['Japanese restaurant'],4.3,395,$,"[['Thursday', '11AM–8PM'], ['Friday', '11AM–8PM'], ['Saturday', '11AM–8PM'], ['Sunday', '11AM–7PM'], ['Monday', '11AM–8PM'], ['Tuesday', '11AM–8PM'], ['Wednesday', '11AM–8PM']]"
0x89ab14d4ed310667:0xc433d34df9507310,Miyabi Japanese Steak & Seafood House,"Miyabi Japanese Steak & Seafood House, 1990 Skibo Rd, Fayetteville, NC 28314",35.0605395,-78.9699658,"['Japanese steakhouse', 'Asian restaurant', 'Japanese restaurant', 'Sushi restaurant']",4.5,1564,$$,"[['Thursday', '4:30–8:30PM'], ['Friday', '4–8:30PM'], ['Saturday', '4–8:30PM'], ['Sunday', '3–8PM'], ['Monday', '4:30–8:30PM'], ['Tuesday', '4:30–8:30PM'], ['Wednesday', '4:30–8:30PM']]"
0x89acf6011a8b4b63:0xde814701065037c4,Hako Sushi,"Hako Sushi, 2603 Glenwood Ave #155, Raleigh, NC 27608",35.815036,-78.66116199999999,"['Sushi restaurant', 'Asian restaurant', 'Japanese restaurant', 'Seafood restaurant']",4.2,115,$$,"[['Thursday', '11AM–2PM'], ['Friday', '11AM–2PM'], ['Saturday', '5–9PM'], ['Sunday', '5–9PM'], ['Monday', '11AM–2PM'], ['Tuesday', '11AM–2PM'], ['Wednesday', '11AM–2PM']]"
0x8851549ceab83f07:0xca2c47e81564f29b,Phoenix Thai & Japanese Restaurant,"Phoenix Thai & Japanese Restaurant, 482 River Hwy B, Mooresville, NC 28117",35.5958233,-80.8644655,"['Eclectic restaurant', 'Japanese restaurant', 'Restaurant', 'Sushi restaurant', 'Thai restaurant', 'Vegetarian restaurant']",4.4,507,$$,"[['Thursday', '11AM–9PM'], ['Friday', '11AM–10PM'], ['Saturday', '11AM–10PM'], ['Sunday', '11AM–8PM'], ['Monday', '11AM–8PM'], ['Tuesday', 'Closed'], ['Wednesday', '11AM–9PM']]"
0x8850df7964697403:0x2358edb34f62d907,Nara Express,"Nara Express, 137 Wilkesboro Blvd NE, Lenoir, NC 28645",35.9150334,-81.5231498,['Japanese restaurant'],4.1,505,$,"[['Thursday', '11AM–9PM'], ['Friday', '11AM–10PM'], ['Saturday', '11AM–9PM'], ['Sunday', '11AM–9PM'], ['Monday', '11AM–9PM'], ['Tuesday', '11AM–9PM'], ['Wednesday', '11AM–9PM']]"
0x88569e1594d8b089:0x380d3d5f27136bf2,BAKU,"BAKU, 4515 Sharon Rd, Charlotte, NC 28211",35.1512648,-80.8278557,"['Japanese restaurant', 'Fine dining restaurant', 'Lounge', 'Sushi restaurant']",4.3,425,$$$,"[['Thursday', '5–10PM'], ['Friday', '5–10PM'], ['Saturday', '5–10PM'], ['Sunday', 'Closed'], ['Monday', '5–10PM'], ['Tuesday', '5–10PM'], ['Wednesday', '5–10PM']]"
0x8856bfed9126b8a5:0xcbfba012f97200ea,Gastonia Grill & Sushi Buffet,"Gastonia Grill & Sushi Buffet, 212 S New Hope Rd, Gastonia, NC 28054",35.260657,-81.149788,"['Buffet restaurant', 'Chinese restaurant', 'Japanese restaurant', 'Sushi restaurant']",3.8,524,$,"[['Thursday', '11AM–9:30PM'], ['Friday', '11AM–10PM'], ['Saturday', '11AM–10PM'], ['Sunday', '11AM–9:30PM'], ['Monday', '11AM–9:30PM'], ['Tuesday', '11AM–9:30PM'], ['Wednesday', '11AM–9:30PM']]"
0x89ace89b219075af:0x6cda280472024810,Neo Japan,"Neo Japan, 1125 W North Carolina 54, Durham, NC 27707",35.9182609,-78.9594479,"['Japanese restaurant', 'Asian restaurant', 'Sushi restaurant']",3.8,326,$,"[['Thursday', '11AM–9:30PM'], ['Friday', '11AM–9:30PM'], ['Saturday', '11AM–9:30PM'], ['Sunday', '11AM–9:30PM'], ['Monday', '11AM–9:30PM'], ['Tuesday', '11AM–9:30PM'], ['Wednesday', '11AM–9:30PM']]"
0x89ab6dcc40260c2f:0x534e82e5a71148f0,Miyabi Jr. Express.,"Miyabi Jr. Express., 4747 Ramsey St, Fayetteville, NC 28311",35.125555999999996,-78.8818756,"['Japanese restaurant', 'Family restaurant', 'Fast food restaurant', 'Restaurant']",4.3,768,$$,"[['Thursday', '11:30AM–9PM'], ['Friday', '11:30AM–9PM'], ['Saturday', '11:30AM–9PM'], ['Sunday', '12–9PM'], ['Monday', '11:30AM–9PM'], ['Tuesday', '11:30AM–9PM'], ['Wednesday', '11:30AM–9PM']]"
0x89acf083a25fb0cb:0x4f736b0ccc092c04,Fujisan Japanese Steak House,"Fujisan Japanese Steak House, 8411 Brier Creek Pkwy #105, Raleigh, NC 27617",35.906255,-78.78496799999999,"['Japanese restaurant', 'Asian restaurant']",4.2,514,$$,"[['Thursday', '11AM–2PM'], ['Friday', '11AM–2PM'], ['Saturday', '3–10:30PM'], ['Sunday', '12–9PM'], ['Monday', '11AM–2PM'], ['Tuesday', '11AM–2PM'], ['Wednesday', '11AM–2PM']]"
0x89acef132697a3cb:0xec08429a665d7dbb,Hibachi 88,"Hibachi 88, 4900 NC-55 STE 110, Durham, NC 27713",35.8982631,-78.89800699999999,['Japanese restaurant'],4.3,288,$,"[['Thursday', '11AM–9PM'], ['Friday', '11AM–9PM'], ['Saturday', '11AM–9PM'], ['Sunday', 'Closed'], ['Monday', '11AM–9PM'], ['Tuesday', '11AM–9PM'], ['Wednesday', '11AM–9PM']]"
0x89ace8b055c68423:0xd636e726d4b50b4a,Ai Fuji,"Ai Fuji, 202 NC-54 #506, Durham, NC 27713",35.912362099999996,-78.9377444,"['Japanese steakhouse', 'Bar', 'Sushi restaurant', 'Teppanyaki restaurant']",4.3,47,,"[['Thursday', '11AM–2:30PM'], ['Friday', '11AM–10:30PM'], ['Saturday', '11AM–10:30PM'], ['Sunday', '11:30AM–9:30PM'], ['Monday', 'Closed'], ['Tuesday', '11AM–2:30PM'], ['Wednesday', '11AM–2:30PM']]"
0x89acc2acacb1bca9:0x7c1bf0886bfae909,Japan Express,"Japan Express, 261 S Elliott Rd, Chapel Hill, NC 27514",35.9330278,-79.02576839999999,['Japanese restaurant'],3.7,88,,"[['Thursday', '11AM–10PM'], ['Friday', '11AM–10PM'], ['Saturday', '11AM–10PM'], ['Sunday', '11AM–10PM'], ['Monday', '11AM–10PM'], ['Tuesday', '11AM–10PM'], ['Wednesday', '11AM–10PM']]"
0x88536b50cd66220d:0xfc9b6251482cc76f,Sakura Express,"Sakura Express, 1013 High Point St, Randleman, NC 27317",35.8205375,-79.822319,['Japanese restaurant'],4.5,228,$,"[['Thursday', '11AM–9PM'], ['Friday', '11AM–9PM'], ['Saturday', '11AM–9PM'], ['Sunday', '12–9PM'], ['Monday', '11AM–9PM'], ['Tuesday', 'Closed'], ['Wednesday', '11AM–9PM']]"
0x885181d2a00ee6ad:0xe17864ef6a78a07c,Shiki of Elkin,"Shiki of Elkin, 1455 N Bridge St, Elkin, NC 28621",36.269894,-80.85574679999999,['Japanese restaurant'],4.4,438,$,"[['Thursday', '11AM–9PM'], ['Friday', '11AM–9:30PM'], ['Saturday', '11AM–9PM'], ['Sunday', '11AM–9PM'], ['Monday', '11AM–9PM'], ['Tuesday', '11AM–9PM'], ['Wednesday', '11AM–9PM']]"
0x89acf506ae157caf:0x4ae778547ddd1a19,Hibachi Sushi,"Hibachi Sushi, 3217 Avent Ferry Rd, Raleigh, NC 27606",35.766697199999996,-78.69504429999999,"['Japanese steakhouse', 'Chinese restaurant', 'Restaurant', 'Sushi restaurant', 'Thai restaurant']",3.9,298,$,"[['Wednesday', 'Closed'], ['Thursday', '11AM–10PM'], ['Friday', '11AM–10PM'], ['Saturday', '11AM–10PM'], ['Sunday', '12–9:30PM'], ['Monday', '11AM–10PM'], ['Tuesday', '11AM–10PM']]"
0x89aeaa047fb56f19:0x644539f59146b09,Narita Express,"Narita Express, 1813 N Berkeley Blvd, Goldsboro, NC 27534",35.3887395,-77.92097629999999,"['Korean restaurant', 'Japanese restaurant', 'Sushi restaurant']",4.5,258,$$,"[['Wednesday', '11AM–2:30PM'], ['Thursday', '11AM–2:30PM'], ['Friday', '11AM–2:30PM'], ['Saturday', '4–9PM'], ['Sunday', 'Closed'], ['Monday', '11AM–2:30PM'], ['Tuesday', '11AM–2:30PM']]"
0x89ac01e847c2ba2b:0xb2e2ec0864854182,Ninja & Grill,"Ninja & Grill, 601 N Berkeley Blvd, Goldsboro, NC 27534",35.376362,-77.941851,"['Japanese restaurant', 'Asian restaurant', 'Chicken restaurant', 'Japanese steakhouse', 'Restaurant', 'Seafood restaurant', 'Steak house', 'Sushi restaurant', 'Teppanyaki restaurant']",4.0,285,$,"[['Wednesday', '11AM–10PM'], ['Thursday', '11AM–10PM'], ['Friday', '11AM–10:30PM'], ['Saturday', '11AM–10:30PM'], ['Sunday', '11AM–9PM'], ['Monday', '11AM–10PM'], ['Tuesday', '11AM–10PM']]"
0x88523b38b8553803:0x6025c3202f8c3177,Shikora Express,"Shikora Express, 2133 Rockford St, Mt Airy, NC 27030",36.4760365,-80.6168711,['Japanese restaurant'],4.1,125,,"[['Wednesday', '11AM–9PM'], ['Thursday', '11AM–9PM'], ['Friday', '11AM–9PM'], ['Saturday', '11AM–9PM'], ['Sunday', '12–8PM'], ['Monday', '11AM–9PM'], ['Tuesday', '11AM–9PM']]"
0x8853a465d02b3da7:0x56e043d7312701c,Sakura,"Sakura, 189 Hickory Tree Rd, Winston-Salem, NC 27107",35.966346099999996,-80.2237505,['Japanese restaurant'],4.2,68,,"[['Wednesday', '11AM–9:30PM'], ['Thursday', '11AM–9:30PM'], ['Friday', '11AM–10:30PM'], ['Saturday', '11AM–10:30PM'], ['Sunday', '11AM–9:30PM'], ['Monday', '11AM–9:30PM'], ['Tuesday', '11AM–9:30PM']]"
0x885130bd850c325d:0x4314ee56c74f97d7,Osaka Japanese Restaurant,"Osaka Japanese Restaurant, 3232 Springs Rd NE, Hickory, NC 28601",35.7573132,-81.2722704,"['Japanese restaurant', 'Asian restaurant', 'Sushi restaurant']",4.6,133,$$,"[['Wednesday', '10AM–9:30PM'], ['Thursday', '10AM–9:30PM'], ['Friday', '10AM–9:30PM'], ['Saturday', '10AM–9:30PM'], ['Sunday', 'Closed'], ['Monday', '10AM–9:30PM'], ['Tuesday', '10AM–9:30PM']]"
0x88513199cc5eef63:0x681e560d5673cf7c,Sarku Japan,"Sarku Japan, 1960 US Hwy 70 SE FC #2-108, Hickory, NC 28602",35.7038777,-81.3047926,"['Japanese restaurant', 'Asian restaurant', 'Fast food restaurant', 'Restaurant', 'Sushi restaurant', 'Teppanyaki restaurant']",3.9,38,$,"[['Wednesday', '10AM–9PM'], ['Thursday', '10AM–9PM'], ['Friday', '10AM–9PM'], ['Saturday', '10AM–9PM'], ['Sunday', '11AM–7PM'], ['Monday', '10AM–9PM'], ['Tuesday', '10AM–9PM']]"
0x8853b19bae60a097:0xa44f4765f14b13f8,Mizu Japanese Restaurant,"Mizu Japanese Restaurant, 3374 Robinhood Rd, Winston-Salem, NC 27106",36.115590999999995,-80.31425999999999,"['Japanese restaurant', 'Asian restaurant', 'Bar', 'Sushi restaurant']",4.5,525,$$,"[['Wednesday', '11AM–9:30PM'], ['Thursday', '11AM–9:30PM'], ['Friday', '11AM–10:30PM'], ['Saturday', '11AM–10:30PM'], ['Sunday', '11AM–9:30PM'], ['Monday', '11AM–9:30PM'], ['Tuesday', 'Closed']]"
0x8853b0dd9274ebbd:0xfa29ecb02d36bc,Kimono Japanese Restaurant And Sushi Bar,"Kimono Japanese Restaurant And Sushi Bar, 4910 Old Country Club Rd, Winston-Salem, NC 27104",36.083162,-80.345309,"['Japanese restaurant', 'Asian restaurant', 'Restaurant', 'Seafood restaurant', 'Sushi restaurant']",4.5,515,$,"[['Wednesday', '11AM–9PM'], ['Thursday', '11AM–9PM'], ['Friday', '11AM–9:30PM'], ['Saturday', '11AM–9:30PM'], ['Sunday', '11AM–9PM'], ['Monday', '11AM–9PM'], ['Tuesday', '11AM–9PM']]"
0x88569d00ad553cbb:0x1301d39290211cde,Kabuto Japanese Steakhouse and Sushi Bar,"Kabuto Japanese Steakhouse and Sushi Bar, 7724 Pineville-Matthews Rd, Charlotte, NC 28226",35.088175,-80.85096899999999,"['Japanese steakhouse', 'Asian restaurant', 'Japanese restaurant', 'Seafood restaurant', 'Sushi restaurant']",4.3,1158,$$,"[['Wednesday', '4:30–9PM'], ['Thursday', '4:30–9PM'], ['Friday', '4:30–9:30PM'], ['Saturday', '4:30–9:30PM'], ['Sunday', '4:30–9PM'], ['Monday', '4:30–9PM'], ['Tuesday', '4:30–9PM']]"
0x89a8d13da4102cf9:0x8b362bede212631e,SakeHibachi Sushi & Bar,"SakeHibachi Sushi & Bar, 400 Hotel Dr, New Bern, NC 28562",35.1043306,-77.0813917,"['Japanese restaurant', 'Bar', 'Japanese steakhouse', 'Seafood restaurant', 'Sushi restaurant', 'Teppanyaki restaurant']",4.3,583,$$,"[['Wednesday', '11:30AM–2PM'], ['Thursday', '11:30AM–2PM'], ['Friday', '11:30AM–2PM'], ['Saturday', '11:30AM–2PM'], ['Sunday', '12–10PM'], ['Monday', 'Closed'], ['Tuesday', '11:30AM–2PM']]"
0x89ae16dc361ce335:0x62f36995d3df38e1,Ichiban Express Japanese Steak House,"Ichiban Express Japanese Steak House, 87 Premier Blvd, Roanoke Rapids, NC 27870",36.4314509,-77.6339089,"['Japanese steakhouse', 'Japanese restaurant', 'Restaurant', 'Steak house']",3.9,247,$$,"[['Wednesday', '11:30AM–9PM'], ['Thursday', '11:30AM–9PM'], ['Friday', '11:30AM–9PM'], ['Saturday', '11:30AM–9PM'], ['Sunday', '11:30AM–9PM'], ['Monday', '11:30AM–9PM'], ['Tuesday', '11:30AM–9PM']]"
0x89acc2e73a1a233f:0x57d1dcfac8ba2b23,Spicy 9 Sushi Bar & Asian Restaurant,"Spicy 9 Sushi Bar & Asian Restaurant, 140 W Franklin St #150, Chapel Hill, NC 27516",35.9126517,-79.0574329,"['Sushi restaurant', 'Asian fusion restaurant', 'Chinese restaurant', 'Japanese restaurant', 'Korean restaurant', 'Pan-Asian restaurant', 'Restaurant', 'Thai restaurant']",4.1,888,$$,"[['Tuesday', '11AM–10PM'], ['Wednesday', '11AM–10PM'], ['Thursday', '11AM–10PM'], ['Friday', '11AM–10PM'], ['Saturday', '11AM–10PM'], ['Sunday', '12–10PM'], ['Monday', '11AM–10PM']]"
0x89aca89dadfa893d:0x25df5effabb4a7b4,Sarkus express,"Sarkus express, 1129 Spring Ln, Sanford, NC 27330",35.486330099999996,-79.20191679999999,"['Japanese restaurant', 'Restaurant']",4.3,216,$,"[['Tuesday', '11AM–9PM'], ['Wednesday', '11AM–9PM'], ['Thursday', '11AM–9PM'], ['Friday', '11AM–9PM'], ['Saturday', '11AM–9PM'], ['Sunday', '11AM–9PM'], ['Monday', '11AM–9PM']]"
0x8856db1e823cd81b:0x756b14fcb9e39d38,Tokyo Japanese Restaurant,"Tokyo Japanese Restaurant, 112 N Cherry St, Cherryville, NC 28021",35.385025999999996,-81.36814799999999,"['Asian restaurant', 'Japanese restaurant']",3.8,146,$$,"[['Tuesday', 'Closed'], ['Wednesday', '11AM–3PM'], ['Thursday', '11AM–3PM'], ['Friday', '11AM–3PM'], ['Saturday', '4–9PM'], ['Sunday', '11:30AM–3PM'], ['Monday', '11AM–3PM']]"
0x89ac593f29f340cb:0x8341a75769a88af1,Aggie's Grill Station,"Aggie's Grill Station, 3027 Capital Blvd, Raleigh, NC 27604",35.821988399999995,-78.5915043,"['Asian restaurant', 'Bar & grill', 'Chicken wings restaurant', 'Hamburger restaurant', 'Japanese restaurant']",4.6,287,$$,"[['Tuesday', '10:30AM–9:30PM'], ['Wednesday', '10:30AM–9:30PM'], ['Thursday', '10:30AM–9:30PM'], ['Friday', '10:30AM–9:30PM'], ['Saturday', '10:30AM–9:30PM'], ['Sunday', 'Closed'], ['Monday', '10:30AM–9:30PM']]"
0x89acf6fd14e16091:0xd25472fd75d39296,Waraji Japanese Restaurant,"Waraji Japanese Restaurant, 5910 Duraleigh Rd, Raleigh, NC 27612",35.8593639,-78.7123677,"['Sushi restaurant', 'Asian restaurant', 'Authentic Japanese restaurant', 'Japanese restaurant', 'Restaurant']",4.6,1054,$$,"[['Tuesday', '11:30AM–2PM'], ['Wednesday', '11:30AM–2PM'], ['Thursday', '11:30AM–2PM'], ['Friday', '11:30AM–2PM'], ['Saturday', '5:30–10:30PM'], ['Sunday', '12–2PM'], ['Monday', 'Closed']]"
0x89ac58489f35f96d:0x9ed8ad43c727b08a,Tenko Japan,"Tenko Japan, 6325 Falls of Neuse Rd, Raleigh, NC 27615",35.870075199999995,-78.6227392,"['Japanese restaurant', 'Restaurant']",4.2,154,$,"[['Tuesday', '11AM–8:30PM'], ['Wednesday', '11AM–8:30PM'], ['Thursday', '11AM–8:30PM'], ['Friday', '11AM–8:30PM'], ['Saturday', 'Closed'], ['Sunday', '11AM–8:30PM'], ['Monday', '11AM–8:30PM']]"
0x885319d64939e0e3:0xeba10969389cbc4c,Bamboo Grill,"Bamboo Grill, 3711 Elmsley St, Greensboro, NC 27406",36.0022687,-79.79283149999999,['Japanese restaurant'],4.1,338,$$,"[['Monday', '11AM–9PM'], ['Tuesday', '11AM–9PM'], ['Wednesday', '11AM–9PM'], ['Thursday', '11AM–9PM'], ['Friday', '11AM–10PM'], ['Saturday', '11AM–10PM'], ['Sunday', '11AM–9PM']]"
0x89acf640ca4cc3f9:0xddb32fe55a41ce2f,Torii Noodle Bar,"Torii Noodle Bar, 4325 Glenwood Ave, Raleigh, NC 27612",35.8404138,-78.6789953,"['Japanese restaurant', 'Restaurant']",4.1,194,,"[['Sunday', '12–12:01AM'], ['Monday', 'Closed'], ['Tuesday', 'Closed'], ['Wednesday', 'Closed'], ['Thursday', 'Closed'], ['Friday', 'Closed'], ['Saturday', 'Closed']]"
0x89ac5770274fc5bd:0x24a20d11b7c1bf72,Nc Japan Express,"Nc Japan Express, 9660 Falls of Neuse Rd #147, Raleigh, NC 27615",35.905333399999996,-78.60009199999999,['Japanese restaurant'],4.1,137,$,"[['Sunday', '11AM–9PM'], ['Monday', '11AM–9PM'], ['Tuesday', '11AM–9PM'], ['Wednesday', '11AM–9PM'], ['Thursday', '11AM–9PM'], ['Friday', '11AM–9PM'], ['Saturday', '11AM–9PM']]"
0x88510d045a25d5eb:0xbd394ed213458281,Koto's,"Koto's, 1917 US-421, Wilkesboro, NC 28697",36.1486863,-81.19991259999999,['Japanese restaurant'],4.1,435,$,"[['Sunday', '11AM–9PM'], ['Monday', 'Closed'], ['Tuesday', '11AM–9PM'], ['Wednesday', '11AM–9PM'], ['Thursday', '11AM–9PM'], ['Friday', '11AM–9:30PM'], ['Saturday', '11AM–9:30PM']]"
0x8850fa5171c616f9:0x12bae9fe772ad97a,Makoto's Japanese Steak House and Sushi Bar-Boone NC Restaurant,"Makoto's Japanese Steak House and Sushi Bar-Boone NC Restaurant, 2124 Blowing Rock Rd, Boone, NC 28607",36.1954767,-81.6541625,"['Japanese steakhouse', 'Asian restaurant', 'Caterer', 'Restaurant', 'Seafood restaurant', 'Sushi restaurant']",4.4,1291,$$,"[['Sunday', '11AM–2PM'], ['Monday', '11AM–2PM'], ['Tuesday', '11AM–2PM'], ['Wednesday', '11AM–2PM'], ['Thursday', '11AM–2PM'], ['Friday', '11AM–2PM'], ['Saturday', '11AM–2PM']]"
0x89acc319fed6ea55:0xf6e94db75977a6fd,Akai Hana Japanese Restaurant,"Akai Hana Japanese Restaurant, 206 W Main St, Carrboro, NC 27510",35.910399999999996,-79.0754611,"['Japanese restaurant', 'Asian restaurant', 'Sushi restaurant']",4.6,438,$$,"[['Sunday', 'Closed'], ['Monday', 'Closed'], ['Tuesday', '11:30AM–2PM'], ['Wednesday', '11:30AM–2PM'], ['Thursday', '11:30AM–2PM'], ['Friday', '11:30AM–2PM'], ['Saturday', '4:30–9PM']]"
0x89a893a17e4b0f43:0x8331cd6bb8fee42b,Musashi Japanese Steak-Seafood,"Musashi Japanese Steak-Seafood, 4330 Arendell St, Morehead City, NC 28557",34.729920299999996,-76.77515009999999,"['Japanese restaurant', 'Asian restaurant', 'Sushi restaurant']",4.4,478,$$,"[['Sunday', 'Closed'], ['Monday', '11:30AM–2PM'], ['Tuesday', '11:30AM–2PM'], ['Wednesday', '11:30AM–2PM'], ['Thursday', '11:30AM–2PM'], ['Friday', '11:30AM–2PM'], ['Saturday', '4:30–9:30PM']]"
0x89ace3bacddfdfc1:0x248921b3b2266a4,Koumi Japanese Restaurant,"Koumi Japanese Restaurant, 3550 N Roxboro St, Durham, NC 27704",36.0367799,-78.89513939999999,"['Japanese restaurant', 'Asian restaurant']",4.1,468,$,"[['Sunday', 'Closed'], ['Monday', '11:30AM–9PM'], ['Tuesday', '11:30AM–9PM'], ['Wednesday', '11:30AM–9PM'], ['Thursday', '11:30AM–9:30PM'], ['Friday', '11:30AM–9:30PM'], ['Saturday', '11:30AM–9:30PM']]"
0x89ace7c077a472d3:0x281696f263097fdb,Kanki Japanese House of Steaks & Sushi - Durham,"Kanki Japanese House of Steaks & Sushi - Durham, 3504 Mt Moriah Rd, Durham, NC 27707",35.950866999999995,-78.99503399999999,"['Japanese steakhouse', 'Asian restaurant', 'Japanese restaurant', 'Restaurant', 'Sushi restaurant']",4.0,1528,$$$,"[['Sunday', '12–8:30PM'], ['Monday', '4:30–8:30PM'], ['Tuesday', '4:30–8:30PM'], ['Wednesday', '4:30–8:30PM'], ['Thursday', '4:30–8:30PM'], ['Friday', '11:30AM–2PM'], ['Saturday', '11:30AM–9:30PM']]"
0x80c32a5816610a3f:0x4efbdc93f164744d,Ishi,"Ishi, 8205 University City Blvd #8129, Charlotte, NC 28213",35.294927,-80.7474965,"['Japanese restaurant', 'Restaurant']",4.1,567,$$,"[['Sunday', '12–9PM'], ['Monday', '11AM–9:30PM'], ['Tuesday', '11AM–9:30PM'], ['Wednesday', '11AM–9:30PM'], ['Thursday', '11AM–9:30PM'], ['Friday', '11AM–10PM'], ['Saturday', '12–10PM']]"
0x89aceffd37157a23:0x830e8e8836cbd74,Sushi at the Park,"Sushi at the Park, 1163 Parkside Main St, Cary, NC 27519",35.8479026,-78.8903744,"['Sushi restaurant', 'Asian fusion restaurant', 'Asian restaurant', 'Japanese restaurant', 'Thai restaurant']",4.2,527,$$,"[['Sunday', '12–9PM'], ['Monday', '11AM–9PM'], ['Tuesday', '11AM–9PM'], ['Wednesday', '11AM–9PM'], ['Thursday', '11AM–9PM'], ['Friday', '11AM–10PM'], ['Saturday', '11AM–10PM']]"
0x89a9108bf20d63cf:0x513ee288bc8e05a5,Miyabi Jr Japanese Express,"Miyabi Jr Japanese Express, 1148 Western Blvd, Jacksonville, NC 28546",34.78281,-77.395197,"['Japanese restaurant', 'Asian restaurant', 'Japanese steakhouse']",4.4,891,$$,"[['Saturday', '11:30AM–9PM'], ['Sunday', '11:30AM–8:30PM'], ['Monday', '11AM–9PM'], ['Tuesday', '11AM–9PM'], ['Wednesday', '11AM–9PM'], ['Thursday', '11AM–9PM'], ['Friday', '11AM–9PM']]"
0x8854280477b5475b:0x2ddc05e2d44d2b42,18 Asian & Sushi Bar,"18 Asian & Sushi Bar, 9935 Rea Rd, Charlotte, NC 28277",35.0338986,-80.8046639,"['Sushi restaurant', 'Asian restaurant', 'Japanese restaurant']",4.0,156,$$,"[['Saturday', '11:30AM–2:30PM'], ['Sunday', '11:30AM–2:30PM'], ['Monday', 'Closed'], ['Tuesday', '11:30AM–2:30PM'], ['Wednesday', '11:30AM–2:30PM'], ['Thursday', '11:30AM–2:30PM'], ['Friday', '11:30AM–2:30PM']]"
0x88569f8c70fd9081:0x85aef446fcfd94cd,Teriyaki Madness,"Teriyaki Madness, 1100 Metropolitan Ave Ste 130, Charlotte, NC 28204",35.2127601,-80.8357012,"['Asian fusion restaurant', 'Caterer', 'Fast food restaurant', 'Gluten-free restaurant', 'Japanese restaurant', 'Restaurant']",4.0,266,$,"[['Saturday', '11AM–9PM'], ['Sunday', '11AM–9PM'], ['Monday', '11AM–9PM'], ['Tuesday', '11AM–9PM'], ['Wednesday', '11AM–9PM'], ['Thursday', '11AM–9PM'], ['Friday', '11AM–9PM']]"
0x8850a362217a7185:0x6f8a3a2a69535d01,Tokyo Restaurant,"Tokyo Restaurant, 12105 NC-226, Spruce Pine, NC 28777",35.8901855,-82.06567439999999,"['Japanese restaurant', 'Asian restaurant', 'Chinese restaurant', 'Steak house']",4.0,353,$,"[['Saturday', '11AM–9:30PM'], ['Sunday', '11AM–9:30PM'], ['Monday', '11AM–9:30PM'], ['Tuesday', '11AM–9:30PM'], ['Wednesday', '11AM–9:30PM'], ['Thursday', '11AM–9:30PM'], ['Friday', '11AM–9:30PM']]"
0x88530755ce02e22d:0xe1523383094ff1f9,Osaka Japanese Restaurant,"Osaka Japanese Restaurant, 120 Century Pl Blvd, Kernersville, NC 27284",36.107709,-80.09581399999999,['Japanese restaurant'],4.3,245,$$,"[['Saturday', '11AM–9:30PM'], ['Sunday', '11AM–9PM'], ['Monday', '11AM–9PM'], ['Tuesday', '11AM–9PM'], ['Wednesday', '11AM–9PM'], ['Thursday', '11AM–9PM'], ['Friday', '11AM–9:30PM']]"
0x8859f283631da819:0x2acda50b582b6d78,Mr.Sushi South,"Mr.Sushi South, 1578b Hendersonville Rd, Biltmore Forest, NC 28803",35.5146331,-82.52675409999999,"['Sushi restaurant', 'Grill', 'Japanese restaurant', 'Sushi takeaway']",4.6,338,$,"[['Saturday', '12–8PM'], ['Sunday', '5–8PM'], ['Monday', '11AM–9PM'], ['Tuesday', '11AM–9PM'], ['Wednesday', '11AM–9PM'], ['Thursday', '11AM–9PM'], ['Friday', '11AM–9PM']]"
0x89a9f4e7c7fce4db:0xc8cd49eaccca9750,Blue Asia,"Blue Asia, 341 S College Rd #52, Wilmington, NC 28403",34.2335505,-77.8721525,"['Chinese restaurant', 'Asian fusion restaurant', 'Asian restaurant', 'Japanese restaurant', 'Southeast Asian restaurant', 'Sushi restaurant', 'Thai restaurant']",4.2,638,$$,"[['Saturday', '11AM–10:30PM'], ['Sunday', '12–10PM'], ['Monday', '11AM–10PM'], ['Tuesday', 'Closed'], ['Wednesday', '11AM–10PM'], ['Thursday', '11AM–10PM'], ['Friday', '11AM–10:30PM']]"
0x89a9f359e072143f:0x95c5cbbca2287d5d,Tokyo 101,"Tokyo 101, 880 Town Center Dr, Wilmington, NC 28405",34.2431836,-77.8324916,"['Japanese restaurant', 'Asian restaurant', 'Japanese steakhouse', 'Seafood restaurant', 'Sushi restaurant']",4.4,487,$$,"[['Saturday', '11:30AM–10PM'], ['Sunday', '11:30AM–9PM'], ['Monday', '11:30AM–9PM'], ['Tuesday', '11:30AM–9PM'], ['Wednesday', '11:30AM–9PM'], ['Thursday', '11:30AM–9PM'], ['Friday', '11:30AM–10PM']]"
0x89a9f5a5e0f7765d:0xb427284c2e9e43dc,Kabuki Korean Cafe & Sushi Bar,"Kabuki Korean Cafe & Sushi Bar, 4102 Oleander Dr Suite 2, Wilmington, NC 28403",34.2111212,-77.8953959,"['Korean restaurant', 'Asian restaurant', 'Japanese restaurant', 'Korean barbecue restaurant', 'Sushi restaurant']",4.4,258,$$,"[['Saturday', '12–2:30PM'], ['Sunday', '12–3PM'], ['Monday', 'Closed'], ['Tuesday', '11AM–2:30PM'], ['Wednesday', '11AM–2:30PM'], ['Thursday', '11AM–2:30PM'], ['Friday', '11AM–2:30PM']]"
0x8856bd74cbf640f9:0x1a60f55fce6fe55f,Sake Express,"Sake Express, 675 Park St, Belmont, NC 28012",35.254232099999996,-81.0277775,['Japanese restaurant'],4.3,1323,$,"[['Friday', '11AM–10PM'], ['Saturday', '11AM–10PM'], ['Sunday', '11AM–9PM'], ['Monday', '11AM–10PM'], ['Tuesday', '11AM–10PM'], ['Wednesday', '11AM–10PM'], ['Thursday', '11AM–10PM']]"
0x885423991c48c63f:0xf998f269257530c,Osaka Japanese Cuisine,"Osaka Japanese Cuisine, 3531 Matthews-Mint Hill Rd, Matthews, NC 28105",35.1382167,-80.6844417,['Japanese restaurant'],4.5,388,$$,"[['Friday', '11:30AM–9:30PM'], ['Saturday', '11:30AM–9:30PM'], ['Sunday', '11:30AM–9PM'], ['Monday', '11:30AM–9PM'], ['Tuesday', '11:30AM–9PM'], ['Wednesday', '11:30AM–9PM'], ['Thursday', '11:30AM–9PM']]"
0x88569c558ba53c4f:0x8f885b798993666e,Bonchon Pineville,"Bonchon Pineville, 8318 Pineville-Matthews Rd #703, Charlotte, NC 28226",35.089999999999996,-80.85875,"['Asian fusion restaurant', 'Asian restaurant', 'Chicken restaurant', 'Chicken wings restaurant', 'Fried chicken takeaway', 'Japanese restaurant', 'Korean restaurant', 'Pan-Asian restaurant']",4.3,428,$$,"[['Friday', '11AM–9:30PM'], ['Saturday', '11AM–9:30PM'], ['Sunday', '11AM–9:30PM'], ['Monday', '11AM–9:30PM'], ['Tuesday', '11AM–9:30PM'], ['Wednesday', '11AM–9:30PM'], ['Thursday', '11AM–9:30PM']]"
0x8854214461d8e09f:0xe7e3cfcc960c933,Shiki Japanese Restaurant,"Shiki Japanese Restaurant, 1848 Galleria Blvd Ste K, Charlotte, NC 28270",35.1380263,-80.73452669999999,"['Japanese restaurant', 'Asian restaurant']",3.9,164,$$,"[['Friday', '11AM–9:30PM'], ['Saturday', '11AM–9:30PM'], ['Sunday', '11AM–9PM'], ['Monday', '11AM–9PM'], ['Tuesday', '11AM–9PM'], ['Wednesday', '11AM–9PM'], ['Thursday', '11AM–9PM']]"
0x88569d60eed98585:0xd8b77a46916a1109,Sakura Izakaya,"Sakura Izakaya, 10215 Park Rd, Charlotte, NC 28210",35.095053799999995,-80.8641131,"['Japanese restaurant', 'Asian fusion restaurant', 'Ramen restaurant', 'Seafood restaurant', 'Sports bar', 'Steak house', 'Sushi restaurant']",4.4,58,,"[['Friday', '11AM–11PM'], ['Saturday', '11AM–11PM'], ['Sunday', '11AM–9PM'], ['Monday', '11AM–10PM'], ['Tuesday', '11AM–10PM'], ['Wednesday', '11AM–10PM'], ['Thursday', '11AM–10PM']]"
0x88541c57282dc4a3:0x3dd14babc71dcbdd,Toyama Express Japanese Restaurant,"Toyama Express Japanese Restaurant, 2130 E Arbors Dr #200, Charlotte, NC 28262",35.33809,-80.757451,"['Japanese restaurant', 'Asian restaurant', 'Restaurant']",4.3,835,$,"[['Friday', '11AM–9PM'], ['Saturday', '11AM–9PM'], ['Sunday', 'Closed'], ['Monday', '11AM–9PM'], ['Tuesday', '11AM–9PM'], ['Wednesday', '11AM–9PM'], ['Thursday', '11AM–9PM']]"
0x8853f36c194a4c3b:0xad3c7d626d55e177,Ichiban Japanese Seafood Steakhouse,"Ichiban Japanese Seafood Steakhouse, 1005 Klumac Rd, Salisbury, NC 28147",35.6420704,-80.4836535,['Japanese steakhouse'],4.6,932,$$,"[['Friday', '4:30–9:30PM'], ['Saturday', '4–9:30PM'], ['Sunday', '12–9PM'], ['Monday', '4:30–9PM'], ['Tuesday', '4:30–9PM'], ['Wednesday', '4:30–9PM'], ['Thursday', '4:30–9PM']]"
0x8853193fa6c44917:0x8f3b5d3150f564f9,Sushi Republic,"Sushi Republic, 329 Tate St, Greensboro, NC 27403",36.0687806,-79.8053944,"['Sushi restaurant', 'Asian restaurant', 'Bar', 'Japanese restaurant', 'Restaurant']",4.6,596,$$,"[['Thursday', '11:30AM–2:30PM'], ['Friday', '11:30AM–2:30PM'], ['Saturday', '5–9:30PM'], ['Sunday', 'Closed'], ['Monday', '11:30AM–2:30PM'], ['Tuesday', '11:30AM–2:30PM'], ['Wednesday', '11:30AM–2:30PM']]"
0x88531c4f005508a3:0x1a574a92a51ad96b,Imperial Koi Asian Bistro & Sushi Bar,"Imperial Koi Asian Bistro & Sushi Bar, 1941 New Garden Rd suite 200, Greensboro, NC 27410",36.127311,-79.8606214,"['Asian restaurant', 'Chinese restaurant', 'Japanese restaurant', 'Pan-Asian restaurant', 'Sushi restaurant', 'Thai restaurant']",4.3,588,$$,"[['Thursday', '11AM–3PM'], ['Friday', '11AM–3PM'], ['Saturday', '11:30AM–11PM'], ['Sunday', '11:30AM–10PM'], ['Monday', '11AM–3PM'], ['Tuesday', '11AM–3PM'], ['Wednesday', '11AM–3PM']]"
0x885328d6aec9e131:0x34ad08876cb4f13d,Harusaki,"Harusaki, 1449 University Dr # H, Burlington, NC 27215",36.0677778,-79.5211111,"['Japanese restaurant', 'Sushi restaurant']",4.0,428,$$,"[['Thursday', '11AM–10PM'], ['Friday', '11AM–11PM'], ['Saturday', '11AM–11PM'], ['Sunday', '12–10PM'], ['Monday', '11AM–10PM'], ['Tuesday', '11AM–10PM'], ['Wednesday', '11AM–10PM']]"
0x88531c8bf4d155f5:0x9c85a0d6847a6a5a,Ichi Sushi,"Ichi Sushi, 1564 Highwoods Blvd, Greensboro, NC 27410",36.111911,-79.87836349999999,"['Sushi restaurant', 'Asian restaurant', 'Japanese restaurant']",4.3,258,$$,"[['Thursday', '11AM–10PM'], ['Friday', '11AM–10PM'], ['Saturday', '11AM–10PM'], ['Sunday', '11AM–10PM'], ['Monday', 'Closed'], ['Tuesday', '11AM–10PM'], ['Wednesday', '11AM–10PM']]"
0x88531bcc6581acdf:0x2e6da2aab5636701,Little Ari's Japanese Kitchen,"Little Ari's Japanese Kitchen, 4129 Spring Garden St, Greensboro, NC 27407",36.0677984,-79.8683094,['Japanese restaurant'],4.1,368,,"[['Thursday', '11AM–9PM'], ['Friday', '11AM–9PM'], ['Saturday', '12–9PM'], ['Sunday', '12–9PM'], ['Monday', '11AM–9PM'], ['Tuesday', '11AM–9PM'], ['Wednesday', '11AM–9PM']]"
0x885154eb517d0813:0x3e0a9d3b855e5f24,Pisces Sushi Bar & Lounge-Lake Norman,"Pisces Sushi Bar & Lounge-Lake Norman, 591 River Hwy A, Mooresville, NC 28117",35.593795799999995,-80.87124399999999,"['Sushi restaurant', 'Japanese restaurant', 'Restaurant']",4.4,418,$$,"[['Thursday', '11:30AM–2:15PM'], ['Friday', '11:30AM–2:15PM'], ['Saturday', '11:30AM–2:15PM'], ['Sunday', '11:30AM–2:15PM'], ['Monday', '11:30AM–2:15PM'], ['Tuesday', '11:30AM–2:15PM'], ['Wednesday', '11:30AM–2:15PM']]"
0x89ace40c4b6d12f1:0x9c75d8d901ffc091,Basan Bull City Sushi,"Basan Bull City Sushi, 359 Blackwell St #220, Durham, NC 27701",35.9928498,-78.9036922,"['Japanese restaurant', 'Sushi restaurant']",4.3,298,$$,"[['Thursday', '11AM–2PM'], ['Friday', '11AM–2PM'], ['Saturday', '12–11PM'], ['Sunday', '4–9PM'], ['Monday', '11AM–2PM'], ['Tuesday', '11AM–2PM'], ['Wednesday', '11AM–2PM']]"
0x89ab6b2e17d46c5d:0xd20635cffde210d3,Nona Sushi,"Nona Sushi, 5075 Morganton Rd, Fayetteville, NC 28314",35.069065,-78.9616605,['Japanese restaurant'],4.5,537,$$,"[['Thursday', '11AM–9:30PM'], ['Friday', '11AM–10PM'], ['Saturday', '11:30AM–10PM'], ['Sunday', '11:30AM–9PM'], ['Monday', '11AM–9:30PM'], ['Tuesday', '11AM–9:30PM'], ['Wednesday', '11AM–9:30PM']]"
0x89ab6b363f7a4d0b:0x8129b819012454a7,Sushi Court,"Sushi Court, 251 Westwood Shopping Center, Fayetteville, NC 28314",35.0658531,-78.9535649,"['Japanese restaurant', 'Restaurant']",4.1,266,$$,"[['Thursday', '11AM–9PM'], ['Friday', '11AM–9PM'], ['Saturday', '11AM–9PM'], ['Sunday', 'Closed'], ['Monday', '11AM–9PM'], ['Tuesday', '11AM–9PM'], ['Wednesday', '11AM–9PM']]"
0x89ab6b3c3445b2cb:0xe516f3b087696027,Ohana International,"Ohana International, 4565 Yadkin Rd, Fayetteville, NC 28303",35.079605099999995,-78.9600372,"['Korean barbecue restaurant', 'Japanese restaurant', 'Korean restaurant', 'Stand bar', 'Sushi restaurant', 'Teppanyaki restaurant', 'Vietnamese restaurant']",4.0,398,$$,"[['Thursday', '11AM–8:30PM'], ['Friday', '11AM–9PM'], ['Saturday', '12–9PM'], ['Sunday', '2–9PM'], ['Monday', 'Closed'], ['Tuesday', '11AM–8:30PM'], ['Wednesday', '11AM–8:30PM']]"
0x89ab1431dd220e21:0x35a757416f37bf9a,Osaka,"Osaka, 5540 Camden Rd, Fayetteville, NC 28306",34.9860311,-78.96645989999999,"['Sushi restaurant', 'Japanese restaurant']",4.3,738,$$,"[['Thursday', '11AM–9PM'], ['Friday', '11AM–9PM'], ['Saturday', '11AM–9PM'], ['Sunday', '11:30AM–9PM'], ['Monday', '11AM–9PM'], ['Tuesday', '11AM–9PM'], ['Wednesday', '11AM–9PM']]"
0x89ab14d700f049eb:0x1d46e94f154b351e,Kyoto Fantasy Express,"Kyoto Fantasy Express, 2043 Skibo Rd, Fayetteville, NC 28314",35.0550972,-78.9715215,"['Japanese restaurant', 'Asian restaurant']",3.5,98,,"[['Thursday', '11:30AM–6PM'], ['Friday', '11:30AM–6PM'], ['Saturday', '11:30AM–6PM'], ['Sunday', 'Closed'], ['Monday', '11:30AM–6PM'], ['Tuesday', '11:30AM–6PM'], ['Wednesday', '11:30AM–6PM']]"
0x885427fcd7dc5b1f:0x40b7e44fbdd6f392,Somi Sushi,"Somi Sushi, 3104 Weddington Rd #100, Matthews, NC 28105",35.0824713,-80.73268639999999,['Japanese restaurant'],4.8,164,,"[['Thursday', '11AM–2:30PM'], ['Friday', '11AM–2:30PM'], ['Saturday', '11AM–2:30PM'], ['Sunday', '11AM–2:30PM'], ['Monday', 'Closed'], ['Tuesday', '11AM–2:30PM'], ['Wednesday', '11AM–2:30PM']]"
0x8853afc3e47b1ad9:0x28c9ef49f5ad6b06,Tokyo Japanese Steakhouse & Sushi,"Tokyo Japanese Steakhouse & Sushi, 1111 Salisbury Ridge Rd, Winston-Salem, NC 27127",36.065735499999995,-80.2613329,"['Japanese steakhouse', 'Asian restaurant', 'Japanese restaurant', 'Steak house', 'Sushi restaurant']",4.5,1304,$$,"[['Thursday', '5–9PM'], ['Friday', '5–9:30PM'], ['Saturday', '4–9:30PM'], ['Sunday', '4–9PM'], ['Monday', '5–9PM'], ['Tuesday', '5–9PM'], ['Wednesday', '5–9PM']]"
0x8853b08cacb4ae49:0x8c7e92b23a24c80c,Umi Japanese Steakhouse & Sushi Lounge,"Umi Japanese Steakhouse & Sushi Lounge, 1280 Creekshire Way, Winston-Salem, NC 27103",36.0670248,-80.325622,"['Japanese steakhouse', 'Sushi restaurant']",4.1,1237,$$,"[['Thursday', '11:30AM–2:30PM'], ['Friday', '11:30AM–2:30PM'], ['Saturday', '12–11PM'], ['Sunday', '12–9:30PM'], ['Monday', '11:30AM–2:30PM'], ['Tuesday', '11:30AM–2:30PM'], ['Wednesday', '11:30AM–2:30PM']]"
0x8859f4c9a345c6cb:0x195755da1d04bd31,WakuWaku Eatery Online Order & Pick-Up,,35.538931999999996,-82.5654054,['Japanese restaurant'],4.7,246,,"[['Wednesday', '12–1:30PM'], ['Thursday', '11:30AM–1:30PM'], ['Friday', '11:30AM–1:30PM'], ['Saturday', '12–1:30PM'], ['Sunday', '12–1:30PM'], ['Monday', 'Closed'], ['Tuesday', '12–1:30PM']]"
0x88541a68f751ffcd:0xf982a99b47deeaa5,Ichi Japanese Express,"Ichi Japanese Express, 4553 NC-49, Harrisburg, NC 28075",35.3216215,-80.652734,"['Asian restaurant', 'Japanese restaurant', 'Sushi restaurant']",4.2,287,$,"[['Wednesday', '11AM–9PM'], ['Thursday', '11AM–9PM'], ['Friday', '11AM–9PM'], ['Saturday', '11AM–9PM'], ['Sunday', '11AM–9PM'], ['Monday', '11AM–9PM'], ['Tuesday', '11AM–9PM']]"
0x8856a02ea672629b:0x419aa0d1e4287117,Hasaki Grill & Sushi,"Hasaki Grill & Sushi, 440 S Church St, Charlotte, NC 28202",35.2254134,-80.8483636,"['Japanese restaurant', 'Asian restaurant', 'Restaurant', 'Sushi restaurant']",4.3,484,$$,"[['Wednesday', '11AM–8:30PM'], ['Thursday', '11AM–8:30PM'], ['Friday', '11AM–8:30PM'], ['Saturday', 'Closed'], ['Sunday', 'Closed'], ['Monday', '11AM–8:30PM'], ['Tuesday', '11AM–8:30PM']]"
0x88569a7f230d7615:0x93941830f90bda9b,Fuji Japanese Steak House,"Fuji Japanese Steak House, 14126 Rivergate Pkwy #400, Charlotte, NC 28273",35.1029486,-80.9848624,"['Japanese restaurant', 'Japanese steakhouse', 'Seafood restaurant', 'Steak house', 'Sushi restaurant']",4.1,543,$$,"[['Wednesday', '11AM–3PM'], ['Thursday', '11AM–3PM'], ['Friday', '11AM–3PM'], ['Saturday', '11AM–3PM'], ['Sunday', '11:30AM–9:30PM'], ['Monday', '11AM–2:30PM'], ['Tuesday', '11AM–3PM']]"
0x8853b0ed997e9a53:0xfe3bf57e07582365,HakkaChow - Asian Eats,"HakkaChow - Asian Eats, 615 St George Square Ct, Winston-Salem, NC 27103",36.071228,-80.333486,"['Asian fusion restaurant', 'Chinese restaurant', 'Japanese restaurant', 'Korean restaurant', 'Sushi restaurant', 'Thai restaurant']",4.5,1568,$$,"[['Tuesday', '11:30AM–9:30PM'], ['Wednesday', '11:30AM–9:30PM'], ['Thursday', '11:30AM–9:30PM'], ['Friday', '11:30AM–10PM'], ['Saturday', '12–10PM'], ['Sunday', '12–9PM'], ['Monday', 'Closed']]"
0x89aec2c16a0f05a1:0x876939157fc4dee3,Ninja Hibachi Express,"Ninja Hibachi Express, 604 Greenville Blvd SW, Greenville, NC 27834",35.573113,-77.397033,"['Japanese restaurant', 'Asian fusion restaurant', 'Fast food restaurant']",4.4,335,$,"[['Tuesday', '11AM–10PM'], ['Wednesday', '11AM–10PM'], ['Thursday', '11AM–10PM'], ['Friday', '11AM–10PM'], ['Saturday', '11AM–10PM'], ['Sunday', '11AM–9PM'], ['Monday', '11AM–10PM']]"
0x89af189e42897745:0x829857566a96d557,Hibachi Japan,"Hibachi Japan, 340 Cherry Run Center, 1700 W 5th St, Washington, NC 27889",35.566474299999996,-77.0752182,['Japanese restaurant'],4.2,128,,"[['Tuesday', '11AM–10PM'], ['Wednesday', '11AM–10PM'], ['Thursday', '11AM–10PM'], ['Friday', '11AM–10PM'], ['Saturday', '11AM–10PM'], ['Sunday', '11AM–10PM'], ['Monday', '11AM–10PM']]"
0x89aedd3daf6bf11f:0xc2d584a36179e92b,Hibachi Japan Firetower,"Hibachi Japan Firetower, 1885 E Fire Tower Rd #106, Greenville, NC 27858",35.5659963,-77.3576107,"['Japanese restaurant', 'Restaurant']",4.2,215,$$,"[['Tuesday', '11AM–9:15PM'], ['Wednesday', '11AM–9:15PM'], ['Thursday', '11AM–9:15PM'], ['Friday', '11AM–9:15PM'], ['Saturday', '11AM–9:15PM'], ['Sunday', '11AM–9:15PM'], ['Monday', 'Closed']]"
0x89aedd4cdb1d2741:0x986a331c08403009,Sappari Japanese Steak House,"Sappari Japanese Steak House, 115 Red Banks Rd # F, Greenville, NC 27858",35.5829375,-77.3777676,"['Japanese steakhouse', 'Asian restaurant', 'Japanese restaurant', 'Restaurant']",4.4,488,$$,"[['Tuesday', '5–10PM'], ['Wednesday', '5–10PM'], ['Thursday', '5–10PM'], ['Friday', '5–11PM'], ['Saturday', '4:30–11PM'], ['Sunday', 'Closed'], ['Monday', 'Closed']]"
0x89acef7af3c8a6a5:0x63435c96c1d1a599,Sansui Sushi Bar & Grill,"Sansui Sushi Bar & Grill, 4325 Apex Hwy, Durham, NC 27713",35.9118302,-78.8919051,"['Sushi restaurant', 'Bar & grill', 'Authentic Japanese restaurant', 'Japanese restaurant', 'Seafood restaurant']",4.3,436,$$,"[['Tuesday', '11:30AM–2:30PM'], ['Wednesday', '11:30AM–2:30PM'], ['Thursday', '11:30AM–2:30PM'], ['Friday', '11:30AM–2:30PM'], ['Saturday', 'Closed'], ['Sunday', 'Closed'], ['Monday', '11:30AM–2:30PM']]"
0x88598335024ed1a7:0x2cb3fe9a642e9c84,Kobe Express,"Kobe Express, 127 Park St, Canton, NC 28716",35.5308814,-82.84420999999999,"['Sushi restaurant', 'Japanese restaurant']",4.5,393,$,"[['Tuesday', '11AM–8:30PM'], ['Wednesday', '11AM–8:30PM'], ['Thursday', '11AM–8:30PM'], ['Friday', '11AM–8:30PM'], ['Saturday', '11AM–8:30PM'], ['Sunday', '11AM–8:30PM'], ['Monday', '11AM–8:30PM']]"
0x8853b1d6c4438d99:0x8b24d2c3c082dafc,Ichiban Japanese Restaurant,"Ichiban Japanese Restaurant, 270 S Stratford Rd, Winston-Salem, NC 27103",36.092718,-80.2825658,['Japanese restaurant'],4.1,148,$$,"[['Tuesday', '11AM–2:30PM'], ['Wednesday', '11AM–2:30PM'], ['Thursday', '11AM–2:30PM'], ['Friday', '11AM–2:30PM'], ['Saturday', '11AM–2:30PM'], ['Sunday', '11AM–2:30PM'], ['Monday', 'Closed']]"
0x88508d55cb1cff49:0xd1cce2b2c29b779c,Chef's Table at Sorrento's,"Chef's Table at Sorrento's, 140 Azalea Cir SE, Banner Elk, NC 28604",36.1629299,-81.8710767,"['American restaurant', 'Bar', 'Japanese restaurant', 'Night club', 'Sushi restaurant']",4.3,88,,"[['Tuesday', 'Closed'], ['Wednesday', '5–10PM'], ['Thursday', '5–10PM'], ['Friday', '5–10PM'], ['Saturday', '5–10PM'], ['Sunday', '5–9PM'], ['Monday', 'Closed']]"
0x885914d987857ac9:0x180deaaa2648a7d5,Kobe Express,"Kobe Express, 86 Walmart Plaza, Sylva, NC 28779",35.3625228,-83.2025632,"['Japanese restaurant', 'Asian restaurant', 'Sushi restaurant']",4.2,546,$,"[['Monday', '11AM–8:30PM'], ['Tuesday', '11AM–8:30PM'], ['Wednesday', '11AM–8:30PM'], ['Thursday', '11AM–8:30PM'], ['Friday', '11AM–8:30PM'], ['Saturday', '11AM–8:30PM'], ['Sunday', '11AM–8PM']]"
0x885308c27b06f721:0xde8d7d7c0d0257a8,Shogun Japanese Restaurant,"Shogun Japanese Restaurant, 2645 N Main St, High Point, NC 27265",35.9917766,-80.0302221,"['Japanese steakhouse', 'Restaurant', 'Sushi restaurant']",4.3,286,$$,"[['Monday', '11AM–2:30PM'], ['Tuesday', '11AM–2:30PM'], ['Wednesday', '11AM–2:30PM'], ['Thursday', '11AM–2:30PM'], ['Friday', '11AM–2:30PM'], ['Saturday', '11AM–2:30PM'], ['Sunday', '11AM–2:30PM']]"
0x885695343cf34911:0xb7569a0235d5c5b9,JP's House,"JP's House, 3320 Robinwood Rd Ste 150, Gastonia, NC 28054",35.217111599999996,-81.1575931,"['Japanese restaurant', 'Asian restaurant', 'Sushi restaurant']",4.7,267,$$,"[['Monday', 'Closed'], ['Tuesday', '11AM–3PM'], ['Wednesday', '11AM–3PM'], ['Thursday', '11AM–3PM'], ['Friday', '11AM–3PM'], ['Saturday', '12–9:30PM'], ['Sunday', '12–9:30PM']]"
0x89ac61dcf7818c85:0xc5498550dc8d58ed,Teriyaki Madness,"Teriyaki Madness, 160 Shenstone Blvd, Garner, NC 27529",35.6940542,-78.5826524,"['Asian fusion restaurant', 'Caterer', 'Fast food restaurant', 'Gluten-free restaurant', 'Japanese restaurant', 'Restaurant']",3.2,125,$,"[['Monday', '11AM–9PM'], ['Tuesday', '11AM–9PM'], ['Wednesday', '11AM–9PM'], ['Thursday', '11AM–9PM'], ['Friday', '11AM–9PM'], ['Saturday', '11AM–9PM'], ['Sunday', '11AM–9PM']]"
0x89a9f4c657e91bdf:0xab7ed874f1977d91,Hiro Japanese Steakhouse,"Hiro Japanese Steakhouse, 222 Old Eastwood Rd, Wilmington, NC 28403",34.243624,-77.863035,"['Japanese steakhouse', 'Japanese restaurant', 'Restaurant', 'Sushi restaurant']",4.5,938,$$$,"[['Monday', '4–10PM'], ['Tuesday', '4–10PM'], ['Wednesday', '4–10PM'], ['Thursday', '4–10PM'], ['Friday', '4–10PM'], ['Saturday', '4–10PM'], ['Sunday', '12–10PM']]"
0x8853b06a1bdabe0f:0xae1484970ca30d7,Pan Asian,"Pan Asian, 612 Hanes Mall Blvd, Winston-Salem, NC 27103",36.0639659,-80.3041221,"['Japanese restaurant', 'Asian restaurant', 'Thai restaurant']",3.7,98,$$,"[['Monday', '11AM–9PM'], ['Tuesday', '11AM–9PM'], ['Wednesday', '11AM–9PM'], ['Thursday', '11AM–9PM'], ['Friday', '11AM–9:30PM'], ['Saturday', '11AM–9:30PM'], ['Sunday', '11:30AM–9:30PM']]"
0x89ac5d33977eca49:0x68df3543fcf91727,MATSU Hibachi & Sushi,"MATSU Hibachi & Sushi, 4551 New Bern Ave #130, Raleigh, NC 27610",35.799867,-78.55816709999999,"['Restaurant', 'Fine dining restaurant', 'Japanese restaurant', 'Lunch restaurant', 'Takeout Restaurant', 'Ramen restaurant', 'Sushi restaurant', 'Sushi takeaway']",4.6,238,,"[['Monday', '11:30AM–2:30PM'], ['Tuesday', '11:30AM–2:30PM'], ['Wednesday', '11:30AM–2:30PM'], ['Thursday', '11:30AM–2:30PM'], ['Friday', '11:30AM–2:30PM'], ['Saturday', '12–10PM'], ['Sunday', '12–9PM']]"
0x88541e82d07848d9:0xda82edb7cd31280b,Hibachi Express,"Hibachi Express, 7945 N Tryon St #100, Charlotte, NC 28262",35.297005999999996,-80.755141,"['Restaurant', 'Japanese restaurant']",3.1,118,$,"[['Sunday', 'Closed'], ['Monday', '11AM–8PM'], ['Tuesday', '11AM–8PM'], ['Wednesday', '11AM–8PM'], ['Thursday', '11AM–8PM'], ['Friday', '11AM–8PM'], ['Saturday', '11AM–8PM']]"
0x885425c837f7994d:0x3ffe1f50eb256fcf,YUME Ramen Sushi & Bar,"YUME Ramen Sushi & Bar, 1508 S Mint St Suite A, Charlotte, NC 28203",35.219266,-80.8608921,"['Sushi restaurant', 'Japanese restaurant', 'Ramen restaurant']",4.5,766,$$,"[['Sunday', '12–9:30PM'], ['Monday', '12–2:30PM'], ['Tuesday', 'Closed'], ['Wednesday', '12:30–2:30PM'], ['Thursday', '12–2:30PM'], ['Friday', '12–2:30PM'], ['Saturday', '12–10:30PM']]"
0x885325d33d28a449:0x5b2f99530f2cd984,Osaka Japanese Steak House,"Osaka Japanese Steak House, 952 Golf House Rd W F, Whitsett, NC 27377",36.063117999999996,-79.60432399999999,"['Japanese steakhouse', 'Restaurant']",4.0,168,$,"[['Sunday', '11AM–9PM'], ['Monday', '11AM–9PM'], ['Tuesday', '11AM–9PM'], ['Wednesday', '11AM–9PM'], ['Thursday', '11AM–9PM'], ['Friday', '11AM–9PM'], ['Saturday', '4:30–9PM']]"
0x89acddb291a682a1:0xb1ef21e6fbb58a61,Hibachi Poke,"Hibachi Poke, 1808 M.L.K. Jr Blvd b4, Chapel Hill, NC 27514",35.967591999999996,-79.0582967,"['Restaurant', 'Japanese restaurant']",4.2,88,,"[['Sunday', '11AM–9:30PM'], ['Monday', '11AM–9:30PM'], ['Tuesday', '11AM–9:30PM'], ['Wednesday', '11AM–9:30PM'], ['Thursday', '11AM–9:30PM'], ['Friday', '11AM–10PM'], ['Saturday', '11AM–10PM']]"
0x88532ca0df7f4a2b:0x79c874c2f15910df,Niobe Japanese Steakhouse,"Niobe Japanese Steakhouse, 1071 S Main St, Graham, NC 27253",36.049704999999996,-79.399168,"['Japanese restaurant', 'Asian restaurant']",4.0,438,$$,"[['Sunday', '11:30AM–8:30PM'], ['Monday', 'Closed'], ['Tuesday', '11AM–9PM'], ['Wednesday', '11AM–9:30PM'], ['Thursday', '11AM–9:30PM'], ['Friday', '11AM–10PM'], ['Saturday', '11:30AM–10PM']]"
0x88540fee3eef2cf3:0xf7a2c3db96e47d9,Sushi Queen Sushi and Grill,"Sushi Queen Sushi and Grill, 85 Concord Commons Pl SW, Concord, NC 28027",35.3894723,-80.624493,"['Japanese restaurant', 'Sushi restaurant']",4.4,408,$$,"[['Saturday', '11AM–8:30PM'], ['Sunday', '11AM–8:30PM'], ['Monday', 'Closed'], ['Tuesday', '11AM–8:30PM'], ['Wednesday', '11AM–8:30PM'], ['Thursday', '11AM–8:30PM'], ['Friday', '11AM–8:30PM']]"
0x885976d7e6ef3341:0x9a5382058f954b75,Saki Sushi,"Saki Sushi, 68 Howell St, Waynesville, NC 28786",35.4926202,-82.9834954,"['Sushi restaurant', 'Asian restaurant', 'Japanese restaurant']",4.7,208,$$,"[['Saturday', '4–9PM'], ['Sunday', '4–9PM'], ['Monday', 'Closed'], ['Tuesday', 'Closed'], ['Wednesday', '4–9PM'], ['Thursday', '4–9PM'], ['Friday', '4–9PM']]"
0x89a9f351b2def521:0x59aa9a3d28fc6ca0,Nikki's Steakhouse & Sushi Bar @ Military Cutoff Rd,"Nikki's Steakhouse & Sushi Bar @ Military Cutoff Rd, 1055 Military Cutoff Rd suite 100, Wilmington, NC 28405",34.2390095,-77.827192,"['Japanese restaurant', 'Japanese steakhouse', 'Sushi restaurant']",4.3,408,$$,"[['Saturday', '11AM–10PM'], ['Sunday', '12–9:30PM'], ['Monday', '11AM–3PM'], ['Tuesday', '11AM–3PM'], ['Wednesday', '11AM–3PM'], ['Thursday', '11AM–3PM'], ['Friday', '11AM–10PM']]"
0x89ace7c7601be239:0xe83c7f727b3a4731,Peony Asian Bistro,"Peony Asian Bistro, 3515 Witherspoon Blvd suite108, Durham, NC 27707",35.9514139,-78.98931259999999,"['Restaurant', 'Chinese restaurant', 'Japanese restaurant', 'Seafood restaurant', 'Southeast Asian restaurant', 'Sushi restaurant', 'Thai restaurant']",4.4,415,$$,"[['Saturday', '11AM–10PM'], ['Sunday', '12–9:30PM'], ['Monday', 'Closed'], ['Tuesday', '11AM–9:30PM'], ['Wednesday', '11AM–9:30PM'], ['Thursday', '11AM–9:30PM'], ['Friday', '11AM–10PM']]"
0x89a990ead230a969:0x283b8223aa56b7c1,Sushi Gem Asian Bistro,"Sushi Gem Asian Bistro, 17230 US-17 #124, Hampstead, NC 28443",34.3917467,-77.67881249999999,"['Sushi restaurant', 'Asian fusion restaurant', 'Bar', 'Chinese restaurant', 'Japanese restaurant', 'Restaurant', 'Thai restaurant']",4.4,495,$$,"[['Saturday', '12–10PM'], ['Sunday', '12–9PM'], ['Monday', 'Closed'], ['Tuesday', '12–9PM'], ['Wednesday', '12–9PM'], ['Thursday', '12AM–9PM'], ['Friday', '12–10PM']]"
0x89a9100bc52932ef:0x3fc3461893165c27,Tomodachi Japanese Market,"Tomodachi Japanese Market, 202 Brynn Marr Rd, Jacksonville, NC 28546",34.748439499999996,-77.3819105,['Japanese grocery store'],4.6,108,,"[['Saturday', '10AM–7PM'], ['Sunday', '12–4PM'], ['Monday', '10AM–7PM'], ['Tuesday', '10AM–7PM'], ['Wednesday', '10AM–7PM'], ['Thursday', '10AM–7PM'], ['Friday', '10AM–7PM']]"
0x885308da5fe3d61d:0xb7c45fb09a265e53,Fuji Japanese Steakhouse,"Fuji Japanese Steakhouse, 133 E Parris Ave # A, High Point, NC 27262",35.9850845,-80.0213851,"['Japanese restaurant', 'Restaurant']",4.2,458,$$,"[['Friday', '5–9:30PM'], ['Saturday', '4:30–9:30PM'], ['Sunday', '4:30–9PM'], ['Monday', '5–9PM'], ['Tuesday', '5–9PM'], ['Wednesday', 'Closed'], ['Thursday', '5–9PM']]"
0x885308d954647e5b:0x315a4fb10b9ac4ae,Tokyo Express,"Tokyo Express, 123 Westchester Dr, High Point, NC 27262",35.982403999999995,-80.02534899999999,['Japanese restaurant'],4.3,518,$,"[['Friday', '11AM–9PM'], ['Saturday', '11AM–9PM'], ['Sunday', '11AM–9PM'], ['Monday', '11AM–9PM'], ['Tuesday', '11AM–9PM'], ['Wednesday', '11AM–9PM'], ['Thursday', '11AM–9PM']]"
0x88530db987658dab:0xe5faad14e6dd4f1b,Hibachi Jr. Express,"Hibachi Jr. Express, 10102 S Main St, Archdale, NC 27263",35.9009609,-79.95046289999999,['Japanese restaurant'],4.3,186,,"[['Friday', '11AM–9PM'], ['Saturday', 'Closed'], ['Sunday', '11AM–9PM'], ['Monday', '11AM–9PM'], ['Tuesday', '11AM–9PM'], ['Wednesday', '11AM–9PM'], ['Thursday', '11AM–9PM']]"
0x89ac5930abb1df1d:0xd9ac6544b9dc8af2,Soo Cafe,"Soo Cafe, 2815 Brentwood Rd, Raleigh, NC 27604",35.817175299999995,-78.59622999999999,"['Korean restaurant', 'Asian restaurant', 'Japanese restaurant', 'Restaurant']",4.6,538,$$,"[['Friday', '11AM–9PM'], ['Saturday', '11AM–9PM'], ['Sunday', '4–8:30PM'], ['Monday', '11AM–2:30PM'], ['Tuesday', '11AM–2:30PM'], ['Wednesday', '11AM–2:30PM'], ['Thursday', '11AM–2:30PM']]"
0x88531ea2df767aed:0x59bf4fb6194de22,Tokyo Grill 2,"Tokyo Grill 2, 2631 Lawndale Dr, Greensboro, NC 27408",36.102488699999995,-79.82098719999999,"['Japanese restaurant', 'Asian restaurant']",4.1,384,$$,"[['Friday', '11AM–10PM'], ['Saturday', '11:30AM–9PM'], ['Sunday', 'Closed'], ['Monday', '11AM–9PM'], ['Tuesday', '11AM–9PM'], ['Wednesday', '11AM–9PM'], ['Thursday', '11AM–9PM']]"
0x8856a9224a608d2d:0xe57c177170d4c99a,eeZ Fusion & Sushi,"eeZ Fusion & Sushi, 16925 Birkdale Commons Pkwy Ste F, Huntersville, NC 28078",35.446449099999995,-80.8786387,"['Sushi restaurant', 'Japanese restaurant', 'Restaurant', 'Seafood restaurant']",4.6,1003,$$$,"[['Friday', '11AM–10PM'], ['Saturday', '11AM–10PM'], ['Sunday', '11AM–9:30PM'], ['Monday', '11AM–9:30PM'], ['Tuesday', '11AM–9:30PM'], ['Wednesday', '11AM–9:30PM'], ['Thursday', '11AM–9:30PM']]"
0x88531ed8a6e3e089:0xdab7acf348a460e0,Mizumi Hibachi and Sushi,"Mizumi Hibachi and Sushi, 309 State St, Greensboro, NC 27408",36.1013628,-79.78491939999999,"['Japanese restaurant', 'Bar', 'Buffet restaurant', 'Family restaurant', 'Restaurant', 'Sushi restaurant']",4.4,1027,$$,"[['Friday', '11AM–11PM'], ['Saturday', '12–11PM'], ['Sunday', '1–10PM'], ['Monday', '11AM–10PM'], ['Tuesday', '11AM–10PM'], ['Wednesday', '11AM–10PM'], ['Thursday', '11AM–10PM']]"
0x885924e7b140eb41:0x4cef6813834997b4,Sakura,"Sakura, 57 Highlands Rd, Franklin, NC 28734",35.1862266,-83.37117339999999,['Japanese restaurant'],4.3,288,$$,"[['Friday', '11AM–9:30PM'], ['Saturday', '12–9:30PM'], ['Sunday', '12–8:30PM'], ['Monday', '11AM–9PM'], ['Tuesday', '11AM–9PM'], ['Wednesday', 'Closed'], ['Thursday', '11AM–9PM']]"
0x88541b5cd3c170a3:0x61c18bc811ff2c00,Tsunami Japanese Steakhouse and Sushi Bar,"Tsunami Japanese Steakhouse and Sushi Bar, 10025 Weddington Rd Ext., Concord, NC 28027",35.364722199999996,-80.7102778,"['Japanese restaurant', 'Sushi restaurant', 'Teppanyaki restaurant']",3.9,356,$$,"[['Friday', '11:30AM–2PM'], ['Saturday', '4–10PM'], ['Sunday', '11:30AM–9PM'], ['Monday', '11:30AM–2PM'], ['Tuesday', '11:30AM–2PM'], ['Wednesday', '11:30AM–2PM'], ['Thursday', '11:30AM–2PM']]"
0x88531c218521a62f:0x32080f8950ac5c7d,Sapporo Fantasy Japanese Steak,"Sapporo Fantasy Japanese Steak, 2939 Battleground Ave # C, Greensboro, NC 27408",36.1140914,-79.8348488,"['Japanese restaurant', 'Asian restaurant', 'Sushi restaurant', 'Teppanyaki restaurant']",3.9,788,$$,"[['Thursday', '4:30–9PM'], ['Friday', '4:30–10PM'], ['Saturday', '1–10PM'], ['Sunday', '12–9PM'], ['Monday', '4:30–9PM'], ['Tuesday', '4:30–9PM'], ['Wednesday', '4:30–9PM']]"
0x885423efe85c05f5:0x6cc475b1b439c174,Hibachi Buffet & Grill,"Hibachi Buffet & Grill, 9925 E Independence Blvd, Matthews, NC 28105",35.132937,-80.70885899999999,"['Buffet restaurant', 'Asian restaurant', 'Japanese restaurant', 'Restaurant', 'Sushi restaurant']",4.2,1584,$,"[['Thursday', '11AM–9:30PM'], ['Friday', '11AM–10:30PM'], ['Saturday', '11AM–10:30PM'], ['Sunday', '11AM–9:30PM'], ['Monday', '11AM–9:30PM'], ['Tuesday', '11AM–9:30PM'], ['Wednesday', '11AM–9:30PM']]"
0x88569d1798ac70eb:0xea574327cd53029b,Tsuki Japanese Steak House & Sushi Bar,"Tsuki Japanese Steak House & Sushi Bar, 3429 Toringdon Way, Charlotte, NC 28277",35.068422999999996,-80.842164,"['Japanese steakhouse', 'Bar', 'Japanese restaurant', 'Sushi restaurant']",4.2,298,$$,"[['Thursday', '11AM–3PM'], ['Friday', '11AM–3PM'], ['Saturday', '11AM–10:30PM'], ['Sunday', '12–9:30PM'], ['Monday', '11AM–3PM'], ['Tuesday', '11AM–3PM'], ['Wednesday', '11AM–3PM']]"
0x88569dfd249d7417:0x1d926434ebf902d4,Red Sake,"Red Sake, 8410 Rea Rd Suite 100, Charlotte, NC 28277",35.053651699999996,-80.8119451,"['Sushi restaurant', 'Asian restaurant', 'Chinese restaurant', 'Japanese restaurant']",4.5,136,,"[['Thursday', '11AM–3PM'], ['Friday', '11AM–3PM'], ['Saturday', '11:30AM–10PM'], ['Sunday', '11:30AM–9:30PM'], ['Monday', '11AM–3PM'], ['Tuesday', '11AM–3PM'], ['Wednesday', '11AM–3PM']]"
0x89ac604e65c6797f:0x6a56dae168755790,Kaze Japanese Steakhouse,"Kaze Japanese Steakhouse, 1227 Timber Drive East, Garner, NC 27529",35.6882953,-78.5753501,"['Japanese restaurant', 'Asian restaurant', 'Japanese steakhouse', 'Restaurant', 'Sushi restaurant', 'Teppanyaki restaurant']",3.9,954,$$,"[['Thursday', '11:30AM–2PM'], ['Friday', '11:30AM–10:30PM'], ['Saturday', '11:30AM–10:30PM'], ['Sunday', '11:30AM–2PM'], ['Monday', '11:30AM–2PM'], ['Tuesday', '11:30AM–2PM'], ['Wednesday', '11:30AM–2PM']]"
0x89a4e1633a572d0f:0xd261f130b6eab6cb,Fuji Japanese Steakhouse,"Fuji Japanese Steakhouse, 1201 S Croatan Hwy, Kill Devil Hills, NC 27948",36.004479599999996,-75.6548569,"['Japanese steakhouse', 'Asian restaurant', 'Japanese restaurant', 'Sushi restaurant']",4.4,545,$$,"[['Thursday', '11:30AM–3PM'], ['Friday', '11:30AM–3PM'], ['Saturday', '11:30AM–3PM'], ['Sunday', '11:30AM–3PM'], ['Monday', '5–10PM'], ['Tuesday', '11:30AM–3PM'], ['Wednesday', '11:30AM–3PM']]"
0x8853aaf95f3251cb:0xd30d6c94d9b5a532,Kaze Japanese Grill,"Kaze Japanese Grill, 5194 Reidsville Rd, Walkertown, NC 27051",36.164146099999996,-80.13625569999999,"['Japanese restaurant', 'Restaurant']",4.2,288,$,"[['Thursday', '11:30AM–2:30PM'], ['Friday', '11:30AM–2:30PM'], ['Saturday', '11:30AM–2:30PM'], ['Sunday', '11:30AM–2:30PM'], ['Monday', 'Closed'], ['Tuesday', '11:30AM–2:30PM'], ['Wednesday', '11:30AM–2:30PM']]"
0x89ae872f8b4474f5:0x3156c9e9096a8e49,Ichiban Japanese Steakhouse Sushi Bar,"Ichiban Japanese Steakhouse Sushi Bar, 191 S Wesleyan Blvd, Rocky Mount, NC 27804",35.9542346,-77.8255397,"['Japanese restaurant', 'Restaurant', 'Sushi restaurant']",4.3,1006,$$,"[['Thursday', '11:30AM–2PM'], ['Friday', '11:30AM–2PM'], ['Saturday', '5–10:30PM'], ['Sunday', '11:30AM–2PM'], ['Monday', '11:30AM–2PM'], ['Tuesday', '11:30AM–2PM'], ['Wednesday', '11:30AM–2PM']]"
0x89acd426975d4ae1:0x9bf4c7654c8d8669,Asian Harbor,"Asian Harbor, 1294 S 5th St, Mebane, NC 27302",36.0730925,-79.2958433,"['Asian restaurant', 'Japanese restaurant', 'Restaurant', 'Thai restaurant']",4.5,458,$$,"[['Wednesday', '11AM–10PM'], ['Thursday', '11AM–10PM'], ['Friday', '11AM–10PM'], ['Saturday', '11AM–10PM'], ['Sunday', '12–10PM'], ['Monday', '11AM–10PM'], ['Tuesday', 'Closed']]"
0x89ace4721755256d:0xc27078dfd65bb96e,M Kokko,"M Kokko, 311 Holland St b, Durham, NC 27701",35.997298199999996,-78.90124519999999,"['Korean restaurant', 'Chicken restaurant', 'Japanese restaurant', 'Ramen restaurant']",4.6,567,$$,"[['Wednesday', '11:30AM–2PM'], ['Thursday', '11:30AM–2PM'], ['Friday', '11:30AM–2PM'], ['Saturday', '5–10PM'], ['Sunday', 'Closed'], ['Monday', 'Closed'], ['Tuesday', '11:30AM–2PM']]"
0x89aae088d350e433:0x4d6fa85d0eae7a0a,Shogun Buffet & Hibachi Grill,"Shogun Buffet & Hibachi Grill, 220 Jackson Ct #1103, Lumberton, NC 28358",34.667390999999995,-79.005935,"['Buffet restaurant', 'Chinese restaurant', 'Japanese restaurant']",3.8,938,$,"[['Wednesday', '11AM–9:30PM'], ['Thursday', '11AM–9:30PM'], ['Friday', '11AM–10PM'], ['Saturday', '11AM–10PM'], ['Sunday', '11AM–9:30PM'], ['Monday', '11AM–9:30PM'], ['Tuesday', '11AM–9:30PM']]"
0x8853b046687a5cad:0xfc91cc537131364,Kanpai Japanese Steak & Seafood House,"Kanpai Japanese Steak & Seafood House, 1438 S Stratford Rd, Winston-Salem, NC 27103",36.0738025,-80.30406959999999,['Japanese restaurant'],4.3,668,$$,"[['Wednesday', '5–10PM'], ['Thursday', '5–10PM'], ['Friday', '5–10:30PM'], ['Saturday', '4–10:30PM'], ['Sunday', '4–9:30PM'], ['Monday', '5–10PM'], ['Tuesday', '5–10PM']]"
0x88569cf86452c263:0xaee61203cbe4e925,Nakato Japanese Steakhouse,"Nakato Japanese Steakhouse, 8500 Pineville-Matthews Rd, Charlotte, NC 28226",35.0880229,-80.86247019999999,"['Japanese restaurant', 'Asian restaurant', 'Japanese steakhouse', 'Restaurant', 'Seafood restaurant', 'Sushi restaurant']",4.4,707,$$$,"[['Wednesday', '5–9PM'], ['Thursday', '5–9PM'], ['Friday', '5–9PM'], ['Saturday', '4–9PM'], ['Sunday', '2–9PM'], ['Monday', '5–9PM'], ['Tuesday', '5–9PM']]"
0x8854271037ae3005:0x8e6603c425d2b258,Sushiya Japan,"Sushiya Japan, 8200 Providence Rd, Charlotte, NC 28277",35.095253,-80.77902999999999,"['Asian restaurant', 'Japanese restaurant', 'Delivery Restaurant', 'Sushi restaurant']",4.2,208,$$,"[['Wednesday', '11AM–9PM'], ['Thursday', '11AM–9PM'], ['Friday', '11AM–9:30PM'], ['Saturday', '11AM–9:30PM'], ['Sunday', '11AM–9PM'], ['Monday', 'Closed'], ['Tuesday', '11AM–9PM']]"
0x89ac5769ff1df643:0xbc2976b035c4ce9d,Sake House,"Sake House, 1141 Falls River Ave # 128, Raleigh, NC 27614",35.9068694,-78.5892686,"['Japanese restaurant', 'Asian restaurant', 'Sushi restaurant']",4.4,357,$$,"[['Wednesday', '11AM–10PM'], ['Thursday', '11AM–10PM'], ['Friday', '11AM–10:30PM'], ['Saturday', '11AM–10:30PM'], ['Sunday', 'Closed'], ['Monday', '11AM–10PM'], ['Tuesday', '11AM–10PM']]"
0x89acf4849e81d6e3:0xe428536c75cbf96b,Kabuki Japanese Steak House & Sushi,"Kabuki Japanese Steak House & Sushi, 220 Nottingham Dr, Cary, NC 27511",35.7682475,-78.742907,"['Steak house', 'Asian restaurant', 'Japanese restaurant', 'Japanese steakhouse', 'Restaurant', 'Sushi restaurant']",4.2,918,$$,"[['Wednesday', '11:30AM–2PM'], ['Thursday', '11:30AM–2PM'], ['Friday', '11:30AM–2PM'], ['Saturday', '11:30AM–2PM'], ['Sunday', '11:30AM–2PM'], ['Monday', '11:30AM–2PM'], ['Tuesday', '11:30AM–2PM']]"
0x89ac57ee04ed6f33:0xb5ff29624895a4d3,Rockin' Rolls Sushi,"Rockin' Rolls Sushi, 9650 Strickland Rd Suite 101, Raleigh, NC 27615",35.903732999999995,-78.6564006,"['Conveyor belt sushi restaurant', 'Japanese restaurant']",4.3,1128,,"[['Wednesday', '11AM–3PM'], ['Thursday', '11AM–3PM'], ['Friday', '11AM–3PM'], ['Saturday', '11AM–9:30PM'], ['Sunday', '11AM–9:30PM'], ['Monday', '11AM–3PM'], ['Tuesday', '11AM–3PM']]"
0x89ac5f723001c8c1:0xf0149027d2be5448,Sono Sushi,"Sono Sushi, 319 Fayetteville St #101, Raleigh, NC 27601",35.7759201,-78.6390855,"['Sushi restaurant', 'Asian fusion restaurant', 'Asian restaurant', 'Bar', 'Japanese restaurant']",4.5,925,$$,"[['Wednesday', '11AM–2PM'], ['Thursday', '11AM–2PM'], ['Friday', '11AM–2PM'], ['Saturday', '5–9PM'], ['Sunday', '5–9PM'], ['Monday', '11AM–2PM'], ['Tuesday', '11AM–2PM']]"
0x89acf086571aa68b:0xdb94336aa51a1af3,Tasu Asian Bistro,"Tasu Asian Bistro, 8919 Brier Creek Pkwy #109, Raleigh, NC 27617",35.9006685,-78.7916031,"['Japanese restaurant', 'Asian restaurant', 'Bistro', 'Chinese restaurant', 'Korean restaurant', 'Sushi restaurant', 'Thai restaurant']",4.1,958,$$,"[['Wednesday', '11AM–3PM'], ['Thursday', '11AM–9PM'], ['Friday', '11AM–9PM'], ['Saturday', '11AM–9PM'], ['Sunday', '11AM–9PM'], ['Monday', '11AM–3PM'], ['Tuesday', '11AM–3PM']]"
0x89ab6db39436fc37:0xdc4033d7a22271ab,Shogun Japanese Restaurant,"Shogun Japanese Restaurant, 30729, 3811 Ramsey St #113, Fayetteville, NC 28311",35.113032,-78.8815041,"['Japanese restaurant', 'Sushi restaurant']",4.5,598,$$,"[['Wednesday', '11AM–9:30PM'], ['Thursday', '11AM–9:30PM'], ['Friday', '11AM–10:30PM'], ['Saturday', '11AM–10:30PM'], ['Sunday', '11AM–9:30PM'], ['Monday', '11AM–9:30PM'], ['Tuesday', '11AM–9:30PM']]"
0x88569fee4d9e76bb:0x84cf793e294344e3,Ginbu 401,"Ginbu 401, 401 Providence Rd, Charlotte, NC 28207",35.204511,-80.8241075,"['Chinese restaurant', 'Asian restaurant', 'Japanese restaurant', 'Sushi restaurant']",4.2,377,$$,"[['Tuesday', 'Closed'], ['Wednesday', '11AM–9:30PM'], ['Thursday', '11AM–9:30PM'], ['Friday', '11AM–10:30PM'], ['Saturday', '12–10:30PM'], ['Sunday', '4–9:30PM'], ['Monday', '11AM–9:30PM']]"
0x89ace8b3b2296339:0x38b6dd2524e2e77e,Shiki Sushi,"Shiki Sushi, 207 NC-54, Durham, NC 27713",35.909819,-78.9388293,"['Sushi restaurant', 'Japanese restaurant']",4.3,1591,$$,"[['Tuesday', '11AM–9PM'], ['Wednesday', '11AM–9PM'], ['Thursday', '11AM–9PM'], ['Friday', '11AM–9PM'], ['Saturday', '11AM–9PM'], ['Sunday', '11AM–9PM'], ['Monday', '11AM–9PM']]"
0x89acf647257d1c81:0xfe2acba8111d6044,Kanki Japanese House of Steaks and Sushi,"Kanki Japanese House of Steaks and Sushi, 4325 Glenwood Ave Suite 1070, Raleigh, NC 27612",35.8405543,-78.67910719999999,"['Japanese steakhouse', 'Asian restaurant', 'Japanese restaurant', 'Restaurant', 'Sushi restaurant']",4.2,1583,$$$,"[['Tuesday', '11:30AM–2PM'], ['Wednesday', '11:30AM–2PM'], ['Thursday', '11:30AM–2PM'], ['Friday', '11:30AM–2PM'], ['Saturday', '11:30AM–9:30PM'], ['Sunday', '12–8:30PM'], ['Monday', '11:30AM–2PM']]"
0x89acdd649cce606b:0xe01705922aac5580,Mr Tokyo Japanese Restaurant,"Mr Tokyo Japanese Restaurant, 1722 Fordham Blvd #105A, Chapel Hill, NC 27541",35.9380855,-79.0217809,['Japanese restaurant'],4.4,378,,"[['Tuesday', '11AM–3PM'], ['Wednesday', '11AM–3PM'], ['Thursday', '11AM–3PM'], ['Friday', '11AM–3PM'], ['Saturday', '11AM–3PM'], ['Sunday', '11AM–3PM'], ['Monday', '11AM–3PM']]"
0x89acf25ed0dc5633:0xad214d880acf83c6,Goji Bistro,"Goji Bistro, 100 Maynard Crossing Ct, Cary, NC 27513",35.7867375,-78.8102957,"['Asian restaurant', 'Caterer', 'Chinese restaurant', 'Cocktail bar', 'Gluten-free restaurant', 'Japanese restaurant', 'Ramen restaurant', 'Thai restaurant', 'Vegan restaurant']",4.3,558,$$,"[['Tuesday', '11:30AM–2PM'], ['Wednesday', '11:30AM–2PM'], ['Thursday', '11:30AM–2PM'], ['Friday', '11:30AM–2PM'], ['Saturday', '11:30AM–2PM'], ['Sunday', '11:30AM–2PM'], ['Monday', '11:30AM–2PM']]"
0x89acf31875060c79:0x5386e947715e95e0,Yuri Japanese Restaurant,"Yuri Japanese Restaurant, 1361 Kildaire Farm Rd #5525, Cary, NC 27511",35.759478099999995,-78.78173249999999,"['Japanese restaurant', 'Asian restaurant', 'Restaurant', 'Sushi restaurant']",4.2,327,$$,"[['Tuesday', '11AM–2:30PM'], ['Wednesday', '11AM–2:30PM'], ['Thursday', '11AM–2:30PM'], ['Friday', '11AM–2:30PM'], ['Saturday', '12AM–10PM'], ['Sunday', '4–9:30PM'], ['Monday', 'Closed']]"
0x89ace149329d6ea7:0x3efc1e5093cfd60e,Rockin’ Rolls Sushi,"Rockin’ Rolls Sushi, 3405 Hillsborough Rd, Durham, NC 27705",36.0185311,-78.94609179999999,"['Conveyor belt sushi restaurant', 'Japanese restaurant']",4.3,1906,$,"[['Tuesday', '11AM–3PM'], ['Wednesday', '11AM–3PM'], ['Thursday', '11AM–3PM'], ['Friday', '11AM–3PM'], ['Saturday', '11AM–9:30PM'], ['Sunday', '11AM–9:30PM'], ['Monday', '11AM–3PM']]"
0x89acf7eccc4d784f:0xb2b82bb040600a8,Orchid Japanese Restaurant,"Orchid Japanese Restaurant, 7432 Creedmoor Rd, Raleigh, NC 27613",35.8881267,-78.6780369,"['Japanese restaurant', 'Asian restaurant', 'Bar', 'Buffet restaurant', 'Sushi restaurant']",4.4,773,$$,"[['Tuesday', '11AM–2:30PM'], ['Wednesday', '11AM–2:30PM'], ['Thursday', '11AM–2:30PM'], ['Friday', '11AM–2:30PM'], ['Saturday', '11AM–2:30PM'], ['Sunday', '11AM–2:30PM'], ['Monday', 'Closed']]"
0x89acee26ee5cc121:0xe4ec8f5a303c21b2,Teriyakin',"Teriyakin', 10970 Chapel Hill Rd #112, Morrisville, NC 27560",35.8563566,-78.8405123,"['Japanese restaurant', 'Asian restaurant', 'Barbecue restaurant', 'Japanese steakhouse', 'Restaurant']",4.5,410,$,"[['Tuesday', '11AM–3PM'], ['Wednesday', '11AM–3PM'], ['Thursday', '11AM–3PM'], ['Friday', '11AM–3PM'], ['Saturday', '12–8PM'], ['Sunday', 'Closed'], ['Monday', '11AM–3PM']]"
0x89acf49a2ef04a07:0x9277cc9cafcd73a1,Kashin Japanese Restaurant,"Kashin Japanese Restaurant, 309 Crossroads Blvd, Cary, NC 27518",35.761175099999996,-78.7381393,"['Japanese restaurant', 'Asian restaurant', 'Restaurant', 'Sushi restaurant']",4.5,398,$$,"[['Tuesday', '11AM–2PM'], ['Wednesday', '11AM–2PM'], ['Thursday', '11AM–2PM'], ['Friday', '11AM–2PM'], ['Saturday', '11AM–2PM'], ['Sunday', '5–8:30PM'], ['Monday', '11AM–2PM']]"
0x885430bc58e2cd1f:0x4cc1d712cdf8ebab,Koumi Express,"Koumi Express, 2259 W Roosevelt Blvd, Monroe, NC 28110",35.008611099999996,-80.5625,['Japanese restaurant'],4.6,637,$,"[['Tuesday', '11AM–9PM'], ['Wednesday', '11AM–9PM'], ['Thursday', '11AM–9PM'], ['Friday', '11AM–9PM'], ['Saturday', '11AM–9PM'], ['Sunday', '11AM–9PM'], ['Monday', 'Closed']]"
0x885423f0a9837e7d:0xf516b03ef48eac3e,Fujimi Japanese Steakhouse,"Fujimi Japanese Steakhouse, 10412 E Independence Blvd, Matthews, NC 28105",35.1268022,-80.7082811,"['Restaurant', 'Asian restaurant', 'Bar', 'Japanese restaurant', 'Japanese steakhouse', 'Steak house', 'Sushi restaurant']",3.5,68,$$,"[['Tuesday', '11AM–10PM'], ['Wednesday', '11AM–10PM'], ['Thursday', '11AM–10PM'], ['Friday', '11AM–11PM'], ['Saturday', '11AM–11PM'], ['Sunday', '11AM–10PM'], ['Monday', 'Closed']]"
0x89ac5f65ddf8ecf3:0x56bc1934361ddc42,Sushi O Bistro & Sushi Bar,"Sushi O Bistro & Sushi Bar, 222 Glenwood Ave, Raleigh, NC 27603",35.7835191,-78.647267,"['Sushi restaurant', 'Asian restaurant', 'Chinese restaurant', 'Japanese restaurant', 'Southeast Asian restaurant', 'Thai restaurant']",4.5,716,$$,"[['Tuesday', '11AM–3PM'], ['Wednesday', '11AM–3PM'], ['Thursday', '11AM–3PM'], ['Friday', '11AM–3PM'], ['Saturday', '12–11PM'], ['Sunday', '12–10PM'], ['Monday', '11AM–3PM']]"
0x89ac59029aaff3c3:0xa9ad8b79ff8ac66,Kanki Japanese House of Steaks & Sushi - North Raleigh,"Kanki Japanese House of Steaks & Sushi - North Raleigh, 4500 Old Wake Forest Rd, Raleigh, NC 27609",35.8419528,-78.6103,['Japanese restaurant'],4.2,728,$$,"[['Tuesday', '11:30AM–2PM'], ['Wednesday', '11:30AM–2PM'], ['Thursday', '11:30AM–2PM'], ['Friday', '11:30AM–2PM'], ['Saturday', '11:30AM–8:30PM'], ['Sunday', '12–8:30PM'], ['Monday', '11:30AM–2PM']]"
0x89ac5f667199790f:0x5c4ef5113f4174d8,Sushi Blues Cafe,"Sushi Blues Cafe, 301 Glenwood Ave, Raleigh, NC 27603",35.7845201,-78.6477084,"['Sushi restaurant', 'Japanese restaurant']",4.2,1184,$$,"[['Tuesday', '12–9PM'], ['Wednesday', '12–9PM'], ['Thursday', '12–9:30PM'], ['Friday', '12–10:30PM'], ['Saturday', '12–10:30PM'], ['Sunday', '1–9PM'], ['Monday', '12–9PM']]"
0x885304ff6f1b5515:0x89b63b998037245c,Fire & Sticks Japanese Steakhouse & Sushi,"Fire & Sticks Japanese Steakhouse & Sushi, 3917 Sedgebrook St, High Point, NC 27265",36.061907,-79.963184,"['Japanese restaurant', 'Asian restaurant', 'Steak house', 'Sushi restaurant']",4.3,1018,$$$,"[['Tuesday', '4–8:30PM'], ['Wednesday', '4–8:30PM'], ['Thursday', '4–8:30PM'], ['Friday', '4–8:30PM'], ['Saturday', '4–8:30PM'], ['Sunday', '11:30AM–2PM'], ['Monday', '4–8:30PM']]"
0x8853a55bfbb946cb:0x7f002cb368bb17a6,Miyako,"Miyako, 5086 Peters Creek Pkwy, Winston-Salem, NC 27127",36.002273599999995,-80.26451109999999,"['Japanese restaurant', 'Sushi restaurant']",4.0,365,$$,"[['Tuesday', '11AM–7:30PM'], ['Wednesday', '11AM–7:30PM'], ['Thursday', '11AM–7:30PM'], ['Friday', '11AM–8:30PM'], ['Saturday', '11AM–8:30PM'], ['Sunday', '12–7:30PM'], ['Monday', '11AM–7:30PM']]"
0x885529fc7cf562bb:0x846d46d5d18cdb78,Taki Japanese Restaurant,"Taki Japanese Restaurant, 1693 S Main St, Laurinburg, NC 28352",34.753546799999995,-79.4787308,['Japanese restaurant'],4.1,271,$,"[['Tuesday', '11AM–9PM'], ['Wednesday', '11AM–9PM'], ['Thursday', '11AM–9PM'], ['Friday', '11AM–9PM'], ['Saturday', '11AM–9PM'], ['Sunday', 'Closed'], ['Monday', '11AM–9PM']]"
0x8854d5fe3ac953f5:0x46285dceaab7213c,Miyako Japanese Cuisine,"Miyako Japanese Cuisine, 1225 S Main St, Laurinburg, NC 28352",34.7612741,-79.4698737,"['Japanese restaurant', 'Chinese restaurant', 'Seafood restaurant', 'Sushi restaurant']",4.4,523,$$,"[['Tuesday', '11AM–9PM'], ['Wednesday', '11AM–9PM'], ['Thursday', '11AM–9PM'], ['Friday', '11AM–9PM'], ['Saturday', '11AM–9PM'], ['Sunday', '11AM–9PM'], ['Monday', 'Closed']]"
0x88569c62f3ef5513:0xd585e4640415f723,Hatoya Mart Japanese Food Grocery Since 1992,"Hatoya Mart Japanese Food Grocery Since 1992, 605A N Polk St, Pineville, NC 28134",35.0927584,-80.88507919999999,['Japanese grocery store'],4.8,468,,"[['Tuesday', '10AM–6PM'], ['Wednesday', '10AM–6PM'], ['Thursday', '10AM–6PM'], ['Friday', '10AM–6PM'], ['Saturday', '10AM–6PM'], ['Sunday', '10AM–6PM'], ['Monday', '10AM–6PM']]"
0x8854240191cf8dbb:0x1e74e6ae7a8a5aca,Umami Sushi & Grill,"Umami Sushi & Grill, 200 E Matthews St, Matthews, NC 28105",35.1174442,-80.7195851,"['Japanese restaurant', 'Asian restaurant', 'Restaurant', 'Sushi restaurant', 'Sushi takeaway']",4.5,456,$$,"[['Tuesday', '11AM–9PM'], ['Wednesday', '11AM–9PM'], ['Thursday', '11AM–9PM'], ['Friday', '11AM–9PM'], ['Saturday', '11AM–9PM'], ['Sunday', '11:30AM–9PM'], ['Monday', 'Closed']]"
0x88540f158438f5f7:0xb4e561031b98ee2e,Hokkaido Japanese Express,"Hokkaido Japanese Express, 1096 Concord Pkwy N, Concord, NC 28025",35.4295111,-80.6078019,"['Japanese restaurant', 'Sushi restaurant']",4.4,332,$$,"[['Tuesday', '11AM–8PM'], ['Wednesday', '11AM–8PM'], ['Thursday', '11AM–8PM'], ['Friday', '11AM–8PM'], ['Saturday', '11AM–8PM'], ['Sunday', '11AM–8PM'], ['Monday', 'Closed']]"
0x88541ea11237f703:0x5f67f5e37316f136,Kabuto Japanese Steak House,"Kabuto Japanese Steak House, 1001 E W.T. Harris Blvd, Charlotte, NC 28213",35.2942639,-80.7398639,"['Japanese restaurant', 'Bar', 'Japanese steakhouse']",3.6,604,$$,"[['Tuesday', '5–8:30PM'], ['Wednesday', '5–8:30PM'], ['Thursday', '5–8:30PM'], ['Friday', '5–8:30PM'], ['Saturday', '5–8:30PM'], ['Sunday', '5–8:30PM'], ['Monday', '5–8:30PM']]"
0x885131c08026d93d:0xbbb8fa623e8150ba,KOBE - Japanese House of Steak & Seafood,"KOBE - Japanese House of Steak & Seafood, 1103 13th Ave Dr SE, Hickory, NC 28602",35.7133217,-81.3179474,['Japanese restaurant'],4.4,1494,$$,"[['Tuesday', '4–9PM'], ['Wednesday', '4–9PM'], ['Thursday', '4–9PM'], ['Friday', '11:30AM–2PM'], ['Saturday', '4–10PM'], ['Sunday', '11:30AM–2PM'], ['Monday', '4–9PM']]"
0x8850d1d9944e397d:0x6fc2c776bab8290d,Kin2Kin Japanese Restaurant and Sushi Bar,"Kin2Kin Japanese Restaurant and Sushi Bar, 103 S Green St, Morganton, NC 28655",35.746143,-81.68664199999999,"['Japanese restaurant', 'Authentic Japanese restaurant', 'Sushi restaurant']",4.5,255,$$,"[['Tuesday', '5–9:30PM'], ['Wednesday', '5–9:30PM'], ['Thursday', '5–9:30PM'], ['Friday', '11AM–2PM'], ['Saturday', '5–9:30PM'], ['Sunday', '5–9:30PM'], ['Monday', '5–9:30PM']]"
0x89a91062a9aec1af:0x9e220c007c713322,Wasabi Japanese Sushi & Cuisine,"Wasabi Japanese Sushi & Cuisine, 472 Western Blvd, Jacksonville, NC 28546",34.7761874,-77.3903535,"['Japanese restaurant', 'Sushi restaurant']",4.7,754,$$,"[['Monday', '11AM–9PM'], ['Tuesday', '11AM–9PM'], ['Wednesday', '11AM–9PM'], ['Thursday', '11AM–9PM'], ['Friday', '11AM–10PM'], ['Saturday', '11AM–10PM'], ['Sunday', '11AM–9PM']]"
0x89a9108d75d26593:0x1c7866be6e32c949,Shogun Japanese Steak House,"Shogun Japanese Steak House, 1250 Western Blvd, Jacksonville, NC 28546",34.7868461,-77.4000854,['Japanese restaurant'],4.4,678,$$,"[['Monday', '11AM–2:30PM'], ['Tuesday', '11AM–2:30PM'], ['Wednesday', '11AM–2:30PM'], ['Thursday', '11AM–2:30PM'], ['Friday', '11AM–2:30PM'], ['Saturday', '11AM–2:30PM'], ['Sunday', '12–8:30PM']]"
0x89ab6b3821844ce1:0xab2bfd050ee3143b,Samurai Japanese Steak House & Sushi Bar,"Samurai Japanese Steak House & Sushi Bar, 239 N McPherson Church Rd, Fayetteville, NC 28303",35.0716324,-78.952919,['Japanese restaurant'],4.0,708,$$,"[['Monday', '3–9PM'], ['Tuesday', '3–9PM'], ['Wednesday', '3–9PM'], ['Thursday', '3–9PM'], ['Friday', '3–9:30PM'], ['Saturday', '11AM–9:30PM'], ['Sunday', '11:30AM–9PM']]"
0x89aae09856d04411:0x1292a2db44d8888a,Golden City Buffet,"Golden City Buffet, 4280 Kahn Dr, Lumberton, NC 28358",34.6536147,-79.0105274,"['Chinese restaurant', 'Buffet restaurant', 'Japanese restaurant', 'Restaurant']",4.0,248,$,"[['Monday', '11AM–10PM'], ['Tuesday', '11AM–10PM'], ['Wednesday', '11AM–10PM'], ['Thursday', '11AM–10PM'], ['Friday', '11AM–10PM'], ['Saturday', '11AM–10PM'], ['Sunday', '11AM–10PM']]"
0x89ac01c1beb30317:0x1f5b44d7f484e87,Hibachi Grill & Supreme Buffet,"Hibachi Grill & Supreme Buffet, 403 N Berkeley Blvd, Goldsboro, NC 27534",35.3750299,-77.9478955,"['Buffet restaurant', 'Chinese restaurant', 'Japanese restaurant', 'Restaurant', 'Sushi restaurant']",3.9,1436,$,"[['Monday', '11AM–9PM'], ['Tuesday', '11AM–9PM'], ['Wednesday', '11AM–9PM'], ['Thursday', '11AM–9PM'], ['Friday', '11AM–9:30PM'], ['Saturday', '11AM–9:30PM'], ['Sunday', '11AM–9PM']]"
0x89ac018719f3ae13:0x24ae7aedadfea23d,Ninja Hibachi Express,"Ninja Hibachi Express, 2144 Wayne Memorial Dr, Goldsboro, NC 27534",35.3965466,-77.9623773,"['Japanese restaurant', 'Asian fusion restaurant', 'Korean restaurant', 'Sushi restaurant']",3.6,278,$$,"[['Monday', '11AM–10PM'], ['Tuesday', '11AM–10PM'], ['Wednesday', '11AM–10PM'], ['Thursday', '11AM–10PM'], ['Friday', '11AM–10:30PM'], ['Saturday', '11AM–10:30PM'], ['Sunday', '11AM–10PM']]"
0x89ac01e9df9ba487:0x78e2f35c8e8464e,Jade Express - Goldsboro,"Jade Express - Goldsboro, 613 N Berkeley Blvd, Goldsboro, NC 27534",35.3770318,-77.942646,"['Chinese restaurant', 'Japanese restaurant']",4.4,176,$$,"[['Monday', '11AM–8PM'], ['Tuesday', '11AM–8PM'], ['Wednesday', '11AM–8PM'], ['Thursday', '11AM–8PM'], ['Friday', '11AM–8PM'], ['Saturday', '11AM–8PM'], ['Sunday', 'Closed']]"
0x89ac593f15ba918b:0x98c2b584e33de8d,Hibachi Grill Supreme Buffet,"North Carolina, Raleigh, Capital Blvd, Hibachi Grill Supreme Buffet邮政编码: 27604",35.823504199999995,-78.59069939999999,"['Chinese restaurant', 'Asian restaurant', 'Japanese restaurant', 'Sushi restaurant']",3.6,938,$,"[['Sunday', '11AM–8:30PM'], ['Monday', '11AM–8:30PM'], ['Tuesday', '11AM–8:30PM'], ['Wednesday', '11AM–8:30PM'], ['Thursday', '11AM–8:30PM'], ['Friday', '11AM–9PM'], ['Saturday', '11AM–9PM']]"
0x88572003952fcedf:0x16dc6c5f09552407,Yamato Express,"Yamato Express, 1206 E Dixon Blvd, Shelby, NC 28152",35.2727778,-81.5227778,"['Japanese restaurant', 'Restaurant']",4.2,415,$,"[['Sunday', '11AM–9PM'], ['Monday', 'Closed'], ['Tuesday', '11AM–9PM'], ['Wednesday', '11AM–9PM'], ['Thursday', '11AM–9PM'], ['Friday', '11AM–10PM'], ['Saturday', '11AM–10PM']]"
0x8857416bb6bbd989:0xec9c0004f508e11f,Sakura Express,"Sakura Express, 267 W Main St, Spindale, NC 28160",35.359078,-81.935498,"['Japanese restaurant', 'Restaurant', 'Sushi restaurant']",4.4,577,$,"[['Sunday', '11AM–8PM'], ['Monday', '11AM–9PM'], ['Tuesday', '11AM–9PM'], ['Wednesday', '11AM–9PM'], ['Thursday', '11AM–9PM'], ['Friday', '11AM–9PM'], ['Saturday', '11AM–9PM']]"
0x8853c25ef64c4751:0xd2bd0898037b3df8,Shiki of Mocksville,"Shiki of Mocksville, 1421 Yadkinville Rd, Mocksville, NC 27028",35.9176979,-80.5843277,['Japanese restaurant'],4.5,677,,"[['Saturday', '11AM–9PM'], ['Sunday', '11AM–9PM'], ['Monday', '11AM–9PM'], ['Tuesday', '11AM–9PM'], ['Wednesday', '11AM–9PM'], ['Thursday', '11AM–9PM'], ['Friday', '11AM–9:30PM']]"
0x88523b790ee1da13:0x37ff9bca2152ba11,Kyoto,"Kyoto, 154 W Independence Blvd, Mt Airy, NC 27030",36.503636,-80.610382,"['Japanese restaurant', 'Asian restaurant']",4.3,323,$,"[['Saturday', '12–9:30PM'], ['Sunday', '12–9PM'], ['Monday', '11:30AM–9PM'], ['Tuesday', '11:30AM–9PM'], ['Wednesday', '11:30AM–9PM'], ['Thursday', '11:30AM–9PM'], ['Friday', '11:30AM–9:30PM']]"
0x8853b035b06ea24b:0x34469e2ce5d5643d,Pho & Sushi Vietnamese & Japanese Cuisine,"Pho & Sushi Vietnamese & Japanese Cuisine, 121 Stark St, Winston-Salem, NC 27103",36.08255,-80.2972611,"['Asian restaurant', 'Bar', 'Japanese restaurant', 'Restaurant', 'Sushi restaurant', 'Vegetarian restaurant']",4.3,498,$$,"[['Saturday', '11AM–9PM'], ['Sunday', 'Closed'], ['Monday', '11AM–9PM'], ['Tuesday', '11AM–9PM'], ['Wednesday', '11AM–9PM'], ['Thursday', '11AM–9PM'], ['Friday', '11AM–9PM']]"
0x8853b991484544a3:0x1d8f50d858ab7889,Shiki 9,"Shiki 9, 6804 River Center Dr, Clemmons, NC 27012",36.074308699999996,-80.3929285,"['Japanese restaurant', 'Asian restaurant', 'Sushi restaurant']",4.4,494,$,"[['Saturday', '11AM–9PM'], ['Sunday', '11AM–9PM'], ['Monday', '11AM–9PM'], ['Tuesday', '11AM–9PM'], ['Wednesday', '11AM–9PM'], ['Thursday', '11AM–9PM'], ['Friday', '11AM–9PM']]"
0x885a1ff634d73a7f:0x1c2eeced2173d3,Soba Sushi and Noodles,"Soba Sushi and Noodles, 76 N Main St, Weaverville, NC 28787",35.6991199,-82.5608002,"['Sushi restaurant', 'Asian restaurant', 'Japanese restaurant', 'Sushi takeaway']",4.6,737,$$,"[['Saturday', '11:30AM–9:30PM'], ['Sunday', '11:30AM–9PM'], ['Monday', '11AM–3PM'], ['Tuesday', '11AM–3PM'], ['Wednesday', '11AM–3PM'], ['Thursday', '11AM–3PM'], ['Friday', '11:30AM–9:30PM']]"
0x8859f33c4c37182f:0x599c86b5e4891d37,Ichiban Japanese Steakhouse and Sushi Bar,"Ichiban Japanese Steakhouse and Sushi Bar, 2 Hendersonville Rd, Asheville, NC 28803",35.5684164,-82.54280829999999,"['Japanese restaurant', 'Japanese steakhouse', 'Restaurant', 'Sushi restaurant']",4.5,1247,$$,"[['Saturday', '12–3PM'], ['Sunday', '12–3PM'], ['Monday', '11AM–2:30PM'], ['Tuesday', '11AM–2:30PM'], ['Wednesday', '11AM–2:30PM'], ['Thursday', '11AM–2:30PM'], ['Friday', '11AM–2:30PM']]"
0x8859f4c9c59cb7d7:0xb90861a4636ab9c0,Zen Sushi,"Zen Sushi, 640 Merrimon Ave, Asheville, NC 28804",35.6207652,-82.55513549999999,"['Sushi restaurant', 'Asian restaurant', 'Japanese restaurant', 'Restaurant']",4.5,592,$$,"[['Saturday', '11AM–3:15PM'], ['Sunday', '11:30AM–3:15PM'], ['Monday', '11AM–3:15PM'], ['Tuesday', 'Closed'], ['Wednesday', '11AM–3:15PM'], ['Thursday', '11AM–3:15PM'], ['Friday', '11AM–3:15PM']]"
0x8859f34e2f109cb7:0x5ce5d4b9025a7d03,Takosushi,"Takosushi, 63 Southside Ave, Asheville, NC 28801",35.5868762,-82.5541375,"['Japanese restaurant', 'Asian restaurant']",4.2,178,$$,"[['Saturday', '11:30AM–11PM'], ['Sunday', 'Closed'], ['Monday', 'Closed'], ['Tuesday', '11AM–10PM'], ['Wednesday', '11AM–10PM'], ['Thursday', '11AM–10PM'], ['Friday', '11AM–11PM']]"
0x8859ed3a46deb8e3:0xfefa666146d3477f,Typhoon Noodle,"Typhoon Noodle, 1834 Hendersonville Rd, Asheville, NC 28803",35.5040967,-82.5238473,"['Asian fusion restaurant', 'Japanese restaurant']",4.3,378,,"[['Saturday', '12–9:30PM'], ['Sunday', '12–8:30PM'], ['Monday', '11AM–9PM'], ['Tuesday', '11AM–9PM'], ['Wednesday', '11AM–9PM'], ['Thursday', '11AM–9PM'], ['Friday', '11AM–9:30PM']]"
0x8859f3576541fa29:0x4b600f11493f149e,Hana Japanese Hibachi & Sushi Bar,"Hana Japanese Hibachi & Sushi Bar, 5B Biltmore Ave, Asheville, NC 28801",35.594408099999995,-82.5517188,"['Sushi restaurant', 'Japanese restaurant', 'Restaurant']",4.4,1213,$$,"[['Saturday', '11:30AM–11PM'], ['Sunday', '11:30AM–10PM'], ['Monday', '11AM–3PM'], ['Tuesday', '11AM–3PM'], ['Wednesday', '11AM–3PM'], ['Thursday', '11AM–3PM'], ['Friday', '11AM–11PM']]"
0x8859f32da2024753:0xb294606a0a9878f1,Itto Ramen & Japanese Tapas,"Itto Ramen & Japanese Tapas, 3 Biltmore Ave, Asheville, NC 28801",35.594501199999996,-82.5517661,['Japanese restaurant'],4.8,413,,"[['Saturday', '12–11PM'], ['Sunday', '11:30AM–10PM'], ['Monday', '11:30AM–10PM'], ['Tuesday', '11:30AM–10PM'], ['Wednesday', '11:30AM–10PM'], ['Thursday', '11:30AM–10PM'], ['Friday', '12–11PM']]"
0x88569cf8ba28a1fb:0x7d57d122e85bb477,Mr Tokyo Japanese Restaurant,"Mr Tokyo Japanese Restaurant, 8334 Pineville-Matthews Rd STE 109, Charlotte, NC 28226",35.0881776,-80.8605817,['Japanese restaurant'],4.3,1128,$$,"[['Saturday', '11AM–3PM'], ['Sunday', '11AM–3PM'], ['Monday', '11AM–3PM'], ['Tuesday', '11AM–3PM'], ['Wednesday', '11AM–3PM'], ['Thursday', '11AM–3PM'], ['Friday', '11AM–3PM']]"
0x8854313079d70e9d:0x6f59053ceeb1bfe8,Mr Tokyo Japanese Restaurant,"Mr Tokyo Japanese Restaurant, 2239 W Roosevelt Blvd, Monroe, NC 28110",35.0080276,-80.5618588,['Japanese restaurant'],4.4,364,$$,"[['Saturday', '11AM–3PM'], ['Sunday', '11AM–3PM'], ['Monday', '11AM–3PM'], ['Tuesday', '11AM–3PM'], ['Wednesday', '11AM–3PM'], ['Thursday', '11AM–3PM'], ['Friday', '11AM–3PM']]"
0x89a9f59f5ee3632b:0x448a38d915802bf6,Sarku Japan,"Sarku Japan, 3500 Oleander Drive Space #FC-06, Wilmington, NC 28403",34.2134576,-77.9055079,"['Japanese restaurant', 'Fast food restaurant', 'Restaurant', 'Sushi restaurant', 'Teppanyaki restaurant']",3.6,68,$,"[['Saturday', '11AM–8PM'], ['Sunday', '12–6PM'], ['Monday', '11AM–7PM'], ['Tuesday', '11AM–7PM'], ['Wednesday', '11AM–7PM'], ['Thursday', '11AM–7PM'], ['Friday', '11AM–8PM']]"
0x89aa1934f4b6f695:0xbf87aee63e2fa30f,Six Happiness,"Six Happiness, 1114 New Pointe Blvd, Leland, NC 28451",34.2118471,-78.021855,"['Restaurant', 'Asian restaurant', 'Japanese restaurant', 'Sushi restaurant']",4.3,268,$$,"[['Saturday', '11AM–11PM'], ['Sunday', '12–10PM'], ['Monday', '11AM–10PM'], ['Tuesday', '11AM–10PM'], ['Wednesday', '11AM–10PM'], ['Thursday', '11AM–10PM'], ['Friday', '11AM–11PM']]"
0x89aa19366232b745:0x9dadcc0eb246daae,Miyabi Jr Express,"Miyabi Jr Express, 1108 New Pointe Blvd #110, Leland, NC 28451",34.21056,-78.0255523,['Japanese restaurant'],4.5,465,$$,"[['Saturday', '11:30AM–9PM'], ['Sunday', '11:30AM–8:30PM'], ['Monday', '11AM–9PM'], ['Tuesday', '11AM–9PM'], ['Wednesday', '11AM–9PM'], ['Thursday', '11AM–9PM'], ['Friday', '11AM–9PM']]"
0x8859f283c32ec4f9:0x7f2b33af1da1a94d,Asheville Sushi & Hibachi,"Asheville Sushi & Hibachi, 1636 Hendersonville Rd #175, Asheville, NC 28803",35.5124767,-82.5257939,"['Asian restaurant', 'Japanese restaurant']",4.6,378,$$,"[['Thursday', '11:30AM–9:30PM'], ['Friday', '11:30AM–10PM'], ['Saturday', '12:30–10PM'], ['Sunday', '2–9:30PM'], ['Monday', '11:30AM–9:30PM'], ['Tuesday', '11:30AM–9:30PM'], ['Wednesday', '11:30AM–9:30PM']]"
