gmap_id,name,address,latitude,longitude,category,avg_rating,num_of_reviews,price,hours
0x883884c02a57e979:0xc0e17b86530396e5,Sogo Asian Bistro,"Sogo Asian Bistro, 2040 Stringtown Rd, Grove City, OH 43123",39.8789454,-83.0575168,"['Asian restaurant', 'Chinese restaurant', 'Japanese restaurant', 'Sushi restaurant']",4.5,8,$$,"[['Monday', '11AM–10PM'], ['Tuesday', '11AM–10PM'], ['Wednesday', '11AM–10PM'], ['Thursday', '11AM–10PM'], ['Friday', '11AM–10PM'], ['Saturday', '11AM–10PM'], ['Sunday', '11AM–9PM']]"
0x8838894425219e41:0xb966f3a74aff6fa1,Red Rabbit Ramen,"Red Rabbit Ramen, 1282 Essex Ave, Columbus, OH 43201",39.9902777,-82.98686289999999,['Japanese restaurant'],4.9,26,$$,"[['Monday', '10:30AM–9PM'], ['Tuesday', 'Closed'], ['Wednesday', '10:30AM–9PM'], ['Thursday', '10:30AM–9PM'], ['Friday', '10:30AM–9PM'], ['Saturday', '10:30AM–9PM'], ['Sunday', '10:30AM–9PM']]"
0x883892bc66e3259b:0x7c2ef26db331be49,Karen Japanese Market,"Karen Japanese Market, 5875 Sawmill Rd, Dublin, OH 43017",40.0867072,-83.0929606,"['Sushi restaurant', 'Asian grocery store', 'Asian restaurant', 'Japanese curry restaurant', 'Japanese grocery store', 'Japanese restaurant', 'Delivery Restaurant', 'Takeout Restaurant']",4.7,26,,"[['Monday', 'Closed'], ['Tuesday', '11AM–2PM'], ['Wednesday', '11AM–2PM'], ['Thursday', 'Closed'], ['Friday', '11AM–2PM'], ['Saturday', '11AM–2PM'], ['Sunday', '11AM–2PM']]"
0x8831a5c961141eeb:0x92e8694b817c797a,Kiko's Kitchen,"Kiko's Kitchen, 9179 Mentor Ave, Mentor, OH 44060",41.677355999999996,-81.31084349999999,['Japanese restaurant'],4.9,47,,"[['Monday', 'Closed'], ['Tuesday', '11AM–7PM'], ['Wednesday', '11AM–7PM'], ['Thursday', '11AM–7PM'], ['Friday', '11AM–8PM'], ['Saturday', '12–8PM'], ['Sunday', '12–6PM']]"
0x8835d97e4959b7a9:0xd6c243153eac6364,TOKYO Hibachi Restaurant,"Ohio, Martins Ferry, Zane Hwy, TOKYO Hibachi Restaurant邮政编码: 43935",40.0866069,-80.7360096,['Japanese restaurant'],4.5,17,,"[['Sunday', '11AM–9PM'], ['Monday', 'Closed'], ['Tuesday', '11AM–9PM'], ['Wednesday', '11AM–9PM'], ['Thursday', '11AM–9PM'], ['Friday', '11AM–9PM'], ['Saturday', '11AM–9PM']]"
0x8841b30ccd8c2d59:0x736752abda9bb7be,Poke World,"Poke World, 214 Calhoun St, Cincinnati, OH 45219",39.128439799999995,-84.5155863,"['Japanese restaurant', 'Asian restaurant', 'Bakery', 'Bubble tea store', 'Hawaiian restaurant']",4.4,13,,"[['Saturday', '10AM–10PM'], ['Sunday', '11AM–9PM'], ['Monday', '10AM–10PM'], ['Tuesday', '10AM–10PM'], ['Wednesday', '10AM–10PM'], ['Thursday', '10AM–10PM'], ['Friday', '10AM–10PM']]"
0x8838f31333d03d1d:0x1b109156b1991999,Noren9,"Noren9, 1047 Polaris Pkwy, Columbus, OH 43240",40.1453139,-82.9936206,"['Izakaya restaurant', 'Asian fusion restaurant', 'Japanese restaurant', 'Korean restaurant']",4.7,37,,"[['Friday', '11:30AM–2:30PM'], ['Saturday', '11:30AM–2:30PM'], ['Sunday', 'Closed'], ['Monday', '11:30AM–2:30PM'], ['Tuesday', '11:30AM–2:30PM'], ['Wednesday', '11:30AM–2:30PM'], ['Thursday', '11:30AM–2:30PM']]"
0x88403d9efd563aeb:0xd649a69b9de68cf9,Ichiban Hibachi House,"Ohio, Oxford, W Church St, Ichiban Hibachi House邮政编码: 45056",39.5113255,-84.74302,"['Japanese restaurant', 'Fast food restaurant']",3.5,35,,"[['Friday', '11AM–9PM'], ['Saturday', '11AM–9PM'], ['Sunday', '11AM–9PM'], ['Monday', 'Closed'], ['Tuesday', '11AM–9PM'], ['Wednesday', '11AM–9PM'], ['Thursday', '11AM–9PM']]"
0x8830fd89493c7843:0x66feb8b0cacc722a,Sababa Cuisine,"Sababa Cuisine, 14417 Cedar Rd, South Euclid, OH 44121",41.5016318,-81.52076629999999,"['Kosher restaurant', 'Japanese restaurant', 'Mediterranean restaurant', 'Restaurant', 'Sushi restaurant']",4.5,95,,"[['Thursday', '11AM–8PM'], ['Friday', '11AM–2PM'], ['Saturday', 'Closed'], ['Sunday', '11AM–8PM'], ['Monday', '11AM–8PM'], ['Tuesday', '11AM–8PM'], ['Wednesday', '11AM–8PM']]"
0x88403d733cfe1cad:0x56e1035268f4f42e,Moonstone Asian Cuisine,"Moonstone Asian Cuisine, 313 S College Ave, Oxford, OH 45056",39.5065879,-84.745299,['Japanese restaurant'],4.8,45,,"[['Monday', '11AM–10PM'], ['Tuesday', '11AM–10PM'], ['Wednesday', 'Closed'], ['Thursday', '11AM–10PM'], ['Friday', '11AM–10PM'], ['Saturday', '11AM–10PM'], ['Sunday', '11AM–10PM']]"
0x88405398ef1c78b1:0x9b8d1ed3064cdb2f,Rokaru Ramen,"Rokaru Ramen, 9405 Kenwood Rd Ste B, Blue Ash, OH 45242",39.227489,-84.37815499999999,"['Ramen restaurant', 'Japanese restaurant']",4.8,38,,"[['Thursday', '11AM–3:30PM'], ['Friday', '11AM–3:30PM'], ['Saturday', '11AM–3:30PM'], ['Sunday', 'Closed'], ['Monday', '11AM–3:30PM'], ['Tuesday', '11AM–3:30PM'], ['Wednesday', '11AM–3:30PM']]"
0x88388f288dba1839:0xec4d5f1e63e127ca,Japanese Steak House,"Japanese Steak House, 479 N High St, Columbus, OH 43215",39.9720988,-83.00279619999999,"['Japanese steakhouse', 'Restaurant']",3.7,38,,
0x883893028ebf6d1d:0xd13c7599f1ddfd16,Panda Wok,"Panda Wok, 5799 Karric Square Dr, Dublin, OH 43016",40.0728399,-83.1233417,"['Chinese restaurant', 'Japanese restaurant', 'Restaurant']",4.7,6,,"[['Wednesday', '11AM–9:30PM'], ['Thursday', '11AM–9:30PM'], ['Friday', '11AM–10:30PM'], ['Saturday', '11AM–10:30PM'], ['Sunday', '12–9:30PM'], ['Monday', '11AM–9:30PM'], ['Tuesday', '11AM–9:30PM']]"
0x88389a5febb4b009:0xf13224773b1c040f,Hararu Hibachi & Sushi,"Hararu Hibachi & Sushi, 1587 Holt Rd, Columbus, OH 43228",39.9198425,-83.12372429999999,"['Japanese restaurant', 'Sushi restaurant']",4.1,24,,"[['Tuesday', '11AM–9PM'], ['Wednesday', '11AM–9PM'], ['Thursday', '11AM–9PM'], ['Friday', '4–9:30PM'], ['Saturday', '11AM–9:30PM'], ['Sunday', '11AM–9PM'], ['Monday', '11AM–9PM']]"
0x8841b3baa07950c3:0x383112857467ad8f,Cafe Mochiko,"Cafe Mochiko, 1524 Madison Rd, Cincinnati, OH 45206",39.1298606,-84.47780949999999,['Japanese restaurant'],4.9,46,,"[['Tuesday', 'Closed'], ['Wednesday', 'Closed'], ['Thursday', '8AM–2PM'], ['Friday', '8AM–2PM'], ['Saturday', '9AM–2PM'], ['Sunday', '9AM–2PM'], ['Monday', 'Closed']]"
0x8838ed9059dbf54d:0x50dab34101f53d42,Kogen's,"Kogen's, 9711 Sawmill Pkwy, Powell, OH 43065",40.157071699999996,-83.0904482,"['Asian restaurant', 'Asian fusion restaurant', 'Chinese restaurant', 'Japanese restaurant', 'Sushi restaurant']",3.9,75,$$,"[['Tuesday', '11:30AM–9:30PM'], ['Wednesday', '11:30AM–9:30PM'], ['Thursday', '11:30AM–9:30PM'], ['Friday', '11:30AM–10:30PM'], ['Saturday', '11AM–12AM'], ['Sunday', '11:30AM–9PM'], ['Monday', '11:30AM–9:30PM']]"
0x8830f07f1ec04a5b:0xc31c4923b49e6155,Yihi Japan,"Yihi Japan, 230 W Huron Rd, Cleveland, OH 44113",41.4969742,-81.6937813,"['Japanese restaurant', 'Asian restaurant']",4.0,18,$,"[['Thursday', '10AM–7PM'], ['Friday', '10AM–7PM'], ['Saturday', '10AM–7PM'], ['Sunday', '10AM–7PM'], ['Monday', '10AM–7PM'], ['Tuesday', '10AM–7PM'], ['Wednesday', '10AM–7PM']]"
0x883861bad38683af:0x3f0207ec6adfad6e,Panda Wok,"Panda Wok, 1390 Cherry Bottom Rd, Gahanna, OH 43230",40.0555004,-82.88429599999999,"['Japanese restaurant', 'Asian restaurant', 'Chinese restaurant']",4.0,114,$,"[['Thursday', '11AM–10PM'], ['Friday', '11AM–11PM'], ['Saturday', '11AM–11PM'], ['Sunday', '4–10PM'], ['Monday', '11AM–10PM'], ['Tuesday', '11AM–10PM'], ['Wednesday', '11AM–10PM']]"
0x8838f5be0a1db2cb:0x9f7cf3c0602143f,Teriyaki Madness,"Teriyaki Madness, 833 Polaris Pkwy, Westerville, OH 43082",40.1441029,-82.95797189999999,"['Asian fusion restaurant', 'Caterer', 'Fast food restaurant', 'Gluten-free restaurant', 'Japanese restaurant', 'Restaurant']",4.6,97,$,"[['Tuesday', '11AM–9PM'], ['Wednesday', '11AM–9PM'], ['Thursday', '11AM–9PM'], ['Friday', '11AM–9PM'], ['Saturday', '11AM–9PM'], ['Sunday', '11AM–9PM'], ['Monday', '11AM–9PM']]"
0x883c7f5c6806a36b:0x12e57c00b4f149a7,Sushi Yoshi Steak Stone & Seafood House,"Sushi Yoshi Steak Stone & Seafood House, 5236 Monroe St Suite F, Toledo, OH 43623",41.701960799999995,-83.6515505,"['Restaurant', 'Asian fusion restaurant', 'Asian restaurant', 'Japanese restaurant', 'Sushi restaurant']",4.5,76,,"[['Monday', '11AM–3PM'], ['Tuesday', '11AM–3PM'], ['Wednesday', '11AM–3PM'], ['Thursday', '11AM–3PM'], ['Friday', '11AM–3PM'], ['Saturday', '12–11PM'], ['Sunday', '12–9:30PM']]"
0x8838f46528e27405:0x1316dd4ccd8948cf,Yihi Japan,"Yihi Japan, 1500 Polaris Pkwy, Columbus, OH 43240",40.146165499999995,-82.9805444,"['Japanese restaurant', 'Asian restaurant']",2.0,66,,"[['Thursday', '11AM–9PM'], ['Friday', '11AM–9PM'], ['Saturday', '11AM–9PM'], ['Sunday', '11AM–9PM'], ['Monday', '11AM–9PM'], ['Tuesday', '11AM–9PM'], ['Wednesday', '11AM–9PM']]"
0x88388d7d54c7543b:0xafed489e3f265b1d,KIRIN NOODLE BAR,"KIRIN NOODLE BAR, 4227 N High St, Columbus, OH 43214",40.048124,-83.02057959999999,"['Japanese restaurant', 'Dim sum restaurant', 'Ramen restaurant', 'Restaurant']",4.4,98,$,"[['Wednesday', '11AM–9PM'], ['Thursday', '11AM–9PM'], ['Friday', '11AM–9:30PM'], ['Saturday', '11AM–9:30PM'], ['Sunday', '11AM–9PM'], ['Monday', '11AM–9PM'], ['Tuesday', 'Closed']]"
0x88470b5196d27383:0x7ea8a722797692fd,HIBACHI EXPRESS,"HIBACHI EXPRESS, 1251 N Bridge St, Chillicothe, OH 45601",39.3632409,-82.97477599999999,['Japanese steakhouse'],4.2,24,,"[['Tuesday', '11AM–9:30PM'], ['Wednesday', '11AM–9:30PM'], ['Thursday', '11AM–9:30PM'], ['Friday', '11AM–9:30PM'], ['Saturday', '11AM–9:30PM'], ['Sunday', 'Closed'], ['Monday', '11AM–9:30PM']]"
0x8841078f751d5a9f:0xd11644541d55b4db,Hibachi express,"Hibachi express, 960 Kennedys Landing Suite #5, Cincinnati, OH 45245",39.0913924,-84.2628598,"['Asian restaurant', 'Japanese restaurant']",4.2,38,,"[['Friday', '11AM–10:30PM'], ['Saturday', '11AM–10:30PM'], ['Sunday', '12–9:30PM'], ['Monday', '11AM–9:30PM'], ['Tuesday', 'Closed'], ['Wednesday', '11AM–9:30PM'], ['Thursday', '11AM–9:30PM']]"
0x88309311b18159cf:0x4fb2998efb68410c,Pacific East,"Pacific East, 186 Union St, Westlake, OH 44145",41.461272,-81.9521618,['Japanese restaurant'],4.4,78,,"[['Thursday', '11:30AM–8:30PM'], ['Friday', '11:30AM–9PM'], ['Saturday', '11:30AM–9PM'], ['Sunday', '11:30AM–8:30PM'], ['Monday', 'Closed'], ['Tuesday', '11:30AM–8:30PM'], ['Wednesday', '11:30AM–8:30PM']]"
0x88388a84477fc4a9:0xfaacff494701cb0b,Edamame Sushi & Grill,"Edamame Sushi & Grill, 3946 Morse Crossing, Columbus, OH 43219",40.050256,-82.919349,"['Sushi restaurant', 'Asian restaurant', 'Japanese restaurant', 'Ramen restaurant']",3.5,58,$$,"[['Tuesday', '11:30AM–9:30PM'], ['Wednesday', '11:30AM–9:30PM'], ['Thursday', '11:30AM–9:30PM'], ['Friday', '11:30AM–10:30PM'], ['Saturday', '12–10:30PM'], ['Sunday', '12–8PM'], ['Monday', '11:30AM–9:30PM']]"
0x8830d828723abd13:0x3a01f6f97f9d3f16,Hana Asian Market,"Hana Asian Market, 1390 N Portage Path, Akron, OH 44313",41.132750099999996,-81.5491734,"['Asian grocery store', 'Food products supplier', 'Japanese grocery store', 'Korean grocery store']",4.0,15,,"[['Monday', '10:30AM–7:30PM'], ['Tuesday', '10:30AM–7:30PM'], ['Wednesday', '10:30AM–7:30PM'], ['Thursday', '10:30AM–7:30PM'], ['Friday', '10:30AM–7:30PM'], ['Saturday', '10:30AM–7:30PM'], ['Sunday', '1:30–5:30PM']]"
0x883f2f61bd838009:0xce63cd44252149f4,Kiyomi Sushi Steakhouse,"Kiyomi Sushi Steakhouse, 120 W Columbus Ave, Bellefontaine, OH 43311, United States",40.3613132,-83.760553,"['Restaurant', 'Chinese restaurant', 'Japanese restaurant', 'Sushi restaurant']",4.3,477,$$,"[['Monday', '11AM–2:30PM'], ['Tuesday', '11AM–2:30PM'], ['Wednesday', '11AM–2:30PM'], ['Thursday', '11AM–2:30PM'], ['Friday', '11AM–2:30PM'], ['Saturday', '11AM–2:30PM'], ['Sunday', '11:30AM–9PM']]"
0x88409c609d3309c7:0xe224dfa6ef9719de,FUSIAN,"FUSIAN, 2733 Fairfield Commons Suite B, Beavercreek, OH 45431, United States",39.7675312,-84.0553724,"['Asian restaurant', 'Grocery delivery service', 'Japanese restaurant', 'Sushi restaurant', 'Vegetarian restaurant']",4.4,488,$,"[['Sunday', '10:40AM–10PM'], ['Monday', '10:40AM–10PM'], ['Tuesday', '10:40AM–10PM'], ['Wednesday', '10:40AM–10PM'], ['Thursday', '10:40AM–10PM'], ['Friday', '10:40AM–10PM'], ['Saturday', '10:40AM–10PM']]"
0x883093b73a58fdad:0x516fcb4420d84ceb,Yuzu King Japanese Cuisine,"Yuzu King Japanese Cuisine, 27333 Detroit Rd, Westlake, OH 44145",41.4665342,-81.9233124,"['Japanese restaurant', 'Delivery service', 'Sushi takeaway']",4.8,46,,"[['Saturday', '11AM–10PM'], ['Sunday', '3–9PM'], ['Monday', '11AM–9PM'], ['Tuesday', 'Closed'], ['Wednesday', '11AM–9PM'], ['Thursday', '11AM–9PM'], ['Friday', '11AM–10PM']]"
0x884057dd3551cf6d:0x2328216549e8d7ff,Hayashiya Japanese cuisine,"Ohio, Maineville, US-22, Hayashiya Japanese cuisine邮政编码: 45039",39.3107738,-84.2759121,['Japanese restaurant'],5.0,27,,"[['Saturday', '11AM–10PM'], ['Sunday', '12–9PM'], ['Monday', 'Closed'], ['Tuesday', '11AM–2PM'], ['Wednesday', '11AM–2PM'], ['Thursday', '11AM–2PM'], ['Friday', '11AM–2PM']]"
0x8841b3916db3f6d9:0x6bd80bcb0f5dd2bc,FUSIAN,"FUSIAN, 11 Martin Luther King Dr E, Cincinnati, OH 45219",39.1352128,-84.508501,"['Asian restaurant', 'Japanese restaurant', 'Restaurant', 'Sushi restaurant', 'Vegetarian restaurant']",4.6,58,,"[['Friday', '11AM–9PM'], ['Saturday', '11AM–8PM'], ['Sunday', 'Closed'], ['Monday', '11AM–9PM'], ['Tuesday', '11AM–9PM'], ['Wednesday', '11AM–9PM'], ['Thursday', '11AM–9PM']]"
0x8838ed1769136129:0xde34c0370308822b,FUSIAN,"FUSIAN, 7721 Sawmill Rd, Dublin, OH 43016",40.123964,-83.090952,"['Asian fusion restaurant', 'Japanese restaurant', 'Sushi restaurant', 'Vegetarian restaurant']",4.3,25,,"[['Friday', '10:40AM–10PM'], ['Saturday', '10:40AM–10PM'], ['Sunday', '10:40AM–10PM'], ['Monday', '10:40AM–10PM'], ['Tuesday', '10:40AM–10PM'], ['Wednesday', '10:40AM–10PM'], ['Thursday', '10:40AM–10PM']]"
0x8847771c6ebc17ff:0xbe093a729bcb9076,HOKKAIDO Sushi & Hibachi,"HOKKAIDO Sushi & Hibachi, 23519 US Highway 23, South St, Circleville, OH 43113",39.5880262,-82.9557083,"['Japanese restaurant', 'Mandarin restaurant']",4.1,98,,"[['Friday', '10:30AM–10:15PM'], ['Saturday', '10:30AM–10:15PM'], ['Sunday', '11:30AM–10PM'], ['Monday', '10:30AM–10PM'], ['Tuesday', 'Closed'], ['Wednesday', '10:30AM–10PM'], ['Thursday', '10:30AM–10PM']]"
0x8833e06596883d15:0x27a687e9985ad183,"Yamato Japanese Restaurant - Warren, Ohio","Yamato Japanese Restaurant - Warren, Ohio, 3860 Youngstown Rd SE, Warren, OH 44484",41.2167612,-80.7745673,"['Japanese restaurant', 'Restaurant', 'Sushi restaurant', 'Teppanyaki restaurant']",4.3,581,$$,"[['Thursday', '3–9PM'], ['Friday', '12–10PM'], ['Saturday', '12–10PM'], ['Sunday', '12–8PM'], ['Monday', 'Closed'], ['Tuesday', '3–9PM'], ['Wednesday', '3–9PM']]"
0x8838605436833a05:0xe8f314828c09134c,Asian Gourmet & Sushi Bar,"Asian Gourmet & Sushi Bar, 1325 Stoneridge Dr, Columbus, OH 43230, United States",40.053252,-82.86741099999999,['Japanese restaurant'],4.4,418,₩₩,"[['Tuesday', '11:30AM–9PM'], ['Wednesday', '11:30AM–9PM'], ['Thursday', '11:30AM–9PM'], ['Friday', '11:30AM–9PM'], ['Saturday', '12–9PM'], ['Sunday', '4–8PM'], ['Monday', '11:30AM–9PM']]"
0x8831aa3c2b1c86db:0x104dd0e25e098d29,Shogun Japanese Steak House,"Shogun Japanese Steak House, 34302 Euclid Ave, Willoughby, OH 44094",41.623477799999996,-81.4442931,"['Japanese restaurant', 'Restaurant']",4.4,75,$$,"[['Sunday', '2–10PM'], ['Monday', 'Closed'], ['Tuesday', '11AM–3PM'], ['Wednesday', '11AM–3PM'], ['Thursday', '11AM–3PM'], ['Friday', '11AM–3PM'], ['Saturday', '11AM–3PM']]"
0x88312957901ff03d:0x7a1fc3e8913894bc,Hibachi Xpress-Triplett,"Hibachi Xpress-Triplett, 2504 Triplett Blvd, Akron, OH 44312",41.0446761,-81.43839229999999,"['Takeout Restaurant', 'Japanese restaurant']",4.0,47,$,"[['Sunday', '11AM–9PM'], ['Monday', '11AM–9PM'], ['Tuesday', '11AM–9PM'], ['Wednesday', '11AM–9PM'], ['Thursday', '11AM–9PM'], ['Friday', '11AM–9PM'], ['Saturday', '11AM–9PM']]"
0x883099445f3d4f83:0x88997804415e2287,Yihi Japan,"Yihi Japan, 3343 Midway Mall, Elyria, OH 44035",41.395821399999996,-82.11101219999999,['Japanese restaurant'],4.5,85,,"[['Sunday', '10AM–8PM'], ['Monday', '10AM–8PM'], ['Tuesday', '10AM–8PM'], ['Wednesday', '10AM–8PM'], ['Thursday', '10AM–8PM'], ['Friday', '10AM–8PM'], ['Saturday', '10AM–8PM']]"
0x88388eb8efa473ef:0x118354da593244fc,Midway,"Midway, 1728 N High St, Columbus, OH 43201",39.9976811,-83.0073914,"['Bar', 'Asian restaurant', 'Japanese restaurant', 'Restaurant']",3.5,128,$,"[['Saturday', '2–11PM'], ['Sunday', 'Closed'], ['Monday', 'Closed'], ['Tuesday', 'Closed'], ['Wednesday', 'Closed'], ['Thursday', '3–11PM'], ['Friday', '2–11PM']]"
0x884099d9b09bf9d1:0xd2dc8296209be68c,Taku Japanese Steakhouse (Xenia),"Taku Japanese Steakhouse (Xenia), 167 Hospitality Dr, Xenia, OH 45385",39.686031299999996,-83.96588129999999,['Japanese restaurant'],4.4,58,,"[['Saturday', '11AM–3PM'], ['Sunday', '12–9:30PM'], ['Monday', 'Closed'], ['Tuesday', '11AM–3PM'], ['Wednesday', '11AM–3PM'], ['Thursday', '11AM–3PM'], ['Friday', '11AM–3PM']]"
0x883994e8af40a387:0x181bf6872f6b3a78,Wokano Japanese Steakhouse,"Wokano Japanese Steakhouse, 2284 W 4th St, Ontario, OH 44906, United States",40.773789699999995,-82.5958978,"['Japanese restaurant', 'Restaurant', 'Sushi restaurant']",4.4,1102,₩₩,"[['Wednesday', '11AM–9:30PM'], ['Thursday', '11AM–9:30PM'], ['Friday', '11AM–6PM'], ['Saturday', '11AM–6PM'], ['Sunday', '12–9:30PM'], ['Monday', '11AM–9:30PM'], ['Tuesday', '11AM–9:30PM']]"
0x8836d9ab894e657f:0x2ae1b03c864fd21c,Hibachi & Mexican Grill,"Hibachi & Mexican Grill, 3202 Lincoln Way E, Massillon, OH 44646",40.795571599999995,-81.4748628,"['Mexican restaurant', 'Japanese restaurant']",4.2,28,,"[['Tuesday', '11AM–10PM'], ['Wednesday', '11AM–10PM'], ['Thursday', '11AM–10PM'], ['Friday', '11AM–11PM'], ['Saturday', '11AM–11PM'], ['Sunday', '11AM–9PM'], ['Monday', '11AM–10PM']]"
0x8840593140213a27:0x9ef4be2545c1f3cc,Fusabowl,"Fusabowl, 5218 Kings Mills Rd, Mason, OH 45040",39.360531699999996,-84.278278,"['Asian restaurant', 'Fast food restaurant', 'Japanese restaurant', 'Takeout Restaurant', 'Sushi restaurant']",4.5,28,,"[['Tuesday', '11AM–9PM'], ['Wednesday', '11AM–9PM'], ['Thursday', '11AM–9PM'], ['Friday', '11AM–9:30PM'], ['Saturday', '11AM–9:30PM'], ['Sunday', '12–9PM'], ['Monday', '11AM–9PM']]"
0x8836b5718d4dec25:0x461a429105446b41,Hibachi Express,"Hibachi Express, 548 W State St, Alliance, OH 44601",40.901455299999995,-81.1126043,['Japanese restaurant'],4.4,118,,"[['Tuesday', '11AM–10PM'], ['Wednesday', '11AM–10PM'], ['Thursday', '11AM–10PM'], ['Friday', '11AM–10PM'], ['Saturday', '11AM–10PM'], ['Sunday', '11AM–10PM'], ['Monday', '11AM–10PM']]"
0x883f77b2220e1391:0xece810a3fcebb456,MEGUMI JAPANESE HIBACHI GRILL,"MEGUMI JAPANESE HIBACHI GRILL, 12 S Dorset Rd, Troy, OH 45373",40.0495413,-84.2279898,"['Japanese restaurant', 'Self service restaurant']",4.6,43,,"[['Monday', '11:30AM–9PM'], ['Tuesday', '11:30AM–9PM'], ['Wednesday', '11:30AM–9PM'], ['Thursday', '11:30AM–9PM'], ['Friday', '11:30AM–9PM'], ['Saturday', '11:30AM–9PM'], ['Sunday', '11:30AM–9PM']]"
0x8836e31a4accf3af:0xb56f0378034d103e,Katana Japanese Restaurant Sushi&Hibachi,"Katana Japanese Restaurant Sushi&Hibachi, 515 Union Ave, Dover, OH 44622",40.5090459,-81.4634262,"['Japanese restaurant', 'Asian restaurant', 'Restaurant', 'Sushi restaurant']",4.5,194,$$,"[['Monday', '11AM–9PM'], ['Tuesday', 'Closed'], ['Wednesday', '11AM–9PM'], ['Thursday', '11AM–9PM'], ['Friday', '11AM–9:30PM'], ['Saturday', '11AM–9:30PM'], ['Sunday', '12–9PM']]"
0x88388e6db0a880c1:0x238f296a30716169,Royal Ginger Asian Fusion Bistro,"Royal Ginger Asian Fusion Bistro, 1625 W Lane Ave, Columbus, OH 43221",40.00678,-83.05389,"['Asian restaurant', 'Asian fusion restaurant', 'Japanese restaurant', 'Delivery Restaurant', 'Seafood restaurant', 'Sushi restaurant']",3.9,58,$$,"[['Monday', '11AM–10PM'], ['Tuesday', '11AM–10PM'], ['Wednesday', '11AM–10PM'], ['Thursday', '11AM–10PM'], ['Friday', '11AM–10PM'], ['Saturday', '11AM–10PM'], ['Sunday', '11AM–10PM']]"
0x8830d70da7a6b4e5:0x697715604a097ea,Teriyaki Madness- West Akron,"Teriyaki Madness- West Akron, 1 N Hawkins Ave, Akron, OH 44313",41.1098563,-81.5687361,"['Asian fusion restaurant', 'Asian restaurant', 'Japanese restaurant', 'Restaurant']",3.5,33,,
0x88313b6f542c8fd7:0x2c213a7c7e5c6916,Hibachi Xpress Kent,"Hibachi Xpress Kent, 1143 Lake St, Kent, OH 44240",41.1641219,-81.339114,"['Takeout Restaurant', 'Japanese restaurant']",3.4,88,$,"[['Saturday', '11AM–10PM'], ['Sunday', '11AM–8PM'], ['Monday', '11AM–10PM'], ['Tuesday', '11AM–10PM'], ['Wednesday', '11AM–10PM'], ['Thursday', '11AM–10PM'], ['Friday', '11AM–10PM']]"
0x88464b9ee0fd1ee9:0x8bf98b44da56cf24,Tokyo Steak House,"Tokyo Steak House, 731 Main St, Jackson, OH 45640",39.042329599999995,-82.62972479999999,"['Japanese restaurant', 'Japanese steakhouse']",4.4,185,$$,"[['Saturday', '11AM–9:30PM'], ['Sunday', '12–9PM'], ['Monday', '11AM–9PM'], ['Tuesday', '11AM–9PM'], ['Wednesday', '11AM–9PM'], ['Thursday', '11AM–9PM'], ['Friday', '11AM–9:30PM']]"
0x8840f3885584c3e3:0xd0165b2449910ae5,Asian Gourmet,"Asian Gourmet, 1231 Columbus Ave, Lebanon, OH 45036",39.452542199999996,-84.1837032,"['Chinese restaurant', 'Asian restaurant', 'Japanese restaurant', 'Sushi restaurant', 'Thai restaurant']",3.9,157,,"[['Friday', '11AM–10:30PM'], ['Saturday', '11AM–9:30PM'], ['Sunday', '11AM–9:30PM'], ['Monday', 'Closed'], ['Tuesday', '11AM–9:30PM'], ['Wednesday', '11AM–9:30PM'], ['Thursday', '11AM–9:30PM']]"
0x8838f578ae86fdfd:0x734fc6f6cbfd839b,Sushi Factory,"Sushi Factory, 8715 Sancus Blvd, Columbus, OH 43240",40.1420897,-82.99212969999999,['Japanese restaurant'],4.1,184,,"[['Friday', '11AM–9:30PM'], ['Saturday', '12–10:30PM'], ['Sunday', '12–9PM'], ['Monday', '11AM–9:30PM'], ['Tuesday', '11AM–9:30PM'], ['Wednesday', '11AM–9:30PM'], ['Thursday', '11AM–9:30PM']]"
0x88389139efbac327:0x897dd411f0c3748b,Haruki East,"Haruki East, 2469 Hilliard Rome Rd, Hilliard, OH 43026",40.001381599999995,-83.15606629999999,"['Sushi restaurant', 'Asian restaurant', 'Japanese restaurant']",4.3,77,$$,"[['Friday', '11AM–10:30PM'], ['Saturday', '11AM–10:30PM'], ['Sunday', '11AM–9:30PM'], ['Monday', '11AM–10PM'], ['Tuesday', '11AM–10PM'], ['Wednesday', '11AM–10PM'], ['Thursday', '11AM–10PM']]"
0x88388c287b402ebb:0x3d2395ed2c862035,Sushi Ting,"Sushi Ting, 2875 Olentangy River Rd, Columbus, OH 43202",40.019398599999995,-83.02619399999999,"['Japanese restaurant', 'Asian restaurant', 'Sushi restaurant']",4.4,73,$$,"[['Friday', '11:30AM–2:30PM'], ['Saturday', '1PM–12AM'], ['Sunday', '5:30–9:30PM'], ['Monday', 'Closed'], ['Tuesday', '11:30AM–2:30PM'], ['Wednesday', '11:30AM–2:30PM'], ['Thursday', '11:30AM–2:30PM']]"
0x884048ca59f5859f:0xa863d10d9d146f46,Sushi Restaurant,"Sushi Restaurant, 5440 Dixie Hwy, Fairfield, OH 45014",39.3353754,-84.52516609999999,['Japanese restaurant'],3.7,8,,"[['Friday', '8AM–10PM'], ['Saturday', '8AM–10PM'], ['Sunday', '8AM–10PM'], ['Monday', '8AM–10PM'], ['Tuesday', '8AM–10PM'], ['Wednesday', '8AM–10PM'], ['Thursday', '8AM–10PM']]"
0x8830d5088b181ed7:0xff23349756b94708,Hibachi Xpress Main St,"Hibachi Xpress Main St, 1510 S Main St, Akron, OH 44301",41.0458127,-81.52761459999999,['Japanese restaurant'],3.4,76,,"[['Thursday', '11AM–11PM'], ['Friday', '11AM–11PM'], ['Saturday', '11AM–11PM'], ['Sunday', '9AM–10PM'], ['Monday', '11AM–11PM'], ['Tuesday', '11AM–11PM'], ['Wednesday', '11AM–11PM']]"
0x8836ab9e029c6dfd:0x38bff251229bc95a,Sumo steakhouse &sushi,"Sumo steakhouse &sushi, 2350 E State St, Salem, OH 44460",40.903151199999996,-80.827658,"['Japanese restaurant', 'Restaurant']",4.4,84,,"[['Thursday', '11AM–9:30PM'], ['Friday', '11AM–10:30PM'], ['Saturday', '11AM–10:30PM'], ['Sunday', '11AM–9:30PM'], ['Monday', '11AM–9:30PM'], ['Tuesday', '11AM–9:30PM'], ['Wednesday', '11AM–9:30PM']]"
0x883c7fb2edf72b7b:0xa501a64879a2abf2,Yama Japan express-Sushi & Hibachi,"Yama Japan express-Sushi & Hibachi, 3330 Central Ave Suite A-3, Toledo, OH 43606",41.6778392,-83.6241594,['Japanese restaurant'],4.7,121,,"[['Thursday', '11AM–10PM'], ['Friday', '11AM–10PM'], ['Saturday', '11AM–10PM'], ['Sunday', '11AM–9:30PM'], ['Monday', 'Closed'], ['Tuesday', '11AM–10PM'], ['Wednesday', '11AM–10PM']]"
0x883125215518d319:0x335a46303ba4adc1,Kenko Kent,"Kenko Kent, 220 S Depeyster St, Kent, OH 44240",41.1519505,-81.3566498,"['Sushi restaurant', 'Bubble tea store', 'Japanese restaurant']",4.3,225,,"[['Wednesday', '12–8:30PM'], ['Thursday', '12–8:30PM'], ['Friday', '12–8:30PM'], ['Saturday', '12–7:30PM'], ['Sunday', '12–7:30PM'], ['Monday', '12–8:30PM'], ['Tuesday', '12–8:30PM']]"
0x8831aa24bfdbd6a3:0x71eb1a80b5ac39d4,Yukiho Japanese Restaurant,"Yukiho Japanese Restaurant, 35101 Euclid Ave, Willoughby, OH 44094",41.6266709,-81.4368975,['Japanese steakhouse'],4.3,118,$$,"[['Wednesday', '11AM–1:30PM'], ['Thursday', '11AM–1:30PM'], ['Friday', '11AM–1:30PM'], ['Saturday', '5–9:30PM'], ['Sunday', '4:30–7:30PM'], ['Monday', '11AM–1:30PM'], ['Tuesday', '11AM–1:30PM']]"
0x883892ad1882e999:0x271a2658875e539c,Kihachi,"Kihachi, 2667 Federated Blvd, Columbus, OH 43235",40.101290899999995,-83.08886369999999,"['Japanese restaurant', 'Asian restaurant', 'Bar', 'Restaurant']",4.0,46,$$$$,"[['Wednesday', '6–10PM'], ['Thursday', '6–10PM'], ['Friday', '6–10PM'], ['Saturday', '6–10PM'], ['Sunday', 'Closed'], ['Monday', 'Closed'], ['Tuesday', '6–10PM']]"
0x88388fefec7243b1:0x9bc48a3cc5d662cf,Oshio,"Oshio, 974 W 5th Ave, Columbus, OH 43212",39.988573699999996,-83.03234049999999,"['Sushi restaurant', 'Japanese restaurant']",4.5,278,,"[['Wednesday', '11AM–2PM'], ['Thursday', '11AM–2PM'], ['Friday', '11AM–2PM'], ['Saturday', '5–10PM'], ['Sunday', '5–10PM'], ['Monday', 'Closed'], ['Tuesday', '11AM–2PM']]"
0x8830935efff5ef83:0x9777d7dd3fcc4f86,Arashi Japan Sushi & Steakhouse,"Arashi Japan Sushi & Steakhouse, 30006 Detroit Rd, Westlake, OH 44145",41.4646453,-81.9517341,"['Japanese restaurant', 'Steak house', 'Sushi restaurant']",3.8,15,,"[['Wednesday', '12–9PM'], ['Thursday', '12–9PM'], ['Friday', '12–9:30PM'], ['Saturday', '12–9:30PM'], ['Sunday', '12–8:30PM'], ['Monday', '12–9PM'], ['Tuesday', '12–9PM']]"
0x8830ff05a3e0467d:0xdcbd7e2cac23d54d,Rotasu Hibachi Carry-out (was Sakura),"Rotasu Hibachi Carry-out (was Sakura), 16122 Lakeshore Blvd, Cleveland, OH 44110",41.5792408,-81.56735929999999,"['Japanese restaurant', 'Restaurant']",4.2,165,$,"[['Wednesday', '10:30AM–8:45PM'], ['Thursday', '10:30AM–8:45PM'], ['Friday', '10:30AM–9:45PM'], ['Saturday', '10:30AM–9:45PM'], ['Sunday', '12–8:45PM'], ['Monday', '11:30AM–8:45PM'], ['Tuesday', '10:30AM–8:45PM']]"
0x8838ed90a31de3ad:0x51907b37f7a1ac05,Tokyo's Sushi,"Tokyo's Sushi, 9880 Brewster Ln, Powell, OH 43065",40.155245199999996,-83.0947554,"['Sushi restaurant', 'Asian restaurant', 'Japanese restaurant', 'Korean restaurant']",4.5,78,$$,"[['Wednesday', '4–8PM'], ['Thursday', '4–8PM'], ['Friday', '4–8PM'], ['Saturday', '4–8PM'], ['Sunday', 'Closed'], ['Monday', 'Closed'], ['Tuesday', '4–8PM']]"
0x883888c96182d465:0xd42ea4222516864e,Oodles Noodle & Dumpling Bar,"Oodles Noodle & Dumpling Bar, 443 E Main St, Columbus, OH 43215",39.9573539,-82.98761909999999,"['Restaurant', 'Asian restaurant', 'Catering food and drink supplier', 'Chinese restaurant', 'Delivery Chinese restaurant', 'Fast food restaurant', 'Japanese restaurant', 'Pan-Asian restaurant', 'Tea house', 'Thai restaurant']",4.3,98,,"[['Wednesday', '11AM–8PM'], ['Thursday', '11AM–8PM'], ['Friday', '11AM–8PM'], ['Saturday', 'Closed'], ['Sunday', 'Closed'], ['Monday', '11AM–8PM'], ['Tuesday', '11AM–8PM']]"
0x8830986a11fa0483:0x67f33c470026d28,Wasabi Japanese House,"Wasabi Japanese House, 677 Chestnut Commons Dr, Elyria, OH 44035",41.3477028,-82.0659167,"['Japanese restaurant', 'Diner']",3.7,78,,"[['Wednesday', '11AM–9PM'], ['Thursday', '11AM–9PM'], ['Friday', '12–10PM'], ['Saturday', '12–9PM'], ['Sunday', 'Closed'], ['Monday', '11AM–9PM'], ['Tuesday', '11AM–9PM']]"
0x8838f54092bd63c9:0xf1020218194bd2b0,Teppanyaki,"Teppanyaki, 599 S State St, Westerville, OH 43081",40.110358399999996,-82.9273149,['Japanese restaurant'],4.2,58,,"[['Tuesday', '11AM–9:30PM'], ['Wednesday', '11AM–9:30PM'], ['Thursday', '11AM–9:30PM'], ['Friday', '11AM–10PM'], ['Saturday', '11AM–10PM'], ['Sunday', '11AM–9:30PM'], ['Monday', 'Closed']]"
0x8841b3f4f0652d03:0x43c6297579375d76,Fusabowl,"Fusabowl, 165 W McMillan St, Cincinnati, OH 45219",39.1276584,-84.5183283,"['Asian fusion restaurant', 'Asian restaurant', 'Japanese restaurant', 'Sushi restaurant']",4.4,237,$,"[['Tuesday', '11AM–9:30PM'], ['Wednesday', '11AM–9:30PM'], ['Thursday', '11AM–9:30PM'], ['Friday', '11AM–10PM'], ['Saturday', '11AM–10PM'], ['Sunday', '12–9:30PM'], ['Monday', '11AM–9:30PM']]"
0x8830fad7b85071a3:0x98b0202b651d7f98,Rotasu Hibachi (was Sakura Broadway),"Rotasu Hibachi (was Sakura Broadway), 5855 Broadway Ave, Cleveland, OH 44127",41.465728999999996,-81.6484558,"['Japanese restaurant', 'Delivery Restaurant', 'Restaurant']",4.1,148,$,"[['Tuesday', '10:30AM–9PM'], ['Wednesday', '10:30AM–9PM'], ['Thursday', '10:30AM–9PM'], ['Friday', '10:30AM–10PM'], ['Saturday', '10:30AM–10PM'], ['Sunday', '12–9PM'], ['Monday', '10:30AM–9PM']]"
0x884748b98e414d1f:0xc8085c6eecee0c1c,Nagasaki Restaurant,"Nagasaki Restaurant, 240 E Court St, Washington Court House, OH 43160",39.537199099999995,-83.4380647,['Japanese restaurant'],4.3,138,$$,"[['Tuesday', '11AM–9:30PM'], ['Wednesday', '11AM–9:30PM'], ['Thursday', '11AM–9:30PM'], ['Friday', '11AM–9:30PM'], ['Saturday', '11AM–9:30PM'], ['Sunday', 'Closed'], ['Monday', '11AM–9:30PM']]"
0x8830ed269c35bc6d:0x47b63e4d0f197988,"Kintaro All You Can Eat Sushi, Hibachi & Hot Pot","Kintaro All You Can Eat Sushi, Hibachi & Hot Pot, 3111 Westgate Mall a128, Fairview Park, OH 44126",41.4613569,-81.8497458,"['Sushi restaurant', 'Asian restaurant', 'Hot pot restaurant', 'Japanese restaurant']",4.5,188,,"[['Tuesday', '11AM–9:30PM'], ['Wednesday', '11AM–9:30PM'], ['Thursday', '11AM–9:30PM'], ['Friday', '11AM–10:30PM'], ['Saturday', '11AM–10:30PM'], ['Sunday', '11AM–9:30PM'], ['Monday', '11AM–9:30PM']]"
0x8836aaa4382fffff:0xc1a37f7177be981c,Hibachi Express,"Hibachi Express, 2955 E State St, Salem, OH 44460",40.901545999999996,-80.8168869,['Japanese restaurant'],4.5,138,,"[['Tuesday', '11AM–10PM'], ['Wednesday', '11AM–10PM'], ['Thursday', '11AM–10PM'], ['Friday', '11AM–10:30PM'], ['Saturday', '11AM–10:30PM'], ['Sunday', '12–10PM'], ['Monday', '11AM–10PM']]"
0x88405a063ce7e0e1:0xd703b0efc6b6f1fd,GEISHA is now under new ownership (Called Miayko Sushi and Grill),"GEISHA is now under new ownership (Called Miayko Sushi and Grill), 7691 Voice of America Centre Dr, West Chester Township, OH 45069",39.3538889,-84.36388889999999,"['Japanese restaurant', 'European restaurant', 'Sushi restaurant']",3.6,46,,"[['Tuesday', '3–10PM'], ['Wednesday', '3–10PM'], ['Thursday', '3–10PM'], ['Friday', '12–10:30PM'], ['Saturday', '12–10:30PM'], ['Sunday', '12–9:30PM'], ['Monday', '3–10PM']]"
0x88405a08f4ffb24d:0x10fba18136b9163f,Dancing Roll - Hyde Park,"Dancing Roll - Hyde Park, 3443 Edwards Rd, Cincinnati, OH 45208",39.1388056,-84.4435274,"['Asian restaurant', 'Japanese restaurant']",4.3,344,$,"[['Tuesday', '11AM–12AM'], ['Wednesday', '11AM–12AM'], ['Thursday', '11AM–12AM'], ['Friday', '11AM–12AM'], ['Saturday', '11AM–12AM'], ['Sunday', '2–9:30PM'], ['Monday', '11AM–12AM']]"
0x88489c34314a3971:0xe35ad138e78adde0,Fuji Express,"Fuji Express, 59 Ohio River Plaza, Gallipolis, OH 45631",38.826280499999996,-82.1668433,"['Authentic Japanese restaurant', 'Japanese restaurant', 'Japanese steakhouse', 'Sushi restaurant']",4.3,112,,"[['Monday', 'Closed'], ['Tuesday', '11AM–8:30PM'], ['Wednesday', '11AM–8:30PM'], ['Thursday', '11AM–8:30PM'], ['Friday', '11AM–9:30PM'], ['Saturday', '11AM–9:30PM'], ['Sunday', '11AM–8:30PM']]"
0x8830d152b1d0bd33:0xe2869aec0551ee74,Kintaro All You Can Eat Sushi & Hot Pot,"Kintaro All You Can Eat Sushi & Hot Pot, 4054 Medina Rd, Akron, OH 44333",41.1312419,-81.6457176,"['Japanese restaurant', 'Asian fusion restaurant', 'Buffet restaurant', 'Hot pot restaurant', 'Authentic Japanese restaurant', 'Japanese steakhouse', 'Kyoto style Japanese restaurant', 'Restaurant', 'Southeast Asian restaurant', 'Sushi restaurant']",4.0,38,,"[['Monday', '11AM–9:30PM'], ['Tuesday', '11AM–9:30PM'], ['Wednesday', '11AM–9:30PM'], ['Thursday', '11AM–9:30PM'], ['Friday', '11AM–10:30PM'], ['Saturday', '11AM–10:30PM'], ['Sunday', '11AM–9:30PM']]"
0x88311fe293556283:0xe35a3c029cd45f1d,Pacific Chinese Buffet,"Pacific Chinese Buffet, 307 Highland Rd, Macedonia, OH 44056",41.2995561,-81.51455729999999,"['Restaurant', 'Asian restaurant', 'Buffet restaurant', 'Chinese restaurant', 'Japanese restaurant', 'Seafood restaurant', 'Vegetarian restaurant']",3.9,38,$$,"[['Monday', '11AM–9:30PM'], ['Tuesday', '11AM–9:30PM'], ['Wednesday', '11AM–3:30PM'], ['Thursday', '11AM–9:30PM'], ['Friday', '11AM–10PM'], ['Saturday', '11AM–10PM'], ['Sunday', '11AM–9:30PM']]"
0x8831291458749ac5:0x49527981c45315e,Jasmine Home Cooking,"Jasmine Home Cooking, At Northside Marketplace, 21 Furnace St, Akron, OH 44308",41.088763199999995,-81.5155171,"['Authentic Japanese restaurant', 'Bubble tea store', 'Japanese curry restaurant', 'Rice restaurant', 'Udon noodle restaurant', 'Vegan restaurant', 'Vegetarian restaurant']",4.8,58,$$,"[['Monday', 'Closed'], ['Tuesday', 'Closed'], ['Wednesday', '12–6:30PM'], ['Thursday', '12–6:30PM'], ['Friday', '12–6:30PM'], ['Saturday', '12–6:30PM'], ['Sunday', 'Closed']]"
0x8838ed6d24a96f8d:0x4f57bae6c46df8f,Kintsugi Sushi Bar,"Kintsugi Sushi Bar, 6750 Longshore St, Dublin, OH 43017",40.104623,-83.1097393,"['Sushi restaurant', 'Authentic Japanese restaurant', 'Yakitori restaurant']",4.7,8,$,"[['Monday', '10:30AM–5PM'], ['Tuesday', '10:30AM–8:30PM'], ['Wednesday', '10:30AM–8:30PM'], ['Thursday', '10:30AM–8:30PM'], ['Friday', '10:30AM–9PM'], ['Saturday', '10:30AM–9PM'], ['Sunday', '10:30AM–5PM']]"
0x883890df1128dc67:0xb229ed05512e649d,Mikado Japanese Restaurant,"Mikado Japanese Restaurant, 5261 Westpointe Plaza Drive, Columbus, OH 43228",39.9825,-83.149127,"['Japanese restaurant', 'Asian restaurant', 'Sushi restaurant']",4.1,58,$$,"[['Monday', '11AM–2PM'], ['Tuesday', '11AM–2PM'], ['Wednesday', '11AM–2PM'], ['Thursday', '11AM–2PM'], ['Friday', '11AM–10:30PM'], ['Saturday', '11AM–10:30PM'], ['Sunday', '11AM–9PM']]"
0x883f509233229997:0xab18292e76fbcf3b,Yamato Steak House Japan,"Yamato Steak House Japan, 3467 E National Rd, Springfield, OH 45505",39.9225034,-83.74925429999999,"['Restaurant', 'Japanese restaurant', 'Sushi restaurant']",4.4,138,$$,"[['Monday', 'Closed'], ['Tuesday', '11AM–9PM'], ['Wednesday', '11AM–9PM'], ['Thursday', '11AM–9PM'], ['Friday', '11AM–10PM'], ['Saturday', '11AM–10PM'], ['Sunday', '12–9PM']]"
0x88388ec77595d107:0x132cfcd2ed04d673,FUSIAN,"FUSIAN, 14 E 11th Ave, Columbus, OH 43201",39.9948829,-83.0065426,"['Asian restaurant', 'Japanese restaurant', 'Restaurant', 'Sushi restaurant', 'Vegetarian restaurant']",4.3,67,,"[['Monday', '11AM–9PM'], ['Tuesday', '11AM–9PM'], ['Wednesday', '11AM–9PM'], ['Thursday', '11AM–9PM'], ['Friday', '11AM–9PM'], ['Saturday', '11AM–9PM'], ['Sunday', '11AM–9PM']]"
0x8836d6d10fec3a7f:0xb73a862eca0e0bc6,Li Asian Cuisine,"Li Asian Cuisine, 4695 Dressler Rd NW, Canton, OH 44718",40.8489848,-81.4349593,"['Asian restaurant', 'Chinese restaurant', 'Japanese restaurant', 'Restaurant', 'Sushi restaurant']",4.5,217,$$,"[['Monday', 'Closed'], ['Tuesday', '10:30AM–10PM'], ['Wednesday', '10:30AM–10PM'], ['Thursday', '10:30AM–10PM'], ['Friday', '10:30AM–10PM'], ['Saturday', '10:30AM–10PM'], ['Sunday', '12–9PM']]"
0x88468b5fdcefc5b5:0xfe599f123860ee23,Yamato Japanese Steakhouse,"Yamato Japanese Steakhouse, 2807 Scioto Trail, Portsmouth, OH 45662",38.7569017,-82.9914414,"['Japanese steakhouse', 'Sushi restaurant']",4.4,198,$$,"[['Monday', 'Closed'], ['Tuesday', '11AM–9:30PM'], ['Wednesday', '11AM–9:30PM'], ['Thursday', '11AM–9:30PM'], ['Friday', '11AM–10PM'], ['Saturday', '11AM–10PM'], ['Sunday', '12–9PM']]"
0x8833e3432dee1bf7:0xced82562d38fb987,Hanami Express,"Hanami Express, 1520 S Raccoon Rd, Austintown, OH 44515",41.085077,-80.732721,['Japanese restaurant'],4.5,273,$,"[['Sunday', '12–9:30PM'], ['Monday', '11AM–10PM'], ['Tuesday', 'Closed'], ['Wednesday', '11AM–10PM'], ['Thursday', '11AM–10PM'], ['Friday', '11AM–10:30PM'], ['Saturday', '11AM–10:30PM']]"
0x8830fc1a90a477a7:0x7c9472cb6bb12d4f,Teriyaki Express,"Teriyaki Express, 13201 Superior Ave, East Cleveland, OH 44112",41.5233053,-81.59077119999999,['Japanese restaurant'],3.9,278,$,"[['Sunday', '11AM–9PM'], ['Monday', '11:30AM–10PM'], ['Tuesday', '11:30AM–10PM'], ['Wednesday', '11:30AM–10PM'], ['Thursday', '11:30AM–10PM'], ['Friday', '10:30AM–11PM'], ['Saturday', '10:30AM–11PM']]"
0x8840c700841b05ff:0xc0bd06c9bbe4f77,Yamato Japanese Restaurant,"Yamato Japanese Restaurant, 1362 Rombach Ave, Wilmington, OH 45177",39.4476687,-83.80501009999999,"['Japanese restaurant', 'Restaurant']",4.5,178,$$,"[['Sunday', '11:30AM–9PM'], ['Monday', 'Closed'], ['Tuesday', '11AM–10PM'], ['Wednesday', '11AM–10PM'], ['Thursday', '11AM–10PM'], ['Friday', '11AM–10:30PM'], ['Saturday', '11AM–10:30PM']]"
0x8831026bde92b47f:0x3315b9bb78e29d9c,Sushi Rock,"Sushi Rock, 2101 Richmond Rd, Beachwood, OH 44122",41.500509199999996,-81.49647259999999,"['Japanese restaurant', 'Restaurant', 'Steak house', 'Sushi restaurant']",3.2,18,$$,
0x8831a5bd7e3d4613:0xb526cb56a6cb08bb,Maki Mentor,"Maki Mentor, 9582 Diamond Centre Dr, Mentor, OH 44060",41.7141677,-81.2952155,['Japanese restaurant'],4.6,131,,"[['Sunday', '1–8PM'], ['Monday', 'Closed'], ['Tuesday', '12–8PM'], ['Wednesday', '12–8PM'], ['Thursday', '12–8PM'], ['Friday', '12–8:30PM'], ['Saturday', '12–8:30PM']]"
0x8831a571658555f5:0xf537ae48f0636e90,Ichiraku Ramen,"Ichiraku Ramen, 9853 Johnnycake Ridge Rd Unit#15, Mentor, OH 44060",41.6729797,-81.28244889999999,['Japanese restaurant'],4.6,148,,"[['Saturday', '11AM–2:30PM'], ['Sunday', 'Closed'], ['Monday', 'Closed'], ['Tuesday', '11AM–2:30PM'], ['Wednesday', '11AM–2:30PM'], ['Thursday', '11AM–2:30PM'], ['Friday', '11AM–2:30PM']]"
0x8838f5b7f3279ec3:0x94b90140bf1f665d,Genjigo,"Genjigo, 14 E Schrock Rd, Westerville, OH 43081",40.1111193,-82.9251436,"['Restaurant', 'Fast food restaurant', 'Japanese restaurant', 'Japanese steakhouse']",4.4,8,,"[['Saturday', '11AM–9:30PM'], ['Sunday', '11AM–9:30PM'], ['Monday', '11AM–9:30PM'], ['Tuesday', '11AM–9:30PM'], ['Wednesday', '11AM–9:30PM'], ['Thursday', '11AM–9:30PM'], ['Friday', '11AM–9:30PM']]"
0x8836d6cc782ca4ab:0x5cb91cc99b6cb665,Sarku Japan,"Sarku Japan, 4230 Belden Village St NW, Canton, OH 44718",40.8564903,-81.4269092,"['Japanese restaurant', 'Asian restaurant', 'Fast food restaurant', 'Restaurant', 'Sushi restaurant', 'Teppanyaki restaurant']",4.4,118,$,"[['Saturday', '11AM–7PM'], ['Sunday', '12–6PM'], ['Monday', '11AM–7PM'], ['Tuesday', '11AM–7PM'], ['Wednesday', '11AM–7PM'], ['Thursday', '11AM–7PM'], ['Friday', '11AM–7PM']]"
0x883891b4052986db:0x4a1e0c718f1c4e50,Daruma Japanese Steakhouse,"Daruma Japanese Steakhouse, 5261 Westpointe Plaza Drive, Columbus, OH 43228",39.98241,-83.1487942,['Japanese steakhouse'],4.3,184,$$,"[['Saturday', '11:30AM–2PM'], ['Sunday', '3–9PM'], ['Monday', '11:30AM–2PM'], ['Tuesday', '11:30AM–2PM'], ['Wednesday', '11:30AM–2PM'], ['Thursday', '11:30AM–2PM'], ['Friday', '11:30AM–2PM']]"
0x883c0a454a0c2141:0x578297be64da7370,Uraku Japanese Restaurant,"Uraku Japanese Restaurant, 1616 E Wooster St #7, Bowling Green, OH 43402",41.3732784,-83.62228859999999,"['Japanese restaurant', 'Sushi restaurant']",4.3,104,$$,"[['Saturday', 'Closed'], ['Sunday', '12–2AM'], ['Monday', 'Closed'], ['Tuesday', 'Closed'], ['Wednesday', 'Closed'], ['Thursday', 'Closed'], ['Friday', 'Closed']]"
0x8849cbfb639904af:0xd7e83bf45dbe22dc,Shogun Sushi & Hibachi,"Shogun Sushi & Hibachi, 466 Pike St, Marietta, OH 45750",39.409768799999995,-81.4322574,['Japanese restaurant'],4.6,298,$,"[['Saturday', '12–10PM'], ['Sunday', '11AM–9PM'], ['Monday', '11AM–9:30PM'], ['Tuesday', '11AM–9:30PM'], ['Wednesday', '11AM–9:30PM'], ['Thursday', '11AM–9:30PM'], ['Friday', '11AM–10PM']]"
0x883c7ef42d5a4d5b:0x19374c232213f41d,Sori Sushi,"Sori Sushi, 5236 Monroe St Suite F, Toledo, OH 43623",41.7018759,-83.65151469999999,"['Sushi restaurant', 'Asian restaurant', 'Japanese restaurant']",4.5,198,$$,"[['Saturday', '4:30–10:30PM'], ['Sunday', 'Closed'], ['Monday', '11:30AM–2:30PM'], ['Tuesday', '11:30AM–2:30PM'], ['Wednesday', '11:30AM–2:30PM'], ['Thursday', '11:30AM–2:30PM'], ['Friday', '11:30AM–2:30PM']]"
0x8830931a1d87763f:0x7246d060d36232a7,J & J Asian Mart Inc. (동양식품),"J & J Asian Mart Inc. (동양식품) 24529 Lorain Rd, North Olmsted, OH 44070",41.4260236,-81.89310929999999,"['Asian grocery store', 'Appliance store', 'Cosmetics store', 'Health food store', 'Japanese grocery store', 'Korean grocery store', 'Variety store']",4.5,108,,"[['Friday', '10AM–7PM'], ['Saturday', '10AM–7PM'], ['Sunday', '1:30–5PM'], ['Monday', 'Closed'], ['Tuesday', '10AM–7PM'], ['Wednesday', '10AM–7PM'], ['Thursday', '10AM–7PM']]"
0x8841cb33d1ef6417:0xd1ff6d3136dfbbd,Sakura Steak House,"Sakura Steak House, 5510 Rybolt Rd, Cincinnati, OH 45248",39.1949038,-84.66476449999999,"['Japanese steakhouse', 'Asian restaurant', 'Restaurant', 'Seafood restaurant', 'Sushi restaurant']",4.1,376,$$,"[['Friday', '4–9:30PM'], ['Saturday', '4–9:30PM'], ['Sunday', '3–8PM'], ['Monday', '4–8:30PM'], ['Tuesday', '4–8:30PM'], ['Wednesday', '4–8:30PM'], ['Thursday', '4–8:30PM']]"
0x884107a3a3930ba9:0xd04fc872d2324634,Sakura Japanese Grill,"Sakura Japanese Grill, 1212 Ohio Pike, Amelia, OH 45102",39.0472525,-84.2450765,['Japanese restaurant'],4.6,364,$,"[['Friday', '11AM–10PM'], ['Saturday', '11AM–10PM'], ['Sunday', 'Closed'], ['Monday', 'Closed'], ['Tuesday', '11AM–9:30PM'], ['Wednesday', '11AM–9:30PM'], ['Thursday', '11AM–9:30PM']]"
0x8830e020e0798ae9:0xcbe14fbf2c96bbec,Fuji Japanese Restaurant,"Fuji Japanese Restaurant, 8210 Macedonia Commons Blvd, Macedonia, OH 44056",41.3114585,-81.51896889999999,['Japanese restaurant'],4.1,188,$$,"[['Friday', '11:30AM–2:30PM'], ['Saturday', '12:30–8PM'], ['Sunday', '12:30–8PM'], ['Monday', 'Closed'], ['Tuesday', '11:30AM–2:30PM'], ['Wednesday', '11:30AM–2:30PM'], ['Thursday', '11:30AM–2:30PM']]"
0x88311f2c29f75b61:0x190678f35f5da04c,Sushi En,"Sushi En, 8900 Hadden Rd, Twinsburg, OH 44087",41.3107192,-81.45343319999999,['Japanese steakhouse'],4.2,85,,"[['Friday', '11AM–10PM'], ['Saturday', '11AM–10PM'], ['Sunday', '11AM–9PM'], ['Monday', 'Closed'], ['Tuesday', '11AM–3PM'], ['Wednesday', '11AM–3PM'], ['Thursday', '11AM–3PM']]"
0x883eab17e404911b:0x917b7b67b342e6a3,Asian Grill,"Asian Grill, 1813 Tiffin Ave, Findlay, OH 45840",41.0520534,-83.6134948,"['Japanese restaurant', 'Restaurant']",4.0,117,$$,"[['Friday', '11AM–2PM'], ['Saturday', '11AM–2PM'], ['Sunday', '11AM–2PM'], ['Monday', 'Closed'], ['Tuesday', '11AM–2PM'], ['Wednesday', '11AM–2PM'], ['Thursday', '11AM–2PM']]"
0x8840892662af59d7:0xe0ca8bb84d443a5f,Sushi Hana,"Sushi Hana, 1501 Lyons Rd, Dayton, OH 45458",39.6263529,-84.1982803,"['Sushi restaurant', 'Japanese restaurant', 'Korean restaurant']",4.3,237,$$,"[['Friday', '4–9PM'], ['Saturday', '4–9PM'], ['Sunday', 'Closed'], ['Monday', '4–9PM'], ['Tuesday', '4–9PM'], ['Wednesday', '4–9PM'], ['Thursday', '4–9PM']]"
0x8836fcad41fd1e35:0xaa62f12f748c10c6,Osaka Japan grille,"Osaka Japan grille, 400 Mill Ave SE # 601, New Philadelphia, OH 44663",40.480655899999995,-81.44122469999999,"['Asian restaurant', 'Japanese restaurant', 'Restaurant']",4.1,18,,"[['Thursday', '11AM–7PM'], ['Friday', '11AM–7PM'], ['Saturday', '11AM–7PM'], ['Sunday', '12–6PM'], ['Monday', '11AM–7PM'], ['Tuesday', '11AM–7PM'], ['Wednesday', '11AM–7PM']]"
0x88309927876c13cf:0xa1ed921d2a8cdb90,Yummy Sushi,"Yummy Sushi, 677 Chestnut Commons Dr, Elyria, OH 44035",41.3476597,-82.06593749999999,['Japanese restaurant'],4.3,68,,"[['Thursday', '11AM–9PM'], ['Friday', '11AM–9PM'], ['Saturday', '11AM–9PM'], ['Sunday', 'Closed'], ['Monday', '11AM–9PM'], ['Tuesday', '11AM–9PM'], ['Wednesday', '11AM–9PM']]"
0x883893533f09249f:0x1b3e5d575139048e,Cafe China,"Cafe China, 6796 Perimeter Loop Rd, Dublin, OH 43017",40.103966,-83.15772199999999,"['Chinese restaurant', 'Japanese restaurant']",3.8,128,$,"[['Thursday', '11AM–9:30PM'], ['Friday', '11AM–10:30PM'], ['Saturday', '11AM–10:30PM'], ['Sunday', '11AM–9:30PM'], ['Monday', '11AM–9:30PM'], ['Tuesday', '11AM–9:30PM'], ['Wednesday', '11AM–9:30PM']]"
0x8841b15b6b4ab851:0x86685168d57a0b7,Corner Bistro,"Corner Bistro, 307 Sycamore St, Cincinnati, OH 45202",39.099627999999996,-84.5077786,"['Japanese restaurant', 'Asian fusion restaurant', 'Sushi restaurant']",4.5,185,,"[['Thursday', '11AM–9PM'], ['Friday', '11AM–9PM'], ['Saturday', '11AM–9PM'], ['Sunday', 'Closed'], ['Monday', '11AM–9PM'], ['Tuesday', '11AM–9PM'], ['Wednesday', '11AM–9PM']]"
0x8841ca734405ad75:0x84188233399d79cd,Aji Ichiban - Japanese Steak House - Hibachi - Bar,"Aji Ichiban - Japanese Steak House - Hibachi - Bar, 5714 Glenway Ave, Cincinnati, OH 45238",39.1350544,-84.611873,"['Japanese restaurant', 'Cocktail bar', 'Seafood restaurant', 'Steak house']",3.8,144,,"[['Thursday', '11AM–9PM'], ['Friday', '11AM–10PM'], ['Saturday', '12–10PM'], ['Sunday', 'Closed'], ['Monday', '11AM–9PM'], ['Tuesday', '11AM–9PM'], ['Wednesday', '11AM–9PM']]"
0x883c7c73e0bf64ff:0x1719059db98ae8f4,Domo Sushi,"Domo Sushi, 6725 Central Ave, Toledo, OH 43617",41.6738746,-83.7041678,"['Sushi restaurant', 'Japanese restaurant', 'Seafood restaurant']",4.6,277,,"[['Thursday', '11:30AM–2PM'], ['Friday', '11:30AM–2PM'], ['Saturday', '4:30–9PM'], ['Sunday', '4:30–9PM'], ['Monday', 'Closed'], ['Tuesday', '11:30AM–2PM'], ['Wednesday', '11:30AM–2PM']]"
0x88409dc160d101c1:0xc7cf129f650a6ce0,Pleasing Market,"Pleasing Market, 1352 Kauffman Ave, Fairborn, OH 45324",39.803813999999996,-84.03290299999999,"['Asian grocery store', 'Japanese grocery store', 'Korean grocery store']",4.8,218,,"[['Thursday', '10AM–8PM'], ['Friday', '10AM–7PM'], ['Saturday', 'Closed'], ['Sunday', '10AM–8PM'], ['Monday', '10AM–8PM'], ['Tuesday', '10AM–8PM'], ['Wednesday', '10AM–8PM']]"
0x88311d18d3a73cad:0xb609b1fd04973e51,Shinano Sushi Bar & Japanese Cuisine,"Shinano Sushi Bar & Japanese Cuisine, 28500 Miles Rd, Cleveland, OH 44139",41.4240107,-81.47756249999999,"['Japanese restaurant', 'Asian restaurant', 'Family restaurant', 'Sushi restaurant']",4.5,158,$$,"[['Thursday', '11:30AM–1:30PM'], ['Friday', '11:30AM–1:30PM'], ['Saturday', '5–8:30PM'], ['Sunday', 'Closed'], ['Monday', '11:30AM–1:30PM'], ['Tuesday', '11:30AM–1:30PM'], ['Wednesday', '11:30AM–1:30PM']]"
0x883c7efb984c5c0d:0xcaa5acd338c4c1a2,Nori Japan,"Nori Japan, 5001 Monroe St, Toledo, OH 43623",41.693481899999995,-83.64008369999999,['Japanese restaurant'],3.8,228,$,"[['Thursday', '10AM–9PM'], ['Friday', '10AM–9PM'], ['Saturday', '10AM–9PM'], ['Sunday', '11AM–6PM'], ['Monday', '10AM–9PM'], ['Tuesday', '10AM–9PM'], ['Wednesday', '10AM–9PM']]"
0x8838ecb1c1c18701:0x1a91394f859f6db0,Sushi.com Japanese Restaurant,"Sushi.com Japanese Restaurant, 7178 Muirfield Dr, Dublin, OH 43017",40.1133677,-83.1528142,"['Japanese restaurant', 'Asian restaurant', 'Sushi restaurant']",4.6,273,$$,"[['Tuesday', '11:30AM–2:30PM'], ['Wednesday', '11:30AM–2:30PM'], ['Thursday', '11:30AM–2:30PM'], ['Friday', '11:30AM–2:30PM'], ['Saturday', '11:30AM–2:30PM'], ['Sunday', 'Closed'], ['Monday', '11:30AM–2:30PM']]"
0x8830f07d90475863:0x420d1a73ac01cab6,Hanabi Japanese Restaurant,"Hanabi Japanese Restaurant, 1313 W 6th St, Cleveland, OH 44113",41.500031799999995,-81.69856469999999,['Japanese restaurant'],4.3,157,$$,"[['Tuesday', '11:30AM–2:30PM'], ['Wednesday', '11:30AM–2:30PM'], ['Thursday', '4:30–10PM'], ['Friday', '11:30AM–2:30PM'], ['Saturday', '4:30–10:30PM'], ['Sunday', '4:30–9PM'], ['Monday', 'Closed']]"
0x8838ed96bcb485ef:0xb00b953b4532b91d,Tanuki,"Tanuki, 3954 Powell Rd, Powell, OH 43065",40.1613772,-83.0915543,['Japanese steakhouse'],4.4,168,$$,"[['Monday', '11AM–3PM'], ['Tuesday', '11AM–3PM'], ['Wednesday', '11AM–3PM'], ['Thursday', '11AM–3PM'], ['Friday', '11AM–3PM'], ['Saturday', '11AM–9:30PM'], ['Sunday', '12–9PM']]"
0x8848725eef1f6199:0xc8a845c69a285761,China Panda,"China Panda, 965 E State St, Athens, OH 45701",39.335009199999995,-82.0624271,"['Chinese restaurant', 'Asian restaurant', 'Japanese restaurant']",4.2,287,$$,"[['Monday', '11AM–10PM'], ['Tuesday', '11AM–10PM'], ['Wednesday', '11AM–10PM'], ['Thursday', '11AM–10PM'], ['Friday', '11AM–10PM'], ['Saturday', '11AM–10PM'], ['Sunday', '11AM–10PM']]"
0x8831197f2926dbe9:0xaffdac6fa53db631,Samurai Japanese Steak House,"Samurai Japanese Steak House, 7155 N Aurora Rd, Aurora, OH 44202",41.3531495,-81.38642639999999,"['Japanese restaurant', 'Asian restaurant', 'Sushi restaurant']",4.3,197,$$,"[['Monday', '11AM–9PM'], ['Tuesday', '11AM–9PM'], ['Wednesday', '11AM–9PM'], ['Thursday', '11AM–9PM'], ['Friday', '11AM–10PM'], ['Saturday', '11AM–10PM'], ['Sunday', '12–9PM']]"
0x88408a5a86e0fae5:0x852a39e63dee9e28,New Young Chow Restaurant,"New Young Chow Restaurant, 232 W Central Ave, Springboro, OH 45066",39.559259999999995,-84.238553,"['Chinese restaurant', 'Asian restaurant', 'Japanese restaurant']",4.4,138,$,"[['Monday', 'Closed'], ['Tuesday', '11AM–9:30PM'], ['Wednesday', '11AM–9:30PM'], ['Thursday', '11AM–9:30PM'], ['Friday', '11AM–10PM'], ['Saturday', '11AM–10PM'], ['Sunday', '11AM–9PM']]"
0x8841ad8286d2480d:0xe9a548423ae24588,Fuji's House,"Fuji's House, 3836 Paxton Ave, Cincinnati, OH 45209",39.1457525,-84.42736099999999,"['Japanese restaurant', 'Steak house']",3.7,356,$$,"[['Monday', '4–9PM'], ['Tuesday', 'Closed'], ['Wednesday', '11AM–9PM'], ['Thursday', '11AM–9PM'], ['Friday', '11AM–10PM'], ['Saturday', '12–10PM'], ['Sunday', '12–9PM']]"
0x88388edf106bbd25:0xcf1ee3f589f1b2a5,Oodles Noodle & Dumpling Bar,"Oodles Noodle & Dumpling Bar, 765 Neil Ave, Columbus, OH 43215",39.9765747,-83.01227659999999,"['Asian restaurant', 'Chinese restaurant', 'Fast food restaurant', 'Japanese restaurant', 'Tea house', 'Thai restaurant']",3.9,343,$,"[['Sunday', '11:30AM–9PM'], ['Monday', '11:30AM–9PM'], ['Tuesday', '11:30AM–9PM'], ['Wednesday', '11:30AM–9PM'], ['Thursday', '11:30AM–9PM'], ['Friday', '11:30AM–9PM'], ['Saturday', '11:30AM–9PM']]"
0x884088ff3afb6eef:0x829d7003a44c339,Ariake Grille & Sushi Bar,"Ariake Grille & Sushi Bar, 59 Fiesta Ln, Miamisburg, OH 45342",39.636743599999996,-84.2260317,['Japanese restaurant'],4.7,404,$$,"[['Sunday', '12–7:30PM'], ['Monday', 'Closed'], ['Tuesday', '11AM–8:30PM'], ['Wednesday', '11AM–8:30PM'], ['Thursday', '11AM–8:30PM'], ['Friday', '11AM–9PM'], ['Saturday', '12–9PM']]"
0x8833e23486f8d515:0x6a31f753f5376668,Pho Viez,"Pho Viez, 3971 S Main St, Mineral Ridge, OH 44440",41.135442999999995,-80.768357,"['Vietnamese restaurant', 'Asian restaurant', 'Chinese restaurant', 'Japanese restaurant', 'Korean restaurant', 'Pho restaurant', 'Thai restaurant']",4.6,296,,
0x8830fcd8b9db06c1:0x3076050efa2d65fa,Hibachi To Go,"Hibachi To Go, 16933 Chagrin Blvd, Shaker Heights, OH 44120",41.4651092,-81.5607541,['Japanese restaurant'],3.6,207,$$,"[['Sunday', '12–9PM'], ['Monday', '12–9PM'], ['Tuesday', '12–9PM'], ['Wednesday', '12–9PM'], ['Thursday', '12–9PM'], ['Friday', '12–9:30PM'], ['Saturday', '12–9:30PM']]"
0x88389354fc44d9d3:0x6894dc857434d376,Kabuki Korean Restaurant and Sushi Bar,"Kabuki Korean Restaurant and Sushi Bar, 6395 Perimeter Dr, Dublin, OH 43016",40.1045369,-83.1619649,"['Sushi restaurant', 'Asian restaurant', 'Japanese restaurant', 'Korean restaurant', 'Restaurant']",4.5,58,$$,"[['Sunday', '12–9:30PM'], ['Monday', '11AM–9:30PM'], ['Tuesday', '11AM–9:30PM'], ['Wednesday', '11AM–9:30PM'], ['Thursday', '11AM–9:30PM'], ['Friday', '11AM–10PM'], ['Saturday', '11AM–10PM']]"
0x883bb2c568a3c875:0xc17e26877801109b,Ginza,"Ginza, 1634 E Perry St, Port Clinton, OH 43452",41.513698,-82.9194778,"['Thai restaurant', 'Asian restaurant', 'Chicken restaurant', 'Chinese restaurant', 'Japanese restaurant', 'Restaurant', 'Sushi restaurant', 'Vegetarian restaurant', 'Vietnamese restaurant']",4.3,6,,"[['Sunday', 'Closed'], ['Monday', '11AM–9PM'], ['Tuesday', '11AM–9PM'], ['Wednesday', '11AM–9PM'], ['Thursday', '11AM–9PM'], ['Friday', '11AM–9:30PM'], ['Saturday', '11AM–9:30PM']]"
0x883b86dad5c49d51:0xde78e82e608c1666,Kengo Sushi & Yakitori,"Kengo Sushi & Yakitori, 38 S St Clair St, Toledo, OH 43604",41.6465424,-83.5392059,"['Japanese restaurant', 'Restaurant', 'Sushi restaurant']",4.8,446,$$$,"[['Sunday', 'Closed'], ['Monday', 'Closed'], ['Tuesday', '5–10PM'], ['Wednesday', '5–10PM'], ['Thursday', '5–10PM'], ['Friday', '5–10PM'], ['Saturday', '5–10PM']]"
0x883e4af8bf85bbf1:0x496efaf14c0078dc,Chouraku Japanese Steakhouse & Sushi,"Chouraku Japanese Steakhouse & Sushi, 302 S Main St, Celina, OH 45822",40.5467201,-84.5705595,['Japanese restaurant'],4.4,328,$$,"[['Sunday', '12–9PM'], ['Monday', 'Closed'], ['Tuesday', '11AM–2:30PM'], ['Wednesday', '11AM–2:30PM'], ['Thursday', '11AM–2:30PM'], ['Friday', '11AM–2:30PM'], ['Saturday', '12–10:30PM']]"
0x88388fe33fdfa6d5:0x2a5ab6986a126baa,Ninja grill poke & hibachi,"Ohio, Columbus, E Lane Ave, Ninja grill poke & hibachi邮政编码: 43201",40.0058175,-83.0089095,['Japanese restaurant'],4.5,78,,"[['Saturday', '11AM–9PM'], ['Sunday', '11AM–9PM'], ['Monday', '11AM–9PM'], ['Tuesday', '11AM–9PM'], ['Wednesday', '11AM–9PM'], ['Thursday', '11AM–9PM'], ['Friday', '11AM–9PM']]"
0x8835deb6064a9d3f:0xcaeb26268845b87b,Sakura Family Restaurant,"Sakura Family Restaurant, 3293 Belmont St, Bellaire, OH 43906",40.0149954,-80.7430292,"['Asian fusion restaurant', 'American restaurant', 'Asian restaurant', 'Breakfast restaurant', 'Caterer', 'Chinese restaurant', 'Japanese restaurant', 'Korean restaurant', 'Lunch restaurant', 'Restaurant']",4.4,153,$,"[['Saturday', '10:30AM–9PM'], ['Sunday', 'Closed'], ['Monday', '10:30AM–9PM'], ['Tuesday', '10:30AM–9PM'], ['Wednesday', '10:30AM–9PM'], ['Thursday', '10:30AM–9PM'], ['Friday', '10:30AM–9PM']]"
0x883103d43ecddf77:0xc8e23aab358da6a9,Golden Dragon Restaurant,"Golden Dragon Restaurant, 5871 Mayfield Rd, Cleveland, OH 44124",41.520519799999995,-81.46787049999999,"['Restaurant', 'Asian fusion restaurant', 'Chinese restaurant', 'Japanese restaurant']",3.7,268,$$,"[['Saturday', '11:30AM–10PM'], ['Sunday', '11:30AM–9:30PM'], ['Monday', '11:30AM–9:30PM'], ['Tuesday', '11:30AM–9:30PM'], ['Wednesday', '11:30AM–9:30PM'], ['Thursday', '11:30AM–9:30PM'], ['Friday', '11:30AM–10PM']]"
0x88311c660d6be171:0x4c3dbb09931a2ddb,Akira Sushi and Hibachi,"Akira Sushi and Hibachi, 6025 Kruse Dr, Solon, OH 44139",41.3937631,-81.444969,"['Japanese restaurant', 'Restaurant']",4.0,108,,"[['Saturday', '5–10PM'], ['Sunday', '5–9PM'], ['Monday', '11:30AM–2:30PM'], ['Tuesday', '11:30AM–2:30PM'], ['Wednesday', '11:30AM–2:30PM'], ['Thursday', '11:30AM–2:30PM'], ['Friday', '11:30AM–2:30PM']]"
0x883f805fe504d68b:0xe2426a099d0bbbf7,Ozu852,"Ozu852, 852 Union Blvd, Englewood, OH 45322",39.863195,-84.310852,"['Restaurant', 'Japanese restaurant', 'Takeout Restaurant']",4.7,453,$$,"[['Saturday', '11AM–10PM'], ['Sunday', 'Closed'], ['Monday', '11AM–9:30PM'], ['Tuesday', '11AM–9:30PM'], ['Wednesday', '11AM–9:30PM'], ['Thursday', '11AM–9:30PM'], ['Friday', '11AM–10PM']]"
0x88404dcf6c8bae31:0xce776244488dbab3,Fusabowl,"Fusabowl, 10577 Springfield Pike, Cincinnati, OH 45215",39.258761199999995,-84.4709596,"['Asian restaurant', 'Japanese restaurant', 'Sushi restaurant']",4.3,448,$,"[['Friday', '11AM–10PM'], ['Saturday', '11AM–10PM'], ['Sunday', '12–9:30PM'], ['Monday', '11AM–9:30PM'], ['Tuesday', '11AM–9:30PM'], ['Wednesday', '11AM–9:30PM'], ['Thursday', '11AM–9:30PM']]"
0x8838165015afda3f:0xb77526810d45248e,Tokyo Japanese Steakhouse,"Tokyo Japanese Steakhouse, 789 Hebron Rd #2300, Heath, OH 43056",40.0306394,-82.4418069,"['Japanese steakhouse', 'Asian restaurant', 'Japanese restaurant', 'Sushi restaurant']",4.2,286,$$,"[['Friday', '11:30AM–3PM'], ['Saturday', '11:30AM–3PM'], ['Sunday', '11:30AM–3PM'], ['Monday', '11:30AM–3PM'], ['Tuesday', '11:30AM–3PM'], ['Wednesday', '11:30AM–3PM'], ['Thursday', '11:30AM–3PM']]"
0x88312a3e66ca4515:0x826b35ca4a3edbd7,Asian Garden,"Asian Garden, 1497 S Arlington St, Akron, OH 44306",41.0312254,-81.490741,"['Chinese restaurant', 'Japanese restaurant', 'Delivery Restaurant']",3.9,168,$$,"[['Friday', '11AM–11PM'], ['Saturday', '11AM–11PM'], ['Sunday', 'Closed'], ['Monday', '11AM–10PM'], ['Tuesday', '11AM–10PM'], ['Wednesday', '11AM–10PM'], ['Thursday', '11AM–10PM']]"
0x883a46d813afb559:0x2875ec6a22951bcb,Samurai Japanese Steak House,"Samurai Japanese Steak House, 5500 Milan Rd #350, Sandusky, OH 44870",41.4079634,-82.66087979999999,"['Japanese steakhouse', 'Japanese restaurant', 'Sushi restaurant']",4.4,628,$$,"[['Friday', '4–11PM'], ['Saturday', '4–11PM'], ['Sunday', '2–10PM'], ['Monday', '4–10PM'], ['Tuesday', '4–10PM'], ['Wednesday', '4–10PM'], ['Thursday', '4–10PM']]"
0x8830fb8984b787ab:0x3fe235ecaebb4e0e,Kenko Cleveland,"Kenko Cleveland, 11312 Euclid Ave, Cleveland, OH 44106",41.508350799999995,-81.6055586,"['Japanese restaurant', 'Bubble tea store', 'Sushi restaurant']",4.4,326,$,"[['Friday', '11AM–8:30PM'], ['Saturday', '12–7:30PM'], ['Sunday', '12–7:30PM'], ['Monday', '11AM–8:30PM'], ['Tuesday', '11AM–8:30PM'], ['Wednesday', '11AM–8:30PM'], ['Thursday', '11AM–8:30PM']]"
0x88404a73fcfd4c87:0xa9db140c5b7de479,fusion wok sushi bar,"Ohio, Cincinnati, Stone Creek Blvd, fusion wok sushi bar邮政编码: 45251",39.2525292,-84.6003281,"['Sushi restaurant', 'Chinese restaurant', 'Japanese restaurant']",4.2,158,,"[['Friday', '11AM–10PM'], ['Saturday', '11AM–10PM'], ['Sunday', '11AM–10PM'], ['Monday', '11AM–10PM'], ['Tuesday', '11AM–10PM'], ['Wednesday', '11AM–10PM'], ['Thursday', '11AM–10PM']]"
0x8840565bc840d761:0xe56640df95ed17db,Iron Chef Grill,"Iron Chef Grill, 9936 Waterstone Blvd, Cincinnati, OH 45249",39.2917729,-84.305273,"['Restaurant', 'Asian restaurant', 'Japanese restaurant', 'Japanese steakhouse', 'Sushi restaurant']",3.8,444,$$,"[['Friday', '11AM–10PM'], ['Saturday', '11AM–10PM'], ['Sunday', '11AM–9PM'], ['Monday', '11AM–9PM'], ['Tuesday', '11AM–9PM'], ['Wednesday', '11AM–9PM'], ['Thursday', '11AM–9PM']]"
0x8830ed54b46609a9:0x6295b0c541f8b752,Wasabi Express,"Wasabi Express, 18900 Lorain Rd, Fairview Park, OH 44126",41.4535957,-81.8296787,"['Japanese restaurant', 'Asian restaurant', 'Authentic Japanese restaurant', 'Restaurant', 'Sushi restaurant', 'Sushi takeaway']",4.4,128,,"[['Friday', '11AM–10PM'], ['Saturday', '11AM–10PM'], ['Sunday', '2–9PM'], ['Monday', '11AM–9PM'], ['Tuesday', '11AM–9PM'], ['Wednesday', '11AM–9PM'], ['Thursday', '11AM–9PM']]"
0x883f7d024b0a7bfd:0x69587136cf1a6fe8,Osaka Japanese Steakhouse‎,"Osaka Japanese Steakhouse‎, 8120 Old Troy Pike, Huber Heights, OH 45424",39.8718423,-84.13685199999999,"['Japanese restaurant', 'Asian restaurant', 'Japanese steakhouse', 'Sushi restaurant']",3.7,328,$$,"[['Friday', '10:30AM–11PM'], ['Saturday', '10:30AM–11PM'], ['Sunday', '11:30AM–9:30PM'], ['Monday', '10:30AM–10PM'], ['Tuesday', '10:30AM–10PM'], ['Wednesday', '10:30AM–10PM'], ['Thursday', '10:30AM–10PM']]"
0x8838885b0c797977:0x979a7221f61883b3,Moshi Sushi Bar,"Moshi Sushi Bar, 2152 E Main St, Columbus, OH 43209",39.9575357,-82.9420464,"['Sushi restaurant', 'Asian restaurant', 'Bar', 'Fine dining restaurant', 'Japanese restaurant']",4.4,372,$$,"[['Friday', '11AM–10PM'], ['Saturday', '11AM–10PM'], ['Sunday', '11:30AM–9PM'], ['Monday', '11AM–9:30PM'], ['Tuesday', '11AM–9:30PM'], ['Wednesday', '11AM–9:30PM'], ['Thursday', '11AM–9:30PM']]"
0x8830c1d56653319f:0xf4dcee8067cff5f9,Sarku Japan,"Sarku Japan, 500 Southpark Center, Strongsville, OH 44136",41.3088372,-81.8204038,"['Japanese restaurant', 'Fast food restaurant', 'Restaurant', 'Sushi restaurant', 'Teppanyaki restaurant']",4.3,48,$,"[['Friday', '11AM–7PM'], ['Saturday', '11AM–7PM'], ['Sunday', '12–6PM'], ['Monday', '11AM–7PM'], ['Tuesday', '11AM–7PM'], ['Wednesday', '11AM–7PM'], ['Thursday', '11AM–7PM']]"
0x88388eda854bff93:0x3803acbf68168e89,Hai Poke,"Hai Poke, 647 N High St, Columbus, OH 43215",39.9758321,-83.00350859999999,"['Sushi restaurant', 'Hawaiian restaurant', 'Japanese restaurant']",4.5,258,,"[['Friday', '11AM–8:30PM'], ['Saturday', '11AM–8:30PM'], ['Sunday', '11AM–8:30PM'], ['Monday', '11AM–8:30PM'], ['Tuesday', '11AM–8:30PM'], ['Wednesday', '11AM–8:30PM'], ['Thursday', '11AM–8:30PM']]"
0x8830e621e66ca235:0xca836d5f8704eb80,Blue Ginger Asian Bistro,"Blue Ginger Asian Bistro, 1061 W Pleasant Valley Rd, Parma, OH 44134",41.3595444,-81.6856722,"['Asian restaurant', 'Chinese restaurant', 'Delivery Chinese restaurant', 'Authentic Japanese restaurant', 'Japanese restaurant', 'Delivery Restaurant', 'Restaurant', 'Sushi restaurant']",4.5,217,$$,"[['Friday', '11AM–9:30PM'], ['Saturday', '12–10:30PM'], ['Sunday', '12–9:30PM'], ['Monday', '11AM–9:30PM'], ['Tuesday', '11AM–9:30PM'], ['Wednesday', '11AM–9:30PM'], ['Thursday', '11AM–9:30PM']]"
0x883102a19913b911:0xb7859d2692faa750,Benihana,"Benihana, 23611 Chagrin Blvd, Beachwood, OH 44122",41.464981,-81.511568,"['Japanese restaurant', 'Asian restaurant', 'Japanese steakhouse', 'Restaurant', 'Steak house', 'Sushi restaurant', 'Teppanyaki restaurant']",3.7,1023,$$$,"[['Friday', '11AM–11PM'], ['Saturday', '11AM–11PM'], ['Sunday', '11AM–10PM'], ['Monday', '11AM–10PM'], ['Tuesday', '11AM–10PM'], ['Wednesday', '11AM–10PM'], ['Thursday', '11AM–10PM']]"
0x88405e0e64eeefaf:0x7e98ab0ed1abc41f,Taku Japanese Steakhouse,"Taku Japanese Steakhouse, 4750 Roosevelt Blvd, Middletown, OH 45044",39.4986098,-84.3457549,['Japanese restaurant'],4.5,776,$$,"[['Thursday', '11AM–3PM'], ['Friday', '11AM–3PM'], ['Saturday', '11AM–3PM'], ['Sunday', '12–9:30PM'], ['Monday', '11AM–3PM'], ['Tuesday', '11AM–3PM'], ['Wednesday', '11AM–3PM']]"
0x883ef3addae4996b:0xf91902ad17c63a61,Yamato West,"Yamato West, 2315 Elida Rd, Lima, OH 45805",40.7619185,-84.1485427,"['Japanese restaurant', 'Bar & grill', 'Japanese steakhouse', 'Sushi restaurant']",4.5,738,$$,"[['Thursday', '11AM–2:30PM'], ['Friday', '11AM–10:30PM'], ['Saturday', '11AM–10:30PM'], ['Sunday', '12–9:30PM'], ['Monday', '11AM–2:30PM'], ['Tuesday', '11AM–2:30PM'], ['Wednesday', '11AM–2:30PM']]"
0x883f75616af3589f:0x8d9091cb3dead152,Mikado Japanese Restaurant,"Mikado Japanese Restaurant, 1574 Covington Ave, Piqua, OH 45356",40.1427298,-84.2669773,['Japanese restaurant'],4.8,227,,"[['Thursday', '11:30AM–9PM'], ['Friday', '11:30AM–10PM'], ['Saturday', '12–10PM'], ['Sunday', '12–9PM'], ['Monday', '4–9PM'], ['Tuesday', '11:30AM–9PM'], ['Wednesday', '11:30AM–9PM']]"
0x88342e55f7718f0b:0x1e02ecb71104b8fc,Sumo,"Sumo, 4170 Sunset Blvd, Steubenville, OH 43952",40.3755891,-80.6768282,"['Japanese restaurant', 'Sushi restaurant']",4.4,518,$$,"[['Thursday', '11AM–10PM'], ['Friday', '11AM–11PM'], ['Saturday', '11AM–11PM'], ['Sunday', '11AM–10PM'], ['Monday', '11AM–10PM'], ['Tuesday', '11AM–10PM'], ['Wednesday', '11AM–10PM']]"
0x8833e0ead68eb657:0xe41c44df22526d84,Mizu Japanese Restaurant - Niles,"Mizu Japanese Restaurant - Niles, 5555 Youngstown Warren Rd #715, Niles, OH 44446",41.211372999999995,-80.7496754,"['Japanese restaurant', 'Asian restaurant', 'Restaurant', 'Sushi restaurant']",4.6,1307,$$,"[['Wednesday', '11AM–9:30PM'], ['Thursday', '11AM–9:30PM'], ['Friday', '11AM–10PM'], ['Saturday', '11AM–10PM'], ['Sunday', '12–9:30PM'], ['Monday', '11AM–9:30PM'], ['Tuesday', '11AM–9:30PM']]"
0x883b86ced144c543:0x7ae44457ca71e893,Kyoto Ka Downtown,"Kyoto Ka Downtown, 300 Madison Ave, Toledo, OH 43604",41.65152,-83.53425399999999,"['Authentic Japanese restaurant', 'Japanese restaurant']",4.6,125,$$,"[['Wednesday', '11:30AM–2PM'], ['Thursday', '11:30AM–2PM'], ['Friday', 'Closed'], ['Saturday', 'Closed'], ['Sunday', 'Closed'], ['Monday', 'Closed'], ['Tuesday', '11:30AM–2PM']]"
0x883c7a5daf894f5f:0xc1cbebff9d22da79,Spicy Tuna Sushi Bar & Grill,"Spicy Tuna Sushi Bar & Grill, 7130 Airport Hwy #10, Holland, OH 43528",41.610749999999996,-83.712164,"['Bar & grill', 'Asian restaurant', 'Bar', 'Chinese restaurant', 'Japanese restaurant', 'Restaurant', 'Sports bar', 'Sushi restaurant', 'Vegan restaurant']",4.3,604,$$,"[['Wednesday', '11:30AM–9:45PM'], ['Thursday', '11:30AM–9:45PM'], ['Friday', '11:30AM–9:45PM'], ['Saturday', '12–9:45PM'], ['Sunday', '12–8:45PM'], ['Monday', '11:30AM–8:45PM'], ['Tuesday', '11:30AM–8:45PM']]"
0x883eedde78682009:0xfddb548ba8452063,Yamato - East,"Yamato - East, 1507 Harding Hwy #3173, Lima, OH 45804",40.731181,-84.078007,"['Japanese restaurant', 'Asian restaurant', 'Bar & grill', 'Japanese steakhouse', 'Sushi restaurant']",4.3,638,$$,"[['Wednesday', '11AM–2:30PM'], ['Thursday', '11AM–2:30PM'], ['Friday', '11AM–2:30PM'], ['Saturday', '11AM–2:30PM'], ['Sunday', '11AM–2:30PM'], ['Monday', '11AM–2:30PM'], ['Tuesday', '11AM–2:30PM']]"
0x88388de030bff20b:0xce8d031443a6b87c,Bonsai,"Bonsai, 3108 Kingsdale Center, Upper Arlington, OH 43221",40.0205054,-83.059631,['Japanese restaurant'],4.5,178,$$,"[['Wednesday', '11AM–10PM'], ['Thursday', '11AM–10PM'], ['Friday', '11AM–10PM'], ['Saturday', '11AM–10PM'], ['Sunday', '12AM–9PM'], ['Monday', '11AM–10PM'], ['Tuesday', '11AM–10PM']]"
0x88478a6b6fa8d5e1:0xab62abd12d786640,Hibachi express,"Hibachi express, 1522 River Valley Cir S, Lancaster, OH 43130",39.7309087,-82.6248573,['Japanese restaurant'],4.4,318,,"[['Wednesday', '11AM–9:30PM'], ['Thursday', '11AM–9:30PM'], ['Friday', '11AM–9:30PM'], ['Saturday', '11AM–9:30PM'], ['Sunday', 'Closed'], ['Monday', '11AM–9:30PM'], ['Tuesday', '11AM–9:30PM']]"
0x8838618105b92d6d:0x9bc26860d317eb0a,Genjigo,"Genjigo, 321 Hamilton Rd, Gahanna, OH 43230",40.0108479,-82.8676062,"['Fast food restaurant', 'Japanese steakhouse', 'Restaurant']",3.8,385,$$,"[['Tuesday', '11AM–9:30PM'], ['Wednesday', '11AM–9:30PM'], ['Thursday', '11AM–9:30PM'], ['Friday', '11AM–9:30PM'], ['Saturday', '11AM–9:30PM'], ['Sunday', '11AM–9:30PM'], ['Monday', '11AM–9:30PM']]"
0x883f5b6dbfdfef95:0x42f95285bb75d597,Sake 3 Japanese Steakhouse,"Sake 3 Japanese Steakhouse, 1985 N Bechtle Ave, Springfield, OH 45504",39.9521665,-83.8307991,"['Japanese restaurant', 'Japanese steakhouse', 'Sushi restaurant']",4.4,348,$$,"[['Tuesday', '11AM–9:30PM'], ['Wednesday', '11AM–9:30PM'], ['Thursday', '11AM–9:30PM'], ['Friday', '11AM–10PM'], ['Saturday', '11:30AM–10PM'], ['Sunday', '11:30AM–9PM'], ['Monday', 'Closed']]"
0x883099445f3d4f83:0x17c785cb8b687f36,Wasabi Steakhouse,"Wasabi Steakhouse, 3598 Midway Mall, Elyria, OH 44035",41.397303799999996,-82.1122603,"['Steak house', 'Asian restaurant', 'Japanese restaurant', 'Restaurant', 'Seafood restaurant', 'Sushi restaurant']",4.2,488,$$,"[['Tuesday', '12–10PM'], ['Wednesday', '12–10PM'], ['Thursday', '12–10PM'], ['Friday', '12–11PM'], ['Saturday', '12–11PM'], ['Sunday', '12–9PM'], ['Monday', '12–10PM']]"
0x8830fa7d30b8909f:0x2ccbd8226717cd22,Sung's House,"Sung's House, 1507 Euclid Ave, Cleveland, OH 44115",41.501198099999996,-81.68104029999999,['Japanese restaurant'],4.6,178,$$,"[['Tuesday', '11AM–2PM'], ['Wednesday', '11AM–2PM'], ['Thursday', '11AM–2PM'], ['Friday', '11AM–2PM'], ['Saturday', 'Closed'], ['Sunday', 'Closed'], ['Monday', '11AM–2PM']]"
0x8840853242dad5e1:0xa5db6b96bbd1dc16,Sake Japanese Restaurant,"Sake Japanese Restaurant, 4470 Indian Ripple Rd, Dayton, OH 45440",39.697965499999995,-84.1024157,"['Japanese steakhouse', 'Japanese restaurant']",4.4,658,$$,"[['Monday', '10:30AM–10PM'], ['Tuesday', '10:30AM–10PM'], ['Wednesday', '10:30AM–10PM'], ['Thursday', '10:30AM–10PM'], ['Friday', '10:30AM–11PM'], ['Saturday', '11AM–11PM'], ['Sunday', '11AM–10PM']]"
0x88403d45a0777fbd:0xef4e28ec41f05efc,Ramen Hachi,"Ramen Hachi, 17 W Church St, Oxford, OH 45056",39.511359899999995,-84.7433077,"['Ramen restaurant', 'Asian restaurant', 'Japanese restaurant']",4.7,68,,"[['Monday', '4–8:30PM'], ['Tuesday', '11:30AM–8:30PM'], ['Wednesday', '11:30AM–8:30PM'], ['Thursday', '11:30AM–8:30PM'], ['Friday', '11:30AM–8:30PM'], ['Saturday', '11:30AM–8:30PM'], ['Sunday', '11:30AM–8:30PM']]"
0x88388a831e341dc1:0x8b25249f41f9be53,Sakura,"Sakura, 4210 Stelzer Rd, Columbus, OH 43230",40.060100999999996,-82.90961,"['Japanese restaurant', 'Chophouse restaurant']",3.6,758,$$,"[['Monday', '11:30AM–2PM'], ['Tuesday', '11:30AM–2PM'], ['Wednesday', '11:30AM–2PM'], ['Thursday', '11:30AM–2PM'], ['Friday', '11:30AM–2PM'], ['Saturday', '12–3PM'], ['Sunday', '12–3PM']]"
0x88389a5fc750a695:0xdddfc8c03a3cff2e,Hibachi Express,"Hibachi Express, 1587 Holt Rd, Columbus, OH 43228",39.9198425,-83.12372429999999,['Japanese restaurant'],4.4,423,,"[['Monday', '11AM–9:30PM'], ['Tuesday', '11AM–9:30PM'], ['Wednesday', '11AM–9:30PM'], ['Thursday', '11AM–9:30PM'], ['Friday', '11AM–9:30PM'], ['Saturday', '11AM–9:30PM'], ['Sunday', 'Closed']]"
0x88389a8af4971a27:0x4e6b13079a7a885b,Lily Teriyaki,"Lily Teriyaki, 1385 Georgesville Rd, Columbus, OH 43228",39.9253131,-83.1195022,"['Japanese restaurant', 'Asian restaurant', 'Restaurant']",4.2,176,$,"[['Monday', 'Closed'], ['Tuesday', '11AM–9PM'], ['Wednesday', '11AM–9PM'], ['Thursday', '11AM–9PM'], ['Friday', '11AM–9PM'], ['Saturday', '11AM–9PM'], ['Sunday', '11AM–9PM']]"
0x88388a85b0e0be1b:0x8e3b812773d48c01,Kobe Japanese Steakhouse,"Kobe Japanese Steakhouse, 3884 Morse Rd, Columbus, OH 43219",40.058493,-82.91586,"['Steak house', 'Cocktail bar', 'Japanese restaurant', 'Japanese steakhouse', 'Sushi restaurant']",3.3,168,$$,"[['Monday', '11:30AM–2PM'], ['Tuesday', '11:30AM–2PM'], ['Wednesday', '11:30AM–2PM'], ['Thursday', '11:30AM–2PM'], ['Friday', '11:30AM–2PM'], ['Saturday', '12–3PM'], ['Sunday', '11AM–9PM']]"
0x8830fb8a7539a5a5:0x2b41df073f7365ae,Otani Noodle - Uptown,"Otani Noodle - Uptown, 11472 Euclid Ave, Cleveland, OH 44106",41.5100541,-81.6035222,"['Japanese restaurant', 'Asian restaurant', 'Takeout Restaurant', 'Noodle shop', 'Ramen restaurant', 'Sushi restaurant', 'Sushi takeaway']",4.4,588,$$,"[['Monday', '11AM–9:30PM'], ['Tuesday', '11AM–9:30PM'], ['Wednesday', '11AM–9:30PM'], ['Thursday', '11AM–9:30PM'], ['Friday', '11AM–9:30PM'], ['Saturday', '11AM–9:30PM'], ['Sunday', '11AM–9:30PM']]"
0x8836fcb289225a23:0x684da13facf8888c,Sumo Hibachi Sushi,"Sumo Hibachi Sushi, 503 Mill Ave SE, New Philadelphia, OH 44663",40.4774162,-81.4397749,"['Japanese restaurant', 'Restaurant', 'Sushi restaurant']",4.5,703,$$,"[['Sunday', '12–10PM'], ['Monday', '11AM–10PM'], ['Tuesday', '11AM–10PM'], ['Wednesday', '11AM–10PM'], ['Thursday', '11AM–10PM'], ['Friday', '11AM–11PM'], ['Saturday', '11AM–11PM']]"
0x884873bc0d4f07d1:0x834ffb75bedb0b22,Ginger Asian Kitchen,"Ginger Asian Kitchen, 28 S Court St, Athens, OH 45701",39.328269,-82.101108,"['Asian restaurant', 'Japanese restaurant', 'Delivery Restaurant', 'Takeout Restaurant', 'Sushi restaurant']",4.3,288,$,"[['Sunday', '11AM–10PM'], ['Monday', '11AM–10PM'], ['Tuesday', '11AM–10PM'], ['Wednesday', '11AM–10PM'], ['Thursday', '11AM–10PM'], ['Friday', '11AM–10PM'], ['Saturday', '11AM–10PM']]"
0x8831a8bf72e20663:0xae78f5844b86e995,Sarku Japan,"Sarku Japan, Great Lakes Mall, 7850 Mentor Ave, Mentor, OH 44060",41.657205999999995,-81.3606729,"['Japanese restaurant', 'Fast food restaurant', 'Restaurant', 'Sushi restaurant', 'Teppanyaki restaurant']",4.2,178,$,"[['Sunday', '11AM–6PM'], ['Monday', '11AM–7PM'], ['Tuesday', '11AM–7PM'], ['Wednesday', '11AM–7PM'], ['Thursday', '11AM–7PM'], ['Friday', '11AM–8PM'], ['Saturday', '11AM–8PM']]"
0x8830ea7925b82447:0xccc49b838967c2aa,Samurai Sushi Hibachi Steakhouse,"Samurai Sushi Hibachi Steakhouse, 16670 Royalton Rd, Strongsville, OH 44136",41.3156858,-81.81506189999999,"['Japanese restaurant', 'Steak house', 'Sushi restaurant']",4.5,814,$$,"[['Saturday', '12–10PM'], ['Sunday', '12–9PM'], ['Monday', '11AM–9PM'], ['Tuesday', '11AM–9PM'], ['Wednesday', '11AM–9PM'], ['Thursday', '11AM–9PM'], ['Friday', '11AM–10PM']]"
0x883129fb7aef3773:0x39e900179e4013a0,Hibachi Xpress Brown,"Hibachi Xpress Brown, 935 Brown St, Akron, OH 44311",41.056166999999995,-81.50958899999999,"['Japanese restaurant', 'Delivery Restaurant', 'Takeout Restaurant', 'Restaurant']",3.6,328,,"[['Saturday', '11AM–1AM'], ['Sunday', '11AM–10PM'], ['Monday', '11AM–12AM'], ['Tuesday', '11AM–12AM'], ['Wednesday', '11AM–12AM'], ['Thursday', '11AM–12AM'], ['Friday', '11AM–1AM']]"
0x883892b1964f3959:0x47c7d51fee40119a,Shi Chi Steakhouse,"Shi Chi Steakhouse, 6377 Sawmill Rd, Dublin, OH 43017",40.097112599999996,-83.093487,"['Japanese restaurant', 'Asian restaurant', 'Japanese steakhouse', 'Restaurant', 'Steak house']",4.2,208,$$,"[['Saturday', '12–2:15PM'], ['Sunday', '12–2:15PM'], ['Monday', '11:30AM–1:45PM'], ['Tuesday', '11:30AM–1:45PM'], ['Wednesday', '11:30AM–1:45PM'], ['Thursday', '11:30AM–1:45PM'], ['Friday', '11:30AM–1:45PM']]"
0x8830c038544ecb8b:0x77556bc51e324d54,Shinto Japanese Steakhouse & Sushi Bar,"Shinto Japanese Steakhouse & Sushi Bar, 17070 Pearl Rd, Strongsville, OH 44136",41.2935813,-81.83614039999999,"['Japanese restaurant', 'Sushi restaurant']",4.5,1185,$$$,"[['Friday', '3:30–11PM'], ['Saturday', '2–11PM'], ['Sunday', '2–9PM'], ['Monday', '3:30–9:30PM'], ['Tuesday', '3:30–9:30PM'], ['Wednesday', '3:30–9:30PM'], ['Thursday', '3:30–9:30PM']]"
0x8841b3f50e6949f7:0x2dd071dffbcb4000,Ninja Grill Japanese & Hibachi Express,"Ninja Grill Japanese & Hibachi Express, 229 W McMillan St, Cincinnati, OH 45219",39.1277549,-84.5205177,['Japanese restaurant'],4.4,738,$,"[['Friday', '11AM–10:30PM'], ['Saturday', '11AM–10:30PM'], ['Sunday', '11AM–10:30PM'], ['Monday', '11AM–10PM'], ['Tuesday', '11AM–10PM'], ['Wednesday', '11AM–10PM'], ['Thursday', '11AM–10PM']]"
0x883dd1fc700c4555:0xcd0fd5ede3586ff2,Yamato Steakhouse of Japan,"Yamato Steakhouse of Japan, 900 N Clinton St, Defiance, OH 43512",41.2989799,-84.3612596,"['Japanese steakhouse', 'Restaurant']",4.5,348,$$,"[['Friday', '11AM–10PM'], ['Saturday', '11AM–10PM'], ['Sunday', '11AM–9PM'], ['Monday', '11AM–9:30PM'], ['Tuesday', '11AM–9:30PM'], ['Wednesday', '11AM–9:30PM'], ['Thursday', '11AM–9:30PM']]"
0x883eabd76e6b28a1:0x7f07691fef63aff4,Hokkaido Japanese Steakhouse,"Hokkaido Japanese Steakhouse, 1219 W Trenton Ave, Findlay, OH 45840",41.058327399999996,-83.6739772,"['Japanese restaurant', 'Steak house', 'Sushi restaurant']",4.1,118,$$,"[['Friday', '4:30–11PM'], ['Saturday', '12–11PM'], ['Sunday', '12–9PM'], ['Monday', '4:30–10PM'], ['Tuesday', '4:30–10PM'], ['Wednesday', '4:30–10PM'], ['Thursday', '4:30–10PM']]"
0x8841ad6e055ec7d5:0x1a5923d81de6075f,"Stone Bowl Sushi, Ramen, Korean Restaurant","Stone Bowl Sushi, Ramen, Korean Restaurant, 3355 Madison Rd, Cincinnati, OH 45209",39.156951,-84.42311099999999,"['Sushi restaurant', 'Japanese restaurant', 'Korean restaurant', 'Ramen restaurant', 'Restaurant', 'Vegan restaurant', 'Vegetarian restaurant']",4.3,398,$$,"[['Friday', '11AM–2PM'], ['Saturday', '12–10PM'], ['Sunday', '12–8:30PM'], ['Monday', 'Closed'], ['Tuesday', '11AM–2PM'], ['Wednesday', '11AM–2PM'], ['Thursday', '11AM–2PM']]"
0x8840569be0f4fe6f:0x8e1ace736013d3a8,Korea House Restaurant,"Korea House Restaurant, 11371 Montgomery Rd, Cincinnati, OH 45249",39.2734411,-84.3298039,"['Korean restaurant', 'Japanese restaurant', 'Sushi restaurant']",4.2,358,$$,"[['Friday', '11AM–2:30PM'], ['Saturday', '12–10PM'], ['Sunday', '11AM–2:30PM'], ['Monday', '11AM–2:30PM'], ['Tuesday', 'Closed'], ['Wednesday', '11AM–2:30PM'], ['Thursday', '11AM–2:30PM']]"
0x884059af9320339d:0xbc9ecd4727fadcf5,Ichiban,"Ohio, Mason, Tylersville Rd, Ichiban邮政编码: 45040",39.3525681,-84.3327996,['Japanese restaurant'],4.5,138,,"[['Thursday', '11AM–10PM'], ['Friday', '11AM–11PM'], ['Saturday', '11AM–11PM'], ['Sunday', '12–10PM'], ['Monday', '11AM–10PM'], ['Tuesday', '11AM–10PM'], ['Wednesday', '11AM–10PM']]"
0x883892b00558826f:0x54936ff1b5ee3,Ba Sho Japanese Restaurant,"Ba Sho Japanese Restaurant, 2800 Festival Ln, Dublin, OH 43017",40.0934859,-83.09057399999999,['Japanese restaurant'],4.4,144,$$,"[['Thursday', '11:30AM–2PM'], ['Friday', '11:30AM–2PM'], ['Saturday', '5–9PM'], ['Sunday', 'Closed'], ['Monday', '11:30AM–2PM'], ['Tuesday', '11:30AM–2PM'], ['Wednesday', '11:30AM–2PM']]"
0x883f7e0c1ad4a477:0x715810594ec1438a,Sake Japanese Steak House & Sushi Bar.,"Sake Japanese Steak House & Sushi Bar., 7260 Miller Ln, Dayton, OH 45414",39.852079499999995,-84.19099279999999,"['Japanese steakhouse', 'Asian restaurant', 'Bar', 'Japanese restaurant', 'Restaurant', 'Sushi restaurant']",4.4,1188,$$,"[['Thursday', '10AM–2PM'], ['Friday', '10AM–2PM'], ['Saturday', '11AM–10:30PM'], ['Sunday', '11AM–10:30PM'], ['Monday', '10AM–2PM'], ['Tuesday', '10AM–2PM'], ['Wednesday', '10AM–2PM']]"
0x8830fa9f1fa0b941:0xaf2d08da2fe71300,Bar Oni,"Bar Oni, 2173 Professor Ave, Cleveland, OH 44113",41.4823993,-81.6871554,"['Japanese restaurant', 'Asian restaurant', 'Modern izakaya restaurants', 'Sports bar']",4.4,198,$$,"[['Thursday', '6–10PM'], ['Friday', '6PM–1AM'], ['Saturday', '6PM–1AM'], ['Sunday', '6–9PM'], ['Monday', 'Closed'], ['Tuesday', 'Closed'], ['Wednesday', '6–10PM']]"
0x88311c51889c4dab:0xe2cf073535f31247,Nobu Tei,"Nobu Tei, 30050 Aurora Rd, Solon, OH 44139",41.3964502,-81.4658991,"['Thai restaurant', 'Japanese restaurant', 'Sushi restaurant']",3.6,138,$$,"[['Thursday', '10:30AM–2:30PM'], ['Friday', '10:30AM–2:30PM'], ['Saturday', '12–10:30PM'], ['Sunday', '12–9PM'], ['Monday', '10:30AM–2:30PM'], ['Tuesday', '10:30AM–2:30PM'], ['Wednesday', '10:30AM–2:30PM']]"
0x883c7da33677f2cf:0x682582acd3cf9cb3,Tougen Japanese Restaurant,"Tougen Japanese Restaurant, 7414 Central Ave, Toledo, OH 43617",41.674427099999996,-83.7206607,['Japanese restaurant'],4.8,196,,"[['Thursday', '11AM–2:30PM'], ['Friday', '11AM–2:30PM'], ['Saturday', '11AM–2:30PM'], ['Sunday', '1–8PM'], ['Monday', '4:30–9:30PM'], ['Tuesday', '11AM–2:30PM'], ['Wednesday', '11AM–2:30PM']]"
0x8838c47ad9fd7dd5:0xe8bab7079d29fc5c,Yamato Marysville,"Yamato Marysville, 441 Colemans Crossing Blvd, Marysville, OH 43040",40.232988299999995,-83.3485257,"['Japanese steakhouse', 'Bar', 'Bar & grill', 'Japanese restaurant', 'Sushi restaurant', 'Teppanyaki restaurant']",4.6,685,$$,"[['Thursday', '11AM–9PM'], ['Friday', '11AM–10PM'], ['Saturday', '11AM–10PM'], ['Sunday', '11AM–9PM'], ['Monday', 'Closed'], ['Tuesday', '11AM–9PM'], ['Wednesday', '11AM–9PM']]"
0x883a4d9bb8388e69:0x5e6dfb199691e260,Nagoya Japanese Steakhouse and Sushi,"Nagoya Japanese Steakhouse and Sushi, 3975 E Harbor Rd, Port Clinton, OH 43452",41.5255101,-82.85684549999999,"['Japanese restaurant', 'Restaurant']",4.6,668,$$$,"[['Thursday', '4:30–9PM'], ['Friday', '4:30–10PM'], ['Saturday', '4:30–10PM'], ['Sunday', '4:30–9PM'], ['Monday', '4:30–9PM'], ['Tuesday', '4:30–9PM'], ['Wednesday', '4:30–9PM']]"
0x8830f07ff6ec7547:0x96ee7cafa5fbd1fa,Otani Noodle - Downtown,"Otani Noodle - Downtown, 234 Euclid Ave, Cleveland, OH 44114",41.4993921,-81.6913909,"['Japanese restaurant', 'Asian restaurant', 'Takeout Restaurant', 'Noodle shop', 'Ramen restaurant', 'Sushi restaurant', 'Sushi takeaway']",4.6,647,$$,"[['Thursday', '11AM–9PM'], ['Friday', '11AM–9PM'], ['Saturday', '12–9PM'], ['Sunday', '12–9PM'], ['Monday', '11AM–9PM'], ['Tuesday', '11AM–9PM'], ['Wednesday', '11AM–9PM']]"
0x883eab918ecf893d:0xfc4a33bf78a58c38,Japan West,"Japan West, 406 S Main St, Findlay, OH 45840",41.0375222,-83.6507817,['Japanese restaurant'],4.6,258,$$$,"[['Thursday', '11:30AM–1:30PM'], ['Friday', '11:30AM–1:30PM'], ['Saturday', '5–9:30PM'], ['Sunday', 'Closed'], ['Monday', '11:30AM–1:30PM'], ['Tuesday', '11:30AM–1:30PM'], ['Wednesday', '11:30AM–1:30PM']]"
0x883093bb41b7d0cd:0x9b8f1e1051d83919,Shinto Japanese Steakhouse and Sushi Bar -Westlake,"Shinto Japanese Steakhouse and Sushi Bar -Westlake, 857 Columbia Rd, Westlake, OH 44145",41.4744989,-81.9008273,"['Japanese restaurant', 'Asian restaurant', 'Caterer', 'Sushi restaurant']",4.4,238,,"[['Wednesday', '3:30–9:30PM'], ['Thursday', '3:30–9:30PM'], ['Friday', '3:30–11PM'], ['Saturday', '2–11PM'], ['Sunday', '2–9PM'], ['Monday', '3:30–9:30PM'], ['Tuesday', '3:30–9:30PM']]"
0x8838f4b734e3440b:0xfa092397a12be3,Hibachi Express,"Hibachi Express, 1481 Schrock Rd, Columbus, OH 43229",40.1049015,-82.9768757,"['Japanese steakhouse', 'Restaurant']",4.2,267,$$,"[['Wednesday', '11AM–9PM'], ['Thursday', '11AM–9PM'], ['Friday', '11AM–9PM'], ['Saturday', '11AM–8:30PM'], ['Sunday', 'Closed'], ['Monday', '11AM–9PM'], ['Tuesday', '11AM–9PM']]"
0x88386057e4e997c1:0x77d045ae3e176ef4,Hibachi Express,"Hibachi Express, 4951 N Hamilton Rd, Columbus, OH 43230",40.0578121,-82.8645974,['Japanese steakhouse'],4.1,208,$,"[['Wednesday', '11AM–9PM'], ['Thursday', '11AM–9PM'], ['Friday', '11AM–9PM'], ['Saturday', '11AM–9PM'], ['Sunday', 'Closed'], ['Monday', '11AM–9PM'], ['Tuesday', '11AM–9PM']]"
0x8830903e9c606fb5:0x29a40271970b8066,Fujiyama,"Fujiyama, 35840 Chester Rd, Avon, OH 44011",41.4684969,-82.0154498,['Japanese restaurant'],4.3,447,$$,"[['Wednesday', '4–8:30PM'], ['Thursday', '4–8:30PM'], ['Friday', '4–9:30PM'], ['Saturday', '4–9:30PM'], ['Sunday', '4–8:30PM'], ['Monday', 'Closed'], ['Tuesday', '4–8:30PM']]"
0x8831ab7f54d4a89f:0x97ae4bf0fc7ce109,"Issho Ni Ramen, Sushi & Hibachi","Issho Ni Ramen, Sushi & Hibachi, 34302 Euclid Ave unit 1-2, Willoughby, OH 44094",41.6235424,-81.4444935,"['Japanese restaurant', 'Sushi restaurant']",4.7,301,$$,"[['Wednesday', '11:30AM–8:30PM'], ['Thursday', '11:30AM–8:30PM'], ['Friday', '11:30AM–8:30PM'], ['Saturday', '11:30AM–8:30PM'], ['Sunday', '11:30AM–8:30PM'], ['Monday', 'Closed'], ['Tuesday', '11:30AM–8:30PM']]"
0x8831a5ce1ba80273:0xe5eb2d1c104fc049,Sumoboy Sushi & Teriyaki House,"Sumoboy Sushi & Teriyaki House, 9393 Mentor Ave #4519, Mentor, OH 44060",41.680413,-81.30251779999999,['Japanese restaurant'],4.5,178,$$,"[['Wednesday', '11AM–9:30PM'], ['Thursday', '11AM–9:30PM'], ['Friday', '11AM–10:30PM'], ['Saturday', '11AM–10:30PM'], ['Sunday', 'Closed'], ['Monday', '11AM–9:30PM'], ['Tuesday', '11AM–9:30PM']]"
0x884056437afc391b:0xc546b9f5a220f5c3,Kyoto Japanese Cuisine - USA,"Kyoto Japanese Cuisine - USA, 12082 Montgomery Rd, Cincinnati, OH 45249",39.289025099999996,-84.3007385,"['Japanese restaurant', 'Asian restaurant', 'Restaurant', 'Sushi restaurant']",4.5,658,$$,"[['Wednesday', '11AM–11PM'], ['Thursday', '11AM–11PM'], ['Friday', '11AM–11PM'], ['Saturday', '11AM–11PM'], ['Sunday', '11AM–11PM'], ['Monday', '11AM–11PM'], ['Tuesday', '11AM–11PM']]"
0x8830c025dbcaf3a5:0x89984571adfd1a8,Sakura Sushi House,"Sakura Sushi House, 15040 Pearl Rd, Strongsville, OH 44136",41.3060359,-81.83602359999999,"['Sushi restaurant', 'Asian restaurant', 'Japanese restaurant', 'Seafood restaurant']",4.4,335,$$,"[['Tuesday', '11AM–10PM'], ['Wednesday', '11AM–10PM'], ['Thursday', '11AM–10PM'], ['Friday', '11AM–11PM'], ['Saturday', '11AM–11PM'], ['Sunday', '12–10PM'], ['Monday', '11AM–10PM']]"
0x8830d7529a653437:0x466ae3200e457440,Hibachi Xpress Fairlawn,"Hibachi Xpress Fairlawn, 2705 W Market St, Fairlawn, OH 44333",41.1248037,-81.6008057,"['Asian fusion restaurant', 'Chinese restaurant', 'Japanese restaurant']",3.7,93,$$,"[['Tuesday', '11AM–9:15PM'], ['Wednesday', '11AM–9:15PM'], ['Thursday', '11AM–9:15PM'], ['Friday', '11AM–9:15PM'], ['Saturday', '11AM–9:15PM'], ['Sunday', 'Closed'], ['Monday', '11AM–9:15PM']]"
0x8838f47a17299bf7:0xb6f0ed5af8a845f3,SUSHI EN,"SUSHI EN, 1051 Gemini Pl, Columbus, OH 43240",40.1465788,-82.9871778,"['Sushi restaurant', 'Asian restaurant', 'Japanese restaurant', 'Korean restaurant']",4.5,628,$$,"[['Tuesday', '11AM–9PM'], ['Wednesday', '11AM–9PM'], ['Thursday', '11AM–9PM'], ['Friday', '11AM–9:30PM'], ['Saturday', '11AM–9:30PM'], ['Sunday', '11AM–8:30PM'], ['Monday', '11AM–9PM']]"
0x883994f04902d78f:0xfd9960adc70c4c56,Ninja Japanese Steakhouse & Bar,"Ninja Japanese Steakhouse & Bar, 2284 W 4th St, Ontario, OH 44906",40.7737974,-82.5958673,"['Japanese steakhouse', 'Asian restaurant', 'Bar', 'Bar & grill', 'Family restaurant', 'Restaurant', 'Steak house', 'Sushi restaurant']",4.3,206,$$,"[['Tuesday', '11:30AM–10PM'], ['Wednesday', '11:30AM–10PM'], ['Thursday', '11:30AM–10PM'], ['Friday', '11:30AM–10PM'], ['Saturday', '12–11PM'], ['Sunday', '12–9PM'], ['Monday', '11:30AM–10PM']]"
0x88470be12b1e7489:0xeb3c2a06a4f64fa2,Nagasaki Restaurant,"Nagasaki Restaurant, 1251 N Bridge St, Chillicothe, OH 45601",39.3632409,-82.97477599999999,['Japanese restaurant'],3.9,97,,"[['Tuesday', '11AM–9PM'], ['Wednesday', '11AM–9PM'], ['Thursday', '11AM–9PM'], ['Friday', '11AM–9PM'], ['Saturday', '11AM–9PM'], ['Sunday', '11AM–9PM'], ['Monday', '11AM–9PM']]"
0x8830fc8fe0bb8819:0xaf01b4a4d1f8cdda,SASA,"SASA, 13120 Shaker Square, Cleveland, OH 44120",41.483229699999995,-81.5912578,"['Japanese restaurant', 'Bar', 'Sushi restaurant']",4.5,188,$$$,"[['Tuesday', '5–9PM'], ['Wednesday', '5–9PM'], ['Thursday', '5–9PM'], ['Friday', '5–10PM'], ['Saturday', '5–10PM'], ['Sunday', '5–9PM'], ['Monday', '5–9PM']]"
0x884051608a9a72a7:0x4d354f1df07e64c9,KanPai Japanese Steakhouse,"KanPai Japanese Steakhouse, 11255 Reed Hartman Hwy, Blue Ash, OH 45241",39.2716631,-84.3767723,"['Japanese steakhouse', 'Grill', 'Japanese restaurant', 'Steak house', 'Sushi restaurant']",4.6,214,$$,"[['Tuesday', '11AM–9PM'], ['Wednesday', '11AM–9PM'], ['Thursday', '11AM–9PM'], ['Friday', '11AM–9PM'], ['Saturday', '12–9PM'], ['Sunday', 'Closed'], ['Monday', '11AM–9PM']]"
0x883102a0eaef033f:0x136a6c66a382a7da,Shuhei Restaurant,"Shuhei Restaurant, 23360 Chagrin Blvd, Beachwood, OH 44122",41.4640196,-81.5142422,"['Japanese restaurant', 'Restaurant', 'Sushi restaurant']",4.6,478,$$$,"[['Tuesday', '11:30AM–2:30PM'], ['Wednesday', '11:30AM–2:30PM'], ['Thursday', '11:30AM–2:30PM'], ['Friday', '11:30AM–2:30PM'], ['Saturday', '11:30AM–2PM'], ['Sunday', '5–8:30PM'], ['Monday', '11:30AM–2:30PM']]"
0x883b8467970caef7:0x5f3c8c9d0a6fc633,Osaka Sushi & Hibachi,"Osaka Sushi & Hibachi, 3150 Navarre Ave, Oregon, OH 43616",41.636337999999995,-83.473351,"['Sushi restaurant', 'Asian restaurant', 'Japanese restaurant']",4.4,428,$$,"[['Tuesday', '11AM–10PM'], ['Wednesday', '11AM–10PM'], ['Thursday', '11AM–10PM'], ['Friday', '11AM–10:30PM'], ['Saturday', '12–10:30PM'], ['Sunday', '12–9:30PM'], ['Monday', '11AM–10PM']]"
0x8838f3c3f813473d:0x381262de8eb6764f,Genjigo,"Genjigo, 8599 Columbus Pike, Lewis Center, OH 43035",40.166224899999996,-83.01908159999999,"['Fast food restaurant', 'Japanese restaurant', 'Japanese steakhouse', 'Restaurant']",4.2,268,,"[['Tuesday', '11AM–9:30PM'], ['Wednesday', '11AM–9:30PM'], ['Thursday', '11AM–9:30PM'], ['Friday', '11AM–9:30PM'], ['Saturday', '11AM–9:30PM'], ['Sunday', '11AM–9:30PM'], ['Monday', '11AM–9:30PM']]"
0x8837edc64c8149ed:0x72475d5e7917a125,T & C Ichiban Japanese Steakhouse,"T & C Ichiban Japanese Steakhouse, 2542 Maple Ave, Zanesville, OH 43701",39.969756,-82.00946499999999,"['Japanese restaurant', 'Asian restaurant', 'Sushi restaurant']",4.4,454,$$,"[['Monday', '11AM–9:30PM'], ['Tuesday', '11AM–9:30PM'], ['Wednesday', '11AM–9:30PM'], ['Thursday', '11AM–9:30PM'], ['Friday', '11AM–10PM'], ['Saturday', '11AM–10PM'], ['Sunday', '12–9:30PM']]"
0x883860f8ccecd8fb:0xd7cc7b60d8602b09,Tora,"Tora, 1330 N Hamilton Rd, Columbus, OH 43230",40.0534331,-82.8623489,"['Japanese restaurant', 'Asian restaurant', 'Restaurant', 'Seafood restaurant', 'Steak house', 'Sushi restaurant']",4.5,453,$$,"[['Monday', '11:30AM–2:30PM'], ['Tuesday', '11:30AM–2:30PM'], ['Wednesday', '11:30AM–2:30PM'], ['Thursday', '11:30AM–2:30PM'], ['Friday', '11:30AM–2:30PM'], ['Saturday', '12–10PM'], ['Sunday', '12–9PM']]"
0x884082e44c3a8895:0x88d21c9a1f145c70,Akashi Sushi Bar,"Akashi Sushi Bar, 2020 Harshman Rd, Dayton, OH 45424",39.7993917,-84.1290583,"['Japanese restaurant', 'Asian restaurant', 'Bar', 'Korean restaurant', 'Restaurant', 'Seafood restaurant', 'Sushi restaurant']",4.7,603,$$,"[['Monday', '11AM–2PM'], ['Tuesday', '11AM–2PM'], ['Wednesday', '11AM–2PM'], ['Thursday', '11AM–2PM'], ['Friday', '11AM–2PM'], ['Saturday', '5–10PM'], ['Sunday', 'Closed']]"
0x883892bc9633530f:0xf0f3671d3402bd3e,Genji Japanese Steakhouse - Dublin,"Genji Japanese Steakhouse - Dublin, 5874 Sawmill Rd, Dublin, OH 43017",40.086906,-83.091363,"['Japanese restaurant', 'Asian restaurant', 'Restaurant', 'Steak house']",4.0,128,,"[['Monday', 'Closed'], ['Tuesday', '11AM–1:45PM'], ['Wednesday', '11AM–1:45PM'], ['Thursday', '11AM–1:45PM'], ['Friday', '11AM–1:45PM'], ['Saturday', '4–10PM'], ['Sunday', '11:30AM–2:30PM']]"
0x8839bf7634843327:0xeecaea3a40581f61,Happy House 富林軒,"Happy House 富林軒, 201 E Main St, Lexington, OH 44904",40.6790297,-82.5757203,"['Chinese restaurant', 'Japanese restaurant']",4.3,348,$$,"[['Monday', '11AM–10PM'], ['Tuesday', '11AM–10PM'], ['Wednesday', '11AM–10PM'], ['Thursday', '11AM–10PM'], ['Friday', '11AM–10PM'], ['Saturday', '11AM–10PM'], ['Sunday', '11:30AM–10PM']]"
0x884084e9e54ac6ab:0xd60b370655835adf,Sima,"Sima, 1771 Woodman Dr, Kettering, OH 45420",39.724107,-84.12305099999999,"['Korean restaurant', 'Asian restaurant', 'Japanese restaurant', 'Korean barbecue restaurant', 'Ramen restaurant', 'Restaurant', 'Sushi restaurant']",4.5,694,$$,"[['Monday', '4:30–9PM'], ['Tuesday', 'Closed'], ['Wednesday', '4:30–9PM'], ['Thursday', '4:30–9PM'], ['Friday', '4:30–10PM'], ['Saturday', '4:30–10PM'], ['Sunday', '12–9PM']]"
0x8833fa8151bb8763:0xe6c53ffc09b7244,izumi Japanese Restaurant,"izumi Japanese Restaurant, 840 Boardman Poland Rd, Youngstown, OH 44512",41.0249806,-80.6377524,['Japanese restaurant'],4.7,704,$$,"[['Monday', '11AM–9:30PM'], ['Tuesday', '11AM–9:30PM'], ['Wednesday', '11AM–9:30PM'], ['Thursday', '11AM–9:30PM'], ['Friday', '11AM–10PM'], ['Saturday', '11AM–10PM'], ['Sunday', '12–9:30PM']]"
0x8833e30d3540d127:0xbb82433bbb0a6cc4,Hana Japanese Restaurant,"Hana Japanese Restaurant, 4777 Mahoning Ave, Youngstown, OH 44515",41.1002507,-80.7436791,"['Japanese restaurant', 'Restaurant']",4.4,236,,"[['Monday', '11AM–10PM'], ['Tuesday', '11AM–10PM'], ['Wednesday', '11AM–10PM'], ['Thursday', '11AM–10PM'], ['Friday', '11AM–11PM'], ['Saturday', '11AM–11PM'], ['Sunday', '12–9:30PM']]"
0x883892fc30d33d77:0x5277c34df6f4bb09,Yoshi's Japanese Restaurant,"Yoshi's Japanese Restaurant, 5776 Frantz Rd, Dublin, OH 43016",40.0708974,-83.11932449999999,['Japanese restaurant'],4.6,238,$$,"[['Sunday', 'Closed'], ['Monday', '5–9PM'], ['Tuesday', '5–9PM'], ['Wednesday', '5–9PM'], ['Thursday', '5–9PM'], ['Friday', '5–9PM'], ['Saturday', '5–9PM']]"
0x8841ad8264dd9759:0x297a013b8459302a,FUSIAN,"FUSIAN, 3780 Paxton Ave #10b, Cincinnati, OH 45209",39.1457431,-84.4290609,"['Asian restaurant', 'Grocery delivery service', 'Japanese restaurant', 'Sushi restaurant', 'Vegetarian restaurant']",4.3,224,,"[['Sunday', '11AM–9PM'], ['Monday', '11AM–9PM'], ['Tuesday', '11AM–9PM'], ['Wednesday', '11AM–9PM'], ['Thursday', '11AM–9PM'], ['Friday', '11AM–9:30PM'], ['Saturday', '11AM–9:30PM']]"
0x88405a063cdba4ef:0xf2d79d76a4685df4,Miyako Sushi & Grill,"Miyako Sushi & Grill, 7691 Voice of America Centre Dr, West Chester Township, OH 45069",39.353933,-84.364008,"['Japanese restaurant', 'Grill', 'Asian restaurant', 'Bar', 'Steak house', 'Sushi restaurant', 'Teppanyaki restaurant']",4.5,695,$$,"[['Sunday', '12–10PM'], ['Monday', '11AM–2:30PM'], ['Tuesday', '11AM–2:30PM'], ['Wednesday', '11AM–2:30PM'], ['Thursday', '11AM–2:30PM'], ['Friday', '11AM–2:30PM'], ['Saturday', '12–11PM']]"
0x8838637b4ddbaf09:0xc25fbabeefef8685,Hibachi Fire,"Hibachi Fire, 875 S Hamilton Rd, Whitehall, OH 43213",39.9573842,-82.8772484,['Japanese restaurant'],4.4,178,,"[['Sunday', '11AM–9:30PM'], ['Monday', '11AM–9:30PM'], ['Tuesday', '11AM–9:30PM'], ['Wednesday', '11AM–9:30PM'], ['Thursday', '11AM–9:30PM'], ['Friday', '11AM–10PM'], ['Saturday', '11AM–10PM']]"
0x883816456148957b:0x57bf0d85fcab095a,Kanji Japanese Steakhouse,"Kanji Japanese Steakhouse, 661 S 30th St, Heath, OH 43056",40.033201,-82.443531,"['Asian restaurant', 'Japanese restaurant', 'Steak house', 'Sushi restaurant']",4.6,968,$$,"[['Sunday', '11:30AM–9PM'], ['Monday', '10:30AM–9:30PM'], ['Tuesday', '10:30AM–9:30PM'], ['Wednesday', '10:30AM–9:30PM'], ['Thursday', '10:30AM–9:30PM'], ['Friday', '10:30AM–10:30PM'], ['Saturday', '11:30AM–10:30PM']]"
0x8838639f2fbe3d95:0xf99d664922cf1311,Hibachi Express,"Hibachi Express, 6099 McNaughten Rd, Columbus, OH 43232",39.9531679,-82.83781019999999,"['Japanese restaurant', 'Asian restaurant', 'Steak house']",4.1,378,$,"[['Sunday', 'Closed'], ['Monday', '11AM–9:30PM'], ['Tuesday', '11AM–9:30PM'], ['Wednesday', '11AM–9:30PM'], ['Thursday', '11AM–9:30PM'], ['Friday', '11AM–9:30PM'], ['Saturday', '11AM–9:30PM']]"
0x88388da4976b7813:0x75e5cd7c16cd316a,Akai Hana,"Akai Hana, 1173 Old Henderson Rd, Columbus, OH 43220",40.0506454,-83.05174079999999,"['Japanese restaurant', 'Asian restaurant', 'Takeout Restaurant', 'Restaurant', 'Seafood restaurant', 'Sushi restaurant']",4.7,1148,$$,"[['Sunday', '4–8PM'], ['Monday', '5–9PM'], ['Tuesday', '5–9PM'], ['Wednesday', '5–9PM'], ['Thursday', '5–9PM'], ['Friday', '4–9PM'], ['Saturday', '4–9PM']]"
0x883f5b9d2285e289:0x1899fcc49b0f82c5,Hibachi Grill Sushi Buffet,"Hibachi Grill Sushi Buffet, 1071 N Bechtle Ave, Springfield, OH 45504",39.938508,-83.837132,"['Buffet restaurant', 'Asian restaurant', 'Japanese restaurant', 'Sushi restaurant']",3.7,718,$$,"[['Sunday', '11AM–9:30PM'], ['Monday', '11AM–9:30PM'], ['Tuesday', '11AM–9:30PM'], ['Wednesday', '11AM–9:30PM'], ['Thursday', '11AM–9:30PM'], ['Friday', '11AM–10:30PM'], ['Saturday', '11AM–10:30PM']]"
0x884089330b7dc8b7:0x546a80767983c5c7,Tokyo Grill & Sushi Buffet,"Ohio, Washington Township, Miamisburg Centerville Rd, Tokyo Grill & Sushi Buffet邮政编码: 45459",39.6289021,-84.18955679999999,['Japanese restaurant'],4.6,348,,"[['Sunday', '11AM–10PM'], ['Monday', '11AM–10PM'], ['Tuesday', '11AM–10PM'], ['Wednesday', '11AM–10PM'], ['Thursday', '11AM–10PM'], ['Friday', '11AM–11PM'], ['Saturday', '11AM–11PM']]"
0x88409c60648ba4c5:0x4d546f856d53e95c,Nori Japan,"Nori Japan, #F221, 2727 Fairfield Commons, Beavercreek, OH 45431",39.7669333,-84.05680919999999,['Japanese restaurant'],4.3,78,$,"[['Sunday', '12–6PM'], ['Monday', '10AM–9PM'], ['Tuesday', '10AM–9PM'], ['Wednesday', '10AM–9PM'], ['Thursday', '10AM–9PM'], ['Friday', '10AM–9PM'], ['Saturday', '10AM–9PM']]"
0x88389a5fe51c1713:0x28a757efd63a272c,Ichiban Japanese Steakhouse and Sushi Bar,"Ichiban Japanese Steakhouse and Sushi Bar, 1560 Georgesville Square Dr, Columbus, OH 43228",39.9205969,-83.1228232,"['Japanese steakhouse', 'Restaurant']",4.3,711,$$,"[['Saturday', '11AM–10PM'], ['Sunday', '11AM–9PM'], ['Monday', '11AM–3PM'], ['Tuesday', '11AM–3PM'], ['Wednesday', '11AM–3PM'], ['Thursday', '11AM–3PM'], ['Friday', '11AM–10PM']]"
0x8836d6cc7aab1429:0xb7d3a7a6fe4675a3,Buffet Dynasty,"Buffet Dynasty, 4422 Belden Village St NW, Canton, OH 44718",40.855080199999996,-81.4310125,"['Buffet restaurant', 'Asian restaurant', 'Chinese restaurant', 'Japanese restaurant']",4.0,998,$,"[['Saturday', '11AM–10:30PM'], ['Sunday', '11AM–9:30PM'], ['Monday', '11AM–9:30PM'], ['Tuesday', '11AM–9:30PM'], ['Wednesday', '11AM–9:30PM'], ['Thursday', '11AM–9:30PM'], ['Friday', '11AM–10:30PM']]"
0x8837cbfa110b4b0b:0x3a32184fa6c531ca,Shogun Hibachi,"Shogun Hibachi, 61600 Southgate Rd, Cambridge, OH 43725",39.9961801,-81.5736737,['Japanese restaurant'],4.2,74,,"[['Saturday', '11AM–10PM'], ['Sunday', '11AM–9PM'], ['Monday', '11AM–9:30PM'], ['Tuesday', '11AM–9:30PM'], ['Wednesday', '11AM–9:30PM'], ['Thursday', '11AM–9:30PM'], ['Friday', '11AM–10PM']]"
0x88311f36d526e10d:0xdefbd4ccc5ec403f,Mandarin Seafood Buffet,"Mandarin Seafood Buffet, 2695 Creekside Dr, Twinsburg, OH 44087",41.3074614,-81.4364227,"['Seafood restaurant', 'Buffet restaurant', 'Chinese restaurant', 'Japanese restaurant', 'Restaurant', 'Sushi restaurant']",3.6,445,$,"[['Saturday', '11AM–10PM'], ['Sunday', '11AM–10PM'], ['Monday', '11AM–10PM'], ['Tuesday', '11AM–10PM'], ['Wednesday', '11AM–10PM'], ['Thursday', '11AM–10PM'], ['Friday', '11AM–10PM']]"
0x883122d4b5215c8f:0x82b34e88ac115d2b,Toko Japanese Steak House,"Toko Japanese Steak House, 1619 OH-303, Streetsboro, OH 44241",41.2402252,-81.33744899999999,['Japanese steakhouse'],4.4,328,$$,"[['Saturday', '11AM–3PM'], ['Sunday', '12–9:30PM'], ['Monday', '11AM–3PM'], ['Tuesday', '11AM–3PM'], ['Wednesday', '11AM–3PM'], ['Thursday', '11AM–3PM'], ['Friday', '11AM–3PM']]"
0x883748a5a1c3d243:0xb1e901827737aba3,Osaka Asian Restaurant,"Osaka Asian Restaurant, 3729 Burbank Rd, Wooster, OH 44691",40.845685499999995,-81.9411444,"['Restaurant', 'Japanese restaurant']",4.3,418,$$,"[['Saturday', '11AM–9:30PM'], ['Sunday', '11AM–9:30PM'], ['Monday', '11AM–9:30PM'], ['Tuesday', '11AM–9:30PM'], ['Wednesday', '11AM–9:30PM'], ['Thursday', '11AM–9:30PM'], ['Friday', '11AM–9:30PM']]"
0x88388cf3fa151e45:0x901ac110f4121b04,Lotte Oriental Foods & Gifts,"Lotte Oriental Foods & Gifts, 4944 N High St, Columbus, OH 43214",40.0633695,-83.0183799,"['Korean grocery store', 'Asian grocery store', 'Food products supplier', 'Grocery delivery service', 'Japanese grocery store', 'Supermarket']",4.5,118,,"[['Saturday', '10AM–9PM'], ['Sunday', '10AM–8PM'], ['Monday', '10AM–9PM'], ['Tuesday', '10AM–9PM'], ['Wednesday', '10AM–9PM'], ['Thursday', '10AM–9PM'], ['Friday', '10AM–9PM']]"
0x88309de2f5fd7903:0xbde9701ff40c42a5,China One Buffet,"China One Buffet, 1990 Cooper Foster Park Rd, Lorain, OH 44053",41.419429699999995,-82.2027596,"['Chinese restaurant', 'Bar & grill', 'Japanese restaurant', 'Restaurant']",4.0,574,$,"[['Saturday', '11AM–10PM'], ['Sunday', '11AM–9:30PM'], ['Monday', '11AM–9:30PM'], ['Tuesday', 'Closed'], ['Wednesday', '11AM–9:30PM'], ['Thursday', '11AM–9:30PM'], ['Friday', '11AM–10PM']]"
0x884084698c98659f:0xe7a3803c16e58eaf,CJ Chan,"CJ Chan, 536 Wilmington Ave, Dayton, OH 45420",39.733167699999996,-84.1589723,"['Japanese restaurant', 'Asian fusion restaurant', 'Chinese restaurant', 'Middle Eastern restaurant', 'Sushi restaurant']",4.5,805,$,"[['Friday', '10:30AM–10:30PM'], ['Saturday', '10:30AM–10:30PM'], ['Sunday', '11:30AM–10PM'], ['Monday', '10:30AM–10PM'], ['Tuesday', 'Closed'], ['Wednesday', '10:30AM–10PM'], ['Thursday', '10:30AM–10PM']]"
0x88388b0c9cb98d6b:0x42b3c73b6b2abeda,Ginza Go,"Ginza Go, 1837 Morse Rd, Columbus, OH 43224",40.0597182,-82.9695402,"['Restaurant', 'Chinese restaurant', 'Japanese restaurant', 'Sushi restaurant']",4.0,324,$,"[['Friday', '11AM–10:40PM'], ['Saturday', '11AM–10:40PM'], ['Sunday', '12–9:40PM'], ['Monday', 'Closed'], ['Tuesday', '11AM–9:40PM'], ['Wednesday', '11AM–9:40PM'], ['Thursday', '11AM–9:40PM']]"
0x8830fa67f70a2deb:0xc736a378c3407ec,Szechuan Cafe,"Szechuan Cafe, 2999 Payne Ave #142, Cleveland, OH 44114",41.5086314,-81.6695462,"['Restaurant', 'Asian restaurant', 'Chinese restaurant', 'Dim sum restaurant', 'Japanese restaurant', 'Korean restaurant', 'Mandarin restaurant', 'Thai restaurant', 'Vietnamese restaurant']",4.3,213,,"[['Friday', '11AM–10PM'], ['Saturday', '11AM–10PM'], ['Sunday', '11AM–10PM'], ['Monday', '11AM–10PM'], ['Tuesday', '11AM–10PM'], ['Wednesday', '11AM–10PM'], ['Thursday', '11AM–10PM']]"
0x88388495415a9419:0x18551c54b7a48543,Fusion Japanese Steakhouse,"Fusion Japanese Steakhouse, 4124 Buckeye Pkwy, Grove City, OH 43123",39.876709,-83.0391607,"['Japanese steakhouse', 'Sushi restaurant']",4.5,1265,$$,"[['Friday', '11:30AM–11PM'], ['Saturday', '11:30AM–11PM'], ['Sunday', '12–10PM'], ['Monday', '11:30AM–10PM'], ['Tuesday', '11:30AM–10PM'], ['Wednesday', '11:30AM–10PM'], ['Thursday', '11:30AM–10PM']]"
0x8833faf5cd2d88f7:0x3fdd0ccd9e47a391,Mizu Sushi,"Mizu Sushi, 60 Boardman Poland Rd, Youngstown, OH 44512",41.0247023,-80.6595262,['Japanese restaurant'],4.5,658,$$,"[['Friday', '11AM–10PM'], ['Saturday', '11AM–10PM'], ['Sunday', '12–9:30PM'], ['Monday', '11AM–9:30PM'], ['Tuesday', '11AM–9:30PM'], ['Wednesday', '11AM–9:30PM'], ['Thursday', '11AM–9:30PM']]"
0x8830f01a678d037f:0xe0597afbcac2d4ad,Teriyaki Express,"Teriyaki Express, 3226 Clark Ave, Cleveland, OH 44109",41.470245,-81.705426,['Japanese restaurant'],4.0,117,,"[['Friday', '11AM–11PM'], ['Saturday', '11AM–10PM'], ['Sunday', '11AM–9PM'], ['Monday', '11AM–10PM'], ['Tuesday', '11AM–10PM'], ['Wednesday', '11AM–10PM'], ['Thursday', '11AM–10PM']]"
0x8841b15048e819fb:0x3f25a42e3dda3b83,FUSIAN,"FUSIAN, 600 Vine St #104, Cincinnati, OH 45202",39.1027215,-84.5129272,"['Asian restaurant', 'Grocery delivery service', 'Japanese restaurant', 'Sushi restaurant', 'Vegetarian restaurant']",4.4,335,$,"[['Friday', '10:30AM–2:30PM'], ['Saturday', 'Closed'], ['Sunday', 'Closed'], ['Monday', '10:30AM–2:30PM'], ['Tuesday', '10:30AM–2:30PM'], ['Wednesday', '10:30AM–2:30PM'], ['Thursday', '10:30AM–2:30PM']]"
0x884053417a94e3f3:0xd74b0dccf7ed76c3,FUSIAN,"FUSIAN, 8060 Montgomery Rd #100, Cincinnati, OH 45236",39.2020082,-84.37084039999999,"['Asian restaurant', 'Grocery delivery service', 'Japanese restaurant', 'Sushi restaurant', 'Vegetarian restaurant']",4.4,458,$,"[['Friday', '11AM–9:30PM'], ['Saturday', '11AM–9:30PM'], ['Sunday', '11AM–9PM'], ['Monday', '11AM–9PM'], ['Tuesday', '11AM–9PM'], ['Wednesday', '11AM–9PM'], ['Thursday', '11AM–9PM']]"
0x884057019d60eafb:0xfef5672a5146fa4b,Genki Ramen,"Genki Ramen, 5005 Deerfield Blvd, Mason, OH 45040",39.3070448,-84.3155019,"['Japanese restaurant', 'Authentic Japanese restaurant']",4.7,127,$$,"[['Friday', '11AM–2:30PM'], ['Saturday', '11AM–2:30PM'], ['Sunday', '12–9PM'], ['Monday', '11AM–2:30PM'], ['Tuesday', '11AM–2:30PM'], ['Wednesday', '11AM–2:30PM'], ['Thursday', '11AM–2:30PM']]"
0x8836d6ad93c3c5e5:0xd0349507a264e089,Wasabi Japanese Steakhouse,"Wasabi Japanese Steakhouse, 6338 Strip Ave NW, North Canton, OH 44720",40.872886099999995,-81.4328343,"['Japanese steakhouse', 'Asian restaurant', 'Fine dining restaurant', 'Japanese restaurant', 'Restaurant', 'Sushi restaurant']",4.3,1092,$$,"[['Thursday', '11AM–2PM'], ['Friday', '11AM–2PM'], ['Saturday', '2–10:30PM'], ['Sunday', '12–8:30PM'], ['Monday', '4:30–9:30PM'], ['Tuesday', '4:30–9:30PM'], ['Wednesday', '4:30–9:30PM']]"
0x883103ddf41f7419:0xc2ed59110a59c2bd,Otani Japanese Restaurant,"Otani Japanese Restaurant, 3490, 1625 Golden Gate Plaza, Mayfield Heights, OH 44124",41.51609,-81.450296,"['Japanese restaurant', 'Asian restaurant', 'Japanese steakhouse', 'Ramen restaurant', 'Sushi restaurant']",4.2,548,$$,"[['Thursday', '11:30AM–2:30PM'], ['Friday', '11:30AM–2:30PM'], ['Saturday', '12–2:30PM'], ['Sunday', '4:30–9PM'], ['Monday', '11:30AM–2:30PM'], ['Tuesday', '11:30AM–2:30PM'], ['Wednesday', '11:30AM–2:30PM']]"
0x8830d828098c6217:0xed68abf089e234c6,Sushi Asia Gourmet,"Sushi Asia Gourmet, 1375 N Portage Path, Akron, OH 44313",41.132093999999995,-81.54866,"['Chinese restaurant', 'Delivery Chinese restaurant', 'Japanese restaurant', 'Restaurant']",4.3,273,$$,"[['Thursday', '11AM–9PM'], ['Friday', '11AM–9PM'], ['Saturday', '11AM–9PM'], ['Sunday', '12–9PM'], ['Monday', '11AM–9PM'], ['Tuesday', '11AM–9PM'], ['Wednesday', '11AM–9PM']]"
0x8830fc4043d200b3:0x22788b867d2e5863,Tree Country Bistro,"Tree Country Bistro, 1803 Coventry Rd, Cleveland Heights, OH 44118",41.510532999999995,-81.579844,"['Thai restaurant', 'Asian restaurant', 'Japanese restaurant', 'Korean restaurant', 'Restaurant', 'Seafood restaurant', 'Southeast Asian restaurant', 'Sushi restaurant']",4.3,306,$$,"[['Thursday', '12–10PM'], ['Friday', '12–10PM'], ['Saturday', '12–10PM'], ['Sunday', '12–10PM'], ['Monday', '12–10PM'], ['Tuesday', '12–10PM'], ['Wednesday', 'Closed']]"
0x8836d9a4b429064b:0xb303b2f766923bba,Hibachi Xpress Massillon,"Hibachi Xpress Massillon, 3202 Lincoln Way E, Massillon, OH 44646",40.7955154,-81.474892,"['Japanese restaurant', 'Takeout Restaurant']",3.5,94,,"[['Wednesday', '11AM–10PM'], ['Thursday', 'Closed'], ['Friday', 'Closed'], ['Saturday', 'Closed'], ['Sunday', '11AM–9PM'], ['Monday', '11AM–10PM'], ['Tuesday', '11AM–10PM']]"
0x8838f4665b5a14cf:0x7ab05f8079135b59,Benihana,"Benihana, 8781 Lyra Dr, Columbus, OH 43240",40.1452914,-82.9774703,"['Japanese restaurant', 'Asian restaurant', 'Japanese steakhouse', 'Restaurant', 'Steak house', 'Sushi restaurant', 'Teppanyaki restaurant']",3.7,1087,$$$,"[['Wednesday', '11AM–10PM'], ['Thursday', '11AM–10PM'], ['Friday', '11AM–11PM'], ['Saturday', '11AM–11PM'], ['Sunday', '11AM–11PM'], ['Monday', '11AM–10PM'], ['Tuesday', '11AM–10PM']]"
0x88404e655c99de19:0xc041507f9a73b787,Benihana,"Benihana, 50 Tri County Pkwy, Springdale, OH 45246",39.283644599999995,-84.4703402,"['Japanese restaurant', 'Asian restaurant', 'Japanese steakhouse', 'Restaurant', 'Steak house', 'Sushi restaurant', 'Teppanyaki restaurant']",3.6,1583,$$$,"[['Wednesday', '11AM–10PM'], ['Thursday', '11AM–10PM'], ['Friday', '11AM–11PM'], ['Saturday', '11AM–11PM'], ['Sunday', '11AM–11:30PM'], ['Monday', '11AM–10PM'], ['Tuesday', '11AM–10PM']]"
0x88404e1b597b4299:0x851e9423fc2c970d,Tokyo Japanese Restaurant,"Tokyo Japanese Restaurant, 11481 Chester Rd, Cincinnati, OH 45246",39.2824777,-84.4437607,"['Japanese restaurant', 'Bar', 'Chinese restaurant', 'Seafood restaurant', 'Steak house', 'Sushi restaurant', 'Teppanyaki restaurant']",4.3,678,$$,"[['Wednesday', '11AM–9:30PM'], ['Thursday', '11AM–9:30PM'], ['Friday', '11AM–10:30PM'], ['Saturday', '11AM–10:30PM'], ['Sunday', '11AM–9PM'], ['Monday', 'Closed'], ['Tuesday', '11AM–9:30PM']]"
0x883c76f4b00033b5:0xe6b283359ec33c81,Tea Tree Asian Bistro,"Tea Tree Asian Bistro, 4100 Chappel Dr, Perrysburg, OH 43551",41.5258469,-83.6393638,"['Asian restaurant', 'Japanese restaurant', 'Lounge', 'Takeout Restaurant', 'Southeast Asian restaurant', 'Sushi restaurant', 'Thai restaurant', 'Vietnamese restaurant']",4.2,418,$$,"[['Wednesday', '11:30AM–3PM'], ['Thursday', '11:30AM–3PM'], ['Friday', '11:30AM–10PM'], ['Saturday', '11:30AM–10PM'], ['Sunday', '12–9PM'], ['Monday', '11:30AM–3PM'], ['Tuesday', '11:30AM–3PM']]"
0x884048d52d823a49:0x1d9511006181fc51,Asian Buffet - Chinese Food - Sushi - Salad Bar - Dessert - Party Rooms,"Asian Buffet - Chinese Food - Sushi - Salad Bar - Dessert - Party Rooms, 6310 S Gilmore Rd, Fairfield, OH 45014",39.3042164,-84.52293929999999,"['Buffet restaurant', 'Asian restaurant', 'Chicken restaurant', 'Chinese restaurant', 'Japanese restaurant', 'Restaurant', 'Steak house', 'Sushi restaurant', 'Thai restaurant']",3.7,1043,$$,"[['Tuesday', '11AM–9:30PM'], ['Wednesday', '11AM–9:30PM'], ['Thursday', '11AM–9:30PM'], ['Friday', '11AM–10:30PM'], ['Saturday', '11AM–10:30PM'], ['Sunday', '11AM–9:30PM'], ['Monday', '11AM–9:30PM']]"
0x88408ee92f471fa7:0x7b044f3be4fe348b,Kabuki Restaurant & Sushi Bar,"Kabuki Restaurant & Sushi Bar, 848 S Main St, Centerville, OH 45458",39.615697,-84.15951799999999,"['Korean restaurant', 'Asian restaurant', 'Japanese restaurant', 'Takeout Restaurant', 'Sushi restaurant']",4.6,598,$$,"[['Tuesday', '11AM–9:30PM'], ['Wednesday', '11AM–9:30PM'], ['Thursday', '11AM–9:30PM'], ['Friday', '11AM–10PM'], ['Saturday', '11AM–10PM'], ['Sunday', '11AM–9:30PM'], ['Monday', '11AM–9:30PM']]"
0x8841a916a3369407:0x3e5a5adcf73ea2b6,Hibachi Master,"Hibachi Master, 8160 Beechmont Ave, Cincinnati, OH 45255",39.0731506,-84.3290179,"['Japanese restaurant', 'Asian restaurant', 'Sushi restaurant']",4.3,518,$$,"[['Tuesday', '11AM–10PM'], ['Wednesday', '11AM–10PM'], ['Thursday', '11AM–10PM'], ['Friday', '11AM–11PM'], ['Saturday', '12–11PM'], ['Sunday', '12–10PM'], ['Monday', 'Closed']]"
0x88312aecf8c0c29f:0xc7712238a453b9b4,Shogun Japanese Steakhouse,"Shogun Japanese Steakhouse, 2863 S Arlington Rd, Akron, OH 44312",40.993752199999996,-81.49107389999999,"['Japanese steakhouse', 'Restaurant']",4.3,547,$$,"[['Tuesday', '4:30–9:30PM'], ['Wednesday', '11AM–2PM'], ['Thursday', '11AM–2PM'], ['Friday', '11AM–2PM'], ['Saturday', '2–10:30PM'], ['Sunday', '12–9PM'], ['Monday', 'Closed']]"
0x8831a4360a702e99:0x47bdea2b794d3fa9,Hibachi Japanese Steakhouse,"Hibachi Japanese Steakhouse, 2145 Mentor Ave, Painesville, OH 44077",41.6868293,-81.2898719,['Japanese restaurant'],4.1,304,$$$,"[['Tuesday', '4:30–9PM'], ['Wednesday', '4:30–9PM'], ['Thursday', '4:30–9PM'], ['Friday', '4:30–10PM'], ['Saturday', '4:30–10PM'], ['Sunday', '12–8:30PM'], ['Monday', '4:30–9PM']]"
0x8831a8e7108f1d1b:0xa82790f1a1b488aa,Ginger Sushi Burrito,"Ginger Sushi Burrito, 7413 Mentor Ave, Mentor, OH 44060",41.6536508,-81.3766198,"['Sushi restaurant', 'Japanese restaurant']",4.6,427,$,"[['Tuesday', '11AM–10PM'], ['Wednesday', '11AM–10PM'], ['Thursday', '11AM–10PM'], ['Friday', '11AM–10PM'], ['Saturday', '11AM–10PM'], ['Sunday', '11:30AM–9PM'], ['Monday', 'Closed']]"
0x8830ed2dc2382441:0x7e77a888eccb05c5,Hibachi Japanese Steakhouse,"Hibachi Japanese Steakhouse, 21699 Lorain Rd, Cleveland, OH 44126",41.441328999999996,-81.8618667,['Japanese restaurant'],3.6,277,$$,
0x884053ed78bc12b7:0xb31915d7fbc188f7,Ando Japanese Restaurant,"Ando Japanese Restaurant, 5889 Pfeiffer Rd #4819, Blue Ash, OH 45242",39.248774,-84.369845,"['Japanese restaurant', 'Dessert restaurant', 'Authentic Japanese restaurant', 'Restaurant', 'Sushi restaurant']",4.7,358,$$,"[['Monday', 'Closed'], ['Tuesday', '4:30–8:30PM'], ['Wednesday', '4:30–8:30PM'], ['Thursday', '4:30–8:30PM'], ['Friday', '4:30–8:30PM'], ['Saturday', '4:30–8:30PM'], ['Sunday', 'Closed']]"
0x88405470cf0d7395:0x3101e1a5d54ec875,Mei Japanese Restaurant,"Mei Japanese Restaurant, 8608 Market Pl Ln, Cincinnati, OH 45242",39.2368339,-84.3478746,"['Japanese restaurant', 'Asian restaurant', 'Bar', 'Ramen restaurant', 'Restaurant', 'Sukiyaki and Shabu Shabu restaurant', 'Sushi restaurant']",4.6,428,$$,"[['Monday', 'Closed'], ['Tuesday', '5:30–9PM'], ['Wednesday', '5:30–9PM'], ['Thursday', '5:30–9PM'], ['Friday', '5:30–9PM'], ['Saturday', '12–9PM'], ['Sunday', '12–9PM']]"
0x884709435252bc0d:0xee528908e6751a50,Hana Japanese Steakhouse,"Hana Japanese Steakhouse, 1015 N Bridge St, Chillicothe, OH 45601",39.3558613,-82.97405549999999,"['Japanese steakhouse', 'Asian restaurant', 'Restaurant', 'Steak house']",4.6,692,$$,"[['Monday', '11AM–2:30PM'], ['Tuesday', '11AM–2:30PM'], ['Wednesday', '11AM–2:30PM'], ['Thursday', '11AM–2:30PM'], ['Friday', '11AM–2:30PM'], ['Saturday', '11AM–11PM'], ['Sunday', '12–9:30PM']]"
0x884661015a892493:0x30c8038be30bfeb9,Sakura Hibachi,"Sakura Hibachi, 8360 Ohio River Rd, Wheelersburg, OH 45694",38.723631,-82.85920899999999,"['Japanese restaurant', 'Asian restaurant', 'Sushi restaurant']",4.4,348,$$,"[['Monday', '11AM–10PM'], ['Tuesday', '11AM–10PM'], ['Wednesday', '11AM–10PM'], ['Thursday', '11AM–10PM'], ['Friday', '11AM–10:30PM'], ['Saturday', '12–10:30PM'], ['Sunday', '11:30AM–10PM']]"
0x88388f31bf7d0aa5:0x9133cf88a326b895,Tiger + Lily,"Tiger + Lily, 19 E Gay St, Columbus, OH 43215",39.963610599999996,-83.0001188,"['Asian restaurant', 'Chinese restaurant', 'Japanese restaurant', 'Ramen restaurant']",4.5,478,$$,"[['Monday', '11:30AM–9PM'], ['Tuesday', '11:30AM–9PM'], ['Wednesday', '11:30AM–9PM'], ['Thursday', '11:30AM–9PM'], ['Friday', '11:30AM–10PM'], ['Saturday', '12–10PM'], ['Sunday', '12–9PM']]"
0x88478a6f3abc5965:0x93a492c156905a58,Kanji Japanese Steakhouse & Sushi Bar,"Kanji Japanese Steakhouse & Sushi Bar, 1715 N Memorial Dr, Lancaster, OH 43130",39.7296585,-82.6163916,"['Japanese restaurant', 'Japanese steakhouse', 'Sushi restaurant']",4.5,670,,"[['Monday', '11AM–3PM'], ['Tuesday', '11AM–3PM'], ['Wednesday', '11AM–3PM'], ['Thursday', '11AM–3PM'], ['Friday', '11AM–3PM'], ['Saturday', '11AM–11PM'], ['Sunday', '11AM–9:30PM']]"
0x88313b279759d183:0xf36deecf34cfd0d5,Toko Japanese Steak House,"Toko Japanese Steak House, 1851 OH-59, Kent, OH 44240",41.1555517,-81.3269412,['Japanese steakhouse'],4.3,418,$$,"[['Sunday', '12–9PM'], ['Monday', '11AM–9:30PM'], ['Tuesday', '11AM–9:30PM'], ['Wednesday', '11AM–9:30PM'], ['Thursday', '11AM–9:30PM'], ['Friday', '11AM–10:30PM'], ['Saturday', '11AM–10:30PM']]"
0x8831285edc053ceb:0x94f9676011cefa5,Hibachi Xpress Tallmadge,"Hibachi Xpress Tallmadge, 1110 E Tallmadge Ave, Akron, OH 44310",41.1016796,-81.4749487,"['Restaurant', 'Japanese restaurant', 'Takeout Restaurant', 'Sushi restaurant']",4.0,188,$,"[['Sunday', '11AM–9:30PM'], ['Monday', '11AM–9:30PM'], ['Tuesday', '11AM–9:30PM'], ['Wednesday', '11AM–9:30PM'], ['Thursday', '11AM–9:30PM'], ['Friday', '11AM–9:30PM'], ['Saturday', '11AM–9:30PM']]"
0x8838fada115eaaab:0xf7884692cdc1c879,Typhoon Asian Fusion Bistro,"Typhoon Asian Fusion Bistro, 10 N Sandusky St #100, Delaware, OH 43015",40.299185,-83.067469,"['Sushi restaurant', 'Asian fusion restaurant', 'Bar', 'Catering food and drink supplier', 'Caterer', 'Chinese restaurant', 'Japanese restaurant', 'Thai restaurant']",4.4,504,,"[['Sunday', '11AM–9PM'], ['Monday', '11AM–9PM'], ['Tuesday', '11AM–9PM'], ['Wednesday', '11AM–9PM'], ['Thursday', '11AM–9PM'], ['Friday', '11AM–10PM'], ['Saturday', '11AM–10PM']]"
0x8838faaff22429b5:0x572504009f8ee878,Asahi Japanese Steak house,"Asahi Japanese Steak house, 1139 Columbus Pike, Delaware, OH 43015",40.2739,-83.06905499999999,['Japanese restaurant'],4.3,238,$$,"[['Sunday', '12–2:30PM'], ['Monday', '11:15AM–2:15PM'], ['Tuesday', '11:15AM–2:15PM'], ['Wednesday', '11:15AM–2:15PM'], ['Thursday', '11:15AM–2:15PM'], ['Friday', '11:15AM–2:15PM'], ['Saturday', '12–2:30PM']]"
0x8830cc2ce6735dcf:0x930bf2068b505f9d,Kasai Japanese Restaurant,"Kasai Japanese Restaurant, 295 Weatherstone Dr E, Wadsworth, OH 44281",41.05789,-81.7365236,"['Japanese restaurant', 'Asian restaurant', 'Bar', 'Restaurant', 'Sushi restaurant']",4.6,627,$$,"[['Sunday', '3–9:30PM'], ['Monday', 'Closed'], ['Tuesday', '11AM–2:30PM'], ['Wednesday', '11AM–2:30PM'], ['Thursday', '11AM–2:30PM'], ['Friday', '11AM–2:30PM'], ['Saturday', '11AM–2:30PM']]"
0x88388d749f942f39:0x5e596150bf288f4e,Meshikou Ramen,"Meshikou Ramen, 1506 Bethel Rd, Columbus, OH 43220",40.0651089,-83.0590431,"['Ramen restaurant', 'Japanese restaurant', 'Noodle shop', 'Restaurant']",4.7,1295,$$,"[['Sunday', '11AM–9PM'], ['Monday', 'Closed'], ['Tuesday', '11AM–9PM'], ['Wednesday', '11AM–9PM'], ['Thursday', '11AM–9PM'], ['Friday', '11AM–9:30PM'], ['Saturday', '11AM–9:30PM']]"
0x88388a81e89826e9:0x7cedac569f81c9b2,FUSIAN,"FUSIAN, 4190 Worth Ave, Columbus, OH 43219",40.055410099999996,-82.9073633,"['Asian restaurant', 'Grocery delivery service', 'Japanese restaurant', 'Sushi restaurant', 'Vegetarian restaurant']",4.5,358,,"[['Sunday', '11AM–9PM'], ['Monday', '11AM–9PM'], ['Tuesday', '11AM–9PM'], ['Wednesday', '11AM–9PM'], ['Thursday', '11AM–9PM'], ['Friday', '11AM–9:30PM'], ['Saturday', '11AM–9:30PM']]"
0x88405a06f1bfcc1f:0x9e17de6a72d58a6c,Soho Japanese Bistro,"Soho Japanese Bistro, 7655 Voice of America Centre Dr, West Chester Township, OH 45069",39.3557633,-84.363693,"['Asian restaurant', 'Japanese restaurant', 'Seafood restaurant', 'Sushi restaurant']",4.3,543,$$$,"[['Sunday', '11AM–9PM'], ['Monday', '11AM–9PM'], ['Tuesday', '11AM–9PM'], ['Wednesday', '11AM–9PM'], ['Thursday', '11AM–9PM'], ['Friday', '11AM–10PM'], ['Saturday', '11AM–10PM']]"
0x88388da4bd6d6093:0x7b888ddbb7f3522e,sushi ten,"sushi ten, 1159 Old Henderson Rd, Columbus, OH 43220",40.0508253,-83.0512912,"['Sushi restaurant', 'Grocery store', 'Japanese grocery store', 'Japanese restaurant']",4.7,408,$$,"[['Sunday', '11AM–7:30PM'], ['Monday', '3–7:30PM'], ['Tuesday', '3–7:30PM'], ['Wednesday', '3–7:30PM'], ['Thursday', '3–7:30PM'], ['Friday', '11AM–7:30PM'], ['Saturday', '11AM–7:30PM']]"
0x88388dab40d495c3:0xccc9b12be74f818c,Hibachi Express (Upper Arlington),"Hibachi Express (Upper Arlington), 2051 Henderson Rd, Columbus, OH 43220",40.0565384,-83.07451619999999,"['Restaurant', 'Japanese steakhouse']",4.4,98,,"[['Sunday', 'Closed'], ['Monday', '11AM–9:15PM'], ['Tuesday', '11AM–9:15PM'], ['Wednesday', '11AM–9:15PM'], ['Thursday', '11AM–9:15PM'], ['Friday', '11AM–9:15PM'], ['Saturday', '11AM–9:15PM']]"
0x88408ffb7e479cef:0xc04454b434057327,Tokyo Sushi & Grill,"Tokyo Sushi & Grill, 4431 Feedwire Rd, Sugarcreek Township, OH 45440",39.6595495,-84.10668,['Japanese restaurant'],4.7,308,$$,"[['Saturday', '11AM–11PM'], ['Sunday', '12–10PM'], ['Monday', 'Closed'], ['Tuesday', '11AM–10PM'], ['Wednesday', '11AM–10PM'], ['Thursday', '11AM–10PM'], ['Friday', '11AM–11PM']]"
0x8830ef6192207a95:0x940b12e1bcd35e18,Kumo Japanese Seafood Buffet,"Kumo Japanese Seafood Buffet, 1975 Snow Rd, Cleveland, OH 44134",41.4033206,-81.69584139999999,"['Japanese restaurant', 'Chinese restaurant', 'Sushi restaurant']",4.1,1574,$$,"[['Saturday', '11AM–9PM'], ['Sunday', '11AM–9PM'], ['Monday', '11AM–9PM'], ['Tuesday', '11AM–9PM'], ['Wednesday', '11AM–9PM'], ['Thursday', '11AM–9PM'], ['Friday', '11AM–9PM']]"
0x8830ee55663e1dbb:0x9cddd6804baf0cad,Kintaro All You Can Eat Sushi & Hot Pot,"Kintaro All You Can Eat Sushi & Hot Pot, 7325 Northcliff Ave, Brooklyn, OH 44144",41.4246403,-81.7360534,"['Sushi restaurant', 'Asian restaurant', 'Buffet restaurant', 'Hot pot restaurant', 'Japanese restaurant', 'Sushi takeaway']",4.4,1427,$$,"[['Saturday', '11AM–10:30PM'], ['Sunday', '11AM–9:30PM'], ['Monday', '11AM–9:30PM'], ['Tuesday', '11AM–9:30PM'], ['Wednesday', '11AM–9:30PM'], ['Thursday', '11AM–9:30PM'], ['Friday', '11AM–10:30PM']]"
0x8830e7e3f5b37a4f:0xfdaf18b6a890a989,Feng Lz Hibachi Sushi & Bar,"Feng Lz Hibachi Sushi & Bar, 1100 W Royalton Rd, Broadview Heights, OH 44147",41.314715,-81.6864155,"['Japanese restaurant', 'Sushi restaurant']",4.5,433,$$,"[['Saturday', '11AM–11PM'], ['Sunday', '12PM–12AM'], ['Monday', '11AM–10PM'], ['Tuesday', '11AM–10PM'], ['Wednesday', '11AM–10PM'], ['Thursday', '11AM–10PM'], ['Friday', '11AM–11PM']]"
0x88312174aa75829d:0x9c9bc1affe91d530,Otani,"Otani, 180 W Streetsboro St # 5A, Hudson, OH 44236",41.2386333,-81.4495609,['Japanese restaurant'],4.2,204,$$,"[['Saturday', '11:30AM–2:30PM'], ['Sunday', '4:30–9PM'], ['Monday', '11:30AM–2:30PM'], ['Tuesday', '11:30AM–2:30PM'], ['Wednesday', '11:30AM–2:30PM'], ['Thursday', '11:30AM–2:30PM'], ['Friday', '11:30AM–2:30PM']]"
0x883127cff2862043:0x136d7da6a7f51b16,Hibachi Japan,"Hibachi Japan, 1803 Front St, Cuyahoga Falls, OH 44221",41.1297363,-81.4839233,"['Japanese restaurant', 'Japanese steakhouse', 'Restaurant', 'Sushi restaurant']",4.4,1494,$$$,"[['Saturday', '4–10PM'], ['Sunday', '4–9PM'], ['Monday', '5–9PM'], ['Tuesday', '5–9PM'], ['Wednesday', '5–9PM'], ['Thursday', '5–9PM'], ['Friday', '5–10PM']]"
0x8840ff0f7daf7775:0x1220081cd8512,Tokugawa Japan Steakhouse Sushi & Bar,"Tokugawa Japan Steakhouse Sushi & Bar, 5723 Signal Hill Ct, Milford, OH 45150",39.1857261,-84.2666091,"['Japanese restaurant', 'Sushi restaurant']",4.5,578,$$,"[['Saturday', '11AM–11PM'], ['Sunday', '12–9PM'], ['Monday', '11AM–10PM'], ['Tuesday', '11AM–10PM'], ['Wednesday', '11AM–10PM'], ['Thursday', '11AM–10PM'], ['Friday', '11AM–11PM']]"
0x883892cd1ed0b1b7:0xdd568bc53168a7ba,Fukuryu Ramen Dublin,"Fukuryu Ramen Dublin, 4540 Bridge Park Ave, Dublin, OH 43017",40.1026028,-83.1088063,"['Authentic Japanese restaurant', 'Japanese restaurant', 'Ramen restaurant', 'Soup restaurant']",4.3,1012,$$,"[['Saturday', '11AM–2:30PM'], ['Sunday', '11AM–2:30PM'], ['Monday', '11AM–2:30PM'], ['Tuesday', '11AM–2:30PM'], ['Wednesday', '11AM–2:30PM'], ['Thursday', '11AM–2:30PM'], ['Friday', '11AM–2:30PM']]"
0x8838931a7c79b5f1:0xeb24a1051fb3a8ea,Ronin Restaurant,"Ronin Restaurant, 6100 Parkcenter Cir, Dublin, OH 43017",40.077524499999996,-83.13175319999999,"['Sushi restaurant', 'Japanese restaurant']",4.3,388,$$,"[['Saturday', '11AM–11PM'], ['Sunday', '11AM–9:30PM'], ['Monday', '11AM–10PM'], ['Tuesday', '11AM–10PM'], ['Wednesday', '11AM–10PM'], ['Thursday', '11AM–10PM'], ['Friday', '11AM–11PM']]"
0x884045c9ab0d9e8d:0x49ab3578295693d,Fuji Steak House,"Fuji Steak House, 3373 Princeton Rd Suite #123, Hamilton, OH 45011",39.3877512,-84.5022755,['Japanese restaurant'],4.3,464,$$,"[['Friday', '11AM–11PM'], ['Saturday', '12–11PM'], ['Sunday', '12–9:30PM'], ['Monday', '11AM–10PM'], ['Tuesday', '11AM–10PM'], ['Wednesday', '11AM–10PM'], ['Thursday', '11AM–10PM']]"
0x8836d05625b59b8d:0x938929d749e1a927,Jasmine Asian Bistro,"Jasmine Asian Bistro, 1122 30th St NW, Canton, OH 44709",40.8309561,-81.3834059,"['Pan-Asian restaurant', 'Asian restaurant', 'Bar', 'Chinese restaurant', 'Japanese restaurant', 'Sushi restaurant']",4.5,598,$$,"[['Friday', '11AM–10:30PM'], ['Saturday', '12–10:30PM'], ['Sunday', '12–9PM'], ['Monday', '11AM–10PM'], ['Tuesday', '11AM–10PM'], ['Wednesday', '11AM–10PM'], ['Thursday', '11AM–10PM']]"
0x884088e0618aa09d:0xa37faf747e5b751c,Sake Japanese Steak House & Sushi Bar,"Sake Japanese Steak House & Sushi Bar, 2146 Miamisburg Centerville Rd, Dayton, OH 45459",39.6337581,-84.209167,['Japanese restaurant'],4.3,565,$$,"[['Thursday', '10AM–10PM'], ['Friday', '10AM–10PM'], ['Saturday', '10AM–10PM'], ['Sunday', '10AM–10PM'], ['Monday', '10AM–10PM'], ['Tuesday', '10AM–10PM'], ['Wednesday', '10AM–10PM']]"
0x8830ee2aef2ea4d5:0x12f656aa49aaf491,Teriyaki Express,"Teriyaki Express, 7060 Denison Ave, Cleveland, OH 44102",41.4620988,-81.73665749999999,"['Authentic Japanese restaurant', 'Chinese restaurant', 'Japanese restaurant', 'Sushi restaurant']",4.1,418,$,"[['Thursday', '11AM–10PM'], ['Friday', '10AM–11PM'], ['Saturday', '10AM–11PM'], ['Sunday', '10AM–9PM'], ['Monday', '11AM–10PM'], ['Tuesday', '11AM–10PM'], ['Wednesday', '11AM–10PM']]"
0x883093bcc0ef9b4f:0xc0a5b43f106b7567,Arashi Japan Sushi & Steakhouse,"Arashi Japan Sushi & Steakhouse, 30006 Detroit Rd, Westlake, OH 44145",41.464926999999996,-81.9519025,"['Japanese restaurant', 'Restaurant', 'Steak house', 'Sushi restaurant']",4.0,238,$$,"[['Thursday', '12–9PM'], ['Friday', '12–9:30PM'], ['Saturday', '12–9:30PM'], ['Sunday', '12–8:30PM'], ['Monday', '12–9PM'], ['Tuesday', '12–9PM'], ['Wednesday', '12–9PM']]"
0x8841a934077e6a83:0x649ee6b9c3c7cc3c,SushiNati,"SushiNati, 7466 Beechmont Ave, Cincinnati, OH 45255",39.074400499999996,-84.3495192,"['Sushi restaurant', 'Asian restaurant', 'Japanese restaurant', 'Korean restaurant']",4.3,227,,"[['Thursday', '11:30AM–10PM'], ['Friday', '11:30AM–10PM'], ['Saturday', '11:30AM–10PM'], ['Sunday', '4:30–9:30PM'], ['Monday', '11:30AM–10PM'], ['Tuesday', '11:30AM–10PM'], ['Wednesday', '11:30AM–10PM']]"
0x883c775a7edd203b:0x6da01a6a608a487d,Red flame - Teriyaki & Sushi,"Red flame - Teriyaki & Sushi, 1385 Conant St C, Maumee, OH 43537",41.5786874,-83.6642925,"['Japanese restaurant', 'Asian restaurant', 'Fast food restaurant', 'Sushi restaurant']",4.2,266,$,"[['Thursday', '11AM–9PM'], ['Friday', '11AM–9PM'], ['Saturday', '11AM–9PM'], ['Sunday', 'Closed'], ['Monday', '11AM–9PM'], ['Tuesday', '11AM–9PM'], ['Wednesday', '11AM–9PM']]"
0x8830d0ae7c334d2d:0xee0a28ff514cfa0,Big Eye Japanese Cuisine & Sushi Bar,"Big Eye Japanese Cuisine & Sushi Bar, 2965 W Market St # L, Fairlawn, OH 44333",41.129234,-81.609234,"['Sushi restaurant', 'Asian restaurant', 'Californian restaurant', 'Japanese restaurant', 'Restaurant']",4.7,454,$$,"[['Thursday', '11AM–10PM'], ['Friday', '11AM–10:30PM'], ['Saturday', '11AM–10:30PM'], ['Sunday', '12–9PM'], ['Monday', '11AM–10PM'], ['Tuesday', '11AM–10PM'], ['Wednesday', '11AM–10PM']]"
0x883864d731b822c3:0x81ec610fd0b60de7,Fugu Sushi,"Fugu Sushi, 10503 Blacklick-Eastern Rd NW, Pickerington, OH 43147",39.9285169,-82.7849317,"['Sushi restaurant', 'Japanese restaurant']",4.6,726,$$,"[['Thursday', '11AM–10PM'], ['Friday', '11AM–10PM'], ['Saturday', '11AM–10PM'], ['Sunday', '12–9PM'], ['Monday', '11AM–10PM'], ['Tuesday', '11AM–10PM'], ['Wednesday', '11AM–10PM']]"
0x883f76472ed982f1:0x678b573f81b7494f,Sakai Japanese Bistro,"Sakai Japanese Bistro, 2303 W Main St, Troy, OH 45373",40.0587614,-84.24573219999999,"['Asian restaurant', 'Japanese restaurant', 'Japanese steakhouse', 'Seafood restaurant', 'Sushi restaurant']",4.3,518,$$,"[['Thursday', '11AM–2PM'], ['Friday', '11AM–2:30PM'], ['Saturday', '11AM–2:30PM'], ['Sunday', '4–9:30PM'], ['Monday', '11AM–2PM'], ['Tuesday', '11AM–2PM'], ['Wednesday', '11AM–2PM']]"
0x88388da4bd6d6093:0xb29297e8b0e1217,Japan Marketplace,"Japan Marketplace, 1169 Old Henderson Rd, Columbus, OH 43220",40.050888,-83.051509,"['Japanese grocery store', 'Bakery', 'Cake shop', 'Gift shop', 'Japanese restaurant', 'Market', 'Noodle shop']",4.8,655,,"[['Wednesday', '10AM–8PM'], ['Thursday', '10AM–8PM'], ['Friday', '10AM–8PM'], ['Saturday', '10AM–8PM'], ['Sunday', '11AM–8PM'], ['Monday', '10AM–8PM'], ['Tuesday', '10AM–8PM']]"
0x8838f5f487ab1fa5:0xee0497fa34182150,Fusian,"Fusian, 79 S State St, Westerville, OH 43081",40.1237881,-82.9309708,"['Asian restaurant', 'Asian fusion restaurant', 'Japanese restaurant', 'Sushi restaurant']",4.2,18,,"[['Wednesday', '11AM–10PM'], ['Thursday', '11AM–10PM'], ['Friday', '11AM–10PM'], ['Saturday', '11AM–10PM'], ['Sunday', '11AM–10PM'], ['Monday', '11AM–10PM'], ['Tuesday', '11AM–10PM']]"
0x8830d74dc60f32dd:0xcfb9515b15486c3a,House of Hunan by Suen,"House of Hunan by Suen, 2717 W Market St, Fairlawn, OH 44333",41.12522,-81.601339,"['Restaurant', 'Asian restaurant', 'Chinese restaurant', 'Japanese restaurant', 'Sushi restaurant']",4.2,558,$$,"[['Wednesday', '11AM–3PM'], ['Thursday', '11AM–3PM'], ['Friday', '11AM–3PM'], ['Saturday', '12–9:30PM'], ['Sunday', '12–9:30PM'], ['Monday', '11AM–3PM'], ['Tuesday', '11AM–3PM']]"
0x8833fa588581d0c1:0x988990def779b934,Asuka Japanese Cuisine,"Asuka Japanese Cuisine, 7381 Market St, Youngstown, OH 44512",41.021939599999996,-80.66214,"['Restaurant', 'Japanese restaurant', 'Sushi restaurant', 'Sushi takeaway', 'Teppanyaki restaurant']",4.0,308,$$,"[['Wednesday', '11AM–10PM'], ['Thursday', '11AM–10PM'], ['Friday', '11AM–10PM'], ['Saturday', '11:30AM–10PM'], ['Sunday', '11:30AM–10PM'], ['Monday', '11AM–10PM'], ['Tuesday', '11AM–10PM']]"
0x88387d33cec7c63b:0x70cf59a59b373b0f,Ichiban Japanese Steak House,"Ichiban Japanese Steak House, 2690 S Hamilton Rd, Columbus, OH 43232",39.9231851,-82.8791165,"['Japanese restaurant', 'Asian restaurant', 'Steak house']",4.0,581,$$,"[['Wednesday', '11:15AM–2:30PM'], ['Thursday', '11:15AM–2:30PM'], ['Friday', '11:15AM–2:30PM'], ['Saturday', '12–2:30PM'], ['Sunday', '12–3PM'], ['Monday', '11:15AM–2:30PM'], ['Tuesday', '11:15AM–2:30PM']]"
0x8838635b3bda9319:0xc32b7470e35fed6f,Genji Japanese Steakhouse - Reynoldsburg,"Genji Japanese Steakhouse - Reynoldsburg, 2045 Brice Rd, Reynoldsburg, OH 43068",39.937512999999996,-82.830979,"['Japanese steakhouse', 'Asian restaurant', 'Japanese restaurant', 'Steak house']",4.3,455,$$,"[['Wednesday', '11AM–1:45PM'], ['Thursday', '11AM–1:45PM'], ['Friday', '11AM–1:45PM'], ['Saturday', '4–10PM'], ['Sunday', '11:30AM–2:30PM'], ['Monday', 'Closed'], ['Tuesday', '11AM–1:45PM']]"
0x883c0bd1b5a2d3ab:0xb5426cc461d99e48,Ninja hibachi sushi steak house,"Ninja hibachi sushi steak house, 1080 S Main St, Bowling Green, OH 43402",41.358185899999995,-83.652631,['Japanese restaurant'],4.5,125,,"[['Wednesday', '11AM–10PM'], ['Thursday', '11AM–10PM'], ['Friday', '11AM–11PM'], ['Saturday', '11AM–11PM'], ['Sunday', '12–10PM'], ['Monday', '11AM–10PM'], ['Tuesday', '11AM–10PM']]"
0x88388e6dea02026f:0x9bf400133cac657d,Fukuryu Ramen Upper Arlington,"Fukuryu Ramen Upper Arlington, 1600 W Lane Ave #160, Upper Arlington, OH 43221",40.0073021,-83.05346589999999,"['Authentic Japanese restaurant', 'Japanese restaurant', 'Ramen restaurant']",4.4,978,$$,"[['Wednesday', '11AM–2:30PM'], ['Thursday', '11AM–2:30PM'], ['Friday', '11AM–2:30PM'], ['Saturday', '11AM–2:30PM'], ['Sunday', '11AM–2:30PM'], ['Monday', '11AM–2:30PM'], ['Tuesday', '11AM–2:30PM']]"
0x8837ed9966a73d23:0x7293b503b10feeeb,Mizu Sushi And Grill,"Mizu Sushi And Grill, 3517 Maple Ave, Zanesville, OH 43701",39.9865341,-82.0240012,"['Sushi restaurant', 'Japanese restaurant']",4.5,438,$$,"[['Wednesday', '11AM–10PM'], ['Thursday', '11AM–10PM'], ['Friday', '11AM–10:30PM'], ['Saturday', '11AM–10:30PM'], ['Sunday', '12–9:30PM'], ['Monday', '11AM–10PM'], ['Tuesday', '11AM–10PM']]"
0x8830e2b8b34e67bd:0x8d2a6e9a879fb675,Teriyaki express,"Teriyaki express, 4614 Warrensville Center Rd, North Randall, OH 44128",41.4340481,-81.5366544,['Japanese restaurant'],3.8,168,$,"[['Wednesday', '11AM–9:45PM'], ['Thursday', '11AM–9:45PM'], ['Friday', '11AM–9:45PM'], ['Saturday', '11AM–9:45PM'], ['Sunday', '11AM–8:45PM'], ['Monday', '11AM–9:45PM'], ['Tuesday', '11AM–9:45PM']]"
0x883c7c713b56bdff:0xd38cd0420e2f10d3,Kyoto KA Restaurant,"Kyoto KA Restaurant, 6801 Central Ave # J, Toledo, OH 43617",41.6735877,-83.7060394,"['Japanese restaurant', 'Restaurant']",4.7,387,$$,"[['Wednesday', '11:30AM–2:30PM'], ['Thursday', '11:30AM–2:30PM'], ['Friday', '11:30AM–2:30PM'], ['Saturday', '12–10:30PM'], ['Sunday', 'Closed'], ['Monday', '11:30AM–2:30PM'], ['Tuesday', '11:30AM–2:30PM']]"
0x884048f53806707f:0xf2a87f33745ecd53,Sushi House Asian Grill,"Sushi House Asian Grill, 510 Nilles Rd, Fairfield, OH 45014",39.338330299999996,-84.5628187,"['Steak house', 'Grill', 'Asian restaurant', 'Japanese restaurant', 'Seafood restaurant', 'Sushi restaurant']",4.6,498,$$,"[['Tuesday', '11AM–10PM'], ['Wednesday', '11AM–10PM'], ['Thursday', '11AM–10PM'], ['Friday', '11AM–10PM'], ['Saturday', '12–10PM'], ['Sunday', '12–9:30PM'], ['Monday', 'Closed']]"
0x8838edf02674851b:0x2309a8388ec4dec0,Menya Ramen,"Menya Ramen, 331 W Bridge St, Dublin, OH 43017",40.0980114,-83.12350169999999,"['Authentic Japanese restaurant', 'Noodle shop', 'Ramen restaurant', 'Restaurant']",4.5,233,$$,"[['Monday', 'Closed'], ['Tuesday', '11AM–2PM'], ['Wednesday', '11AM–2PM'], ['Thursday', '11AM–2PM'], ['Friday', '11AM–2PM'], ['Saturday', '11AM–9PM'], ['Sunday', '11AM–9PM']]"
0x88404b53c99b6893:0xd1af084502e11d98,Yummy Sushi,"Yummy Sushi, 5848 Cheviot Rd, Cincinnati, OH 45247",39.1997664,-84.6001139,"['Japanese restaurant', 'Sushi restaurant']",4.7,155,,"[['Monday', '11AM–3PM'], ['Tuesday', '11AM–3PM'], ['Wednesday', '11AM–3PM'], ['Thursday', '11AM–3PM'], ['Friday', '11AM–3PM'], ['Saturday', '11AM–10:30PM'], ['Sunday', '12–9:30PM']]"
0x88409c63ea7013e9:0x4863e531505bfd38,Osaka Japanese Steakhouse,"Osaka Japanese Steakhouse, 2476 Commons Blvd, Beavercreek, OH 45431",39.7620133,-84.0550537,"['Japanese steakhouse', 'Asian restaurant', 'Sushi restaurant']",4.4,986,$$,"[['Sunday', '12–9PM'], ['Monday', '11AM–2:30PM'], ['Tuesday', '11AM–2:30PM'], ['Wednesday', '11AM–2:30PM'], ['Thursday', '11AM–2:30PM'], ['Friday', '11AM–2:30PM'], ['Saturday', '1–10PM']]"
0x883864d3779e3563:0x65bb5422b54a96f8,Iron Chef,"Iron Chef, 12995 Stonecreek Dr, Pickerington, OH 43147",39.9232711,-82.7839126,"['Japanese restaurant', 'Asian restaurant', 'Japanese steakhouse', 'Sushi restaurant']",4.3,793,$$,"[['Sunday', '12–3PM'], ['Monday', '11AM–2PM'], ['Tuesday', 'Closed'], ['Wednesday', '11AM–2PM'], ['Thursday', '11AM–2PM'], ['Friday', '11AM–2PM'], ['Saturday', '11:30AM–2:30PM']]"
0x8838635ff7bec295:0xffbfbaa4c7c15ed7,Sakura Hibachi & Sushi,"Sakura Hibachi & Sushi, 6517 E Livingston Ave, Reynoldsburg, OH 43068",39.942250699999995,-82.821379,"['Japanese restaurant', 'Asian restaurant', 'Sushi restaurant']",4.3,157,$$,"[['Sunday', '12–9:30PM'], ['Monday', '12–9PM'], ['Tuesday', '12–9PM'], ['Wednesday', '12–9PM'], ['Thursday', '12–9PM'], ['Friday', '12–9:30PM'], ['Saturday', '12–9:30PM']]"
0x8830e435deef61b9:0x76c9989e16dfe20d,Hibachi Japanese Steakhouse,"Hibachi Japanese Steakhouse, 6901 Rockside Rd #133, Independence, OH 44131",41.3960797,-81.6416153,"['Japanese steakhouse', 'Sushi restaurant']",4.1,587,$$,"[['Sunday', '12–10PM'], ['Monday', '11AM–10PM'], ['Tuesday', '11AM–10PM'], ['Wednesday', '11AM–10PM'], ['Thursday', '11AM–10PM'], ['Friday', '11AM–11PM'], ['Saturday', '12–11PM']]"
0x8838f47f14d9e21d:0xd4ce45daa8576e1a,House of Japan,"House of Japan, 8701 Sancus Blvd, Columbus, OH 43240",40.1414243,-82.99177519999999,['Japanese restaurant'],4.3,1410,$$,"[['Sunday', '11:30AM–2:30PM'], ['Monday', '11:30AM–2PM'], ['Tuesday', '11:30AM–2PM'], ['Wednesday', '11:30AM–2PM'], ['Thursday', '11:30AM–2PM'], ['Friday', '11:30AM–2PM'], ['Saturday', '11:30AM–2:30PM']]"
0x883c7988367ee0d9:0xb18056fe34a83e56,Koreana Asian Grill and Sushi,"Koreana Asian Grill and Sushi, 1423 Bernath, Toledo, OH 43615",41.614621799999995,-83.6754239,"['Asian restaurant', 'Bar & grill', 'Japanese restaurant', 'Takeout Restaurant', 'Sushi restaurant']",4.5,456,$$,"[['Sunday', '1–9PM'], ['Monday', 'Closed'], ['Tuesday', '4–9:30PM'], ['Wednesday', '4–9:30PM'], ['Thursday', '4–9:30PM'], ['Friday', '12:30–10PM'], ['Saturday', '12:30–10PM']]"
0x8840841ceed3b809:0x3272e30a80a16433,FUSIAN,"FUSIAN, 1200 Brown St #125, Dayton, OH 45409",39.7417969,-84.1820177,"['Asian restaurant', 'Grocery delivery service', 'Japanese restaurant', 'Sushi restaurant', 'Vegetarian restaurant']",4.5,478,$,"[['Sunday', '11AM–9PM'], ['Monday', '11AM–9PM'], ['Tuesday', '11AM–9PM'], ['Wednesday', '11AM–9PM'], ['Thursday', '11AM–9PM'], ['Friday', '11AM–9:30PM'], ['Saturday', '11AM–9:30PM']]"
0x88408336253f3633:0x39974a892db001db,Song's Sushi,"Song's Sushi, 5515 Airway Rd, Dayton, OH 45431",39.7708661,-84.108454,"['Japanese restaurant', 'Korean restaurant', 'Restaurant']",4.5,338,$$,"[['Sunday', 'Closed'], ['Monday', '11AM–8PM'], ['Tuesday', '11AM–8PM'], ['Wednesday', '11AM–8PM'], ['Thursday', '11AM–8PM'], ['Friday', '11AM–8PM'], ['Saturday', '12–8:30PM']]"
0x8840892bacd1a217:0x3b58c92c38c85ea2,FUSIAN,"FUSIAN, 1024 Miamisburg Centerville Rd space b6, Dayton, OH 45459",39.626669199999995,-84.1891067,"['Asian restaurant', 'Grocery delivery service', 'Japanese restaurant', 'Sushi restaurant', 'Vegetarian restaurant']",4.3,418,$,"[['Sunday', '11AM–9PM'], ['Monday', '11AM–9PM'], ['Tuesday', '11AM–9PM'], ['Wednesday', '11AM–9PM'], ['Thursday', '11AM–9PM'], ['Friday', '11AM–9:30PM'], ['Saturday', '11AM–9:30PM']]"
0x88387b29a44e9999:0x34d1f850caed55d7,Genjigo,"Genjigo, 1217 Hill Rd N, Pickerington, OH 43147",39.912170499999995,-82.78072689999999,"['Fast food restaurant', 'Japanese restaurant', 'Japanese steakhouse', 'Restaurant']",3.8,278,,"[['Sunday', '11AM–9:30PM'], ['Monday', '11AM–9:30PM'], ['Tuesday', '11AM–9:30PM'], ['Wednesday', '11AM–9:30PM'], ['Thursday', '11AM–9:30PM'], ['Friday', '11AM–9:30PM'], ['Saturday', '11AM–9:30PM']]"
0x883893105fa62db5:0xdbe791bd16a1ab09,House of Japan,"House of Japan, 6153 Parkcenter Cir, Dublin, OH 43017",40.0772664,-83.1342973,"['Japanese steakhouse', 'Asian restaurant', 'Japanese restaurant', 'Restaurant', 'Sushi restaurant']",4.5,1778,$$,"[['Saturday', '11:30AM–2:30PM'], ['Sunday', '11:30AM–2:30PM'], ['Monday', '11:30AM–2PM'], ['Tuesday', '11:30AM–2PM'], ['Wednesday', '11:30AM–2PM'], ['Thursday', '11:30AM–2PM'], ['Friday', '11:30AM–2PM']]"
0x8838f47ffafd2c3d:0x670bbf46aa8a47c9,Royal Ginger Asian Fusion Bistro,"Royal Ginger Asian Fusion Bistro, 8591 Sancus Blvd, Columbus, OH 43240",40.1388636,-82.9920738,"['Asian fusion restaurant', 'Bar', 'Chinese restaurant', 'Indian restaurant', 'Japanese restaurant', 'Stand bar', 'Sushi restaurant', 'Thai restaurant']",3.9,648,$$,"[['Saturday', '11AM–9:30PM'], ['Sunday', '11AM–9:30PM'], ['Monday', '11AM–9:30PM'], ['Tuesday', '11AM–9:30PM'], ['Wednesday', 'Closed'], ['Thursday', '11AM–9:30PM'], ['Friday', '11AM–9:30PM']]"
0x88312887fc13384f:0x449a002b9b722f19,Royal Buffet & Grill,"Royal Buffet & Grill, 1930 Buchholzer Blvd, Akron, OH 44310",41.1154288,-81.4730987,"['Buffet restaurant', 'Chinese restaurant', 'Japanese restaurant', 'Seafood restaurant']",3.8,1941,$,"[['Saturday', '11AM–10PM'], ['Sunday', '11AM–9PM'], ['Monday', '11AM–9PM'], ['Tuesday', '11AM–9PM'], ['Wednesday', '11AM–9PM'], ['Thursday', '11AM–9PM'], ['Friday', '11AM–10PM']]"
0x8838f340cc927b29:0x88959ea50ec5e55d,Sushiko,"Sushiko, 122 Hutchinson Ave, Columbus, OH 43235",40.114769599999995,-83.0113248,['Japanese restaurant'],4.5,618,$$,"[['Saturday', '12–9:30PM'], ['Sunday', '4:30–9PM'], ['Monday', '11AM–3PM'], ['Tuesday', '11AM–3PM'], ['Wednesday', '11AM–3PM'], ['Thursday', '11AM–3PM'], ['Friday', '11AM–3PM']]"
0x8830e73e74ec7ae7:0xa404e5d3274ca80b,Sakura Japanese,"Sakura Japanese, 8409 Chippewa Rd, Brecksville, OH 44141",41.320784599999996,-81.62280009999999,"['Japanese steakhouse', 'Japanese restaurant', 'Seafood restaurant', 'Sushi restaurant']",4.0,178,,"[['Saturday', '11AM–10:30PM'], ['Sunday', '12–9PM'], ['Monday', '11AM–9:30PM'], ['Tuesday', '11AM–9:30PM'], ['Wednesday', '11AM–9:30PM'], ['Thursday', '11AM–9:30PM'], ['Friday', '11AM–10:30PM']]"
0x8838605533d14ea1:0xc29467348a97151f,Mr. Sushi,"Mr. Sushi, 1159 N Hamilton Rd, Gahanna, OH 43230",40.0491175,-82.86523079999999,"['Sushi restaurant', 'Asian restaurant', 'Japanese restaurant']",4.6,597,$$,"[['Saturday', '12–10PM'], ['Sunday', '5–9PM'], ['Monday', '11AM–9:30PM'], ['Tuesday', '11AM–9:30PM'], ['Wednesday', '11AM–9:30PM'], ['Thursday', '11AM–9:30PM'], ['Friday', '11AM–10PM']]"
0x8836d4d0fa1d2d7d:0xc3499c264e73a8ed,Kasai Japanese Restaurant,"Kasai Japanese Restaurant, 3875 Massillon Rd #300, Uniontown, OH 44685",40.9577482,-81.4646872,"['Japanese restaurant', 'Restaurant']",4.5,548,$$,"[['Saturday', '11AM–2:30PM'], ['Sunday', '3–9:30PM'], ['Monday', 'Closed'], ['Tuesday', '11AM–2:30PM'], ['Wednesday', '11AM–2:30PM'], ['Thursday', '11AM–2:30PM'], ['Friday', '11AM–2:30PM']]"
0x8830c7fe8da4359f:0xed46d67407ea3c5e,Tokyo - Hibachi & Sushi,"Tokyo - Hibachi & Sushi, 1132 N Court St, Medina, OH 44256",41.1567303,-81.8618506,['Japanese restaurant'],4.7,498,$$,"[['Saturday', '11AM–11PM'], ['Sunday', '12–9:30PM'], ['Monday', '11AM–3PM'], ['Tuesday', '11AM–3PM'], ['Wednesday', '11AM–3PM'], ['Thursday', '11AM–3PM'], ['Friday', '11AM–11PM']]"
0x8831291dcd3f7d93:0x224a47edef4343a8,Fuji Hot Pot & Sushi,"Fuji Hot Pot & Sushi, 1662 Brittain Rd, Akron, OH 44310",41.1080761,-81.46656639999999,"['Japanese restaurant', 'Cajun restaurant', 'Fondue restaurant', 'Sushi restaurant']",4.6,124,,"[['Saturday', '11AM–10:30PM'], ['Sunday', '12–9:30PM'], ['Monday', '11AM–9:30PM'], ['Tuesday', '11AM–9:30PM'], ['Wednesday', '11AM–9:30PM'], ['Thursday', '11AM–9:30PM'], ['Friday', '11AM–10:30PM']]"
0x883c76f2ee2a437d:0x5416ced69d8431a7,Nagoya Japanese Steakhouse and Sushi,"Nagoya Japanese Steakhouse and Sushi, 6190 Levis Commons Blvd, Perrysburg, OH 43551",41.5273695,-83.6450959,"['Japanese steakhouse', 'Restaurant']",4.5,908,$$$,"[['Friday', '4–10PM'], ['Saturday', '12–10PM'], ['Sunday', '12–9PM'], ['Monday', '4–9PM'], ['Tuesday', '4–9PM'], ['Wednesday', '4–9PM'], ['Thursday', '4–9PM']]"
0x883b882ad3745caf:0xb71e7a1727242eb1,Tokyo Express,"Tokyo Express, 10013 Fremont Pike, Perrysburg, OH 43551",41.542,-83.587609,['Japanese restaurant'],4.5,156,,"[['Friday', '10:30AM–10PM'], ['Saturday', '10:30AM–10PM'], ['Sunday', '11AM–9PM'], ['Monday', '10:30AM–10PM'], ['Tuesday', '10:30AM–10PM'], ['Wednesday', '10:30AM–10PM'], ['Thursday', '10:30AM–10PM']]"
0x883bc6fe9759e527:0x1b6f253507962d7f,Bamboo Steak House & Sushi,"Bamboo Steak House & Sushi, 1224 W State St, Fremont, OH 43420",41.3530977,-83.12649069999999,"['Japanese restaurant', 'Sushi restaurant']",4.4,228,$$,"[['Friday', '11AM–9:30PM'], ['Saturday', '11AM–9:30PM'], ['Sunday', '11:30AM–9PM'], ['Monday', 'Closed'], ['Tuesday', '11AM–9PM'], ['Wednesday', '11AM–9PM'], ['Thursday', '11AM–9PM']]"
0x8831a8beb0d53207:0x144a085570306c20,Fuji Japanese,"Fuji Japanese, 7850 Mentor Ave, Mentor, OH 44060",41.656607199999996,-81.36072449999999,"['Japanese restaurant', 'Asian restaurant', 'Chinese restaurant', 'Sushi restaurant']",4.1,727,$$,"[['Friday', '11:30AM–11PM'], ['Saturday', '11:30AM–11PM'], ['Sunday', '12–10PM'], ['Monday', '11:30AM–10PM'], ['Tuesday', '11:30AM–10PM'], ['Wednesday', '11:30AM–10PM'], ['Thursday', '11:30AM–10PM']]"
0x883865d3e1f90a77:0xf086936eabdff6ba,Sakana Restaurant,"Sakana Restaurant, 7952 E Broad St, Reynoldsburg, OH 43068",39.9868439,-82.7902905,"['Asian fusion restaurant', 'Asian restaurant', 'Japanese restaurant', 'Sushi restaurant']",4.4,548,$$,"[['Friday', '11AM–10PM'], ['Saturday', '11AM–10PM'], ['Sunday', '12–9:30PM'], ['Monday', '4–7PM'], ['Tuesday', '11AM–9:30PM'], ['Wednesday', '11AM–9:30PM'], ['Thursday', '11AM–9:30PM']]"
0x883891270f839d87:0x23461c1ae785bb9b,Wild Ginger,"Wild Ginger, 1726 Hilliard Rome Rd, Hilliard, OH 43026",39.9864229,-83.1486461,"['Sushi restaurant', 'Asian restaurant', 'Japanese restaurant', 'Restaurant', 'Thai restaurant']",4.6,587,$$,"[['Friday', '11AM–10:30PM'], ['Saturday', '11AM–10:30PM'], ['Sunday', '12–9:30PM'], ['Monday', '11AM–10PM'], ['Tuesday', '11AM–10PM'], ['Wednesday', '11AM–10PM'], ['Thursday', '11AM–10PM']]"
0x88388d6877db381f:0xc832e6249d6ce772,Tensuke Market,"Tensuke Market, 1167 Old Henderson Rd, Columbus, OH 43220",40.0508556,-83.05148109999999,"['Japanese grocery store', 'Grocery store', 'Noodle shop', 'Ramen restaurant', 'Seafood market', 'Supermarket', 'Sushi restaurant']",4.8,943,,"[['Friday', '10AM–8PM'], ['Saturday', '10AM–8PM'], ['Sunday', '11AM–8PM'], ['Monday', '10AM–8PM'], ['Tuesday', '10AM–8PM'], ['Wednesday', '10AM–8PM'], ['Thursday', '10AM–8PM']]"
0x88388da48d9d72c3:0xbdad55b4b25812e4,Tensuke Express,"Tensuke Express, 1155 Old Henderson Rd, Columbus, OH 43220",40.0508653,-83.05119069999999,['Japanese restaurant'],4.7,1072,$,"[['Friday', '4–8PM'], ['Saturday', '11AM–2:30PM'], ['Sunday', '4–8PM'], ['Monday', '4–8PM'], ['Tuesday', '4–8PM'], ['Wednesday', '4–8PM'], ['Thursday', '4–8PM']]"
0x88312523d8d7e319:0x26af9664c54c2bce,Newdle Bar,"Newdle Bar, 295 S Water St, Kent, OH 44240",41.152046399999996,-81.358058,"['Japanese restaurant', 'Bar', 'Restaurant']",4.1,266,$$,"[['Friday', '11:30AM–10PM'], ['Saturday', '11:30AM–10PM'], ['Sunday', 'Closed'], ['Monday', '11:30AM–10PM'], ['Tuesday', '11:30AM–10PM'], ['Wednesday', '11:30AM–10PM'], ['Thursday', '11:30AM–10PM']]"
0x8840f7dddf4a47f1:0x349ef547c3a7e374,Tenji Sushi and Asian Cuisine,"Tenji Sushi and Asian Cuisine, 5490 Beach Blvd, Mason, OH 45040",39.358301,-84.2667479,"['Japanese restaurant', 'Restaurant']",4.6,106,,"[['Thursday', '11AM–10PM'], ['Friday', '11AM–10:45PM'], ['Saturday', '11AM–11PM'], ['Sunday', '12–9:30PM'], ['Monday', 'Closed'], ['Tuesday', '11AM–10PM'], ['Wednesday', '11AM–10PM']]"
0x8830d07b13a25fcf:0x2946c4df25a91cf1,Wasabi Japanese Steakhouse,"Wasabi Japanese Steakhouse, 150 Montrose W Ave, Copley, OH 44321",41.130427,-81.65439119999999,"['Japanese restaurant', 'Asian restaurant', 'Japanese steakhouse', 'Restaurant', 'Seafood restaurant', 'Sushi restaurant']",4.5,1418,$$$,"[['Thursday', '11AM–2PM'], ['Friday', '11AM–2PM'], ['Saturday', '2–10:30PM'], ['Sunday', '12–8:30PM'], ['Monday', '4:30–9:30PM'], ['Tuesday', '4:30–9:30PM'], ['Wednesday', '4:30–9:30PM']]"
0x88312a217763e2ed:0x73ee305419cf3cac,Wasabi Express by Tiger,"Wasabi Express by Tiger, 240 5th St SE, Barberton, OH 44203",41.003557,-81.589766,['Authentic Japanese restaurant'],4.0,258,,"[['Thursday', '11AM–2PM'], ['Friday', '11AM–2PM'], ['Saturday', '11AM–2PM'], ['Sunday', '4–9PM'], ['Monday', '11AM–2PM'], ['Tuesday', '11AM–2PM'], ['Wednesday', '11AM–2PM']]"
0x8839ccc4b8ceadff:0xb67b5f000ffb6c99,Ichiban Sushi & Hibachi,"Ichiban Sushi & Hibachi, 1558 Coshocton Ave E1, Mt Vernon, OH 43050",40.401930899999996,-82.4437689,['Japanese restaurant'],4.7,548,$$,"[['Thursday', '11AM–9:30PM'], ['Friday', '11AM–10:30PM'], ['Saturday', '11AM–10:30PM'], ['Sunday', '11AM–9:30PM'], ['Monday', '11AM–9:30PM'], ['Tuesday', '11AM–9:30PM'], ['Wednesday', '11AM–9:30PM']]"
0x88386352029af06b:0xa2997babfc3ecaa0,Hibachi Go,"Hibachi Go, 2580 Brice Rd, Reynoldsburg, OH 43068",39.9286983,-82.8304083,"['Japanese restaurant', 'Asian restaurant']",4.1,278,$$,"[['Thursday', '11AM–9:30PM'], ['Friday', '11AM–10PM'], ['Saturday', '11AM–10PM'], ['Sunday', '11AM–9:30PM'], ['Monday', '11AM–9:30PM'], ['Tuesday', '11AM–9:30PM'], ['Wednesday', '11AM–9:30PM']]"
0x88388c5ca9b811e7:0x7b1a19aec3181d6e,FUSIAN,"FUSIAN, 4214 N High St, Columbus, OH 43214",40.0477729,-83.02017339999999,"['Asian restaurant', 'Grocery delivery service', 'Japanese restaurant', 'Sushi restaurant', 'Vegetarian restaurant']",4.5,536,$,"[['Wednesday', '11AM–9PM'], ['Thursday', '11AM–9PM'], ['Friday', '11AM–9:30PM'], ['Saturday', '11AM–9:30PM'], ['Sunday', '11AM–9PM'], ['Monday', '11AM–9PM'], ['Tuesday', '11AM–9PM']]"
0x88391aa35fcb4887:0xd4cb2f45a4038af0,Iron Chef Steakhouse Restaurant,"Iron Chef Steakhouse Restaurant, 1418 Mt Vernon Ave, Marion, OH 43302",40.5818,-83.091529,['Japanese steakhouse'],4.6,671,$$,"[['Wednesday', '11AM–2PM'], ['Thursday', '11AM–2PM'], ['Friday', '11AM–2PM'], ['Saturday', '11:30AM–2:30PM'], ['Sunday', '11:30AM–2:30PM'], ['Monday', 'Closed'], ['Tuesday', '11AM–2PM']]"
0x8830f07ff70887a1:0x69f3c7fecbbcf8c4,Noodlecat,"Noodlecat, 234 Euclid Ave, Cleveland, OH 44114",41.460808199999995,-81.9516737,['Japanese restaurant'],3.9,244,$$,"[['Tuesday', '11AM–9PM'], ['Wednesday', '11AM–9PM'], ['Thursday', '11AM–9PM'], ['Friday', '11AM–10PM'], ['Saturday', '11AM–10PM'], ['Sunday', '11AM–10PM'], ['Monday', '11AM–9PM']]"
0x883c7f17e9d05f25:0xbcf004dc1657bb8d,FUSIAN,"FUSIAN, 3504 Secor Rd, Toledo, OH 43606",41.684008,-83.6225856,"['Asian restaurant', 'Grocery delivery service', 'Japanese restaurant', 'Sushi restaurant', 'Vegetarian restaurant']",4.4,556,$$,"[['Tuesday', '11AM–9PM'], ['Wednesday', '11AM–9PM'], ['Thursday', '11AM–9PM'], ['Friday', '11AM–9:30PM'], ['Saturday', '11AM–9:30PM'], ['Sunday', '11AM–9PM'], ['Monday', '11AM–9PM']]"
0x8838930511d67e05:0x3f2e7fab029f2857,Nori Japan,"Nori Japan, 5043 Tuttle Crossing Blvd Space #179, Dublin, OH 43016",40.0729128,-83.13091419999999,['Japanese restaurant'],3.6,28,$,
0x8838922e3660219d:0xe684af15b0d10cb5,Daruma Japanese Steakhouse,"Daruma Japanese Steakhouse, 3939 Ridge Mill Dr, Hilliard, OH 43026",40.0318465,-83.11444399999999,"['Authentic Japanese restaurant', 'Event venue', 'Japanese steakhouse', 'Sushi restaurant']",4.5,638,$$,"[['Monday', '11:30AM–2PM'], ['Tuesday', '11:30AM–2PM'], ['Wednesday', '11:30AM–2PM'], ['Thursday', '11:30AM–2PM'], ['Friday', '11:30AM–2PM'], ['Saturday', '11:30AM–2PM'], ['Sunday', '5–9PM']]"
0x883884f279a78aa3:0xca0d460494800dd7,Siam Hibachi,"Siam Hibachi, 2257 Stringtown Rd, Grove City, OH 43123",39.877925999999995,-83.0631521,"['Thai restaurant', 'Japanese restaurant']",4.7,307,$$,"[['Monday', '11AM–8PM'], ['Tuesday', '11AM–8PM'], ['Wednesday', '11AM–8PM'], ['Thursday', '11AM–8PM'], ['Friday', '11AM–8PM'], ['Saturday', '11AM–8PM'], ['Sunday', 'Closed']]"
0x88388ef085101523:0xe79262158eff0e53,FUSIAN,"FUSIAN, 855 W 5th Ave, Columbus, OH 43212",39.9876321,-83.0286619,"['Asian restaurant', 'Grocery delivery service', 'Japanese restaurant', 'Sushi restaurant', 'Vegetarian restaurant']",4.5,728,$$,"[['Monday', '11AM–10PM'], ['Tuesday', '11AM–10PM'], ['Wednesday', '11AM–10PM'], ['Thursday', '11AM–10PM'], ['Friday', '11AM–10PM'], ['Saturday', '11AM–10PM'], ['Sunday', '11AM–10PM']]"
0x88404a64a1531681:0x7345a75229583d20,Kabuto Japanese Steakhouse & Sushi Bar,"Kabuto Japanese Steakhouse & Sushi Bar, 9455 Colerain Ave, Cincinnati, OH 45251",39.2429086,-84.5961148,"['Japanese steakhouse', 'Japanese restaurant', 'Restaurant']",4.2,902,$$,"[['Monday', '4:30–9PM'], ['Tuesday', '4:30–9PM'], ['Wednesday', '4:30–9PM'], ['Thursday', '4:30–9PM'], ['Friday', '4:30–10PM'], ['Saturday', '3–10PM'], ['Sunday', '3–9PM']]"
0x8841a9ffd53462c5:0xf7efa6d322aa7ab7,Fuji Steak House,"Fuji Steak House, 4389 Eastgate Square Dr, Cincinnati, OH 45245",39.094591799999996,-84.2703708,"['Japanese steakhouse', 'Japanese restaurant', 'Restaurant']",4.3,775,$$,"[['Monday', '11AM–9PM'], ['Tuesday', '11AM–9PM'], ['Wednesday', '11AM–9PM'], ['Thursday', '11AM–9PM'], ['Friday', '11AM–10PM'], ['Saturday', '12–10PM'], ['Sunday', '12–9PM']]"
0x8841a9873f771ef5:0xf2426f7b0d5db9bd,Osaka Ramen House,"Osaka Ramen House, 8084 Beechmont Ave, Cincinnati, OH 45255",39.0733897,-84.33105259999999,['Japanese restaurant'],4.7,238,$,"[['Monday', 'Closed'], ['Tuesday', '11AM–9:30PM'], ['Wednesday', '11AM–9:30PM'], ['Thursday', '11AM–9:30PM'], ['Friday', '11AM–10PM'], ['Saturday', '11AM–10PM'], ['Sunday', '12–9:30PM']]"
0x883f5b71e8524bed:0x424562e559011c02,Sakura Steakhouse & Sushi,"Sakura Steakhouse & Sushi, 1785 N Bechtle Ave, Springfield, OH 45504",39.9502167,-83.8326147,"['Japanese restaurant', 'Asian restaurant', 'Japanese steakhouse', 'Sushi restaurant']",4.4,354,$$,"[['Monday', '11AM–9PM'], ['Tuesday', 'Closed'], ['Wednesday', '11AM–9PM'], ['Thursday', '11AM–9PM'], ['Friday', '11AM–9PM'], ['Saturday', '11AM–9PM'], ['Sunday', '11AM–9PM']]"
0x8830fc4070e4c1e1:0xb1e1d7348a05db8a,Pacific East Japanese Restaurant,"Pacific East Japanese Restaurant, 1763 Coventry Rd, Cleveland Heights, OH 44118",41.5115315,-81.5798224,"['Japanese restaurant', 'Restaurant', 'Sushi restaurant']",4.4,956,$$,"[['Sunday', '3–9:30PM'], ['Monday', '11AM–3PM'], ['Tuesday', '11AM–3PM'], ['Wednesday', '11AM–3PM'], ['Thursday', '11AM–3PM'], ['Friday', '11AM–3PM'], ['Saturday', '12–3PM']]"
0x8830d081af542cdb:0xbd6da813e2f88b01,yellow tail buffet,"yellow tail buffet, 4054 Medina Rd, Akron, OH 44333",41.1312818,-81.64572629999999,"['Japanese restaurant', 'Asian restaurant', 'BBQ area', 'Hot pot restaurant']",4.1,525,$$,
0x883102de6c0cdffd:0x150f69447ad5a818,Pacific East Sushi Bar & Japanese Restaurant,"Pacific East Sushi Bar & Japanese Restaurant, 28601 Chagrin Blvd #850, Beachwood, OH 44122",41.4629798,-81.477711,['Japanese restaurant'],3.9,185,$$,"[['Sunday', '3–9:30PM'], ['Monday', '11AM–2:45PM'], ['Tuesday', '11AM–2:45PM'], ['Wednesday', '11AM–2:45PM'], ['Thursday', '11AM–2:45PM'], ['Friday', '11AM–2:45PM'], ['Saturday', '12–2:45PM']]"
0x8830e9320a455bd5:0x919f26c2f2f540d1,Chopsticks Express,"Chopsticks Express, 8800 Day Dr, Parma, OH 44129",41.380925399999995,-81.74601129999999,"['Chinese restaurant', 'Asian fusion restaurant', 'Asian restaurant', 'Delivery Chinese restaurant', 'Japanese restaurant']",4.4,555,$,"[['Sunday', '11AM–9PM'], ['Monday', '11AM–9PM'], ['Tuesday', '11AM–9PM'], ['Wednesday', '11AM–9PM'], ['Thursday', '11AM–9PM'], ['Friday', '11AM–9PM'], ['Saturday', '11AM–9PM']]"
0x8833faf5f5fdeef9:0x960b6ee609310818,Sarku Japan,"Sarku Japan, 7401 Market St Space 371, Youngstown, OH 44512",41.020794099999996,-80.6601005,"['Japanese restaurant', 'Asian restaurant', 'Fast food restaurant', 'Restaurant', 'Sushi restaurant', 'Teppanyaki restaurant']",3.8,63,$,"[['Saturday', '11AM–7PM'], ['Sunday', '11AM–6PM'], ['Monday', '11AM–7PM'], ['Tuesday', '11AM–7PM'], ['Wednesday', '11AM–7PM'], ['Thursday', '11AM–7PM'], ['Friday', '11AM–7PM']]"
0x8830930adfe15553:0x7117db8173094e4e,Sarku Japan,"Sarku Japan, 4954 Great Northern Blvd Space# FC2, North Olmsted, OH 44070",41.417473699999995,-81.90715569999999,"['Japanese restaurant', 'Fast food restaurant', 'Restaurant', 'Sushi restaurant', 'Teppanyaki restaurant']",4.2,154,$,"[['Saturday', '11AM–7PM'], ['Sunday', '12–6PM'], ['Monday', '11AM–7PM'], ['Tuesday', '11AM–7PM'], ['Wednesday', '11AM–7PM'], ['Thursday', '11AM–7PM'], ['Friday', '11AM–7PM']]"
0x8830fafcd6e73991:0x33128919281ab8f,Shoga Japanese Teriyaki Express,"Shoga Japanese Teriyaki Express, 5618 Woodland Ave, Cleveland, OH 44104",41.4877584,-81.6503333,['Japanese restaurant'],3.7,108,,"[['Friday', '11AM–3AM'], ['Saturday', '11AM–3AM'], ['Sunday', '11AM–9PM'], ['Monday', '11AM–10PM'], ['Tuesday', '11AM–10PM'], ['Wednesday', '11AM–10PM'], ['Thursday', '11AM–10PM']]"
0x8830f07d146239c7:0x4a2f861154160b72,TOMO Sushi & Hibachi Restaurant,"TOMO Sushi & Hibachi Restaurant, 1293 W 9th St, Cleveland, OH 44113",41.4994444,-81.7005556,"['Restaurant', 'Banquet hall', 'Bar', 'Bar & grill', 'Cocktail bar', 'Hookah bar', 'Japanese restaurant', 'Japanese steakhouse', 'Night club', 'Sushi restaurant']",3.7,588,$$,"[['Friday', '11AM–11PM'], ['Saturday', '11AM–7PM'], ['Sunday', '11AM–10PM'], ['Monday', 'Closed'], ['Tuesday', '4–10PM'], ['Wednesday', '4–10PM'], ['Thursday', '4–10PM']]"
0x8831016bae075029:0x8600e0155dafc97,Hibachi Japanese Steakhouse,"Hibachi Japanese Steakhouse, 775 Alpha Dr, Highland Heights, OH 44143",41.5402047,-81.4514159,"['Japanese steakhouse', 'Asian restaurant', 'Japanese restaurant', 'Restaurant', 'Steak house', 'Sushi restaurant']",3.8,508,$$,"[['Friday', '11:30AM–9PM'], ['Saturday', '12:30–9PM'], ['Sunday', '12:30–9PM'], ['Monday', '3:30–9PM'], ['Tuesday', '3:30–9PM'], ['Wednesday', '11:30AM–9PM'], ['Thursday', '11:30AM–9PM']]"
0x8830930a80fa8d2b:0x5e94a8ff037616df,TJ Hibachi & Sushi,"TJ Hibachi & Sushi, 198 Great Northern Mall, North Olmsted, OH 44070",41.4172424,-81.90650339999999,"['Sushi restaurant', 'Asian restaurant', 'Japanese restaurant']",4.3,364,$,"[['Friday', '10AM–9PM'], ['Saturday', '10AM–9PM'], ['Sunday', '11AM–6PM'], ['Monday', '10AM–9PM'], ['Tuesday', '10AM–9PM'], ['Wednesday', '10AM–9PM'], ['Thursday', '10AM–9PM']]"
0x8836d6d1eb95b10d:0x64151290941e0b90,A-1 Japan Steakhouse,"A-1 Japan Steakhouse, 4770 Dressler Rd NW, Canton, OH 44718",40.8506514,-81.43343519999999,"['Japanese restaurant', 'Asian restaurant', 'Sushi restaurant']",4.5,2031,$$,"[['Friday', '11AM–10PM'], ['Saturday', '11:30AM–10PM'], ['Sunday', '11:30AM–9:30PM'], ['Monday', '11AM–9:30PM'], ['Tuesday', '11AM–9:30PM'], ['Wednesday', '11AM–9:30PM'], ['Thursday', '11AM–9:30PM']]"
0x8836d6ccd27f4ebd:0xdaf06ef6cfce5efd,Sakura Japanese Sushi & Hibachi,"Sakura Japanese Sushi & Hibachi, 4272 Belden Village St NW, Canton, OH 44718",40.855043099999996,-81.42796,"['Restaurant', 'Japanese restaurant', 'Sushi restaurant']",4.6,853,$$,"[['Friday', '11AM–11PM'], ['Saturday', '11AM–11PM'], ['Sunday', '12–9PM'], ['Monday', '11AM–10PM'], ['Tuesday', '11AM–10PM'], ['Wednesday', '11AM–10PM'], ['Thursday', '11AM–10PM']]"
0x883102c4335388a9:0xce138d977c714099,Wasabi Japanese Steakhouse,"Wasabi Japanese Steakhouse, 3725 Orange Pl, Beachwood, OH 44122",41.457977199999995,-81.4873233,"['Japanese steakhouse', 'Restaurant']",4.2,1117,$$,"[['Friday', '11:30AM–2:30PM'], ['Saturday', '2–10PM'], ['Sunday', '12–8:30PM'], ['Monday', '11:30AM–2:30PM'], ['Tuesday', '11:30AM–2:30PM'], ['Wednesday', '11:30AM–2:30PM'], ['Thursday', '11:30AM–2:30PM']]"
0x8830e5b8ebe2f357:0x3466b946afa2d431,Wasabi Japanese Steakhouse,"Wasabi Japanese Steakhouse, 4181 Rockside Rd, Independence, OH 44131",41.400242,-81.662117,"['Japanese steakhouse', 'Restaurant']",4.4,1727,$$,"[['Friday', '11AM–2PM'], ['Saturday', '2–10:30PM'], ['Sunday', '12–8:30PM'], ['Monday', '11AM–2PM'], ['Tuesday', '11AM–2PM'], ['Wednesday', '11AM–2PM'], ['Thursday', '11AM–2PM']]"
0x8830e6226eaab29b:0xb252d7ed9972522e,Bonchon Seven Hills,"Bonchon Seven Hills, 7581 Broadview Rd, Seven Hills, OH 44131",41.3595411,-81.68401039999999,"['Asian fusion restaurant', 'Asian restaurant', 'Chicken restaurant', 'Chicken wings restaurant', 'Fried chicken takeaway', 'Japanese restaurant', 'Korean restaurant', 'Pan-Asian restaurant']",4.3,653,$$,"[['Friday', '11:30AM–10:30PM'], ['Saturday', '11:30AM–10:30PM'], ['Sunday', '12–9:30PM'], ['Monday', '11:30AM–10PM'], ['Tuesday', '11:30AM–10PM'], ['Wednesday', '11:30AM–10PM'], ['Thursday', '11:30AM–10PM']]"
