gmap_id,name,address,latitude,longitude,category,avg_rating,num_of_reviews,price,hours
0x549575762581f125:0x502c5a100f248e93,BlueFin Sushi Bar & Restaurant,"BlueFin Sushi Bar & Restaurant, 12450 SE 82nd Ave, Happy Valley, OR 97086",45.4333123,-122.5788267,"['Sushi restaurant', 'Japanese restaurant']",3.6,8,$$,"[['Thursday', '11:30AM–3PM'], ['Friday', '11:30AM–10PM'], ['Saturday', '11:30AM–10PM'], ['Sunday', 'Closed'], ['Monday', '11:30AM–3PM'], ['Tuesday', '11:30AM–3PM'], ['Wednesday', '11:30AM–3PM']]"
0x5495a069e3381847:0x5ea71e61b9c2f53f,UmaiPDX,"UmaiPDX, SE 33rd & Hawthorne Ave, SE Hawthorne Blvd, Portland, OR 97214",45.512422,-122.6310439,"['Ramen restaurant', 'Asian fusion restaurant', 'Japanese restaurant', 'Takeout Restaurant', 'Noodle shop', 'Sandwich shop']",4.8,18,,"[['Tuesday', 'Closed'], ['Wednesday', 'Closed'], ['Thursday', '12–3PM'], ['Friday', '12–3PM'], ['Saturday', '12–3PM'], ['Sunday', '12–3PM'], ['Monday', 'Closed']]"
0x549575762581f125:0x502c5a100f248e93,BlueFin Sushi Bar & Restaurant,"BlueFin Sushi Bar & Restaurant, 12450 SE 82nd Ave, Happy Valley, OR 97086",45.4333123,-122.5788267,"['Sushi restaurant', 'Japanese restaurant']",3.6,8,$$,"[['Thursday', '11:30AM–3PM'], ['Friday', '11:30AM–10PM'], ['Saturday', '11:30AM–10PM'], ['Sunday', 'Closed'], ['Monday', '11:30AM–3PM'], ['Tuesday', '11:30AM–3PM'], ['Wednesday', '11:30AM–3PM']]"
0x5495a069e3381847:0x5ea71e61b9c2f53f,UmaiPDX,"UmaiPDX, SE 33rd & Hawthorne Ave, SE Hawthorne Blvd, Portland, OR 97214",45.512422,-122.6310439,"['Ramen restaurant', 'Asian fusion restaurant', 'Japanese restaurant', 'Takeout Restaurant', 'Noodle shop', 'Sandwich shop']",4.8,18,,"[['Tuesday', 'Closed'], ['Wednesday', 'Closed'], ['Thursday', '12–3PM'], ['Friday', '12–3PM'], ['Saturday', '12–3PM'], ['Sunday', '12–3PM'], ['Monday', 'Closed']]"
0x5495a0827fa629ff:0xbd37b64416e1172f,Bara Sushi House,"Bara Sushi House, 2625 SE 21st Ave, Portland, OR 97202",45.503679,-122.644802,['Japanese restaurant'],3.9,7,$,
0x54c040bdb9e3465b:0x6d3cb0eb03cb6538,Young's Kitchen,"Young's Kitchen, 2051 NW Monroe Ave, Corvallis, OR 97330",44.568322699999996,-123.276201,"['Japanese restaurant', 'Korean restaurant', 'Restaurant']",4.2,17,$$,
0x5495499fa5f80a9b:0xcf99aa44f9c2cccc,KAKI Hibachi & Sushi,"KAKI Hibachi & Sushi, Food Truck Pod, 570 NE highway 99W Grocery Outlet, McMinnville, OR 97128",45.2228072,-123.19319809999999,"['Japanese restaurant', 'Restaurant']",4.5,14,,"[['Friday', '11AM–3PM'], ['Saturday', '12–8:30PM'], ['Sunday', 'Closed'], ['Monday', '11AM–3PM'], ['Tuesday', '11AM–3PM'], ['Wednesday', '11AM–3PM'], ['Thursday', '11AM–3PM']]"
0x54950a0e24156733:0x14330f73ec12756b,Tom's First Avenue Bento,"Tom's First Avenue Bento, 1236 SW 1st Ave, Portland, OR 97204",45.5138606,-122.6755005,['Japanese restaurant'],4.5,15,$$,
0x54c000a90bae8bdd:0x8832c32dbdf1cf93,Yummy Meal,"Yummy Meal, 2916 Commercial St SE, Salem, OR 97302",44.9132769,-123.04466479999999,['Japanese restaurant'],3.6,26,,"[['Friday', '11AM–9PM'], ['Saturday', '11AM–9PM'], ['Sunday', '12–9PM'], ['Monday', '11AM–9PM'], ['Tuesday', '11AM–9PM'], ['Wednesday', '11AM–9PM'], ['Thursday', '11AM–9PM']]"
0x54bfff0c4881c123:0x2dfe300287d6f232,Suki Hana,"Suki Hana, 401 Center St NE, Salem, OR 97301",44.9436003,-123.0368144,['Japanese restaurant'],3.7,8,,"[['Tuesday', '11AM–7PM'], ['Wednesday', '11AM–7PM'], ['Thursday', '11AM–7PM'], ['Friday', '11AM–7PM'], ['Saturday', '11AM–7PM'], ['Sunday', '12–6PM'], ['Monday', '11AM–7PM']]"
0x549509f6b00f7aa5:0x90cdd3c6f79a7f3e,Dr. Sushi & BBQ,"Dr. Sushi & BBQ, 333 NW 23rd Ave, Portland, OR 97210",45.5253344,-122.69862959999999,"['Sushi restaurant', 'Japanese restaurant']",3.6,8,,"[['Monday', '11:30AM–9:30PM'], ['Tuesday', '11:30AM–9:30PM'], ['Wednesday', '11:30AM–9:30PM'], ['Thursday', '11:30AM–9:30PM'], ['Friday', '11:30AM–10PM'], ['Saturday', '11:30AM–10PM'], ['Sunday', '4–9PM']]"
0x54c423c3763918db:0x63558fcc3152af9c,Teriyaki Spice,"Teriyaki Spice, 1350 NE Stephens St Suite 24, Roseburg, OR 97470",43.2248261,-123.3489065,['Japanese restaurant'],4.2,28,,"[['Monday', '10AM–10PM'], ['Tuesday', '10AM–10PM'], ['Wednesday', '10AM–10PM'], ['Thursday', '10AM–10PM'], ['Friday', '10AM–10PM'], ['Saturday', '10AM–10PM'], ['Sunday', '10AM–8PM']]"
0x8640c0ec122beef7:0xc7d3666faaa92d6c,Nara Sushi and Korean Kitchen,,45.5980213,-127.26963889999999,"['Japanese delicatessen', 'Service establishment']",3.7,7,$$,
0x5495a7ccbb6077f1:0xac58bd7f885cba27,Momiji Sushi Restaurant - Fremont,"Momiji Sushi Restaurant - Fremont, 4425 NE Fremont St, Portland, OR 97213",45.5484139,-122.6178874,"['Sushi restaurant', 'Japanese restaurant', 'Restaurant']",4.3,8,,"[['Wednesday', '11AM–9PM'], ['Thursday', '11AM–9PM'], ['Friday', '11AM–9:30PM'], ['Saturday', '11AM–9:30PM'], ['Sunday', '11AM–9PM'], ['Monday', '11AM–9PM'], ['Tuesday', '11AM–9PM']]"
0x5495a189d6c2dd4b:0x5f348cc3350e9ba0,Tonari,"Tonari, 2838 SE Belmont St, Portland, OR 97214",45.5162723,-122.6363288,['Japanese restaurant'],5.0,18,,"[['Tuesday', 'Closed'], ['Wednesday', 'Closed'], ['Thursday', 'Closed'], ['Friday', 'Closed'], ['Saturday', '10AM–2PM'], ['Sunday', '10AM–2PM'], ['Monday', 'Closed']]"
0x54cf7a7697f911ed:0x2bb34f23b9207119,The Great Outdoor Grill,"The Great Outdoor Grill, Medford, OR 97504",42.3160324,-122.8328018,['Japanese restaurant'],4.9,14,,"[['Monday', '11AM–3PM'], ['Tuesday', '11AM–3PM'], ['Wednesday', '11AM–3PM'], ['Thursday', '11AM–3PM'], ['Friday', '11AM–3PM'], ['Saturday', 'Closed'], ['Sunday', 'Closed']]"
0x54950b692e1397c3:0x8066dfcefafba72a,Bentoz Teriyaki,"Bentoz Teriyaki, 9107 SW Barbur Blvd, Portland, OR 97219",45.459371999999995,-122.70941429999999,['Japanese restaurant'],4.3,93,$,"[['Saturday', '11AM–7PM'], ['Sunday', 'Closed'], ['Monday', '11AM–7:30PM'], ['Tuesday', '11AM–7:30PM'], ['Wednesday', '11AM–7:30PM'], ['Thursday', '11AM–7:30PM'], ['Friday', '11AM–7:30PM']]"
0x54950b61d21b9209:0xa974e55699af973d,Koji Osakaya Japanese Restaurant,"Koji Osakaya Japanese Restaurant, 10100 SW Barbur Blvd, Portland, OR 97219",45.452837699999996,-122.7221155,['Japanese restaurant'],4.3,7,$,
0x54c0e1fc2a52c7bb:0x77b9d0cd058cfb97,Mio Sushi,"Mio Sushi, 132 Oakway Center, Eugene, OR 97401",44.066355699999995,-123.0771475,"['Sushi restaurant', 'Asian restaurant', 'Japanese restaurant', 'Restaurant']",4.4,98,$$,"[['Thursday', '11AM–9PM'], ['Friday', '11AM–9PM'], ['Saturday', '12–9PM'], ['Sunday', 'Closed'], ['Monday', '11AM–9PM'], ['Tuesday', '11AM–9PM'], ['Wednesday', '11AM–9PM']]"
0x5495059052816689:0xba346276558899ea,Teriaki's 2,"Teriaki's 2, 7373 NE Imbrie Dr, Hillsboro, OR 97124",45.5517903,-122.9026332,['Japanese restaurant'],4.3,68,$,"[['Tuesday', '10:30AM–8PM'], ['Wednesday', '10:30AM–8PM'], ['Thursday', '10:30AM–8PM'], ['Friday', '10:30AM–8PM'], ['Saturday', '10:30AM–5:30PM'], ['Sunday', 'Closed'], ['Monday', '10:30AM–8PM']]"
0x5495194ad8e6eda5:0xab411764fe0ec24c,SaWa's Donburi,"SaWa's Donburi, 2036 Main St suite b, Forest Grove, OR 97116",45.5206903,-123.1123245,['Authentic Japanese restaurant'],4.7,58,,"[['Tuesday', 'Closed'], ['Wednesday', '12–8PM'], ['Thursday', '12–8PM'], ['Friday', '12–9PM'], ['Saturday', '12–9PM'], ['Sunday', '12–8PM'], ['Monday', 'Closed']]"
0x54950be79b6c1d17:0xd728a064ecd21655,Yoshi's Sushi,"Yoshi's Sushi, 3530 SW Multnomah Blvd, Portland, OR 97219",45.4669667,-122.71361789999999,['Japanese restaurant'],5.0,65,,"[['Tuesday', '12–2PM'], ['Wednesday', '12–2PM'], ['Thursday', '12–2PM'], ['Friday', '12–2PM'], ['Saturday', '12–2PM'], ['Sunday', 'Closed'], ['Monday', 'Closed']]"
0x5495a0bef80ec4ed:0xdfc9a6da57ecd32d,Tobiko Bowl,"Tobiko Bowl, 113 SE 28th Ave, Portland, OR 97214",45.521874499999996,-122.63751789999999,['Japanese restaurant'],4.7,13,,
0x54950a46572f8e57:0xee09f21e4eaba685,Oishi Thai,"Oishi Thai, 907 SW Gibbs St, Portland, OR 97239",45.49934,-122.6897571,"['Japanese restaurant', 'Soup restaurant', 'Thai restaurant']",4.3,55,,"[['Friday', '11AM–3PM'], ['Saturday', 'Closed'], ['Sunday', 'Closed'], ['Monday', '11AM–3PM'], ['Tuesday', '11AM–3PM'], ['Wednesday', '11AM–3PM'], ['Thursday', '11AM–3PM']]"
0x54960e6f4ac1998b:0x5ccdb72ff8a4f6b4,Kaze Japanese Restaurant,"Kaze Japanese Restaurant, 212 4th St, Hood River, OR 97031",45.7083576,-121.51453,"['Japanese restaurant', 'Asian restaurant', 'Sushi restaurant']",4.2,105,$$,"[['Tuesday', '6–9PM'], ['Wednesday', '6–9PM'], ['Thursday', '6–9PM'], ['Friday', '6–9PM'], ['Saturday', '6–9PM'], ['Sunday', 'Closed'], ['Monday', '6–9PM']]"
0x54c11e3ee71d187f:0x736c0f7e582a971,The Donburi House,"The Donburi House, 686 E 13th Ave, Eugene, OR 97401",44.045345399999995,-123.0826369,"['Japanese restaurant', 'Asian restaurant', 'Japanese curry restaurant', 'Sushi restaurant']",3.9,35,,"[['Tuesday', '11AM–9PM'], ['Wednesday', '11AM–9PM'], ['Thursday', '11AM–9PM'], ['Friday', '11AM–10PM'], ['Saturday', '11AM–10PM'], ['Sunday', 'Closed'], ['Monday', '11AM–9PM']]"
0x54a2e15afe6128a9:0x704f2930826a53b1,Mitori Teriyaki,"Mitori Teriyaki, 703 SW Court Ave, Pendleton, OR 97801",45.670735799999996,-118.7945678,['Japanese restaurant'],4.6,138,$$,"[['Tuesday', '11AM–2PM'], ['Wednesday', '11AM–2PM'], ['Thursday', '11AM–2PM'], ['Friday', '11AM–2PM'], ['Saturday', 'Closed'], ['Sunday', 'Closed'], ['Monday', '11AM–2PM']]"
0x54cf0ca360467ea3:0x59d885312621832c,Mihama Teriyaki Grill,"Mihama Teriyaki Grill, 1253 Siskiyou Blvd B, Ashland, OR 97520",42.186619,-122.693648,"['Japanese restaurant', 'Family restaurant', 'Seafood restaurant']",4.3,118,$,"[['Sunday', 'Closed'], ['Monday', '11AM–7:30PM'], ['Tuesday', '11AM–7:30PM'], ['Wednesday', '11AM–7:30PM'], ['Thursday', '11AM–7:30PM'], ['Friday', '11AM–7:30PM'], ['Saturday', '11AM–7:30PM']]"
0x549565642c647d99:0x7186e1863f176bcb,Happy Teriyaki canby,"Happy Teriyaki canby, 1477 SE 1st Ave, Canby, OR 97013",45.2678817,-122.67538019999999,['Japanese restaurant'],3.6,63,$,"[['Sunday', 'Closed'], ['Monday', '11AM–8:30PM'], ['Tuesday', '11AM–8:30PM'], ['Wednesday', '11AM–8:30PM'], ['Thursday', '11AM–8:30PM'], ['Friday', '11AM–8:30PM'], ['Saturday', '11AM–8:30PM']]"
0x5495a0d75e155281:0x3f28bb4cb7a3b605,Obon Shokudo,"Obon Shokudo, Morrison Market, 720 SE Grand Ave, Portland, OR 97214",45.5173961,-122.66074139999999,"['Japanese restaurant', 'Authentic Japanese restaurant', 'Japanese curry restaurant', 'Takeout Restaurant', 'Noodle shop', 'Teppanyaki restaurant', 'Udon noodle restaurant', 'Vegan restaurant', 'Vegetarian restaurant']",4.8,65,,"[['Saturday', '11:30AM–8PM'], ['Sunday', '11:30AM–8PM'], ['Monday', '11:30AM–8PM'], ['Tuesday', '11:30AM–8PM'], ['Wednesday', '11:30AM–8PM'], ['Thursday', '11:30AM–8PM'], ['Friday', '11:30AM–8PM']]"
0x5495a71b718beb45:0xe360dcbf23aa615a,Lu's Teriyaki,"Lu's Teriyaki, 625 NE Killingsworth St, Portland, OR 97211",45.56294,-122.6590806,['Japanese restaurant'],4.1,28,,"[['Friday', '11AM–9PM'], ['Saturday', '11AM–9PM'], ['Sunday', '11AM–9PM'], ['Monday', '11AM–9PM'], ['Tuesday', '11AM–9PM'], ['Wednesday', '11AM–9PM'], ['Thursday', '11AM–9PM']]"
0x549509ff013e479f:0xb463368a1f95bf5f,Momoyama restaurant,"Momoyama restaurant, 1022 NW Johnson St, Portland, OR 97209",45.528615699999996,-122.6814709,"['Japanese restaurant', 'Ramen restaurant', 'Sushi restaurant', 'Tapas restaurant']",4.9,58,$$,"[['Monday', 'Closed'], ['Tuesday', 'Closed'], ['Wednesday', '11:30AM–2:30PM'], ['Thursday', '11:30AM–2:30PM'], ['Friday', '11:30AM–2:30PM'], ['Saturday', '11:30AM–2:30PM'], ['Sunday', '11:30AM–2:30PM']]"
0x5495a7d8a97129fd:0x745b78d64e5c7505,Momiji Sushi Restaurant,"Momiji Sushi Restaurant, 1469 NE Prescott St, Portland, OR 97211",45.555599,-122.65015559999999,"['Sushi restaurant', 'Delivery service', 'Japanese restaurant', 'Sushi takeaway']",4.1,13,,"[['Monday', '11AM–9PM'], ['Tuesday', '11AM–9PM'], ['Wednesday', '11AM–9PM'], ['Thursday', '11AM–9PM'], ['Friday', '11AM–9:30PM'], ['Saturday', '11AM–9:30PM'], ['Sunday', '11AM–9PM']]"
0x4cca395d6393bfdd:0xc709959a50120237,Koto Japanese Steak House,,45.5980213,-127.26963889999999,"['Restaurant', 'Japanese restaurant']",4.2,348,,"[['Sunday', '12–9:30PM'], ['Monday', '11AM–2:30PM'], ['Tuesday', '11AM–2:30PM'], ['Wednesday', '11AM–2:30PM'], ['Thursday', '11AM–2:30PM'], ['Friday', '11AM–2:30PM'], ['Saturday', '12–10:30PM']]"
0x5495a0af547ac9af:0x1c5363036a2b3027,Mirakutei Sushi & Ramen,"Mirakutei Sushi & Ramen, 536 E Burnside St, Portland, OR 97214, United States",45.5227778,-122.66,"['Japanese restaurant', 'Izakaya restaurant', 'Ramen restaurant', 'Restaurant', 'Sushi restaurant', 'Sushi takeaway']",4.4,528,$$,"[['Saturday', '12–9PM'], ['Sunday', '12–9PM'], ['Monday', '12–9PM'], ['Tuesday', '12–9PM'], ['Wednesday', '12–9PM'], ['Thursday', '12–9PM'], ['Friday', '12–9PM']]"
0x5495a0edc05f3277:0xc27e9f901c18e043,Fukami Sushiya,"Fukami Sushiya, 2215 E Burnside St, Portland, OR 97214",45.5230299,-122.6430748,"['Sushi restaurant', 'Japanese restaurant']",4.3,24,$$$,"[['Thursday', 'Closed'], ['Friday', 'Closed'], ['Saturday', 'Closed'], ['Sunday', '7–9PM'], ['Monday', '7–9PM'], ['Tuesday', 'Closed'], ['Wednesday', 'Closed']]"
0x54bff440a6122a51:0x8e3f90400657c711,Mashita Teriyaki Restaurant,"Mashita Teriyaki Restaurant, 110 E Washington St, Stayton, OR 97383",44.800565999999996,-122.79399,"['Asian restaurant', 'Japanese restaurant', 'Korean restaurant']",4.5,368,$,"[['Thursday', '11AM–8PM'], ['Friday', '11AM–8PM'], ['Saturday', '11AM–8PM'], ['Sunday', 'Closed'], ['Monday', '11AM–8PM'], ['Tuesday', '11AM–8PM'], ['Wednesday', '11AM–8PM']]"
0x54950f21234bcd79:0xd5d481833b9d1428,Bento teriyaki,"Bento teriyaki, 15915 NW Schendel Ave #101, Beaverton, OR 97006",45.5204205,-122.8406452,"['Asian restaurant', 'Cambodian restaurant', 'Chinese restaurant', 'Japanese restaurant']",4.1,118,$,"[['Wednesday', '10:30AM–8PM'], ['Thursday', '10:30AM–8PM'], ['Friday', '10:30AM–8PM'], ['Saturday', '11AM–6PM'], ['Sunday', 'Closed'], ['Monday', '10:30AM–8PM'], ['Tuesday', '10:30AM–8PM']]"
0x54950f69fb39acbb:0xa755be9907535967,Tokyo Japanese Restaurant,"Tokyo Japanese Restaurant, 2331 NW 185th Ave, Hillsboro, OR 97124",45.5371774,-122.86957079999999,['Japanese restaurant'],3.3,8,$$,"[['Wednesday', '11:30AM–9:30PM'], ['Thursday', '11:30AM–9:30PM'], ['Friday', '11:30AM–9:30PM'], ['Saturday', '11:30AM–9:30PM'], ['Sunday', '11:30AM–9:30PM'], ['Monday', '11:30AM–9:30PM'], ['Tuesday', '11:30AM–9:30PM']]"
0x54bfff357347247d:0xdec97d54863ad0c0,Teriyaki Diner,"Teriyaki Diner, 1895 25th St SE, Salem, OR 97302, United States",44.9196829,-123.01073459999999,['Japanese restaurant'],4.3,158,$,"[['Wednesday', '10:30AM–8PM'], ['Thursday', '10:30AM–8PM'], ['Friday', '10:30AM–8PM'], ['Saturday', '11:30AM–3PM'], ['Sunday', 'Closed'], ['Monday', '10:30AM–8PM'], ['Tuesday', '10:30AM–8PM']]"
0x54950b2203b7c29f:0x15c25fd3509a605c,Giraffe,"Giraffe, 81 SE Yamhill St, Portland, OR 97214",45.5159132,-122.66516449999999,"['Cafe', 'Caterer', 'Japanese delicatessen', 'Japanese grocery store']",4.8,53,,"[['Wednesday', 'Closed'], ['Thursday', 'Closed'], ['Friday', 'Closed'], ['Saturday', 'Closed'], ['Sunday', 'Closed'], ['Monday', '10:30–11:30AM'], ['Tuesday', 'Closed']]"
0x54950b08851617b7:0xd55982f86a41254a,Momiji Sushi Restaurant,"Momiji Sushi Restaurant, 8250 SW Barbur Blvd, Portland, OR 97219",45.4652417,-122.69796989999999,"['Sushi restaurant', 'Japanese restaurant', 'Sushi takeaway']",4.3,67,,"[['Wednesday', '11AM–9PM'], ['Thursday', '11AM–9PM'], ['Friday', '11AM–9:30PM'], ['Saturday', '11AM–9:30PM'], ['Sunday', '11AM–9PM'], ['Monday', '11AM–9PM'], ['Tuesday', '11AM–9PM']]"
0x54bffe8033cd42c5:0x91890513913741ef,The Original Momiji Sushi Restaurant,"The Original Momiji Sushi Restaurant, 4590 Silverton Rd NE, Salem, OR 97305, United States",44.9695689,-122.97093079999999,"['Restaurant', 'Asian restaurant', 'Bar', 'Japanese restaurant', 'Sushi restaurant']",4.5,1188,₩₩,"[['Tuesday', '11AM–10PM'], ['Wednesday', '11AM–10PM'], ['Thursday', '11AM–10PM'], ['Friday', '11AM–10PM'], ['Saturday', '11AM–10PM'], ['Sunday', '11AM–10PM'], ['Monday', '11AM–10PM']]"
0x54950a03a244c017:0x6e77a29cdcbbc465,Boxer Bento,"Boxer Bento, 1025 SW Harvey Milk St, Portland, OR 97205, United States",45.5222933,-122.68162989999999,"['Japanese restaurant', 'Box lunch supplier']",4.3,748,₩,"[['Monday', 'Closed'], ['Tuesday', 'Closed'], ['Wednesday', '11AM–8PM'], ['Thursday', '11AM–8PM'], ['Friday', '11AM–8PM'], ['Saturday', '11AM–8PM'], ['Sunday', '11AM–8PM']]"
0x54950c58162d48f3:0xec60d9cc4d1eec70,Sushi Hana,"Sushi Hana, 9009 SW Hall Blvd # 142, Tigard, OR 97223, United States",45.4536261,-122.7778692,"['Sushi restaurant', 'Japanese restaurant', 'Restaurant']",4.1,888,₩,"[['Sunday', '11:30AM–9PM'], ['Monday', '11:30AM–9PM'], ['Tuesday', '11:30AM–9PM'], ['Wednesday', '11:30AM–9PM'], ['Thursday', '11:30AM–9PM'], ['Friday', '11:30AM–9PM'], ['Saturday', '11:30AM–9PM']]"
0x549572db84d502e7:0xa5ef1945375f00df,Teriyaki Express,"Teriyaki Express, 15969 SW 72nd Ave, Tigard, OR 97224",45.404465099999996,-122.74982609999999,"['Japanese restaurant', 'Asian restaurant']",4.5,108,$,"[['Saturday', 'Closed'], ['Sunday', 'Closed'], ['Monday', '9:30AM–8PM'], ['Tuesday', '9:30AM–8PM'], ['Wednesday', '9:30AM–8PM'], ['Thursday', '9:30AM–8PM'], ['Friday', '9:30AM–8PM']]"
0x54950d3a2da4bff9:0x444f49e471f09fc5,Ichi Teriyaki 25,"Ichi Teriyaki 25, 13500 SW Pacific Hwy #30, Tigard, OR 97223",45.4221842,-122.7819572,['Japanese restaurant'],4.5,148,$,"[['Saturday', '11AM–8:30PM'], ['Sunday', 'Closed'], ['Monday', '11AM–8:30PM'], ['Tuesday', '11AM–8:30PM'], ['Wednesday', '11AM–8:30PM'], ['Thursday', '11AM–8:30PM'], ['Friday', '11AM–8:30PM']]"
0x54b8c6280bc5f9e5:0x6ce31dc749bdf6a7,Sora Sushi - Bend,"Sora Sushi - Bend, 744 NW Bond St C, Bend, OR 97703, United States",44.0570058,-121.31399599999999,"['Conveyor belt sushi restaurant', 'Japanese restaurant', 'Restaurant', 'Sushi restaurant', 'Sushi takeaway']",4.4,705,₩₩,"[['Saturday', '11AM–9:30PM'], ['Sunday', '11AM–9PM'], ['Monday', '11AM–9PM'], ['Tuesday', '11AM–9PM'], ['Wednesday', '11AM–9PM'], ['Thursday', '11AM–9PM'], ['Friday', '11AM–9:30PM']]"
0x54c040c18cd5f2d7:0x42d852c948c07476,Kento Hibachi On Wheels,"Kento Hibachi On Wheels, 640 NW Hickory St, Albany, OR 97321",44.6434,-123.1119355,"['Japanese restaurant', 'Asian restaurant', 'Teppanyaki restaurant']",4.6,92,$$,"[['Tuesday', 'Closed'], ['Wednesday', '11:30AM–8:30PM'], ['Thursday', '11:30AM–8:30PM'], ['Friday', '4–9PM'], ['Saturday', '11:30AM–9PM'], ['Sunday', '11:30AM–7PM'], ['Monday', '11:30AM–8:30PM']]"
0x549572acb438768f:0xa3c19aaf4e8ec857,Mashita Teriyaki,"Mashita Teriyaki, 15900 SW 116th Ave, King City, OR 97224",45.405181999999996,-122.79701499999999,"['Japanese restaurant', 'Asian restaurant']",4.5,174,$,"[['Monday', '10:30AM–8PM'], ['Tuesday', '10:30AM–8PM'], ['Wednesday', '10:30AM–8PM'], ['Thursday', '10:30AM–8PM'], ['Friday', '10:30AM–8PM'], ['Saturday', '10:30AM–8PM'], ['Sunday', 'Closed']]"
0x54c11e5359cfb18d:0x2bd8f5d9ec8f3b9b,Sushi Domo Oak St,"Sushi Domo Oak St, 2835 Oak St, Eugene, OR 97405",44.0274079,-123.0895808,"['Sushi restaurant', 'Asian restaurant', 'Japanese restaurant']",4.1,138,$$,"[['Monday', '4:30–8PM'], ['Tuesday', '4:30–8PM'], ['Wednesday', '4:30–8PM'], ['Thursday', '4:30–8PM'], ['Friday', '4:30–8PM'], ['Saturday', '4:30–8PM'], ['Sunday', 'Closed']]"
0x54950e49ed29c0a3:0xb7e7a9b1726c2e82,Aloha Kokiyo Teriyaki,"Aloha Kokiyo Teriyaki, 20437 SW Tualatin Valley Hwy, Beaverton, OR 97003",45.4969171,-122.887298,['Japanese restaurant'],3.8,78,$,"[['Monday', '10:30AM–8:30PM'], ['Tuesday', '10:30AM–8:30PM'], ['Wednesday', '10:30AM–8:30PM'], ['Thursday', '10:30AM–8:30PM'], ['Friday', '10:30AM–8:30PM'], ['Saturday', '10:30AM–8:30PM'], ['Sunday', 'Closed']]"
0x54c040eb82e4926d:0x6c174443c815c34,Ramen Robata,"Ramen Robata, 151 NW Monroe Ave, Corvallis, OR 97330",44.5640765,-123.2590649,"['Restaurant', 'Japanese food', 'Ramen restaurant']",2.8,8,,"[['Monday', 'Closed'], ['Tuesday', '12–2PM'], ['Wednesday', '12–2PM'], ['Thursday', '12–2PM'], ['Friday', '12–2PM'], ['Saturday', '12–3:30PM'], ['Sunday', 'Closed']]"
0x5495a082f2b81919:0xb30624e671ff4e0b,Musubi,"Musubi, 2134 SE Division St, Portland, OR 97202",45.5046415,-122.64380589999999,"['Hawaiian restaurant', 'Japanese delicatessen']",4.7,47,$,"[['Monday', '11AM–3PM'], ['Tuesday', '11AM–3PM'], ['Wednesday', '11AM–3PM'], ['Thursday', 'Closed'], ['Friday', '11AM–3PM'], ['Saturday', '11AM–3PM'], ['Sunday', '11AM–3PM']]"
0x872ba9f0fe787e71:0xebbca87df34a537d,Tempura Takeover,,45.5980213,-127.26963889999999,['Japanese restaurant'],4.8,45,,"[['Sunday', 'Closed'], ['Monday', '11:30AM–8PM'], ['Tuesday', '11:30AM–8PM'], ['Wednesday', '11:30AM–8PM'], ['Thursday', '11:30AM–8PM'], ['Friday', '11:30AM–8PM'], ['Saturday', '11:30AM–8PM']]"
0x5495733e92a6ae75:0x7cae2f4f6afae2fa,Star Teriyaki,"Star Teriyaki, 15572 Boones Ferry Rd, Lake Oswego, OR 97035",45.41298,-122.71678999999999,['Japanese restaurant'],4.5,78,$,"[['Sunday', 'Closed'], ['Monday', '11AM–8PM'], ['Tuesday', '11AM–8PM'], ['Wednesday', '11AM–8PM'], ['Thursday', '11AM–8PM'], ['Friday', '11AM–8PM'], ['Saturday', '11AM–3PM']]"
0x54950929584fda4d:0x286d6f20093b7cd2,Sun Grill Teriyaki,"Sun Grill Teriyaki, 421 NW Saltzman Rd, Portland, OR 97229",45.5235705,-122.8064481,"['Japanese restaurant', 'Korean restaurant']",4.7,113,$,"[['Sunday', 'Closed'], ['Monday', '10:30AM–8PM'], ['Tuesday', '10:30AM–8PM'], ['Wednesday', '10:30AM–8PM'], ['Thursday', '10:30AM–8PM'], ['Friday', '10:30AM–8PM'], ['Saturday', '11AM–8PM']]"
0x54956eeebd6c61eb:0x2a8779981a73733c,Ichi Teriyaki 22,"Ichi Teriyaki 22, 30200 SW Boones Ferry Rd UNIT 68, Wilsonville, OR 97070",45.3013288,-122.77281529999999,['Japanese restaurant'],4.0,22,,"[['Sunday', '11:30AM–8PM'], ['Monday', '10:30AM–9PM'], ['Tuesday', '10:30AM–9PM'], ['Wednesday', '10:30AM–9PM'], ['Thursday', '10:30AM–9PM'], ['Friday', '10:30AM–9PM'], ['Saturday', '10:30AM–9PM']]"
0x54cf0caca81d3b43:0x39cf741b6d446682,Diana's Records,"Diana's Records, 343 E Main St, Ashland, OR 97520",42.195226,-122.71087399999999,"['Record store', 'CD store', 'Gift shop', 'Japanese cheap sweets shop', 'T-shirt store', 'Toy store', 'Used CD store']",4.6,38,,"[['Sunday', '12:30–5PM'], ['Monday', '11AM–6PM'], ['Tuesday', '11AM–6PM'], ['Wednesday', '11AM–6PM'], ['Thursday', '11AM–6PM'], ['Friday', '11AM–6PM'], ['Saturday', '11AM–6PM']]"
0x549509a2ea55f769:0xe3dca86ca7f0f86b,Takibi,"Takibi, 2275 NW Flanders St, Portland, OR 97210",45.525660699999996,-122.6980406,"['Restaurant', 'Japanese restaurant']",4.5,13,,"[['Sunday', '3–9PM'], ['Monday', '3–9PM'], ['Tuesday', '3–9PM'], ['Wednesday', '3–9PM'], ['Thursday', '3–9PM'], ['Friday', '3–9PM'], ['Saturday', '3–9PM']]"
0x54c11e6b20b704cd:0x265a5b0847985ddb,Japanese cuisine Masa's YATAI,"Japanese cuisine Masa's YATAI, 2758 Friendly St, Eugene, OR 97405",44.0282821,-123.1057357,"['Japanese restaurant', 'Asian restaurant', 'Restaurant']",4.7,77,$$,"[['Sunday', '12–7:30PM'], ['Monday', 'Closed'], ['Tuesday', '12–8PM'], ['Wednesday', '12–8PM'], ['Thursday', 'Closed'], ['Friday', '12–8:30PM'], ['Saturday', '12–8:30PM']]"
0x5495098a179e64ef:0x6007b670f3243649,Umami Café at Portland Japanese Garden,"Umami Café at Portland Japanese Garden, 611 SW Kingston Dr, Portland, OR 97205",45.519088599999996,-122.7083746,"['Cafe', 'Japanese regional restaurant', 'Japanese restaurant', 'Lunch restaurant', 'Tea house']",3.8,38,,"[['Sunday', '9:30AM–4PM'], ['Monday', '9:30AM–4PM'], ['Tuesday', 'Closed'], ['Wednesday', '9:30AM–4PM'], ['Thursday', '9:30AM–4PM'], ['Friday', '9:30AM–4PM'], ['Saturday', '9:30AM–4PM']]"
0x5495733a06151539:0x285d0c93d2160072,Hero Sushi & Sake Bar,"Hero Sushi & Sake Bar, 4835 Meadows Rd, Lake Oswego, OR 97035",45.4178205,-122.7248518,['Japanese restaurant'],4.2,104,$$,"[['Saturday', '12–8PM'], ['Sunday', '12–8PM'], ['Monday', 'Closed'], ['Tuesday', '12–8PM'], ['Wednesday', '12–8PM'], ['Thursday', '12–8PM'], ['Friday', '12–8PM']]"
0x5495986d5e1194a7:0x4f909dec4395ff56,Soy Grill Teriyaki,"Soy Grill Teriyaki, 2830 NE Hogan Dr, Gresham, OR 97030",45.5178277,-122.4113977,"['Japanese restaurant', 'Restaurant']",4.3,158,$,"[['Friday', '10:30AM–8:30PM'], ['Saturday', '10:30AM–8PM'], ['Sunday', '11AM–8PM'], ['Monday', '10:30AM–8PM'], ['Tuesday', '10:30AM–8PM'], ['Wednesday', '10:30AM–8PM'], ['Thursday', '10:30AM–8PM']]"
0x54cf735488d82999:0x253b899be8807129,Umami Sushi & Asian Cuisine,"Umami Sushi & Asian Cuisine, 62 E Main St, Ashland, OR 97520",42.1966667,-122.71444439999999,"['Sushi restaurant', 'Asian restaurant', 'Bar', 'Japanese restaurant', 'Lounge', 'Restaurant']",4.2,288,$$,"[['Friday', '11:30AM–8:30PM'], ['Saturday', '11:30AM–8:30PM'], ['Sunday', '11:30AM–8:30PM'], ['Monday', '11:30AM–8:30PM'], ['Tuesday', '11:30AM–8:30PM'], ['Wednesday', '11:30AM–8:30PM'], ['Thursday', '11:30AM–8:30PM']]"
0x549574d8eb0980fd:0x1d61f79bbaa3d70f,Teppanyaki Hut - Milwaukie Station,"Teppanyaki Hut - Milwaukie Station, 11301 SE 21st Ave, Milwaukie, OR 97222",45.4410885,-122.6397344,['Japanese restaurant'],4.7,13,,"[['Thursday', '11AM–7PM'], ['Friday', '11AM–7PM'], ['Saturday', '11AM–7PM'], ['Sunday', '11AM–7PM'], ['Monday', '11AM–7PM'], ['Tuesday', '11AM–7PM'], ['Wednesday', '11AM–7PM']]"
0x54c040ba13d0258b:0xbca5bfb1c7d98371,Ring of Fire,"Ring of Fire, 351 SW 30th St, Corvallis, OR 97331",44.5640469,-123.2834475,"['Korean restaurant', 'Chinese restaurant', 'Japanese restaurant', 'Thai restaurant', 'Vietnamese restaurant']",2.5,18,,"[['Thursday', '11AM–2PM'], ['Friday', '11AM–2PM'], ['Saturday', 'Closed'], ['Sunday', 'Closed'], ['Monday', '11AM–2PM'], ['Tuesday', '11AM–2PM'], ['Wednesday', '11AM–2PM']]"
0x5495a71b718beb45:0x5eacb0be11a87ada,Rollin' Fresh Sushiritos And Poke'- Killingsworth,"Rollin' Fresh Sushiritos And Poke'- Killingsworth, 625 NE Killingsworth St, Portland, OR 97211",45.562970899999996,-122.6591093,"['Sushi restaurant', 'Asian fusion restaurant', 'Hawaiian restaurant', 'Japanese restaurant']",4.3,106,,"[['Thursday', '11AM–9PM'], ['Friday', '11AM–9PM'], ['Saturday', '11AM–9PM'], ['Sunday', '11AM–9PM'], ['Monday', '11AM–9PM'], ['Tuesday', '11AM–9PM'], ['Wednesday', '11AM–9PM']]"
0x54950c2b4a274745:0x756d941c3c0406d3,Kokiyo Teriyaki,"Kokiyo Teriyaki, 6101 SW Murray Blvd, Beaverton, OR 97008",45.4756389,-122.82732779999999,['Japanese restaurant'],4.6,88,$$,"[['Thursday', '10:30AM–8PM'], ['Friday', '10:30AM–8PM'], ['Saturday', 'Closed'], ['Sunday', 'Closed'], ['Monday', '10:30AM–8PM'], ['Tuesday', '10:30AM–8PM'], ['Wednesday', '10:30AM–8PM']]"
0x54950c04c07d5089:0x50e4af9e96588f16,Hakatamon,"Hakatamon, 3486 SW Cedar Hills Blvd, Beaverton, OR 97005",45.4854249,-122.784685,"['Sushi restaurant', 'Japanese restaurant']",4.4,48,$$,"[['Wednesday', '11AM–2PM'], ['Thursday', '11AM–2PM'], ['Friday', '11AM–2PM'], ['Saturday', '11AM–10PM'], ['Sunday', '11AM–9PM'], ['Monday', '11AM–2PM'], ['Tuesday', '11AM–2PM']]"
0x549574999c041da1:0x996d95d0b1f60d7,Kurata,"Kurata, 450 5th St, Lake Oswego, OR 97034",45.4206599,-122.6691457,['Japanese restaurant'],4.8,78,$$,"[['Wednesday', '5–9:30PM'], ['Thursday', '5–9:30PM'], ['Friday', '5–9:30PM'], ['Saturday', '5–9:30PM'], ['Sunday', '5–9PM'], ['Monday', 'Closed'], ['Tuesday', '5–9:30PM']]"
0x549573e449045749:0x299ee35cb4d0b1fb,Crazy Kitchen,"Crazy Kitchen, 8294 SW Nyberg St, Tualatin, OR 97062",45.3823405,-122.7618517,"['Japanese restaurant', 'Dessert shop']",4.7,117,,"[['Wednesday', '11AM–8PM'], ['Thursday', '11AM–8PM'], ['Friday', '11AM–8PM'], ['Saturday', '11AM–8PM'], ['Sunday', 'Closed'], ['Monday', '11AM–8PM'], ['Tuesday', '11AM–8PM']]"
0x54956db2b84c261f:0xde04c279a830ee32,KOMO Sushi,"KOMO Sushi, 16330 SW Langer Dr, Sherwood, OR 97140",45.366411199999995,-122.84453789999999,"['Sushi restaurant', 'Asian fusion restaurant', 'Asian restaurant', 'Japanese restaurant', 'Ramen restaurant']",4.8,125,,"[['Wednesday', '11:30AM–2:30PM'], ['Thursday', '11:30AM–9:30PM'], ['Friday', '11:30AM–9:30PM'], ['Saturday', '11:30AM–9:30PM'], ['Sunday', 'Closed'], ['Monday', '11:30AM–2:30PM'], ['Tuesday', '11:30AM–2:30PM']]"
0x5495732eab4c83c9:0x65a14167344e9d54,Best Teriyaki,"Best Teriyaki, 15020 Bangy Rd, Lake Oswego, OR 97035",45.4169444,-122.7422222,['Japanese restaurant'],4.2,36,$,"[['Wednesday', '10:30AM–8PM'], ['Thursday', '10:30AM–8PM'], ['Friday', '10:30AM–8PM'], ['Saturday', '10:30AM–7PM'], ['Sunday', 'Closed'], ['Monday', '10:30AM–8PM'], ['Tuesday', '10:30AM–8PM']]"
0x54957579d27e86f5:0x73467dd375f6ef2e,Norijapan,"Norijapan, 12000 SE 82nd Ave, Happy Valley, OR 97086",45.4364001,-122.572983,"['Restaurant', 'Asian restaurant', 'Japanese delicatessen', 'Ramen restaurant', 'Teppanyaki restaurant', 'Udon noodle restaurant']",3.4,148,,"[['Wednesday', '11AM–7PM'], ['Thursday', '11AM–7PM'], ['Friday', '11AM–7PM'], ['Saturday', '11AM–7PM'], ['Sunday', '12–6PM'], ['Monday', '11AM–7PM'], ['Tuesday', '11AM–7PM']]"
0x54c11e6c853c1199:0x46329ab1db0946c6,Tokyo Tonkatsu,"Tokyo Tonkatsu, 201 W Broadway, Eugene, OR 97401",44.050096599999996,-123.0960144,"['Japanese restaurant', 'Korean restaurant']",4.6,308,$,"[['Wednesday', '11AM–8PM'], ['Thursday', '11AM–8PM'], ['Friday', '11AM–8PM'], ['Saturday', '11AM–8PM'], ['Sunday', 'Closed'], ['Monday', '11AM–8PM'], ['Tuesday', '11AM–8PM']]"
0x54c8d50ee78a6777:0x6e9d74e4021feb70,QQ Hibachi,"QQ Hibachi, 1817 Avalon St, Klamath Falls, OR 97603",42.2124034,-121.7528835,"['Sushi restaurant', 'Asian restaurant', 'Japanese restaurant']",3.3,78,,"[['Tuesday', '11AM–9PM'], ['Wednesday', '11AM–9PM'], ['Thursday', '11AM–9PM'], ['Friday', '11AM–9PM'], ['Saturday', '11AM–9PM'], ['Sunday', '11AM–9PM'], ['Monday', '11AM–9PM']]"
0x5495a42e4865bbad:0x517af0af0a328646,Hissho Sushi,"Hissho Sushi, 7000 NE Airport Way, Portland, OR 97218",45.59062,-122.5943741,['Japanese restaurant'],3.1,28,,"[['Tuesday', '8AM–7:30PM'], ['Wednesday', '8AM–7:30PM'], ['Thursday', '8AM–7:30PM'], ['Friday', '8AM–7:30PM'], ['Saturday', '8AM–6:30PM'], ['Sunday', '8AM–7:30PM'], ['Monday', '8AM–7:30PM']]"
0x54b93306548a8437:0x2796b9502bd6a62a,Sora Sushi - Prineville,"Sora Sushi - Prineville, 234 N Main St Suite B, Prineville, OR 97754",44.3025205,-120.84670899999999,"['Sushi restaurant', 'Delivery service', 'Japanese restaurant', 'Takeout Restaurant', 'Sushi takeaway']",4.6,78,,"[['Tuesday', '11AM–9PM'], ['Wednesday', '11AM–9PM'], ['Thursday', '11AM–9PM'], ['Friday', '11AM–9PM'], ['Saturday', '11AM–9PM'], ['Sunday', '11AM–9PM'], ['Monday', '11AM–9PM']]"
0x54c013574bb68f19:0x6fee7f4180bb5aac,Momiji Sushi Restaurant,"Momiji Sushi Restaurant, 641 NW Hickory St, Albany, OR 97321",44.6444111,-123.112889,['Japanese restaurant'],4.3,304,$$,"[['Tuesday', 'Closed'], ['Wednesday', '11AM–9PM'], ['Thursday', '11AM–9PM'], ['Friday', '11AM–9PM'], ['Saturday', '11AM–9PM'], ['Sunday', '11AM–9PM'], ['Monday', '11AM–9PM']]"
0x54ea8d6f8eb9b419:0xea4cdd286538d815,Yatai sushi,"Yatai sushi, 1213 NW U.S. 101, Lincoln City, OR 97367",44.9739471,-124.01357309999999,"['Sushi restaurant', 'Hawaiian restaurant', 'Japanese restaurant']",4.7,313,$$,"[['Tuesday', 'Closed'], ['Wednesday', '12–7PM'], ['Thursday', '12–7PM'], ['Friday', '12–7PM'], ['Saturday', '12–7PM'], ['Sunday', '12–6PM'], ['Monday', 'Closed']]"
0x54950fc479c4b64b:0x2e5d0cec04438e1f,TAKUMI SUSHI AND BAR,"TAKUMI SUSHI AND BAR, 2215 NE Allie Ave, Hillsboro, OR 97124",45.537237399999995,-122.8785841,['Japanese restaurant'],4.5,155,,"[['Tuesday', '12–2PM'], ['Wednesday', '12–2PM'], ['Thursday', '12–2PM'], ['Friday', '12–2PM'], ['Saturday', '12–9PM'], ['Sunday', '12–9PM'], ['Monday', '12–2PM']]"
0x54bffedaa35638b5:0xab1a69e351955a4e,J's Teriyaki,"J's Teriyaki, 613 Lancaster Dr NE, Salem, OR 97301",44.9380066,-122.98378009999999,['Japanese restaurant'],4.7,228,$,"[['Tuesday', '11AM–7PM'], ['Wednesday', 'Closed'], ['Thursday', 'Closed'], ['Friday', '11AM–7PM'], ['Saturday', '11AM–4PM'], ['Sunday', '11AM–7PM'], ['Monday', '11AM–7PM']]"
0x5495a2b724d39339:0xbcf23a290bdd1213,TERIYAKI GUYS,"97060 Oregon, Wood Village, NE 238th Dr, TERIYAKI GUYS",45.5421517,-122.4187764,"['Japanese restaurant', 'Asian restaurant', 'Fast food restaurant']",4.5,298,,"[['Tuesday', '10:30AM–9PM'], ['Wednesday', '10:30AM–9PM'], ['Thursday', '10:30AM–9PM'], ['Friday', '10:30AM–9PM'], ['Saturday', '11AM–8PM'], ['Sunday', '11AM–8PM'], ['Monday', '10:30AM–9PM']]"
0x5495a7b6f2d08b55:0x78cba1d1cb7a7774,DeHomis,"DeHomis, 7316 N Lombard St, Portland, OR 97203",45.587570899999996,-122.7423628,"['Restaurant', 'Asian restaurant', 'Caterer', 'Japanese restaurant']",4.8,44,,"[['Monday', '12–7:45PM'], ['Tuesday', '12–7:45PM'], ['Wednesday', '12–7:45PM'], ['Thursday', '12–7:45PM'], ['Friday', '12–7:45PM'], ['Saturday', '12–7:45PM'], ['Sunday', '12–7:45PM']]"
0x5495a795e8d1262b:0x94e352632c80e1a6,Bong Teriyaki,"Bong Teriyaki, 3709 N Lombard St, Portland, OR 97217",45.577246099999996,-122.70488259999999,['Japanese restaurant'],4.2,58,$,"[['Monday', '11AM–7:30PM'], ['Tuesday', '11AM–7:30PM'], ['Wednesday', '11AM–7:30PM'], ['Thursday', '11AM–7:30PM'], ['Friday', '11AM–7:30PM'], ['Saturday', 'Closed'], ['Sunday', 'Closed']]"
0x54b8c7d6f5d6962f:0xabcd187de9c89b02,Juno Japanese Sushi Garden,"Juno Japanese Sushi Garden, 536 NW Arizona Ave, Bend, OR 97703",44.0516375,-121.31503649999999,['Japanese restaurant'],4.3,37,,
0x54bffeea436b5c71:0x2d1a12417ab6db29,Kyoto | Japanese Restaurant,"Kyoto | Japanese Restaurant, 1610 Lancaster Dr NE, Salem, OR 97301",44.9490127,-122.9829254,"['Japanese restaurant', 'Restaurant']",4.3,264,$$,"[['Monday', '5–9PM'], ['Tuesday', 'Closed'], ['Wednesday', '5–9PM'], ['Thursday', '5–9PM'], ['Friday', '5–9PM'], ['Saturday', '5–9PM'], ['Sunday', '4–9PM']]"
0x5495a16b009afa3f:0xbfd28f5bcae4fc6b,Baka Umai,"Baka Umai, 4707 SE Hawthorne Blvd #100, Portland, OR 97214",45.512228,-122.61407059999999,"['Restaurant', 'Asian fusion restaurant', 'Japanese restaurant', 'Noodle shop', 'Ramen restaurant']",4.9,77,,"[['Monday', 'Closed'], ['Tuesday', 'Closed'], ['Wednesday', '11AM–2PM'], ['Thursday', '11AM–2PM'], ['Friday', '11AM–9PM'], ['Saturday', '11AM–9PM'], ['Sunday', '12–8PM']]"
0x549565a995315cff:0x90718ec418c95079,Momiji Japanese Restaurant,"Momiji Japanese Restaurant, 1477 SE 1st Ave #108, Canby, OR 97013",45.2678322,-122.6754776,['Japanese restaurant'],4.6,154,$$,"[['Monday', '11AM–9PM'], ['Tuesday', '11AM–9PM'], ['Wednesday', '11AM–9PM'], ['Thursday', '11AM–9PM'], ['Friday', '11AM–9PM'], ['Saturday', '11AM–9PM'], ['Sunday', '11AM–9PM']]"
0x54958532b195d489:0xaa7ffc2228dc0511,Kidd Island Teriyaki,"Kidd Island Teriyaki, 37333 US-26, Sandy, OR 97055",45.4018677,-122.279517,['Japanese restaurant'],4.2,108,$,"[['Monday', '11AM–8PM'], ['Tuesday', '11AM–8PM'], ['Wednesday', '11AM–8PM'], ['Thursday', '11AM–8PM'], ['Friday', '11AM–8PM'], ['Saturday', '11AM–8PM'], ['Sunday', '1–8PM']]"
0x54c11d8c732777ad:0xca9f87e7c712d4e5,Teriyaki Madness,"Teriyaki Madness, 45 Division Ave Ste J, Eugene, OR 97404",44.1006831,-123.1289456,"['Asian fusion restaurant', 'Caterer', 'Fast food restaurant', 'Gluten-free restaurant', 'Japanese restaurant', 'Restaurant']",3.5,153,$,"[['Monday', '11AM–9PM'], ['Tuesday', '11AM–9PM'], ['Wednesday', '11AM–9PM'], ['Thursday', '11AM–9PM'], ['Friday', '11AM–9PM'], ['Saturday', '11AM–9PM'], ['Sunday', '11AM–8PM']]"
0x54956cddd8745d1b:0x6b3b7628b62e5ea1,Tasty Teriyaki,"Tasty Teriyaki, 20649 SW Roy Rogers Rd #307, Sherwood, OR 97140",45.3708621,-122.84630639999999,"['Japanese restaurant', 'Asian restaurant', 'Sushi restaurant']",4.4,118,$,"[['Sunday', 'Closed'], ['Monday', '10:30AM–8PM'], ['Tuesday', '10:30AM–8PM'], ['Wednesday', '10:30AM–8PM'], ['Thursday', '10:30AM–8PM'], ['Friday', '10:30AM–8PM'], ['Saturday', '11AM–8PM']]"
0x54950ebb09d8327f:0xc1341d0e1087b5d,Sushi Chiyo - Beaverton,"Sushi Chiyo - Beaverton, 2905 SW Cedar Hills Blvd, Beaverton, OR 97005",45.498745,-122.8081579,"['Sushi restaurant', 'Conveyor belt sushi restaurant', 'Family restaurant', 'Japanese restaurant', 'Takeout Restaurant', 'Raw food restaurant', 'Restaurant', 'Seafood restaurant', 'Sushi takeaway']",4.0,305,,"[['Sunday', '11AM–9PM'], ['Monday', '11AM–9PM'], ['Tuesday', '11AM–9PM'], ['Wednesday', '11AM–9PM'], ['Thursday', '11AM–9PM'], ['Friday', '11AM–9PM'], ['Saturday', '11AM–9PM']]"
0x549572ebf01b7ec7:0xfa620acb59758008,Sushi Land,"Sushi Land, SW Hazel Fern Rd, Tigard, OR 97224",45.3944311,-122.750343,"['Conveyor belt sushi restaurant', 'Asian restaurant', 'Japanese restaurant']",3.5,387,$,"[['Sunday', '11AM–9PM'], ['Monday', '11AM–9PM'], ['Tuesday', '11AM–9PM'], ['Wednesday', '11AM–9PM'], ['Thursday', '11AM–9PM'], ['Friday', '11AM–9PM'], ['Saturday', '11AM–9PM']]"
0x54b8cf2833b33cd3:0xa69323845991fcfb,Shinsei Sushi,"Shinsei Sushi, 63455 N Hwy 97 #35, Bend, OR 97703",44.1013436,-121.30274759999999,"['Sushi restaurant', 'Japanese restaurant']",4.3,508,$$,"[['Saturday', '11AM–9:30PM'], ['Sunday', '11:30AM–8:30PM'], ['Monday', '11AM–9PM'], ['Tuesday', '11AM–9PM'], ['Wednesday', '11AM–9PM'], ['Thursday', '11AM–9PM'], ['Friday', '11AM–9:30PM']]"
0x54c0657cb52c0f9f:0x23d9927991ff98e3,Lebanon Teriyaki,"Lebanon Teriyaki, 1250 E Grant St, Lebanon, OR 97355",44.5375806,-122.8928778,"['Sushi restaurant', 'Asian restaurant', 'Japanese restaurant']",4.4,235,$,"[['Saturday', 'Closed'], ['Sunday', 'Closed'], ['Monday', '11AM–7:30PM'], ['Tuesday', '11AM–7:30PM'], ['Wednesday', '11AM–7:30PM'], ['Thursday', '11AM–7:30PM'], ['Friday', '11AM–7:30PM']]"
0x5495a0d7ecf05427:0xcf015fa7cd53d18d,Teriyaki Town,"Teriyaki Town, 4434 NE Sandy Blvd, Portland, OR 97213",45.5370883,-122.6174065,"['Japanese restaurant', 'Asian restaurant']",4.4,158,$,"[['Saturday', '11AM–8:30PM'], ['Sunday', 'Closed'], ['Monday', '11AM–8:30PM'], ['Tuesday', '11AM–8:30PM'], ['Wednesday', '11AM–8:30PM'], ['Thursday', '11AM–8:30PM'], ['Friday', '11AM–8:30PM']]"
0x5495a0adcf513589:0xd4b8b13a4a308837,Anzen Hiroshi's Inc,"Anzen Hiroshi's Inc, 736 NE Martin Luther King Jr Blvd, Portland, OR 97232",45.528366399999996,-122.6612286,['Japanese grocery store'],4.3,8,,"[['Saturday', '9AM–6:30PM'], ['Sunday', '12–5PM'], ['Monday', '9AM–6:30PM'], ['Tuesday', '9AM–6:30PM'], ['Wednesday', '9AM–6:30PM'], ['Thursday', '9AM–6:30PM'], ['Friday', '9AM–6:30PM']]"
0x5495a06841a53ea3:0x5bbacaa5852303a8,Ichidai Japanese Restaurant,"Ichidai Japanese Restaurant, 5714 SE Powell Blvd, Portland, OR 97206",45.4973379,-122.6035601,"['Japanese restaurant', 'Asian restaurant', 'Sushi restaurant']",4.5,197,$$,"[['Saturday', '5–9:30PM'], ['Sunday', '5–9PM'], ['Monday', 'Closed'], ['Tuesday', 'Closed'], ['Wednesday', '5–9PM'], ['Thursday', '5–9PM'], ['Friday', '5–9:30PM']]"
0x5495a0995bd27221:0x304760919ea0cc2,Nimblefish,"Nimblefish, 1524 SE 20th Ave, Portland, OR 97214",45.5117908,-122.64500609999999,"['Sushi restaurant', 'Catering food and drink supplier', 'Caterer', 'Delivery service', 'Fine dining restaurant', 'Japanese restaurant', 'Lunch restaurant', 'Delivery Restaurant', 'Restaurant', 'Sushi takeaway']",4.5,244,$$$,"[['Saturday', '5–9PM'], ['Sunday', '5–9PM'], ['Monday', '5–9PM'], ['Tuesday', '5–9PM'], ['Wednesday', '5–9PM'], ['Thursday', '5–9PM'], ['Friday', '5–9PM']]"
0x5495734c9c61626d:0xf8518954124f5e8a,Joy Teriyaki & Poke,"Joy Teriyaki & Poke, 7009 SW Nyberg St, Tualatin, OR 97062",45.3830217,-122.7479506,['Japanese restaurant'],4.5,93,,"[['Saturday', '10:30AM–9PM'], ['Sunday', '12–8PM'], ['Monday', '10:30AM–9PM'], ['Tuesday', '10:30AM–9PM'], ['Wednesday', '10:30AM–9PM'], ['Thursday', '10:30AM–9PM'], ['Friday', '10:30AM–9PM']]"
0x54950d7c0fd9c2a3:0x6df6323cf74323d6,Nikki Sushi & Steak,"Nikki Sushi & Steak, 15135 SW Barrows Rd #145, Beaverton, OR 97007",45.4294985,-122.83215679999999,['Japanese restaurant'],4.3,178,$$,"[['Friday', '11:30AM–2:30PM'], ['Saturday', '12–9:30PM'], ['Sunday', '12–9PM'], ['Monday', '4:30–9PM'], ['Tuesday', '4:30–9PM'], ['Wednesday', '4:30–9PM'], ['Thursday', '4:30–9PM']]"
0x5495728f570d2037:0xe79329ef37ae86a5,Mama's Teriyaki,"Mama's Teriyaki, 19210 SW Martinazzi Ave, Tualatin, OR 97062",45.380887,-122.7573796,['Japanese restaurant'],4.5,175,$,"[['Friday', '11AM–10PM'], ['Saturday', '11AM–10PM'], ['Sunday', '11AM–10PM'], ['Monday', '11AM–10PM'], ['Tuesday', '11AM–10PM'], ['Wednesday', '11AM–10PM'], ['Thursday', '11AM–10PM']]"
0x5495197eeae5627b:0x317650f16f0e91e4,F G Sushi,"F G Sushi, 1905 Birch St, Forest Grove, OR 97116",45.518493,-123.108283,"['Sushi restaurant', 'Asian restaurant', 'Japanese restaurant']",4.4,414,$$,"[['Friday', '11AM–3PM'], ['Saturday', '11AM–3PM'], ['Sunday', '11AM–3PM'], ['Monday', '11AM–3PM'], ['Tuesday', '11AM–3PM'], ['Wednesday', '11AM–3PM'], ['Thursday', '11AM–3PM']]"
0x54eaa9c5d8eb21cd:0x1a0e476a9a979a73,Love Love Teriyaki and Sushi,"Love Love Teriyaki and Sushi, 433 Main St, Dallas, OR 97338",44.9258574,-123.31543749999999,['Japanese restaurant'],3.9,155,,"[['Friday', '10:30AM–9PM'], ['Saturday', '10:30AM–9PM'], ['Sunday', 'Closed'], ['Monday', '10:30AM–9PM'], ['Tuesday', '10:30AM–9PM'], ['Wednesday', '10:30AM–9PM'], ['Thursday', '10:30AM–9PM']]"
0x54950aea60f8b219:0x8ccef987ca61a1cc,Samurai Lunch Box,"Samurai Lunch Box, 6661 SE Milwaukie Ave, Portland, OR 97202",45.4745877,-122.649023,"['Restaurant', 'Japanese restaurant', 'Takeout Restaurant']",4.6,147,$,"[['Friday', '11AM–7PM'], ['Saturday', '11AM–7PM'], ['Sunday', 'Closed'], ['Monday', '11AM–7PM'], ['Tuesday', '11AM–7PM'], ['Wednesday', '11AM–7PM'], ['Thursday', '11AM–7PM']]"
0x54950df1cb02fd95:0x3ba3e6a3e57442bf,Sarku Japan,"Sarku Japan, 9625 SW Washington Square Rd, Tigard, OR 97223",45.450399499999996,-122.780525,"['Japanese restaurant', 'Fast food restaurant', 'Restaurant', 'Sushi restaurant', 'Teppanyaki restaurant']",3.5,63,$,"[['Friday', '11AM–8PM'], ['Saturday', '11AM–8PM'], ['Sunday', '11AM–6PM'], ['Monday', '11AM–7PM'], ['Tuesday', '11AM–7PM'], ['Wednesday', '11AM–7PM'], ['Thursday', '11AM–7PM']]"
0x5495740aa67aaaab:0xeb937c28e61cf7b4,oh! Umai Teriyaki (West Linn),"oh! Umai Teriyaki (West Linn), 18750 Willamette Dr B3, West Linn, OR 97068",45.3903067,-122.64406299999999,"['Japanese restaurant', 'Asian fusion restaurant', 'Korean barbecue restaurant']",4.6,118,,"[['Friday', '11AM–8PM'], ['Saturday', '11AM–8PM'], ['Sunday', 'Closed'], ['Monday', '11AM–8PM'], ['Tuesday', '11AM–8PM'], ['Wednesday', '11AM–8PM'], ['Thursday', '11AM–8PM']]"
0x5495a0d9e2d76e1d:0x544e75cf37ae7a15,Bluefin Sushi Bar,"Bluefin Sushi Bar, 4138 NE Broadway, Portland, OR 97232",45.5350235,-122.6204429,"['Sushi restaurant', 'Japanese restaurant']",4.5,198,$$,"[['Friday', '4:30–9PM'], ['Saturday', '4:30–9PM'], ['Sunday', '4:30–9PM'], ['Monday', '4:30–9PM'], ['Tuesday', '4:30–9PM'], ['Wednesday', '4:30–9PM'], ['Thursday', '4:30–9PM']]"
0x549505fdb2f51df3:0x34f5177c1e7460e7,Teriyaki Woo,"Teriyaki Woo, 18305 NW West Union Rd, Portland, OR 97229",45.5584657,-122.865214,['Japanese restaurant'],4.7,94,$,"[['Thursday', '11AM–8PM'], ['Friday', '11AM–8PM'], ['Saturday', '11AM–6:30PM'], ['Sunday', 'Closed'], ['Monday', '11AM–8PM'], ['Tuesday', '11AM–8PM'], ['Wednesday', '11AM–8PM']]"
0x54cf6320c5aaebdb:0x802e7d32054d5f9,Umi Sushi,"Umi Sushi, 7310 Crater Lake Hwy, White City, OR 97503",42.4221976,-122.8514787,['Japanese regional restaurant'],4.4,185,$$,"[['Thursday', '11AM–2:30PM'], ['Friday', '11AM–2:30PM'], ['Saturday', '12–3PM'], ['Sunday', 'Closed'], ['Monday', '11AM–2:30PM'], ['Tuesday', '11AM–2:30PM'], ['Wednesday', '11AM–2:30PM']]"
0x54bfff6d4b06fe99:0x422dbc54376f36b3,Fuji Rice Time,"Fuji Rice Time, 159 High St SE, Salem, OR 97301",44.9390583,-123.0378262,"['Authentic Japanese restaurant', 'Asian restaurant', 'Colombian restaurant', 'Japanese restaurant', 'Sushi restaurant']",4.6,276,$$,"[['Thursday', '11AM–2:30PM'], ['Friday', '11AM–2:30PM'], ['Saturday', '4–8PM'], ['Sunday', 'Closed'], ['Monday', 'Closed'], ['Tuesday', '11AM–2:30PM'], ['Wednesday', '11AM–8PM']]"
0x5495a1c1985451a5:0x14eff132cf67947c,Teriyaki King,"Teriyaki King, 11910 SE Division St, Portland, OR 97266",45.5037878,-122.5405473,"['Japanese restaurant', 'Asian restaurant']",4.2,78,,"[['Thursday', '11AM–8PM'], ['Friday', '11AM–8PM'], ['Saturday', '11AM–7PM'], ['Sunday', 'Closed'], ['Monday', '11AM–8PM'], ['Tuesday', '11AM–8PM'], ['Wednesday', '11AM–8PM']]"
0x5495a20106079ebd:0x4a4a3312dd2400ef,Ichi Teriyaki 23,"Ichi Teriyaki 23, 16255 SE Division St, Portland, OR 97236",45.5049864,-122.495403,['Japanese restaurant'],4.2,418,$,"[['Thursday', '10:30AM–9PM'], ['Friday', '10:30AM–9PM'], ['Saturday', '10:30AM–9PM'], ['Sunday', '11AM–8PM'], ['Monday', '10:30AM–9PM'], ['Tuesday', '10:30AM–9PM'], ['Wednesday', '10:30AM–9PM']]"
0x80d94e2a02d3c221:0xf70b8a92c9a96341,Ono's Cafe Sushi and Asian Fusion Cuisine,,45.5980213,-127.26963889999999,"['Sushi restaurant', 'Asian fusion restaurant', 'Japanese restaurant']",4.3,246,$$,"[['Thursday', '4–9PM'], ['Friday', '11AM–10PM'], ['Saturday', '12–10PM'], ['Sunday', '10AM–9PM'], ['Monday', 'Closed'], ['Tuesday', '4–9PM'], ['Wednesday', '4–9PM']]"
0x54cf0da088a47421:0xaa8d04658c215ec0,Sushi Heaven,"Sushi Heaven, 293 E Main St, Ashland, OR 97520",42.1955889,-122.71138289999999,"['Sushi restaurant', 'Japanese restaurant', 'Sushi takeaway', 'Tempura restaurant', 'Teppanyaki restaurant']",4.8,87,,"[['Thursday', '11:30AM–2:30PM'], ['Friday', '11:30AM–2:30PM'], ['Saturday', '2–8:30PM'], ['Sunday', '2–8PM'], ['Monday', '4–8:30PM'], ['Tuesday', '4–8:30PM'], ['Wednesday', '11:30AM–2:30PM']]"
0x54a2e1442f883431:0xa6cb20cc38b3d521,Momiji Sushi & Hibachi,"Momiji Sushi & Hibachi, 210 SW 17th St, Pendleton, OR 97801",45.6676668,-118.802646,['Japanese restaurant'],4.5,295,$$,"[['Thursday', '11AM–3PM'], ['Friday', '11AM–3PM'], ['Saturday', '12–10PM'], ['Sunday', '12–9PM'], ['Monday', '11AM–3PM'], ['Tuesday', 'Closed'], ['Wednesday', '11AM–3PM']]"
0x54950e5c23dcc2a1:0xb4d3d961d31275cc,21 Teriyaki Bento,"21 Teriyaki Bento, 17735 SW Tualatin Valley Hwy, Beaverton, OR 97006",45.4934383,-122.8595708,['Japanese restaurant'],4.2,93,$,"[['Thursday', '10:30AM–8:30PM'], ['Friday', '10:30AM–8:30PM'], ['Saturday', '10:30AM–8:30PM'], ['Sunday', 'Closed'], ['Monday', '10:30AM–8:30PM'], ['Tuesday', '10:30AM–8:30PM'], ['Wednesday', '10:30AM–8:30PM']]"
0x5495733ecef74f07:0xd409e9c8f8eb4aa1,MOMO SUSHI & GRILL,"MOMO SUSHI & GRILL, 3970 Mercantile Dr #180-A, Lake Oswego, OR 97035",45.414445699999995,-122.71766389999999,"['Sushi restaurant', 'American restaurant', 'Asian restaurant', 'Bar & grill', 'Japanese restaurant', 'Restaurant']",4.4,278,$$,"[['Thursday', '11:30AM–9PM'], ['Friday', '11:30AM–9:30PM'], ['Saturday', '3–9:30PM'], ['Sunday', '3–9PM'], ['Monday', '11:30AM–9PM'], ['Tuesday', '11:30AM–9PM'], ['Wednesday', '11:30AM–9PM']]"
0x54950f69e4d9156f:0x39052c4f04536e43,Zen Teriyaki,"Zen Teriyaki, 2063 NW 185th Ave, Hillsboro, OR 97124",45.535262599999996,-122.86810559999999,['Japanese restaurant'],4.0,158,$,"[['Thursday', '10:30AM–8PM'], ['Friday', '10:30AM–8PM'], ['Saturday', '10:30AM–8PM'], ['Sunday', 'Closed'], ['Monday', '10:30AM–8PM'], ['Tuesday', '10:30AM–8PM'], ['Wednesday', '10:30AM–8PM']]"
0x5495a0d74d9aa8b3:0x1e3f410e9391a45b,Sushi Chiyo - Portland,"Sushi Chiyo - Portland, 4029 NE Sandy Blvd, Portland, OR 97212",45.5354752,-122.6217894,"['Sushi restaurant', 'Conveyor belt sushi restaurant', 'Family restaurant', 'Japanese restaurant', 'Takeout Restaurant', 'Raw food restaurant', 'Restaurant', 'Seafood restaurant', 'Sushi takeaway']",4.2,488,$,"[['Thursday', '11AM–9PM'], ['Friday', '11AM–9PM'], ['Saturday', '11AM–9PM'], ['Sunday', '11AM–9PM'], ['Monday', '11AM–9PM'], ['Tuesday', '11AM–9PM'], ['Wednesday', '11AM–9PM']]"
0x54950ea7310e3dbb:0x8a262187a7acfcd6,Marinepolis Sushi Land,"Marinepolis Sushi Land, 4021 SW 117th Ave, Beaverton, OR 97005",45.4902307,-122.79944309999999,"['Sushi restaurant', 'Japanese restaurant']",3.2,308,$,"[['Thursday', '11AM–9PM'], ['Friday', '11AM–9PM'], ['Saturday', '11AM–9PM'], ['Sunday', '11AM–9PM'], ['Monday', '11AM–9PM'], ['Tuesday', '11AM–9PM'], ['Wednesday', '11AM–9PM']]"
0x54ea8da1cd96f313:0xb22c61c654cb4046,Momiji Express,"Momiji Express, 1500 SE East Devils Lake Rd #101, Lincoln City, OR 97367",44.958785899999995,-124.0101201,"['Japanese restaurant', 'Chinese restaurant', 'Delivery Restaurant', 'Restaurant', 'Sushi restaurant']",3.9,528,$$,"[['Thursday', '10AM–9PM'], ['Friday', '10AM–9PM'], ['Saturday', '10AM–9PM'], ['Sunday', '10AM–9PM'], ['Monday', '10AM–9PM'], ['Tuesday', '10AM–9PM'], ['Wednesday', '10AM–9PM']]"
0x5495a25b7f7a0a33:0x7bf9bed4deaac387,Joy Teriyaki,"Joy Teriyaki, 1407 NE 181st Ave, Portland, OR 97230",45.5330498,-122.47903919999999,['Japanese restaurant'],3.8,205,$,"[['Tuesday', '10AM–9PM'], ['Wednesday', '10AM–9PM'], ['Thursday', '10AM–9PM'], ['Friday', '10AM–9PM'], ['Saturday', '10AM–9PM'], ['Sunday', '10:30AM–9PM'], ['Monday', '10AM–9PM']]"
0x54950a02fd057563:0x691662c3756489bc,Masu Sushi,"Masu Sushi, 406 SW 13th Ave, Portland, OR 97205",45.522484,-122.684079,"['Sushi restaurant', 'Bar', 'Japanese restaurant', 'Restaurant']",4.5,615,$$$,"[['Monday', '4–9:30PM'], ['Tuesday', '4–9:30PM'], ['Wednesday', '4–9:30PM'], ['Thursday', '4–9:30PM'], ['Friday', '4–9:30PM'], ['Saturday', '4–9:30PM'], ['Sunday', '4–9:30PM']]"
0x54950a101895e427:0x99ae772450af387f,Bentos Coffee 2 (BC2),"Bentos Coffee 2 (BC2), 1033 SW 6th Ave, Portland, OR 97204",45.516681999999996,-122.6800997,"['Restaurant', 'Cookie shop', 'Dessert shop', 'Japanese restaurant', 'Korean restaurant']",4.0,28,,"[['Monday', '11AM–2PM'], ['Tuesday', '11AM–2PM'], ['Wednesday', '11AM–2PM'], ['Thursday', '11AM–2PM'], ['Friday', '11AM–2PM'], ['Saturday', 'Closed'], ['Sunday', 'Closed']]"
0x5495a0dd65d72263:0xbc4772eead6922f2,Rice & Spice Teriyaki,"Rice & Spice Teriyaki, 4430 NE Glisan St, Portland, OR 97213",45.526230999999996,-122.61660979999999,['Japanese restaurant'],4.6,257,$,"[['Monday', '10:30AM–9PM'], ['Tuesday', '10:30AM–9PM'], ['Wednesday', '10:30AM–9PM'], ['Thursday', '10:30AM–9PM'], ['Friday', '10:30AM–9PM'], ['Saturday', '11AM–8PM'], ['Sunday', 'Closed']]"
0x54c131b94f077293:0x4c26727af5af2f19,Oba Ramen,"Oba Ramen, 1043 OR-99, Cottage Grove, OR 97424",43.8044277,-123.0574532,"['Ramen restaurant', 'Japanese restaurant']",4.6,143,,"[['Monday', '4–8PM'], ['Tuesday', '4–8PM'], ['Wednesday', '4–8PM'], ['Thursday', '4–8PM'], ['Friday', '4–8PM'], ['Saturday', '4–8PM'], ['Sunday', '4–8PM']]"
0x54950a11bfde258b:0x318931cd6ac121e1,Oishii Mika Sushi,"Oishii Mika Sushi, 1425 SW 2nd Ave, Portland, OR 97201",45.5130011,-122.67740839999999,"['Japanese restaurant', 'Asian restaurant', 'Ramen restaurant', 'Sushi restaurant', 'Sushi takeaway']",3.9,258,$$,"[['Monday', '11AM–10:30PM'], ['Tuesday', '11AM–10:30PM'], ['Wednesday', '11AM–10:30PM'], ['Thursday', '11AM–10:30PM'], ['Friday', '11AM–10:30PM'], ['Saturday', '12–10:30PM'], ['Sunday', '12–10:30PM']]"
0x54bfff414225a58f:0x2ff64f81c935ac09,BONJAPAN86(YAROKU),"〒97302 Oregon, Salem, 12th St SE, BONJAPAN86(YAROKU)",44.9280182,-123.03033149999999,['Japanese restaurant'],4.7,168,$,"[['Monday', 'Closed'], ['Tuesday', '11:30AM–2PM'], ['Wednesday', '11:30AM–2PM'], ['Thursday', '11:30AM–2PM'], ['Friday', '11:30AM–2PM'], ['Saturday', '5–10PM'], ['Sunday', '12:30–8PM']]"
0x5495a76a158ec369:0x946eb53a421ae924,Samurai Blue Sushi & Ramen,"Samurai Blue Sushi & Ramen, 3807 N Mississippi Ave, Portland, OR 97227",45.5502944,-122.6757694,"['Sushi restaurant', 'Asian restaurant', 'Japanese restaurant', 'Ramen restaurant']",4.3,207,$$,"[['Monday', '3–9PM'], ['Tuesday', '3–9PM'], ['Wednesday', '3–9PM'], ['Thursday', '3–9PM'], ['Friday', '3–10PM'], ['Saturday', '12–10PM'], ['Sunday', '3–9PM']]"
0x54956f26f66bb08b:0x7604396abc7114f7,Kirin Ramen,"Kirin Ramen, 30200 SW Boones Ferry Rd UNIT 72, Wilsonville, OR 97070",45.3011841,-122.77286819999999,['Japanese restaurant'],4.4,67,$$,"[['Monday', '11AM–2:30PM'], ['Tuesday', '11AM–2:30PM'], ['Wednesday', '11AM–2:30PM'], ['Thursday', '11AM–2:30PM'], ['Friday', '11AM–2:30PM'], ['Saturday', '11AM–2:30PM'], ['Sunday', '11AM–2:30PM']]"
0x5495a76ea9233e63:0x4eb2c4b272f70ab0,Miho Izakaya,"Miho Izakaya, 4057 N Interstate Ave, Portland, OR 97227",45.5529417,-122.6812611,"['Japanese restaurant', 'Bar', 'Izakaya restaurant']",4.5,95,$$,"[['Monday', '5–10PM'], ['Tuesday', '5–10PM'], ['Wednesday', '5–10PM'], ['Thursday', '5–10PM'], ['Friday', '5–11PM'], ['Saturday', '5–11PM'], ['Sunday', '5–10PM']]"
0x54cf7a1a515760df:0x4860720ef3204a4b,I Love Sushi,"I Love Sushi, 219 E Barnett Rd, Medford, OR 97501",42.3177205,-122.86245699999999,"['Restaurant', 'Asian restaurant', 'Japanese restaurant', 'Sushi restaurant']",4.5,48,$$,"[['Monday', '9AM–7:30PM'], ['Tuesday', '9AM–7:30PM'], ['Wednesday', '9AM–7:30PM'], ['Thursday', '9AM–7:30PM'], ['Friday', '9AM–7:30PM'], ['Saturday', '9AM–7:30PM'], ['Sunday', 'Closed']]"
0x54cf7a24a5c9c8cd:0xd44102571b31c6f2,Oh's Osaka,"Oh's Osaka, 123 S Front St, Medford, OR 97501",42.324942,-122.871743,"['Japanese restaurant', 'Asian restaurant', 'Restaurant', 'Sushi restaurant']",3.6,208,$$,"[['Sunday', '5–8:30PM'], ['Monday', '5–8:30PM'], ['Tuesday', '5–8:30PM'], ['Wednesday', '5–8:30PM'], ['Thursday', '5–8:30PM'], ['Friday', '5–9:30PM'], ['Saturday', '5–9:30PM']]"
0x54c8d4f96033a665:0x8bfabb02cddbb5a9,Hanayori Japanese Restaurant,"Hanayori Japanese Restaurant, 240 Main St, Klamath Falls, OR 97601",42.2222222,-121.78472219999999,"['Japanese restaurant', 'Asian restaurant', 'Sushi restaurant']",4.3,278,$$,"[['Sunday', 'Closed'], ['Monday', '11:30AM–1:30PM'], ['Tuesday', '11:30AM–1:30PM'], ['Wednesday', '11:30AM–1:30PM'], ['Thursday', '11:30AM–1:30PM'], ['Friday', '11:30AM–1:30PM'], ['Saturday', '5–8PM']]"
0x54950a143fcb2cbb:0x379160fbe67e3c5d,Dosirak Restaurant,"Dosirak Restaurant, SW 4th Ave, Portland, OR 97201",45.5094188,-122.681704,"['Japanese restaurant', 'Korean restaurant', 'Restaurant']",4.5,68,$,"[['Sunday', 'Closed'], ['Monday', '10:30AM–4PM'], ['Tuesday', '10:30AM–4PM'], ['Wednesday', '10:30AM–4PM'], ['Thursday', '10:30AM–4PM'], ['Friday', '10:30AM–4PM'], ['Saturday', 'Closed']]"
0x5495a7d6c950d3a7:0x26fbeb84b36ab58,Kimura Toast Bar,"Kimura Toast Bar, 3808 N Williams Ave, Portland, OR 97227",45.550312999999996,-122.666389,"['Bakery', 'Breakfast restaurant', 'Brunch restaurant', 'Coffee shop', 'Japanese restaurant']",4.6,28,,"[['Sunday', '9AM–2PM'], ['Monday', 'Closed'], ['Tuesday', '9AM–2PM'], ['Wednesday', '9AM–2PM'], ['Thursday', '9AM–2PM'], ['Friday', '9AM–2PM'], ['Saturday', '9AM–2PM']]"
0x5495a1a2667d6545:0xe410f028bf24803b,Kashiwagi,"Kashiwagi, 2425 SE 26th Ave, Portland, OR 97214",45.5051413,-122.6398986,['Japanese restaurant'],5.0,25,,"[['Sunday', 'Closed'], ['Monday', 'Closed'], ['Tuesday', '12–2:30PM'], ['Wednesday', '12–2:30PM'], ['Thursday', '12–2:30PM'], ['Friday', '12–2:30PM'], ['Saturday', '12–2:30PM']]"
0x5495a183c2fde561:0xd1218c7cfb6cc44d,Mashita Teriyaki,"Mashita Teriyaki, 12118 NE Glisan St, Portland, OR 97220",45.5259881,-122.53890709999999,['Japanese restaurant'],3.7,33,,"[['Sunday', 'Closed'], ['Monday', '10:30AM–9PM'], ['Tuesday', '10:30AM–9PM'], ['Wednesday', '10:30AM–9PM'], ['Thursday', '10:30AM–9PM'], ['Friday', '10:30AM–9PM'], ['Saturday', '10:30AM–9PM']]"
0x54950a11cbe3ef45:0xa29677e79f862202,Mizu Sushi,"Mizu Sushi, 1338 SW 3rd Ave, Portland, OR 97201",45.5137909,-122.6776391,"['Sushi restaurant', 'Asian restaurant', 'Japanese restaurant']",4.6,78,$$,"[['Sunday', 'Closed'], ['Monday', '11AM–7PM'], ['Tuesday', '11AM–7PM'], ['Wednesday', '11AM–7PM'], ['Thursday', '11AM–7PM'], ['Friday', '11AM–7PM'], ['Saturday', '12–7PM']]"
0x54daa1e882741ee7:0xae45b74c0e67411e,Pacific Sushi & Grill,"Pacific Sushi & Grill, 613 Chetco Ave, Brookings, OR 97415",42.0522837,-124.28166999999999,"['Sushi restaurant', 'American restaurant', 'Asian fusion restaurant', 'Asian restaurant', 'Gluten-free restaurant', 'Japanese restaurant', 'Seafood restaurant', 'Steak house', 'Vegetarian restaurant']",4.7,808,$$,"[['Saturday', '11:30AM–9PM'], ['Sunday', '11:30AM–9PM'], ['Monday', '11:30AM–9PM'], ['Tuesday', '11:30AM–9PM'], ['Wednesday', '11:30AM–9PM'], ['Thursday', '11:30AM–9PM'], ['Friday', '11:30AM–9PM']]"
0x54daa1e7c6531c2f:0x22b92257abae2b5,Kitanishi Cafe,"Kitanishi Cafe, 632 Hemlock St, Brookings, OR 97415",42.051223,-124.282105,"['Japanese restaurant', 'Restaurant']",4.4,33,,
0x549509f0f0ade32d:0x2a61028845357c33,Mio Sushi,"Mio Sushi, 2271 NW Johnson St, Portland, OR 97210",45.528533499999995,-122.6980988,"['Sushi restaurant', 'Japanese restaurant']",4.3,298,$$,"[['Saturday', '12–10PM'], ['Sunday', 'Closed'], ['Monday', '11AM–9:30PM'], ['Tuesday', '11AM–9PM'], ['Wednesday', '11AM–9:30PM'], ['Thursday', '11AM–9:30PM'], ['Friday', '11AM–9:30PM']]"
0x5495a082ed4eb7bd:0xc1b2d3874d4a627f,Sushi Mazi,"Sushi Mazi, 2126 SE Division St, Portland, OR 97202",45.5046694,-122.6439972,"['Sushi restaurant', 'Asian restaurant', 'Japanese restaurant', 'Restaurant']",4.6,174,$$,"[['Saturday', '4–8PM'], ['Sunday', '4–8PM'], ['Monday', 'Closed'], ['Tuesday', '4–8PM'], ['Wednesday', '4–8PM'], ['Thursday', '4–8PM'], ['Friday', '4–8PM']]"
0x5495a039c5f32f9d:0xcfa4989fa2c3ab36,Happy Teriyaki,"Happy Teriyaki, 4104 SE 82nd Ave, Portland, OR 97266",45.492942899999996,-122.5780006,"['Japanese restaurant', 'Asian restaurant', 'Sushi restaurant']",4.2,118,,"[['Saturday', '11:30AM–8PM'], ['Sunday', 'Closed'], ['Monday', '11AM–8:30PM'], ['Tuesday', '11AM–8:30PM'], ['Wednesday', '11AM–8:30PM'], ['Thursday', '11AM–8:30PM'], ['Friday', '11AM–8:30PM']]"
0x54bffe935d209ebb:0x176e8d183ede8dc1,Sushi Takara,"Sushi Takara, 1970 Lancaster Dr NE #111, Salem, OR 97305",44.953454799999996,-122.9819955,"['Sushi restaurant', 'Asian restaurant', 'Japanese restaurant']",4.2,398,$,"[['Saturday', '11AM–8:30PM'], ['Sunday', '11AM–9PM'], ['Monday', 'Closed'], ['Tuesday', '11AM–9PM'], ['Wednesday', '11AM–9PM'], ['Thursday', '11AM–8:30PM'], ['Friday', '11AM–9PM']]"
0x54950ea0b3e7b695:0x6586e39084c02e60,Zen Teriyaki,"Zen Teriyaki, 11923 SW Canyon Rd, Beaverton, OR 97005",45.489658899999995,-122.7995069,['Japanese restaurant'],4.5,244,$,"[['Saturday', '10:30AM–8:30PM'], ['Sunday', '10:30AM–8:30PM'], ['Monday', '10:30AM–8:30PM'], ['Tuesday', '10:30AM–8:30PM'], ['Wednesday', '10:30AM–8:30PM'], ['Thursday', '10:30AM–8:30PM'], ['Friday', '10:30AM–8:30PM']]"
0x54bfff364b7558bd:0xdc4d7c6883787c33,Oishi Asian Cafe,"Oishi Asian Cafe, 1221 23rd St SE STE 140, Salem, OR 97302",44.924121899999996,-123.01476889999999,"['Asian restaurant', 'Japanese restaurant', 'Sushi restaurant']",4.3,198,$$,"[['Saturday', '11AM–8PM'], ['Sunday', 'Closed'], ['Monday', '11AM–8PM'], ['Tuesday', '11AM–8PM'], ['Wednesday', '11AM–8PM'], ['Thursday', '11AM–8PM'], ['Friday', '11AM–8PM']]"
0x54950551fc55dc5d:0xe9ce416ee844fea2,Nara Teriyaki,"Nara Teriyaki, 2020 NE Cornell Rd # N, Hillsboro, OR 97124",45.5302758,-122.9606551,"['Japanese restaurant', 'Asian restaurant', 'Sushi restaurant']",4.4,145,$,"[['Saturday', '10:30AM–9PM'], ['Sunday', 'Closed'], ['Monday', '10:30AM–9PM'], ['Tuesday', '10:30AM–9PM'], ['Wednesday', '10:30AM–9PM'], ['Thursday', '10:30AM–9PM'], ['Friday', '10:30AM–9PM']]"
0x54950a7883aa4c43:0x79be76945cc1caf7,Ahi Sushi and Tapas Japanese Restaurant,"Ahi Sushi and Tapas Japanese Restaurant, 2038 SE Clinton St, Portland, OR 97202",45.503278099999996,-122.644776,"['Restaurant', 'Japanese restaurant', 'Sushi restaurant']",4.0,7,,"[['Saturday', '4–11PM'], ['Sunday', '4–10PM'], ['Monday', 'Closed'], ['Tuesday', '4–10PM'], ['Wednesday', '4–10PM'], ['Thursday', '4–11PM'], ['Friday', '4–11PM']]"
0x54956f9276dcd7f1:0x9ae6e51503837496,oki sushi & grill,"oki sushi & grill, 30100 SW Boones Ferry Rd ste 56, Wilsonville, OR 97070",45.301747299999995,-122.7712243,"['Japanese restaurant', 'Sushi restaurant']",4.0,48,$,"[['Saturday', '11AM–9PM'], ['Sunday', '11AM–9PM'], ['Monday', '11AM–9PM'], ['Tuesday', '11AM–9PM'], ['Wednesday', '11AM–9PM'], ['Thursday', '11AM–9PM'], ['Friday', '11AM–9PM']]"
0x54950d9da12c9099:0xeed93453e84e90ab,Sushi Town,"Sushi Town, 14800 SW Murray Scholls Dr #101, Beaverton, OR 97007",45.4371018,-122.82904789999999,"['Sushi restaurant', 'Japanese restaurant']",4.1,298,$,"[['Saturday', '11AM–9PM'], ['Sunday', 'Closed'], ['Monday', '11AM–2:30PM'], ['Tuesday', '11AM–2:30PM'], ['Wednesday', '11AM–2:30PM'], ['Thursday', '11AM–2:30PM'], ['Friday', '11AM–9PM']]"
0x54950e720fb27811:0x95db4522d2dd6efb,Sakura Asian Fusion Restaurant,"Sakura Asian Fusion Restaurant, 17691 SW Farmington Rd c, Aloha, OR 97007",45.4794444,-122.8591668,"['Thai restaurant', 'Asian fusion restaurant', 'Chinese restaurant', 'Japanese restaurant']",3.9,118,$$,"[['Saturday', '12–9PM'], ['Sunday', '12–9PM'], ['Monday', '12–9PM'], ['Tuesday', '12–9PM'], ['Wednesday', '12–9PM'], ['Thursday', '12–9PM'], ['Friday', '12–9PM']]"
0x54937b4bdefe9c1b:0x78aa4937a68f787b,Tora Sushi Lounge,"Tora Sushi Lounge, 1197 Commercial St, Astoria, OR 97103",46.1888508,-123.83036969999999,"['Sushi restaurant', 'Japanese restaurant']",4.3,588,$$,"[['Saturday', '11AM–2PM'], ['Sunday', '4–8PM'], ['Monday', 'Closed'], ['Tuesday', '11AM–2PM'], ['Wednesday', '11AM–2PM'], ['Thursday', '11AM–2PM'], ['Friday', '11AM–2PM']]"
0x54c11de4153b16a1:0x8d2bb16b9a7e350c,Sarku Japan,"Sarku Japan, 293 Valley River Center Unit G-13, Eugene, OR 97401",44.0680285,-123.1052297,"['Japanese restaurant', 'Fast food restaurant', 'Restaurant', 'Sushi restaurant', 'Teppanyaki restaurant']",4.0,233,$,"[['Saturday', '11AM–8PM'], ['Sunday', '11AM–6PM'], ['Monday', '11AM–7PM'], ['Tuesday', '11AM–7PM'], ['Wednesday', '11AM–7PM'], ['Thursday', '11AM–7PM'], ['Friday', '11AM–8PM']]"
0x5495a0af2d0077a5:0x87fce51fb3c21da1,Wa Kitchen Kuu,"Wa Kitchen Kuu, 125 NE Martin Luther King Jr Blvd, Portland, OR 97232",45.5238747,-122.6620274,"['Japanese restaurant', 'Sushi restaurant']",4.6,223,$$,"[['Saturday', '12–9PM'], ['Sunday', '12–9PM'], ['Monday', 'Closed'], ['Tuesday', '4–9PM'], ['Wednesday', '12–9PM'], ['Thursday', '12–9PM'], ['Friday', '12–9PM']]"
0x54950b61d21b9209:0xe3e89c1ab9711e2a,SHO | Japanese Restaurant,"SHO | Japanese Restaurant, 10100 SW Barbur Blvd, Portland, OR 97219",45.4522456,-122.7235503,"['Japanese restaurant', 'Asian restaurant', 'Bar', 'Sushi restaurant']",4.5,725,$$,"[['Friday', '11:30AM–2:30PM'], ['Saturday', '11:30AM–9PM'], ['Sunday', '11:30AM–8:30PM'], ['Monday', '11:30AM–2:30PM'], ['Tuesday', '11:30AM–2:30PM'], ['Wednesday', '11:30AM–2:30PM'], ['Thursday', '11:30AM–2:30PM']]"
0x54950f5b757a5e57:0xc540ae3de960a73e,Teriyaki Bowl,"Teriyaki Bowl, 3168 NW 185th Ave, Portland, OR 97229",45.5429244,-122.8664331,['Japanese restaurant'],4.5,138,$,"[['Friday', '10:30AM–8PM'], ['Saturday', '11AM–8PM'], ['Sunday', 'Closed'], ['Monday', '10:30AM–8PM'], ['Tuesday', '10:30AM–8PM'], ['Wednesday', '10:30AM–8PM'], ['Thursday', '10:30AM–8PM']]"
0x54950dce53a6e141:0xb277a6a55cefe09,Sushi Ki-ichi,"Sushi Ki-ichi, 11940 SW Pacific Hwy G, Tigard, OR 97223",45.433071999999996,-122.7656705,['Japanese restaurant'],4.5,198,$,"[['Friday', '11AM–2PM'], ['Saturday', '11AM–2PM'], ['Sunday', '4:30–8:30PM'], ['Monday', 'Closed'], ['Tuesday', '11AM–2PM'], ['Wednesday', '11AM–2PM'], ['Thursday', '11AM–2PM']]"
0x549509f8d3c3f2cb:0x25483fd66f5adca3,Mio Sushi,"Mio Sushi, 1317 NW Hoyt St, Portland, OR 97209",45.5273628,-122.6847763,"['Sushi restaurant', 'Japanese restaurant']",4.3,154,$$,"[['Friday', '11AM–2:30PM'], ['Saturday', '12–3PM'], ['Sunday', '3–8:30PM'], ['Monday', '11AM–2:30PM'], ['Tuesday', '11AM–2:30PM'], ['Wednesday', '11AM–2:30PM'], ['Thursday', '11AM–2:30PM']]"
0x54b8c632bfe9e77f:0xe7e5d7871b2cef03,Mio Sushi,"Mio Sushi, 375 SW Powerhouse Dr a125, Bend, OR 97702",44.046969499999996,-121.31517819999999,"['Sushi restaurant', 'Asian restaurant', 'Japanese restaurant']",4.1,326,$$,"[['Friday', '11AM–9PM'], ['Saturday', '11AM–9PM'], ['Sunday', '11AM–8PM'], ['Monday', '11AM–8PM'], ['Tuesday', '11AM–8PM'], ['Wednesday', '11AM–8PM'], ['Thursday', '11AM–8PM']]"
0x5495a1813a039251:0x7010ce38feedf98c,Portland Teriyaki,"Portland Teriyaki, 12427 NE Glisan St, Portland, OR 97230",45.5269149,-122.53537139999999,['Japanese restaurant'],4.4,178,$,"[['Friday', '11AM–7PM'], ['Saturday', '11AM–7PM'], ['Sunday', 'Closed'], ['Monday', '11AM–8PM'], ['Tuesday', '11AM–8PM'], ['Wednesday', '11AM–7PM'], ['Thursday', '11AM–7PM']]"
0x54950edff08f6279:0x92b11b0a3c173544,Best Teriyaki,"Best Teriyaki, 15950 SW Regatta Ln, Beaverton, OR 97006",45.516305599999995,-122.8415139,"['Japanese restaurant', 'Asian restaurant']",3.7,25,$$,"[['Friday', '11AM–9PM'], ['Saturday', '11AM–9PM'], ['Sunday', 'Closed'], ['Monday', '11AM–9PM'], ['Tuesday', '11AM–9PM'], ['Wednesday', '11AM–9PM'], ['Thursday', '11AM–9PM']]"
0x549574184ee7e34d:0xc991c3a785b801c,Oh Teriyaki,"Oh Teriyaki, 18422 SE McLoughlin Blvd, Milwaukie, OR 97267",45.3894472,-122.61103109999999,"['Japanese restaurant', 'Asian fusion restaurant', 'Chinese restaurant', 'Korean restaurant']",4.6,187,$,"[['Thursday', '11AM–8PM'], ['Friday', '11AM–8PM'], ['Saturday', 'Closed'], ['Sunday', 'Closed'], ['Monday', '11AM–8PM'], ['Tuesday', '11AM–8PM'], ['Wednesday', '11AM–8PM']]"
0x54b8c640dfe5b827:0xa6b9b7e949ad7817,Bend-O Bento Japanese Kitchen,"Bend-O Bento Japanese Kitchen, 1375 SE Wilson Ave #105, Bend, OR 97702",44.0436529,-121.28659409999999,"['Japanese restaurant', 'Asian restaurant']",4.8,128,,"[['Thursday', '10:30AM–3PM'], ['Friday', '10:30AM–3PM'], ['Saturday', 'Closed'], ['Sunday', 'Closed'], ['Monday', '10:30AM–3PM'], ['Tuesday', '10:30AM–3PM'], ['Wednesday', '10:30AM–3PM']]"
0x54950a048cffd211:0xf3d979970e69c8e3,Bonsai By Sake Japanese & Thai Cuisine,"Bonsai By Sake Japanese & Thai Cuisine 615 SW Broadway, Portland, OR 97205",45.519839,-122.679616,"['Asian restaurant', 'Japanese restaurant', 'Ramen restaurant', 'Sushi restaurant', 'Thai restaurant']",4.3,168,$$,"[['Thursday', '11:30AM–3PM'], ['Friday', '11:30AM–3PM'], ['Saturday', '11:30AM–10PM'], ['Sunday', '11:30AM–9PM'], ['Monday', 'Closed'], ['Tuesday', '11:30AM–3PM'], ['Wednesday', '11:30AM–3PM']]"
0x54cf7c6d14e6ee4b:0x594722470fc15857,Zen Zen Sushi and Teriyaki,"Zen Zen Sushi and Teriyaki, 223 E Pine St, Central Point, OR 97502",42.375055599999996,-122.9160972,"['Japanese restaurant', 'Sushi restaurant']",4.4,228,$$,"[['Thursday', '11:30AM–2PM'], ['Friday', '11:30AM–2PM'], ['Saturday', '4:30–8:30PM'], ['Sunday', 'Closed'], ['Monday', '10:30AM–2PM'], ['Tuesday', '11:30AM–2PM'], ['Wednesday', '11:30AM–2PM']]"
0x54950a1953ad94a3:0xb9874d5030e5a989,Kalé,"Kalé, 50 SW Pine St, Portland, OR 97204",45.5208759,-122.67153479999999,"['Japanese restaurant', 'Asian restaurant', 'Bar', 'Restaurant']",4.7,496,$,"[['Wednesday', '11AM–8PM'], ['Thursday', '11AM–8PM'], ['Friday', '11AM–8PM'], ['Saturday', '11AM–8PM'], ['Sunday', 'Closed'], ['Monday', 'Closed'], ['Tuesday', '11AM–8PM']]"
0x54957563afb47bc3:0xb05c309b50a797d,Bamboo Sushi,"Bamboo Sushi, 380 1st St, Lake Oswego, OR 97034",45.4190052,-122.664537,"['Sushi restaurant', 'Asian fusion restaurant', 'Japanese restaurant', 'Restaurant']",4.2,178,$$,"[['Wednesday', '4–8:30PM'], ['Thursday', '4–8:30PM'], ['Friday', '4–8:30PM'], ['Saturday', '4–8:30PM'], ['Sunday', '2–8:30PM'], ['Monday', 'Closed'], ['Tuesday', '2–8:30PM']]"
0x549505fda861d91b:0x205135edd568d975,MOMIJI SUSHI HILLSBORO,"Oregon, Hillsboro, NE Imbrie Dr, MOMIJI SUSHI HILLSBORO邮政编码: 97124",45.550517299999996,-122.9037106,"['Restaurant', 'Asian fusion restaurant', 'Japanese restaurant', 'Lunch restaurant', 'Takeout Restaurant', 'Sushi restaurant']",4.3,108,,"[['Wednesday', '11AM–8PM'], ['Thursday', '11AM–8PM'], ['Friday', '11AM–8PM'], ['Saturday', '11AM–8PM'], ['Sunday', '11AM–8PM'], ['Monday', 'Closed'], ['Tuesday', '11AM–8PM']]"
0x54c57a30092092a9:0x94902cc4a98753c7,Musashi Sushi Bar and Japanese Cuisine,"Musashi Sushi Bar and Japanese Cuisine, 314 SE H St, Grants Pass, OR 97526",42.4373678,-123.3243306,['Japanese restaurant'],4.6,395,$$,"[['Wednesday', '4–9PM'], ['Thursday', '4–9PM'], ['Friday', '4–9PM'], ['Saturday', '4–9PM'], ['Sunday', 'Closed'], ['Monday', 'Closed'], ['Tuesday', '4–9PM']]"
0x54b8c885bba6b31d:0xd4a40ca4b96d8ef,Kanpai,"Kanpai, 990 NW Newport Ave, Bend, OR 97701",44.062570799999996,-121.326038,"['Sushi restaurant', 'Asian restaurant', 'Bar', 'Japanese restaurant']",4.2,178,$$$,"[['Wednesday', '4–9PM'], ['Thursday', '4–9PM'], ['Friday', '4–9PM'], ['Saturday', '4–9PM'], ['Sunday', 'Closed'], ['Monday', 'Closed'], ['Tuesday', '4–9PM']]"
0x54b8c97cec7fb24d:0x19f1dcdb7dabac9d,Chomp Chomp,"Chomp Chomp, 945 NW Bond St, Bend, OR 97703",44.0589102,-121.31265979999999,"['Restaurant', 'Asian fusion restaurant', 'Cocktail bar', 'Japanese restaurant', 'New American restaurant']",4.5,78,,"[['Wednesday', '5–9PM'], ['Thursday', '5–9PM'], ['Friday', '5–10PM'], ['Saturday', '5–10PM'], ['Sunday', 'Closed'], ['Monday', 'Closed'], ['Tuesday', '5–9PM']]"
0x54b8c7110262fe0d:0xe02fcb112ffc4db0,Bend Izakaya Ronin,"Bend Izakaya Ronin, 70 SW Century Dr #120, Bend, OR 97702",44.0505409,-121.3305506,"['Sushi restaurant', 'Japanese restaurant', 'Ramen restaurant']",4.6,28,,"[['Wednesday', '5–8PM'], ['Thursday', '5–8PM'], ['Friday', '5–9PM'], ['Saturday', '5–9PM'], ['Sunday', '5–8PM'], ['Monday', 'Closed'], ['Tuesday', 'Closed']]"
0x54950ac55c30785f:0xba22f62396426bc0,Mio Sushi Sellwood,"Mio Sushi Sellwood, 1710 SE Tacoma St, Portland, OR 97202",45.464129199999995,-122.64674149999999,"['Sushi restaurant', 'Asian restaurant', 'Japanese restaurant']",4.3,305,$$,"[['Wednesday', '11AM–2PM'], ['Thursday', '11AM–2PM'], ['Friday', '11AM–2PM'], ['Saturday', '12–2:30PM'], ['Sunday', 'Closed'], ['Monday', '11AM–2PM'], ['Tuesday', '11AM–2PM']]"
0x54b8c7a10c93a9ab:0xbe0c41f5f81c5a49,Tomo Sushi,"Tomo Sushi, 61160 S Hwy 97 suite c, Bend, OR 97702",44.0206963,-121.3154594,"['Japanese restaurant', 'Asian restaurant', 'Sushi restaurant']",4.2,338,$$,
0x54c43beb4b2ed101:0x34aa592cb76c859a,Sushi & Rolls,"Sushi & Rolls, 4671 Carnes Rd, Roseburg, OR 97471",43.14635,-123.38059,"['Japanese restaurant', 'Sushi restaurant']",4.6,228,$$,"[['Wednesday', '11:30AM–3PM'], ['Thursday', '11:30AM–3PM'], ['Friday', '11:30AM–3PM'], ['Saturday', '3–8PM'], ['Sunday', 'Closed'], ['Monday', '11:30AM–3PM'], ['Tuesday', '11:30AM–3PM']]"
0x5495a0b51250ba6b:0x1c20cd1271274151,Koji Osakaya,"Koji Osakaya, 1502 NE Weidler St, Portland, OR 97232",45.5341704,-122.6502641,['Japanese restaurant'],4.4,365,$$,"[['Tuesday', '11:30AM–2:30PM'], ['Wednesday', '11:30AM–2:30PM'], ['Thursday', '11:30AM–2:30PM'], ['Friday', '11:30AM–2:30PM'], ['Saturday', '11:30AM–2:30PM'], ['Sunday', '11:30AM–2:30PM'], ['Monday', 'Closed']]"
0x89d6b5989c58633b:0x934cf3f797bac4cb,Mochi Grill,,45.5980213,-127.26963889999999,"['Miso cutlet restaurant', 'Japanese restaurant']",4.1,45,$$,"[['Tuesday', '11AM–9:30PM'], ['Wednesday', '11AM–9:30PM'], ['Thursday', '11AM–9:30PM'], ['Friday', '11AM–10:30PM'], ['Saturday', '11AM–10:30PM'], ['Sunday', '4–9:30PM'], ['Monday', '11:30AM–9:30PM']]"
0x549508d5a5d9e81f:0xa6d836309d2df7b5,Ichiban,"Ichiban, 13599 NW Cornell Rd, Portland, OR 97229",45.528545799999996,-122.8163053,['Japanese restaurant'],4.4,77,$$,"[['Tuesday', '4:30–8:30PM'], ['Wednesday', '4:30–8:30PM'], ['Thursday', '4:30–8:30PM'], ['Friday', '4:30–8:30PM'], ['Saturday', '4:30–8:30PM'], ['Sunday', '4:30–8:30PM'], ['Monday', '4:30–8:30PM']]"
0x54bffeea0d008b9f:0x73a4d3456e614604,Best Teriyaki,"Best Teriyaki, 1480 Lancaster Dr NE, Salem, OR 97301",44.94775,-122.9834417,['Japanese restaurant'],4.0,322,$,"[['Tuesday', '11AM–9PM'], ['Wednesday', '11AM–9PM'], ['Thursday', '11AM–9PM'], ['Friday', '11AM–9PM'], ['Saturday', '11AM–9PM'], ['Sunday', '11AM–8PM'], ['Monday', '11AM–9PM']]"
0x54c00353f4939e6f:0xd1e491bea579c6b6,Yang's Teriyaki Plus,"Yang's Teriyaki Plus, 140 Monmouth Ave N, Monmouth, OR 97361",44.848997999999995,-123.23773209999999,"['Japanese restaurant', 'Asian restaurant']",4.7,278,$,"[['Tuesday', '10AM–7:30PM'], ['Wednesday', '10AM–7:30PM'], ['Thursday', '10AM–7:30PM'], ['Friday', '10AM–7:30PM'], ['Saturday', 'Closed'], ['Sunday', 'Closed'], ['Monday', '10AM–7:30PM']]"
0x54c11e11765456f9:0x1770cc4fdca729c6,Izakaya Oyazi,"Izakaya Oyazi, 259 E 5th Ave, Eugene, OR 97401",44.054519,-123.08898699999999,['Japanese restaurant'],4.5,175,$$,"[['Tuesday', '5PM–12AM'], ['Wednesday', '5PM–12AM'], ['Thursday', '5–9:30PM'], ['Friday', '5PM–12AM'], ['Saturday', '5PM–12AM'], ['Sunday', 'Closed'], ['Monday', '5PM–12AM']]"
0x54959e6e3603439d:0xb7b20f38ffc22e7a,Sushi Moto,"Sushi Moto, 15725 SE Happy Valley Town Center Dr, Happy Valley, OR 97015",45.428015099999996,-122.50069939999999,"['Sushi restaurant', 'Asian restaurant', 'Japanese restaurant', 'Restaurant']",4.0,118,,"[['Monday', 'Closed'], ['Tuesday', '12–8PM'], ['Wednesday', '12–8PM'], ['Thursday', '12–8PM'], ['Friday', '12–8PM'], ['Saturday', '12–8PM'], ['Sunday', 'Closed']]"
0x5495a6dff1e6b8c9:0x6f1ff3975a757435,Hana Japanese Bistro,"Hana Japanese Bistro, 2236 NE Alberta St, Portland, OR 97211",45.558965,-122.6421041,"['Japanese restaurant', 'Asian restaurant', 'Bar', 'Restaurant', 'Sushi restaurant']",4.3,198,$$,"[['Monday', 'Closed'], ['Tuesday', '4–8PM'], ['Wednesday', '4–8PM'], ['Thursday', '4–8PM'], ['Friday', '4–8PM'], ['Saturday', '4–8PM'], ['Sunday', '4–8PM']]"
0x54951bd4aa9d964f:0xfc76da812e763582,Ninja bowl teriyaki in FG,"Ninja bowl teriyaki in FG, 3012 Pacific Ave Suite D, Forest Grove, OR 97116",45.519507,-123.0936266,"['Japanese restaurant', 'Bubble tea store', 'Korean beef restaurant', 'Restaurant']",4.4,258,$,"[['Monday', '11AM–8PM'], ['Tuesday', '11AM–8PM'], ['Wednesday', '11AM–8PM'], ['Thursday', '11AM–8PM'], ['Friday', '11AM–8PM'], ['Saturday', '11AM–8PM'], ['Sunday', 'Closed']]"
0x5495bd573337a485:0xe79889535d4213c4,Siam Sushi,"Siam Sushi, 165 E Historic Columbia River Hwy, Troutdale, OR 97060",45.5409274,-122.38774989999999,"['Japanese restaurant', 'Thai restaurant']",4.4,136,$$,"[['Monday', 'Closed'], ['Tuesday', '11AM–7:30PM'], ['Wednesday', '11AM–7:30PM'], ['Thursday', '11AM–7:30PM'], ['Friday', '11AM–7:30PM'], ['Saturday', '11AM–7:30PM'], ['Sunday', 'Closed']]"
0x54950a155ea01d85:0x1c2ff0941eb3269d,Sushi Takahashi 2,"Sushi Takahashi 2, 2415 SW 5th Ave, Portland, OR 97201",45.5055445,-122.6835449,"['Sushi restaurant', 'Japanese restaurant', 'Restaurant']",4.7,294,$,"[['Monday', '11:45AM–2PM'], ['Tuesday', '11:45AM–2PM'], ['Wednesday', '11:45AM–2PM'], ['Thursday', '11:45AM–2PM'], ['Friday', '11:45AM–2PM'], ['Saturday', 'Closed'], ['Sunday', 'Closed']]"
0x54c040bcfacfcfcf:0x7c72825feadc1e09,Shogun Bowl,"Shogun Bowl, 2461 NW Monroe Ave, Corvallis, OR 97330",44.5690156,-123.27849579999999,"['Japanese restaurant', 'Restaurant']",4.3,158,$,"[['Sunday', 'Closed'], ['Monday', '12–3PM'], ['Tuesday', '12–3PM'], ['Wednesday', '12–3PM'], ['Thursday', '12–3PM'], ['Friday', '12–2:30PM'], ['Saturday', '4–7:30PM']]"
0x54c1800fc0e54579:0xb9a97da2fdaa5f6a,Ichiban Chinese and Japanese Restaurant & Lounge,"Ichiban Chinese and Japanese Restaurant & Lounge, 1179 US-101, Florence, OR 97439",43.977073999999995,-124.10199399999999,"['Chinese restaurant', 'Japanese restaurant']",4.3,455,$$,"[['Sunday', '11AM–9PM'], ['Monday', '11AM–8PM'], ['Tuesday', '11AM–8PM'], ['Wednesday', 'Closed'], ['Thursday', '11AM–9PM'], ['Friday', '11AM–9PM'], ['Saturday', '11AM–9PM']]"
0x8851539f4a414959:0xb5596b1d0f6007a2,Ka Kitchen & Lounge,,45.5974809,-127.2696988,"['Asian restaurant', 'Asian fusion restaurant', 'Cocktail bar', 'Japanese restaurant', 'Pho restaurant', 'Sushi restaurant']",4.3,38,,"[['Sunday', 'Closed'], ['Monday', '11AM–9PM'], ['Tuesday', '11AM–9PM'], ['Wednesday', '11AM–9PM'], ['Thursday', '11AM–9PM'], ['Friday', '11AM–10PM'], ['Saturday', '11AM–10PM']]"
0x549510175badb053:0x9a88ca7fce764ec0,Kokiyo Teriyaki,"Kokiyo Teriyaki, 2463 SE Tualatin Valley Hwy, Hillsboro, OR 97123",45.5061998,-122.9549607,"['Japanese restaurant', 'Asian restaurant']",4.6,158,,"[['Sunday', 'Closed'], ['Monday', '10:30AM–8:30PM'], ['Tuesday', '10:30AM–8:30PM'], ['Wednesday', '10:30AM–8:30PM'], ['Thursday', '10:30AM–8:30PM'], ['Friday', '10:30AM–8:30PM'], ['Saturday', '11AM–8:30PM']]"
0x5495a091b0316909:0x2c146972c2a4c08d,Rollin Fresh Sushiritos And Poke’ - Madison,"Rollin Fresh Sushiritos And Poke’ - Madison, 1080 SE Madison St, Portland, OR 97214",45.5127908,-122.6548734,"['Sushi restaurant', 'Asian fusion restaurant', 'Hawaiian restaurant', 'Japanese restaurant']",4.2,88,,"[['Saturday', '11AM–9PM'], ['Sunday', '11AM–9PM'], ['Monday', '11AM–9PM'], ['Tuesday', '11AM–9PM'], ['Wednesday', '11AM–9PM'], ['Thursday', '11AM–9PM'], ['Friday', '11AM–9PM']]"
0x54956eec2dcd860b:0xb99d368e7c00f263,Sushi Avenue,"Sushi Avenue, 29955 SW Boones Ferry Rd D, Wilsonville, OR 97070",45.303627999999996,-122.7727697,"['Japanese restaurant', 'Asian restaurant', 'Sushi restaurant']",4.5,253,$$,"[['Saturday', '12–10PM'], ['Sunday', 'Closed'], ['Monday', '11:30AM–2:30PM'], ['Tuesday', '11:30AM–2:30PM'], ['Wednesday', '11:30AM–2:30PM'], ['Thursday', '11:30AM–2:30PM'], ['Friday', '11:30AM–2:30PM']]"
0x5495a71f2589f889:0x43d9b17a6ada3169,Bamboo Sushi,"Bamboo Sushi, 1409 NE Alberta St, Portland, OR 97211",45.559230799999995,-122.65132519999999,"['Sushi restaurant', 'Asian fusion restaurant', 'Asian restaurant', 'Bar', 'Cocktail bar', 'Fine dining restaurant', 'Japanese restaurant', 'Pan-Asian restaurant', 'Restaurant', 'Seafood restaurant']",4.5,548,$$$,"[['Friday', '2–9PM'], ['Saturday', '2–9PM'], ['Sunday', '2–8PM'], ['Monday', 'Closed'], ['Tuesday', '2–8PM'], ['Wednesday', '2–8PM'], ['Thursday', '2–8PM']]"
0x5495a0b516538089:0xf4354fdf2a573362,Marinepolis Sushi Land,"Marinepolis Sushi Land, 1409 NE Weidler St, Portland, OR 97232",45.5344391,-122.65116119999999,"['Sushi restaurant', 'Asian restaurant', 'Bar', 'Japanese restaurant']",3.3,278,$,"[['Friday', '11AM–9PM'], ['Saturday', '11AM–9PM'], ['Sunday', '11AM–9PM'], ['Monday', '11AM–9PM'], ['Tuesday', '11AM–9PM'], ['Wednesday', '11AM–9PM'], ['Thursday', '11AM–9PM']]"
0x5495a6e76327debd:0xa0e328bb8e89747,Yakuza Ghost Kitchen,"Yakuza Ghost Kitchen, 5515 NE 30th Ave Suite 200, Portland, OR 97211",45.5622973,-122.6350377,"['Restaurant', 'Asian restaurant', 'Bar', 'Cocktail bar', 'Izakaya restaurant', 'Japanese restaurant', 'Japanese steakhouse', 'Japanized western restaurant', 'Lounge', 'Sushi restaurant']",4.3,298,$$,"[['Friday', '4–8PM'], ['Saturday', '4–8PM'], ['Sunday', '4–8PM'], ['Monday', 'Closed'], ['Tuesday', 'Closed'], ['Wednesday', '4–8PM'], ['Thursday', '4–8PM']]"
0x54c579f08fb316cb:0xbb985bccb807cad7,Matsukaze Japanese Restaurant,"Matsukaze Japanese Restaurant, on hillcrest st, 1675 NE 7th St, Grants Pass, OR 97526",42.4576006,-123.3202079,"['Japanese restaurant', 'Asian restaurant']",4.6,391,$$,"[['Friday', '5–8:30PM'], ['Saturday', '5–8:30PM'], ['Sunday', 'Closed'], ['Monday', '5–8PM'], ['Tuesday', '5–8PM'], ['Wednesday', '5–8PM'], ['Thursday', '5–8PM']]"
0x5495a74c9533312b:0x6f25801387921e45,Mashita Teriyaki,"Mashita Teriyaki, 1612 NE 6th Ave, Portland, OR 97232",45.5345722,-122.65926359999999,['Japanese restaurant'],4.4,228,$,"[['Friday', '10:30AM–8PM'], ['Saturday', '10:30AM–7PM'], ['Sunday', 'Closed'], ['Monday', '10:30AM–8PM'], ['Tuesday', '10:30AM–8PM'], ['Wednesday', '10:30AM–8PM'], ['Thursday', '10:30AM–8PM']]"
0x5495756344cef00d:0xd589d9e6bce6cd55,Sushi & Maki,"Sushi & Maki, 10822 SE 82nd Ave, Portland, OR 97086",45.4445419,-122.5772781,['Japanese restaurant'],4.5,465,$$,"[['Friday', '11AM–9PM'], ['Saturday', '11AM–9PM'], ['Sunday', '11AM–9PM'], ['Monday', 'Closed'], ['Tuesday', '11AM–9PM'], ['Wednesday', '11AM–9PM'], ['Thursday', '11AM–9PM']]"
0x5495732eab147543:0xb8f49ea561393270,ENJOY TERIYAKI,"ENJOY TERIYAKI, 15020 Bangy Rd, Lake Oswego, OR 97035",45.417098499999994,-122.74217259999999,['Japanese restaurant'],4.6,98,$,"[['Friday', '10:30AM–8PM'], ['Saturday', '10:30AM–7PM'], ['Sunday', 'Closed'], ['Monday', '10:30AM–8PM'], ['Tuesday', '10:30AM–8PM'], ['Wednesday', '10:30AM–8PM'], ['Thursday', '10:30AM–8PM']]"
0x549505504bae76d7:0x98216f977dceed9c,Ichi Teriyaki,"Ichi Teriyaki, 893 NE 25th Ave, Hillsboro, OR 97124",45.529986199999996,-122.95817129999999,['Japanese restaurant'],4.7,113,,"[['Friday', '10:30AM–8:30PM'], ['Saturday', '10:30AM–3PM'], ['Sunday', 'Closed'], ['Monday', '10:30AM–8:30PM'], ['Tuesday', '10:30AM–8:30PM'], ['Wednesday', '10:30AM–8:30PM'], ['Thursday', '10:30AM–8:30PM']]"
0x54bfff0c4f6796df:0x80c92ce418fa1455,Sushi Ya Sushi Salem,"Sushi Ya Sushi Salem, 401 Center St NE, Salem, OR 97301",44.9437725,-123.03648199999999,"['Sushi restaurant', 'Asian restaurant', 'Japanese restaurant']",4.2,108,$$,"[['Thursday', '10AM–8PM'], ['Friday', '10AM–8PM'], ['Saturday', '10AM–8PM'], ['Sunday', '11AM–6PM'], ['Monday', '10AM–8PM'], ['Tuesday', '10AM–8PM'], ['Wednesday', '10AM–8PM']]"
0x54950cdb31444ab9:0x7a36bb8ae0362911,Mashita Teriyaki,"Mashita Teriyaki, 7500 SW Dartmouth St, Tigard, OR 97223",45.4328851,-122.7541713,['Japanese restaurant'],3.9,124,$,"[['Thursday', '10AM–8PM'], ['Friday', '10AM–8PM'], ['Saturday', '10AM–8PM'], ['Sunday', 'Closed'], ['Monday', '10AM–8PM'], ['Tuesday', '10AM–8PM'], ['Wednesday', '10AM–8PM']]"
0x54c57a4b6d4c1f37:0x2399282e2c1a17cf,Asian Express,"Asian Express, 202 Redwood Hwy, Grants Pass, OR 97527",42.4270018,-123.3321685,"['Chinese restaurant', 'Japanese restaurant', 'Thai restaurant']",4.4,158,$,"[['Thursday', '11AM–7:30PM'], ['Friday', '11AM–7:30PM'], ['Saturday', 'Closed'], ['Sunday', 'Closed'], ['Monday', '11AM–7:30PM'], ['Tuesday', '11AM–7:30PM'], ['Wednesday', '11AM–7:30PM']]"
0x54c57bdca34f99d5:0x28d07fd704313a,Ahi Sushi and Sake Bar,"Ahi Sushi and Sake Bar, 941 SE 7th St, Grants Pass, OR 97526",42.432007999999996,-123.3294018,"['Sushi restaurant', 'Japanese restaurant', 'Restaurant', 'Rice restaurant']",4.2,378,$$,"[['Thursday', '11AM–8PM'], ['Friday', '11AM–9PM'], ['Saturday', '11AM–9PM'], ['Sunday', 'Closed'], ['Monday', 'Closed'], ['Tuesday', '11AM–8PM'], ['Wednesday', '11AM–8PM']]"
0x89c824c9661c4e67:0xf2c9820470b36a99,Osaka Hibachi Grill changed to (Ravin' & Cravin') food truck,,45.5974809,-127.2696988,"['Asian restaurant', 'Japanese restaurant', 'Restaurant', 'Sushi restaurant']",3.9,28,,
0x54a2b8e36ad4bbe9:0x96165409d3e23e70,Kobe Hibachi Sushi,"Kobe Hibachi Sushi, 1055 S Hwy 395, Hermiston, OR 97838",45.832970599999996,-119.2827993,"['Japanese restaurant', 'Sushi restaurant']",4.5,442,$$,"[['Thursday', '11AM–9:30PM'], ['Friday', '11AM–10PM'], ['Saturday', '11AM–10PM'], ['Sunday', '12–9PM'], ['Monday', '11AM–9:30PM'], ['Tuesday', '11AM–9:30PM'], ['Wednesday', '11AM–9:30PM']]"
0x54c0e1bcbd819efb:0x7c09d6e9237425f3,DragonVine,"DragonVine, 1859 Pioneer Pkwy E, Springfield, OR 97477",44.063580599999995,-123.02487219999999,"['Toy store', 'Clothing store', 'Collectibles store', 'Comic book store', 'Game store', 'Gift shop', 'Japanese confectionery shop', 'Novelty store', 'Poster store']",4.0,298,,"[['Thursday', '11AM–8PM'], ['Friday', '11AM–8PM'], ['Saturday', '11AM–8PM'], ['Sunday', '11AM–6PM'], ['Monday', '11AM–7PM'], ['Tuesday', '11AM–7PM'], ['Wednesday', '11AM–8PM']]"
0x549509ff003444b9:0x291b2a3d8b3af680,Sinju Sushi,"Sinju Sushi, 1022 NW Johnson St, Portland, OR 97209",45.5285327,-122.68168259999999,"['Japanese restaurant', 'Asian restaurant', 'Bar', 'Sushi restaurant']",4.1,208,$$,"[['Wednesday', '11:30AM–2:30PM'], ['Thursday', '11:30AM–2:30PM'], ['Friday', '11:30AM–2:30PM'], ['Saturday', '11:30AM–2:30PM'], ['Sunday', 'Closed'], ['Monday', '11:30AM–2:30PM'], ['Tuesday', '11:30AM–2:30PM']]"
0x549509e5c54bda95:0x6cd0680e9f70b682,West Coast Bento,"West Coast Bento, 2368 NW Thurman St a, Portland, OR 97210",45.5353481,-122.7003026,['Japanese restaurant'],4.4,33,,"[['Wednesday', '10AM–2:30PM'], ['Thursday', '10AM–2:30PM'], ['Friday', '10AM–2:30PM'], ['Saturday', 'Closed'], ['Sunday', 'Closed'], ['Monday', '10AM–2:30PM'], ['Tuesday', '10AM–2:30PM']]"
0x549572eba28c4c9f:0xf70a35cc21c7a86e,Sinju Sushi,"Sinju Sushi, 7339 SW Bridgeport Rd, Tigard, OR 97224",45.397237999999994,-122.753011,"['Japanese restaurant', 'Bar', 'Restaurant', 'Sushi restaurant']",4.2,478,$$,"[['Wednesday', '11AM–9PM'], ['Thursday', '11AM–9PM'], ['Friday', '11AM–9:30PM'], ['Saturday', '11AM–9:30PM'], ['Sunday', '11AM–9PM'], ['Monday', '11AM–9PM'], ['Tuesday', '11AM–9PM']]"
0x54950c04d1d8506d:0xc1852fdf00bd3b1c,Ramen Ryoma Beaverton,"Ramen Ryoma Beaverton, 10500 SW Beaverton Hillsdale Hwy, Beaverton, OR 97005",45.485307299999995,-122.78476409999999,"['Japanese restaurant', 'Ramen restaurant']",4.6,1190,$$,"[['Wednesday', '11AM–2:30PM'], ['Thursday', '11AM–2:30PM'], ['Friday', '11AM–9PM'], ['Saturday', '11AM–9PM'], ['Sunday', '11AM–9PM'], ['Monday', '11AM–2:30PM'], ['Tuesday', '11AM–2:30PM']]"
0x54950ea18a83f3c3:0x8c33d18fa1e68793,Mio Sushi,"Mio Sushi, 12600 SW Crescent St, Beaverton, OR 97005",45.4909573,-122.80689539999999,"['Sushi restaurant', 'Japanese restaurant']",4.1,333,$$,"[['Wednesday', '11AM–2:30PM'], ['Thursday', '11AM–2:30PM'], ['Friday', '11AM–2:30PM'], ['Saturday', '11AM–2:30PM'], ['Sunday', '11AM–2:30PM'], ['Monday', '11AM–2:30PM'], ['Tuesday', '11AM–2:30PM']]"
0x5495a0b53036ad43:0x3b405bb5845af509,Yuki Japanese Restaurant,"Yuki Japanese Restaurant, 1337 NE Broadway, Portland, OR 97232",45.535210799999994,-122.6516513,"['Japanese restaurant', 'Sushi restaurant']",4.4,298,$$,"[['Wednesday', '11:30AM–10PM'], ['Thursday', '11:30AM–10PM'], ['Friday', '11:30AM–10:30PM'], ['Saturday', '11:30AM–10:30PM'], ['Sunday', '12–10PM'], ['Monday', '11:30AM–10PM'], ['Tuesday', '11:30AM–10PM']]"
0x54957579d27b15c3:0xe5e2872a4c4a0ecd,Sinju Sushi,"Sinju Sushi, 12000 SE 82nd Ave, Happy Valley, OR 97086",45.435384,-122.5756332,"['Sushi restaurant', 'Bar', 'Bar & grill', 'Japanese restaurant', 'Restaurant']",4.2,405,$$,"[['Wednesday', '11AM–9PM'], ['Thursday', '11AM–9PM'], ['Friday', '11AM–9PM'], ['Saturday', '11AM–9PM'], ['Sunday', '11AM–9PM'], ['Monday', '11AM–9PM'], ['Tuesday', '11AM–9PM']]"
0x5495a0d7500a283f:0x244dc5ea3c3be3e0,Pono Farm Soul Kitchen,"Pono Farm Soul Kitchen, 4118 NE Sandy Blvd, Portland, OR 97212",45.535415,-122.621054,"['Japanese restaurant', 'Steak house', 'Sushi restaurant']",4.3,58,,"[['Wednesday', '5–10PM'], ['Thursday', '5–10PM'], ['Friday', '5–10PM'], ['Saturday', '5–10PM'], ['Sunday', '4–9PM'], ['Monday', 'Closed'], ['Tuesday', '5–10PM']]"
0x54937b496b6ab823:0xea05cfba2edd185e,Tokyo Teriyaki,"Tokyo Teriyaki, 1446 Commercial St, Astoria, OR 97103",46.1892182,-123.8279724,"['Japanese restaurant', 'Asian restaurant', 'Sushi restaurant']",4.3,277,$,"[['Wednesday', '11AM–8PM'], ['Thursday', '11AM–8PM'], ['Friday', '11AM–8PM'], ['Saturday', '11AM–8PM'], ['Sunday', '11AM–8PM'], ['Monday', '11AM–8PM'], ['Tuesday', '11AM–8PM']]"
0x5495a7761437a4f1:0xb8b8f478d862d861,Mio Sushi,"Mio Sushi, 2735 N Killingsworth St, Portland, OR 97217",45.5629583,-122.69537779999999,"['Sushi restaurant', 'Asian restaurant', 'Japanese restaurant']",4.2,328,$$,"[['Wednesday', '11AM–2:30PM'], ['Thursday', '11AM–2:30PM'], ['Friday', '11AM–2:30PM'], ['Saturday', '12–3PM'], ['Sunday', 'Closed'], ['Monday', '11AM–2:30PM'], ['Tuesday', '11AM–2:30PM']]"
0x5495a08d163d82fd:0xd6c3675e3b3bf528,Mio Sushi,"Mio Sushi, 3962 SE Hawthorne Blvd E, Portland, OR 97214",45.5118479,-122.62136029999999,"['Sushi restaurant', 'Japanese restaurant', 'Restaurant']",4.1,158,$$,"[['Wednesday', '11AM–2:30PM'], ['Thursday', '11AM–2:30PM'], ['Friday', '11AM–2:30PM'], ['Saturday', '12–3PM'], ['Sunday', 'Closed'], ['Monday', '11AM–2:30PM'], ['Tuesday', '11AM–2:30PM']]"
0x54c06cb9656ed7e1:0x15dc890b08c28b3,Ginza Japanese Restaurant,"Ginza Japanese Restaurant, 2218 Santiam Hwy SE, Albany, OR 97322",44.6320152,-123.0789222,"['Japanese restaurant', 'Restaurant']",4.5,266,$$,"[['Tuesday', '11AM–8:20PM'], ['Wednesday', '11AM–8:20PM'], ['Thursday', '11AM–8:20PM'], ['Friday', '11AM–8:20PM'], ['Saturday', '11AM–8:20PM'], ['Sunday', 'Closed'], ['Monday', '11AM–8:20PM']]"
0x5495094ee507ce49:0x65440b14e7972c91,NW Teriyaki House,"NW Teriyaki House, 10204 SW Park Way, Portland, OR 97225",45.507627799999995,-122.78243889999999,"['Family restaurant', 'Japanese restaurant', 'Korean restaurant', 'Sushi restaurant']",4.8,118,$,"[['Tuesday', '11AM–6:30PM'], ['Wednesday', '11AM–6:30PM'], ['Thursday', '11AM–6:30PM'], ['Friday', '11AM–6:30PM'], ['Saturday', 'Closed'], ['Sunday', 'Closed'], ['Monday', '11AM–6:30PM']]"
0x54c385b0b2176529:0x44367d071f33cc08,Momiji Sushi Bar & Restaurant,"Momiji Sushi Bar & Restaurant, 3140 Tremont Ave, North Bend, OR 97459",43.393623,-124.21985629999999,"['Japanese restaurant', 'Asian restaurant', 'Fine dining restaurant', 'Delivery Restaurant', 'Restaurant', 'Sushi restaurant']",4.2,548,$$,"[['Monday', '11AM–9PM'], ['Tuesday', '11AM–9PM'], ['Wednesday', '11AM–9PM'], ['Thursday', '11AM–9PM'], ['Friday', '11AM–9:30PM'], ['Saturday', '11AM–9:30PM'], ['Sunday', '11AM–9PM']]"
0x54c06cbcfbe121c1:0x3ff9493a63dfc69a,Love Love Teriyaki,"Love Love Teriyaki, 2195 14th Ave SE #102, Albany, OR 97322",44.6290079,-123.0793539,"['Japanese restaurant', 'Asian restaurant']",3.7,265,$$,"[['Monday', '11AM–8PM'], ['Tuesday', '11AM–8PM'], ['Wednesday', '11AM–8PM'], ['Thursday', '11AM–8PM'], ['Friday', '11AM–8PM'], ['Saturday', '12–7PM'], ['Sunday', 'Closed']]"
0x54950a01401c47db:0xc7cd9b52be03839,SUSHI ICHIBAN,"SUSHI ICHIBAN, 24 NW Broadway, Portland, OR 97209",45.5234972,-122.6772917,"['Sushi restaurant', 'Japanese restaurant', 'Restaurant']",4.5,778,$,"[['Monday', 'Closed'], ['Tuesday', 'Closed'], ['Wednesday', '3–8PM'], ['Thursday', '3–8PM'], ['Friday', '3–8PM'], ['Saturday', '3–8PM'], ['Sunday', '3–8PM']]"
0x54c040ea44e79a25:0x7de45a399e16ee65,Tokyo Japanese Steakhouse & Sushi Bar,"Tokyo Japanese Steakhouse & Sushi Bar, 250 SW 3rd St, Corvallis, OR 97333",44.562602999999996,-123.26215359999999,"['Japanese restaurant', 'Japanese steakhouse', 'Restaurant']",4.1,429,$$,"[['Monday', '11AM–2:30PM'], ['Tuesday', '11AM–2:30PM'], ['Wednesday', '11AM–2:30PM'], ['Thursday', '11AM–2:30PM'], ['Friday', '11AM–2:30PM'], ['Saturday', '11AM–9:30PM'], ['Sunday', '12–9PM']]"
0x54950a1ad9b4c4fb:0x3a4abb59bad00091,Shigezo,"Shigezo, 910 SW Salmon St, Portland, OR 97205",45.517678,-122.6825653,"['Japanese restaurant', 'Bar', 'Restaurant', 'Seafood restaurant', 'Sushi restaurant']",4.4,1364,$$,"[['Monday', 'Closed'], ['Tuesday', 'Closed'], ['Wednesday', '12–9PM'], ['Thursday', '12–9PM'], ['Friday', '12–9PM'], ['Saturday', '12–9PM'], ['Sunday', '12–9PM']]"
0x80c32a672e06f907:0x14235017511321c3,Tokyo Shabu Shabu,,45.597767,-127.2696988,"['Sukiyaki and Shabu Shabu restaurant', 'Asian fusion restaurant', 'Japanese restaurant']",4.2,44,$$,"[['Sunday', '11:30AM–10PM'], ['Monday', '11:30AM–2:30PM'], ['Tuesday', '11:30AM–2:30PM'], ['Wednesday', '11:30AM–2:30PM'], ['Thursday', '11:30AM–2:30PM'], ['Friday', '11:30AM–2:30PM'], ['Saturday', '11:30AM–11PM']]"
0x54950e93e08aeaff:0x42bc8cf48a133a06,Sushi Hana,"Sushi Hana, 14605 SW Millikan Way, Beaverton, OR 97006",45.495306,-122.8270759,"['Japanese restaurant', 'Asian restaurant', 'Sushi restaurant']",4.2,918,$,"[['Sunday', '11:30AM–8:30PM'], ['Monday', '11:30AM–8:30PM'], ['Tuesday', '11:30AM–8:30PM'], ['Wednesday', '11:30AM–8:30PM'], ['Thursday', '11:30AM–8:30PM'], ['Friday', '11:30AM–8:30PM'], ['Saturday', '11:30AM–8:30PM']]"
0x54956cde175198cd:0xffcca5dc051d6185,Crazy Sushi Restaurant,"Crazy Sushi Restaurant, 16055 SW Tualatin-Sherwood Rd #250, Sherwood, OR 97140",45.369581,-122.84204969999999,"['Sushi restaurant', 'Asian restaurant', 'Japanese restaurant']",4.6,615,$$,"[['Sunday', 'Closed'], ['Monday', '11:30AM–2:30PM'], ['Tuesday', '11:30AM–2:30PM'], ['Wednesday', '11:30AM–2:30PM'], ['Thursday', '11:30AM–2:30PM'], ['Friday', '11:30AM–2:30PM'], ['Saturday', '11:30AM–2:30PM']]"
0x54c0e13b9ef969f5:0x8a4c108dc9c1f12f,Kirin City Restaurant,"Oregon, Springfield, Mohawk Blvd, Kirin City Restaurant邮政编码: 97477",44.063280999999996,-122.9961525,"['Chinese restaurant', 'Japanese restaurant', 'Sushi restaurant']",4.6,48,,"[['Sunday', '10:30AM–9:30PM'], ['Monday', '10:30AM–9:30PM'], ['Tuesday', 'Closed'], ['Wednesday', '10:30AM–9:30PM'], ['Thursday', '10:30AM–9:30PM'], ['Friday', '10:30AM–10PM'], ['Saturday', '10:30AM–10PM']]"
0x54cf7b7194ae9ecf:0x87b86731d6639d2a,HIRO SUSHI,"97504 Oregon, Medford, Aviation Way, HIRO SUSHI",42.3682546,-122.86094449999999,['Japanese restaurant'],4.7,338,$$,"[['Sunday', 'Closed'], ['Monday', '11:30AM–2:30PM'], ['Tuesday', '11:30AM–2:30PM'], ['Wednesday', '11:30AM–2:30PM'], ['Thursday', '11:30AM–2:30PM'], ['Friday', '11:30AM–2:30PM'], ['Saturday', '11:30AM–2:30PM']]"
0x54cf7a0cfebb3957:0x9e7cf8fb0fb3f6f0,Bonsai Teriyaki & Sushi,"Bonsai Teriyaki & Sushi, 1812 E Barnett Rd, Medford, OR 97504",42.315221799999996,-122.84499799999999,"['Japanese restaurant', 'Restaurant']",4.4,508,$$,"[['Sunday', '11:30AM–8PM'], ['Monday', '11AM–8PM'], ['Tuesday', '11AM–8PM'], ['Wednesday', '11AM–8PM'], ['Thursday', '11AM–8PM'], ['Friday', '11AM–8PM'], ['Saturday', '11:30AM–8PM']]"
0x54bffe493f8bfc6f:0x15a3bba10b9a8533,Love Love Teriyaki II,"Love Love Teriyaki II, 2927 Broadway St NE, Salem, OR 97303",44.9699836,-123.03012559999999,"['Japanese restaurant', 'Asian restaurant', 'Restaurant']",4.0,298,$,"[['Sunday', 'Closed'], ['Monday', '11AM–8PM'], ['Tuesday', '11AM–8PM'], ['Wednesday', '11AM–8PM'], ['Thursday', '11AM–8PM'], ['Friday', '11AM–8PM'], ['Saturday', '11AM–8PM']]"
0x5495a1a1497e50d1:0x1a8537b4517e823f,Soy Grill,"Soy Grill, 9738 SE Washington St, Portland, OR 97216",45.5179869,-122.56275839999999,"['Japanese restaurant', 'Restaurant']",4.4,148,,"[['Sunday', 'Closed'], ['Monday', '10:30AM–8PM'], ['Tuesday', '10:30AM–8PM'], ['Wednesday', '10:30AM–8PM'], ['Thursday', '10:30AM–8PM'], ['Friday', '10:30AM–8PM'], ['Saturday', '7:30AM–10PM']]"
0x549575c1588c4ebd:0x4ff3959c012f75c7,Teriyaki Land,"Teriyaki Land, 15579 SE 82nd Dr, Clackamas, OR 97015",45.4100444,-122.569024,['Japanese restaurant'],4.4,178,$,"[['Saturday', 'Closed'], ['Sunday', 'Closed'], ['Monday', '10:30AM–7PM'], ['Tuesday', '10:30AM–7PM'], ['Wednesday', '10:30AM–7PM'], ['Thursday', '10:30AM–7PM'], ['Friday', '10:30AM–7PM']]"
0x5495a25d5578fded:0xaa5781a12e89bf88,Meeka Sushi | Japanese Restaurant,"Meeka Sushi | Japanese Restaurant, 730 NE 181st Ave, Portland, OR 97230",45.527969299999995,-122.476175,"['Japanese restaurant', 'Sushi restaurant']",4.5,618,$$,
0x54bf2ad9fa69d03d:0x9a38808c244d4d8,Oishi,"Oishi, 511 SW 6th St, Redmond, OR 97756",44.2724712,-121.17457739999999,"['Japanese restaurant', 'Restaurant']",4.6,547,$$,"[['Saturday', '12–3PM'], ['Sunday', '12–3PM'], ['Monday', 'Closed'], ['Tuesday', '11AM–3PM'], ['Wednesday', '11AM–3PM'], ['Thursday', '11AM–3PM'], ['Friday', '11AM–3PM']]"
0x54bfff0dbd5a9387:0x7098f1a66c036bfe,Love Love Teriyaki II,"Love Love Teriyaki II, 360 High St NE, Salem, OR 97301",44.9421227,-123.0355249,['Japanese restaurant'],4.2,308,$,"[['Friday', '11AM–8PM'], ['Saturday', 'Closed'], ['Sunday', 'Closed'], ['Monday', '11AM–8PM'], ['Tuesday', '11AM–8PM'], ['Wednesday', '11AM–8PM'], ['Thursday', '11AM–8PM']]"
0x5495728f9b29e04b:0x26d2037756e4c391,Izumi Japanese Steakhouse,"Izumi Japanese Steakhouse, 8125 SW Nyberg St, Tualatin, OR 97062",45.3829883,-122.760133,"['Japanese restaurant', 'Asian restaurant', 'Family restaurant', 'Restaurant', 'Teppanyaki restaurant']",4.7,408,$$,"[['Friday', '4:30–9PM'], ['Saturday', '4:30–9PM'], ['Sunday', '4:30–8PM'], ['Monday', '4:30–8PM'], ['Tuesday', '4:30–8PM'], ['Wednesday', '4:30–8PM'], ['Thursday', '4:30–8PM']]"
0x54950c2b13d6f427:0xb01fc225140d89bd,Ikenohana,"Ikenohana, 14308 SW Allen Blvd #4403, Beaverton, OR 97005",45.4754328,-122.823832,"['Japanese restaurant', 'Restaurant']",4.6,358,$$,"[['Friday', '11:30AM–1:30PM'], ['Saturday', '11:30AM–1:30PM'], ['Sunday', '11:30AM–1:30PM'], ['Monday', 'Closed'], ['Tuesday', '11:30AM–1:30PM'], ['Wednesday', '11:30AM–1:30PM'], ['Thursday', '11:30AM–1:30PM']]"
0x54950f14af78d57d:0x957bcee885127d14,Mio Sushi,"Mio Sushi, 1255 NW 185th Ave, Hillsboro, OR 97006",45.528813199999995,-122.8688116,"['Sushi restaurant', 'Japanese restaurant']",4.5,328,$$,"[['Friday', '11AM–2:30PM'], ['Saturday', '12–3PM'], ['Sunday', 'Closed'], ['Monday', '11AM–2:30PM'], ['Tuesday', '11AM–2:30PM'], ['Wednesday', '11AM–2:30PM'], ['Thursday', '11AM–2:30PM']]"
0x54c3848ca09664f1:0x3135483c46bad698,Tokyo Bistro,"Tokyo Bistro, 525 Newmark Ave, Coos Bay, OR 97420",43.392360499999995,-124.27586219999999,['Japanese restaurant'],4.6,608,$$,"[['Friday', '11AM–8PM'], ['Saturday', '11AM–8PM'], ['Sunday', '11AM–8PM'], ['Monday', 'Closed'], ['Tuesday', '11AM–8PM'], ['Wednesday', '11AM–8PM'], ['Thursday', '11AM–8PM']]"
0x54950ea7147444ed:0xcc19b100d05fa11f,Yuzu,"Yuzu, 4130 SW 117th Ave Suit H, Beaverton, OR 97005",45.4903252,-122.79697499999999,['Japanese restaurant'],4.7,468,$$,"[['Friday', '5–8PM'], ['Saturday', '5–8PM'], ['Sunday', 'Closed'], ['Monday', '5–8PM'], ['Tuesday', '5–8PM'], ['Wednesday', '5–8PM'], ['Thursday', '5–8PM']]"
0x5495a0a5d2c74711:0x28a6cbf45f856203,Biwa,"Biwa, 215 SE 9th Ave, Portland, OR 97214",45.521377099999995,-122.65687469999999,"['Japanese restaurant', 'Izakaya restaurant', 'Ramen restaurant']",4.0,246,$$,"[['Friday', '11:30AM–10PM'], ['Saturday', '11:30AM–10PM'], ['Sunday', '11:30AM–10PM'], ['Monday', 'Closed'], ['Tuesday', '11:30AM–10PM'], ['Wednesday', '11:30AM–10PM'], ['Thursday', '11:30AM–10PM']]"
0x54955c2ba7d4732d:0xadcc6f44b7ec12c8,Mashita Teriyaki,"Mashita Teriyaki, 960 N Pacific Hwy, Woodburn, OR 97071",45.1440055,-122.83651309999999,"['Japanese restaurant', 'Asian restaurant']",4.1,194,$,"[['Friday', '11AM–8PM'], ['Saturday', '11AM–8PM'], ['Sunday', 'Closed'], ['Monday', '11AM–8PM'], ['Tuesday', '11AM–8PM'], ['Wednesday', '11AM–8PM'], ['Thursday', '11AM–8PM']]"
0x5495561be4b7c3c9:0x702366065f468e40,Love Love Teriyaki ll,"Love Love Teriyaki ll, 6385 Ulali Dr, Keizer, OR 97303",45.0113765,-122.9966815,"['Japanese restaurant', 'Restaurant']",4.0,433,$$,"[['Friday', '10:30AM–9PM'], ['Saturday', '10:30AM–9PM'], ['Sunday', '10:30AM–9PM'], ['Monday', '10:30AM–9PM'], ['Tuesday', '10:30AM–9PM'], ['Wednesday', '10:30AM–9PM'], ['Thursday', '10:30AM–9PM']]"
0x54c0e21bc2549bd3:0xe6e6abaf1bf807,Sushi Seoul,"Sushi Seoul, 30 E Broadway, Eugene, OR 97401",44.0498255,-123.09214689999999,"['Sushi restaurant', 'Japanese restaurant', 'Korean restaurant', 'Restaurant']",4.1,388,$$,"[['Friday', '11AM–11PM'], ['Saturday', '11AM–11PM'], ['Sunday', '11AM–11PM'], ['Monday', '4:30–11PM'], ['Tuesday', '4:30–11PM'], ['Wednesday', '4:30–11PM'], ['Thursday', '11AM–11PM']]"
0x5494a1c5dba10fdd:0xa5b17fb9efe1537c,Tokyo Teriyaki,"Tokyo Teriyaki, 1111 N Roosevelt Dr #204, Seaside, OR 97138",46.00134,-123.9155102,"['Japanese restaurant', 'Asian restaurant', 'Ramen restaurant', 'Sushi restaurant']",3.9,178,,"[['Friday', '11AM–8PM'], ['Saturday', '11AM–8PM'], ['Sunday', '11AM–6PM'], ['Monday', '11AM–8PM'], ['Tuesday', '11AM–8PM'], ['Wednesday', '11AM–8PM'], ['Thursday', '11AM–8PM']]"
0x549598b5b03a4a2f:0xdea24a92b0a70a44,Yami Sushi & Teriyaki,"Yami Sushi & Teriyaki, 1064 SW Highland Dr, Gresham, OR 97080",45.4890707,-122.4749015,['Japanese restaurant'],4.6,457,$$,"[['Thursday', '11AM–9PM'], ['Friday', '11AM–9PM'], ['Saturday', '11AM–9PM'], ['Sunday', 'Closed'], ['Monday', '11AM–9PM'], ['Tuesday', '11AM–9PM'], ['Wednesday', '11AM–9PM']]"
0x549451d43e125c25:0x4f53216fb70b26ca,Miyako Restaurant,"Miyako Restaurant, 1835 Columbia Blvd, St Helens, OR 97051",45.8587965,-122.81644109999999,"['Japanese restaurant', 'Asian grocery store', 'Asian restaurant', 'Japanese grocery store', 'Sushi restaurant']",4.2,313,$$,"[['Thursday', '11AM–3PM'], ['Friday', '11AM–3PM'], ['Saturday', '12–3PM'], ['Sunday', 'Closed'], ['Monday', '11AM–3PM'], ['Tuesday', '11AM–3PM'], ['Wednesday', '11AM–3PM']]"
0x54c040eb832034af:0x816b1661de3d30f8,Sada Sushi & Izakaya,"Sada Sushi & Izakaya, 151 NW Monroe Ave, Corvallis, OR 97330",44.5641667,-123.25888889999999,"['Sushi restaurant', 'Japanese restaurant']",4.5,438,$$,"[['Thursday', '4–9PM'], ['Friday', '12–9PM'], ['Saturday', '12–9PM'], ['Sunday', '4–9PM'], ['Monday', 'Closed'], ['Tuesday', '4–9PM'], ['Wednesday', '4–9PM']]"
0x54af8fbbb5d34255:0xb75572bd6e2c7813,"Ogawa's Wicked Sushi, Burgers, And Bowls","Ogawa's Wicked Sushi, Burgers, And Bowls, 375 E Idaho Ave, Ontario, OR 97914",44.025951,-116.9565179,['Japanese restaurant'],4.3,608,$$,"[['Thursday', '11AM–9PM'], ['Friday', '11AM–9PM'], ['Saturday', '11AM–9PM'], ['Sunday', 'Closed'], ['Monday', 'Closed'], ['Tuesday', '11AM–9PM'], ['Wednesday', '11AM–9PM']]"
0x549509f059647171:0x25564862e441911e,Bamboo Sushi,"Bamboo Sushi, Bamboo Sushi NW, 836 NW 23rd Ave, Portland, OR 97210",45.528897099999995,-122.6983065,"['Sushi restaurant', 'Asian fusion restaurant', 'Asian restaurant', 'Bar', 'Fine dining restaurant', 'Japanese restaurant', 'Pan-Asian restaurant', 'Restaurant', 'Seafood restaurant', 'Vegetarian restaurant']",4.6,598,$$$,"[['Wednesday', '2–9PM'], ['Thursday', '12–9PM'], ['Friday', '12–9PM'], ['Saturday', '12–9PM'], ['Sunday', '2–9PM'], ['Monday', '2–9PM'], ['Tuesday', '2–9PM']]"
0x5495a04bf5e00a1d:0x7d8ef251cdefac9c,Sushi Sushi Japanese Restaurant,"Sushi Sushi Japanese Restaurant, 5432 SE 82nd Ave, Portland, OR 97266",45.4827977,-122.57730099999999,['Japanese restaurant'],4.4,408,$,"[['Wednesday', '11AM–9PM'], ['Thursday', '11AM–9PM'], ['Friday', '11AM–9PM'], ['Saturday', '11AM–9PM'], ['Sunday', '12–8PM'], ['Monday', 'Closed'], ['Tuesday', '11AM–9PM']]"
0x54959ff6dcdc3eff:0x399c875bd3574f86,Happy Teriyaki 82nd,"Happy Teriyaki 82nd, 7217 SE 82nd Ave, Portland, OR 97266",45.4706879,-122.5793458,"['Japanese restaurant', 'Asian restaurant']",4.2,338,$,"[['Wednesday', '10:30AM–9PM'], ['Thursday', '10:30AM–9PM'], ['Friday', '10:30AM–9PM'], ['Saturday', '10:30AM–9PM'], ['Sunday', '12–9PM'], ['Monday', '10:30AM–9PM'], ['Tuesday', '10:30AM–9PM']]"
0x54cf7bb55d65fb2f:0x56a2bcb69038d3de,Star Sushi,"Star Sushi, 1080 Biddle Rd, Medford, OR 97504",42.3405148,-122.87009429999999,"['Sushi restaurant', 'Asian restaurant', 'Japanese restaurant', 'Korean restaurant', 'Restaurant']",4.2,458,$$,
0x5495a0b4338cb23b:0xf69309226aba8c5d,Sarku Japan,"Sarku Japan, 2309 Lloyd Center, Portland, OR 97232",45.532801299999996,-122.6537711,"['Japanese restaurant', 'Asian restaurant', 'Fast food restaurant', 'Restaurant', 'Sushi restaurant', 'Teppanyaki restaurant']",3.9,108,$,"[['Tuesday', '10AM–9PM'], ['Wednesday', '10AM–9PM'], ['Thursday', '10AM–9PM'], ['Friday', '10AM–9PM'], ['Saturday', '10AM–9PM'], ['Sunday', '11AM–6PM'], ['Monday', '10AM–9PM']]"
0x54ea8d82bf6437fd:0xbb82d32093b73880,DragonVine,"DragonVine, 1500 SE East Devils Lake Rd Suite 413, Lincoln City, OR 97367",44.958257599999996,-124.01179649999999,"['Gift shop', 'Clothing store', 'Collectibles store', 'Comic book store', 'Game store', 'Japanese cheap sweets shop', 'Novelty store', 'Toy store']",4.5,78,,"[['Monday', '11AM–6PM'], ['Tuesday', '11AM–6PM'], ['Wednesday', '11AM–6PM'], ['Thursday', '11AM–6PM'], ['Friday', '11AM–6PM'], ['Saturday', '11AM–6PM'], ['Sunday', '11AM–6PM']]"
0x5495a7a13e313527:0xaf2a7c72fe4c11b,Sushi One,"97217 Oregon, Portland, N Denver Ave, Sushi One",45.5702587,-122.6870625,"['Sushi restaurant', 'Japanese restaurant']",4.7,197,$$,"[['Monday', '4–9:30PM'], ['Tuesday', '4–9:30PM'], ['Wednesday', '4–9:30PM'], ['Thursday', '4–9:30PM'], ['Friday', '11:30AM–2:30PM'], ['Saturday', '12–3PM'], ['Sunday', 'Closed']]"
0x54950d20e81e530d:0x2c9cda555e4f8959,MAKI Japanese Restaurant,"MAKI Japanese Restaurant, 12430 SW Main St, Portland, OR 97223",45.430184399999995,-122.77141639999999,['Japanese restaurant'],4.4,193,$$,"[['Monday', 'Closed'], ['Tuesday', '5–8:30PM'], ['Wednesday', '5–8:30PM'], ['Thursday', '11:30AM–1:30PM'], ['Friday', '11:30AM–1:30PM'], ['Saturday', '5–8:30PM'], ['Sunday', '5–8:30PM']]"
0x54950f042a35ec09:0x44776e19d73471de,Toshi Restaurant,"Toshi Restaurant, 745 SW 185th Ave, Beaverton, OR 97006",45.514544,-122.8687545,"['Sushi restaurant', 'Asian restaurant', 'Japanese restaurant', 'Restaurant']",4.6,378,$$,"[['Monday', '11:30AM–1:30PM'], ['Tuesday', '11:30AM–1:30PM'], ['Wednesday', '11:30AM–1:30PM'], ['Thursday', '11:30AM–1:30PM'], ['Friday', '11:30AM–1:30PM'], ['Saturday', '5–9PM'], ['Sunday', 'Closed']]"
0x54950a83d52b7e87:0x7d4b42c9e677f4a0,Yoko's Japanese Restaurant & Sushi Bar,"Yoko's Japanese Restaurant & Sushi Bar, 2878 SE Gladstone St, Portland, OR 97202",45.493244999999995,-122.63604559999999,"['Japanese restaurant', 'Sushi restaurant']",4.5,278,$$,"[['Monday', 'Closed'], ['Tuesday', 'Closed'], ['Wednesday', 'Closed'], ['Thursday', '4PM–8AM'], ['Friday', '4–8:30PM'], ['Saturday', '4–8:30PM'], ['Sunday', '4–8PM']]"
0x54950e49937e363f:0xb0c1e9ddc875ff0e,Sushi Zen,"Sushi Zen, 20265 SW Tualatin Valley Hwy, Beaverton, OR 97006",45.496812999999996,-122.88611499999999,"['Sushi restaurant', 'Asian restaurant', 'Conveyor belt sushi restaurant', 'Japanese restaurant', 'Restaurant']",4.4,355,$$,"[['Monday', '11AM–9PM'], ['Tuesday', '11AM–9PM'], ['Wednesday', '11AM–9PM'], ['Thursday', '11AM–9PM'], ['Friday', '11AM–9PM'], ['Saturday', '11:30AM–9PM'], ['Sunday', 'Closed']]"
0x54950551cff4098f:0x534ce5988ed12ec8,Kokiyo Teriyaki #3,"Kokiyo Teriyaki #3, 2401 NE Cornell Rd Ste R, Hillsboro, OR 97124",45.5315528,-122.957861,"['Japanese restaurant', 'Asian restaurant', 'Restaurant']",4.4,288,$,"[['Monday', '10:30AM–9PM'], ['Tuesday', '10:30AM–9PM'], ['Wednesday', '10:30AM–9PM'], ['Thursday', '10:30AM–9PM'], ['Friday', '10:30AM–9PM'], ['Saturday', '10:30AM–9PM'], ['Sunday', 'Closed']]"
0x54950c4fad61b02d:0x96806bb6574b475,Banya | Japanese Restaurant,"Banya | Japanese Restaurant, 8166 SW Hall Blvd, Beaverton, OR 97008",45.4611458,-122.79347779999999,"['Japanese restaurant', 'Asian restaurant', 'Sushi restaurant']",4.6,362,$$,"[['Monday', '4–8:30PM'], ['Tuesday', '4–8:30PM'], ['Wednesday', '4–8:30PM'], ['Thursday', '4–8:30PM'], ['Friday', '4–8:30PM'], ['Saturday', '12–8:30PM'], ['Sunday', 'Closed']]"
0x8852c34fb6a8b7f5:0x2d62f6e9a66274ec,Yon O Express,,45.5980213,-127.26963889999999,['Japanese restaurant'],4.2,188,$,"[['Monday', '11:10AM–10PM'], ['Tuesday', '11:10AM–10PM'], ['Wednesday', '11:10AM–10PM'], ['Thursday', '11:10AM–10PM'], ['Friday', '11:10AM–10PM'], ['Saturday', '11:10AM–10PM'], ['Sunday', '11AM–10PM']]"
0x54cf7bcf1b1248db:0x5e7ab8cfeb0bf732,Shinsei Sushi,"Shinsei Sushi, 63 Rossanley Dr, Medford, OR 97501",42.34335,-122.8827907,"['Sushi restaurant', 'Japanese restaurant', 'Restaurant']",4.3,288,$$,"[['Monday', '11AM–9PM'], ['Tuesday', '11AM–9PM'], ['Wednesday', '11AM–9PM'], ['Thursday', '11AM–9PM'], ['Friday', '11:30AM–9:30PM'], ['Saturday', '11:30AM–9:30PM'], ['Sunday', '11:30AM–9PM']]"
0x54c11e135fbb1edd:0x4c424dcc3ebc93b5,Sushi Ya,"Sushi Ya, 5 E 8th Ave, Eugene, OR 97401",44.051153,-123.09257199999999,"['Japanese restaurant', 'Asian restaurant', 'Sushi restaurant']",4.4,618,$$,"[['Sunday', '11:30AM–9:30PM'], ['Monday', '11:30AM–9:30PM'], ['Tuesday', '11:30AM–9:30PM'], ['Wednesday', '11:30AM–9:30PM'], ['Thursday', '11:30AM–9:30PM'], ['Friday', '11:30AM–10PM'], ['Saturday', '11:30AM–10PM']]"
0x5495a76a504903af:0x47e03245ee0e6fc7,UCHU Sushi,"UCHU Sushi, 3940 N Mississippi Ave, Portland, OR 97227",45.551400799999996,-122.6752532,"['Sushi restaurant', 'Asian restaurant', 'Chicken restaurant', 'Cocktail bar', 'Fried chicken takeaway', 'Japanese restaurant']",4.4,618,$$,"[['Sunday', '12–9PM'], ['Monday', '12–9PM'], ['Tuesday', '12–9PM'], ['Wednesday', '12–9PM'], ['Thursday', '12–9PM'], ['Friday', '12–10PM'], ['Saturday', '12–10PM']]"
0x54c11e6a92c16603:0xd8c2c1acb575e237,Makoto Japanese Restaurant,"Makoto Japanese Restaurant, 1167 Willamette St, Eugene, OR 97401",44.0470221,-123.0924945,"['Japanese restaurant', 'Asian restaurant', 'Authentic Japanese restaurant']",4.4,498,$$,"[['Sunday', '4:30–9PM'], ['Monday', 'Closed'], ['Tuesday', '4:30–9PM'], ['Wednesday', '4:30–9PM'], ['Thursday', '4:30–9PM'], ['Friday', '4:30–10PM'], ['Saturday', '4:30–10PM']]"
0x54c11de45a97c3e9:0x15e391c89f186026,Fuji Japanese Steakhouse,"Fuji Japanese Steakhouse, 281 Valley River Center, Eugene, OR 97401",44.0687991,-123.1049633,"['Japanese steakhouse', 'Sushi restaurant']",4.4,753,,"[['Sunday', '11AM–9PM'], ['Monday', '11AM–10PM'], ['Tuesday', '11AM–10PM'], ['Wednesday', '11AM–10PM'], ['Thursday', '11AM–10PM'], ['Friday', '11AM–11PM'], ['Saturday', '11AM–11PM']]"
0x54ea92b009ae90c7:0x789ae15bfcef389e,Sushi Hunter Asian Fusion Bistro,"Sushi Hunter Asian Fusion Bistro, 4157 NW U.S. 101 #137, Lincoln City, OR 97367",44.9966501,-124.0049073,"['Japanese restaurant', 'Sushi restaurant']",4.0,248,$$,"[['Sunday', '12–9:30PM'], ['Monday', '11AM–3PM'], ['Tuesday', '11AM–3PM'], ['Wednesday', '11AM–3PM'], ['Thursday', '11AM–3PM'], ['Friday', '11AM–10PM'], ['Saturday', '11AM–10PM']]"
0x54c0e04a00b1e04f:0xdf317ca709d46b7,Pier Sushi,"Pier Sushi, 720 S A St, Springfield, OR 97477",44.0455573,-123.01585449999999,"['Sushi restaurant', 'Asian restaurant', 'Japanese restaurant', 'Restaurant']",4.5,118,$$,"[['Sunday', '11:30AM–8:30PM'], ['Monday', 'Closed'], ['Tuesday', '11:30AM–8:30PM'], ['Wednesday', '11:30AM–8:30PM'], ['Thursday', '11:30AM–8:30PM'], ['Friday', '11:30AM–8:30PM'], ['Saturday', '11:30AM–8:30PM']]"
0x5494a1be9219770d:0x74a40c200bdefc9,Tora Sushi Lounge,"Tora Sushi Lounge, 619 Broadway St, Seaside, OR 97138",45.99305,-123.9232772,"['Authentic Japanese restaurant', 'Asian restaurant', 'Japanese restaurant', 'Sushi restaurant']",4.2,655,$$,"[['Sunday', '11:30AM–2PM'], ['Monday', 'Closed'], ['Tuesday', '11:30AM–2PM'], ['Wednesday', '11:30AM–2PM'], ['Thursday', '11:30AM–2PM'], ['Friday', '11:30AM–2PM'], ['Saturday', '11:30AM–2PM']]"
0x54950c1e812deb5b:0x9a263985b1b68184,Sushi Track,"Sushi Track, 11635 SW Beaverton Hillsdale Hwy, Beaverton, OR 97005",45.4873712,-122.79718199999999,"['Sushi restaurant', 'Asian restaurant', 'Japanese restaurant', 'Restaurant']",4.1,187,$$,"[['Sunday', 'Closed'], ['Monday', '11:30AM–7:30PM'], ['Tuesday', '11:30AM–7:30PM'], ['Wednesday', '11:30AM–7:30PM'], ['Thursday', '11:30AM–8PM'], ['Friday', '11:30AM–8PM'], ['Saturday', '11:30AM–8PM']]"
0x54cf735405b63721:0xa8174b499400bec,Kobe Restaurant,"Kobe Restaurant, 96 N Main St, Ashland, OR 97520",42.198602,-122.715851,"['Japanese restaurant', 'Grill', 'Asian restaurant', 'Sushi restaurant']",4.4,198,$$,"[['Sunday', '5–9PM'], ['Monday', '5–9PM'], ['Tuesday', '5–9PM'], ['Wednesday', '5–9PM'], ['Thursday', '5–9PM'], ['Friday', '5–9PM'], ['Saturday', '5–9PM']]"
0x54cf0ceb38b39f7b:0xc35669c9c05603ca,Bonsai Teriyaki 2,"Bonsai Teriyaki 2, 2305 Ashland St, Ashland, OR 97520",42.185645199999996,-122.67075559999999,"['Asian restaurant', 'Japanese restaurant', 'Korean restaurant', 'Sushi restaurant']",4.4,373,$$,"[['Sunday', '11AM–9PM'], ['Monday', '11AM–9PM'], ['Tuesday', '11AM–9PM'], ['Wednesday', '11AM–9PM'], ['Thursday', '11AM–9PM'], ['Friday', '11AM–9:15PM'], ['Saturday', '11AM–9:30PM']]"
0x5495a1fd359d4ccd:0x983c915850a367fc,Charlie's Teriyaki,"Charlie's Teriyaki, 14800 SE Powell Blvd # 2, Portland, OR 97236",45.497661699999995,-122.51039709999999,['Japanese restaurant'],3.5,88,$,"[['Saturday', '11AM–2:30AM'], ['Sunday', '11AM–12AM'], ['Monday', '11AM–2:30AM'], ['Tuesday', '11AM–2:30AM'], ['Wednesday', '11AM–2:30AM'], ['Thursday', '11AM–2:30AM'], ['Friday', '11AM–2:30AM']]"
0x54c003546cf8924f:0x32ba962bbad3118a,Momiji Sushi Bar & Restaurant,"Momiji Sushi Bar & Restaurant, 183 Main St W, Monmouth, OR 97361",44.848437399999995,-123.2371884,"['Sushi restaurant', 'Asian restaurant', 'Japanese restaurant']",4.4,307,$$,"[['Saturday', '11AM–9:30PM'], ['Sunday', '11AM–9PM'], ['Monday', '11AM–9PM'], ['Tuesday', '11AM–9PM'], ['Wednesday', '11AM–9PM'], ['Thursday', '11AM–9PM'], ['Friday', '11AM–9:30PM']]"
0x54bff8d999b317d1:0x21ca1e6c7d13655,Sushi Kyo,"Sushi Kyo, 4155 Rickey St SE # 112, Salem, OR 97317",44.9156452,-122.9782168,"['Japanese restaurant', 'Fast food restaurant']",4.4,528,$,"[['Saturday', '11AM–9PM'], ['Sunday', '11AM–8PM'], ['Monday', '11AM–8PM'], ['Tuesday', '11AM–8PM'], ['Wednesday', '11AM–8PM'], ['Thursday', '11AM–8PM'], ['Friday', '11AM–9PM']]"
0x54950c08886a982d:0xa72754ddd7491bc7,Sambi | Japanese Restaurant,"Sambi | Japanese Restaurant, 9230 SW Beaverton Hillsdale Hwy, Beaverton, OR 97005",45.4857972,-122.77206109999999,"['Asian restaurant', 'Japanese restaurant', 'Restaurant', 'Sushi restaurant']",4.6,258,$$,"[['Saturday', '4–7:30PM'], ['Sunday', '4–7:30PM'], ['Monday', 'Closed'], ['Tuesday', '4–7:30PM'], ['Wednesday', '4–7:30PM'], ['Thursday', '4–7:30PM'], ['Friday', '4–7:30PM']]"
0x5495a9f27080baa7:0x4eaccf8f546137c6,Mikasa Sushi & Ramen,"Mikasa Sushi & Ramen, 8777 N Lombard St, Portland, OR 97203",45.5911088,-122.7556494,"['Japanese restaurant', 'Ramen restaurant', 'Sushi restaurant']",4.2,134,$$,"[['Saturday', '12–9PM'], ['Sunday', 'Closed'], ['Monday', '12–8:30PM'], ['Tuesday', '12–8:30PM'], ['Wednesday', '12–8:30PM'], ['Thursday', '12–8:30PM'], ['Friday', '12–9PM']]"
0x549574f07d12e439:0x5e752b1f3858630f,Sushi Kata Japanese Restaurant,"Sushi Kata Japanese Restaurant, 13809 SE McLoughlin Blvd, Milwaukie, OR 97222",45.4234266,-122.6340546,"['Japanese restaurant', 'Asian restaurant', 'Restaurant', 'Sushi restaurant']",4.7,658,$,"[['Saturday', '12–8PM'], ['Sunday', 'Closed'], ['Monday', '12–8PM'], ['Tuesday', '12–8PM'], ['Wednesday', '12–8PM'], ['Thursday', '12–8PM'], ['Friday', '12–8PM']]"
0x54955dd358c2083f:0xfcc7882b3db4968f,Gina's Restaurant,"Gina's Restaurant, 3614, 1186, E N Pacific Hwy, Woodburn, OR 97071",45.146114,-122.83526359999999,"['Asian restaurant', 'Chinese restaurant', 'Japanese restaurant', 'Korean restaurant']",4.3,198,$,"[['Saturday', '11AM–8:30PM'], ['Sunday', 'Closed'], ['Monday', '11AM–8:30PM'], ['Tuesday', '11AM–8:30PM'], ['Wednesday', '11AM–8:30PM'], ['Thursday', '11AM–8:30PM'], ['Friday', '11AM–8:30PM']]"
0x5495a009fc768853:0xd15dfa5743e0bff8,Shoko Sushi,"Shoko Sushi, 4807 SE Woodstock Blvd Suite D, Portland, OR 97206",45.479375,-122.613097,"['Sushi restaurant', 'Asian restaurant', 'Japanese restaurant']",4.4,366,$$,"[['Saturday', '1–8PM'], ['Sunday', '1–8PM'], ['Monday', '1–8PM'], ['Tuesday', 'Closed'], ['Wednesday', '1–8PM'], ['Thursday', '1–8PM'], ['Friday', '1–8PM']]"
0x54950a0447d83b01:0x1267bbdeb7904176,Sushi Sakura,"Sushi Sakura, 506 SW 6th Ave, Portland, OR 97204",45.5202059,-122.67766189999999,"['Conveyor belt sushi restaurant', 'Asian restaurant', 'Japanese restaurant', 'Sushi restaurant']",3.9,558,$,"[['Saturday', '12–9:30PM'], ['Sunday', '12–9:30PM'], ['Monday', '11AM–9:30PM'], ['Tuesday', '11AM–9:30PM'], ['Wednesday', '11AM–9:30PM'], ['Thursday', '11AM–9:30PM'], ['Friday', '11AM–9:30PM']]"
0x5495a092761603f1:0xc47e7b27aea7139a,Toney Bento,"Toney Bento, 1423 SE 37th Ave, Portland, OR 97214",45.5124724,-122.6261064,"['Sushi restaurant', 'Japanese restaurant']",3.7,64,$,"[['Saturday', '11:30AM–9PM'], ['Sunday', 'Closed'], ['Monday', '11:30AM–9PM'], ['Tuesday', '11:30AM–9PM'], ['Wednesday', '11:30AM–9PM'], ['Thursday', '11:30AM–9PM'], ['Friday', '11:30AM–9PM']]"
0x54959e29c9e699a9:0x6dfbe48ee535f4a5,Fuji's Clackamas,"Fuji's Clackamas, 12270 SE Sunnyside Rd, Clackamas, OR 97015",45.4276834,-122.5373686,"['Sushi restaurant', 'Japanese restaurant', 'Lottery retailer', 'Lounge', 'Seafood restaurant', 'Steak house', 'Teppanyaki restaurant']",4.5,458,$$,"[['Saturday', '5–10PM'], ['Sunday', '5–9PM'], ['Monday', '5–10PM'], ['Tuesday', '5–10PM'], ['Wednesday', '5–10PM'], ['Thursday', '5–10PM'], ['Friday', '5–10PM']]"
0x54958a6f321bf43d:0x2c5be433ab46cbc,Koya Kitchen,"Koya Kitchen, 67886 US-26, Welches, OR 97067",45.348745699999995,-121.9666649,"['Authentic Japanese restaurant', 'Bar', 'Bar & grill', 'Indian restaurant', 'Nepalese restaurant', 'Noodle shop', 'Rice restaurant', 'Sushi restaurant']",4.3,414,$$,"[['Saturday', '2–9PM'], ['Sunday', '2–9PM'], ['Monday', 'Closed'], ['Tuesday', 'Closed'], ['Wednesday', '2–9PM'], ['Thursday', '2–9PM'], ['Friday', '2–9PM']]"
0x5495a73f9657d55f:0xc4e71d9e52b69c9c,Kayo's Ramen Bar,"Kayo's Ramen Bar, 3808 N Williams Ave #124, Portland, OR 97227",45.550277799999996,-122.6663889,"['Ramen restaurant', 'Dumpling restaurant', 'Japanese restaurant', 'Noodle shop', 'Vegan restaurant']",4.6,798,$$,"[['Saturday', '11:30AM–3PM'], ['Sunday', 'Closed'], ['Monday', '11:30AM–3PM'], ['Tuesday', '11:30AM–3PM'], ['Wednesday', '11:30AM–3PM'], ['Thursday', '11:30AM–3PM'], ['Friday', '11:30AM–3PM']]"
0x5495a0840ee04903:0xe9aba23e94a252f9,Hapa PDX Ramen & Whiskey,"Hapa PDX Ramen & Whiskey, 3848 SE Gladstone St, Portland, OR 97202",45.4931396,-122.6228352,"['Authentic Japanese restaurant', 'Bar', 'Restaurant']",4.5,328,$,"[['Thursday', '11:30AM–2:30PM'], ['Friday', '11:30AM–2:30PM'], ['Saturday', '12–8:30PM'], ['Sunday', '12–8PM'], ['Monday', '11:30AM–2:30PM'], ['Tuesday', 'Closed'], ['Wednesday', '11:30AM–2:30PM']]"
0x54950a1ab46aa83d:0x7692b420c908a6d2,Koji Osakaya Japanese Restaurant,"Koji Osakaya Japanese Restaurant, 606 SW Broadway, Portland, OR 97205",45.5197333,-122.6791829,"['Japanese restaurant', 'Sushi restaurant']",4.3,438,$$,"[['Thursday', '11:30AM–4PM'], ['Friday', '11:30AM–4PM'], ['Saturday', 'Closed'], ['Sunday', 'Closed'], ['Monday', '11:30AM–4PM'], ['Tuesday', '11:30AM–4PM'], ['Wednesday', '11:30AM–4PM']]"
0x5495a3e988ca3909:0xf222cbb85234de9b,Yes Restaurant Chinese & Japanese,"Yes Restaurant Chinese & Japanese, 4240 NE 122nd Ave, Portland, OR 97230",45.5533528,-122.5366639,"['Asian restaurant', 'Asian fusion restaurant', 'Chinese restaurant', 'Japanese restaurant', 'Takeout Restaurant', 'Sushi restaurant']",4.5,118,$$,"[['Thursday', '11AM–9PM'], ['Friday', '11AM–9PM'], ['Saturday', '11AM–9PM'], ['Sunday', '11AM–9PM'], ['Monday', '11AM–9PM'], ['Tuesday', '11AM–9PM'], ['Wednesday', '11AM–9PM']]"
0x54950adb4518f811:0xe40cab54c6246567,Nama Ramen,"Nama Ramen, 7952 SE 13th Ave, Portland, OR 97202",45.466288299999995,-122.6527557,"['Ramen restaurant', 'Asian restaurant', 'Japanese restaurant']",4.3,285,$$,"[['Thursday', '11AM–9PM'], ['Friday', '11AM–9PM'], ['Saturday', '11AM–9PM'], ['Sunday', 'Closed'], ['Monday', '11AM–9PM'], ['Tuesday', '11AM–9PM'], ['Wednesday', '11AM–9PM']]"
0x54950f4160b71565:0x69a1fd44f81e674d,Sushi Town,"Sushi Town, 18033 NE Evergreen Pkwy, Hillsboro, OR 97006",45.5366783,-122.86161519999999,"['Sushi restaurant', 'Japanese restaurant', 'Restaurant']",4.3,664,$,"[['Thursday', '11AM–9PM'], ['Friday', '11AM–9PM'], ['Saturday', '11AM–9PM'], ['Sunday', '12–8PM'], ['Monday', '11AM–9PM'], ['Tuesday', '11AM–9PM'], ['Wednesday', '11AM–9PM']]"
0x40552f94596a906d:0x45e674fc5e44a435,Mizumi Buffet,"Mizumi Buffet, 13500 SW Pacific Hwy #17, Tigard, OR 97223",45.422532499999996,-122.7820481,"['Japanese restaurant', 'Asian fusion restaurant', 'Asian restaurant', 'Buffet restaurant', 'Caterer', 'Chinese restaurant', 'Family restaurant', 'Takeout Restaurant', 'Seafood restaurant', 'Sushi restaurant']",4.0,1292,$$,"[['Thursday', '11AM–9:30PM'], ['Friday', '11AM–10PM'], ['Saturday', '11AM–10PM'], ['Sunday', '11AM–9:30PM'], ['Monday', '11AM–9:30PM'], ['Tuesday', '11AM–9:30PM'], ['Wednesday', '11AM–9:30PM']]"
0x549508a5dca396dd:0x50893d2427ab79c5,Bethany Sushi,"Bethany Sushi, 4804 NW Bethany Blvd, Portland, OR 97229",45.554873,-122.835408,"['Sushi restaurant', 'Asian restaurant', 'Japanese restaurant', 'Restaurant']",4.4,173,$$,"[['Thursday', '4–9PM'], ['Friday', '12–2:30PM'], ['Saturday', '12–2:30PM'], ['Sunday', 'Closed'], ['Monday', '4–9PM'], ['Tuesday', '4–9PM'], ['Wednesday', '4–9PM']]"
0x54950f7fda5ca7f7:0xc60f4029b7310ed1,Hot Pot 'N Sushi,"Hot Pot 'N Sushi, 7212 NE Cornell Rd, Hillsboro, OR 97124",45.5381321,-122.90426869999999,"['Asian restaurant', 'Japanese restaurant', 'Restaurant', 'Sushi restaurant']",3.8,328,$,"[['Thursday', '11AM–8PM'], ['Friday', '11AM–8PM'], ['Saturday', '11AM–8PM'], ['Sunday', 'Closed'], ['Monday', '11AM–8PM'], ['Tuesday', '11AM–8PM'], ['Wednesday', '11AM–8PM']]"
0x54b8c7ff444d9a15:0x88466b8d596e321a,Teriyaki Madness,"Teriyaki Madness, 2680 NE Hwy 20 Ste 340, Bend, OR 97701",44.0559677,-121.2650604,"['Asian fusion restaurant', 'Caterer', 'Fast food restaurant', 'Gluten-free restaurant', 'Japanese restaurant', 'Restaurant']",3.4,197,$,"[['Thursday', '11AM–9PM'], ['Friday', '11AM–9PM'], ['Saturday', '11AM–9PM'], ['Sunday', '11AM–9PM'], ['Monday', '11AM–9PM'], ['Tuesday', '11AM–9PM'], ['Wednesday', '11AM–9PM']]"
0x54950c04c07d5089:0x5b2f345008809c32,Uwajimaya Beaverton,"Uwajimaya Beaverton, 10500 SW Beaverton Hillsdale Hwy, Beaverton, OR 97005",45.485645299999995,-122.7849074,"['Asian grocery store', 'Grocery store', 'Japanese grocery store', 'Seafood market', 'Supermarket']",4.7,5387,$$,"[['Wednesday', '9AM–8PM'], ['Thursday', '9AM–8PM'], ['Friday', '9AM–8PM'], ['Saturday', '9AM–8PM'], ['Sunday', '9AM–8PM'], ['Monday', '9AM–8PM'], ['Tuesday', '9AM–8PM']]"
0x54bffe87894ed8f3:0x8c570de3b191aeea,Bento Box Sushi,"Bento Box Sushi, 3284 Lancaster Dr NE, Salem, OR 97305",44.9674365,-122.98261459999999,"['Japanese restaurant', 'Asian restaurant']",3.9,78,,"[['Wednesday', '11AM–8:30PM'], ['Thursday', '11AM–8:30PM'], ['Friday', '11AM–8:30PM'], ['Saturday', '11AM–8:30PM'], ['Sunday', 'Closed'], ['Monday', '11AM–8:30PM'], ['Tuesday', '11AM–8:30PM']]"
0x54bffe3c1cf3a94b:0xec8db2a523746605,Teriyaki Town and Sushi (Sushi Town),"Teriyaki Town and Sushi (Sushi Town), 3854 River Rd N, Salem, OR 97303",44.982064799999996,-123.02472569999999,['Japanese restaurant'],4.6,134,$,"[['Wednesday', '11:30AM–9PM'], ['Thursday', '11:30AM–9PM'], ['Friday', '11:30AM–9:30PM'], ['Saturday', '11:30AM–9:30PM'], ['Sunday', 'Closed'], ['Monday', '11:30AM–9PM'], ['Tuesday', '11:30AM–9PM']]"
0x89e9d50ff69df8d3:0x74db80b68a46608f,Ginza,,45.5980213,-127.26963889999999,"['Japanese restaurant', 'Bar', 'Sushi restaurant']",4.4,365,$$,
0x5495a0b53f755233:0x6d462b6c56e4e2db,Sushi Ohana,"Sushi Ohana, 1422 NE Broadway, Portland, OR 97232",45.53492,-122.6509665,"['Sushi restaurant', 'Conveyor belt sushi restaurant', 'Family restaurant', 'Japanese restaurant', 'Takeout Restaurant', 'Raw food restaurant', 'Restaurant', 'Seafood restaurant', 'Sushi takeaway']",4.4,1027,$,"[['Wednesday', '11AM–9PM'], ['Thursday', '11AM–9PM'], ['Friday', '11AM–9PM'], ['Saturday', '11AM–9PM'], ['Sunday', '11AM–9PM'], ['Monday', '11AM–9PM'], ['Tuesday', '11AM–9PM']]"
0x5495a08851d2adaf:0x9929c6092d944b50,Yataimura Maru,"Yataimura Maru, 3810 SE Division St, Portland, OR 97202",45.504684999999995,-122.624027,"['Japanese restaurant', 'Asian restaurant', 'Restaurant', 'Seafood restaurant', 'Sushi restaurant']",4.4,1045,$$,"[['Wednesday', '1–10:30PM'], ['Thursday', '1–10:30PM'], ['Friday', '1–10:30PM'], ['Saturday', '1–10:30PM'], ['Sunday', '1–9:30PM'], ['Monday', '1–10:30PM'], ['Tuesday', '1–10:30PM']]"
0x5495a0603becb25f:0x9dbe12fdc8950c7b,Tokio Table - Japanese Steakhouse,"Tokio Table - Japanese Steakhouse, 4768 SE Division St, Portland, OR 97206",45.5050324,-122.6133124,"['Japanese steakhouse', 'Japanese restaurant', 'Teppanyaki restaurant']",4.5,368,$$,"[['Wednesday', '5–9:30PM'], ['Thursday', '5–9:30PM'], ['Friday', '5–10PM'], ['Saturday', '5–10PM'], ['Sunday', '5–9:30PM'], ['Monday', '5–9:30PM'], ['Tuesday', '5–9:30PM']]"
0x54950ae3a3bb9d39:0xc7737597ec20f608,Koji Osakaya,"Koji Osakaya, 7007 S Macadam Ave, Portland, OR 97219",45.4733667,-122.67196109999999,['Japanese restaurant'],4.1,133,$$,"[['Wednesday', '11:30AM–2:30PM'], ['Thursday', '11:30AM–2:30PM'], ['Friday', '11:30AM–2:30PM'], ['Saturday', '12–10PM'], ['Sunday', '12–9PM'], ['Monday', '11:30AM–2:30PM'], ['Tuesday', '11:30AM–2:30PM']]"
0x54950a0b7daae471:0xb2ffd658b75d748e,Noraneko,"Noraneko, 1430 SE Water Ave, Portland, OR 97214",45.5123651,-122.6655212,"['Japanese restaurant', 'Cocktail bar', 'Fried chicken takeaway', 'Ramen restaurant', 'Restaurant']",4.3,1058,$$,"[['Wednesday', '11AM–11PM'], ['Thursday', '11AM–11PM'], ['Friday', '11AM–11PM'], ['Saturday', '11AM–11PM'], ['Sunday', '11AM–11PM'], ['Monday', '11AM–11PM'], ['Tuesday', '11AM–11PM']]"
0x549541d30195f3f7:0x94b749bbaeb24ba2,Nara Teriyaki,"Nara Teriyaki, 214 N Main St, Newberg, OR 97132",45.3018303,-122.97885889999999,['Japanese restaurant'],4.4,358,$,"[['Tuesday', '11AM–8PM'], ['Wednesday', '11AM–8PM'], ['Thursday', '11AM–8PM'], ['Friday', '11AM–8PM'], ['Saturday', '11AM–8PM'], ['Sunday', 'Closed'], ['Monday', '11AM–8PM']]"
0x549541d26800255d:0xc0d33aa0cd01b5ce,Ichi Sushi & Steak house,"Ichi Sushi & Steak house, 111 W 1st St, Newberg, OR 97132",45.3005552,-122.979801,"['Restaurant', 'Japanese restaurant', 'Seafood restaurant', 'Steak house', 'Sushi restaurant']",4.3,288,$$,"[['Tuesday', '3–8PM'], ['Wednesday', '3–8PM'], ['Thursday', '3–8PM'], ['Friday', '3–8PM'], ['Saturday', '3–8PM'], ['Sunday', '3–8PM'], ['Monday', '3–8PM']]"
0x54950f203d279607:0x97a583944a98750c,Shoten Japanese Dining,"Shoten Japanese Dining, 16165 SW Regatta Ln, Beaverton, OR 97006",45.5176983,-122.8434061,"['Japanese restaurant', 'Bar', 'Restaurant', 'Sushi restaurant']",4.5,568,$$,"[['Tuesday', '11AM–8:30PM'], ['Wednesday', '11AM–8:30PM'], ['Thursday', '11AM–8:30PM'], ['Friday', '11AM–9PM'], ['Saturday', '11AM–9PM'], ['Sunday', 'Closed'], ['Monday', 'Closed']]"
0x88f56d31632bc95d:0x45633e70ace19b26,a,,45.597767,-127.2696988,"['Restaurant', 'Asian fusion restaurant', 'Gluten-free restaurant', 'Japanese restaurant']",3.3,84,$,"[['Tuesday', '11AM–9PM'], ['Wednesday', '11AM–9PM'], ['Thursday', '11AM–9PM'], ['Friday', '11AM–9PM'], ['Saturday', '11AM–9PM'], ['Sunday', '11AM–8PM'], ['Monday', '11AM–9PM']]"
0x54c11e3f179ae2bb:0x80e6b9206d283e5a,Sushi Island Japanese Restaurant,"Sushi Island Japanese Restaurant, 3215 W 11th Ave, Eugene, OR 97402",44.048263299999995,-123.14148829999999,"['Sushi restaurant', 'Japanese restaurant', 'Restaurant']",4.3,868,$,"[['Tuesday', '11AM–8:30PM'], ['Wednesday', '11AM–8:30PM'], ['Thursday', '11AM–8:30PM'], ['Friday', '11AM–8:30PM'], ['Saturday', '11AM–8:30PM'], ['Sunday', '11AM–8:30PM'], ['Monday', 'Closed']]"
0x54c11e11646eb8b9:0x6bb5d8564e678519,Sushi PURE,"Sushi PURE, 259 E 5th Ave, Eugene, OR 97401",44.0544399,-123.0889622,"['Japanese restaurant', 'Bar', 'Restaurant', 'Sushi restaurant']",4.5,423,$$,"[['Tuesday', '11AM–2:30PM'], ['Wednesday', '11AM–2:30PM'], ['Thursday', '11AM–2:30PM'], ['Friday', '11AM–2:30PM'], ['Saturday', '12–9:30PM'], ['Sunday', '5–9PM'], ['Monday', '11AM–2:30PM']]"
0x549572854ef3ad95:0xe153d2f7b821b5f0,Mashita Teriyaki,"Mashita Teriyaki, 18810 SW Boones Ferry Rd, Tualatin, OR 97062",45.3841257,-122.7639547,"['Japanese restaurant', 'Korean restaurant']",4.7,808,$,"[['Monday', '11AM–8PM'], ['Tuesday', '11AM–8PM'], ['Wednesday', '11AM–8PM'], ['Thursday', '11AM–8PM'], ['Friday', '11AM–8PM'], ['Saturday', '11AM–8PM'], ['Sunday', 'Closed']]"
0x54950a7883a6833f:0x3aec4c60d0f07736,Yama Sushi & Izakaya,"Yama Sushi & Izakaya, 2038 SE Clinton St, Portland, OR 97202",45.5032078,-122.64480599999999,"['Japanese restaurant', 'Restaurant', 'Sushi restaurant']",4.6,776,$$,"[['Monday', '12–3PM'], ['Tuesday', '12–3PM'], ['Wednesday', '12–3PM'], ['Thursday', '12–3PM'], ['Friday', '12–3PM'], ['Saturday', '12–3PM'], ['Sunday', '12–3PM']]"
0x5495a40c449107bf:0x6f40548d61f2ccfe,Hot Pot 'N Sushi,"Hot Pot 'N Sushi, 10127 NE Cascades Pkwy, Portland, OR 97220",45.5730858,-122.5576629,"['Sushi restaurant', 'Asian restaurant', 'Japanese restaurant']",3.7,488,$,"[['Monday', '11AM–8:30PM'], ['Tuesday', '11AM–8:30PM'], ['Wednesday', '12–8:30PM'], ['Thursday', '11AM–8:30PM'], ['Friday', '11AM–8:30PM'], ['Saturday', '11AM–8:30PM'], ['Sunday', 'Closed']]"
0x54950550d41a576f:0xca16cf21ccd4e2b1,Ninja Ramen,"Ninja Ramen, 2020 NE Cornell Rd Suite #D, Hillsboro, OR 97124",45.5301483,-122.9614776,['Japanese restaurant'],4.6,164,,"[['Monday', '11:30AM–8:30PM'], ['Tuesday', '11:30AM–8:30PM'], ['Wednesday', '11:30AM–8:30PM'], ['Thursday', '11:30AM–8:30PM'], ['Friday', '11:30AM–9PM'], ['Saturday', '11:30AM–9PM'], ['Sunday', '11:30AM–8:30PM']]"
0x54950e9f72d7880b:0xc9fcd81fae73f421,Superbowl Teriyaki,"Superbowl Teriyaki, 12865 SW Canyon Rd, Beaverton, OR 97005",45.48861,-122.808832,"['Japanese restaurant', 'Asian restaurant']",4.5,218,$,"[['Sunday', 'Closed'], ['Monday', '11AM–6PM'], ['Tuesday', '11AM–6PM'], ['Wednesday', '11AM–6PM'], ['Thursday', '11AM–6PM'], ['Friday', '11AM–6PM'], ['Saturday', 'Closed']]"
0x5495a1a223540b1d:0xc6c9d06b1c9a844,Fujiyama Sushi Bar,"Fujiyama Sushi Bar, 10308 SE Washington St, Portland, OR 97216",45.5179337,-122.5573476,"['Sushi restaurant', 'Japanese restaurant', 'Restaurant']",4.2,618,,"[['Sunday', '11AM–9PM'], ['Monday', '11AM–9PM'], ['Tuesday', '11AM–9PM'], ['Wednesday', '11AM–9PM'], ['Thursday', '11AM–9PM'], ['Friday', '11AM–9PM'], ['Saturday', '11AM–9PM']]"
0x54956ef1cd6ad2b3:0xbf3d30abf24386e2,Joy Teriyaki,"Joy Teriyaki, 8593 SW Main St #100, Wilsonville, OR 97070",45.3023768,-122.7655566,"['Asian fusion restaurant', 'Japanese restaurant']",4.3,186,$,"[['Sunday', 'Closed'], ['Monday', '11AM–8:30PM'], ['Tuesday', '11AM–8:30PM'], ['Wednesday', '11AM–8:30PM'], ['Thursday', '11AM–8:30PM'], ['Friday', '11AM–8:30PM'], ['Saturday', 'Closed']]"
0x54956ef186e0840d:0xc9eb6b5b3d5124b1,Love Teriyaki,"Love Teriyaki, 29756 Town Center Loop W, Wilsonville, OR 97070",45.304234699999995,-122.7648722,"['Japanese restaurant', 'Asian restaurant']",4.0,157,,"[['Sunday', 'Closed'], ['Monday', '11AM–9PM'], ['Tuesday', '11AM–9PM'], ['Wednesday', '11AM–9PM'], ['Thursday', '11AM–9PM'], ['Friday', '11AM–9PM'], ['Saturday', '11AM–9PM']]"
0x5495988b90c379c1:0x258ae6ffca64ff0f,Joy Teriyaki,"97030 Oregon, Gresham, NW Eastman Pkwy, Joy Teriyaki",45.5032996,-122.4345426,['Japanese restaurant'],4.3,165,$,"[['Sunday', 'Closed'], ['Monday', '11AM–8PM'], ['Tuesday', '11AM–8PM'], ['Wednesday', '11AM–8PM'], ['Thursday', '11AM–8PM'], ['Friday', '11AM–8PM'], ['Saturday', '11AM–8PM']]"
0x5495a170366d7a03:0x2812de7edefc39f4,Ichi 15 Teriyaki,"Ichi 15 Teriyaki, 1307-C, NE 102nd Ave, Portland, OR 97220",45.532812799999995,-122.5585983,"['Japanese restaurant', 'Asian restaurant']",4.3,176,$,"[['Sunday', 'Closed'], ['Monday', '10:30AM–9PM'], ['Tuesday', '10:30AM–9PM'], ['Wednesday', '10:30AM–9PM'], ['Thursday', '10:30AM–9PM'], ['Friday', '10:30AM–9PM'], ['Saturday', '11AM–7PM']]"
0x54950a03066e3979:0x54812ea13325132,Bamboo Sushi Izakaya,"Bamboo Sushi Izakaya, 404 SW 12th Ave, Portland, OR 97205",45.5224019,-122.6829358,"['Sushi restaurant', 'Asian fusion restaurant', 'Asian restaurant', 'Bar', 'Fine dining restaurant', 'Japanese restaurant', 'Pan-Asian restaurant', 'Restaurant', 'Seafood restaurant', 'Vegetarian restaurant']",4.5,1399,$$,"[['Sunday', '4–9PM'], ['Monday', 'Closed'], ['Tuesday', 'Closed'], ['Wednesday', '4–9PM'], ['Thursday', '4–9PM'], ['Friday', '4–9PM'], ['Saturday', '4–9PM']]"
0x54950f6bdda5c1f5:0xa97dc2424c4d6fa1,Wassabi | Pan Asian Cuisine,"Wassabi | Pan Asian Cuisine, 1861 NE 106th Ave, Hillsboro, OR 97006",45.5333907,-122.87116569999999,"['Pan-Asian restaurant', 'Asian restaurant', 'Bar', 'Japanese restaurant', 'Restaurant', 'Sushi restaurant']",4.3,678,$$,"[['Saturday', '11AM–10PM'], ['Sunday', '11AM–9PM'], ['Monday', '11AM–2PM'], ['Tuesday', '11AM–2PM'], ['Wednesday', '11AM–2PM'], ['Thursday', '11AM–2PM'], ['Friday', '11AM–10PM']]"
0x549509f0c272e883:0x61a38d48059f8528,San Sai Japanese Grill,"San Sai Japanese Grill, 539 NW 21st Ave, Portland, OR 97209",45.526863999999996,-122.6945571,"['Japanese restaurant', 'Sushi restaurant']",4.2,708,$,"[['Saturday', '11:30AM–10PM'], ['Sunday', '11:30AM–10PM'], ['Monday', '11:30AM–10PM'], ['Tuesday', '11:30AM–10PM'], ['Wednesday', '11:30AM–10PM'], ['Thursday', '11:30AM–10PM'], ['Friday', '11:30AM–10PM']]"
0x54950f7fed5b800b:0xa2e6275230e22b5c,Mr. Bento Teriyaki,"Mr. Bento Teriyaki, 7568 NE Shaleen St, Hillsboro, OR 97124",45.516585299999996,-122.90052449999999,"['Asian restaurant', 'Japanese restaurant']",4.4,365,$$,"[['Saturday', '11AM–8:30PM'], ['Sunday', 'Closed'], ['Monday', '11AM–8:30PM'], ['Tuesday', '11AM–8:30PM'], ['Wednesday', '11AM–8:30PM'], ['Thursday', '11AM–8:30PM'], ['Friday', '11AM–8:30PM']]"
0x5495059aeb6c775d:0xb3f5a5b4f5fa1c2,O Sushi,"O Sushi, 7183 NE Imbrie Dr, Hillsboro, OR 97124",45.549910999999994,-122.907074,['Japanese restaurant'],4.2,398,$,"[['Saturday', '11AM–8PM'], ['Sunday', 'Closed'], ['Monday', '11AM–8PM'], ['Tuesday', '11AM–8PM'], ['Wednesday', '11AM–8PM'], ['Thursday', '11AM–8PM'], ['Friday', '11AM–8PM']]"
0x54950f66062e270d:0xcd536c427cebe45e,Shogun Sushi,"Shogun Sushi, 2215 NE Allie Ave, Hillsboro, OR 97124",45.537237399999995,-122.8785841,"['Sushi restaurant', 'Japanese restaurant', 'Takeout Restaurant']",4.2,158,$$,"[['Saturday', '11AM–9:30PM'], ['Sunday', '12–8:30PM'], ['Monday', '11AM–2PM'], ['Tuesday', '11AM–2PM'], ['Wednesday', '11AM–2PM'], ['Thursday', '11AM–2PM'], ['Friday', '11AM–2:30PM']]"
0x5495a0a094b89733:0x5f6c350793c662f5,AFURI IZAKAYA SE PORTLAND,"AFURI IZAKAYA SE PORTLAND, 923 SE 7th Ave, Portland, OR 97214",45.516019899999996,-122.6590207,"['Japanese restaurant', 'Authentic Japanese restaurant', 'Ramen restaurant']",4.5,1409,$$$,"[['Saturday', '11:30AM–9PM'], ['Sunday', '11:30AM–9PM'], ['Monday', '4–9PM'], ['Tuesday', '4–9PM'], ['Wednesday', '4–9PM'], ['Thursday', '4–9PM'], ['Friday', '11:30AM–9PM']]"
0x54950a114957063d:0xbcd2a3deb516971c,Sumo Sushi PSU,"Sumo Sushi PSU, 1898 SW 10th Ave, Portland, OR 97201",45.512039699999995,-122.68627959999999,"['Japanese restaurant', 'Sushi restaurant']",4.7,78,,"[['Saturday', 'Closed'], ['Sunday', 'Closed'], ['Monday', '11AM–6PM'], ['Tuesday', '11AM–6PM'], ['Wednesday', '11AM–6PM'], ['Thursday', '11AM–6PM'], ['Friday', '11AM–6PM']]"
0x5495a0be15439877:0xd7661c0993836182,Bamboo Sushi,"Bamboo Sushi, 310 SE 28th Ave, Portland, OR 97214",45.520511,-122.6370979,"['Sushi restaurant', 'Asian fusion restaurant', 'Asian restaurant', 'Bar', 'Fine dining restaurant', 'Japanese restaurant', 'Pan-Asian restaurant', 'Restaurant', 'Seafood restaurant', 'Vegetarian restaurant']",4.6,755,$$$,"[['Saturday', '2–8:30PM'], ['Sunday', '2–8:30PM'], ['Monday', 'Closed'], ['Tuesday', '2–8:30PM'], ['Wednesday', '2–8:30PM'], ['Thursday', '2–8:30PM'], ['Friday', '2–8:30PM']]"
0x54950551cff4098f:0xa265f2ee2f6d0663,Sushi & Maki,"Sushi & Maki, 2401 NE Cornell Rd, Hillsboro, OR 97124",45.531571199999995,-122.9575163,"['Sushi restaurant', 'Japanese restaurant']",4.3,275,$$,"[['Saturday', '12AM–3PM'], ['Sunday', 'Closed'], ['Monday', '11AM–2PM'], ['Tuesday', '11AM–2PM'], ['Wednesday', '11AM–2PM'], ['Thursday', '11AM–2PM'], ['Friday', '11AM–2PM']]"
0x54951abb6d1c9bd5:0xf55672850f22b849,Syun Izakaya,"Syun Izakaya, 209 NE Lincoln St, Hillsboro, OR 97124",45.524114999999995,-122.987617,"['Japanese restaurant', 'Sushi restaurant']",4.7,1372,$$,"[['Saturday', '12–10PM'], ['Sunday', '12–9PM'], ['Monday', '12–9PM'], ['Tuesday', '12–9PM'], ['Wednesday', '12–9PM'], ['Thursday', '12–9PM'], ['Friday', '12–10PM']]"
0x54950b61801a9415:0x1c533621aedf9d44,Umai Japanese Twist,"Umai Japanese Twist, Portland, OR 97239",45.4961341,-122.6720651,['Japanese restaurant'],5.0,7,,"[['Saturday', '11AM–4PM'], ['Sunday', 'Closed'], ['Monday', '11AM–3PM'], ['Tuesday', '11AM–3PM'], ['Wednesday', '11AM–3PM'], ['Thursday', '11AM–3PM'], ['Friday', '11AM–3PM']]"
0x54955c69ec152305:0xa50ce85dae72608b,Sushi Brothers,"Sushi Brothers, 111 N Arney Rd, Woodburn, OR 97071",45.152783299999996,-122.88302499999999,['Japanese restaurant'],4.1,398,$$,"[['Saturday', '11AM–8PM'], ['Sunday', '11AM–8PM'], ['Monday', '11AM–8PM'], ['Tuesday', '11AM–8PM'], ['Wednesday', '11AM–8PM'], ['Thursday', '11AM–8PM'], ['Friday', '11AM–8PM']]"
0x54c4232ece9cfe31:0xf56af404f44590ed,Ami Japanese Restaurant,"Ami Japanese Restaurant, 634 SE Cass Ave, Roseburg, OR 97470",43.2089138,-123.3468942,"['Japanese restaurant', 'Korean restaurant', 'Sushi restaurant']",4.3,416,$$,"[['Saturday', '12–4PM'], ['Sunday', '12–4PM'], ['Monday', 'Closed'], ['Tuesday', 'Closed'], ['Wednesday', '11AM–2:30PM'], ['Thursday', '11AM–2:30PM'], ['Friday', '11AM–2:30PM']]"
0x54c11e11807c9195:0x4d53faec4beaed60,Sushi Station Japanese Restaurant,"Sushi Station Japanese Restaurant, 199 E 5th Ave # 7, Eugene, OR 97401",44.0545111,-123.0901694,"['Japanese restaurant', 'Seafood restaurant', 'Sushi restaurant']",4.3,338,$$,"[['Saturday', '11:30AM–3PM'], ['Sunday', '12–3PM'], ['Monday', 'Closed'], ['Tuesday', '4:30–9PM'], ['Wednesday', '4:30–9PM'], ['Thursday', '4:30–9PM'], ['Friday', '11:30AM–3PM']]"
0x54950f8784763701:0xf749e845e3dff43,Yuki | Japanese Restaurant,"Yuki | Japanese Restaurant, 1335 NE Orenco Station Pkwy E, Hillsboro, OR 97124",45.5345289,-122.9169945,"['Japanese restaurant', 'Bar', 'Sushi restaurant']",4.4,388,$$,"[['Saturday', '12–8PM'], ['Sunday', 'Closed'], ['Monday', 'Closed'], ['Tuesday', '11AM–8PM'], ['Wednesday', '11AM–8PM'], ['Thursday', '11AM–8PM'], ['Friday', '11AM–8PM']]"
0x5495a096ed703b65:0x8bbba5fcaa787d8a,Nodoguro,"Nodoguro, 2832 SE Belmont St, Portland, OR 97214",45.51627,-122.63632,['Japanese restaurant'],4.8,138,$$$$,"[['Thursday', '7–9PM'], ['Friday', '7–9PM'], ['Saturday', '7–9PM'], ['Sunday', '7–9PM'], ['Monday', 'Closed'], ['Tuesday', 'Closed'], ['Wednesday', '7–9PM']]"
0x5495a02cde918d1f:0xc0f75ac068121b0d,Takahashi,"Takahashi, 10324 SE Holgate Blvd, Portland, OR 97266",45.489563,-122.5564885,"['Japanese restaurant', 'Sushi restaurant']",4.7,468,$$,"[['Wednesday', '11:30AM–2:30PM'], ['Thursday', '11:30AM–2:30PM'], ['Friday', '11:30AM–2:30PM'], ['Saturday', '11:30AM–2:30PM'], ['Sunday', '11:30AM–2:30PM'], ['Monday', 'Closed'], ['Tuesday', 'Closed']]"
0x549576a6ab7046c7:0xe08d9d49abcdae88,KB Teriyaki Grill,"KB Teriyaki Grill, 19660 SE McLoughlin Blvd, Gladstone, OR 97027",45.378397299999996,-122.60268429999999,['Japanese restaurant'],4.2,398,$,"[['Wednesday', '9AM–8PM'], ['Thursday', '9AM–8PM'], ['Friday', '9AM–8PM'], ['Saturday', '9AM–8PM'], ['Sunday', 'Closed'], ['Monday', '9AM–8PM'], ['Tuesday', '9AM–8PM']]"
0x54950a11c6181683:0x97ff88e292099e80,The House of Ramen PDX,"The House of Ramen PDX, 223 SW Columbia St, Portland, OR 97201",45.5135851,-122.67757809999999,"['Ramen restaurant', 'Asian restaurant', 'Japanese restaurant', 'Noodle shop', 'Restaurant']",4.3,558,$,"[['Wednesday', '11AM–8PM'], ['Thursday', '11AM–8PM'], ['Friday', '11AM–8PM'], ['Saturday', '11AM–7PM'], ['Sunday', 'Closed'], ['Monday', '11AM–8PM'], ['Tuesday', '11AM–8PM']]"
0x54c000a96c58f541:0x3c84564de9b61f7b,Momiji Japanese Restaurant,"Momiji Japanese Restaurant, 3411 Commercial St SE, Salem, OR 97302",44.906095199999996,-123.0435316,['Japanese restaurant'],4.5,526,$$,"[['Wednesday', '11AM–8:30PM'], ['Thursday', '11AM–8:30PM'], ['Friday', '11AM–8:30PM'], ['Saturday', '11AM–8:30PM'], ['Sunday', '12–8:30PM'], ['Monday', '11AM–8:30PM'], ['Tuesday', '11AM–8:30PM']]"
0x54bffedb3a6394eb:0x8a7088311003b31,Love Love Teriyaki Lancaster,"Love Love Teriyaki Lancaster, 3802 Center St NE, Salem, OR 97301",44.9387275,-122.9863658,"['Japanese restaurant', 'Asian restaurant', 'Restaurant']",4.4,575,$,"[['Wednesday', '11AM–9PM'], ['Thursday', '11AM–9PM'], ['Friday', '11AM–9PM'], ['Saturday', '11AM–9PM'], ['Sunday', 'Closed'], ['Monday', '11AM–9PM'], ['Tuesday', '11AM–9PM']]"
0x54c06583bc7a4805:0x7c123f289f946947,Momiji Sushi Bar & Restaurant,"Momiji Sushi Bar & Restaurant, 1755 S Main St, Lebanon, OR 97355",44.52959,-122.9066527,"['Sushi restaurant', 'Asian restaurant', 'Japanese restaurant']",4.1,468,$$,"[['Tuesday', '11AM–9PM'], ['Wednesday', '11AM–9PM'], ['Thursday', '11AM–9PM'], ['Friday', '11AM–9:30PM'], ['Saturday', '11AM–9:30PM'], ['Sunday', '11AM–9PM'], ['Monday', '11AM–9PM']]"
0x5495092e8aaf329b:0xb2a4fb2849a17f4f,Kizuki Ramen & Izakaya,"Kizuki Ramen & Izakaya, 11830 NW Cedar Falls Dr #128, Portland, OR 97229",45.5217636,-122.80215369999999,"['Ramen restaurant', 'Izakaya restaurant', 'Japanese restaurant']",4.4,1478,$$,"[['Tuesday', '11AM–2:30PM'], ['Wednesday', '11AM–2:30PM'], ['Thursday', '11AM–2:30PM'], ['Friday', '11AM–9PM'], ['Saturday', '11AM–9PM'], ['Sunday', '11AM–9PM'], ['Monday', '11AM–2:30PM']]"
0x54959811e90c2827:0xd9b83029db5c5d35,Joy Teriyaki - Troutdale,"Joy Teriyaki - Troutdale, 3125 SW 257th Dr, Troutdale, OR 97060",45.5203772,-122.39889029999999,"['Pan-Asian restaurant', 'Asian fusion restaurant', 'Asian restaurant', 'Caterer', 'Family restaurant', 'Japanese restaurant', 'Takeout Restaurant']",4.2,358,$,"[['Tuesday', '10:30AM–9PM'], ['Wednesday', '10:30AM–9PM'], ['Thursday', '10:30AM–9PM'], ['Friday', '10:30AM–9PM'], ['Saturday', '10:30AM–9PM'], ['Sunday', '11AM–9PM'], ['Monday', '10:30AM–9PM']]"
0x5495a2990a11a48d:0x99fef797ba1ac371,Joy Teriyaki,"Joy Teriyaki, 22741 NE Park Ln, Wood Village, OR 97060",45.5295446,-122.4303327,"['Japanese restaurant', 'Chinese restaurant', 'Korean restaurant']",4.1,286,$,"[['Tuesday', '10:30AM–9PM'], ['Wednesday', '10:30AM–9PM'], ['Thursday', '10:30AM–9PM'], ['Friday', '10:30AM–9PM'], ['Saturday', '10:30AM–9PM'], ['Sunday', '11AM–9PM'], ['Monday', '10:30AM–9PM']]"
0x5495985d251883cb:0xe9b6f660ffffd740,Bon Teriyaki,"Bon Teriyaki, 1935 NE Division St, Gresham, OR 97030",45.505257,-122.412482,['Japanese restaurant'],4.4,178,$,"[['Tuesday', '11AM–8PM'], ['Wednesday', '11AM–8PM'], ['Thursday', '11AM–8PM'], ['Friday', '11AM–8PM'], ['Saturday', '11AM–8PM'], ['Sunday', 'Closed'], ['Monday', '11AM–8PM']]"
0x54c0076bda84e843:0x77ef32c705a44e07,Sushi Kyo,"Sushi Kyo, 4689 Commercial St SE, Salem, OR 97302",44.8862114,-123.0333558,['Japanese restaurant'],4.3,528,$,"[['Monday', '11AM–8PM'], ['Tuesday', 'Closed'], ['Wednesday', '11AM–8PM'], ['Thursday', '11AM–8PM'], ['Friday', '11AM–9PM'], ['Saturday', '11AM–9PM'], ['Sunday', '11AM–8PM']]"
0x5495488d7e1160c3:0xe7f0840d2479670b,Momiji,"Momiji, 913 NE Hwy 99 W #A, McMinnville, OR 97128",45.2252807,-123.1890945,['Japanese restaurant'],4.3,313,$$,"[['Monday', '11AM–8PM'], ['Tuesday', '11AM–8PM'], ['Wednesday', '11AM–8PM'], ['Thursday', '11AM–8PM'], ['Friday', '11AM–8PM'], ['Saturday', '11AM–8PM'], ['Sunday', '11AM–8PM']]"
0x54950cff43695069:0x16d2e63a2627008c,Benihana,"Benihana, 9205 SW Cascade Ave, Beaverton, OR 97008",45.4533333,-122.7855556,"['Japanese restaurant', 'Asian restaurant', 'Japanese steakhouse', 'Restaurant', 'Steak house', 'Sushi restaurant', 'Teppanyaki restaurant']",4.3,2006,$$$,"[['Monday', '10:30AM–10PM'], ['Tuesday', '10:30AM–10PM'], ['Wednesday', '10:30AM–10PM'], ['Thursday', '10:30AM–10PM'], ['Friday', '10:30AM–10PM'], ['Saturday', '10:30AM–10PM'], ['Sunday', '10:30AM–10PM']]"
0x54cf73545d03a881:0xbad96caf440f41f,Little Tokyo Restaurant,"Little Tokyo Restaurant, 29 N Main St, Ashland, OR 97520",42.197189099999996,-122.71569439999999,['Japanese restaurant'],4.4,118,$$,"[['Monday', '11AM–9PM'], ['Tuesday', '11AM–9PM'], ['Wednesday', '11AM–9PM'], ['Thursday', '11AM–9PM'], ['Friday', '11AM–9PM'], ['Saturday', '11AM–9PM'], ['Sunday', '11AM–9PM']]"
0x54c0e2374525f557:0xd6fa08bd9c6ceb2d,Izumi Sushi and Grill,"Izumi Sushi and Grill, 2773 Shadowview, Eugene, OR 97408",44.0932119,-123.0600358,"['Asian restaurant', 'Bar', 'Japanese restaurant', 'Sushi restaurant']",4.4,637,$$,"[['Monday', '11:30AM–2:30PM'], ['Tuesday', '11:30AM–2:30PM'], ['Wednesday', '11:30AM–2:30PM'], ['Thursday', '11:30AM–2:30PM'], ['Friday', '11:30AM–2:30PM'], ['Saturday', '4–11PM'], ['Sunday', '4–11PM']]"
0x54950a022f6de575:0xd94ad30f877a71db,Marinepolis Sushi Land,"Marinepolis Sushi Land, 138 NW 10th Ave, Portland, OR 97209",45.524274999999996,-122.68101,"['Sushi restaurant', 'Japanese restaurant']",3.6,385,$,"[['Monday', '11AM–9PM'], ['Tuesday', '11AM–9PM'], ['Wednesday', '11AM–9PM'], ['Thursday', '11AM–9PM'], ['Friday', '11AM–9PM'], ['Saturday', '11AM–9PM'], ['Sunday', '11AM–9PM']]"
0x54950a117cba6461:0xd31490733d1e9fd,Murata Restaurant,"Murata Restaurant, 200 SW Market St, Portland, OR 97201",45.5118053,-122.6783552,"['Japanese restaurant', 'Sushi restaurant']",4.7,408,$$$,"[['Sunday', 'Closed'], ['Monday', '11:30AM–2PM'], ['Tuesday', '11:30AM–2PM'], ['Wednesday', '11:30AM–2PM'], ['Thursday', '11:30AM–2PM'], ['Friday', '11:30AM–2PM'], ['Saturday', '4–8:30PM']]"
0x54cf7bcb2f2ac07d:0x7dc052a8fe45a154,Sakura Japanese Resturaunt,"Sakura Japanese Resturaunt, 832 Crater Lake Ave, Medford, OR 97504",42.337733899999996,-122.860547,"['Japanese restaurant', 'Sushi restaurant']",4.5,448,$$,"[['Sunday', '11:30AM–8:30PM'], ['Monday', '11:30AM–8:30PM'], ['Tuesday', '11:30AM–8:30PM'], ['Wednesday', '11:30AM–8:30PM'], ['Thursday', '11:30AM–8:30PM'], ['Friday', '11:30AM–8:30PM'], ['Saturday', '11:30AM–8:30PM']]"
