gmap_id,name,address,latitude,longitude,category,avg_rating,num_of_reviews,price,hours
0x8900390512ab3851:0xafbb2daf7162e83d,Bei Jing Chinese Restaurant,"Bei Jing Chinese Restaurant, 4390 US Highway 17 Bypass South # C3, Murrells Inlet, SC 29576",33.5549325,-79.0464571,"['Chinese restaurant', 'Japanese restaurant']",4.2,18,,"[['Sunday', '12–10PM'], ['Monday', 'Closed'], ['Tuesday', '11AM–10PM'], ['Wednesday', '11AM–10PM'], ['Thursday', '11AM–10PM'], ['Friday', '11AM–10:30PM'], ['Saturday', '11AM–10:30PM']]"
0x8857ee93c0ba5ff9:0x1fdcc9604cd5eccd,Japan House,"Japan House, 909 E Main St, Laurens, SC 29360",34.4934867,-81.9822825,"['Sushi restaurant', 'Japanese restaurant']",4.1,28,,"[['Saturday', '11AM–10PM'], ['Sunday', 'Closed'], ['Monday', '11AM–9:30PM'], ['Tuesday', '11AM–9:30PM'], ['Wednesday', '11AM–9:30PM'], ['Thursday', '11AM–9:30PM'], ['Friday', '11AM–10PM']]"
0x88f8b0101d534e59:0x31f55406728fed0e,Fujiya Restaurant,"Fujiya Restaurant, 4430 Rosewood Dr, Columbia, SC 29209",33.9876375,-80.9752575,['Japanese restaurant'],4.3,16,$$,
0x88579f547c87cc15:0x4a636b37fc2d617,Wow Wings & Hibachi,"Wow Wings & Hibachi, 431 W Main St, Spartanburg, SC 29301",34.945748,-81.9416537,"['Restaurant', 'Asian fusion restaurant', 'Asian restaurant', 'Chicken wings restaurant', 'Chinese restaurant', 'Fast food restaurant', 'Japanese restaurant', 'Takeout Restaurant']",3.8,58,,"[['Tuesday', '11AM–10PM'], ['Wednesday', '11AM–10PM'], ['Thursday', '11AM–10PM'], ['Friday', '11AM–10PM'], ['Saturday', '11AM–10PM'], ['Sunday', '12–9PM'], ['Monday', '11AM–10PM']]"
0x89006cefb3291afd:0x6f99859d08fc470b,Nina Hibachi,"Nina Hibachi, 152 Middle Ridge Ave, Conway, SC 29526",33.778706,-78.987487,['Japanese restaurant'],1.8,28,,"[['Wednesday', '11AM–9PM'], ['Thursday', '11AM–9PM'], ['Friday', '11AM–9PM'], ['Saturday', '11AM–9PM'], ['Sunday', '11AM–9PM'], ['Monday', '11AM–9PM'], ['Tuesday', '11AM–9PM']]"
0x88fe8c2cf6a0df21:0x6bb1cd5c834244f,Red Leaf Japanese Steakhouse,"Red Leaf Japanese Steakhouse, 9770 Dorchester Rd #103, Summerville, SC 29485",32.9477028,-80.1555028,"['Japanese restaurant', 'Restaurant', 'Steak house', 'Sushi restaurant']",3.6,15,$$,"[['Wednesday', '11:30AM–9:30PM'], ['Thursday', '11:30AM–9:30PM'], ['Friday', '11:30AM–10:30PM'], ['Saturday', '11:30AM–10:30PM'], ['Sunday', '11:30AM–9:30PM'], ['Monday', '11:30AM–9:30PM'], ['Tuesday', '11:30AM–9:30PM']]"
0x88fe7a46cd211b4f:0x3123cd6b2292a98a,Octobachi,"Octobachi, 119 Spring St, Charleston, SC 29403",32.7899534,-79.94745139999999,"['Asian restaurant', 'Asian fusion restaurant', 'Japanese restaurant', 'Sushi restaurant', 'Vietnamese restaurant']",3.7,8,$$,"[['Monday', '4–11PM'], ['Tuesday', '4–11PM'], ['Wednesday', '4–11PM'], ['Thursday', '4–11PM'], ['Friday', '4–11PM'], ['Saturday', '4–11PM'], ['Sunday', 'Closed']]"
0x88fe8c8cd9501407:0x1c0b4de24734dae4,Asian Grill,"Asian Grill, 1115 Central Ave, Summerville, SC 29483",33.0170768,-80.2081682,"['Asian restaurant', 'Chinese restaurant', 'Japanese restaurant']",4.0,88,,"[['Saturday', '11AM–9:30PM'], ['Sunday', 'Closed'], ['Monday', '11AM–9PM'], ['Tuesday', '11AM–9PM'], ['Wednesday', '11AM–9PM'], ['Thursday', '11AM–9PM'], ['Friday', '11AM–9:30PM']]"
0x88554b830a072071:0xb0e7fe7a47e4ca97,Little Tokyo,"Little Tokyo, 115 E Main St, Latta, SC 29565",34.337219499999996,-79.43182759999999,['Kyoto style Japanese restaurant'],4.5,26,,"[['Saturday', '11:15AM–11:30PM'], ['Sunday', '11:15AM–11:30PM'], ['Monday', '11:15AM–11:30PM'], ['Tuesday', '11:15AM–11:30PM'], ['Wednesday', '11:15AM–11:30PM'], ['Thursday', '11:15AM–11:30PM'], ['Friday', '11:15AM–11:30PM']]"
0x885828cd433cae1d:0x9947ca0c64f1faab,Genji Sushi Express,"Genji Sushi Express, 1140 Woodruff Rd, Greenville, SC 29607",34.8255774,-82.3010094,"['Japanese restaurant', 'Sushi restaurant']",3.8,8,$$,"[['Wednesday', '7AM–10PM'], ['Thursday', '7AM–10PM'], ['Friday', '7AM–10PM'], ['Saturday', '7AM–10PM'], ['Sunday', '7AM–10PM'], ['Monday', '7AM–10PM'], ['Tuesday', '7AM–10PM']]"
0x88fe7b25616940af:0x848cdcb003ec3693,Blackenese Soul Food Hibachi Catering and food stand,"Blackenese Soul Food Hibachi Catering and food stand, 3316 Ashley Phosphate Rd suite 4, North Charleston, SC 29418",32.930317099999996,-80.0727872,"['Cajun restaurant', 'Caterer', 'Japanese restaurant', 'Mobile caterer', 'Soul food restaurant']",3.7,8,,"[['Monday', '11AM–2PM'], ['Tuesday', '11AM–2PM'], ['Wednesday', '11AM–2PM'], ['Thursday', '11AM–2PM'], ['Friday', '11AM–2PM'], ['Saturday', '11AM–2PM'], ['Sunday', 'Closed']]"
0x88586ec6d34fc38f:0xa9710f33d493f146,Japan Grill,"Japan Grill, 3131 N Main St, Anderson, SC 29621",34.5393135,-82.6713188,['Japanese restaurant'],4.2,86,,"[['Friday', '11AM–8PM'], ['Saturday', '11AM–8PM'], ['Sunday', '12–6PM'], ['Monday', '11AM–7PM'], ['Tuesday', '11AM–7PM'], ['Wednesday', '11AM–7PM'], ['Thursday', '11AM–7PM']]"
0x890069a46e4bf6d3:0x1fec3f8b91a54fae,Mitsuwa Japanese Hibachi,"Mitsuwa Japanese Hibachi, 409 S Kings Hwy, Myrtle Beach, SC 29577",33.6825082,-78.8940341,['Japanese restaurant'],4.1,78,,"[['Monday', '11AM–9PM'], ['Tuesday', '11AM–9:30PM'], ['Wednesday', '11AM–9:30PM'], ['Thursday', '11AM–9:30PM'], ['Friday', '11AM–10PM'], ['Saturday', '11AM–10PM'], ['Sunday', '11AM–9PM']]"
0x88fb8935eab40ddf:0x1a3c58a6f7fab549,AKOMEYA Asian Bistro,"South Carolina, Bluffton, Kitties Landing Rd, AKOMEYA Asian Bistro邮政编码: 29910",32.253209,-80.85434149999999,"['Chinese restaurant', 'Japanese restaurant']",4.6,83,,"[['Sunday', '12–9PM'], ['Monday', '11AM–10PM'], ['Tuesday', 'Closed'], ['Wednesday', '11AM–10PM'], ['Thursday', '11AM–10PM'], ['Friday', '11AM–10PM'], ['Saturday', '11AM–10PM']]"
0x88f8af1c5f5b530b:0xf6b7988470bdf396,Hibachi & Sushi Restaurant Tama,"Hibachi & Sushi Restaurant Tama, 2318 Decker Blvd, Columbia, SC 29206",34.0556836,-80.9468431,"['Sushi restaurant', 'Asian restaurant', 'Caterer', 'Japanese restaurant', 'Restaurant']",4.1,8,$$,"[['Saturday', '11:30AM–2PM'], ['Sunday', 'Closed'], ['Monday', '11:30AM–2PM'], ['Tuesday', '11:30AM–2PM'], ['Wednesday', '11:30AM–2PM'], ['Thursday', '11:30AM–2PM'], ['Friday', '11:30AM–2PM']]"
0x88580fbd7d10cf99:0xb1e7705d730c28fe,Kaori Express,"Kaori Express, 124 Church St, Honea Path, SC 29654",34.443340899999995,-82.3906367,['Japanese restaurant'],4.5,46,,"[['Saturday', '11AM–9PM'], ['Sunday', 'Closed'], ['Monday', '11AM–9PM'], ['Tuesday', '11AM–9PM'], ['Wednesday', '11AM–9PM'], ['Thursday', '11AM–9:30PM'], ['Friday', '11AM–9:30PM']]"
0x88f8af15a3f25401:0x9665570cb7da6b0b,Sarku Japan,"Sarku Japan, 7201 Two Notch Rd Space FC-1, Columbia, SC 29223",34.0651849,-80.9615694,"['Japanese restaurant', 'Asian restaurant', 'Fast food restaurant', 'Restaurant', 'Sushi restaurant', 'Teppanyaki restaurant']",4.6,34,$,"[['Thursday', '11AM–7PM'], ['Friday', '11AM–7PM'], ['Saturday', '11AM–7PM'], ['Sunday', '12–6PM'], ['Monday', '11AM–7PM'], ['Tuesday', '11AM–7PM'], ['Wednesday', '11AM–7PM']]"
0x88fe7181a0d495bd:0xf67816802e06f481,Little Miss Ha Vietnamese Cuisine,"Little Miss Ha Vietnamese Cuisine, 915 Houston Northcutt Blvd, Mt Pleasant, SC 29464",32.802588899999996,-79.8883882,"['Restaurant', 'Chinese noodle restaurant', 'Dumpling restaurant', 'Gluten-free restaurant', 'Japanese curry restaurant', 'Udon noodle restaurant', 'Vegan restaurant', 'Vegetarian restaurant', 'Vietnamese restaurant']",4.5,65,,"[['Monday', '11AM–9PM'], ['Tuesday', '11AM–9PM'], ['Wednesday', '11AM–9PM'], ['Thursday', '11AM–9PM'], ['Friday', '11AM–9PM'], ['Saturday', '11AM–9PM'], ['Sunday', 'Closed']]"
0x88f8d58ed001545f:0xe981cea53f47efac,Tokyo Grill,"Tokyo Grill, 2847 North Rd, Orangeburg, SC 29118",33.5264046,-80.8903186,"['Asian restaurant', 'Japanese restaurant']",4.0,13,$,"[['Monday', '11AM–9PM'], ['Tuesday', '11AM–9PM'], ['Wednesday', '11AM–9PM'], ['Thursday', '11AM–9PM'], ['Friday', '11AM–9PM'], ['Saturday', '11AM–9PM'], ['Sunday', '11AM–9PM']]"
0x88f9cb7f5e936e93:0xd863909e7c9b0d1a,Tokyo Japanese Restaurant,"Tokyo Japanese Restaurant, 615 E Martintown Rd, North Augusta, SC 29841",33.490464599999996,-81.9515222,['Japanese restaurant'],4.3,78,$,"[['Monday', '11AM–9:30PM'], ['Tuesday', '11AM–9:30PM'], ['Wednesday', '11AM–9:30PM'], ['Thursday', '11AM–10PM'], ['Friday', '11AM–10PM'], ['Saturday', '11AM–10PM'], ['Sunday', 'Closed']]"
0x885560cbc8898e55:0x1efc8e3e26f7007a,Shogun Japanese Steakhouse,"Shogun Japanese Steakhouse, 116 W Kansas Dr, Florence, SC 29505",34.1627417,-79.76636239999999,"['Japanese steakhouse', 'Sushi restaurant']",3.8,98,$$,"[['Friday', '11AM–10PM'], ['Saturday', '11AM–10PM'], ['Sunday', '11AM–9PM'], ['Monday', 'Closed'], ['Tuesday', '11AM–9:30PM'], ['Wednesday', '11AM–9:30PM'], ['Thursday', '11AM–9:30PM']]"
0x88fe7dd0043fcf8b:0xbdb0c88eabd5735d,Kings Sushi,"Kings Sushi, 1119 Wappoo Rd # H, Charleston, SC 29407, United States",32.7995904,-80.0160798,"['Sushi restaurant', 'Asian restaurant', 'Buffet restaurant', 'Japanese restaurant', 'Seafood restaurant', 'Teppanyaki restaurant']",4.6,274,,"[['Wednesday', '11AM–10:30PM'], ['Thursday', '11AM–10:30PM'], ['Friday', '11AM–10:30PM'], ['Saturday', '11AM–10:30PM'], ['Sunday', '11AM–10:30PM'], ['Monday', '11AM–10:30PM'], ['Tuesday', '11AM–10:30PM']]"
0x88f8a206ab81d8f3:0xaf227c8c68fea5c8,Fuji Cafe,"Fuji Cafe, 7320 Broad River Rd # G, Irmo, SC 29063",34.0964741,-81.15728519999999,['Japanese restaurant'],4.3,48,,"[['Wednesday', '11AM–10PM'], ['Thursday', '11AM–10PM'], ['Friday', '11AM–10PM'], ['Saturday', '1–10PM'], ['Sunday', '11:30AM–10PM'], ['Monday', '11AM–10PM'], ['Tuesday', '11AM–10PM']]"
0x89000d0c0786c3ef:0xdac911fbf8e3c8ee,Benny's Hibachi,"Benny's Hibachi, 1600 Main St, Conway, SC 29526",33.8502629,-79.0557718,['Japanese restaurant'],4.1,57,,"[['Wednesday', '11AM–8PM'], ['Thursday', '11AM–8PM'], ['Friday', '11AM–8PM'], ['Saturday', '11AM–8PM'], ['Sunday', '11AM–8PM'], ['Monday', 'Closed'], ['Tuesday', '11AM–8PM']]"
0x890068df8c811b8b:0x8e456e2d35cc98c,King Kong Sushi,"King Kong Sushi, 1306 Celebrity Cir, Myrtle Beach, SC 29577, United States",33.7172475,-78.8823609,"['Sushi restaurant', 'Asian restaurant', 'Bar & grill', 'Japanese restaurant']",4.3,528,₩₩,"[['Sunday', '11:30AM–9PM'], ['Monday', '11:30AM–9PM'], ['Tuesday', '11:30AM–9PM'], ['Wednesday', '11:30AM–9PM'], ['Thursday', '11:30AM–9PM'], ['Friday', '11:30AM–9:30PM'], ['Saturday', '11:30AM–9:30PM']]"
0x88fe79634212f041:0x22e90c02cafca1f7,Lotus Garden Restaurant,"Lotus Garden Restaurant, 1739 Maybank Hwy, James Island, SC 29124",32.7616035,-79.97631369999999,"['Chinese restaurant', 'Asian restaurant', 'Japanese restaurant', 'Vietnamese restaurant']",3.5,15,,"[['Sunday', '12–10PM'], ['Monday', 'Closed'], ['Tuesday', '11AM–10PM'], ['Wednesday', '11AM–10PM'], ['Thursday', '11AM–10PM'], ['Friday', '11AM–10PM'], ['Saturday', '11AM–10PM']]"
0x88ff42d6662c3491:0xacd9ee0525c8e8cd,Mr Teriyaki LLC,"Mr Teriyaki LLC, 1315 Peach Orchard Rd, Sumter, SC 29154",33.956669399999996,-80.4977124,"['Japanese restaurant', 'Asian restaurant', 'Chinese restaurant']",4.2,258,$,"[['Sunday', 'Closed'], ['Monday', '11AM–8:30PM'], ['Tuesday', '11AM–8:30PM'], ['Wednesday', '11AM–8:30PM'], ['Thursday', '11AM–8:30PM'], ['Friday', '11AM–9:30PM'], ['Saturday', 'Closed']]"
0x88f9cd9d438ccc87:0x8529bcc9af568b83,TOKI Jr Japanese Restaurant,"TOKI Jr Japanese Restaurant, 434 Georgia Ave Suite 105, North Augusta, SC 29841",33.4935658,-81.97146479999999,"['Japanese restaurant', 'Bubble tea store', 'Japanese steakhouse', 'Takeout Restaurant']",4.3,57,,"[['Saturday', '11AM–9PM'], ['Sunday', '11AM–9PM'], ['Monday', '11AM–9PM'], ['Tuesday', '11AM–9PM'], ['Wednesday', '11AM–9PM'], ['Thursday', '11AM–9PM'], ['Friday', '11AM–9PM']]"
0x88fe6182c397d121:0xe5cefcb52509df03,Kanji Goose Creek,"Kanji Goose Creek, 119 Plantation N Blvd #2A, Goose Creek, SC 29445",33.0323181,-80.0619888,"['Japanese restaurant', 'Asian restaurant', 'Sushi restaurant']",4.4,45,,"[['Saturday', '11AM–10PM'], ['Sunday', '12–10PM'], ['Monday', '11AM–10PM'], ['Tuesday', '11AM–10PM'], ['Wednesday', '11AM–10PM'], ['Thursday', '11AM–10PM'], ['Friday', '11AM–10PM']]"
0x89006bdfe60a710f:0x941de8d9b9accdf6,Sushi King Steak & Seafood,"Sushi King Steak & Seafood, 4036 River Oaks Dr #9, Myrtle Beach, SC 29579, United States",33.755006099999996,-78.8653456,['Japanese restaurant'],4.5,148,₩₩,"[['Saturday', '12–11PM'], ['Sunday', '12–10:30PM'], ['Monday', '12–10:30PM'], ['Tuesday', '12–10:30PM'], ['Wednesday', '12–10:30PM'], ['Thursday', '12–10:30PM'], ['Friday', '12–11PM']]"
0x88fe6397576378ab:0x10b1e3a09d6166f7,Ginza Japanese Grill - North Charleston,"Ginza Japanese Grill - North Charleston, 5647 Rivers Ave, North Charleston, SC 29406",32.8974889,-80.0174548,"['Restaurant', 'Japanese restaurant']",4.4,26,,"[['Wednesday', '11AM–10PM'], ['Thursday', '11AM–10PM'], ['Friday', '11AM–10PM'], ['Saturday', '11AM–10PM'], ['Sunday', '12–10PM'], ['Monday', '11AM–10PM'], ['Tuesday', '11AM–10PM']]"
0x885523beb27bce51:0x308317fce08b11b2,Hyogo Express,"Hyogo Express, 417 SC-38 S, Bennettsville, SC 29512, United States",34.6072315,-79.6792181,['Japanese restaurant'],4.2,78,,"[['Tuesday', '11AM–9PM'], ['Wednesday', '11AM–9PM'], ['Thursday', '11AM–9:30PM'], ['Friday', '11AM–10PM'], ['Saturday', '11AM–9:30PM'], ['Sunday', '11:30AM–9PM'], ['Monday', '11AM–9PM']]"
0x88f8af25b4ef13ef:0xa0f0c87c1175fd61,Jasmine Buffet,"Jasmine Buffet, 7461 Two Notch Rd, Columbia, SC 29223, United States",34.072237,-80.949936,"['Buffet restaurant', 'Chinese restaurant', 'Japanese restaurant', 'Seafood restaurant']",4.1,2922,₩₩,"[['Tuesday', '11AM–9:30PM'], ['Wednesday', '11AM–9:30PM'], ['Thursday', '11AM–9:30PM'], ['Friday', '11AM–10PM'], ['Saturday', '11AM–10PM'], ['Sunday', '11AM–9:30PM'], ['Monday', '11AM–9:30PM']]"
0x88f8a9903a8a9c0f:0x12a433504dfbba81,Hibachi Grill,"Hibachi Grill, 2000 Clemson Rd STE 3, Columbia, SC 29229, United States",34.1425321,-80.9112998,['Japanese restaurant'],4.3,93,₩,"[['Tuesday', '10AM–10PM'], ['Wednesday', '10AM–10PM'], ['Thursday', '10AM–10PM'], ['Friday', '10:30AM–10:30PM'], ['Saturday', '10:30AM–10:30PM'], ['Sunday', '11AM–9:30PM'], ['Monday', '10AM–10PM']]"
0x88f8d4f5ee00cf0f:0x2d2492bd53c410b0,FitStreet,"FitStreet, 1223 Brickle St, Orangeburg, SC 29118",33.5205391,-80.8536735,"['Sushi restaurant', 'Deli', 'Japanese restaurant', 'Restaurant', 'Sandwich shop']",4.8,151,,"[['Tuesday', '11AM–9PM'], ['Wednesday', '11AM–9PM'], ['Thursday', '11AM–9PM'], ['Friday', '11AM–9PM'], ['Saturday', 'Closed'], ['Sunday', 'Closed'], ['Monday', '11AM–9PM']]"
0x88fdd7ea41132ee5:0xb25188079b287cb,Tokyo Crepes,"Tokyo Crepes, 107 E Ashley Ave, Folly Beach, SC 29439",32.6557101,-79.9397008,"['Breakfast restaurant', 'Asian fusion restaurant', 'Dessert shop', 'Gluten-free restaurant', 'Health food restaurant', 'Ice cream shop', 'Japanese restaurant', 'Takeout Restaurant', 'Vegetarian restaurant']",4.7,27,,"[['Monday', 'Closed'], ['Tuesday', 'Closed'], ['Wednesday', 'Closed'], ['Thursday', 'Closed'], ['Friday', '3–9PM'], ['Saturday', '3–9PM'], ['Sunday', '3–9PM']]"
0x88f8a9eccdfd0e5f:0xaf2c3cc2c0f58875,Wasabi Japanese Restaurant,"Wasabi Japanese Restaurant, 4561 HardScrabble Rd, Columbia, SC 29229",34.150687399999995,-80.91226209999999,"['Japanese restaurant', 'Asian restaurant', 'Sushi restaurant']",4.4,295,$$,"[['Sunday', 'Closed'], ['Monday', '4:30–9:30PM'], ['Tuesday', '11:30AM–2PM'], ['Wednesday', '11:30AM–2PM'], ['Thursday', '11:30AM–2PM'], ['Friday', '11:30AM–2PM'], ['Saturday', '4:30–10PM']]"
0x88f9cb57f889cbbd:0xad4752a392cf533b,Okinawa Sushi & Steak House,"Okinawa Sushi & Steak House, 110 Edgefield Rd, North Augusta, SC 29841",33.5238237,-81.9532813,"['Restaurant', 'Japanese restaurant', 'Sushi restaurant']",4.3,146,$$,"[['Sunday', '12–9PM'], ['Monday', 'Closed'], ['Tuesday', '11AM–9PM'], ['Wednesday', '11AM–9PM'], ['Thursday', '11AM–9PM'], ['Friday', '11AM–9:30PM'], ['Saturday', '11AM–9:30PM']]"
0x88fe7c6a01d2dd65:0x9af82fcd4d4d01c1,Sarku Japan,"Sarku Japan, 2070 Sam Rittenberg Blvd Space #FC-3, Charleston, SC 29407",32.7975792,-80.0325338,"['Japanese restaurant', 'Fast food restaurant', 'Restaurant', 'Sushi restaurant', 'Teppanyaki restaurant']",3.3,18,$,"[['Saturday', '11AM–7PM'], ['Sunday', '12–5PM'], ['Monday', '11AM–7PM'], ['Tuesday', '11AM–7PM'], ['Wednesday', '11AM–7PM'], ['Thursday', '11AM–7PM'], ['Friday', '11AM–7PM']]"
0x88579f94c2a41c47:0x2a5315a66d658563,Japan Hibachi And Sushi Express,"Japan Hibachi And Sushi Express, 205 Cedar Springs Rd, Spartanburg, SC 29302",34.9203441,-81.8843127,['Japanese restaurant'],4.4,78,,"[['Saturday', '11AM–11PM'], ['Sunday', '12–9:30PM'], ['Monday', '11AM–10PM'], ['Tuesday', '11AM–10PM'], ['Wednesday', '11AM–10PM'], ['Thursday', '11AM–10PM'], ['Friday', '11AM–11PM']]"
0x88fe7c7a1f0b9893:0x96996318b0e3d82a,Yokoso Japanese Steakhouse Charleston,"Yokoso Japanese Steakhouse Charleston, 1734 Sam Rittenberg Blvd, Charleston, SC 29407",32.804286999999995,-80.0144093,"['Japanese restaurant', 'Japanese steakhouse', 'Sushi restaurant']",4.0,117,$$,"[['Friday', '4–10PM'], ['Saturday', '4–10PM'], ['Sunday', '12–9:30PM'], ['Monday', 'Closed'], ['Tuesday', '5–9:30PM'], ['Wednesday', '5–9:30PM'], ['Thursday', '5–9:30PM']]"
0x8856916d776407ff:0x8450f3e351d0e289,Rainbow Asian Bistro,"Rainbow Asian Bistro, 4547 Charlotte Hwy #1, Lake Wylie, SC 29710",35.115376,-81.055903,"['Asian restaurant', 'Japanese restaurant', 'Sushi restaurant']",4.3,27,,"[['Friday', '11AM–11PM'], ['Saturday', '12–11PM'], ['Sunday', '12–11PM'], ['Monday', '11AM–10PM'], ['Tuesday', '11AM–10PM'], ['Wednesday', '11AM–10PM'], ['Thursday', '11AM–10PM']]"
0x88f8af3c6a7b84c5:0x82a66947d816b0ce,Kaboto Express Japanese Grill,"Kaboto Express Japanese Grill, 7132 Parklane Rd, Columbia, SC 29223",34.068925,-80.9575153,['Japanese restaurant'],3.7,78,,"[['Friday', '11AM–10PM'], ['Saturday', '11AM–10PM'], ['Sunday', 'Closed'], ['Monday', '11AM–9:30PM'], ['Tuesday', '11AM–9:30PM'], ['Wednesday', '11AM–9:30PM'], ['Thursday', '11AM–9:30PM']]"
0x88586ebeeab51bb9:0x64a3f0922710e74e,Nagoya,"Nagoya, 3014 N Main St B, Anderson, SC 29621",34.5354757,-82.66619399999999,"['Restaurant', 'Japanese restaurant']",3.1,8,,"[['Thursday', '11AM–9:30PM'], ['Friday', '11AM–9:30PM'], ['Saturday', '11AM–9:30PM'], ['Sunday', '11AM–9:30PM'], ['Monday', '11AM–9:30PM'], ['Tuesday', '11AM–9:30PM'], ['Wednesday', '11AM–9:30PM']]"
0x88fe896f8d9efc13:0xb0e958b447b0b4d8,Sake House Japanese Sushi Bar and Steak House 日本壽司吧和牛排館,"Sake House Japanese Sushi Bar and Steak House 日本壽司吧和牛排館, 9770 Dorchester Rd #103, Summerville, SC 29485",32.947666,-80.1556473,"['Dinner theater', 'Japanese restaurant', 'Restaurant', 'Steak house', 'Sushi restaurant']",4.2,227,$$,
0x89002c75e1c3fc71:0x161e5d55eb9c8e50,Nagoya Japanese Grill,"Nagoya Japanese Grill, 1354 N Fraser St, Georgetown, SC 29440",33.3946804,-79.2878796,"['Japanese restaurant', 'Asian restaurant']",4.2,148,$,"[['Thursday', '10:30AM–9:30PM'], ['Friday', '10:30AM–10PM'], ['Saturday', '10:30AM–10PM'], ['Sunday', '11:30AM–9PM'], ['Monday', '10:30AM–9:30PM'], ['Tuesday', '10:30AM–9:30PM'], ['Wednesday', '10:30AM–9:30PM']]"
0x8855ff8d5a2f04a3:0xade63d5dbfc9d554,Tokyo Express,"Tokyo Express, 2436 Main St, Elgin, SC 29045",34.172694799999995,-80.788224,['Japanese restaurant'],3.7,44,$,"[['Thursday', '11AM–9:30PM'], ['Friday', '11AM–10PM'], ['Saturday', '11AM–10PM'], ['Sunday', '11AM–9PM'], ['Monday', '11AM–9:30PM'], ['Tuesday', '11AM–9:30PM'], ['Wednesday', '11AM–9:30PM']]"
0x88568c0f267a6393:0x66dd26d4afaa6a9,Koizumi Express,"Koizumi Express, 4859 Old York Rd #102, Rock Hill, SC 29732",34.981012199999995,-81.0884974,"['Japanese restaurant', 'Asian restaurant']",3.7,148,,"[['Thursday', '11AM–9PM'], ['Friday', '11AM–10PM'], ['Saturday', '11AM–10PM'], ['Sunday', '11:30AM–9PM'], ['Monday', '11AM–9PM'], ['Tuesday', '11AM–9PM'], ['Wednesday', '11AM–9PM']]"
0x88568ff853012ccb:0x44ec2f2f27f81c89,Peking Tokyo Asian Cuisine,"Peking Tokyo Asian Cuisine, 2435 SC-160, Fort Mill, SC 29708",35.0468111,-80.99173329999999,"['Chinese restaurant', 'Japanese restaurant', 'Sushi restaurant']",4.0,165,$$,"[['Thursday', '10:30AM–10PM'], ['Friday', '11AM–10:30PM'], ['Saturday', '11AM–10:30PM'], ['Sunday', '11AM–10PM'], ['Monday', 'Closed'], ['Tuesday', '10:30AM–10PM'], ['Wednesday', '10:30AM–10PM']]"
0x885813eaacc3709d:0xf9e8066b6f84f137,Tokyo Express,"Tokyo Express, 305 Anderson St, Belton, SC 29627",34.522128099999996,-82.4969677,"['Japanese restaurant', 'Asian restaurant', 'Restaurant']",4.4,153,$,"[['Wednesday', '11AM–10PM'], ['Thursday', '11AM–10PM'], ['Friday', '11AM–10PM'], ['Saturday', '11AM–10PM'], ['Sunday', '11AM–10PM'], ['Monday', '11AM–10PM'], ['Tuesday', '11AM–10PM']]"
0x88585e648d8e699b:0xb631b896158c7f3e,Osaka Express,"Osaka Express, 518 College Ave #110, Clemson, SC 29631",34.689172899999996,-82.83411699999999,"['Japanese restaurant', 'Restaurant']",4.1,208,$,"[['Wednesday', '11AM–9:30PM'], ['Thursday', '11AM–9:30PM'], ['Friday', '11AM–10PM'], ['Saturday', '11AM–10PM'], ['Sunday', '12AM–9:30PM'], ['Monday', '11AM–9:30PM'], ['Tuesday', '11AM–9:30PM']]"
0x885783e05cf181bd:0x67e34bbb8070ec07,Tokyo Grill Express Duncan,"Tokyo Grill Express Duncan, 2138 E Main St, Duncan, SC 29334",34.887791199999995,-82.0701469,['Japanese restaurant'],4.1,148,$$,"[['Wednesday', '11AM–9PM'], ['Thursday', '11AM–9PM'], ['Friday', '11AM–9:30PM'], ['Saturday', '11AM–9PM'], ['Sunday', '11AM–9PM'], ['Monday', '11AM–9PM'], ['Tuesday', '11AM–9PM']]"
0x88f8a9f00a73802f:0x809f6e76acde7147,Tokyo Grill Hardscrabble,"South Carolina, Columbia, HardScrabble Rd, Tokyo Grill Hardscrabble邮政编码: 29229",34.1606194,-80.9085362,"['Japanese restaurant', 'Sushi restaurant']",4.0,106,$,"[['Tuesday', '11AM–9:30PM'], ['Wednesday', '11AM–9:30PM'], ['Thursday', '11AM–9:30PM'], ['Friday', '11AM–10PM'], ['Saturday', '11AM–10PM'], ['Sunday', '11:30AM–9PM'], ['Monday', '11AM–9:30PM']]"
0x88fc79ab1dac4ab3:0x920a625f0a5bda0d,Kurama Japanese Restaurant,"Kurama Japanese Restaurant, 9 Palmetto Bay Rd, Hilton Head Island, SC 29928",32.1567693,-80.764276,"['Japanese restaurant', 'Asian restaurant', 'Bar', 'Restaurant', 'Sushi restaurant']",3.3,18,$$,"[['Tuesday', '4:30–10PM'], ['Wednesday', '4:30–10PM'], ['Thursday', '4:30–10PM'], ['Friday', '4:30–10PM'], ['Saturday', '4:30–10PM'], ['Sunday', '4:30–10PM'], ['Monday', '4:30–10PM']]"
0x88fe7b3fd835b989:0xbacea23412b98c27,hokkaido sushi & hibachi,"South Carolina, Charleston, Westedge St, hokkaido sushi & hibachi邮政编码: 29403",32.7899464,-79.9590868,"['Japanese restaurant', 'Asian restaurant', 'Restaurant', 'Sushi takeaway']",4.2,43,$$,"[['Tuesday', '11AM–10PM'], ['Wednesday', '11AM–10PM'], ['Thursday', '11AM–10PM'], ['Friday', '11AM–11PM'], ['Saturday', '12–11PM'], ['Sunday', '12–10PM'], ['Monday', 'Closed']]"
0x89000ded53f7c7a1:0x74c3f9946c013bfb,New Kobe,"New Kobe, 117 Rivertown Blvd, Conway, SC 29526",33.856944399999996,-79.08749999999999,"['Japanese restaurant', 'Asian restaurant', 'Sushi restaurant']",3.5,67,,"[['Tuesday', '11AM–10PM'], ['Wednesday', '11AM–10PM'], ['Thursday', '11AM–10PM'], ['Friday', '11AM–11PM'], ['Saturday', '11AM–11PM'], ['Sunday', '11AM–10PM'], ['Monday', '11AM–10PM']]"
0x88fc0da0731f5255:0xb172604b5746148,Fuji Teppanyaki Restaurant,"Fuji Teppanyaki Restaurant, 97 Sea Island Pkwy #202, Beaufort, SC 29907",32.417548,-80.656283,"['Japanese restaurant', 'Restaurant']",4.5,168,$,"[['Tuesday', '11AM–2PM'], ['Wednesday', '11AM–2PM'], ['Thursday', '11AM–2PM'], ['Friday', '11AM–2PM'], ['Saturday', '11AM–2PM'], ['Sunday', 'Closed'], ['Monday', '11AM–2PM']]"
0x885832d8ba2086f5:0x22af7f9acb4d5115,Miyoko Japanese Steakhouse,"Miyoko Japanese Steakhouse, 2 Benton Rd, Travelers Rest, SC 29690",34.9631719,-82.4309372,['Japanese restaurant'],4.2,192,,"[['Tuesday', '10:45AM–9:30PM'], ['Wednesday', '10:45AM–9:30PM'], ['Thursday', '10:45AM–9:30PM'], ['Friday', '10:45AM–9:30PM'], ['Saturday', '10:45AM–9:30PM'], ['Sunday', '11AM–9:30PM'], ['Monday', 'Closed']]"
0x885576711b023f4d:0x4488663fb66bacf1,Fuji Express,"Fuji Express, 902 S 5th St, Hartsville, SC 29550",34.362528399999995,-80.0679202,['Japanese restaurant'],4.1,218,$$,"[['Tuesday', '11AM–9PM'], ['Wednesday', '11AM–9PM'], ['Thursday', '11AM–9PM'], ['Friday', '11AM–9PM'], ['Saturday', '11AM–9PM'], ['Sunday', '11AM–9PM'], ['Monday', 'Closed']]"
0x88fb8fcbe97dfc25:0x6c9521298173d4e5,Wasabi,"South Carolina, Bluffton, Buckwalter Pl Blvd, Wasabi邮政编码: 29910",32.2705416,-80.9177265,"['Japanese restaurant', 'Bar & grill', 'Lunch restaurant', 'Sushi restaurant']",4.5,85,,"[['Tuesday', '11AM–10PM'], ['Wednesday', '11AM–10PM'], ['Thursday', '11AM–10PM'], ['Friday', '11AM–10:30PM'], ['Saturday', '11AM–10:30PM'], ['Sunday', '12AM–10PM'], ['Monday', '11AM–10PM']]"
0x885829728b7dc1f1:0xb18226d32df89516,China Kitchen,"China Kitchen, 3627 Pelham Rd, Greenville, SC 29615",34.861273499999996,-82.2679213,"['Asian restaurant', 'Chinese restaurant', 'Japanese restaurant', 'Restaurant', 'Seafood restaurant', 'Vegetarian restaurant']",3.9,116,$,"[['Tuesday', '11AM–9:30PM'], ['Wednesday', '11AM–9:30PM'], ['Thursday', '11AM–9:30PM'], ['Friday', '11AM–10PM'], ['Saturday', '11AM–10PM'], ['Sunday', 'Closed'], ['Monday', '11AM–9:30PM']]"
0x885783b0973a1935:0xf6488a6fc7b557de,Sake Grill,"Sake Grill, 1660b E Main St, Duncan, SC 29334",34.9042977,-82.0985828,['Japanese restaurant'],4.3,125,,"[['Tuesday', '11AM–2PM'], ['Wednesday', '11AM–2PM'], ['Thursday', '11AM–2PM'], ['Friday', '11AM–2PM'], ['Saturday', 'Closed'], ['Sunday', 'Closed'], ['Monday', '11AM–2PM']]"
0x890064ec582b9aaf:0x2c1d6a3f6af0564,Fuji Japanese Restaurant,"Fuji Japanese Restaurant, 10752 Kings Rd, Myrtle Beach, SC 29572",33.7832271,-78.7676918,['Japanese restaurant'],4.1,113,$,"[['Tuesday', '11AM–9:30PM'], ['Wednesday', '11AM–9:30PM'], ['Thursday', '11AM–9:30PM'], ['Friday', '11AM–9:30PM'], ['Saturday', '11AM–9:30PM'], ['Sunday', '11AM–9:30PM'], ['Monday', '11AM–9:30PM']]"
0x88f8d45a1b2c6f8b:0x5965733e9ec86d2f,Tokyo Steak & Seafood Restaurant,"Tokyo Steak & Seafood Restaurant, 1338 Grove Park Dr, Orangeburg, SC 29115",33.514937499999995,-80.8600566,['Japanese restaurant'],4.3,356,$$,"[['Monday', '11AM–9:30PM'], ['Tuesday', '11AM–9:30PM'], ['Wednesday', '11AM–9:30PM'], ['Thursday', '11AM–9:30PM'], ['Friday', '11AM–10:30PM'], ['Saturday', '11AM–10:30PM'], ['Sunday', 'Closed']]"
0x89000d125d530e4b:0xc83c56f82d8b96fd,Fuji Hibachi & Sushi,"Fuji Hibachi & Sushi, 2608 Main St # B, Conway, SC 29526",33.8675449,-79.0516832,"['Japanese restaurant', 'Asian restaurant', 'Sushi restaurant']",3.9,198,$,"[['Monday', '11AM–9PM'], ['Tuesday', '11AM–9PM'], ['Wednesday', '11AM–9PM'], ['Thursday', '11AM–9PM'], ['Friday', '11AM–9:30PM'], ['Saturday', '11AM–9:30PM'], ['Sunday', 'Closed']]"
0x88fe5a738617f023:0x54e645ba2b39f4c3,Kobe Japanese Steakhouse,"Kobe Japanese Steakhouse, 484 N U.S. Hwy 52, Moncks Corner, SC 29461",33.2067298,-79.9826363,['Japanese steakhouse'],4.0,98,$,"[['Monday', '11AM–10PM'], ['Tuesday', '11AM–10PM'], ['Wednesday', '11AM–10PM'], ['Thursday', '11AM–10PM'], ['Friday', '11AM–10:30PM'], ['Saturday', '11AM–10:30PM'], ['Sunday', '11AM–10PM']]"
0x89003735f84f1d63:0xe353ae275a5fff3c,Sone Hibachi,"Sone Hibachi, 13088 Ocean Hwy, Pawleys Island, SC 29585",33.4711517,-79.10457699999999,"['Japanese restaurant', 'Asian restaurant', 'Japanese steakhouse']",4.6,128,$,"[['Monday', '11AM–9PM'], ['Tuesday', '11AM–9PM'], ['Wednesday', '11AM–9PM'], ['Thursday', '11AM–9PM'], ['Friday', '11AM–9PM'], ['Saturday', '11AM–9PM'], ['Sunday', 'Closed']]"
0x8857753e88a7806f:0x9d443a3714e25fdb,Sakura Japanese Restaurant,"Sakura Japanese Restaurant, 393 Whitney Rd, Spartanburg, SC 29303",34.9755368,-81.934151,"['Japanese restaurant', 'Restaurant']",4.7,48,,"[['Monday', '11AM–9:30PM'], ['Tuesday', '11AM–9:30PM'], ['Wednesday', '11AM–9:30PM'], ['Thursday', '11AM–9:30PM'], ['Friday', '11AM–9:30PM'], ['Saturday', '11:30AM–9PM'], ['Sunday', 'Closed']]"
0x88f861cb8b95a0c9:0x1c1d2e091849ea02,Japan Express Restaurant - Hibachi & Grill,"Japan Express Restaurant - Hibachi & Grill, 211 W Columbia Ave, Batesburg-Leesville, SC 29006",33.910273,-81.532442,['Japanese restaurant'],4.5,164,,"[['Sunday', '11AM–8PM'], ['Monday', '11AM–9PM'], ['Tuesday', '11AM–9PM'], ['Wednesday', '11AM–9PM'], ['Thursday', '11AM–9PM'], ['Friday', '11AM–9PM'], ['Saturday', '11AM–9PM']]"
0x88580fff0e552853:0x942d316265aa4b0,Sakura Japanese Steak House,"Sakura Japanese Steak House, 220 E Greer St, Honea Path, SC 29654",34.4454923,-82.39041209999999,['Japanese restaurant'],3.8,85,,"[['Sunday', '11AM–9:30PM'], ['Monday', '11AM–9:30PM'], ['Tuesday', 'Closed'], ['Wednesday', '11AM–9:30PM'], ['Thursday', '11AM–9:30PM'], ['Friday', '11AM–9:30PM'], ['Saturday', '11AM–9:30PM']]"
0x88fe8768d02b08bd:0xf26ff7dc681c500d,Hibachi Grill,"Hibachi Grill, 3642 Savannah Hwy # 156, Johns Island, SC 29455",32.8049017,-80.11215469999999,"['Japanese restaurant', 'Asian restaurant']",3.6,74,,"[['Sunday', '10:30AM–10PM'], ['Monday', '10:30AM–10PM'], ['Tuesday', '10:30AM–10PM'], ['Wednesday', '10:30AM–10PM'], ['Thursday', '10:30AM–10PM'], ['Friday', '10:30AM–10PM'], ['Saturday', '10:30AM–10PM']]"
0x8858650be9b0ca67:0x79f1d32accccd6dd,NAGOYA 3,"NAGOYA 3, 4423 SC-24, Anderson, SC 29626",34.5114382,-82.7624577,['Japanese restaurant'],4.0,106,,"[['Sunday', '11AM–9:30PM'], ['Monday', '11AM–9:30PM'], ['Tuesday', '11AM–9:30PM'], ['Wednesday', '11AM–9:30PM'], ['Thursday', '11AM–9:30PM'], ['Friday', '11AM–9:30PM'], ['Saturday', '11AM–9:30PM']]"
0x88fb8ff3dfa5d597:0x7171787f1554b1c1,Fancy Sushi (Bluffton),"Fancy Sushi (Bluffton), 102 Buckwalter Pkwy #3L, Bluffton, SC 29910",32.2841434,-80.91145639999999,"['Japanese restaurant', 'Sushi restaurant']",4.8,73,,"[['Sunday', '12–9PM'], ['Monday', 'Closed'], ['Tuesday', '11AM–9:30PM'], ['Wednesday', '11AM–9:30PM'], ['Thursday', '11AM–9:30PM'], ['Friday', '11AM–10:30PM'], ['Saturday', '12–10:30PM']]"
0x88568865d97502ab:0xeb95781c1efb2bb2,Susie's Restaurant,"Susie's Restaurant, 1263 E Main St, Rock Hill, SC 29730",34.9161729,-81.0034429,"['American restaurant', 'Family restaurant', 'Fusion restaurant', 'Hamburger restaurant', 'Japanese restaurant']",4.2,135,$,"[['Sunday', '11AM–2PM'], ['Monday', '7AM–2PM'], ['Tuesday', '7AM–2PM'], ['Wednesday', '7AM–2PM'], ['Thursday', '7AM–2PM'], ['Friday', '7AM–2PM'], ['Saturday', '7AM–2PM']]"
0x89007d790ee81d11:0x521bd896fd776d85,Tokyo Express,"Tokyo Express, 250 Hwy 17 N, North Myrtle Beach, SC 29582",33.8310617,-78.675595,['Japanese restaurant'],3.8,48,$,"[['Sunday', '11AM–9PM'], ['Monday', '11AM–9PM'], ['Tuesday', '11AM–9PM'], ['Wednesday', '11AM–9PM'], ['Thursday', '11AM–9PM'], ['Friday', '11AM–9PM'], ['Saturday', '11AM–9PM']]"
0x88fe71afbda33599:0x7ada0699460b3e03,Kanpai Japanese Restaurant,"Kanpai Japanese Restaurant, 1035 Johnnie Dodds Blvd suite b-9, Mt Pleasant, SC 29464",32.8105206,-79.8656354,"['Japanese restaurant', 'Asian restaurant', 'Sushi restaurant']",4.1,108,$$,"[['Sunday', 'Closed'], ['Monday', '5–9PM'], ['Tuesday', '5–9PM'], ['Wednesday', '5–9PM'], ['Thursday', '5–9PM'], ['Friday', '5–9PM'], ['Saturday', '5–9PM']]"
0x88f898b8b84319cd:0x376ab34f0ec27963,Kobe Express,"Kobe Express, 7467 St Andrews Rd #10, Irmo, SC 29063",34.0867386,-81.1865767,['Japanese restaurant'],4.2,66,$,
0x88fe7a0dc4ec1941:0xdacfdfa5f7801d65,Sushi Blue,"Sushi Blue, 61 State St, Charleston, SC 29401",32.7802778,-79.9286111,"['Japanese restaurant', 'Sushi restaurant']",4.1,198,$$,"[['Saturday', '11:30AM–12AM'], ['Sunday', '12–10PM'], ['Monday', '11:30AM–10PM'], ['Tuesday', '11:30AM–10PM'], ['Wednesday', '11:30AM–10PM'], ['Thursday', '11:30AM–10PM'], ['Friday', '11:30AM–12AM']]"
0x88ff6602a720694f:0xe61059dee8b21599,Kobe Japanese Steak House,"Kobe Japanese Steak House, 1121 Broad St Ste 13, Sumter, SC 29150",33.954430099999996,-80.375874,"['Japanese restaurant', 'Restaurant']",4.2,256,$$,"[['Saturday', '12–10:30PM'], ['Sunday', '12–10:30PM'], ['Monday', '11AM–10PM'], ['Tuesday', '11AM–10PM'], ['Wednesday', '11AM–10PM'], ['Thursday', '11AM–10PM'], ['Friday', '11AM–10:30PM']]"
0x88fe7970951ae34f:0xb53be311bf654435,Jiang’s Asian Kitchen,"Jiang’s Asian Kitchen, 520 Folly Rd B, Charleston, SC 29412",32.7543985,-79.97091309999999,"['Asian restaurant', 'Chinese restaurant', 'Japanese restaurant', 'Restaurant']",3.7,104,$$,"[['Saturday', '10:30AM–9PM'], ['Sunday', '11AM–9PM'], ['Monday', '10:30AM–9PM'], ['Tuesday', '10:30AM–9PM'], ['Wednesday', '10:30AM–9PM'], ['Thursday', '10:30AM–9PM'], ['Friday', '10:30AM–9PM']]"
0x8856f37c9a8ab35b:0xb5186b389b558761,Teriyaki Bowl,"Teriyaki Bowl, 1724 Old York Rd, York, SC 29745",34.988149,-81.198694,"['Japanese restaurant', 'Restaurant']",4.1,87,,"[['Saturday', 'Closed'], ['Sunday', 'Closed'], ['Monday', '11AM–8PM'], ['Tuesday', '11AM–8PM'], ['Wednesday', '11AM–8PM'], ['Thursday', '11AM–8PM'], ['Friday', '11AM–8PM']]"
0x885829c6b3293cb3:0x2adf2c45d4fc68db,Tanpopo,"Tanpopo, 8590 Pelham Rd #7, Greenville, SC 29615",34.8510156,-82.2315277,"['Japanese grocery store', 'Grocery store']",4.8,48,,"[['Friday', '10AM–6PM'], ['Saturday', '9:30AM–6PM'], ['Sunday', 'Closed'], ['Monday', '10AM–6PM'], ['Tuesday', '10AM–6PM'], ['Wednesday', '10AM–6PM'], ['Thursday', '10AM–6PM']]"
0x88579dbb88ffd65d:0x7d36c67323f3814c,japan house II,"South Carolina, Spartanburg, John B White Sr Blvd, japan house II邮政编码: 29301",34.922122,-81.9826372,"['Japanese steakhouse', 'Family restaurant']",4.3,238,$,"[['Friday', '11:30AM–10PM'], ['Saturday', '11:30AM–10PM'], ['Sunday', '11:30AM–10PM'], ['Monday', '11:30AM–10PM'], ['Tuesday', '11:30AM–10PM'], ['Wednesday', '11:30AM–10PM'], ['Thursday', '11:30AM–10PM']]"
0x8855fa05598c9ea5:0xa661de03df00b13f,Tokyo Grill,"Tokyo Grill, 1670 Springdale Dr Suite 4B, Camden, SC 29020",34.251882699999996,-80.6427008,"['Asian restaurant', 'Fast food restaurant', 'Japanese restaurant']",4.3,218,$,"[['Friday', '11AM–10PM'], ['Saturday', '11AM–10PM'], ['Sunday', '11:30AM–9PM'], ['Monday', '11AM–9:30PM'], ['Tuesday', '11AM–9:30PM'], ['Wednesday', '11AM–9:30PM'], ['Thursday', '11AM–9:30PM']]"
0x89aacad09ef89bd9:0xc232c10c816f1d28,Tokyo Japanese Restaurant,"Tokyo Japanese Restaurant, 517 Radford Blvd, Dillon, SC 29536",34.4354905,-79.3705019,['Japanese restaurant'],4.1,108,,"[['Friday', '11AM–10PM'], ['Saturday', '11AM–10PM'], ['Sunday', '11:30AM–9PM'], ['Monday', '11AM–9:30PM'], ['Tuesday', '11AM–9:30PM'], ['Wednesday', '11AM–9:30PM'], ['Thursday', '11AM–9:30PM']]"
0x890068c43746cf21:0x4cdf7a7628d2fcd9,Sobaya Japanese Bistro,"Sobaya Japanese Bistro, 3590 St James Ave, Myrtle Beach, SC 29577",33.723241,-78.86773699999999,['Japanese restaurant'],4.9,318,$$,"[['Friday', '11:30AM–2:30PM'], ['Saturday', '11:30AM–2:30PM'], ['Sunday', 'Closed'], ['Monday', 'Closed'], ['Tuesday', '11:30AM–2:30PM'], ['Wednesday', '11:30AM–2:30PM'], ['Thursday', '11:30AM–2:30PM']]"
0x88fe89c4ab064821:0x83886757bebf7e9e,Mizu Sushi & Hibachi,"Mizu Sushi & Hibachi, 8409 Dorchester Rd #101, North Charleston, SC 29420",32.9127992,-80.10919299999999,"['Asian restaurant', 'Asian fusion restaurant', 'Japanese restaurant', 'Sushi restaurant']",4.5,126,,"[['Friday', '11AM–10PM'], ['Saturday', '11AM–10PM'], ['Sunday', '12–10PM'], ['Monday', '11AM–10PM'], ['Tuesday', '11AM–10PM'], ['Wednesday', '11AM–10PM'], ['Thursday', '11AM–10PM']]"
0x8858281487de6d03:0x2b4028b51b6e2c5,Joy of Tokyo,"Joy of Tokyo, 2531 Woodruff Rd #101, Simpsonville, SC 29681",34.8083904,-82.2340723,"['Japanese restaurant', 'Sushi restaurant']",4.1,285,$,"[['Friday', '11:30AM–9PM'], ['Saturday', '11:30AM–9PM'], ['Sunday', '11:30AM–9PM'], ['Monday', '11:30AM–9PM'], ['Tuesday', 'Closed'], ['Wednesday', '11:30AM–9PM'], ['Thursday', '11:30AM–9PM']]"
0x88fe8a77e5ce6ed5:0xe5f50188434c5bf2,Takara Japanese Steakhouse,"Takara Japanese Steakhouse, 9585 Hwy 78 Ste F, Ladson, SC 29456",32.9875408,-80.0987686,['Japanese restaurant'],4.4,148,,"[['Friday', '11AM–9PM'], ['Saturday', '11AM–9PM'], ['Sunday', '12–9PM'], ['Monday', 'Closed'], ['Tuesday', '11AM–9PM'], ['Wednesday', '11AM–9PM'], ['Thursday', '11AM–9PM']]"
0x88f8afea82c34aab:0x86ef2522c7787f47,Sakura Japanese Restaurant,"Sakura Japanese Restaurant, 4430 Rosewood Dr, Columbia, SC 29209",33.9876083,-80.97533059999999,['Japanese restaurant'],4.5,165,,"[['Thursday', '5–9PM'], ['Friday', '5–9:30PM'], ['Saturday', '11:30AM–2PM'], ['Sunday', 'Closed'], ['Monday', '5–9PM'], ['Tuesday', '5–9PM'], ['Wednesday', '5–9PM']]"
0x88f8bc951faa2227:0xe0f28c453184b761,Tokyo Grill,"Tokyo Grill, 2259 Augusta Rd, West Columbia, SC 29169",33.9827362,-81.09497569999999,"['Asian restaurant', 'Fast food restaurant', 'Japanese restaurant']",3.8,458,$,"[['Thursday', '11AM–9:30PM'], ['Friday', '11AM–10PM'], ['Saturday', '11AM–10PM'], ['Sunday', '11:30AM–9PM'], ['Monday', '11AM–9:30PM'], ['Tuesday', '11AM–9:30PM'], ['Wednesday', '11AM–9:30PM']]"
0x88568622f33b1a5d:0x5ecca75cd4ca35d4,Sake Japan,"Sake Japan, 1910 Cinema Dr #104, Rock Hill, SC 29730",34.9437612,-80.9783511,['Japanese restaurant'],4.2,244,$,"[['Thursday', '11AM–9PM'], ['Friday', '11AM–9PM'], ['Saturday', '11AM–9PM'], ['Sunday', '11AM–9PM'], ['Monday', 'Closed'], ['Tuesday', '11AM–9PM'], ['Wednesday', '11AM–9PM']]"
0x88f8bacc44a2bc07:0x8f27c5693ea8cfa5,Sushi Yoshi,"Sushi Yoshi, 2019 Devine St, Columbia, SC 29205",33.9988619,-81.01647919999999,"['Sushi restaurant', 'Asian restaurant', 'Japanese restaurant']",4.4,214,$$,"[['Thursday', '4:30–9PM'], ['Friday', '4:30–9PM'], ['Saturday', '4:30–9PM'], ['Sunday', 'Closed'], ['Monday', '4:30–9PM'], ['Tuesday', '4:30–9PM'], ['Wednesday', '4:30–9PM']]"
0x88fe7bd06f9e1ca7:0xd6e190de901318cc,Osaka Asian Bistro,"Osaka Asian Bistro, 100 Folly Rd, Charleston, SC 29407",32.775503,-79.974355,"['Asian restaurant', 'Bar', 'Bistro', 'Chinese restaurant', 'Japanese restaurant']",4.2,245,$$,"[['Thursday', '11:30AM–9:30PM'], ['Friday', '11:30AM–9:30PM'], ['Saturday', '12–9:30PM'], ['Sunday', '4–9PM'], ['Monday', '11:30AM–9:30PM'], ['Tuesday', '11:30AM–9:30PM'], ['Wednesday', '11:30AM–9:30PM']]"
0x88fe7d0905b5e491:0x4e72a68c8fed8d30,Ginza Japanese Grill - West Ashley,"Ginza Japanese Grill - West Ashley, 946 Orleans Rd # G1, Charleston, SC 29407",32.7984437,-80.02732809999999,"['Japanese restaurant', 'Sushi restaurant']",4.4,98,,"[['Thursday', '11AM–10PM'], ['Friday', '11AM–10PM'], ['Saturday', '11AM–10PM'], ['Sunday', '12–10PM'], ['Monday', '11AM–10PM'], ['Tuesday', '11AM–10PM'], ['Wednesday', '11AM–10PM']]"
0x8857836b681f6461:0xfa96c882566e0a82,Panda Hibachi,"Panda Hibachi, 2153 E Main St #C10, Duncan, SC 29334",34.8884401,-82.06744139999999,"['Delivery Chinese restaurant', 'Asian restaurant', 'Japanese restaurant']",3.6,178,,"[['Thursday', '11AM–10PM'], ['Friday', '11AM–10:30PM'], ['Saturday', '11AM–10:30PM'], ['Sunday', '12–10PM'], ['Monday', '11AM–10PM'], ['Tuesday', '11AM–10PM'], ['Wednesday', '11AM–10PM']]"
0x885567840271ffd9:0x4f6dda8ac566df84,Konnichiwa,"Konnichiwa, 2100 W Evans St STE B, Florence, SC 29501",34.1913978,-79.808684,['Japanese restaurant'],4.3,47,,"[['Thursday', '11AM–10PM'], ['Friday', '11AM–10PM'], ['Saturday', '11AM–10PM'], ['Sunday', '11AM–10PM'], ['Monday', '11AM–10PM'], ['Tuesday', '11AM–10PM'], ['Wednesday', '11AM–10PM']]"
0x88fb89a9113d3157:0xef976755ba6b48d2,SAKEHOUSE japanese steakhouse and sushi bar,"SAKEHOUSE japanese steakhouse and sushi bar, 1017 Fording Island Rd F104, Bluffton, SC 29910",32.257686,-80.84855499999999,['Authentic Japanese restaurant'],4.2,518,$$,"[['Thursday', '11:30AM–10PM'], ['Friday', '11:30AM–10PM'], ['Saturday', '11:30AM–10PM'], ['Sunday', '12:30PM–12:30AM'], ['Monday', '11:30AM–10PM'], ['Tuesday', '11:30AM–10PM'], ['Wednesday', '11:30AM–10PM']]"
0x885560cb1c85614d:0x4d017f6fe2d2e4f6,Sakura Japanese Restaurant,"Sakura Japanese Restaurant, 1316 S Irby St, Florence, SC 29505",34.1710315,-79.7644887,"['Japanese restaurant', 'Asian restaurant', 'Sushi restaurant']",4.3,498,$$,"[['Thursday', '11AM–10PM'], ['Friday', '11AM–10PM'], ['Saturday', '11AM–10PM'], ['Sunday', '11AM–9PM'], ['Monday', '11AM–10PM'], ['Tuesday', '11AM–10PM'], ['Wednesday', '11AM–10PM']]"
0x8855641e87541065:0xcba66383bc7d58bd,Kasai Japan Hibachi and Sushi - @Magnolia Mall,"Kasai Japan Hibachi and Sushi - @Magnolia Mall, 2701 David H McLeod Blvd, Florence, SC 29501",34.1908378,-79.8327491,"['Japanese restaurant', 'Fast food restaurant']",4.1,104,,"[['Thursday', '11AM–7PM'], ['Friday', '11AM–8PM'], ['Saturday', '11AM–8PM'], ['Sunday', '12–6PM'], ['Monday', '11AM–7PM'], ['Tuesday', '11AM–7PM'], ['Wednesday', '11AM–7PM']]"
0x8900697175a7963f:0xab52e363505ab023,Mulan Japanese,"Mulan Japanese, 762 Oak Forest Ln # 9, Myrtle Beach, SC 29577",33.704252,-78.909823,"['Japanese restaurant', 'Kyoto style Japanese restaurant']",4.4,346,$,"[['Thursday', '11AM–11:30PM'], ['Friday', '11AM–11:30PM'], ['Saturday', '11AM–11:30PM'], ['Sunday', '11AM–11:30PM'], ['Monday', '11AM–11:30PM'], ['Tuesday', '11AM–11:30PM'], ['Wednesday', '11AM–11:30PM']]"
0x89006bed0d3647c5:0x8e40b29d2c215187,Hibachi 88,"Hibachi 88, 3481 Belle Terre Blvd, Myrtle Beach, SC 29579",33.732625,-78.9492356,['Japanese restaurant'],3.3,104,,"[['Thursday', '11AM–9:30PM'], ['Friday', '11AM–10PM'], ['Saturday', '11AM–10PM'], ['Sunday', '12–9:30PM'], ['Monday', '11AM–9:30PM'], ['Tuesday', '11AM–9:30PM'], ['Wednesday', '11AM–9:30PM']]"
0x89006aececc3f5cb:0xd98426168021ba3f,Nagano Japanese Hibachi Express,"Nagano Japanese Hibachi Express, 4544 Socastee Blvd, Myrtle Beach, SC 29588",33.684607899999996,-78.9897143,['Japanese restaurant'],4.0,128,$,"[['Thursday', '11AM–10PM'], ['Friday', '11AM–10PM'], ['Saturday', '11AM–10PM'], ['Sunday', '12–10PM'], ['Monday', '11AM–10PM'], ['Tuesday', '11AM–10PM'], ['Wednesday', '11AM–10PM']]"
0x8855673742cae525:0x31c5536248dc7813,Hibachi Grill,"Hibachi Grill, 880 S Irby St, Florence, SC 29501",34.1788288,-79.7663827,"['Japanese restaurant', 'Asian restaurant', 'Sushi restaurant']",3.7,118,,"[['Tuesday', '11AM–9PM'], ['Wednesday', '11AM–9PM'], ['Thursday', '11AM–9PM'], ['Friday', '11AM–9PM'], ['Saturday', '11AM–9PM'], ['Sunday', '11AM–9PM'], ['Monday', '11AM–9PM']]"
0x88583235cf63e8b9:0xeadface26d7f5bcf,Thaicoon Ricefire & Sushi Bar,"Thaicoon Ricefire & Sushi Bar, 5000 Old Buncombe Rd, Greenville, SC 29617",34.91045,-82.426576,"['Sushi restaurant', 'Asian restaurant', 'Japanese restaurant', 'Southeast Asian restaurant', 'Thai restaurant']",3.4,36,,"[['Tuesday', '11AM–2:30PM'], ['Wednesday', '11AM–2:30PM'], ['Thursday', '11AM–2:30PM'], ['Friday', '11AM–2:30PM'], ['Saturday', '12–10PM'], ['Sunday', '12–9:30PM'], ['Monday', '11AM–2:30PM']]"
0x88fc0b9d7756581f:0xe520b2c3d05f49f5,House of Tokyo,"House of Tokyo, 330 Robert Smalls Pkwy, Beaufort, SC 29906",32.4272175,-80.7302625,['Japanese restaurant'],4.4,277,$$,"[['Tuesday', '11AM–2:30PM'], ['Wednesday', '11AM–2:30PM'], ['Thursday', '11AM–2:30PM'], ['Friday', '11AM–2:30PM'], ['Saturday', '11AM–2:30PM'], ['Sunday', 'Closed'], ['Monday', '11AM–2:30PM']]"
0x88fe7cf1c375a43f:0x27e54ec72a3a0668,Hibachi Hut,"Hibachi Hut, 2408 Ashley River Rd unit y, Charleston, SC 29414",32.8265358,-80.0382978,"['Japanese restaurant', 'Restaurant']",4.5,218,$,"[['Tuesday', '11:30AM–9:30PM'], ['Wednesday', '11:30AM–9:30PM'], ['Thursday', '11:30AM–9:30PM'], ['Friday', '11:30AM–10PM'], ['Saturday', '11AM–10PM'], ['Sunday', '12–9PM'], ['Monday', 'Closed']]"
0x885553fa5847f82b:0xbd2345cb259b8f2d,Ming Wah Japanese Restaurant,"Ming Wah Japanese Restaurant, 1930 East Highway 76, Marion, SC 29571",34.1802011,-79.3796096,['Japanese restaurant'],5.0,14,,"[['Tuesday', 'Closed'], ['Wednesday', '3–9PM'], ['Thursday', '3–9PM'], ['Friday', '3–9:30PM'], ['Saturday', '3–9PM'], ['Sunday', 'Closed'], ['Monday', 'Closed']]"
0x885504ab9aa83e29:0xb7548624f878a566,Tokyo Japanese Cuisine,"Tokyo Japanese Cuisine, 1640 State Rd, Cheraw, SC 29520",34.7002806,-79.9296318,"['Japanese restaurant', 'Sushi restaurant']",4.2,238,$$,"[['Monday', '11AM–9PM'], ['Tuesday', '11AM–9PM'], ['Wednesday', '11AM–9PM'], ['Thursday', '11AM–9PM'], ['Friday', '11AM–10PM'], ['Saturday', '11AM–10PM'], ['Sunday', '11:30AM–9PM']]"
0x88584892e5f9cfd1:0xecc86a65746ad8b,Yumi express Japanese Restaurant,"Yumi express Japanese Restaurant, 902 W Main St, Easley, SC 29640",34.8350861,-82.6180194,['Japanese restaurant'],4.4,238,,"[['Monday', '11AM–9PM'], ['Tuesday', '11AM–9PM'], ['Wednesday', '11AM–9PM'], ['Thursday', '11AM–9PM'], ['Friday', '11AM–9PM'], ['Saturday', '11AM–9PM'], ['Sunday', '11AM–9PM']]"
0x88582efa9a44682b:0xf6a0dac832ae34d0,Sushi Hana,"Sushi Hana, 765 Haywood Rd, Greenville, SC 29607",34.851594299999995,-82.3371635,"['Japanese restaurant', 'Asian fusion restaurant', 'Sushi restaurant']",4.2,386,$$,"[['Sunday', '12–2:30PM'], ['Monday', '11:30AM–2PM'], ['Tuesday', '11:30AM–2PM'], ['Wednesday', '11:30AM–2PM'], ['Thursday', '11:30AM–2PM'], ['Friday', '11:30AM–2PM'], ['Saturday', '12AM–2:30PM']]"
0x8858645430dec767:0xd949f66f6d0ba56a,Osaka Express Japanese Cuisine,"Osaka Express Japanese Cuisine, 2602 N Main St, Anderson, SC 29621",34.529827499999996,-82.6607555,"['Japanese restaurant', 'Restaurant']",4.1,176,$,"[['Sunday', '12–9:30PM'], ['Monday', '11AM–9:30PM'], ['Tuesday', '11AM–9:30PM'], ['Wednesday', '11AM–9:30PM'], ['Thursday', '11AM–9:30PM'], ['Friday', '11AM–9:30PM'], ['Saturday', '12–9:30PM']]"
0x88568fe5ffa94bb5:0x6feb8de37ab8c692,Miyabi Jr Express Tega Cay,"Miyabi Jr Express Tega Cay, 1157 Stonecrest Blvd Unit 107, Tega Cay, SC 29708",35.048141799999996,-80.99484799999999,['Japanese restaurant'],4.5,115,$$,"[['Sunday', '11AM–9PM'], ['Monday', '11AM–9PM'], ['Tuesday', '11AM–9PM'], ['Wednesday', '11AM–9PM'], ['Thursday', '11AM–9PM'], ['Friday', '11:30AM–9:30PM'], ['Saturday', '11:30AM–9:30PM']]"
0x88fe7bfb30eb593d:0x91a443b708659024,Fuji Sushi Upper King,"Fuji Sushi Upper King, 585 King St, Charleston, SC 29403",32.7925241,-79.9411524,"['Japanese restaurant', 'Live music bar']",4.4,218,,"[['Sunday', '11AM–10PM'], ['Monday', '11AM–10PM'], ['Tuesday', '11AM–10PM'], ['Wednesday', '11AM–10PM'], ['Thursday', '11AM–10PM'], ['Friday', '11AM–10PM'], ['Saturday', '11AM–10PM']]"
0x88ff68d9463d0eb7:0x14e920a8c6b4f7be,Teriyaki Wok,"Teriyaki Wok, 1160 Old W Liberty St # 2 # 2, Sumter, SC 29150",33.9144444,-80.3825,['Japanese restaurant'],3.9,248,$,"[['Saturday', '11AM–9:30PM'], ['Sunday', 'Closed'], ['Monday', '11AM–8:30PM'], ['Tuesday', '11AM–8:30PM'], ['Wednesday', '11AM–8:30PM'], ['Thursday', '11AM–8:30PM'], ['Friday', '11AM–9:30PM']]"
0x88fc79a84d1bb7e7:0x67ca438cf3065463,Hinoki Japanese Restaurant,"Hinoki Japanese Restaurant, 37 New Orleans Rd Ste. E, Hilton Head Island, SC 29928",32.1556273,-80.7577067,"['Japanese restaurant', 'Asian restaurant', 'Sushi restaurant']",4.5,334,$$,"[['Saturday', '5:30–10PM'], ['Sunday', 'Closed'], ['Monday', '5:30–10PM'], ['Tuesday', '11:30AM–2PM'], ['Wednesday', '11:30AM–2PM'], ['Thursday', '11:30AM–2PM'], ['Friday', '11:30AM–2PM']]"
0x8856830074e0bac9:0x3e7eeb24f0e8c5fe,Hanako,"Hanako, 9789 Charlotte Hwy #7177, Fort Mill, SC 29707",35.0042416,-80.8566201,"['Japanese restaurant', 'Asian restaurant', 'Restaurant', 'Sushi restaurant']",3.9,168,,"[['Saturday', '11:30AM–10:30PM'], ['Sunday', '11:30AM–9:30PM'], ['Monday', '11AM–9:30PM'], ['Tuesday', 'Closed'], ['Wednesday', '11AM–9:30PM'], ['Thursday', '11AM–9:30PM'], ['Friday', '11AM–10:30PM']]"
0x88582eebd2662fa7:0x24c356e207fb20c4,Joy of Tokyo,"Joy of Tokyo, 3710 Pelham Ct, Greenville, SC 29615",34.858571,-82.267273,"['Japanese restaurant', 'Restaurant']",4.1,368,$,"[['Saturday', '11AM–9PM'], ['Sunday', 'Closed'], ['Monday', '11AM–9PM'], ['Tuesday', '11AM–9PM'], ['Wednesday', '11AM–9PM'], ['Thursday', '11AM–9PM'], ['Friday', '11AM–9PM']]"
0x88582811591484ed:0xa33c21aaf8938d5e,Lin's Asian Café Five Forks,"Lin's Asian Café Five Forks, 2603-B, Woodruff Rd, Simpsonville, SC 29681",34.8063826,-82.2309293,"['Asian fusion restaurant', 'Chinese restaurant', 'Japanese restaurant', 'Sushi restaurant', 'Thai restaurant']",4.3,298,$$,"[['Saturday', '11AM–10:30PM'], ['Sunday', '12–9:30PM'], ['Monday', '11AM–9:30PM'], ['Tuesday', '11AM–9:30PM'], ['Wednesday', '11AM–9:30PM'], ['Thursday', '11AM–9:30PM'], ['Friday', '11AM–10:30PM']]"
0x890064540ac56fbd:0x824aef09a0c58aef,Hachiman Hibachi,"Hachiman Hibachi, 500 Lake Arrowhead Rd, Myrtle Beach, SC 29572",33.7691698,-78.7886836,"['Japanese restaurant', 'Caterer', 'Delivery Restaurant', 'Sushi restaurant']",4.2,38,,"[['Saturday', '11AM–9:30PM'], ['Sunday', '11AM–9:30PM'], ['Monday', '11AM–9:30PM'], ['Tuesday', '11AM–9:30PM'], ['Wednesday', '11AM–9:30PM'], ['Thursday', '11AM–9:30PM'], ['Friday', '11AM–9:30PM']]"
0x8900405506096e89:0x6e2c8fab920cced0,Fuji Japanese Grill,"Fuji Japanese Grill, 514 Hwy 17 N, North Myrtle Beach, SC 29582",33.831869,-78.6737192,"['Japanese restaurant', 'Chinese restaurant', 'Noodle shop', 'Sushi takeaway']",4.1,128,$,"[['Saturday', '11AM–9:30PM'], ['Sunday', '12–9PM'], ['Monday', '11AM–9:30PM'], ['Tuesday', '11AM–9:30PM'], ['Wednesday', '11AM–9:30PM'], ['Thursday', '11AM–9:30PM'], ['Friday', '11AM–9:30PM']]"
0x88586c143d58ecc3:0x49e0b1943c56fcc6,Nagoya Japanese Steak House,"Nagoya Japanese Steak House, 1666 E Greenville St, Anderson, SC 29621",34.533911499999995,-82.6316113,"['Japanese restaurant', 'Asian restaurant']",3.9,228,$,"[['Saturday', '11AM–9:30PM'], ['Sunday', '11AM–9:30PM'], ['Monday', '11AM–9:30PM'], ['Tuesday', '11AM–9:30PM'], ['Wednesday', '11AM–9:30PM'], ['Thursday', '11AM–9:30PM'], ['Friday', '11AM–9:30PM']]"
0x88f8a274808a5d57:0xe2951bc260a724b,Sarku Japan,"Sarku Japan, 100 Columbiana Cr Space #1264, Columbia, SC 29212",34.078945499999996,-81.1569944,"['Japanese restaurant', 'Fast food restaurant', 'Restaurant', 'Sushi restaurant', 'Teppanyaki restaurant']",3.9,65,$,"[['Saturday', '11AM–8PM'], ['Sunday', '12–6PM'], ['Monday', '11AM–7PM'], ['Tuesday', '11AM–7PM'], ['Wednesday', '11AM–7PM'], ['Thursday', '11AM–7PM'], ['Friday', '11AM–8PM']]"
0x88f8a33d6abec691:0xe4d18a5d8c835757,Tokyo Grill,"Tokyo Grill, 1316 Bush River Rd e1, Columbia, SC 29210",34.0301186,-81.1069006,"['Fast food restaurant', 'Asian restaurant', 'Japanese restaurant', 'Restaurant']",3.8,168,$,"[['Saturday', '11AM–10PM'], ['Sunday', '11:30AM–9PM'], ['Monday', '11AM–9:30PM'], ['Tuesday', '11AM–9:30PM'], ['Wednesday', '11AM–9:30PM'], ['Thursday', '11AM–9:30PM'], ['Friday', '11AM–10PM']]"
0x8858f491a7c98853:0xe9af54eea1a1ffd2,Hachi Express Japanese Grille Restaurant,"Hachi Express Japanese Grille Restaurant, 100 Oconee Square Dr, Seneca, SC 29678",34.6908281,-82.9789759,['Japanese restaurant'],4.2,308,$,"[['Saturday', '11AM–9PM'], ['Sunday', '11AM–9PM'], ['Monday', '11AM–9PM'], ['Tuesday', '11AM–9PM'], ['Wednesday', '11AM–9PM'], ['Thursday', '11AM–9PM'], ['Friday', '11AM–9PM']]"
0x89aacad71b6a88f9:0x69ac545796ba12fb,Helmi's Japanese Hibachi-Sushi,"Helmi's Japanese Hibachi-Sushi, 813 Radford Blvd, Dillon, SC 29536",34.439156499999996,-79.3716398,['Japanese restaurant'],4.2,183,$,"[['Saturday', '11AM–9PM'], ['Sunday', '11AM–9PM'], ['Monday', '11AM–9PM'], ['Tuesday', '11AM–9PM'], ['Wednesday', 'Closed'], ['Thursday', '11AM–9PM'], ['Friday', '11AM–9PM']]"
0x890040f09edda6db:0xf6de69dec1856284,Jimmyz Hibachi,"Jimmyz Hibachi, 670 Hwy 17 S, Surfside Beach, SC 29575",33.6087692,-78.9859335,"['Japanese restaurant', 'Asian fusion restaurant', 'Asian restaurant', 'Fast food restaurant', 'Restaurant', 'Sushi restaurant']",4.1,204,,"[['Friday', '11AM–9:30PM'], ['Saturday', '11AM–9:30PM'], ['Sunday', '11AM–9:30PM'], ['Monday', '11AM–9:30PM'], ['Tuesday', '11AM–9:30PM'], ['Wednesday', '11AM–9:30PM'], ['Thursday', '11AM–9:30PM']]"
0x890040ec56fb7053:0x8808a54c475891bb,Kobe Express,"Kobe Express, 1610 F, US-17 BUS, Surfside Beach, SC 29575",33.601937,-78.99377369999999,['Japanese restaurant'],4.0,153,$,"[['Friday', '11AM–9:30PM'], ['Saturday', '11AM–9:30PM'], ['Sunday', 'Closed'], ['Monday', '11AM–9PM'], ['Tuesday', '11AM–9PM'], ['Wednesday', '11AM–9PM'], ['Thursday', '11AM–9PM']]"
0x88f8bb2b5ad2ee49:0xacc0789c7dca92c5,Camon Japanese Restaurant,"Camon Japanese Restaurant, 1332 Assembly St, Columbia, SC 29201",34.0032718,-81.0359302,['Japanese restaurant'],4.7,248,$$,"[['Friday', '2–9PM'], ['Saturday', '2–9PM'], ['Sunday', 'Closed'], ['Monday', 'Closed'], ['Tuesday', '2–9PM'], ['Wednesday', '2–9PM'], ['Thursday', '2–9PM']]"
0x8857b10960ec617b:0xabb940a549fd6d85,Naruto Japanese Cuisine,"Naruto Japanese Cuisine, 708 Duncan Bypass, Union, SC 29379",34.7028363,-81.6317315,"['Japanese restaurant', 'Asian restaurant']",4.5,168,$$,"[['Friday', '11AM–9PM'], ['Saturday', '12–9PM'], ['Sunday', 'Closed'], ['Monday', '11AM–9PM'], ['Tuesday', '11AM–9PM'], ['Wednesday', '11AM–9PM'], ['Thursday', '11AM–9PM']]"
0x885776b47a1a99a3:0x5160f7aff4fd05f0,Japan house iii,"Japan house iii, 2252 Boiling Springs Rd, Boiling Springs, SC 29316",35.0261177,-81.96428809999999,['Japanese restaurant'],4.0,177,$,"[['Friday', '11AM–10PM'], ['Saturday', '11AM–10PM'], ['Sunday', '11AM–10PM'], ['Monday', '11AM–10PM'], ['Tuesday', '11AM–10PM'], ['Wednesday', '11AM–10PM'], ['Thursday', '11AM–10PM']]"
0x885839f3b5995221:0x4bac203a7202f32e,Dozo Sushi & Hibachi,"Dozo Sushi & Hibachi, 3511 SC-153, Powdersville, SC 29611",34.78834,-82.4840195,['Japanese restaurant'],3.8,378,$$,"[['Friday', '11:30AM–11PM'], ['Saturday', '12–10PM'], ['Sunday', '12–9PM'], ['Monday', '11:30AM–3PM'], ['Tuesday', '11:30AM–3PM'], ['Wednesday', '11:30AM–3PM'], ['Thursday', '11:30AM–3PM']]"
0x885839f18fc39d39:0x38f1de1df67e8415,Kanpai of Tokyo,"Kanpai of Tokyo, 3520 SC-153 #11, Powdersville, SC 29611",34.790963399999995,-82.4843226,['Japanese restaurant'],4.2,188,$$,"[['Friday', '11:30AM–2PM'], ['Saturday', '11:30AM–2PM'], ['Sunday', 'Closed'], ['Monday', '11:30AM–2PM'], ['Tuesday', '11:30AM–2PM'], ['Wednesday', '11:30AM–2PM'], ['Thursday', '11:30AM–2PM']]"
0x8858321d4e9ac9c7:0xc42f2dac505fc9a9,Joy of Tokyo,"Joy of Tokyo, 3220 N Pleasantburg Dr, Greenville, SC 29609",34.8901792,-82.3999925,"['Japanese restaurant', 'Sushi restaurant']",4.0,627,$,"[['Friday', '11AM–9PM'], ['Saturday', '11AM–9PM'], ['Sunday', '11AM–9PM'], ['Monday', 'Closed'], ['Tuesday', '11AM–9PM'], ['Wednesday', '11AM–9PM'], ['Thursday', '11AM–9PM']]"
0x88fc70b78bc339e7:0xa2d8434cfe9c9086,Yummy House,"Yummy House, 2 Southwood Park Dr, Hilton Head Island, SC 29926",32.2159581,-80.710376,"['Chinese restaurant', 'Japanese restaurant', 'Restaurant']",3.8,238,$,"[['Friday', '11AM–10PM'], ['Saturday', '11AM–10PM'], ['Sunday', '11AM–10PM'], ['Monday', '11AM–10PM'], ['Tuesday', 'Closed'], ['Wednesday', '11AM–10PM'], ['Thursday', '11AM–10PM']]"
0x890068a59b58c8eb:0x5b8d7cfd2c0232d2,Sugami,"Sugami, 4813 N Kings Hwy #2503, Myrtle Beach, SC 29577",33.7243972,-78.84626449999999,"['Japanese restaurant', 'Asian restaurant', 'Sushi restaurant']",4.0,296,$$,"[['Thursday', '12:30PM–1AM'], ['Friday', '12:30PM–1AM'], ['Saturday', '12:30PM–1AM'], ['Sunday', '12:30PM–1AM'], ['Monday', '12:30PM–1AM'], ['Tuesday', '12:30PM–1AM'], ['Wednesday', '12:30PM–1AM']]"
0x88f8a36a2ad5772d:0x5bf287da1ef42768,Best China Buffet,"Best China Buffet, 421 Bush River Rd, Columbia, SC 29210",34.0331912,-81.0928217,"['Chinese restaurant', 'Buffet restaurant', 'Japanese restaurant']",3.0,134,$,"[['Thursday', '11AM–9:30PM'], ['Friday', '11AM–10PM'], ['Saturday', '11AM–10PM'], ['Sunday', '11AM–9:30PM'], ['Monday', '11AM–9:30PM'], ['Tuesday', '11AM–9:30PM'], ['Wednesday', '11AM–9:30PM']]"
0x88f89731a209d131:0x3954e57daa0ca25b,Sumo Japanese Steak House,"Sumo Japanese Steak House, 205 Columbia Ave # B, Lexington, SC 29072",33.9880867,-81.2454223,['Japanese restaurant'],3.7,168,$$,"[['Thursday', '5–9PM'], ['Friday', '5–10PM'], ['Saturday', '5–10PM'], ['Sunday', '11:30AM–2PM'], ['Monday', '5–9PM'], ['Tuesday', '5–9PM'], ['Wednesday', '5–9PM']]"
0x885566a23787f75b:0x58a279acea34f0cf,Miyabi Jr,"Miyabi Jr, 250 N Beltline Dr, Florence, SC 29501",34.1935797,-79.82304359999999,['Japanese restaurant'],4.3,306,$$,"[['Wednesday', '11AM–9PM'], ['Thursday', '11AM–9PM'], ['Friday', '11AM–9PM'], ['Saturday', '11:30AM–9PM'], ['Sunday', '11:30AM–8PM'], ['Monday', '11AM–9PM'], ['Tuesday', '11AM–9PM']]"
0x88582ac257d8ee23:0xaec52c3b1ef7edda,Osaka Grill Japanese Restaurant,"Osaka Grill Japanese Restaurant, 700 W Wade Hampton Blvd, Greer, SC 29650",34.9474595,-82.2447413,"['Japanese restaurant', 'Authentic Japanese restaurant', 'Sushi restaurant']",4.4,338,$,"[['Wednesday', '11AM–8PM'], ['Thursday', '11AM–8PM'], ['Friday', '11AM–9PM'], ['Saturday', '12–9PM'], ['Sunday', '12–8PM'], ['Monday', 'Closed'], ['Tuesday', '11AM–8PM']]"
0x88568ff963d119cf:0x919daa4ab848a089,Pho & Sushi,"Pho & Sushi, 1143 Stonecrest Blvd Ste 107, Tega Cay, SC 29708",35.0474998,-80.9918989,"['Noodle shop', 'Japanese restaurant', 'Sushi restaurant', 'Vietnamese restaurant']",4.6,368,$$,"[['Wednesday', '11AM–9PM'], ['Thursday', '11AM–9PM'], ['Friday', '11AM–9PM'], ['Saturday', '11AM–9PM'], ['Sunday', 'Closed'], ['Monday', '11AM–9PM'], ['Tuesday', '11AM–9PM']]"
0x88f8aff7a8f39af7:0xc097bbbedf089653,Sato Japanese Restaurant,"Sato Japanese Restaurant, 1999 N Beltline Blvd, Columbia, SC 29204",34.0133194,-80.9845388,['Japanese restaurant'],4.1,648,$$,"[['Wednesday', '11:30AM–2PM'], ['Thursday', '11:30AM–2PM'], ['Friday', '11:30AM–2PM'], ['Saturday', '4:30–10:30PM'], ['Sunday', '4:30–9:30PM'], ['Monday', '11:30AM–2PM'], ['Tuesday', '11:30AM–2PM']]"
0x88f8b02700c861b9:0x3db31af8596996d8,Saky Japanese Restaurant,"Saky Japanese Restaurant, 4963 Fort Jackson Blvd, Columbia, SC 29209",33.9956981,-80.956926,['Japanese restaurant'],4.7,158,$$,"[['Wednesday', '4–9PM'], ['Thursday', '4–9PM'], ['Friday', '4–9PM'], ['Saturday', '4–9PM'], ['Sunday', 'Closed'], ['Monday', 'Closed'], ['Tuesday', 'Closed']]"
0x88f8a26fd4e0c391:0x2e2c552f9c16b5dd,Tsunami of Harbison,"Tsunami of Harbison, 1290 Bower Pkwy, Columbia, SC 29212",34.0701661,-81.1524858,"['Japanese restaurant', 'Japanese steakhouse', 'Sushi restaurant']",4.1,515,$$,"[['Wednesday', '4–9:30PM'], ['Thursday', '4–9:30PM'], ['Friday', '4–10:30PM'], ['Saturday', '4–10:30PM'], ['Sunday', '4–9:30PM'], ['Monday', '4–9:30PM'], ['Tuesday', '4–9:30PM']]"
0x88f8b1b299cab52d:0xe379a634ac447893,Tokyo Grill,"Tokyo Grill, 7457 Patterson Rd #112, Columbia, SC 29209",33.964771,-80.9412133,"['Japanese restaurant', 'Asian restaurant', 'Fast food restaurant']",4.0,255,$,"[['Wednesday', '11AM–9:30PM'], ['Thursday', '11AM–9:30PM'], ['Friday', '11AM–10PM'], ['Saturday', '11AM–10PM'], ['Sunday', '11:30AM–9PM'], ['Monday', '11AM–9:30PM'], ['Tuesday', '11AM–9:30PM']]"
0x885642c5cce112d5:0xcb3a8b323001f954,UMI Hibachi Grill,"UMI Hibachi Grill, 510 Bc Moore Dr, Chester, SC 29706",34.706756999999996,-81.191767,"['Japanese restaurant', 'Asian restaurant', 'Chinese restaurant']",4.3,168,,"[['Wednesday', '11AM–10PM'], ['Thursday', '11AM–10PM'], ['Friday', '11AM–10PM'], ['Saturday', '11AM–10PM'], ['Sunday', '12–9:30PM'], ['Monday', '11AM–10PM'], ['Tuesday', '11AM–10PM']]"
0x89000d6a242b39b3:0x5e195ae687911ba1,Mon Cafe Japan,"Mon Cafe Japan, 2709 Church St, Conway, SC 29526",33.8590849,-79.092252,['Japanese restaurant'],3.9,58,,"[['Wednesday', '12–8PM'], ['Thursday', '12–8PM'], ['Friday', '12–8PM'], ['Saturday', '12–8PM'], ['Sunday', '12–8PM'], ['Monday', 'Closed'], ['Tuesday', '12–8PM']]"
0x88577515a55c6e55:0x1cfa4554fea038c1,FUJI Hillcrest,"FUJI Hillcrest, 2305, 1930 E Main St A, Spartanburg, SC 29307",34.969674999999995,-81.890068,['Japanese restaurant'],4.3,328,$$,"[['Tuesday', '11AM–9:30PM'], ['Wednesday', '11AM–9:30PM'], ['Thursday', '11AM–9:30PM'], ['Friday', '11AM–10PM'], ['Saturday', '11AM–10PM'], ['Sunday', '11AM–9:30PM'], ['Monday', '11AM–9:30PM']]"
0x8900134cd749fb3d:0xad43fe9b103b36a8,Nagoya Japanese Express,"Nagoya Japanese Express, 1921 SC-544, Conway, SC 29526",33.765084699999996,-79.0186621,['Japanese restaurant'],4.3,143,$,"[['Tuesday', '11AM–10PM'], ['Wednesday', '11AM–10PM'], ['Thursday', '11AM–10PM'], ['Friday', '11AM–10PM'], ['Saturday', '11AM–10PM'], ['Sunday', 'Closed'], ['Monday', '11AM–10PM']]"
0x8900697fbf31cd37:0xab75f77fc4c8e3a0,Tokyo Japan,"Tokyo Japan, 2000 Coastal Grand Cir, Myrtle Beach, SC 29577",33.7015469,-78.9226836,"['Japanese restaurant', 'Asian restaurant']",2.7,28,,
0x88f801b193def39f:0x670c7e67de139ab8,Fusion Japanese & Thai,"Fusion Japanese & Thai, 529 By-pass 72 NW, Greenwood, SC 29649",34.2034143,-82.1936671,"['Asian restaurant', 'Japanese restaurant', 'Southeast Asian restaurant', 'Sushi restaurant', 'Thai restaurant']",4.5,538,$$,"[['Tuesday', '11:30AM–9:30PM'], ['Wednesday', '11:30AM–9:30PM'], ['Thursday', '11:30AM–9:30PM'], ['Friday', '11:30AM–10:30PM'], ['Saturday', '11:30AM–10:30PM'], ['Sunday', '11:30AM–9:30PM'], ['Monday', '11:30AM–9:30PM']]"
0x885868c6269e7241:0x1a3f60a88422cb9d,Sake Zen,"Sake Zen, 4403 Clemson Blvd, Anderson, SC 29621",34.567762,-82.70951,"['Japanese restaurant', 'Restaurant', 'Sushi restaurant']",4.2,178,,"[['Monday', '11:30AM–2:30PM'], ['Tuesday', '11:30AM–2:30PM'], ['Wednesday', '11:30AM–2:30PM'], ['Thursday', '11:30AM–2:30PM'], ['Friday', '11:30AM–2:30PM'], ['Saturday', '3–11PM'], ['Sunday', '12–9PM']]"
0x88fe63d7480b63c1:0x76c17126f24e7f98,Fuji Steak House,"Fuji Steak House, 2150 Northwoods Blvd F32, North Charleston, SC 29406",32.9457047,-80.043626,"['Japanese restaurant', 'Restaurant']",4.1,328,,"[['Monday', '11AM–10PM'], ['Tuesday', '11AM–10PM'], ['Wednesday', '11AM–10PM'], ['Thursday', '11AM–10PM'], ['Friday', '11AM–11PM'], ['Saturday', '12–11PM'], ['Sunday', '12–10PM']]"
0x88fe71dc2a473e5b:0x8cea44d1de3244a5,Fuji Sushi Bar & Grill,"Fuji Sushi Bar & Grill, 644 Long Point Rd, Mt Pleasant, SC 29464",32.8403527,-79.8551396,"['Sushi restaurant', 'Bar & grill', 'Japanese restaurant', 'Restaurant']",4.4,238,$$,"[['Monday', '11AM–10PM'], ['Tuesday', '11AM–10PM'], ['Wednesday', '11AM–10PM'], ['Thursday', '11AM–10PM'], ['Friday', '11AM–10PM'], ['Saturday', '11AM–10PM'], ['Sunday', '11AM–10PM']]"
0x8855673539953e7f:0xa45bea11579a12f4,Chinatown Market and Gift Shop,"Chinatown Market and Gift Shop, 1358 S Irby St, Florence, SC 29505",34.1696925,-79.7641938,"['Grocery store', 'Asian grocery store', 'Gift shop', 'Japanese grocery store', 'Korean grocery store', 'Market', 'Oriental goods store', 'Seafood market']",4.3,118,,"[['Monday', '11AM–6PM'], ['Tuesday', '11AM–6PM'], ['Wednesday', '11AM–6PM'], ['Thursday', '11AM–6PM'], ['Friday', '11AM–6PM'], ['Saturday', '11AM–6PM'], ['Sunday', '12–6PM']]"
0x88fe7c7aa0f660f9:0xf1ba4df610f5a750,Kobe Grill,"Kobe Grill, 1836 Ashley River Rd # O, Charleston, SC 29407",32.8040692,-80.0180613,"['Japanese restaurant', 'Asian fusion restaurant', 'Asian restaurant', 'Chinese restaurant', 'Sushi restaurant']",4.0,167,,"[['Monday', '11:30AM–9PM'], ['Tuesday', '11:30AM–9PM'], ['Wednesday', '11:30AM–9PM'], ['Thursday', '11:30AM–9PM'], ['Friday', '11:30AM–9:30PM'], ['Saturday', '11:30AM–9:30PM'], ['Sunday', '12–9PM']]"
0x885763078af2b251:0x915484684aa6aa26,China Cafe Chinese food & Japanese Hibachi,"China Cafe Chinese food & Japanese Hibachi, 1760 SC-14, Landrum, SC 29356",35.1794888,-82.1610934,"['Chinese restaurant', 'Japanese restaurant']",4.2,118,$,"[['Monday', 'Closed'], ['Tuesday', '11AM–9:30PM'], ['Wednesday', '11AM–9:30PM'], ['Thursday', '11AM–9:30PM'], ['Friday', '11AM–9:30PM'], ['Saturday', '11AM–9:30PM'], ['Sunday', '12–9:30PM']]"
0x8858332312385669:0xc8b9e75a6aba4891,Sushi Yama,"Sushi Yama, 319 S Main St, Travelers Rest, SC 29690",34.9614447,-82.4408338,"['Sushi restaurant', 'Asian restaurant', 'Japanese restaurant', 'Restaurant', 'Sushi takeaway']",4.5,546,$$,"[['Sunday', '12–9PM'], ['Monday', '11AM–2:30PM'], ['Tuesday', 'Closed'], ['Wednesday', '11AM–2:30PM'], ['Thursday', '11AM–2:30PM'], ['Friday', '11AM–2:30PM'], ['Saturday', '11AM–10PM']]"
0x88579dc0b38d1fdd:0x21bdd85ec15a9fcf,Wasabi Japanese Restaurant,"Wasabi Japanese Restaurant, 1529 John B White Sr Blvd C, Spartanburg, SC 29301",34.9224645,-81.9737547,"['Authentic Japanese restaurant', 'Restaurant']",4.6,288,$$,"[['Sunday', 'Closed'], ['Monday', 'Closed'], ['Tuesday', '5–9PM'], ['Wednesday', '5–9PM'], ['Thursday', '5–9PM'], ['Friday', '11:30AM–2:30PM'], ['Saturday', '11:30AM–2:30PM']]"
0x88f8abcf0bbaf9db:0x4796faa06f987639,Tokyo Grill,"Tokyo Grill, 111 Sparkleberry Crossing Rd #9, Columbia, SC 29229",34.1016419,-80.8552167,"['Asian restaurant', 'Fast food restaurant', 'Japanese restaurant']",4.0,118,$,"[['Sunday', '11:30AM–9PM'], ['Monday', '11AM–9:30PM'], ['Tuesday', '11AM–9:30PM'], ['Wednesday', '11AM–9:30PM'], ['Thursday', '11AM–9:30PM'], ['Friday', '11AM–10PM'], ['Saturday', '11AM–10PM']]"
0x88fe6fef655c0d43:0xfd364752185df072,Wasabi of Daniel Island,"Wasabi of Daniel Island, 194 Seven Farms Drive, Charleston, SC 29492",32.8620734,-79.90464349999999,"['Japanese restaurant', 'Sushi restaurant']",4.3,428,$$,"[['Sunday', 'Closed'], ['Monday', '11:30AM–2:30PM'], ['Tuesday', '11:30AM–2:30PM'], ['Wednesday', '11:30AM–2:30PM'], ['Thursday', '11:30AM–2:30PM'], ['Friday', '11:30AM–2:30PM'], ['Saturday', '11:30AM–2:30PM']]"
0x88f8bb2bb96e4c0f:0x46d944ea6ee8f244,Takosushi,"Takosushi, 1115 Assembly St, Columbia, SC 29201",33.999824499999995,-81.0350952,"['Sushi restaurant', 'Asian restaurant', 'Japanese restaurant', 'Mexican restaurant', 'Wine bar']",4.2,458,$$,"[['Sunday', 'Closed'], ['Monday', '11AM–9:30PM'], ['Tuesday', '11AM–9:30PM'], ['Wednesday', '11AM–9:30PM'], ['Thursday', '11AM–9:30PM'], ['Friday', '11AM–9:30PM'], ['Saturday', '12–10:30PM']]"
0x88f84c894021ca13:0xa4fd4354830f51a6,Tokyo Grill,"Tokyo Grill, 3555 Richland Ave W # 154, Aiken, SC 29801",33.5619071,-81.7639252,['Japanese restaurant'],4.1,288,$,"[['Saturday', '11AM–10PM'], ['Sunday', 'Closed'], ['Monday', '10:30AM–9:30PM'], ['Tuesday', '10:30AM–9:30PM'], ['Wednesday', '10:30AM–9:30PM'], ['Thursday', '10:30AM–9:30PM'], ['Friday', '11AM–10PM']]"
0x88fb8853cacd79c1:0xdbcf558a3fbee31b,Fujiyama,"Fujiyama, 48 Burnt Church Rd # 200D, Bluffton, SC 29910",32.2486114,-80.8448715,"['Japanese restaurant', 'Restaurant', 'Sushi restaurant']",4.5,188,$$,"[['Saturday', '12–9PM'], ['Sunday', '12–9PM'], ['Monday', 'Closed'], ['Tuesday', '12–9PM'], ['Wednesday', '12–9PM'], ['Thursday', '12–9PM'], ['Friday', '12–9PM']]"
0x88f8976b4767ac81:0xa5d2fd46c9c796d,Miyabi Jr Express Lexington,"Miyabi Jr Express Lexington, 5570 Sunset Blvd Suite I, Lexington, SC 29072",33.996809299999995,-81.22580909999999,['Japanese steakhouse'],4.5,617,$$,"[['Saturday', '11AM–9PM'], ['Sunday', '11AM–8PM'], ['Monday', '11AM–9PM'], ['Tuesday', '11AM–9PM'], ['Wednesday', '11AM–9PM'], ['Thursday', '11AM–9PM'], ['Friday', '11AM–9PM']]"
0x8855f0b7014e274f:0x558f83443c098c9e,Ginza Restaurant,"Ginza Restaurant, 901 W Dekalb St, Camden, SC 29020",34.245644999999996,-80.613592,"['Japanese restaurant', 'Restaurant']",4.5,383,$,"[['Saturday', '11AM–9:30PM'], ['Sunday', 'Closed'], ['Monday', '11AM–9PM'], ['Tuesday', '11AM–9PM'], ['Wednesday', '11AM–9PM'], ['Thursday', '11AM–9PM'], ['Friday', '11AM–9:30PM']]"
0x88568674bba84757:0xbd8a665b57e574d8,Ichiro Rock Hill,"Ichiro Rock Hill, 203 Cherry Rd, Rock Hill, SC 29732",34.9421088,-81.0349201,"['Japanese restaurant', 'Grill', 'Asian restaurant', 'Restaurant', 'Sushi restaurant']",4.2,467,$,"[['Saturday', '11AM–11PM'], ['Sunday', 'Closed'], ['Monday', '11AM–10PM'], ['Tuesday', '11AM–10PM'], ['Wednesday', '11AM–10PM'], ['Thursday', '11AM–10PM'], ['Friday', '11AM–11PM']]"
0x88568f2bdf283c3d:0xec8486cab087fe0b,Red Bowl Asian Bistro,"Red Bowl Asian Bistro, 2760 Celanese Rd, Rock Hill, SC 29732",34.976197,-81.028261,"['Asian restaurant', 'Chinese restaurant', 'Japanese restaurant', 'Seafood restaurant', 'Southeast Asian restaurant', 'Sushi restaurant', 'Thai restaurant']",4.1,846,$$,"[['Saturday', '11AM–10PM'], ['Sunday', '11AM–9PM'], ['Monday', '11AM–9PM'], ['Tuesday', '11AM–9PM'], ['Wednesday', '11AM–9PM'], ['Thursday', '11AM–9PM'], ['Friday', '11AM–10PM']]"
0x88570b188a1a2c89:0xb51d3321ff02ba94,Japan House,"Japan House, 1989 E Main St, Spartanburg, SC 29307",34.969864,-81.88755499999999,"['Japanese steakhouse', 'Asian restaurant', 'Japanese restaurant', 'Restaurant', 'Sushi restaurant']",4.2,393,$,"[['Saturday', '11AM–10PM'], ['Sunday', '11AM–10PM'], ['Monday', '11AM–10PM'], ['Tuesday', '11AM–10PM'], ['Wednesday', '11AM–10PM'], ['Thursday', '11AM–10PM'], ['Friday', '11AM–10PM']]"
0x88fe6344a47057a5:0x9ae86b45ae1679b3,Seasons of Japan,"Seasons of Japan, 4948 Centre Pointe Dr #105, North Charleston, SC 29418",32.875835099999996,-80.0209373,['Japanese restaurant'],4.4,675,$,"[['Saturday', '11:30AM–9PM'], ['Sunday', '11:30AM–9PM'], ['Monday', 'Closed'], ['Tuesday', '11AM–9PM'], ['Wednesday', '11AM–9PM'], ['Thursday', '11AM–9PM'], ['Friday', '11AM–9:30PM']]"
0x88570b1889f5fd79:0x3b9b109c499f45e2,Hibachi Buffet & Grill,"Hibachi Buffet & Grill, 2255 E Main St, Spartanburg, SC 29307",34.9765496,-81.87537739999999,['Japanese restaurant'],3.9,936,$,"[['Friday', '11AM–10PM'], ['Saturday', '11AM–10PM'], ['Sunday', '11AM–9PM'], ['Monday', '11AM–9PM'], ['Tuesday', '11AM–9PM'], ['Wednesday', '11AM–9PM'], ['Thursday', '11AM–9PM']]"
0x89002c7639d5bae9:0x3e90e6ed3cfa8ea4,Yokohama Japanese Express,"Yokohama Japanese Express, 1239 N Fraser St, Georgetown, SC 29440",33.3893671,-79.29104799999999,['Japanese restaurant'],4.4,312,$,"[['Friday', '11AM–9PM'], ['Saturday', '11AM–9PM'], ['Sunday', '11AM–8PM'], ['Monday', '11AM–9PM'], ['Tuesday', '11AM–9PM'], ['Wednesday', '11AM–9PM'], ['Thursday', '11AM–9PM']]"
0x88f897321ffba951:0x8306303b807d07e9,Tokyo Grill,"Tokyo Grill, 1787 S Lake Dr suite j, Lexington, SC 29073",33.9123827,-81.2247581,"['Fast food restaurant', 'Asian restaurant', 'Japanese restaurant']",3.7,223,$,"[['Friday', '11AM–10PM'], ['Saturday', '11AM–10PM'], ['Sunday', '11:30AM–9PM'], ['Monday', '11AM–9:30PM'], ['Tuesday', '11AM–9:30PM'], ['Wednesday', '11AM–9:30PM'], ['Thursday', '11AM–9:30PM']]"
0x88582c38a680f56b:0xe68366709e54e90c,Fu of Kyoto,"Fu of Kyoto, 3024 Wade Hampton Blvd # E, Taylors, SC 29687",34.906149899999996,-82.3295079,"['Japanese steakhouse', 'Asian restaurant', 'Japanese restaurant']",4.4,264,$,"[['Friday', '11AM–9PM'], ['Saturday', '11AM–9PM'], ['Sunday', '11AM–9PM'], ['Monday', '11AM–9PM'], ['Tuesday', '11AM–9PM'], ['Wednesday', '11AM–9PM'], ['Thursday', '11AM–9PM']]"
0x88ff66205a722143:0xa88a569e689ff69d,Mon Cafe Japan,"Mon Cafe Japan, 1293 Broad St, Sumter, SC 29150",33.957699999999996,-80.39030699999999,"['Japanese restaurant', 'Restaurant']",4.3,412,$$,"[['Friday', '9AM–11PM'], ['Saturday', '9AM–11PM'], ['Sunday', '9AM–11PM'], ['Monday', '9AM–11PM'], ['Tuesday', '9AM–11PM'], ['Wednesday', '9AM–11PM'], ['Thursday', '9AM–11PM']]"
0x88585e68cdfc549d:0x3763d5c40fa0d30,356 Sushi,"356 Sushi, 366 College Ave, Clemson, SC 29631",34.683225,-82.83739469999999,"['Sushi restaurant', 'Japanese restaurant']",4.2,124,,"[['Friday', '5PM–2AM'], ['Saturday', '5PM–2AM'], ['Sunday', 'Closed'], ['Monday', '5–10PM'], ['Tuesday', '5–10PM'], ['Wednesday', '5–10PM'], ['Thursday', '5PM–2AM']]"
0x88f8943c307626d9:0x950c2a9abc4e7cb0,Hibachi Express,"Hibachi Express, 1792 S Lake Dr # 80, Lexington, SC 29073",33.911398,-81.227426,"['Asian restaurant', 'Japanese restaurant']",4.0,158,$,"[['Friday', '11AM–9PM'], ['Saturday', '11AM–9PM'], ['Sunday', '12–9PM'], ['Monday', '11AM–9PM'], ['Tuesday', '11AM–9PM'], ['Wednesday', '11AM–9PM'], ['Thursday', '11AM–9PM']]"
0x88586e51ac49bc55:0x16677607c73bddb8,Fuji Express,"Fuji Express, 302 Pearman Dairy Rd, Anderson, SC 29625",34.5031283,-82.6836419,"['Steak house', 'Asian restaurant', 'Japanese restaurant']",4.4,338,$,"[['Thursday', '11AM–9:30PM'], ['Friday', '11AM–9:30PM'], ['Saturday', '11AM–9:30PM'], ['Sunday', 'Closed'], ['Monday', '11AM–9:30PM'], ['Tuesday', '11AM–9:30PM'], ['Wednesday', '11AM–9:30PM']]"
0x88f89714b5d97779:0xdf65b6ac44683a3f,Ganbei Japanese Restaurant & Bar,"Ganbei Japanese Restaurant & Bar, 5580 Sunset Blvd, Lexington, SC 29072",33.9955395,-81.2257054,"['Japanese restaurant', 'Asian restaurant', 'Bar', 'Fine dining restaurant', 'Sushi restaurant']",4.5,674,$$,"[['Thursday', '11AM–2:30PM'], ['Friday', '11AM–2:30PM'], ['Saturday', '11AM–2:30PM'], ['Sunday', '11AM–2:30PM'], ['Monday', 'Closed'], ['Tuesday', '11AM–2:30PM'], ['Wednesday', '11AM–2:30PM']]"
0x88feafd73b8a710d:0xe26ed99f5954c6b1,Fuji Express,"Fuji Express, 339 N Jefferies Blvd, Walterboro, SC 29488",32.9050611,-80.66709999999999,"['Japanese restaurant', 'Asian restaurant']",4.3,138,$$,"[['Thursday', '11AM–9PM'], ['Friday', '11AM–9:30PM'], ['Saturday', '11AM–9PM'], ['Sunday', '11AM–9PM'], ['Monday', 'Closed'], ['Tuesday', '11AM–9PM'], ['Wednesday', '11AM–9PM']]"
0x88f882da6ae7c3a3:0x46789114068bbc98,Koi Asian Fusion Cusine,"Koi Asian Fusion Cusine, 1237 Chapin Rd unit f, Chapin, SC 29036",34.1647955,-81.352465,"['Restaurant', 'Asian fusion restaurant', 'Chinese restaurant', 'Diner', 'Japanese restaurant', 'Lunch restaurant', 'Takeout Restaurant', 'Sushi restaurant']",3.8,98,,"[['Thursday', '11AM–2:30PM'], ['Friday', '11AM–2:30PM'], ['Saturday', '11AM–2:30PM'], ['Sunday', '11AM–2:30PM'], ['Monday', '11AM–2:30PM'], ['Tuesday', '11AM–2:30PM'], ['Wednesday', '11AM–2:30PM']]"
0x88f882dc1136d5ff:0xd3a03ff9b58cef81,Miso Japanese Restaurant,"Miso Japanese Restaurant, 1419 Chapin Rd, Chapin, SC 29036",34.165859499999996,-81.3583711,"['Japanese restaurant', 'Asian restaurant', 'Sushi restaurant']",4.1,136,,"[['Thursday', '11AM–10PM'], ['Friday', '11AM–11PM'], ['Saturday', '11AM–11PM'], ['Sunday', '11AM–9:30PM'], ['Monday', 'Closed'], ['Tuesday', '11AM–10PM'], ['Wednesday', '11AM–10PM']]"
0x88582e6f036aaaab:0x3bc48ae81fb39704,Bento Boys,"Bento Boys, 1170 N Pleasantburg Dr, Greenville, SC 29607",34.8723685,-82.3584594,['Japanese restaurant'],4.6,275,$,"[['Wednesday', '11AM–9PM'], ['Thursday', '11AM–9PM'], ['Friday', '11AM–9:30PM'], ['Saturday', '11AM–9:30PM'], ['Sunday', '11AM–9PM'], ['Monday', '11AM–9PM'], ['Tuesday', '11AM–9PM']]"
0x88fe6dafffffffff:0xc79c30424ef429e9,Sushi Taro Japanese Restaurant,"Sushi Taro Japanese Restaurant, 1171 Basketweave Dr, Mt Pleasant, SC 29466",32.8387947,-79.8172989,"['Restaurant', 'Asian fusion restaurant', 'Asian restaurant', 'Diner', 'Japanese restaurant', 'Lunch restaurant', 'Sushi restaurant']",4.6,305,$$,"[['Wednesday', '11AM–10PM'], ['Thursday', '11AM–10PM'], ['Friday', '11AM–11PM'], ['Saturday', '11AM–11PM'], ['Sunday', '12–10PM'], ['Monday', '11AM–10PM'], ['Tuesday', '11AM–10PM']]"
0x88582dfe26a23811:0xf9659a9794686992,Sakura Japanese Steakhouse,"Sakura Japanese Steakhouse, 2537 N Pleasantburg Dr, Greenville, SC 29609",34.8883333,-82.3841667,['Japanese restaurant'],4.2,562,$$,"[['Wednesday', '11:30AM–3PM'], ['Thursday', '11:30AM–3PM'], ['Friday', '11:30AM–3PM'], ['Saturday', '4:30–11PM'], ['Sunday', '11:30AM–3PM'], ['Monday', '11:30AM–3PM'], ['Tuesday', '11:30AM–3PM']]"
0x88577598b9c988cd:0x3d21fa7ee95319fc,Sake Sushi And Hibachi,"Sake Sushi And Hibachi, 1524 E Main St, Spartanburg, SC 29307",34.9642379,-81.89952389999999,"['Sushi restaurant', 'Asian restaurant', 'Japanese restaurant']",4.5,218,,"[['Wednesday', '11AM–10PM'], ['Thursday', '11AM–10PM'], ['Friday', '11AM–10PM'], ['Saturday', '11AM–10PM'], ['Sunday', '11AM–10PM'], ['Monday', '11AM–10PM'], ['Tuesday', '11AM–10PM']]"
0x88583022fdf940bf:0x4db2e1b4123dd67a,Oriental House,"Oriental House, 1922 Augusta St #115, Greenville, SC 29605",34.8255556,-82.397046,"['Chinese restaurant', 'Asian restaurant', 'Chinese noodle restaurant', 'Delivery Chinese restaurant', 'Japanese restaurant', 'Sushi restaurant']",4.2,688,$$,"[['Wednesday', '10:30AM–9:30PM'], ['Thursday', '10:30AM–9:30PM'], ['Friday', '10:30AM–10PM'], ['Saturday', '10:30AM–10PM'], ['Sunday', 'Closed'], ['Monday', '10:30AM–9:30PM'], ['Tuesday', '10:30AM–9:30PM']]"
0x8857d423cb4422cb:0x5ef2eacdccd36ec0,Fusion Thai & Japanese,"Fusion Thai & Japanese, 1266 Wilson Rd, Newberry, SC 29108",34.2845662,-81.59737919999999,"['Japanese restaurant', 'Asian restaurant', 'Southeast Asian restaurant', 'Sushi restaurant', 'Thai restaurant']",4.7,792,$$,"[['Wednesday', '11AM–9:15PM'], ['Thursday', '11AM–9:15PM'], ['Friday', '11AM–10:30PM'], ['Saturday', '11AM–10:30PM'], ['Sunday', '11AM–9:15PM'], ['Monday', '11AM–9:15PM'], ['Tuesday', '11AM–9:15PM']]"
0x89aa9c58429b34a5:0xa2abd36f1962f583,Tokyo Express Inc,"Tokyo Express Inc, 3011 Broad St #3021, Loris, SC 29569",34.0509032,-78.8947187,"['Japanese restaurant', 'Asian restaurant']",4.1,156,$,"[['Tuesday', '11AM–9PM'], ['Wednesday', '11AM–9PM'], ['Thursday', '11AM–9PM'], ['Friday', '11AM–9PM'], ['Saturday', '11AM–9PM'], ['Sunday', '11AM–9PM'], ['Monday', '11AM–9PM']]"
0x88ff662024f84efb:0xf160d4f1ed93004e,Osaka Japanese Restaurant,"Osaka Japanese Restaurant, 1284 Broad St, Sumter, SC 29150",33.9564338,-80.38857759999999,"['Japanese restaurant', 'Sushi restaurant']",4.2,408,$,"[['Tuesday', '11AM–9:30PM'], ['Wednesday', '11AM–9:30PM'], ['Thursday', '11AM–9:30PM'], ['Friday', '11AM–9:30PM'], ['Saturday', '11AM–9:30PM'], ['Sunday', '11AM–9:30PM'], ['Monday', '11AM–9:30PM']]"
0x88ff92c2931ac7a3:0xbd26d201c61f3c5,Sakura Fusion,"Sakura Fusion, 159 S Ron McNair Blvd, Lake City, SC 29560",33.8725229,-79.7609607,['Japanese restaurant'],4.1,218,$$,"[['Tuesday', '11AM–9:30PM'], ['Wednesday', '11AM–9:30PM'], ['Thursday', '11AM–10:30PM'], ['Friday', '11AM–10:30PM'], ['Saturday', '11AM–10:30PM'], ['Sunday', '11:30AM–9:30PM'], ['Monday', 'Closed']]"
0x8857820038f966c9:0x45629f6db8e96b79,Sakura Japanese Restaurant,"Sakura Japanese Restaurant, 201 Inman Rd, Lyman, SC 29365",34.9577574,-82.126598,"['Japanese restaurant', 'Sushi restaurant']",4.4,278,$,"[['Tuesday', '11AM–9:30PM'], ['Wednesday', '11AM–9:30PM'], ['Thursday', '11AM–9:30PM'], ['Friday', '11AM–9:30PM'], ['Saturday', '11AM–9:30PM'], ['Sunday', '11AM–9:30PM'], ['Monday', 'Closed']]"
0x88568f537d770475:0xe0e7926a2ed1fa5,FUJI JAPAN,"29732 South Carolina, Rock Hill, Cherry Rd, FUJI JAPAN",34.970327999999995,-80.992685,['Japanese restaurant'],4.4,884,$$,"[['Tuesday', '11AM–3PM'], ['Wednesday', '11AM–3PM'], ['Thursday', '11AM–3PM'], ['Friday', '11AM–3PM'], ['Saturday', '11:30AM–10:30PM'], ['Sunday', '11:30AM–9:30PM'], ['Monday', '11AM–3PM']]"
0x88568640bcae654b:0xbfac7702e556dfd0,Jing Jing Chinese Restaurant,"Jing Jing Chinese Restaurant, 2260 Cross Pointe Dr #99, Rock Hill, SC 29730",34.9383325,-80.9652134,"['Chinese restaurant', 'Asian restaurant', 'Japanese restaurant', 'Restaurant', 'Sushi restaurant']",3.7,452,$,"[['Tuesday', '11AM–10PM'], ['Wednesday', '11AM–10PM'], ['Thursday', '11AM–10PM'], ['Friday', '11AM–11PM'], ['Saturday', '11AM–11PM'], ['Sunday', '12–10PM'], ['Monday', '11AM–10PM']]"
0x88fe710bd8f43093:0x215f6d433ba69263,Tsunami Japanese Restaurant,"Tsunami Japanese Restaurant, 1909 US-17 Ste K, Mt Pleasant, SC 29464",32.8304025,-79.8263315,"['Japanese restaurant', 'Asian restaurant', 'Restaurant', 'Sushi restaurant']",4.1,448,$$,"[['Tuesday', '11AM–10PM'], ['Wednesday', '11AM–10PM'], ['Thursday', '11AM–10PM'], ['Friday', '11AM–11PM'], ['Saturday', '11AM–11PM'], ['Sunday', '12AM–10PM'], ['Monday', '11AM–10PM']]"
0x88fe624067c30fc9:0x8aaf0693475a7f09,Lanna Thai Cuisine,"Lanna Thai Cuisine 3346 Ashley Phosphate Rd, North Charleston, SC 29418",32.9293318,-80.07365999999999,"['Thai restaurant', 'Japanese restaurant', 'Restaurant', 'Vietnamese restaurant']",4.6,548,$,"[['Tuesday', 'Closed'], ['Wednesday', '11AM–9PM'], ['Thursday', '11AM–9PM'], ['Friday', '11AM–9PM'], ['Saturday', '11AM–9PM'], ['Sunday', '11AM–9PM'], ['Monday', '11AM–9PM']]"
0x885831d04a3ffffd:0xfa74e08207d034b4,Menkoi,"Menkoi, 241B N Main St, Greenville, SC 29601",34.853579599999996,-82.3978386,['Japanese restaurant'],4.8,724,$,"[['Tuesday', '11AM–2:30PM'], ['Wednesday', '11AM–2:30PM'], ['Thursday', '11AM–2:30PM'], ['Friday', '11AM–2:30PM'], ['Saturday', '11AM–2:30PM'], ['Sunday', '11AM–2:30PM'], ['Monday', '11AM–2:30PM']]"
0x88582bfabf8f5699:0xa8015a2d46640830,Hibachi Express,"Hibachi Express, 2135 Old Spartanburg Rd, Greer, SC 29650",34.8922154,-82.2921456,['Japanese restaurant'],4.4,158,$,"[['Tuesday', '11AM–10PM'], ['Wednesday', '11AM–10PM'], ['Thursday', '11AM–10PM'], ['Friday', '11AM–10PM'], ['Saturday', '11AM–10PM'], ['Sunday', 'Closed'], ['Monday', '11AM–10PM']]"
0x8857e9cd355e60b1:0xa4b8ce8c062f9b9,Japan Japanese & Chinese Diner,"Japan Japanese & Chinese Diner, 806 S Broad St #2816, Clinton, SC 29325",34.4591467,-81.8786847,"['Japanese restaurant', 'Asian restaurant', 'Restaurant']",4.3,188,$,"[['Tuesday', '11AM–9:30PM'], ['Wednesday', '11AM–9:30PM'], ['Thursday', '11AM–9:30PM'], ['Friday', '11AM–10PM'], ['Saturday', '11AM–10PM'], ['Sunday', '11AM–9:30PM'], ['Monday', 'Closed']]"
0x88fe8b3bb61e562f:0x5b3a88700e5b34d,Kanji Summerville,"Kanji Summerville, 1211 N Main St unit b, Summerville, SC 29483",33.0335222,-80.1573985,"['Japanese restaurant', 'Delivery service', 'Delivery Restaurant', 'Restaurant', 'Sushi restaurant']",4.3,265,,"[['Monday', '11AM–10PM'], ['Tuesday', '11AM–10PM'], ['Wednesday', '11AM–10PM'], ['Thursday', '11AM–10PM'], ['Friday', '11AM–10PM'], ['Saturday', '11AM–10PM'], ['Sunday', '12–10PM']]"
0x88fe637817a8f8f3:0xb32b5a80be261be3,Hibachi Hut,"Hibachi Hut, 5900 Rivers Ave # D7, North Charleston, SC 29406",32.903805999999996,-80.018245,"['Japanese restaurant', 'Asian restaurant']",4.3,248,$,"[['Monday', '11AM–9:30PM'], ['Tuesday', '11AM–9:30PM'], ['Wednesday', '11AM–9:30PM'], ['Thursday', '11AM–9:30PM'], ['Friday', '11AM–9:30PM'], ['Saturday', '11AM–9:30PM'], ['Sunday', 'Closed']]"
0x890040f8fd85aff5:0x94ddffc508e9f181,Kings Sushi,"Kings Sushi, 112 US-17 BUS, Surfside Beach, SC 29575",33.612899899999995,-78.98243049999999,"['Japanese restaurant', 'Sushi restaurant']",4.4,1016,$$,"[['Monday', '11AM–10PM'], ['Tuesday', '11AM–10PM'], ['Wednesday', '11AM–10PM'], ['Thursday', '11AM–10PM'], ['Friday', '11AM–10:30PM'], ['Saturday', '11AM–10:30PM'], ['Sunday', '11AM–9PM']]"
0x88fe8bd7672000b5:0xb1a0ad40737f7b83,Hibachi Fusion,"Hibachi Fusion, 4490 Ladson Rd, Summerville, SC 29485",32.9584342,-80.1599738,"['Japanese restaurant', 'Sushi restaurant']",4.3,355,$,"[['Monday', '11AM–9PM'], ['Tuesday', '11AM–9PM'], ['Wednesday', '11AM–9PM'], ['Thursday', '11AM–9PM'], ['Friday', '11AM–10PM'], ['Saturday', '12AM–10PM'], ['Sunday', '12AM–9PM']]"
0x885826513ae59ead:0xc6499c233974eb8b,Joy of Tokyo,"Joy of Tokyo, 926 NE Main St Ste D, Simpsonville, SC 29681",34.7548892,-82.26587479999999,"['Japanese restaurant', 'Asian restaurant', 'Restaurant']",4.0,338,$,"[['Monday', '11AM–3PM'], ['Tuesday', '11AM–3PM'], ['Wednesday', '11AM–3PM'], ['Thursday', '11AM–3PM'], ['Friday', '11AM–3PM'], ['Saturday', '11AM–3PM'], ['Sunday', 'Closed']]"
0x8858f5082f8f3e53:0xecbaddfabffe90db,Atami Express,"Atami Express, 161 Rochester Hwy, Seneca, SC 29672",34.702797499999996,-82.9383673,"['Japanese restaurant', 'Restaurant']",4.4,238,$,"[['Sunday', 'Closed'], ['Monday', '11AM–8PM'], ['Tuesday', '11AM–8PM'], ['Wednesday', '11AM–8PM'], ['Thursday', '11AM–8PM'], ['Friday', '11AM–8PM'], ['Saturday', '11AM–8PM']]"
0x885892b4dcd203c9:0x583fa6e62a798831,Little Japan Restaurant,"Little Japan Restaurant, 102 E Main St, Westminster, SC 29693",34.6659675,-83.09728659999999,['Japanese restaurant'],4.5,128,,"[['Sunday', '12–8PM'], ['Monday', 'Closed'], ['Tuesday', '12–9PM'], ['Wednesday', '12–9PM'], ['Thursday', '12–9PM'], ['Friday', '12–9PM'], ['Saturday', '12–9PM']]"
0x88fe5a7446c7fbb9:0xe641a3c6a4be561b,Mr Hibachi,"Mr Hibachi, 505 US-52, Moncks Corner, SC 29461",33.209202399999995,-79.9839039,['Japanese restaurant'],4.0,344,$,"[['Sunday', '12–10PM'], ['Monday', '11AM–9PM'], ['Tuesday', '11AM–9PM'], ['Wednesday', '11AM–9PM'], ['Thursday', '11AM–9PM'], ['Friday', '12–10PM'], ['Saturday', '12–10PM']]"
0x89aa9c5863fe6fab:0x19c7c58cafc87c37,Benny's Hibachi,"Benny's Hibachi, 4267 Broad St, Loris, SC 29569",34.0573605,-78.88789729999999,"['Japanese restaurant', 'Restaurant']",4.1,118,$,"[['Sunday', '11AM–7:30PM'], ['Monday', 'Closed'], ['Tuesday', '11AM–7:30PM'], ['Wednesday', '11AM–7:30PM'], ['Thursday', '11AM–7:30PM'], ['Friday', '11AM–7:30PM'], ['Saturday', '11AM–7:30PM']]"
0x89007dd083c25807:0xd89a3b1648550513,Jay's Asian Fusion,"Jay's Asian Fusion, 2126 SC-9, Longs, SC 29568",33.889555,-78.6908,"['Asian fusion restaurant', 'Asian restaurant', 'Chinese restaurant', 'Japanese restaurant', 'Sushi restaurant', 'Thai restaurant']",4.5,417,$,"[['Sunday', '12–9PM'], ['Monday', '11AM–9PM'], ['Tuesday', '11AM–9PM'], ['Wednesday', '11AM–9PM'], ['Thursday', '11AM–9PM'], ['Friday', '11AM–10PM'], ['Saturday', '11AM–10PM']]"
0x88f89714dd415c9d:0xb1b6db8a97a1846f,Miyo's,"Miyo's, 5594 Sunset Blvd, Lexington, SC 29072",33.9947534,-81.2261688,"['Japanese restaurant', 'Caterer', 'Chinese restaurant']",4.0,248,$$,"[['Sunday', '11:30AM–10PM'], ['Monday', '11:30AM–10PM'], ['Tuesday', '11:30AM–10PM'], ['Wednesday', '11:30AM–10PM'], ['Thursday', '11:30AM–10PM'], ['Friday', '11:30AM–10:30PM'], ['Saturday', '11:30AM–10:30PM']]"
0x88f89edcdddfe5e1:0x4be3725823ffacdb,Hokkaido Restaurant,"Hokkaido Restaurant, 1100 Dutch Fork Rd, Irmo, SC 29063",34.1266204,-81.2193516,"['Japanese restaurant', 'Restaurant']",4.1,258,$$,"[['Sunday', '12–9PM'], ['Monday', '12–9PM'], ['Tuesday', 'Closed'], ['Wednesday', '12–9PM'], ['Thursday', '12–9PM'], ['Friday', '12–9PM'], ['Saturday', '12–9PM']]"
0x88fe60f1afa00fdf:0x2a5c38d64c7f9589,Sushi 101,"Sushi 101, 214 St James Ave Ste 220, Goose Creek, SC 29445",33.009775,-80.044527,"['Sushi restaurant', 'Japanese restaurant']",3.9,688,$$,"[['Sunday', '11:30AM–10PM'], ['Monday', '11AM–10PM'], ['Tuesday', '11AM–10PM'], ['Wednesday', '11AM–10PM'], ['Thursday', '11AM–10PM'], ['Friday', '11AM–10:45PM'], ['Saturday', '11AM–10:45PM']]"
0x89007dd07e9af4bd:0xa4b8533f33fc0993,Hibachi Express,"Hibachi Express, 2126 Hwy 9 E E1, Longs, SC 29568",33.8898961,-78.6909429,['Japanese restaurant'],4.5,198,$,"[['Sunday', 'Closed'], ['Monday', '11AM–9:30PM'], ['Tuesday', '11AM–9:30PM'], ['Wednesday', '11AM–9:30PM'], ['Thursday', '11AM–9:30PM'], ['Friday', '11AM–9:30PM'], ['Saturday', 'Closed']]"
0x8857ee73cef73511:0xc2c019a3e1c8d544,Tokyo Japanese & Chinese Restaurant,"Tokyo Japanese & Chinese Restaurant, 205 Hillcrest Dr, Laurens, SC 29360",34.5050964,-82.01269529999999,"['Chinese restaurant', 'Japanese restaurant']",4.3,208,$,"[['Sunday', '11AM–9:30PM'], ['Monday', 'Closed'], ['Tuesday', '11AM–9:30PM'], ['Wednesday', '11AM–9:30PM'], ['Thursday', '11AM–9:30PM'], ['Friday', '11AM–9:30PM'], ['Saturday', '11AM–9:30PM']]"
0x88f801abe10a7ead:0x84d5c58e5d2fd39,Fuji Express,"Fuji Express, 918 Montague Ave, Greenwood, SC 29649",34.2093251,-82.1755362,"['Asian restaurant', 'Japanese restaurant', 'Sushi restaurant']",4.5,412,$,"[['Sunday', '11AM–9:30PM'], ['Monday', '11AM–9:30PM'], ['Tuesday', '11AM–9:30PM'], ['Wednesday', '11AM–9:30PM'], ['Thursday', '11AM–10:30PM'], ['Friday', '11AM–10:30PM'], ['Saturday', '11AM–9:30PM']]"
0x89003f3019de3627:0xb36765db02dff3e1,Shiki Sushi,"Shiki Sushi, 11907 SC-707, Murrells Inlet, SC 29576",33.5871357,-79.05254169999999,"['Sushi restaurant', 'Asian fusion restaurant', 'Japanese restaurant', 'Restaurant']",4.4,228,$$,"[['Saturday', '12–9PM'], ['Sunday', '12–9PM'], ['Monday', 'Closed'], ['Tuesday', '12–9PM'], ['Wednesday', '12–9PM'], ['Thursday', '12–9PM'], ['Friday', '12–9PM']]"
0x88fc0b86cbf9a735:0x49e55304eb1a1afc,Sakehouse at beaufort Japanese steakhouse and sushi bar,"Sakehouse at beaufort Japanese steakhouse and sushi bar, 274 Robert Smalls Pkwy #200, Beaufort, SC 29906",32.4279551,-80.7261627,"['Japanese restaurant', 'Asian restaurant', 'Sushi restaurant']",4.1,692,$$,"[['Saturday', '11:30AM–9:30PM'], ['Sunday', '12:30AM–9:30PM'], ['Monday', '11:30AM–9:30PM'], ['Tuesday', 'Closed'], ['Wednesday', '11:30AM–9:30PM'], ['Thursday', '11:30AM–9:30PM'], ['Friday', '11:30AM–9:30PM']]"
0x885560c41783c95b:0x9f025fa61b0ada6b,Tokyo Express,"Tokyo Express, 2108 S Irby St # 4, Florence, SC 29505",34.154541,-79.7663116,['Japanese restaurant'],4.5,158,$,"[['Saturday', '11AM–9PM'], ['Sunday', '11AM–9PM'], ['Monday', '11AM–9PM'], ['Tuesday', '11AM–9PM'], ['Wednesday', '11AM–9PM'], ['Thursday', '11AM–9PM'], ['Friday', '11AM–9PM']]"
0x885831d04a0d86a7:0x68e57a078cd5e282,SUSHI GO,"SUSHI GO, 247 N Main St, Greenville, SC 29601",34.853842,-82.39791,"['Authentic Japanese restaurant', 'Asian restaurant', 'Japanese restaurant', 'Restaurant', 'Sushi restaurant']",4.6,387,$$,"[['Saturday', '11:30AM–2PM'], ['Sunday', '4:30–9PM'], ['Monday', 'Closed'], ['Tuesday', '11:30AM–2PM'], ['Wednesday', '11:30AM–2PM'], ['Thursday', '11:30AM–2PM'], ['Friday', '11:30AM–2PM']]"
0x885825e590ed8a21:0xe270e2356678ea4b,Kazoku Express,"Kazoku Express, 203 N Main St, Mauldin, SC 29662",34.7814714,-82.31173849999999,['Japanese restaurant'],4.4,76,,"[['Saturday', '11–11:01AM'], ['Sunday', 'Closed'], ['Monday', '11–11:01AM'], ['Tuesday', '11–11:01AM'], ['Wednesday', '11–11:01AM'], ['Thursday', '11–11:01AM'], ['Friday', '11–11:01AM']]"
0x88582fb2d5bdd561:0x371d958d094186ae,Japan Express,"Japan Express, 201 W Butler Rd, Mauldin, SC 29662",34.776747,-82.31309639999999,"['Japanese restaurant', 'Asian restaurant', 'Sushi restaurant']",4.1,224,,"[['Saturday', '11AM–9:30PM'], ['Sunday', '11AM–9:30PM'], ['Monday', '11AM–9:30PM'], ['Tuesday', '11AM–9:30PM'], ['Wednesday', '11AM–9:30PM'], ['Thursday', '11AM–9:30PM'], ['Friday', '11AM–9:30PM']]"
0x885771254619c70b:0xdd5fa8aebd9ac5e0,FUJI Boiling Springs,"FUJI Boiling Springs, 4016 SC-9, Boiling Springs, SC 29316",35.052116999999996,-81.98707929999999,"['Japanese restaurant', 'Restaurant']",4.5,513,$,"[['Saturday', '11AM–10PM'], ['Sunday', '11AM–9:30PM'], ['Monday', '11AM–9:30PM'], ['Tuesday', '11AM–9:30PM'], ['Wednesday', '11AM–9:30PM'], ['Thursday', '11AM–9:30PM'], ['Friday', '11AM–10PM']]"
0x88586c124df2f2cf:0xcb1071b7d7b7545d,Sakura,"Sakura, 1823 E Greenville St, Anderson, SC 29621",34.540245999999996,-82.6310139,"['Japanese restaurant', 'Asian restaurant', 'Sushi restaurant']",4.1,298,$,"[['Saturday', 'Closed'], ['Sunday', '11AM–10PM'], ['Monday', '11AM–10PM'], ['Tuesday', '11AM–10PM'], ['Wednesday', '11AM–10PM'], ['Thursday', '11AM–10PM'], ['Friday', '11AM–10PM']]"
0x88586eb793ccc853:0x2061d7814ae5603d,Mishima Express Japanese Cuisine,"Mishima Express Japanese Cuisine, 3318 N Main St, Anderson, SC 29621",34.544084399999996,-82.6684342,"['Japanese restaurant', 'Restaurant']",4.3,252,$,"[['Saturday', '11AM–10PM'], ['Sunday', '11:30AM–9PM'], ['Monday', '11AM–9:30PM'], ['Tuesday', '11AM–9:30PM'], ['Wednesday', '11AM–9:30PM'], ['Thursday', '11AM–9:30PM'], ['Friday', '11AM–10PM']]"
0x89003f0fc104429b:0xc1c446e37f83d184,Kobe Hibachi Grill Japanese Restaurant,"Kobe Hibachi Grill Japanese Restaurant, 10799 SC-707, Murrells Inlet, SC 29576",33.614853499999995,-79.04847079999999,['Japanese restaurant'],4.6,76,,"[['Saturday', '11AM–10PM'], ['Sunday', 'Closed'], ['Monday', '11AM–9:30PM'], ['Tuesday', '11AM–9:30PM'], ['Wednesday', '11AM–9:30PM'], ['Thursday', '11AM–9:30PM'], ['Friday', '11AM–10PM']]"
0x88fe7a6cafae9c7d:0xa5ecc56c3f9418db,Mama Kims,"Mama Kims, 349 King St, Charleston, SC 29401",32.7849159,-79.93579919999999,"['Korean restaurant', 'Japanese restaurant']",4.3,418,$$,"[['Saturday', '11:30AM–11PM'], ['Sunday', '12–10PM'], ['Monday', '4–10PM'], ['Tuesday', '11AM–10PM'], ['Wednesday', '4–10PM'], ['Thursday', '11AM–10PM'], ['Friday', '11AM–11PM']]"
0x890038bf6427e3fd:0xa3c9eba00e8845db,Hachiya Japanese Steakhouse and Sushi Bar,"Hachiya Japanese Steakhouse and Sushi Bar, 4201 US-17, Murrells Inlet, SC 29576",33.5582061,-79.04141969999999,['Japanese restaurant'],4.6,1057,$$,"[['Saturday', '4–9PM'], ['Sunday', '4–9PM'], ['Monday', 'Closed'], ['Tuesday', '4–9PM'], ['Wednesday', '4–9PM'], ['Thursday', '4–9PM'], ['Friday', '4–9PM']]"
0x890065fde36b352f:0xd53e8cff56b3be1b,Jimmyz Original Hibachi House,"Jimmyz Original Hibachi House, 6108 N Kings Hwy, Myrtle Beach, SC 29572",33.735599799999996,-78.8316409,"['Japanese restaurant', 'Asian restaurant', 'Caterer', 'Delivery service']",4.0,588,$,"[['Saturday', '11AM–10PM'], ['Sunday', '11AM–10PM'], ['Monday', '11AM–10PM'], ['Tuesday', '11AM–10PM'], ['Wednesday', '11AM–10PM'], ['Thursday', '11AM–10PM'], ['Friday', '11AM–10PM']]"
0x885775f4e2bcfaef:0xadc4051a64574174,Miyako Sushi Group,"Miyako Sushi Group, 118 Magnolia St, Spartanburg, SC 29306",34.9496813,-81.9336012,"['Japanese restaurant', 'Restaurant', 'Sushi restaurant']",4.6,828,$$,"[['Saturday', '5:30–11PM'], ['Sunday', 'Closed'], ['Monday', '11:30AM–2PM'], ['Tuesday', '11:30AM–2PM'], ['Wednesday', '11:30AM–2PM'], ['Thursday', '11:30AM–2PM'], ['Friday', '11:30AM–2PM']]"
0x88f801ab6d2b4bfd:0x841a625dc73b9ca2,Nagoya,"Nagoya, 225 By-pass 72 NW, Greenwood, SC 29649",34.212187799999995,-82.1755696,['Japanese restaurant'],4.5,558,$$,"[['Saturday', '11:30AM–10:30PM'], ['Sunday', '11:30AM–2:30PM'], ['Monday', '11:30AM–2:30PM'], ['Tuesday', '11:30AM–2:30PM'], ['Wednesday', '11:30AM–2:30PM'], ['Thursday', '11:30AM–2:30PM'], ['Friday', '11:30AM–2:30PM']]"
0x8857fd840042b2a7:0x571776395808bc91,Boun's Hibachi Greenwood,"Boun's Hibachi Greenwood, BI-LO 3369, US 72/221 East, Greenwood, SC 29649",34.2581403,-82.0912237,['Japanese restaurant'],4.4,218,$,"[['Saturday', '11AM–9PM'], ['Sunday', 'Closed'], ['Monday', '11AM–9PM'], ['Tuesday', '11AM–9PM'], ['Wednesday', '11AM–9PM'], ['Thursday', '11AM–9PM'], ['Friday', '11AM–9PM']]"
0x88f801b12f9009c3:0x48a9eabad2cfc5d2,Red Bowl Asian Bistro,"Red Bowl Asian Bistro, 479 SC-72, Greenwood, SC 29649",34.205594,-82.1871587,"['Asian restaurant', 'Chinese restaurant', 'Japanese restaurant', 'Sushi restaurant', 'Thai restaurant']",4.4,474,$$,"[['Saturday', '11AM–10PM'], ['Sunday', '11AM–9PM'], ['Monday', '11AM–9PM'], ['Tuesday', '11AM–9PM'], ['Wednesday', '11AM–9PM'], ['Thursday', '11AM–9PM'], ['Friday', '11AM–10PM']]"
0x88582e673d69e95b:0x54d8bead0de6fbe7,Joy of Tokyo,"Joy of Tokyo, 15 Pelham Rd, Greenville, SC 29615",34.868271199999995,-82.35328419999999,"['Japanese restaurant', 'Sushi restaurant']",4.2,588,$,"[['Friday', '11AM–9PM'], ['Saturday', '11AM–9PM'], ['Sunday', '11AM–9PM'], ['Monday', '11AM–9PM'], ['Tuesday', '11AM–9PM'], ['Wednesday', '11AM–9PM'], ['Thursday', '11AM–9PM']]"
0x890069ea5d79c475:0x1d038bd16561d3ea,E Noodles & Co.,"E Noodles & Co., 400 20th Ave S, Myrtle Beach, SC 29577",33.6720198,-78.90742089999999,"['Asian restaurant', 'Chinese restaurant', 'Japanese restaurant', 'Noodle shop', 'Restaurant']",4.5,458,$$,"[['Friday', '11:30AM–8PM'], ['Saturday', '11:30AM–8PM'], ['Sunday', 'Closed'], ['Monday', '11:30AM–8PM'], ['Tuesday', '11:30AM–8PM'], ['Wednesday', '11:30AM–8PM'], ['Thursday', '11:30AM–8PM']]"
0x88586ecc2252117f:0x16fa8ec1150bf5ff,Fuji Japanese Steakhouse,"Fuji Japanese Steakhouse, 152 Commons Pkwy, Anderson, SC 29621",34.549628,-82.6766559,['Japanese restaurant'],4.2,454,$$,"[['Friday', '11:30AM–2PM'], ['Saturday', '4:30–10PM'], ['Sunday', '5–9PM'], ['Monday', '11:30AM–2PM'], ['Tuesday', '11:30AM–2PM'], ['Wednesday', '11:30AM–2PM'], ['Thursday', '11:30AM–2PM']]"
0x8858f47f0c4c7ff5:0x64112129bc1826eb,Yoshi Japanese Restaurant,"Yoshi Japanese Restaurant, 1510 Blue Ridge Blvd, Seneca, SC 29672",34.708660099999996,-82.9914093,"['Japanese restaurant', 'Sushi restaurant']",4.2,166,$$,"[['Friday', '11AM–2PM'], ['Saturday', '4:30–8:30PM'], ['Sunday', '11AM–2PM'], ['Monday', 'Closed'], ['Tuesday', '11AM–2PM'], ['Wednesday', '11AM–2PM'], ['Thursday', '11AM–2PM']]"
0x88fb8912fdc29237:0x172599dece674d22,Kobe Japanese Steakhouse & Sushi Bar - Bluffton,"Kobe Japanese Steakhouse & Sushi Bar - Bluffton, 30 Plantation Park Dr, Bluffton, SC 29910",32.271653,-80.86717,"['Japanese steakhouse', 'Asian restaurant', 'Japanese restaurant', 'Sushi restaurant']",4.1,434,$$,"[['Friday', '11AM–9:30PM'], ['Saturday', '11AM–9:30PM'], ['Sunday', '11AM–9PM'], ['Monday', '11AM–9PM'], ['Tuesday', '11AM–9PM'], ['Wednesday', '11AM–9PM'], ['Thursday', '11AM–9PM']]"
0x88579d9b264176d5:0xaff68499cd98cabc,FUJI Westgate,"FUJI Westgate, 215 Westgate Mall Dr, Spartanburg, SC 29301",34.938815399999996,-81.9893433,"['Japanese restaurant', 'Restaurant']",4.4,982,$,"[['Friday', '11AM–10PM'], ['Saturday', '11AM–10PM'], ['Sunday', '11AM–9:30PM'], ['Monday', '11AM–9:30PM'], ['Tuesday', '11AM–9:30PM'], ['Wednesday', '11AM–9:30PM'], ['Thursday', '11AM–9:30PM']]"
0x88584e4329528f71:0xac6b6cd3257d8938,Mikoshi Japanese,"Mikoshi Japanese, 209 Hampton Ave, Pickens, SC 29671",34.8828968,-82.70282089999999,['Japanese restaurant'],4.5,318,$,"[['Friday', '11AM–9PM'], ['Saturday', '11AM–9PM'], ['Sunday', '11AM–8:30PM'], ['Monday', 'Closed'], ['Tuesday', '11AM–9PM'], ['Wednesday', '11AM–9PM'], ['Thursday', '11AM–9PM']]"
0x88578016c07fa85f:0x36194a0000a32e8b,Tokyo Grill Express,"Tokyo Grill Express, 14021 E Wade Hampton Blvd, Greer, SC 29651",34.945879999999995,-82.205725,"['Restaurant', 'Japanese restaurant']",4.1,196,,"[['Friday', '11AM–9:30PM'], ['Saturday', '11AM–9PM'], ['Sunday', 'Closed'], ['Monday', '11AM–9PM'], ['Tuesday', '11AM–9PM'], ['Wednesday', '11AM–9PM'], ['Thursday', '11AM–9PM']]"
0x885837e94e47606d:0x56117eb9dd646fe0,Miyabi Jr. Express,"Miyabi Jr. Express, 225 Rolling Hills Cir, Easley, SC 29640",34.8277664,-82.5443196,['Japanese restaurant'],4.5,448,$$,"[['Friday', '11AM–9PM'], ['Saturday', '11AM–8PM'], ['Sunday', '11AM–8PM'], ['Monday', '11AM–9PM'], ['Tuesday', '11AM–9PM'], ['Wednesday', '11AM–9PM'], ['Thursday', '11AM–9PM']]"
0x88fe6d0f7de63dbf:0x980a38cdf76393c3,Umi Japanese Restaurant,"Umi Japanese Restaurant, 1117 Park W Blvd C, Mt Pleasant, SC 29466",32.8740483,-79.7783886,['Japanese restaurant'],4.3,242,$$,"[['Friday', '11AM–9PM'], ['Saturday', '11AM–9PM'], ['Sunday', '11AM–9PM'], ['Monday', '11AM–9PM'], ['Tuesday', '11AM–9PM'], ['Wednesday', '11AM–9PM'], ['Thursday', '11AM–9PM']]"
0x88582a90b4e96d2f:0x703f98285ffdb80a,The Strip Club 104 Steakhouse,"The Strip Club 104 Steakhouse, 104 E Poinsett St, Greer, SC 29651",34.9384643,-82.2272265,"['Restaurant', 'American restaurant', 'Bar', 'Japanese steakhouse', 'Wine bar']",4.6,747,$$,"[['Friday', '4:30–9:30PM'], ['Saturday', '4:30–9:30PM'], ['Sunday', 'Closed'], ['Monday', 'Closed'], ['Tuesday', '4:30–9PM'], ['Wednesday', '4:30–9PM'], ['Thursday', '4:30–9PM']]"
0x88fe7b553f01d081:0x7645554db4023c9a,Kanji Sushi Hibachi West Ashley,"Kanji Sushi Hibachi West Ashley, 1300 Savannah Hwy Unit 1, Charleston, SC 29407",32.785411599999996,-80.0014455,"['Sushi restaurant', 'Asian fusion restaurant', 'Asian restaurant', 'Japanese restaurant']",4.5,18,,"[['Friday', '11AM–10PM'], ['Saturday', '11AM–10PM'], ['Sunday', '12–10PM'], ['Monday', '11AM–10PM'], ['Tuesday', '11AM–10PM'], ['Wednesday', '11AM–10PM'], ['Thursday', '11AM–10PM']]"
0x885829c151415efb:0x90a0013668b3d42d,Sushi Masa Japanese Restaurant,"Sushi Masa Japanese Restaurant, 8590 Pelham Rd, Greenville, SC 29615",34.851101199999995,-82.2316524,"['Japanese restaurant', 'Sushi restaurant']",4.7,564,$$,"[['Thursday', '11:30AM–2PM'], ['Friday', '11:30AM–2PM'], ['Saturday', '12–2PM'], ['Sunday', 'Closed'], ['Monday', '5:30–9PM'], ['Tuesday', '11:30AM–2PM'], ['Wednesday', '11:30AM–2PM']]"
0x88fe7a14abf711c1:0x6abbd369f0031a85,Spring Rolls Asian Cuisine,"Spring Rolls Asian Cuisine, 375 King St, Charleston, SC 29401",32.785514299999996,-79.9361697,"['Asian restaurant', 'Japanese restaurant', 'Delivery Restaurant', 'Restaurant', 'Southeast Asian restaurant', 'Sushi restaurant', 'Thai restaurant']",4.0,148,$,"[['Thursday', '11AM–11PM'], ['Friday', '11AM–11:30PM'], ['Saturday', '11AM–11:30PM'], ['Sunday', '12–11PM'], ['Monday', '11AM–11PM'], ['Tuesday', '11AM–11PM'], ['Wednesday', '11AM–11PM']]"
0x88fe63db766cd9f9:0xfbdeb117c558689c,Seasons Of Japan,"Seasons Of Japan, 7620 Rivers Ave, North Charleston, SC 29406",32.9407612,-80.03840009999999,"['Japanese restaurant', 'Asian restaurant', 'Sushi restaurant']",4.2,877,$,"[['Thursday', '11AM–9:30PM'], ['Friday', '11AM–10PM'], ['Saturday', '11AM–10PM'], ['Sunday', '11:30AM–7PM'], ['Monday', '11AM–9:30PM'], ['Tuesday', '11AM–9:30PM'], ['Wednesday', '11AM–9:30PM']]"
0x88f8a274f4672b2d:0xe62a191d1b9cbe1d,Flaming Grill Supreme Buffet,"Flaming Grill Supreme Buffet, 115 Afton Ct, Columbia, SC 29212",34.075738699999995,-81.16050919999999,"['Buffet restaurant', 'Chinese restaurant', 'Japanese restaurant', 'Seafood restaurant']",3.8,2362,$,"[['Thursday', '11AM–9PM'], ['Friday', '11AM–10PM'], ['Saturday', '11AM–10PM'], ['Sunday', '11AM–9PM'], ['Monday', '11AM–9PM'], ['Tuesday', '11AM–9PM'], ['Wednesday', '11AM–9PM']]"
0x88f8a302a74ee74d:0x60ae8d4b615a7e3d,Tokyo Buffet Chinese Restaurant,"Tokyo Buffet Chinese Restaurant, 782 St Andrews Rd, Columbia, SC 29210",34.0434906,-81.1190986,"['Japanese restaurant', 'Chinese restaurant', 'Chinese takeaway', 'Takeout Restaurant', 'Restaurant']",3.7,638,$,"[['Thursday', '11AM–9:30PM'], ['Friday', '11AM–9:30PM'], ['Saturday', '11AM–9:30PM'], ['Sunday', '11AM–9:30PM'], ['Monday', '11AM–9:30PM'], ['Tuesday', 'Closed'], ['Wednesday', '11AM–9:30PM']]"
0x88f8baccf24c4487:0x5f401bd828be8b27,Grilled Teriyaki,"Grilled Teriyaki, 748 Harden St, Columbia, SC 29205",34.0002166,-81.0162643,['Japanese restaurant'],3.6,178,$,"[['Thursday', '11AM–10PM'], ['Friday', '11AM–3AM'], ['Saturday', '4PM–3AM'], ['Sunday', '2:30–8:30PM'], ['Monday', '11AM–10PM'], ['Tuesday', '11AM–10PM'], ['Wednesday', '11AM–10PM']]"
0x88ff66208c45e2d5:0x621cd78c5d7b7921,New Hibachi Grill & Supreme Buffet,"New Hibachi Grill & Supreme Buffet, 1390 Broad St, Sumter, SC 29150",33.956527,-80.3912694,"['Sushi restaurant', 'Asian restaurant', 'Buffet restaurant', 'Japanese restaurant']",3.5,374,$$,"[['Wednesday', '11AM–10:30PM'], ['Thursday', '11AM–10:30PM'], ['Friday', '11AM–10:30PM'], ['Saturday', '11AM–10:30PM'], ['Sunday', '11AM–10PM'], ['Monday', '11AM–10:30PM'], ['Tuesday', '11AM–10:30PM']]"
0x88ff0db66d9c2e17:0x5c688802b5f8a41c,Yummy Japanese Grill,"Yummy Japanese Grill, 1972 Paxville Hwy, Manning, SC 29102",33.6985525,-80.2255392,"['Grill', 'Asian restaurant', 'Japanese restaurant']",3.9,188,,"[['Wednesday', '11AM–8:30PM'], ['Thursday', '11AM–8:30PM'], ['Friday', '11AM–9PM'], ['Saturday', '11AM–9PM'], ['Sunday', '12–8:30PM'], ['Monday', 'Closed'], ['Tuesday', '11AM–8:30PM']]"
0x885762f125011569:0x2b4104dd822976b7,Soulisa's Fine Thai Dining,"Soulisa's Fine Thai Dining, 208 E Rutherford St, Landrum, SC 29356",35.1751135,-82.1874646,"['Thai restaurant', 'Asian fusion restaurant', 'Japanese restaurant', 'Sushi restaurant']",4.6,415,$$,"[['Wednesday', '11AM–9PM'], ['Thursday', '11AM–9PM'], ['Friday', '11AM–9PM'], ['Saturday', '11AM–9PM'], ['Sunday', 'Closed'], ['Monday', 'Closed'], ['Tuesday', '11AM–9PM']]"
0x88f8b1ca7faf22b7:0x70a72402e8faf4b2,Minato Japanese,"Minato Japanese, 1314 Leesburg Rd, Columbia, SC 29209",33.9748309,-80.93998069999999,"['Japanese restaurant', 'Authentic Japanese restaurant', 'Sushi restaurant', 'Sushi takeaway']",4.7,105,$,"[['Wednesday', '4–9PM'], ['Thursday', '4–9PM'], ['Friday', '4–9PM'], ['Saturday', '4–9PM'], ['Sunday', 'Closed'], ['Monday', '4–9PM'], ['Tuesday', '4–9PM']]"
0x88fe8be722641d37:0x9988e77c6b1c450d,Seasons of Japan,"Seasons of Japan, 1525 Old Trolley Rd, Summerville, SC 29485",32.967352,-80.1673666,['Japanese restaurant'],4.2,644,$,"[['Wednesday', '11:30AM–9PM'], ['Thursday', '11:30AM–9PM'], ['Friday', '11:30AM–9PM'], ['Saturday', '11:30AM–9PM'], ['Sunday', 'Closed'], ['Monday', '11:30AM–9PM'], ['Tuesday', '11:30AM–9PM']]"
0x88f8a4d04e7536c3:0xb6e4543240134831,Sushi & Hibachi To Go,"Sushi & Hibachi To Go, 1100 Elmwood Ave, Columbia, SC 29201",34.012709,-81.03988199999999,"['Sushi restaurant', 'Asian restaurant', 'Japanese restaurant']",4.2,378,$,"[['Wednesday', '10:30AM–9PM'], ['Thursday', '10:30AM–9PM'], ['Friday', '10:30AM–10PM'], ['Saturday', '10:30AM–10PM'], ['Sunday', 'Closed'], ['Monday', '10:30AM–9PM'], ['Tuesday', '10:30AM–9PM']]"
0x88fe7bee1fb74e8b:0xd6c650f41bab1538,Hibachi Grill,"Hibachi Grill, 1213 Savannah Hwy, Charleston, SC 29407",32.7837337,-79.997541,"['Japanese restaurant', 'Restaurant']",4.0,184,$$,"[['Wednesday', '11AM–9:30PM'], ['Thursday', '11AM–9:30PM'], ['Friday', '11AM–9:30PM'], ['Saturday', '11AM–9:30PM'], ['Sunday', '11AM–9:30PM'], ['Monday', '11AM–9:30PM'], ['Tuesday', '11AM–9:30PM']]"
0x88fe8be0d55cb77f:0x1aab8b76123dbb01,MadFish,"MadFish, 1580 Old Trolley Rd D, Summerville, SC 29485",32.9658813,-80.16779319999999,"['Sushi restaurant', 'Japanese restaurant']",4.1,292,,"[['Wednesday', '11AM–10PM'], ['Thursday', '11AM–10PM'], ['Friday', '11AM–10PM'], ['Saturday', '11AM–10PM'], ['Sunday', '12–10PM'], ['Monday', '11AM–10PM'], ['Tuesday', '11AM–10PM']]"
0x88f8a9925abf3ed7:0x9c772aa45ce3a0bf,Jin's Hibachi & Chinese,"Jin's Hibachi & Chinese, 4435 HardScrabble Rd #100, Columbia, SC 29229",34.1461465,-80.91176519999999,"['Chinese restaurant', 'Asian restaurant', 'Japanese restaurant']",4.1,258,$$,"[['Wednesday', '11AM–8PM'], ['Thursday', '11AM–8PM'], ['Friday', '11AM–8PM'], ['Saturday', '12–8PM'], ['Sunday', 'Closed'], ['Monday', 'Closed'], ['Tuesday', '11AM–8PM']]"
0x88f8a55e56df5667:0xccc399c832b9c99b,Hibachi Express,"Hibachi Express, 2313 N Beltline Blvd, Columbia, SC 29204",34.0201688,-80.99028109999999,"['Japanese restaurant', 'Asian restaurant', 'Restaurant']",3.7,152,,"[['Wednesday', '11AM–9:30PM'], ['Thursday', '11AM–9:30PM'], ['Friday', '11AM–10PM'], ['Saturday', '11AM–10PM'], ['Sunday', '12–9:30PM'], ['Monday', '11AM–9:30PM'], ['Tuesday', '11AM–9:30PM']]"
0x88fe640fc4dd6215:0xd0391689796ffea5,Hibachi Grill,"Hibachi Grill, 1000 Tanner Ford Blvd #270, Hanahan, SC 29410",32.9344081,-79.9994799,['Japanese restaurant'],4.0,87,$,"[['Tuesday', '11AM–10PM'], ['Wednesday', '11AM–10PM'], ['Thursday', '11AM–10PM'], ['Friday', '11AM–10PM'], ['Saturday', '11AM–10PM'], ['Sunday', 'Closed'], ['Monday', '11AM–10PM']]"
0x88f9cca7f4830d65:0xfc5af2956b9ce37e,Teriyaki Japan,"Teriyaki Japan, 110 Edgefield Rd, North Augusta, SC 29841",33.5237488,-81.9532787,['Authentic Japanese restaurant'],4.4,156,$$,"[['Tuesday', '11AM–10PM'], ['Wednesday', '11AM–10PM'], ['Thursday', '11AM–10PM'], ['Friday', '11AM–10:30PM'], ['Saturday', '11AM–10:30PM'], ['Sunday', '12–9:30PM'], ['Monday', 'Closed']]"
0x88fc70c0b2ddc8a1:0x54126e14070fff67,Fancy Sushi Bar & Grill,"Fancy Sushi Bar & Grill, 435 William Hilton Pkwy suite g, Hilton Head Island, SC 29926",32.2175569,-80.7036585,"['Sushi restaurant', 'Japanese restaurant']",4.2,138,$$,"[['Tuesday', '11AM–9PM'], ['Wednesday', '11AM–9PM'], ['Thursday', '11AM–9PM'], ['Friday', '11AM–10PM'], ['Saturday', '11AM–10PM'], ['Sunday', '12–9PM'], ['Monday', '11AM–9PM']]"
0x8900697eac253277:0xdef38025d31dfe64,Lil Tokyo,"Lil Tokyo, 780 Coastal Grand Cir # V-02, Myrtle Beach, SC 29577",33.703640799999995,-78.9234796,"['Sushi restaurant', 'Asian restaurant', 'Family restaurant', 'Japanese restaurant', 'Restaurant', 'Seafood restaurant', 'Steak house', 'Vegetarian restaurant']",4.4,888,$$,"[['Monday', '12–9PM'], ['Tuesday', '12–9PM'], ['Wednesday', '12–9PM'], ['Thursday', '12–9PM'], ['Friday', '11AM–10PM'], ['Saturday', '11AM–10PM'], ['Sunday', '12–9PM']]"
0x88f8af3caf785467:0x2500c8a4933b2241,Inakaya Japanese Restaurant,"Inakaya Japanese Restaurant, 224 Oneil Ct STE 9, Columbia, SC 29223",34.0689311,-80.95462719999999,"['Japanese restaurant', 'Asian restaurant', 'Sushi restaurant']",4.6,1054,$$,"[['Monday', '5–9:30PM'], ['Tuesday', '11:45AM–2PM'], ['Wednesday', '11:45AM–2PM'], ['Thursday', '11:45AM–2PM'], ['Friday', '11:45AM–2PM'], ['Saturday', '12AM–4:30PM'], ['Sunday', '4:30–9PM']]"
0x88f8abcfbc7598f9:0xafd34f417799d961,Edo Hibachi,"Edo Hibachi, 10120 Two Notch Rd #1b, Columbia, SC 29223",34.114682,-80.885548,"['Japanese restaurant', 'Asian restaurant', 'Takeout Restaurant', 'Sushi restaurant']",4.5,288,$,"[['Monday', '11AM–10PM'], ['Tuesday', '11AM–10PM'], ['Wednesday', '11AM–10PM'], ['Thursday', '11AM–10PM'], ['Friday', '11AM–10:30PM'], ['Saturday', '11AM–10:30PM'], ['Sunday', '11:30AM–9:30PM']]"
0x88f9cc85acea1ccb:0xa6fdc814d778398,Sabi Japanese,"Sabi Japanese, 332 E Martintown Rd, North Augusta, SC 29841",33.4962455,-81.9626005,"['Japanese restaurant', 'Asian restaurant', 'Sushi restaurant']",4.1,296,$$,"[['Monday', '11AM–9PM'], ['Tuesday', 'Closed'], ['Wednesday', '11AM–9PM'], ['Thursday', '11AM–9PM'], ['Friday', '11AM–9:30PM'], ['Saturday', '11:30AM–9:30PM'], ['Sunday', '11AM–9PM']]"
0x8900697b0044cffb:0xfe1a57c3918ebd52,Jimmyz Original Hibachi House,"Jimmyz Original Hibachi House, 1780 Pine Island Rd, Myrtle Beach, SC 29577",33.7039088,-78.9159536,"['Japanese restaurant', 'Asian fusion restaurant', 'Caterer']",4.0,677,$,"[['Sunday', '11AM–10PM'], ['Monday', '11AM–10PM'], ['Tuesday', '11AM–10PM'], ['Wednesday', '11AM–10PM'], ['Thursday', '11AM–10PM'], ['Friday', '11AM–10PM'], ['Saturday', '11AM–10PM']]"
0x88fe60e4ec866a5f:0x1e8899a0e3d0954c,Sanno Japanese Express Restaurant,"Sanno Japanese Express Restaurant, 134 St James Ave, Goose Creek, SC 29445",33.0013602,-80.0407002,"['Japanese restaurant', 'Restaurant']",4.5,577,$$,"[['Sunday', '12–9PM'], ['Monday', '11AM–9PM'], ['Tuesday', '11AM–9PM'], ['Wednesday', '11AM–9PM'], ['Thursday', '11AM–9PM'], ['Friday', '11AM–9PM'], ['Saturday', '11AM–9PM']]"
0x885690012233ed83:0x5cec634579d05544,Saiki Japanese Restaurant,"Saiki Japanese Restaurant, 709 Crossroads Plaza, Fort Mill, SC 29708",35.0603045,-80.9896255,"['Japanese restaurant', 'Teppanyaki restaurant']",4.1,124,$,"[['Sunday', '12–8PM'], ['Monday', '11AM–9PM'], ['Tuesday', '11AM–9PM'], ['Wednesday', '11AM–9PM'], ['Thursday', '11AM–9PM'], ['Friday', '11AM–9PM'], ['Saturday', '11AM–9PM']]"
0x88f84d337e64ce1b:0x36cf286fb0aac81d,Sakura Japanese Steak House,"Sakura Japanese Steak House, 1913 Whiskey Rd, Aiken, SC 29803",33.5215335,-81.7194597,"['Japanese restaurant', 'Bar', 'Sushi restaurant']",4.4,488,$$,"[['Sunday', '12–9PM'], ['Monday', '11AM–2PM'], ['Tuesday', '11AM–2PM'], ['Wednesday', '11AM–2PM'], ['Thursday', '11AM–2PM'], ['Friday', '11AM–2PM'], ['Saturday', '11AM–2PM']]"
0x88f84d08e9422c37:0x7507818d16ff2e50,Takosushi,"Takosushi, 210 The Alley SW, Aiken, SC 29803",33.560182399999995,-81.7217964,"['Sushi restaurant', 'Asian restaurant', 'Japanese restaurant']",4.4,408,$$,"[['Sunday', 'Closed'], ['Monday', '11AM–9PM'], ['Tuesday', '11AM–9PM'], ['Wednesday', '11AM–9PM'], ['Thursday', '11AM–9PM'], ['Friday', '11AM–9PM'], ['Saturday', '4–10PM']]"
0x88f9b2c9a05d5085:0x393af8917a035d2d,Sukiya Japanese Steak House,"Sukiya Japanese Steak House, 226 E Gate Dr, Aiken, SC 29803",33.5122794,-81.71563569999999,['Japanese steakhouse'],4.5,577,$$,"[['Sunday', '11AM–10PM'], ['Monday', '11AM–10PM'], ['Tuesday', '11AM–10PM'], ['Wednesday', '11AM–10PM'], ['Thursday', '11AM–10PM'], ['Friday', '11AM–11PM'], ['Saturday', '11AM–11PM']]"
0x890064fc2ab1d969:0x1aca01558f59d75e,Miyabi Japanese Restaurant,"Miyabi Japanese Restaurant, 9732 N Kings Hwy, Myrtle Beach, SC 29572",33.7811625,-78.7882305,['Japanese restaurant'],4.6,1230,$$,"[['Sunday', '4:30–9:30PM'], ['Monday', '4:30–9:30PM'], ['Tuesday', '4:30–9:30PM'], ['Wednesday', '4:30–9:30PM'], ['Thursday', '4:30–9:30PM'], ['Friday', '4:30–10PM'], ['Saturday', '4:30–10PM']]"
0x88585e63ef33224f:0x1ad74ff8cb9ef436,Zen Ramen and Sushi Burrito,"Zen Ramen and Sushi Burrito, 1067 Tiger Blvd #30, Clemson, SC 29631",34.6917748,-82.836269,"['Japanese restaurant', 'Ramen restaurant', 'Sushi restaurant']",4.4,478,$$,"[['Sunday', '12–9:30PM'], ['Monday', 'Closed'], ['Tuesday', '11:30AM–9:30PM'], ['Wednesday', '11:30AM–9:30PM'], ['Thursday', '11:30AM–9:30PM'], ['Friday', '11:30AM–10:30PM'], ['Saturday', '11:30AM–10:30PM']]"
0x88586466e6b6a147:0x9f691300545cff3e,Nami Asian Bistro,"Nami Asian Bistro, 1629 Marina Rd, Anderson, SC 29625",34.5247667,-82.802072,"['Japanese restaurant', 'Sushi restaurant']",4.5,213,$$,"[['Saturday', '5–10PM'], ['Sunday', 'Closed'], ['Monday', 'Closed'], ['Tuesday', '5–10PM'], ['Wednesday', '5–10PM'], ['Thursday', '5–10PM'], ['Friday', '5–10PM']]"
0x88582e78a04a9eb9:0x6b8a8e6b2abe3519,Chop Chop Grill,"Chop Chop Grill, 2112 Wade Hampton Blvd, Greenville, SC 29615",34.886188499999996,-82.3519211,['Authentic Japanese restaurant'],4.4,238,,"[['Saturday', '11AM–10PM'], ['Sunday', '11AM–3PM'], ['Monday', '11AM–9PM'], ['Tuesday', '11AM–9PM'], ['Wednesday', '11AM–9PM'], ['Thursday', '11AM–9PM'], ['Friday', '11AM–10PM']]"
0x88585c631c30e079:0x23a633979ba3cae7,Hachi Express Japanese Grille ( Central Sc),"Hachi Express Japanese Grille ( Central Sc), 107 Church St, Central, SC 29630",34.7239894,-82.7807684,"['Grill', 'Japanese restaurant']",4.3,278,$$,"[['Friday', '11AM–9PM'], ['Saturday', '11AM–9PM'], ['Sunday', '11AM–9PM'], ['Monday', '11AM–9PM'], ['Tuesday', '11AM–9PM'], ['Wednesday', '11AM–9PM'], ['Thursday', '11AM–9PM']]"
0x88fe63cb3e8a9203:0x3bc1004bb22473b4,Osaka Modern Asian,"Osaka Modern Asian, 2611 Ashley Phosphate Rd, North Charleston, SC 29418",32.9331467,-80.052595,"['Asian restaurant', 'Fine dining restaurant', 'Japanese restaurant', 'Japanese steakhouse', 'Salad shop', 'Soup shop', 'Sushi restaurant']",4.1,18,,
0x88fe6356d1e21e3b:0x59cbc1a012f0d819,Taste Of Tokyo,"Taste Of Tokyo, 3032 W Montague Ave #204, North Charleston, SC 29418",32.8671802,-80.0136907,['Japanese restaurant'],4.0,568,$,"[['Friday', '11AM–10:30PM'], ['Saturday', '11AM–10:30PM'], ['Sunday', '12–10PM'], ['Monday', '11AM–10PM'], ['Tuesday', '11AM–10PM'], ['Wednesday', '11AM–10PM'], ['Thursday', '11AM–10PM']]"
0x88fe63979ec11601:0xc3a8ec8b03852dcd,Wong's Asian Bistro,"Wong's Asian Bistro, 6601 Rivers Ave, North Charleston, SC 29406",32.917058499999996,-80.0285598,"['Asian restaurant', 'Dim sum restaurant', 'Japanese restaurant', 'Vietnamese restaurant']",4.5,6,,"[['Friday', '11AM–11PM'], ['Saturday', '11AM–11PM'], ['Sunday', '11AM–10PM'], ['Monday', 'Closed'], ['Tuesday', '11AM–10PM'], ['Wednesday', '11AM–10PM'], ['Thursday', '11AM–10PM']]"
0x88fe7c59cc8ab015:0x2ec1a12bbb8907a2,Bushido Japanese Restaurant,"Bushido Japanese Restaurant, 1975 Magwood Dr, Charleston, SC 29414",32.8131854,-80.0420987,"['Authentic Japanese restaurant', 'Japanese restaurant', 'Restaurant', 'Sushi restaurant']",4.2,258,$$,"[['Friday', '11AM–9:30PM'], ['Saturday', '11AM–9:30PM'], ['Sunday', '2–9:30PM'], ['Monday', '11AM–9:30PM'], ['Tuesday', '11AM–9:30PM'], ['Wednesday', '11AM–9:30PM'], ['Thursday', '11AM–9:30PM']]"
0x88fe8b39b0d36107:0x969025822891bc76,Wasabi Japanese Steakhouse,"Wasabi Japanese Steakhouse, 202 Berkeley Cir, Summerville, SC 29483",33.036455,-80.162133,"['Japanese restaurant', 'Steak house', 'Sushi restaurant']",4.2,1928,$$,"[['Friday', '11:30AM–10:30PM'], ['Saturday', '12–10:30PM'], ['Sunday', '12–9PM'], ['Monday', '11:30AM–9:30PM'], ['Tuesday', '11:30AM–9:30PM'], ['Wednesday', '11:30AM–9:30PM'], ['Thursday', '11:30AM–9:30PM']]"
0x88fe89cec7b9eb69:0xade04b500264a9f5,Tsunami North Charleston,"Tsunami North Charleston, 8530 Dorchester Rd #108, North Charleston, SC 29420",32.918624099999995,-80.1138866,"['Sushi restaurant', 'Asian fusion restaurant', 'Japanese restaurant']",4.2,455,$$,"[['Friday', '11AM–10PM'], ['Saturday', '11AM–10PM'], ['Sunday', '12–10PM'], ['Monday', '11AM–10PM'], ['Tuesday', '11AM–10PM'], ['Wednesday', '11AM–10PM'], ['Thursday', '11AM–10PM']]"
0x885828c3fd0f656d:0x52aa58ca7ea53bda,Hibachi Grill & Buffet,"Hibachi Grill & Buffet, 1255 Woodruff Rd, Greenville, SC 29607",34.822379999999995,-82.28538999999999,"['Chinese restaurant', 'Asian restaurant', 'Buffet restaurant', 'Japanese restaurant']",3.8,1273,$,"[['Friday', '11AM–10PM'], ['Saturday', '11AM–10PM'], ['Sunday', '11AM–9:30PM'], ['Monday', '11AM–9:30PM'], ['Tuesday', '11AM–9:30PM'], ['Wednesday', '11AM–9:30PM'], ['Thursday', '11AM–9:30PM']]"
0x88582ee4d9b56b61:0xdde6c0ffe2e1da38,Sarku Japan,"Sarku Japan, 700 Haywood Rd Space 2109, Greenville, SC 29607",34.8493189,-82.3335657,"['Japanese restaurant', 'Fast food restaurant', 'Restaurant', 'Sushi restaurant', 'Teppanyaki restaurant']",4.2,136,$,"[['Friday', '10AM–9PM'], ['Saturday', '10AM–9PM'], ['Sunday', '12–7PM'], ['Monday', '11AM–8PM'], ['Tuesday', '11AM–8PM'], ['Wednesday', '11AM–8PM'], ['Thursday', '11AM–8PM']]"
0x88fe8b86e36ee5e5:0x6cab1822e9de4f42,Myles and Jun Yakitori Japanese Char Grill,"Myles and Jun Yakitori Japanese Char Grill, 710 Bacons Bridge Rd, Summerville, SC 29485",32.9990477,-80.1848225,"['Yakitori restaurant', 'Japanese restaurant']",4.8,791,$$,"[['Thursday', '4–9PM'], ['Friday', '4–10PM'], ['Saturday', '4–10PM'], ['Sunday', 'Closed'], ['Monday', '4–9PM'], ['Tuesday', '4–9PM'], ['Wednesday', '4–9PM']]"
0x8857d43cdbc8fdef:0xd15e63945406ff1c,Tokyo Grill,"Tokyo Grill, 111 Heritage Dr, Newberry, SC 29108",34.283045,-81.5916538,"['Asian restaurant', 'Fast food restaurant', 'Japanese restaurant']",4.0,238,$,"[['Thursday', '11AM–9:30PM'], ['Friday', '11AM–10PM'], ['Saturday', '11AM–10PM'], ['Sunday', '11:30AM–9PM'], ['Monday', '11AM–9:30PM'], ['Tuesday', '11AM–9:30PM'], ['Wednesday', '11AM–9:30PM']]"
0x885828c9294b6125:0x403e08e3444309c1,Fusion Japanese Steakhouse and Sushi Bar,"Fusion Japanese Steakhouse and Sushi Bar, 16 Park Woodruff Dr, Greenville, SC 29607",34.8234731,-82.2943043,"['Japanese steakhouse', 'Asian fusion restaurant', 'Bar', 'Fine dining restaurant', 'Restaurant', 'Sushi restaurant']",4.3,1161,$$,"[['Thursday', '4:30–9:30PM'], ['Friday', '4:30–10:30PM'], ['Saturday', '11:30AM–10:30PM'], ['Sunday', '11:30AM–9:30PM'], ['Monday', '4:30–9:30PM'], ['Tuesday', '4:30–9:30PM'], ['Wednesday', '4:30–9:30PM']]"
0x8855d65520d1069f:0xc0269a91d8159078,Akina,"Akina, 533 Lancaster Bypass E, Lancaster, SC 29720",34.7308672,-80.7609331,['Japanese restaurant'],4.3,198,$$,"[['Thursday', '11AM–10PM'], ['Friday', '11AM–10PM'], ['Saturday', '11AM–10PM'], ['Sunday', '11AM–10PM'], ['Monday', '11AM–10PM'], ['Tuesday', 'Closed'], ['Wednesday', '11AM–10PM']]"
0x890064fae177303d:0x72dcc7e412c0ad11,Nakato Japanese Steakhouse,"Nakato Japanese Steakhouse, 9912 N Kings Hwy, Myrtle Beach, SC 29572",33.78368,-78.784297,"['Japanese restaurant', 'Asian restaurant', 'Japanese steakhouse', 'Restaurant', 'Sushi restaurant']",4.4,928,$$,"[['Thursday', '4–10PM'], ['Friday', '4–10PM'], ['Saturday', '4–10PM'], ['Sunday', '12–10PM'], ['Monday', 'Open 24 hours'], ['Tuesday', '4–10PM'], ['Wednesday', '4–10PM']]"
0x88582b1e6d112429:0x6ecb61bbc70e3cd8,Hibachi Cafe,"Hibachi Cafe, 1301 W Wade Hampton Blvd, Greer, SC 29650",34.9409801,-82.2585313,"['Japanese restaurant', 'Asian restaurant', 'Sushi restaurant']",4.1,368,$,"[['Wednesday', '11AM–10PM'], ['Thursday', '11AM–10PM'], ['Friday', '11AM–10PM'], ['Saturday', '12–10PM'], ['Sunday', '12–10PM'], ['Monday', '11AM–10PM'], ['Tuesday', 'Closed']]"
0x88fc79aa1dd13d61:0x67ed4aaba32dfd74,Asian Bistro,"Asian Bistro, 51 New Orleans Rd, Hilton Head Island, SC 29928",32.15524,-80.75905,"['Asian restaurant', 'Chinese restaurant', 'Japanese restaurant', 'Sushi restaurant', 'Thai restaurant']",4.2,526,$$,"[['Wednesday', '11AM–10PM'], ['Thursday', '11AM–10PM'], ['Friday', '11AM–10PM'], ['Saturday', '11AM–10PM'], ['Sunday', '11AM–10PM'], ['Monday', '11AM–10PM'], ['Tuesday', '11AM–10PM']]"
0x89004031ee9827db:0xb3f2461d5d2620da,Miyabi Jr. Japanese Express,"Miyabi Jr. Japanese Express, 2735 Beaver Run Blvd, Myrtle Beach, SC 29575",33.6468178,-78.97973929999999,"['Japanese restaurant', 'Restaurant']",4.6,728,$$,"[['Wednesday', '11:30AM–9PM'], ['Thursday', '11:30AM–9PM'], ['Friday', '11:30AM–9PM'], ['Saturday', '11:30AM–9PM'], ['Sunday', '11:30AM–9PM'], ['Monday', '11:30AM–9PM'], ['Tuesday', '11:30AM–9PM']]"
0x890040326eed9fa1:0x8777f0b0bf523258,Mon Cafe Japan (Surfside),"Mon Cafe Japan (Surfside), 2734 Beaver Run Blvd # A, Surfside Beach, SC 29575",33.647387,-78.977796,"['Japanese restaurant', 'Asian restaurant']",4.6,628,$,"[['Wednesday', '11AM–9PM'], ['Thursday', '11AM–9PM'], ['Friday', '11AM–9PM'], ['Saturday', '11AM–9PM'], ['Sunday', '11:30AM–9PM'], ['Monday', '11AM–9PM'], ['Tuesday', '11AM–9PM']]"
0x885868cf0db388ef:0x179c8d3c06af411a,Imperial Grill,"Imperial Grill, 3517 Clemson Blvd, Anderson, SC 29621",34.5513105,-82.67824019999999,"['Buffet restaurant', 'Chinese restaurant', 'Japanese restaurant', 'Restaurant']",4.1,786,$,"[['Tuesday', 'Closed'], ['Wednesday', '11AM–9PM'], ['Thursday', '11AM–9PM'], ['Friday', '11AM–9:30PM'], ['Saturday', '11AM–9:30PM'], ['Sunday', '11AM–9PM'], ['Monday', '11AM–9PM']]"
0x8858487ed9f9cd6f:0xb96ee73f1bc4cfc6,Atami Express,"Atami Express, 1017 S Pendleton St, Easley, SC 29642",34.8167469,-82.6005572,"['Japanese restaurant', 'Restaurant']",4.3,418,$,"[['Tuesday', '11AM–9PM'], ['Wednesday', '11AM–9PM'], ['Thursday', '11AM–9PM'], ['Friday', '11AM–9PM'], ['Saturday', '11AM–9PM'], ['Sunday', 'Closed'], ['Monday', '11AM–9PM']]"
0x88584611576b69e5:0x48b014301491a662,Dozo Sushi & Habachi Restaurant,"Dozo Sushi & Habachi Restaurant, 6606 Calhoun Memorial Hwy, Easley, SC 29640",34.822216,-82.5883484,"['Sushi restaurant', 'Japanese restaurant', 'Restaurant']",4.3,713,$$,"[['Tuesday', '11:30AM–10PM'], ['Wednesday', '11:30AM–10PM'], ['Thursday', '11:30AM–10PM'], ['Friday', '11:30AM–10PM'], ['Saturday', '12–10PM'], ['Sunday', '12–9PM'], ['Monday', '11:30AM–10PM']]"
0x890068f08bd7f139:0x3af854bdee42e727,Soho Steak & Seafood Sushi Bar,"Soho Steak & Seafood Sushi Bar, 407 21st Ave N, Myrtle Beach, SC 29577",33.7016668,-78.87166669999999,"['Sushi restaurant', 'Bar & grill', 'Chinese restaurant', 'Eclectic restaurant', 'Fusion restaurant', 'Japanese restaurant', 'Mediterranean restaurant', 'Restaurant', 'Seafood restaurant', 'Steak house']",4.3,1948,$$,"[['Tuesday', '11:30AM–1AM'], ['Wednesday', '11:30AM–1AM'], ['Thursday', '11:30AM–1AM'], ['Friday', '11:30AM–1AM'], ['Saturday', '11:30AM–1AM'], ['Sunday', '11:30AM–1AM'], ['Monday', '11:30AM–1AM']]"
0x8858f4f0d5597eb1:0xd77bc42e922bdb62,Solé Grill and Sushi Bar,"Solé Grill and Sushi Bar, 700 By Pass, 123, Seneca, SC 29678",34.698088399999996,-82.9636398,"['Sushi restaurant', 'Asian restaurant', 'Bar', 'Bar & grill', 'Japanese restaurant', 'Seafood restaurant']",4.6,448,$$,"[['Tuesday', '4–10PM'], ['Wednesday', '4–10PM'], ['Thursday', '4–10PM'], ['Friday', '4–10PM'], ['Saturday', '4–10PM'], ['Sunday', 'Closed'], ['Monday', '4–10PM']]"
0x88fe6da005dc0165:0x1cba4d50e1d4c4ce,Wasabi of Mount Pleasant,"Wasabi of Mount Pleasant, 1121 Oakland Market Rd Suite P, Mt Pleasant, SC 29466",32.8630212,-79.7857531,"['Japanese restaurant', 'Sushi restaurant']",4.3,295,$$,"[['Tuesday', '11:30AM–2:30PM'], ['Wednesday', '11:30AM–2:30PM'], ['Thursday', '11:30AM–2:30PM'], ['Friday', '11:30AM–10:30PM'], ['Saturday', '11:30AM–10:30PM'], ['Sunday', '11:30AM–9:30PM'], ['Monday', '11:30AM–2:30PM']]"
0x88f8bb29fa0f92cb:0x36e5d9d5dd49e1a3,Hibachi House,"Hibachi House, 937 Main St, Columbia, SC 29201",33.9982615,-81.0324686,['Japanese restaurant'],3.6,247,$,"[['Tuesday', '11AM–9:30PM'], ['Wednesday', '11AM–9:30PM'], ['Thursday', '11AM–9:30PM'], ['Friday', '11AM–10:30PM'], ['Saturday', '11AM–10:30PM'], ['Sunday', '12–9:30PM'], ['Monday', '11AM–9:30PM']]"
0x885831d19f4e5c2b:0xfba562761c1e9685,Tsunami restaurant,"Tsunami restaurant, 106 E North St, Greenville, SC 29601",34.851991999999996,-82.397092,"['Sushi restaurant', 'Japanese restaurant', 'Japanese steakhouse']",4.5,772,$$,"[['Tuesday', '11:30AM–2PM'], ['Wednesday', '11:30AM–2PM'], ['Thursday', '11:30AM–2PM'], ['Friday', '11:30AM–2PM'], ['Saturday', '5–11PM'], ['Sunday', '5–10PM'], ['Monday', '11:30AM–2PM']]"
0x88579d91a20ee07f:0x33135f7d78a1264a,Kanpai of Tokyo,"Kanpai of Tokyo, 2300 Winchester Pl, Spartanburg, SC 29301",34.9368951,-81.9822652,['Japanese restaurant'],3.9,837,$$,"[['Tuesday', '11:30AM–1:30PM'], ['Wednesday', '11:30AM–1:30PM'], ['Thursday', '11:30AM–1:30PM'], ['Friday', '11:30AM–1:30PM'], ['Saturday', '11:30AM–1:30PM'], ['Sunday', 'Closed'], ['Monday', '11:30AM–1:30PM']]"
0x88fc7193e5246393:0xcb189a7052112076,OKKO Japanese Sushi & Hibachi Restaurant,"OKKO Japanese Sushi & Hibachi Restaurant, 95 Mathews Dr Suite C, Hilton Head Island, SC 29926",32.2112085,-80.7003316,"['Japanese restaurant', 'Chinese restaurant', 'Japanese steakhouse', 'Restaurant', 'Sushi restaurant', 'Thai restaurant']",4.4,448,,"[['Monday', '11AM–10:30PM'], ['Tuesday', '11AM–10:30PM'], ['Wednesday', '11AM–10:30PM'], ['Thursday', '11AM–10:30PM'], ['Friday', '11AM–11PM'], ['Saturday', '11AM–11PM'], ['Sunday', '11AM–10:30PM']]"
0x88f8a55c76a9b673:0xd4aa31e5fec16d56,Tokyo Grill,"Tokyo Grill, 3151 Forest Dr, Columbia, SC 29204",34.0177589,-80.9943578,['Japanese restaurant'],4.2,238,$,"[['Monday', '11AM–9:30PM'], ['Tuesday', '11AM–9:30PM'], ['Wednesday', '11AM–9:30PM'], ['Thursday', '11AM–9:30PM'], ['Friday', '11AM–10PM'], ['Saturday', '11AM–10PM'], ['Sunday', '11:30AM–9PM']]"
0x885831d203cb9517:0x89c9f9e9ebbd0860,Sushi Murasaki,"Sushi Murasaki, 2 S Main St, Greenville, SC 29601",34.8506663,-82.39920339999999,"['Sushi restaurant', 'Japanese restaurant', 'Restaurant']",4.4,984,$$,"[['Monday', '11AM–10:30PM'], ['Tuesday', '11AM–10:30PM'], ['Wednesday', '11AM–10:30PM'], ['Thursday', '11AM–10:30PM'], ['Friday', '11AM–10:30PM'], ['Saturday', '12–10:30PM'], ['Sunday', '12–10:30PM']]"
0x88fe7a728a8a81c3:0x86e6fa46e11abb78,SHIKI,"SHIKI, 334 E Bay St, Charleston, SC 29401",32.787575,-79.92877589999999,"['Sushi restaurant', 'Asian restaurant', 'Caterer', 'Delivery service', 'Authentic Japanese restaurant', 'Japanese restaurant', 'Lunch restaurant', 'Restaurant']",4.5,225,$$,"[['Monday', '11:30AM–2:30PM'], ['Tuesday', '11:30AM–2:30PM'], ['Wednesday', '11:30AM–2:30PM'], ['Thursday', '11:30AM–2:30PM'], ['Friday', '11:30AM–2:30PM'], ['Saturday', '5–10PM'], ['Sunday', 'Closed']]"
0x8858289353bfcdfd:0x409920c5710fb5a1,Sushi ASA,"Sushi ASA, 150 Tanner Rd #J, Greenville, SC 29607",34.815103,-82.274632,"['Sushi restaurant', 'Asian fusion restaurant', 'Japanese restaurant', 'Sushi takeaway']",4.6,495,$$,"[['Monday', '11AM–3PM'], ['Tuesday', '11AM–3PM'], ['Wednesday', '11AM–3PM'], ['Thursday', '11AM–3PM'], ['Friday', '11AM–3PM'], ['Saturday', '11AM–3PM'], ['Sunday', 'Closed']]"
0x88582efebe76a7cf:0x346822e59cb42cd9,Kanpai of Toyko,"Kanpai of Toyko, 533 Haywood Rd, Greenville, SC 29607",34.8464902,-82.340908,"['Restaurant', 'Japanese restaurant', 'Sushi restaurant']",3.9,914,$$,"[['Sunday', '11:30AM–1:30PM'], ['Monday', 'Closed'], ['Tuesday', 'Closed'], ['Wednesday', '11:30AM–1:30PM'], ['Thursday', '11:30AM–1:30PM'], ['Friday', '11:30AM–1:30PM'], ['Saturday', '11:30AM–1:30PM']]"
0x88583021f1f66c3f:0xefe03708d3f8b15b,Joy of Tokyo II,"Joy of Tokyo II, 2123 Augusta St E, Greenville, SC 29605",34.824486799999995,-82.39286299999999,"['Japanese restaurant', 'Asian restaurant']",4.0,288,$,"[['Sunday', '11AM–9PM'], ['Monday', 'Closed'], ['Tuesday', '11AM–9PM'], ['Wednesday', '11AM–9PM'], ['Thursday', '11AM–9AM'], ['Friday', '11AM–9PM'], ['Saturday', 'Closed']]"
0x88f8d438ff397a95:0x2663c5b3c03e1c6e,Mr Hibachi Steak House,"Mr Hibachi Steak House, 915 Chestnut St, Orangeburg, SC 29115",33.5089318,-80.8540045,"['Steak house', 'Japanese restaurant', 'Restaurant']",4.3,468,$$,"[['Sunday', 'Closed'], ['Monday', '11AM–9:30PM'], ['Tuesday', '11AM–9:30PM'], ['Wednesday', '11AM–9:30PM'], ['Thursday', '11AM–9:30PM'], ['Friday', '11AM–10PM'], ['Saturday', '11AM–10PM']]"
0x885827ca98543df5:0x200665ae218aa5e8,Fuji Hibachi Wok & Sushi,"Fuji Hibachi Wok & Sushi, 1000 NE Main St #2, Simpsonville, SC 29681",34.7564521,-82.2681139,"['Restaurant', 'Chinese restaurant', 'Japanese restaurant']",4.3,153,,"[['Sunday', '11:30AM–9:15PM'], ['Monday', 'Closed'], ['Tuesday', '11AM–9:15PM'], ['Wednesday', '11AM–9:15PM'], ['Thursday', '11AM–9:15PM'], ['Friday', '11AM–9:45PM'], ['Saturday', '11AM–9:45PM']]"
0x88fe7b76b291dabb:0xe938fe817c1f5427,Ichiban Steak House & Asian Fusion,"Ichiban Steak House & Asian Fusion, 1716 Old Towne Rd, Charleston, SC 29407",32.8179361,-79.9923639,"['Asian fusion restaurant', 'Asian restaurant', 'Chinese restaurant', 'Japanese restaurant', 'Japanese steakhouse', 'Sushi restaurant', 'Teppanyaki restaurant']",4.4,930,$$,"[['Sunday', '12–10PM'], ['Monday', '11AM–10PM'], ['Tuesday', '11AM–10PM'], ['Wednesday', '11AM–10PM'], ['Thursday', '11AM–10PM'], ['Friday', '11AM–11PM'], ['Saturday', '11AM–11PM']]"
0x88fe70f6111afbe1:0x53d246525d3aa2c8,Ichiban Japanese Restaurant,"Ichiban Japanese Restaurant, 909 Houston Northcutt Blvd, Mt Pleasant, SC 29464",32.80245,-79.88811009999999,['Japanese restaurant'],4.3,118,$,
0x8858299d30ee79b1:0xa34e8e4a00413a22,Tokyo Cafe,"Tokyo Cafe, 413 The Parkway, Greer, SC 29650",34.8718504,-82.2563045,"['Japanese restaurant', 'Asian fusion restaurant', 'Cafe', 'Takeout Restaurant', 'Restaurant']",4.5,404,$$,"[['Saturday', '11AM–11PM'], ['Sunday', '12–10PM'], ['Monday', '11AM–10PM'], ['Tuesday', '11AM–10PM'], ['Wednesday', '11AM–10PM'], ['Thursday', '11AM–10PM'], ['Friday', '11AM–11PM']]"
0x88585e5e15ec92b9:0xfb3c227f49dbca7e,Tokyo Japanese Restaurant,"Tokyo Japanese Restaurant, 906 Tiger Blvd, Clemson, SC 29631",34.691978999999996,-82.8451618,"['Japanese restaurant', 'Asian restaurant', 'Japanese steakhouse', 'Restaurant', 'Sushi restaurant']",4.4,468,$$,"[['Friday', '11:30AM–2:30PM'], ['Saturday', '3–11PM'], ['Sunday', 'Closed'], ['Monday', '11:30AM–2:30PM'], ['Tuesday', '11:30AM–2:30PM'], ['Wednesday', '11:30AM–2:30PM'], ['Thursday', '11:30AM–2:30PM']]"
0x88585e643462922d:0x12e1d17909a98c94,Blue Heron Restaurant & Sushi Bar,"Blue Heron Restaurant & Sushi Bar, 134 Exchange St, Pendleton, SC 29670",34.6509071,-82.7830412,"['Seafood restaurant', 'Bar', 'Japanese restaurant', 'Sushi restaurant']",4.3,598,$$,"[['Friday', '4:30–10PM'], ['Saturday', '4:30–10PM'], ['Sunday', '4:30–9PM'], ['Monday', '4:30–9PM'], ['Tuesday', '4:30–9PM'], ['Wednesday', '4:30–9PM'], ['Thursday', '4:30–10PM']]"
0x88fe6170b29a6ddb:0xa380533d8c25a075,Yokoso Japanese Steakhouse North Charleston,"Yokoso Japanese Steakhouse North Charleston, 8601 S Antler Dr, North Charleston, SC 29406",32.962784299999996,-80.04768279999999,"['Japanese steakhouse', 'Asian fusion restaurant', 'Sushi restaurant']",4.2,1132,$$,"[['Thursday', '5–10PM'], ['Friday', '4–10PM'], ['Saturday', '4–10PM'], ['Sunday', '4–10PM'], ['Monday', '5–10PM'], ['Tuesday', '5–10PM'], ['Wednesday', '5–10PM']]"
0x88568f5532738e1b:0x7b4ef664516d3d0a,Sakura Japanese Steakhouse + Sushi,"Sakura Japanese Steakhouse + Sushi, 850 Patriot Pkwy, Rock Hill, SC 29730",34.9692863,-80.989177,"['Japanese steakhouse', 'Japanese restaurant', 'Sushi restaurant']",4.3,688,$$,"[['Wednesday', '4–9PM'], ['Thursday', '4–9PM'], ['Friday', '4–9PM'], ['Saturday', '12–9PM'], ['Sunday', '12–9PM'], ['Monday', 'Closed'], ['Tuesday', '4–9PM']]"
0x8900691f848c698f:0x228ccab7f51f3a6a,YAMATO,"YAMATO, 1213 Celebrity Circle R 5, Myrtle Beach, SC 29577",33.7155304,-78.8811138,"['Japanese steakhouse', 'Asian restaurant', 'Japanese restaurant', 'Restaurant', 'Seafood restaurant', 'Steak house', 'Sushi restaurant']",4.5,1018,$$,"[['Wednesday', '4:30–9:30PM'], ['Thursday', '4:30–9:30PM'], ['Friday', '4:30–9:30PM'], ['Saturday', '4–9:30PM'], ['Sunday', '4:30–9:30PM'], ['Monday', '4:30–9:30PM'], ['Tuesday', '4:30–9:30PM']]"
0x88fe7c1547fa8b81:0xafdad3c12140e6b5,Zen Asian Fusion,"Zen Asian Fusion, 2037 Sam Rittenberg Blvd, Charleston, SC 29407",32.792449,-80.02976699999999,"['Asian restaurant', 'Chinese restaurant', 'Japanese restaurant', 'Sushi restaurant']",4.5,1198,$$,"[['Wednesday', '11AM–3PM'], ['Thursday', '11AM–3PM'], ['Friday', '11AM–3PM'], ['Saturday', '11AM–10:30PM'], ['Sunday', '12–9:30PM'], ['Monday', '11AM–3PM'], ['Tuesday', 'Closed']]"
0x885693c45190dee5:0x420a3cb803cb0b95,Kochi by the Lake,"Kochi by the Lake, 5360 Hwy 557, Lake Wylie, SC 29710",35.1205188,-81.0895745,['Japanese restaurant'],4.1,634,$$,"[['Tuesday', '11AM–8:45PM'], ['Wednesday', '11AM–8:45PM'], ['Thursday', '11AM–8:45PM'], ['Friday', '11AM–8:45PM'], ['Saturday', '11AM–8:45PM'], ['Sunday', '11AM–8:45PM'], ['Monday', '11AM–8:45PM']]"
0x890031138198b42d:0xc34fc6083deff910,Indo Asian Bistro & Sushi Bar,"Indo Asian Bistro & Sushi Bar, 4620 Dick Pond Rd suite i, Myrtle Beach, SC 29588",33.6702048,-78.9974158,"['Restaurant', 'Asian fusion restaurant', 'Asian restaurant', 'Bar', 'Japanese restaurant', 'Southeast Asian restaurant', 'Sushi restaurant', 'Thai restaurant']",4.2,278,$$,"[['Monday', '11AM–10PM'], ['Tuesday', '11AM–10PM'], ['Wednesday', '11AM–10PM'], ['Thursday', '11AM–10PM'], ['Friday', '11AM–10PM'], ['Saturday', '4–10PM'], ['Sunday', '4–10PM']]"
0x88fe8b6b72b9cae3:0x3b72baacb192c155,Yokoso Japanese Steakhouse Summerville,"Yokoso Japanese Steakhouse Summerville, 106 Parkway Ave, Summerville, SC 29483",33.023514,-80.167079,"['Japanese steakhouse', 'Asian restaurant', 'Japanese restaurant', 'Steak house', 'Sushi restaurant']",4.5,1672,$$,"[['Sunday', '4–10PM'], ['Monday', '5–10PM'], ['Tuesday', '5–10PM'], ['Wednesday', '5–10PM'], ['Thursday', '5–10PM'], ['Friday', '4–10PM'], ['Saturday', '4–10PM']]"
0x88fef54d4aa50c01:0x33d0e69b4369f2b9,Sanno Grill,"Sanno Grill, 2139 N Main St # D, Summerville, SC 29483",33.0455922,-80.11094949999999,"['Japanese restaurant', 'Restaurant']",4.3,297,$,"[['Sunday', 'Closed'], ['Monday', 'Closed'], ['Tuesday', '11AM–9PM'], ['Wednesday', '11AM–9PM'], ['Thursday', '11AM–9PM'], ['Friday', '11AM–9PM'], ['Saturday', '11AM–9PM']]"
0x8900129bce286393:0x6215c7df762b6032,Jo Hibachi,"Jo Hibachi, 300 Elm St, Conway, SC 29526",33.834393,-79.048193,"['Japanese restaurant', 'Asian restaurant', 'Restaurant']",4.7,455,$,"[['Saturday', '4:30–9PM'], ['Sunday', 'Closed'], ['Monday', '11AM–9PM'], ['Tuesday', '11AM–9PM'], ['Wednesday', '11AM–9PM'], ['Thursday', '11AM–9PM'], ['Friday', '11AM–9PM']]"
0x890068ce500a7977:0xad80e26e55fdbcf0,Jade Hibachi,"Jade Hibachi, 201 Graduate Rd #107, Conway, SC 29526",33.7974539,-79.0011456,"['Japanese restaurant', 'Delivery Restaurant']",2.5,193,$,"[['Saturday', '11AM–10PM'], ['Sunday', '11AM–10PM'], ['Monday', '11AM–10PM'], ['Tuesday', '11AM–10PM'], ['Wednesday', '11AM–10PM'], ['Thursday', '11AM–10PM'], ['Friday', '11AM–10PM']]"
0x88fe7a6baca0e175:0xb5caabd377ec2d2,O-Ku,"O-Ku, 463 King St, Charleston, SC 29403",32.7889865,-79.9386684,"['Japanese restaurant', 'Asian restaurant', 'Bar', 'Authentic Japanese restaurant', 'Restaurant', 'Seafood restaurant', 'Sushi restaurant']",4.5,696,$$$,"[['Saturday', '5PM–1AM'], ['Sunday', '5–10PM'], ['Monday', '5–10PM'], ['Tuesday', '5–10PM'], ['Wednesday', '5–10PM'], ['Thursday', '5–10PM'], ['Friday', '5PM–1AM']]"
0x885566ea958ccffd:0xe088a9bf389b9067,Miyami Japanese Steakhouse,"Miyami Japanese Steakhouse, 2007 W Evans St, Florence, SC 29501",34.195308,-79.8056794,"['Asian restaurant', 'Japanese restaurant']",4.2,632,$$,"[['Saturday', '5–11PM'], ['Sunday', '11:30AM–2PM'], ['Monday', '11:30AM–2PM'], ['Tuesday', '11:30AM–2PM'], ['Wednesday', '11:30AM–2PM'], ['Thursday', '11:30AM–2PM'], ['Friday', '11:30AM–2PM']]"
0x88fe72164e441973:0xaf640b829c1dc29f,Yamato Japanese Steakhouse and Sushi Bar,"Yamato Japanese Steakhouse and Sushi Bar, 1993 Riviera Dr #7401, Mt Pleasant, SC 29464",32.8212748,-79.8148389,['Japanese restaurant'],4.1,258,$$,"[['Saturday', '4–10PM'], ['Sunday', '4–10PM'], ['Monday', '5–10PM'], ['Tuesday', '5–10PM'], ['Wednesday', '5–10PM'], ['Thursday', '5–10PM'], ['Friday', '5–10PM']]"
0x88fc0ce7aee37371:0xb7ad14b2c182d109,Yama,"Yama, 1370 Ribaut Rd, Port Royal, SC 29935",32.3980102,-80.6860275,"['Japanese restaurant', 'Sushi restaurant', 'Teppanyaki restaurant']",4.1,297,$$,"[['Saturday', '4:30–10PM'], ['Sunday', '12–2:30PM'], ['Monday', '11AM–2:30PM'], ['Tuesday', '11AM–2:30PM'], ['Wednesday', '11AM–2:30PM'], ['Thursday', '11AM–2:30PM'], ['Friday', '11AM–2:30PM']]"
0x88fe6344d8db5147:0x64c9d15d0e091dd3,Sake House Japanese Sushi & Hibachi Restaurant,"Sake House Japanese Sushi & Hibachi Restaurant, 4952 Centre Pointe Dr #112, North Charleston, SC 29418",32.874795999999996,-80.02251799999999,"['Japanese restaurant', 'Asian restaurant', 'Cocktail bar', 'Seafood restaurant', 'Steak house', 'Sushi restaurant', 'Teppanyaki restaurant']",4.0,1122,$$,"[['Thursday', '11AM–10PM'], ['Friday', '11AM–10:30PM'], ['Saturday', '11:30AM–10:30PM'], ['Sunday', '11:30AM–10PM'], ['Monday', '11AM–10PM'], ['Tuesday', '11AM–10PM'], ['Wednesday', '11AM–10PM']]"
