gmap_id,name,address,latitude,longitude,category,avg_rating,num_of_reviews,price,hours
0x8864665bb7f7a24d:0x3eaaf062ed6f3ec8,Ichiban Japanese Restaurant,"Ichiban Japanese Restaurant, 109 2nd Ave N, Nashville, TN 37201",36.1621368,-86.775656,"['Japanese restaurant', 'Asian restaurant', 'Restaurant', 'Seafood restaurant', 'Sushi restaurant']",4.3,48,$$,"[['Wednesday', '10AM–7PM'], ['Thursday', '10AM–6PM'], ['Friday', '10AM–6PM'], ['Saturday', '10AM–4PM'], ['Sunday', 'Closed'], ['Monday', '10AM–6PM'], ['Tuesday', '10AM–6PM']]"
0x885c143aff2b3931:0xc6a02ace9ff1d737,Sarku Japan,"Sarku Japan, East Towne, 3001 Knoxville Center Dr #2227, Knoxville, TN 37924",36.0340554,-83.8761263,"['Japanese restaurant', 'Asian restaurant', 'Fast food restaurant', 'Restaurant', 'Sushi restaurant', 'Teppanyaki restaurant']",3.9,8,$,"[['Saturday', '10AM–9PM'], ['Sunday', '12–6PM'], ['Monday', '10AM–9PM'], ['Tuesday', '10AM–9PM'], ['Wednesday', '10AM–9PM'], ['Thursday', '10AM–9PM'], ['Friday', '10AM–9PM']]"
0x887fa2ae5626f697:0xbf587800e7163eda,Iron Chef Sushi & Steakhouse,"Iron Chef Sushi & Steakhouse, 942 W Poplar Ave, Collierville, TN 38017",35.0484977,-89.69250939999999,"['Sushi restaurant', 'Japanese restaurant', 'Japanese steakhouse', 'Tempura restaurant']",4.5,25,,"[['Friday', '11AM–10:30PM'], ['Saturday', '11:30AM–10:30PM'], ['Sunday', '11:30AM–9PM'], ['Monday', '11AM–10PM'], ['Tuesday', '11AM–10PM'], ['Wednesday', '11AM–10PM'], ['Thursday', '11AM–10PM']]"
0x8864d9d162bb9e37:0x926f326d2526bba,Fujiyama,"Fujiyama, 2257 Wilma Rudolph Blvd #6193, Clarksville, TN 37040",36.5682723,-87.3044795,['Japanese restaurant'],4.9,58,,"[['Tuesday', 'Closed'], ['Wednesday', '11AM–9:30PM'], ['Thursday', '11AM–9:30PM'], ['Friday', '11AM–10PM'], ['Saturday', '11AM–10PM'], ['Sunday', '12–8:30PM'], ['Monday', '11AM–9:30PM']]"
0x885c2e8f581b449f:0x40d8b5b577b9eefb,Kasumi and Thai Cafe,"Kasumi and Thai Cafe, 743 N Campbell Station Rd, Knoxville, TN 37934",35.8972532,-84.17596859999999,"['Chinese restaurant', 'Asian restaurant', 'Japanese restaurant', 'Sushi restaurant', 'Thai restaurant']",3.9,38,$$,"[['Tuesday', 'Closed'], ['Wednesday', '11AM–10PM'], ['Thursday', '11AM–10PM'], ['Friday', '11AM–10PM'], ['Saturday', '11AM–10PM'], ['Sunday', '11AM–10PM'], ['Monday', '11AM–10PM']]"
0x887f9b08313f0e17:0xca6f8c044aa35894,Zen Japanese fine cuisine,"Zen Japanese fine cuisine, 1730 S Germantown Rd STE 125, Germantown, TN 38138",35.1022232,-89.8038546,['Japanese restaurant'],4.9,24,,"[['Thursday', '4:30–9PM'], ['Friday', '4:30–10PM'], ['Saturday', '4:30–10PM'], ['Sunday', '4:30–9PM'], ['Monday', '4:30–9PM'], ['Tuesday', '4:30–9PM'], ['Wednesday', '4:30–9PM']]"
0x88647988bfbfaf23:0x6236c9b9decb852a,Sarku Japan,"Sarku Japan, Coolsprings Galleria, 1800 Galleria Blvd #3030, Franklin, TN 37067",35.9571209,-86.81353519999999,"['Japanese restaurant', 'Fast food restaurant', 'Restaurant', 'Sushi restaurant', 'Teppanyaki restaurant']",3.6,16,$,"[['Tuesday', '10AM–9PM'], ['Wednesday', '10AM–9PM'], ['Thursday', '10AM–9PM'], ['Friday', '10AM–9PM'], ['Saturday', '10AM–9PM'], ['Sunday', '12–6PM'], ['Monday', '10AM–9PM']]"
0x8864795de493bb4d:0x515952550ced5ae0,China Panda 珍宝楼 Bamboo House,"China Panda 珍宝楼 Bamboo House, 330 Mayfield Dr A10, Franklin, TN 37067",35.954749299999996,-86.8031573,"['Chinese restaurant', 'Asian restaurant', 'Japanese restaurant', 'Jiangsu restaurant', 'Delivery Restaurant', 'Takeout Restaurant', 'Ramen restaurant', 'Sichuan restaurant']",4.1,182,$,"[['Friday', '10:30AM–9:15PM'], ['Saturday', '10:30AM–9:15PM'], ['Sunday', '3:30–9:15PM'], ['Monday', '10:30AM–9:15PM'], ['Tuesday', '3:30–9:15PM'], ['Wednesday', '10:30AM–9:15PM'], ['Thursday', '10:30AM–9:15PM']]"
0x885c3dcc160b2af7:0xf739617a7604885,Fulin's Asian Cuisine,"Fulin's Asian Cuisine, 120 Merchant Dr, Knoxville, TN 37912",36.0100441,-83.9701919,"['Asian fusion restaurant', 'Asian restaurant', 'Chinese restaurant', 'Japanese restaurant', 'Restaurant', 'Sushi restaurant', 'Thai restaurant']",4.1,45,$,"[['Friday', '11AM–10:30PM'], ['Saturday', '11AM–10:30PM'], ['Sunday', '11AM–9:30PM'], ['Monday', '11AM–9:30PM'], ['Tuesday', '11AM–9:30PM'], ['Wednesday', '11AM–9:30PM'], ['Thursday', '11AM–9:30PM']]"
0x885c2512b07724a3:0x593482cfa30500cb,Shono's Japanese Grill,"Shono's Japanese Grill, 122 S Peters Rd, Knoxville, TN 37923",35.912206,-84.0810255,"['Japanese restaurant', 'Restaurant']",4.3,48,$,"[['Tuesday', '11AM–2:30PM'], ['Wednesday', '11AM–2:30PM'], ['Thursday', '11AM–2:30PM'], ['Friday', '11AM–2:30PM'], ['Saturday', '11AM–8:30PM'], ['Sunday', 'Closed'], ['Monday', '11AM–2:30PM']]"
0x88641579c6a07c99:0x1c4cff7003a61a61,Thai Samurai,"Thai Samurai, 401 S Mt Juliet Rd Suite 250, Mt. Juliet, TN 37122",36.165561,-86.5114084,"['Thai restaurant', 'Asian restaurant', 'Japanese restaurant', 'Sushi restaurant']",4.2,77,$$,"[['Tuesday', '11AM–9PM'], ['Wednesday', '11AM–9PM'], ['Thursday', '11AM–9PM'], ['Friday', '11AM–10PM'], ['Saturday', '11AM–10PM'], ['Sunday', '11AM–9PM'], ['Monday', '11AM–9PM']]"
0x886461586700ebcf:0xc210652532b0c4a0,ICHIBAN JAPANESE CUISINE,"ICHIBAN JAPANESE CUISINE, 5515 Charlotte Pike, Nashville, TN 37209",36.1502118,-86.8562448,"['Japanese restaurant', 'Takeout Restaurant', 'Restaurant', 'Sushi restaurant', 'Sushi takeaway']",4.7,28,,"[['Tuesday', '11AM–9:30PM'], ['Wednesday', '11AM–9:30PM'], ['Thursday', '11AM–9:30PM'], ['Friday', '11AM–10PM'], ['Saturday', '11AM–10PM'], ['Sunday', '11:30AM–9:30PM'], ['Monday', '11AM–9:30PM']]"
0x886471a81ef6a623:0x24b7a87b6eb46ffc,Oya Japanese Steakhouse & Sushi,"Oya Japanese Steakhouse & Sushi, 6688 Nolensville Pike, Brentwood, TN 37027",36.0005144,-86.69259749999999,"['Japanese restaurant', 'Restaurant']",4.0,5,,"[['Sunday', '2–9PM'], ['Monday', '4–9:30PM'], ['Tuesday', '11AM–2PM'], ['Wednesday', '11AM–2PM'], ['Thursday', '11AM–2PM'], ['Friday', '11AM–2PM'], ['Saturday', '2–10PM']]"
0x886470382f54c511:0x61f20ae12ec0493c,Umami Asian Fusion,"Umami Asian Fusion, 6900 Lenox Village Dr Ste 28, Nashville, TN 37211, United States",36.0239809,-86.7116307,"['Sushi restaurant', 'Chicken restaurant', 'Japanese restaurant', 'Korean restaurant', 'Thai restaurant']",4.2,428,$$,"[['Sunday', '12–3PM'], ['Monday', '4–9PM'], ['Tuesday', '4–9PM'], ['Wednesday', '4–9PM'], ['Thursday', '4–9PM'], ['Friday', '12–3PM'], ['Saturday', '12–3PM']]"
0x885a7cb7e781d255:0x267b328c08e18a52,Miso Teriyaki House,"Miso Teriyaki House, 1811 W State of Franklin Rd #3, Johnson City, TN 37604, United States",36.3011693,-82.38029139999999,"['Japanese restaurant', 'Asian restaurant', 'Sushi restaurant']",4.2,638,$$,"[['Sunday', '11AM–10PM'], ['Monday', '11AM–10PM'], ['Tuesday', '11AM–10PM'], ['Wednesday', '11AM–10PM'], ['Thursday', '11AM–10PM'], ['Friday', '11AM–10PM'], ['Saturday', '11AM–10PM']]"
0x885c17606ca1be2d:0x2aa83dda51bff5e7,Anaba Japanese Downtown,"〒37902 Tennessee, Knoxville, S Gay St, Anaba Japanese Downtown",35.9681772,-83.92039319999999,"['Japanese restaurant', 'Asian restaurant', 'Sushi restaurant']",4.6,176,,"[['Sunday', '11:30AM–9PM'], ['Monday', '11AM–2:30PM'], ['Tuesday', '11AM–2:30PM'], ['Wednesday', '11AM–2:30PM'], ['Thursday', '11AM–2:30PM'], ['Friday', '11AM–2:30PM'], ['Saturday', '11:30AM–10:30PM']]"
0x885c2b2aa9933bbd:0x5fe5d9e91c21d6f7,China King Buffet,"China King Buffet, 925 US-321, Lenoir City, TN 37771, United States",35.8231082,-84.2664389,"['Chinese restaurant', 'Japanese restaurant', 'Sushi restaurant']",4.1,954,$$,"[['Saturday', '10:30AM–9PM'], ['Sunday', '10:30AM–9PM'], ['Monday', '10:30AM–9PM'], ['Tuesday', '10:30AM–9PM'], ['Wednesday', '10:30AM–9PM'], ['Thursday', '10:30AM–9PM'], ['Friday', '10:30AM–9PM']]"
0x88646e99da0375ab:0x5cc57f796fa7a559,Kobe,"Kobe, 1609 Murfreesboro Pike C, Nashville, TN 37217, United States",36.104664,-86.670694,"['Asian fusion restaurant', 'Asian restaurant', 'Japanese restaurant', 'Southeast Asian restaurant', 'Sushi restaurant', 'Thai restaurant']",4.4,648,$$,"[['Thursday', '11AM–2PM'], ['Friday', '11AM–2PM'], ['Saturday', '11AM–9:30PM'], ['Sunday', 'Closed'], ['Monday', '11AM–2PM'], ['Tuesday', '11AM–2PM'], ['Wednesday', '11AM–2PM']]"
0x886063862d82314d:0x9ffaf39bd1d01d82,Sarku Japan,"Sarku Japan, 2100 Hamilton Place Boulevard Space #310, Chattanooga, TN 37421",35.034617,-85.158349,"['Japanese restaurant', 'Asian restaurant', 'Fast food restaurant', 'Restaurant', 'Sushi restaurant', 'Teppanyaki restaurant']",3.9,68,$,"[['Wednesday', '11AM–7PM'], ['Thursday', '11AM–7PM'], ['Friday', '11AM–8PM'], ['Saturday', '11AM–8PM'], ['Sunday', '12–6PM'], ['Monday', '11AM–7PM'], ['Tuesday', '11AM–7PM']]"
0x8863f97fc120a37b:0xe0866d531a6a0526,Golden Grill Mongolian & Japanese Cuisine,"Golden Grill Mongolian & Japanese Cuisine, 2898 S Church St STE C, Murfreesboro, TN 37127",35.7915406,-86.4005656,['Japanese restaurant'],4.7,18,,"[['Wednesday', '11AM–9PM'], ['Thursday', '11AM–9PM'], ['Friday', '11AM–9:30PM'], ['Saturday', '11AM–9:30PM'], ['Sunday', '11:30AM–9PM'], ['Monday', '11AM–9PM'], ['Tuesday', '11AM–9PM']]"
0x885a62ba153114f3:0x5d477c2ce87e39a5,Asian Cafe 1,"Asian Cafe 1, 3020 Franklin Terrace #6, Johnson City, TN 37604",36.3525736,-82.40090359999999,"['Teppanyaki restaurant', 'Asian restaurant', 'Japanese restaurant', 'Sushi restaurant']",4.6,168,,"[['Sunday', '11:30AM–3PM'], ['Monday', 'Closed'], ['Tuesday', '11AM–2PM'], ['Wednesday', '11AM–2PM'], ['Thursday', '11AM–2PM'], ['Friday', '11AM–2PM'], ['Saturday', '11AM–3PM']]"
0x886467cb64a137df:0x8a7e7e37b1f90229,The Green Pheasant,"The Green Pheasant, 215 1st Ave S, Nashville, TN 37201",36.1594123,-86.77304099999999,['Japanese restaurant'],4.5,148,,
0x887ea6ddcc648feb:0x820ddef7aa84298,Sakura Japanese Restaurant,"Sakura Japanese Restaurant, 70 Carriage House Dr, Jackson, TN 38305, United States",35.6663889,-88.8319444,"['Japanese restaurant', 'Asian restaurant', 'Bar', 'Restaurant', 'Sushi restaurant']",4.5,488,₩₩,"[['Sunday', '12–2:30PM'], ['Monday', '11AM–2PM'], ['Tuesday', '11AM–2PM'], ['Wednesday', '11AM–2PM'], ['Thursday', '11AM–2PM'], ['Friday', '11AM–2PM'], ['Saturday', '12–2:30PM']]"
0x885e2b9866645f49:0x3aaef1014aa833af,Kumo Asian Garden,"Kumo Asian Garden, 169 Stuart Rd NE, Cleveland, TN 37312",35.1999558,-84.8426592,"['Japanese restaurant', 'Restaurant', 'Sushi restaurant']",4.4,246,$$,"[['Sunday', '11AM–9PM'], ['Monday', '11AM–9:30PM'], ['Tuesday', '11AM–9:30PM'], ['Wednesday', '11AM–9:30PM'], ['Thursday', '11AM–9:30PM'], ['Friday', '11AM–10PM'], ['Saturday', '11AM–10PM']]"
0x8865275883059f77:0x8b74f65b284fed06,China King Buffet,"China King Buffet, 2088 Lowes Dr, Clarksville, TN 37040, United States",36.5754188,-87.30758019999999,"['Chinese restaurant', 'Buffet restaurant', 'Japanese restaurant']",4.1,2328,₩₩,"[['Sunday', '11AM–10PM'], ['Monday', '11AM–10PM'], ['Tuesday', '11AM–10PM'], ['Wednesday', '11AM–10PM'], ['Thursday', '11AM–10PM'], ['Friday', '11AM–10:30PM'], ['Saturday', '11AM–10:30PM']]"
0x8864d96f914144e1:0x1c604f0551b7c0e8,Mizu Japanese Cuisine,"Mizu Japanese Cuisine, 1525 Wilma Rudolph Blvd, Clarksville, TN 37040",36.5460194,-87.33391689999999,['Japanese restaurant'],4.6,38,,"[['Saturday', '10:30AM–10:30PM'], ['Sunday', '11:30AM–10PM'], ['Monday', '10:30AM–10PM'], ['Tuesday', 'Closed'], ['Wednesday', '10:30AM–10PM'], ['Thursday', '10:30AM–10PM'], ['Friday', '10:30AM–10:30PM']]"
0x886407a36293f35b:0x6528721f4e0e9bc4,Xiaos' Hibachi and Sushi,"Xiaos' Hibachi and Sushi, 149 Wendelwood Dr Suite B5, Murfreesboro, TN 37129, United States",35.880705,-86.3863889,"['Japanese restaurant', 'Restaurant']",4.5,638,₩₩,"[['Wednesday', '11AM–9PM'], ['Thursday', '11AM–9PM'], ['Friday', '11AM–10PM'], ['Saturday', '11AM–10PM'], ['Sunday', '11AM–9PM'], ['Monday', '11AM–9PM'], ['Tuesday', '11AM–9PM']]"
0x885bff418ba8e611:0xb6ed49d220a1d549,Little Tokyo Restaurant,"Little Tokyo Restaurant, 2430 Teaster Ln # 212, Pigeon Forge, TN 37863, United States",35.810691999999996,-83.5761148,"['Japanese restaurant', 'Asian restaurant', 'Restaurant', 'Sushi restaurant']",4.3,1773,₩₩,"[['Tuesday', '11AM–9PM'], ['Wednesday', '11AM–9PM'], ['Thursday', '11AM–9PM'], ['Friday', '11AM–9PM'], ['Saturday', '11AM–9PM'], ['Sunday', '11AM–9PM'], ['Monday', '11AM–9PM']]"
0x887ea68230422885:0x5459301821d2f28c,HANA Sushi Hibachi Poke Bowl,"HANA Sushi Hibachi Poke Bowl, 1363 Union University Dr ste h, Jackson, TN 38305",35.685262699999996,-88.8621107,"['Japanese restaurant', 'Asian restaurant', 'Sushi restaurant']",4.7,168,,"[['Monday', 'Closed'], ['Tuesday', '10:30AM–9PM'], ['Wednesday', '10:30AM–9PM'], ['Thursday', '10:30AM–9PM'], ['Friday', '10:30AM–10PM'], ['Saturday', '11AM–10PM'], ['Sunday', '11:30AM–9PM']]"
0x885ddd8d6d902111:0x81a7d57170451dc8,Ichiban Japanese Restaurant,"Ichiban Japanese Restaurant, 1889 S Roane St, Harriman, TN 37748",35.9048601,-84.5966772,['Japanese restaurant'],4.0,186,$$,"[['Monday', 'Closed'], ['Tuesday', '11AM–9:30PM'], ['Wednesday', '11AM–9:30PM'], ['Thursday', '11AM–9:30PM'], ['Friday', '11AM–9:30PM'], ['Saturday', '11AM–10:30PM'], ['Sunday', '11:30AM–9:30PM']]"
0x8863032cbd17362f:0x8d0e9c1515e6ebad,YAMATO JAPANESE STYLE,"Tennessee, Pulaski, W College St, YAMATO JAPANESE STYLE邮政编码: 38478",35.2020007,-87.0430215,['Japanese restaurant'],4.8,18,,"[['Monday', '11AM–9:30PM'], ['Tuesday', '11AM–9:30PM'], ['Wednesday', '11AM–9:30PM'], ['Thursday', '11AM–9:30PM'], ['Friday', '11AM–10:30PM'], ['Saturday', '12AM–10:30PM'], ['Sunday', '11AM–9:30PM']]"
0x88606227e7c3d9e9:0x27e4f0a1de3058df,58 Teriyaki,"58 Teriyaki, 4762 TN-58, Chattanooga, TN 37416",35.087208,-85.188216,['Japanese restaurant'],3.2,33,,"[['Monday', '10AM–9PM'], ['Tuesday', '10AM–9PM'], ['Wednesday', '10AM–9PM'], ['Thursday', '10AM–9PM'], ['Friday', '10AM–9PM'], ['Saturday', '10AM–9PM'], ['Sunday', 'Closed']]"
0x887f9da6e6cc6905:0x5efdcbf9fdb0bab4,Sarku Japan,"Sarku Japan, 2760 N Germantown Pkwy Suite #254, Memphis, TN 38133",35.2013216,-89.788586,"['Japanese restaurant', 'Fast food restaurant', 'Restaurant', 'Sushi restaurant', 'Teppanyaki restaurant']",3.6,26,$,"[['Saturday', '10AM–9PM'], ['Sunday', '12–6PM'], ['Monday', '11AM–8PM'], ['Tuesday', '11AM–8PM'], ['Wednesday', '11AM–8PM'], ['Thursday', '11AM–8PM'], ['Friday', '10AM–9PM']]"
0x885e6fe78cb1a681:0x757dadf3cfdb5ebc,Kokita Asian Cuisine,"Kokita Asian Cuisine, 501 N Main St, Sweetwater, TN 37874",35.6009919,-84.46181229999999,"['Asian restaurant', 'Chinese restaurant', 'Japanese restaurant', 'Malaysian restaurant', 'Sushi restaurant', 'Sushi takeaway', 'Thai restaurant']",4.0,128,,"[['Saturday', '11AM–7:30PM'], ['Sunday', '11AM–2PM'], ['Monday', 'Closed'], ['Tuesday', '11AM–7:30PM'], ['Wednesday', '11AM–7:30PM'], ['Thursday', '11AM–7:30PM'], ['Friday', '11AM–7:30PM']]"
0x885a62b9928d5987:0xdd6c258b9e3d7549,Koto Japanese Steak House,"Koto Japanese Steak House, 3020 Franklin Terrace #6, Johnson City, TN 37604",36.352911399999996,-82.4006041,"['Japanese restaurant', 'Restaurant']",4.4,26,,"[['Friday', '11AM–10PM'], ['Saturday', '11AM–10PM'], ['Sunday', '11:30AM–9:30PM'], ['Monday', '11AM–2:30PM'], ['Tuesday', '11AM–2:30PM'], ['Wednesday', '11AM–2:30PM'], ['Thursday', '11AM–2:30PM']]"
0x885b8c92e7355521:0xc44a84d1027192ae,Narita Japanese Grill Restaurant,"Narita Japanese Grill Restaurant, 211 E Broadway Blvd, Jefferson City, TN 37760",36.116358999999996,-83.4868228,"['Japanese restaurant', 'Asian restaurant']",4.4,115,$,"[['Friday', '11AM–9PM'], ['Saturday', '11AM–9PM'], ['Sunday', 'Closed'], ['Monday', '11AM–9PM'], ['Tuesday', '11AM–9PM'], ['Wednesday', '11AM–9PM'], ['Thursday', '11AM–9PM']]"
0x887f079a47e0d8dd:0xa12633d90a35dd92,Shogun Restaurant,"Shogun Restaurant, 7257 US-64, Oakland, TN 38060",35.2309639,-89.51465019999999,"['Sushi restaurant', 'Asian restaurant', 'Japanese restaurant']",4.0,88,,"[['Friday', '10:30AM–10:30PM'], ['Saturday', '10:30AM–10:30PM'], ['Sunday', '11AM–9:30PM'], ['Monday', '10:30AM–9:30PM'], ['Tuesday', 'Closed'], ['Wednesday', '10:30AM–9:30PM'], ['Thursday', '10:30AM–9:30PM']]"
0x8860646ea3faf3bd:0xf5c7c7d198a89c99,Hibachi Express,"Hibachi Express, #100, 3194, 7401 E Brainerd Rd, Chattanooga, TN 37421",35.0156164,-85.1632678,['Japanese restaurant'],4.5,208,$,"[['Thursday', '11AM–9:30PM'], ['Friday', '11AM–9:30PM'], ['Saturday', '11AM–9:30PM'], ['Sunday', '11AM–9:30PM'], ['Monday', 'Closed'], ['Tuesday', '11AM–9:30PM'], ['Wednesday', '11AM–9:30PM']]"
0x8864668cbb7ffabd:0xe7c0cf5e7b19c0ef,Sushi Yobi,"Sushi Yobi, 1526 Demonbreun St, Nashville, TN 37203",36.1528572,-86.7905662,"['Japanese restaurant', 'Asian restaurant', 'Sushi restaurant']",4.2,214,$$,"[['Thursday', '11AM–2:30PM'], ['Friday', '11AM–2:30PM'], ['Saturday', '4:30–10PM'], ['Sunday', 'Closed'], ['Monday', '11AM–2:30PM'], ['Tuesday', '11AM–2:30PM'], ['Wednesday', '11AM–2:30PM']]"
0x887f8128a8c1c5fb:0x79d0747f70875fa5,Osaka Japanese Cuisine,"Osaka Japanese Cuisine, 3402 Poplar Ave, Memphis, TN 38111",35.128969999999995,-89.9483602,['Japanese restaurant'],2.1,15,$$,"[['Wednesday', '11AM–3PM'], ['Thursday', '11AM–3PM'], ['Friday', '11AM–3PM'], ['Saturday', '4:30–10PM'], ['Sunday', '4:30–9:30PM'], ['Monday', '11AM–3PM'], ['Tuesday', '11AM–3PM']]"
0x887ea697ae886cdb:0x26af6b8b838b0af7,Fuji Yama Japanese Steakhouse,"Fuji Yama Japanese Steakhouse, 10 Stonebridge Blvd E, Jackson, TN 38305",35.672005999999996,-88.853219,['Japanese restaurant'],4.4,245,,"[['Wednesday', '11AM–2PM'], ['Thursday', '11AM–2PM'], ['Friday', '11AM–2PM'], ['Saturday', '11AM–10PM'], ['Sunday', '12–8:30PM'], ['Monday', '11AM–2PM'], ['Tuesday', '11AM–2PM']]"
0x886723ab1436423b:0xd46cd86cb304cb43,Hibachi Master: Hibachi Teriyaki Sushi,"Hibachi Master: Hibachi Teriyaki Sushi, 56 S Willow Ave, Cookeville, TN 38501",36.163539199999995,-85.5124792,"['Japanese restaurant', 'Restaurant']",4.7,18,,"[['Wednesday', '11AM–9:30PM'], ['Thursday', '11AM–9:30PM'], ['Friday', '11AM–10PM'], ['Saturday', '11AM–10PM'], ['Sunday', '12–9:30PM'], ['Monday', 'Closed'], ['Tuesday', '11AM–9:30PM']]"
0x87d57f8c2bd16e8b:0x78f2f4d77d9c86ab,Tokyo Grill Poplar,"Tokyo Grill Poplar, 1400 Poplar Ave, Memphis, TN 38104",35.144194899999995,-90.0137357,['Japanese restaurant'],4.3,148,$,"[['Wednesday', '11AM–9:45PM'], ['Thursday', '11AM–9:45PM'], ['Friday', '11AM–9:45PM'], ['Saturday', '11AM–9:45PM'], ['Sunday', 'Closed'], ['Monday', '11AM–9:45PM'], ['Tuesday', '11AM–9:45PM']]"
0x886469d13a6aeb35:0x12182e0dd8eb860a,Wasabi's Sushi,"Wasabi's Sushi, 2800 Opryland Dr, Nashville, TN 37214",36.2125561,-86.69604149999999,"['Japanese steakhouse', 'Japanese restaurant', 'Sushi restaurant']",3.9,98,,"[['Tuesday', '11AM–10PM'], ['Wednesday', '11AM–10PM'], ['Thursday', '11AM–10PM'], ['Friday', '11AM–10PM'], ['Saturday', '11AM–10PM'], ['Sunday', '11AM–10PM'], ['Monday', '11AM–10PM']]"
0x886066de3ff374a5:0x833a922b9927ce21,Na Go Ya,"Na Go Ya, 4921 Brainerd Rd, Chattanooga, TN 37411",35.0127016,-85.22702009999999,"['Japanese restaurant', 'Asian restaurant', 'Sushi restaurant']",3.1,47,$$,"[['Tuesday', '11AM–10PM'], ['Wednesday', '11AM–10PM'], ['Thursday', '11AM–10PM'], ['Friday', '11AM–10PM'], ['Saturday', '11AM–10PM'], ['Sunday', '11AM–10PM'], ['Monday', '11AM–10PM']]"
0x887f9916ad4a68b5:0x65d30841fcd48207,Rock n Roll Sushi Germantown,"Rock n Roll Sushi Germantown, 9155 Poplar Ave #19, Germantown, TN 38138",35.0664004,-89.7574922,"['Restaurant', 'Japanese restaurant', 'Sushi restaurant']",4.4,185,,"[['Tuesday', '11AM–9PM'], ['Wednesday', '11AM–9PM'], ['Thursday', '11AM–9PM'], ['Friday', '11AM–10PM'], ['Saturday', '11AM–10PM'], ['Sunday', '11AM–9PM'], ['Monday', '11AM–9PM']]"
0x88647f29358ad85b:0x94434de8300f8b14,Zushimaki,"Zushimaki, 1031 Riverside Dr, Franklin, TN 37064",35.9119254,-86.8283807,"['Thai restaurant', 'Asian fusion restaurant', 'Japanese restaurant', 'Restaurant', 'Seafood restaurant', 'Sushi restaurant', 'Vietnamese restaurant']",4.5,258,$,"[['Tuesday', '11AM–2:30PM'], ['Wednesday', '11AM–2:30PM'], ['Thursday', '11AM–2:30PM'], ['Friday', '11AM–2:30PM'], ['Saturday', '4–9PM'], ['Sunday', 'Closed'], ['Monday', '11AM–2:30PM']]"
0x88647fd13327f701:0xda45680ab022d845,Sunset Sushi & Thai,"Sunset Sushi & Thai, 1031 Riverside Dr, Franklin, TN 37064",35.9119254,-86.8283807,['Japanese restaurant'],4.6,48,,"[['Tuesday', '11AM–2:30PM'], ['Wednesday', '11AM–2:30PM'], ['Thursday', '11AM–2:30PM'], ['Friday', '11AM–2:30PM'], ['Saturday', '4–9:30PM'], ['Sunday', 'Closed'], ['Monday', '11AM–2:30PM']]"
0x885c517641c4b6b3:0x41096a49be48a16d,Ninja Hibachi Grill,"Ninja Hibachi Grill, 2544 Jacksboro Pike, Jacksboro, TN 37757",36.3394733,-84.1713291,"['Japanese steakhouse', 'Restaurant']",4.3,374,$$,"[['Tuesday', '11AM–9PM'], ['Wednesday', '11AM–9PM'], ['Thursday', '11AM–9PM'], ['Friday', '11AM–9PM'], ['Saturday', '11AM–9PM'], ['Sunday', '11:30AM–9PM'], ['Monday', '11AM–9PM']]"
0x885c4d8912abb7fb:0x72f8a03d667e7843,Takumi Japanese Cuisine,"Takumi Japanese Cuisine, 171 John McGhee Blvd, Caryville, TN 37714",36.2966796,-84.213481,"['Japanese restaurant', 'Chinese restaurant']",4.3,73,,"[['Monday', 'Closed'], ['Tuesday', '11AM–9PM'], ['Wednesday', '11AM–9PM'], ['Thursday', '11AM–9PM'], ['Friday', '11AM–9PM'], ['Saturday', '12–9PM'], ['Sunday', '12–9PM']]"
0x885a7cdaf0be0fc9:0xd3731e7b2ecf9aed,Hibachi Express,"Hibachi Express, 918 W Market St, Johnson City, TN 37604",36.3148402,-82.3764252,['Japanese restaurant'],4.1,354,$,"[['Monday', 'Closed'], ['Tuesday', '11AM–9PM'], ['Wednesday', '11AM–9PM'], ['Thursday', '11AM–9PM'], ['Friday', '11AM–9PM'], ['Saturday', '11AM–9PM'], ['Sunday', '11AM–9PM']]"
0x885dc031fe110c3d:0xca9c2db68687dc16,Tokyo Grill,"Tokyo Grill, 222 Mill St, Wartburg, TN 37887",36.1056388,-84.5951939,['Japanese restaurant'],4.5,48,,"[['Monday', '11AM–9PM'], ['Tuesday', '11AM–9PM'], ['Wednesday', '11AM–9PM'], ['Thursday', '11AM–9PM'], ['Friday', '11AM–9PM'], ['Saturday', '11AM–9PM'], ['Sunday', 'Closed']]"
0x8864de8e7c44e593:0x5c61c59c2433c8ac,Hananoki Japanese Steakhouse,"Hananoki Japanese Steakhouse, 2400 Madison St # 12, Clarksville, TN 37043",36.5066311,-87.26957089999999,"['Japanese restaurant', 'Asian restaurant', 'Sushi restaurant']",4.1,318,$$$,"[['Monday', '4–9PM'], ['Tuesday', '4–9PM'], ['Wednesday', '4–9PM'], ['Thursday', '4–9PM'], ['Friday', '4–9PM'], ['Saturday', '4–9PM'], ['Sunday', '4–9PM']]"
0x8863f9d6687c7157:0x2cc7215c944047c,Koji Express Japanese Grill - South,"Koji Express Japanese Grill - South, 3114 S Church St, Murfreesboro, TN 37127",35.7840766,-86.4018325,"['Restaurant', 'Asian restaurant', 'Japanese restaurant']",4.5,68,$$,"[['Sunday', 'Closed'], ['Monday', 'Closed'], ['Tuesday', '11AM–9PM'], ['Wednesday', '11AM–9PM'], ['Thursday', '11AM–9PM'], ['Friday', '11AM–9PM'], ['Saturday', '11AM–9PM']]"
0x88644386374496d9:0x58b214d78a25881e,Arigato Sayonara,"Arigato Sayonara, 2021 Gallatin Pike N, Madison, TN 37115",36.3014049,-86.69253789999999,"['Japanese restaurant', 'Asian restaurant', 'Sushi restaurant']",4.5,391,$$,"[['Sunday', '11AM–8PM'], ['Monday', '11AM–9PM'], ['Tuesday', '11AM–9PM'], ['Wednesday', 'Closed'], ['Thursday', '11AM–9PM'], ['Friday', '11AM–9PM'], ['Saturday', '11AM–9PM']]"
0x887f83ea75ec8217:0xe60105fad4dffc0b,Tokyo Grill,"Tokyo Grill, 4514 Summer Ave, Memphis, TN 38122",35.1500458,-89.9103166,"['Japanese restaurant', 'Asian restaurant']",4.5,208,$,"[['Sunday', '11AM–9:30PM'], ['Monday', '11AM–9:30PM'], ['Tuesday', '11AM–9:30PM'], ['Wednesday', '11AM–9:30PM'], ['Thursday', '11AM–9:30PM'], ['Friday', '11AM–9:30PM'], ['Saturday', '11AM–9:30PM']]"
0x886467190b5db4cf:0x4c82e9fcd118fef9,Bar Otaku Izakaya,"Bar Otaku Izakaya, 505 12th Ave S, Nashville, TN 37203",36.151893799999996,-86.78465899999999,"['Izakaya restaurant', 'Bar', 'Japanese restaurant']",4.6,165,,
0x885dcc73befa1475:0x6f2f7940a0bf102,Hibachi Pizza of Oliver Springs,"Hibachi Pizza of Oliver Springs, 526 E Tri County Blvd, Oliver Springs, TN 37840",36.035587299999996,-84.3296051,"['Japanese restaurant', 'Hamburger restaurant', 'Pizza restaurant']",4.6,158,$,"[['Sunday', 'Closed'], ['Monday', 'Closed'], ['Tuesday', '2–8PM'], ['Wednesday', '2–8PM'], ['Thursday', '2–8PM'], ['Friday', '2–9PM'], ['Saturday', '2–9PM']]"
0x885c4df176118fc3:0xc31b04f4846ce626,Kazoku Hibachi Express,"Kazoku Hibachi Express, 171 John McGhee Blvd, Caryville, TN 37714",36.296661799999995,-84.2134906,['Japanese steakhouse'],4.3,55,,"[['Saturday', '11AM–2:30PM'], ['Sunday', 'Closed'], ['Monday', '11AM–2:30PM'], ['Tuesday', '11AM–2:30PM'], ['Wednesday', '11AM–2:30PM'], ['Thursday', '11AM–2:30PM'], ['Friday', '11AM–2:30PM']]"
0x88640cc3dbefd1c9:0x67aaffccef34d5b1,Ninja Sushi,"Ninja Sushi, 900 Grammer Ln #370, Smyrna, TN 37167",35.980844399999995,-86.5630353,"['Sushi restaurant', 'Japanese restaurant', 'Japanese steakhouse', 'Restaurant']",4.2,518,$$,"[['Saturday', '11:30AM–10PM'], ['Sunday', '11:30AM–8:30PM'], ['Monday', '11AM–9PM'], ['Tuesday', '11AM–9PM'], ['Wednesday', '11AM–9PM'], ['Thursday', '11AM–9PM'], ['Friday', '11AM–10PM']]"
0x887f6e8c89d5ca8d:0x820feba45a4e3a4a,Sakura Garden Japanese Restaurant,"Sakura Garden Japanese Restaurant, 11680 TN-3, Atoka, TN 38004",35.440452,-89.791798,['Japanese restaurant'],4.2,44,,"[['Saturday', '11AM–10PM'], ['Sunday', '11AM–9PM'], ['Monday', '11AM–9PM'], ['Tuesday', 'Closed'], ['Wednesday', '11AM–9PM'], ['Thursday', '11AM–9PM'], ['Friday', '11AM–10PM']]"
0x885a7fc4c921c7bb:0x9994c7aab6d164d5,Lakeo Steakhouse of Japan Express,"Lakeo Steakhouse of Japan Express, 1681 US-19E, Elizabethton, TN 37643",36.3329495,-82.20320989999999,['Japanese steakhouse'],3.9,77,,"[['Saturday', '11AM–10PM'], ['Sunday', 'Closed'], ['Monday', '11AM–9PM'], ['Tuesday', '11AM–9PM'], ['Wednesday', '11AM–9PM'], ['Thursday', '11AM–9PM'], ['Friday', '11AM–10PM']]"
0x886529564a5acac7:0x43bff74ba09b402f,Yellowtail Ramen & Aburi,"Yellowtail Ramen & Aburi, 220 Tiny Town Rd Suite 106, Clarksville, TN 37042",36.6317863,-87.4316253,"['Asian restaurant', 'Japanese restaurant', 'Sushi restaurant']",4.4,48,,"[['Saturday', '12–2PM'], ['Sunday', 'Closed'], ['Monday', 'Closed'], ['Tuesday', '11AM–2PM'], ['Wednesday', '11AM–2PM'], ['Thursday', '11AM–2PM'], ['Friday', '11AM–2PM']]"
0x88647148a707b453:0x6155127d86bc1a3,Yuno,"Yuno, Brittain Lane, 7175 Nolensville Rd, Nolensville, TN 37135",35.9675461,-86.6776909,['Japanese restaurant'],4.4,228,$$,"[['Saturday', '11AM–2:30PM'], ['Sunday', '11AM–2:30PM'], ['Monday', '11AM–2:30PM'], ['Tuesday', '11AM–2:30PM'], ['Wednesday', '11AM–2:30PM'], ['Thursday', '11AM–2:30PM'], ['Friday', '11AM–2:30PM']]"
0x8864508d7806f27b:0xd85da17fd0a791aa,Makoto,"Makoto, 2182 US-41, Greenbrier, TN 37073",36.4125,-86.7913889,['Japanese restaurant'],4.2,173,$$,"[['Friday', '11AM–10PM'], ['Saturday', '11AM–10PM'], ['Sunday', '11AM–9:30PM'], ['Monday', '4–9:30PM'], ['Tuesday', '11AM–9:30PM'], ['Wednesday', '11AM–9:30PM'], ['Thursday', '11AM–9:30PM']]"
0x8863f8c6ed725c27:0x9cf518322e4d4528,Tokyo Grill,"Tokyo Grill, 2975 S Rutherford Blvd, Murfreesboro, TN 37130",35.833752,-86.35167899999999,['Japanese restaurant'],3.7,168,$,"[['Friday', '10:30AM–9PM'], ['Saturday', '10:30AM–9PM'], ['Sunday', '10:30AM–9PM'], ['Monday', '10:30AM–9PM'], ['Tuesday', '10:30AM–9PM'], ['Wednesday', '10:30AM–9PM'], ['Thursday', '10:30AM–9PM']]"
0x885c25d1623c58d5:0xfd874314e15b5ee9,Tokyo Hibachi & Sushi,"Tokyo Hibachi & Sushi, 9420 S Northshore Dr # 103, Knoxville, TN 37922",35.862246999999996,-84.065679,"['Sushi restaurant', 'Asian restaurant', 'Japanese restaurant']",4.6,174,$$,"[['Friday', '11AM–9:30PM'], ['Saturday', '12–9:30PM'], ['Sunday', 'Closed'], ['Monday', '11AM–9PM'], ['Tuesday', '11AM–9PM'], ['Wednesday', '11AM–9PM'], ['Thursday', '11AM–9PM']]"
0x885e9e2ccab524a9:0xc6af7e41ffefcc8d,Hana Japanese Restaurant,"Hana Japanese Restaurant, 501 N Cusick St, Maryville, TN 37804",35.7577468,-83.9743495,['Japanese restaurant'],4.3,18,$$,"[['Friday', '11AM–10PM'], ['Saturday', '12–10PM'], ['Sunday', '12–10PM'], ['Monday', '2:30–9:30PM'], ['Tuesday', '11AM–10PM'], ['Wednesday', '11AM–10PM'], ['Thursday', '11AM–10PM']]"
0x88640807d4809987:0xad14cfcd44b0b05c,Ichiban Japanese Restaurant,"Ichiban Japanese Restaurant, 1831 NW Broad St, Murfreesboro, TN 37129",35.8726506,-86.4211054,['Japanese restaurant'],4.2,318,$$,"[['Friday', '11:30AM–2PM'], ['Saturday', '4:30–9:30PM'], ['Sunday', 'Closed'], ['Monday', '11:30AM–2PM'], ['Tuesday', '11:30AM–2PM'], ['Wednesday', '11:30AM–2PM'], ['Thursday', '11:30AM–2PM']]"
0x887f9c6b5df19e71:0x7691d5d066695d7e,Tokyo Grill,"Tokyo Grill, 680 N Germantown Pkwy #46, Cordova, TN 38018",35.1442066,-89.7932053,['Japanese restaurant'],4.5,168,$,"[['Friday', '11AM–8PM'], ['Saturday', '11AM–8PM'], ['Sunday', '11AM–8PM'], ['Monday', '11AM–8PM'], ['Tuesday', '11AM–8PM'], ['Wednesday', '11AM–8PM'], ['Thursday', '11AM–8PM']]"
0x8879283d3ecaea39:0x8761e486c2f09bfa,Shogun Restaurant,"Shogun Restaurant, 2730 Mall Loop Rd, Dyersburg, TN 38024",36.0666051,-89.3919447,"['Restaurant', 'Asian restaurant', 'Japanese restaurant', 'Sushi restaurant']",3.9,498,$$,"[['Thursday', '10:30AM–9:30PM'], ['Friday', '10:30AM–10:30PM'], ['Saturday', '10:30AM–10:30PM'], ['Sunday', '10:30AM–9:30PM'], ['Monday', '10:30AM–9:30PM'], ['Tuesday', '10:30AM–9:30PM'], ['Wednesday', '10:30AM–9:30PM']]"
0x88792820e73e6089:0x9e5436f2540fedeb,Sake Japanese Steakhouse,"Sake Japanese Steakhouse, 2495 Lake Rd, Dyersburg, TN 38024",36.062326999999996,-89.39625099999999,"['Japanese steakhouse', 'Japanese restaurant']",4.2,204,$$,"[['Thursday', '11AM–9:30PM'], ['Friday', '11AM–10:30PM'], ['Saturday', '11AM–10:30PM'], ['Sunday', '11AM–9:30PM'], ['Monday', 'Closed'], ['Tuesday', '11AM–9:30PM'], ['Wednesday', '11AM–9:30PM']]"
0x88647b2385ea015f:0x20152a8bf6576b2e,Suki Sushi,"Suki Sushi, 7030 Executive Center Dr #100, Brentwood, TN 37027",36.029810999999995,-86.7888002,"['Japanese restaurant', 'Sushi restaurant']",4.5,354,$$,"[['Thursday', '11AM–3PM'], ['Friday', '11AM–3PM'], ['Saturday', '12–3PM'], ['Sunday', '12–3PM'], ['Monday', '11AM–3PM'], ['Tuesday', '11AM–3PM'], ['Wednesday', '11AM–3PM']]"
0x88796d6bb1a3e5cb:0x21f01fb030cd16bf,Yamato Japanese Steak House,"Yamato Japanese Steak House, 1210 W Reelfoot Ave, Union City, TN 38261",36.414739,-89.07247799999999,"['Japanese restaurant', 'Asian restaurant', 'Sushi restaurant']",4.4,318,$$,"[['Thursday', '11AM–9PM'], ['Friday', '11AM–10PM'], ['Saturday', '11AM–10PM'], ['Sunday', '11AM–9PM'], ['Monday', '11AM–9PM'], ['Tuesday', 'Closed'], ['Wednesday', '11AM–9PM']]"
0x885c2ab9fe3d98b1:0x76bdcbef05ce0473,Asahi Japanese Grill,"Asahi Japanese Grill, 704 E Broadway St, Lenoir City, TN 37771",35.7949262,-84.2593421,"['Japanese restaurant', 'Asian restaurant', 'Sushi restaurant']",4.4,378,$$,"[['Thursday', '11AM–9PM'], ['Friday', '11AM–9PM'], ['Saturday', '11AM–9PM'], ['Sunday', '11AM–9PM'], ['Monday', '11AM–9PM'], ['Tuesday', '11AM–9PM'], ['Wednesday', '11AM–9PM']]"
0x885c3731736841e3:0x9a3f525afcf8c4d8,Ikook Hibachi,"Ikook Hibachi, 1625 Oak Ridge Hwy, Clinton, TN 37716",36.068131,-84.179102,['Japanese restaurant'],4.6,58,,"[['Thursday', '11AM–9PM'], ['Friday', '11AM–9:30PM'], ['Saturday', '12–9:30PM'], ['Sunday', '12–9PM'], ['Monday', 'Closed'], ['Tuesday', '11AM–9PM'], ['Wednesday', '11AM–9PM']]"
0x885bc2324450c85b:0xef6faa37f68837a7,Dojo japanese restaurant,"Dojo japanese restaurant, 587 W Broadway St, Newport, TN 37821",35.970623499999995,-83.2116784,['Japanese restaurant'],4.4,187,$$,"[['Thursday', '11AM–9PM'], ['Friday', '11AM–9PM'], ['Saturday', '2–9PM'], ['Sunday', 'Closed'], ['Monday', 'Closed'], ['Tuesday', '11AM–9PM'], ['Wednesday', '11AM–9PM']]"
0x887f80afe1899ddd:0x1bfa0388e7167c74,Robata Ramen and Yakitori Bar,"Robata Ramen and Yakitori Bar, 2116 Madison Ave, Memphis, TN 38104",35.1369477,-89.9907588,"['Ramen restaurant', 'Authentic Japanese restaurant', 'Japanese restaurant', 'Yakitori restaurant']",3.9,545,$$,"[['Tuesday', '5–10PM'], ['Wednesday', '5–10PM'], ['Thursday', '5–10PM'], ['Friday', '11AM–2PM'], ['Saturday', '11AM–10PM'], ['Sunday', '11AM–10PM'], ['Monday', '5–10PM']]"
0x8861686843dc8df7:0x344d920f05687e94,Yamato Japanese Steakhouse,"Yamato Japanese Steakhouse, 1302 Hillsboro Blvd, Manchester, TN 37355",35.470634,-86.07520199999999,"['Japanese steakhouse', 'Asian restaurant', 'Japanese restaurant', 'Restaurant', 'Sushi restaurant']",4.1,228,$$,"[['Tuesday', '11AM–8:30PM'], ['Wednesday', '11AM–8:30PM'], ['Thursday', '11AM–8:30PM'], ['Friday', '11AM–8:30PM'], ['Saturday', '11AM–8:30PM'], ['Sunday', '11AM–8:30PM'], ['Monday', '11AM–8:30PM']]"
0x885c17c4e1748b0f:0xc224ebbd671e06fd,Kabuki Restaurant (Downtown),"Kabuki Restaurant (Downtown), 19 Market Square, Knoxville, TN 37902",35.9648621,-83.9196214,"['Japanese restaurant', 'Bar', 'Sushi restaurant']",4.1,406,,"[['Tuesday', '11AM–10PM'], ['Wednesday', '11AM–10PM'], ['Thursday', '11AM–10PM'], ['Friday', '11AM–10PM'], ['Saturday', '11AM–10PM'], ['Sunday', '11AM–10PM'], ['Monday', '11AM–10PM']]"
0x886520bb7dbb040d:0x7d365bc4fe7a5c96,Shogun,"Shogun, 120 Morris Rd, Clarksville, TN 37040",36.5916463,-87.28685779999999,"['Asian restaurant', 'Japanese restaurant', 'Sushi restaurant']",3.6,458,$$,"[['Tuesday', '4–9:30PM'], ['Wednesday', '4–9:30PM'], ['Thursday', '4–9:30PM'], ['Friday', '4–10:30PM'], ['Saturday', '11:30AM–10:30PM'], ['Sunday', '11:30AM–10:30PM'], ['Monday', '4–9:30PM']]"
0x885bffa85379f1e3:0xeff79068b9beeaf0,NAO Japanese Grill,"NAO Japanese Grill, 3676 Parkway, Pigeon Forge, TN 37863",35.781601699999996,-83.55051379999999,"['Japanese restaurant', 'Restaurant']",3.3,858,$$,"[['Monday', '10AM–10PM'], ['Tuesday', '10AM–10PM'], ['Wednesday', '10AM–10PM'], ['Thursday', '10AM–10PM'], ['Friday', '10AM–11PM'], ['Saturday', '10AM–11PM'], ['Sunday', '10AM–10PM']]"
0x885c17c55ef786c7:0xaa59439914fcddeb,Nama Sushi Bar - Downtown Knoxville,"Nama Sushi Bar - Downtown Knoxville, 506 S Gay St, Knoxville, TN 37902",35.9650216,-83.9179771,"['Sushi restaurant', 'Asian restaurant', 'Japanese restaurant', 'Restaurant']",4.5,1026,$$,"[['Monday', '11AM–9PM'], ['Tuesday', '11AM–9PM'], ['Wednesday', '11AM–9PM'], ['Thursday', '11AM–10PM'], ['Friday', '11AM–10PM'], ['Saturday', '11AM–10PM'], ['Sunday', '12–9PM']]"
0x887f9a6df3eff43d:0x9ad38ae58a6a4191,Sumo Japanese Sushi,"Sumo Japanese Sushi, 7948 Winchester Rd # 107, Memphis, TN 38125",35.0497258,-89.7971152,"['Japanese restaurant', 'Seafood restaurant']",3.9,128,$,"[['Monday', 'Closed'], ['Tuesday', '11AM–9:30PM'], ['Wednesday', '11AM–9:30PM'], ['Thursday', '11AM–9:30PM'], ['Friday', '11AM–10PM'], ['Saturday', '11AM–10PM'], ['Sunday', '11AM–9:30PM']]"
0x88646ef8a8aff267:0x12e4bc3743cd5e47,MIKADO Japanese Steakhouse,"MIKADO Japanese Steakhouse, 410 Metroplex Dr, Nashville, TN 37211, United States",36.087668,-86.69550799999999,"['Japanese steakhouse', 'Asian restaurant', 'Japanese restaurant']",4.6,696,$$,"[['Monday', '5–9PM'], ['Tuesday', '5–9PM'], ['Wednesday', '5–9PM'], ['Thursday', '5–9PM'], ['Friday', '5–10PM'], ['Saturday', '5–10PM'], ['Sunday', '4:30–9PM']]"
0x887f98229f466ef9:0x7ae73d6fa9e9892c,Sekisui Collierville,"Sekisui Collierville, 2130 W Poplar Ave, Collierville, TN 38017",35.052927,-89.7334186,"['Japanese restaurant', 'Asian restaurant', 'Sushi restaurant']",4.1,118,$$,"[['Monday', '5–8:30PM'], ['Tuesday', '5–8:30PM'], ['Wednesday', '5–8:30PM'], ['Thursday', '5–8:30PM'], ['Friday', '5–9PM'], ['Saturday', '5–9PM'], ['Sunday', 'Closed']]"
0x886326981be5c61f:0xac6408939e16d5ef,Oishi Japanese Express,"Oishi Japanese Express, 1706 N Locust Ave, Lawrenceburg, TN 38464",35.2626254,-87.3224925,['Authentic Japanese restaurant'],4.5,145,,"[['Sunday', '12–8:30PM'], ['Monday', 'Closed'], ['Tuesday', '11AM–9PM'], ['Wednesday', '11AM–9PM'], ['Thursday', '11AM–9PM'], ['Friday', '11AM–9PM'], ['Saturday', '11AM–9PM']]"
0x8860600a1d62c2b7:0xae21e8cddc441821,Rice Boxx,"Rice Boxx, 3600 Hixson Pike #104, Chattanooga, TN 37415",35.1071269,-85.2716155,"['Asian restaurant', 'Chinese restaurant', 'Fine dining restaurant', 'Japanese restaurant', 'Takeout Restaurant', 'Restaurant', 'Southeast Asian restaurant', 'Sushi restaurant', 'Thai restaurant']",4.3,518,$,"[['Sunday', '11:30AM–9PM'], ['Monday', 'Closed'], ['Tuesday', '11AM–9PM'], ['Wednesday', '11AM–9PM'], ['Thursday', '11AM–9PM'], ['Friday', '11AM–10PM'], ['Saturday', '11AM–10PM']]"
0x887f9f72e59ba651:0x21f232e5319744a5,Saito 2,"Saito 2, 9775 US-64 Suite103, Arlington, TN 38002",35.2045652,-89.73693399999999,"['Japanese restaurant', 'Sushi restaurant', 'Teppanyaki restaurant']",4.6,54,,"[['Sunday', '11AM–9PM'], ['Monday', '11AM–9PM'], ['Tuesday', '11AM–9PM'], ['Wednesday', '11AM–9PM'], ['Thursday', '11AM–9PM'], ['Friday', '11AM–9:30PM'], ['Saturday', '11AM–9:30PM']]"
0x8864d8aeab86fb7d:0x82c85ec993a7656e,Hananoki Japanese Steakhouse & Sushi,"Hananoki Japanese Steakhouse & Sushi, 2111 Lowes Dr, Clarksville, TN 37040",36.5735871,-87.30690039999999,['Japanese restaurant'],4.1,247,$$,"[['Sunday', '4–9PM'], ['Monday', 'Closed'], ['Tuesday', 'Closed'], ['Wednesday', '4–9PM'], ['Thursday', '4–9PM'], ['Friday', '4–9:30PM'], ['Saturday', '4–9:30PM']]"
0x88647b47441a964f:0x6360cfa202690f3d,Hanabi,"Hanabi, 214 Ward Cir #700, Brentwood, TN 37027",36.0312927,-86.80270589999999,"['Japanese restaurant', 'Asian restaurant', 'Bar', 'Restaurant', 'Sushi restaurant']",4.5,135,$$,"[['Sunday', '11AM–2PM'], ['Monday', '11AM–2PM'], ['Tuesday', '11AM–2PM'], ['Wednesday', '11AM–2PM'], ['Thursday', '11AM–2PM'], ['Friday', '11AM–2PM'], ['Saturday', '11AM–2PM']]"
0x8864f0857e551e3b:0x85aa71c26175bf9c,Kuramoto Japanese Restaurant,"Kuramoto Japanese Restaurant, 248 Centre St STE 100, Pleasant View, TN 37146",36.3884018,-87.01427699999999,['Japanese restaurant'],4.5,293,$$,"[['Sunday', '11AM–9PM'], ['Monday', 'Closed'], ['Tuesday', '11AM–9PM'], ['Wednesday', '11AM–9PM'], ['Thursday', '11AM–9PM'], ['Friday', '11AM–9PM'], ['Saturday', '11AM–9PM']]"
0x887965111ec2ff33:0x24032c2a9cba95cc,Yamato Japanese steakhouse,"Yamato Japanese steakhouse, 172 University Plaza Dr, Martin, TN 38237",36.346939,-88.8780517,['Japanese steakhouse'],4.0,98,,"[['Sunday', '11AM–9:30PM'], ['Monday', '11AM–9:30PM'], ['Tuesday', '11AM–9:30PM'], ['Wednesday', '11AM–9:30PM'], ['Thursday', '11AM–9:30PM'], ['Friday', '11AM–10:30PM'], ['Saturday', '11AM–10:30PM']]"
0x8864da0954706189:0xa9836a23bb890d80,Rice Box Clarksville,"Rice Box Clarksville, 1758 State Hwy 48, Clarksville, TN 37040",36.4786632,-87.3769246,"['Chinese restaurant', 'Japanese restaurant']",4.3,218,$$,"[['Saturday', '11AM–10PM'], ['Sunday', '11:30AM–9PM'], ['Monday', '11AM–9PM'], ['Tuesday', '11AM–9PM'], ['Wednesday', '11AM–9PM'], ['Thursday', '11AM–9PM'], ['Friday', '11AM–10PM']]"
0x885e2b5d156e9e51:0xf786cb35890203d2,Japanese Hibachi Express,"Japanese Hibachi Express, 2558 SE Dalton Pike, Cleveland, TN 37323",35.126861999999996,-84.8659382,['Japanese restaurant'],4.3,388,$,"[['Saturday', '11AM–9PM'], ['Sunday', '11AM–9PM'], ['Monday', '11AM–9PM'], ['Tuesday', '11AM–9PM'], ['Wednesday', '11AM–9PM'], ['Thursday', '11AM–9PM'], ['Friday', '11AM–9PM']]"
0x8860989a4231f2dd:0xc1aad2e041a51aff,YAMATO JAPANESE STEAK HOUSE,"YAMATO JAPANESE STEAK HOUSE, 2668 Rhea County Hwy, Dayton, TN 37321",35.455177899999995,-85.050994,['Japanese restaurant'],4.2,288,$$,"[['Saturday', '11AM–10PM'], ['Sunday', '11AM–9:30PM'], ['Monday', 'Closed'], ['Tuesday', '11AM–9:30PM'], ['Wednesday', '11AM–9:30PM'], ['Thursday', '11AM–9:30PM'], ['Friday', '11AM–10:30PM']]"
0x886466ab6e56367f:0xb908748d5b957b33,Madai Korean & Sushi Restaurant,"Madai Korean & Sushi Restaurant, 4932 Thoroughbred Ln, Brentwood, TN 37027",36.0367286,-86.7893562,"['Sushi restaurant', 'Japanese restaurant', 'Korean restaurant']",4.1,158,$$,"[['Saturday', '11AM–9PM'], ['Sunday', '2–8PM'], ['Monday', '11AM–2PM'], ['Tuesday', '11AM–2PM'], ['Wednesday', '11AM–2PM'], ['Thursday', '11AM–2PM'], ['Friday', '11AM–2PM']]"
0x885b914b2064bbf9:0xb1d591cef23bb668,Itako hibachi Japanese grill,"Itako hibachi Japanese grill, 3411 W Andrew Johnson Hwy, Morristown, TN 37814",36.1985357,-83.34149169999999,['Japanese restaurant'],4.5,38,,"[['Saturday', '11AM–10PM'], ['Sunday', '11AM–9PM'], ['Monday', '11AM–9:30PM'], ['Tuesday', '11AM–9:30PM'], ['Wednesday', '11AM–9:30PM'], ['Thursday', '11AM–9:30PM'], ['Friday', '11AM–10PM']]"
0x885c37c43c0c671d:0x64382fde28d2b3b1,Mr. Wok Chinese Hibachi Grill,"Mr. Wok Chinese Hibachi Grill, 725 Clinch Ave, Clinton, TN 37716",36.0775832,-84.1317498,"['Chinese restaurant', 'Japanese restaurant']",4.3,187,$,"[['Saturday', '11AM–9PM'], ['Sunday', '11AM–3PM'], ['Monday', '11AM–9PM'], ['Tuesday', '11AM–9PM'], ['Wednesday', '11AM–9PM'], ['Thursday', '11AM–9PM'], ['Friday', '11AM–9PM']]"
0x887f9d506057b4c7:0xc9d0e95aaa4593f7,Saito Japanese Hibachi & Sushi,"Saito Japanese Hibachi & Sushi, 6600 Stage Rd # 101, Memphis, TN 38134",35.205265,-89.84335689999999,"['Japanese steakhouse', 'Sushi restaurant']",4.5,378,$$,"[['Saturday', '11AM–9:30PM'], ['Sunday', '11AM–9PM'], ['Monday', '11AM–9PM'], ['Tuesday', '11AM–9PM'], ['Wednesday', '11AM–9PM'], ['Thursday', '11AM–9PM'], ['Friday', '11AM–9:30PM']]"
0x886526df77ce4741:0x597a47ff726c6231,Hibachi Express,"Hibachi Express, 3862 Trenton Rd suite a, Clarksville, TN 37040",36.6233368,-87.31896259999999,"['Japanese restaurant', 'Sushi restaurant']",4.2,218,$,"[['Saturday', '10:30AM–9:30PM'], ['Sunday', '10:30AM–9:30PM'], ['Monday', '10:30AM–9:30PM'], ['Tuesday', '10:30AM–9:30PM'], ['Wednesday', '10:30AM–9:30PM'], ['Thursday', '10:30AM–9:30PM'], ['Friday', '10:30AM–9:30PM']]"
0x886466937370e045:0x2a5fb344b1ba4303,Goten,"Goten, 1719 West End Ave #101, Nashville, TN 37203",36.1526267,-86.7954331,"['Japanese restaurant', 'Restaurant']",3.8,98,$$,"[['Saturday', '4:30–10PM'], ['Sunday', '4:30–9:30PM'], ['Monday', 'Closed'], ['Tuesday', '11AM–2PM'], ['Wednesday', '11AM–2PM'], ['Thursday', '11AM–2PM'], ['Friday', '11AM–2PM']]"
0x885a893f2675f211:0xf817070376ab49e5,Miso Teriyaki House Boones Creek,"Miso Teriyaki House Boones Creek, 4735 N Roan St, Johnson City, TN 37615",36.3919852,-82.4118084,['Japanese restaurant'],4.1,148,,"[['Saturday', '11AM–10PM'], ['Sunday', '11AM–10PM'], ['Monday', '11AM–10PM'], ['Tuesday', '11AM–10PM'], ['Wednesday', '11AM–10PM'], ['Thursday', '11AM–10PM'], ['Friday', '11AM–10PM']]"
0x8864de3a35be0c03:0xa0a4145209e7ce15,Kori,"Kori, 894 TN-76 #111, Clarksville, TN 37043",36.5212223,-87.23702879999999,"['Chinese restaurant', 'Asian restaurant', 'Japanese restaurant', 'Sushi restaurant']",4.2,344,$$,"[['Saturday', '11AM–10PM'], ['Sunday', '12–9PM'], ['Monday', '11AM–9:30PM'], ['Tuesday', 'Closed'], ['Wednesday', '11AM–9:30PM'], ['Thursday', '11AM–9:30PM'], ['Friday', '11AM–10PM']]"
0x88646d710104ad0d:0x83c5c1f44be5f3a2,Kirin Sushi,"Kirin Sushi, 795 Bell Rd, Antioch, TN 37013",36.0511562,-86.6497181,"['Japanese restaurant', 'Chinese restaurant']",4.5,508,$$,"[['Saturday', '11AM–8PM'], ['Sunday', 'Closed'], ['Monday', '11AM–8PM'], ['Tuesday', '11AM–8PM'], ['Wednesday', '11AM–8PM'], ['Thursday', '11AM–8PM'], ['Friday', '11AM–8PM']]"
0x8864473f67f079f9:0x3fb903da74923774,Fuji,"Fuji, 209 Indian Lake Blvd #100, Hendersonville, TN 37075",36.3192995,-86.6012147,"['Japanese steakhouse', 'Restaurant']",3.8,227,$$,"[['Saturday', '11AM–2:30PM'], ['Sunday', 'Open 24 hours'], ['Monday', 'Open 24 hours'], ['Tuesday', 'Open 24 hours'], ['Wednesday', 'Open 24 hours'], ['Thursday', 'Open 24 hours'], ['Friday', 'Open 24 hours']]"
0x886466f9d900123b:0x9db242fdfcf2b154,Jimbo's,"Jimbo's, 7 Arcade, Nashville, TN 37219",36.1644863,-86.77970359999999,"['Sushi restaurant', 'Asian restaurant', 'Japanese restaurant', 'Korean restaurant']",4.5,105,$,"[['Friday', '10:30AM–3PM'], ['Saturday', 'Closed'], ['Sunday', 'Closed'], ['Monday', '10:30AM–3PM'], ['Tuesday', '10:30AM–3PM'], ['Wednesday', '10:30AM–3PM'], ['Thursday', '10:30AM–3PM']]"
0x88646fd852b8c741:0xc4364285bc0af57a,Midori,"Midori, 5628 Nolensville Pike, Nashville, TN 37211",36.047250999999996,-86.7098931,"['Sushi restaurant', 'Asian fusion restaurant', 'Asian restaurant', 'Japanese restaurant', 'Korean restaurant']",4.6,278,$$,"[['Friday', '11AM–2PM'], ['Saturday', '11AM–2PM'], ['Sunday', '5–9PM'], ['Monday', '11AM–2PM'], ['Tuesday', 'Closed'], ['Wednesday', '11AM–2PM'], ['Thursday', '11AM–2PM']]"
0x886130306fd7971b:0x721fdd5b2de2562a,Saki Hibachi And Steak House,"Saki Hibachi And Steak House, 1100 Smithville Hwy, McMinnville, TN 37110",35.700483,-85.77878539999999,['Japanese steakhouse'],4.2,228,$$,"[['Friday', '11AM–9PM'], ['Saturday', '11:30AM–9PM'], ['Sunday', '11AM–9PM'], ['Monday', '11AM–3PM'], ['Tuesday', 'Closed'], ['Wednesday', '11AM–3PM'], ['Thursday', '11AM–3PM']]"
0x885bc1d2374df1b5:0x6e19e876128b59e0,Osaka Japanese Steak & Lobster house,"Osaka Japanese Steak & Lobster house, 365 W Broadway St, Newport, TN 37821",35.9684483,-83.20294059999999,"['Japanese restaurant', 'Asian restaurant']",3.8,315,$$,"[['Friday', '11AM–9PM'], ['Saturday', '11AM–9PM'], ['Sunday', '11AM–9PM'], ['Monday', '11AM–9PM'], ['Tuesday', '11AM–9PM'], ['Wednesday', '11AM–9PM'], ['Thursday', '11AM–9PM']]"
0x885c3d5e52b1152d:0x48db2eed9f5182e9,Hibachi Factory,"Hibachi Factory, 1815 Cumberland Ave, Knoxville, TN 37916",35.9558426,-83.9345666,"['Japanese restaurant', 'Asian restaurant', 'Delivery Restaurant', 'Restaurant']",2.8,266,$$,"[['Friday', '11AM–10PM'], ['Saturday', '11AM–10PM'], ['Sunday', '11AM–10PM'], ['Monday', '11AM–10PM'], ['Tuesday', '11AM–10PM'], ['Wednesday', '11AM–10PM'], ['Thursday', '11AM–10PM']]"
0x88647b2293b70959:0x6ab4231106d5954c,Peter's Sushi & Thai,"Peter's Sushi & Thai, 330 Franklin Rd Suite 912D, Brentwood, TN 37027",36.026582999999995,-86.789945,"['Sushi restaurant', 'Asian fusion restaurant', 'Asian restaurant', 'Japanese restaurant', 'Restaurant', 'Thai restaurant']",4.5,478,$$,"[['Thursday', '11AM–2:30PM'], ['Friday', '11AM–2:30PM'], ['Saturday', '5–9:45PM'], ['Sunday', '12–9PM'], ['Monday', '11AM–2:30PM'], ['Tuesday', '11AM–2:30PM'], ['Wednesday', '11AM–2:30PM']]"
0x88605f016c1a0a8f:0x114b94f46242151a,Red Ginger Bistro,"Red Ginger Bistro, 1801 Dayton Blvd, Chattanooga, TN 37405",35.0845876,-85.3178145,"['Chinese restaurant', 'Asian restaurant', 'Japanese restaurant']",4.6,73,,"[['Thursday', '11AM–10PM'], ['Friday', '11AM–10PM'], ['Saturday', '12–10PM'], ['Sunday', '12–10PM'], ['Monday', '11AM–10PM'], ['Tuesday', 'Closed'], ['Wednesday', '11AM–10PM']]"
0x88647de060eb78ab:0x6f17d3d0b5b7de8e,Miso,"Miso, 2020 Fieldstone Pkwy, Franklin, TN 37069",35.964846099999995,-86.88359969999999,['Japanese restaurant'],4.5,98,$$,"[['Thursday', '11AM–2:30PM'], ['Friday', '11AM–2:30PM'], ['Saturday', '5–10PM'], ['Sunday', '11AM–3PM'], ['Monday', '11AM–2:30PM'], ['Tuesday', '11AM–2:30PM'], ['Wednesday', '11AM–2:30PM']]"
0x885a7d569bfdaa83:0xc1a8a9c6c9ccdcb3,Misaki Japanese Steakhouse,"Misaki Japanese Steakhouse, 3104 Bristol Hwy # C, Johnson City, TN 37601",36.3622995,-82.38212399999999,['Japanese restaurant'],4.5,265,$$,"[['Thursday', '11AM–2PM'], ['Friday', '11AM–2PM'], ['Saturday', '11:30AM–9PM'], ['Sunday', 'Closed'], ['Monday', '11AM–2PM'], ['Tuesday', '11AM–2PM'], ['Wednesday', '11AM–2PM']]"
0x887ea6a700ca978d:0x3d825a96d56e31b0,Asahi Japanese Steakhouse,"Asahi Japanese Steakhouse, 1364 Vann Dr, Jackson, TN 38305",35.6617196,-88.8626312,['Japanese restaurant'],4.4,474,$$$,"[['Thursday', '11AM–2PM'], ['Friday', '11AM–2PM'], ['Saturday', '4:30–10PM'], ['Sunday', '11AM–2PM'], ['Monday', '11AM–2PM'], ['Tuesday', '11AM–2PM'], ['Wednesday', '11AM–2PM']]"
0x886722188e23d4e9:0x15c47cc55f3582ca,Sakura Hibachi Express,"Sakura Hibachi Express, 220 S Willow Ave, Cookeville, TN 38501",36.1585463,-85.51294539999999,"['Japanese restaurant', 'Asian restaurant']",4.3,315,$,"[['Thursday', '11AM–9:30PM'], ['Friday', '11AM–10:30PM'], ['Saturday', '11AM–10:30PM'], ['Sunday', '11AM–9:30PM'], ['Monday', '11AM–9:30PM'], ['Tuesday', '11AM–9:30PM'], ['Wednesday', '11AM–9:30PM']]"
0x887f9bbaaad82d3f:0x57f34a9303e1f473,Urban Fusion Asian Bistro,"Urban Fusion Asian Bistro, 2015 Exeter Rd, Germantown, TN 38138",35.0937933,-89.80369449999999,"['Asian fusion restaurant', 'Japanese restaurant']",4.4,228,$$,"[['Thursday', '11AM–2:30PM'], ['Friday', '11AM–2:30PM'], ['Saturday', '12–9:30PM'], ['Sunday', '12–8:30PM'], ['Monday', '11AM–2:30PM'], ['Tuesday', '11AM–2:30PM'], ['Wednesday', '11AM–2:30PM']]"
0x885a8daf0782c6f7:0x3786303ef4490c,Sakura Kingsport,"Sakura Kingsport, 1801 E Stone Dr, Kingsport, TN 37660",36.5456502,-82.5142922,['Japanese restaurant'],4.4,37,,"[['Wednesday', '11AM–10PM'], ['Thursday', '11AM–10PM'], ['Friday', '11AM–10PM'], ['Saturday', '11AM–10PM'], ['Sunday', 'Closed'], ['Monday', '11AM–10PM'], ['Tuesday', '11AM–10PM']]"
0x885c3cd7ffa08081:0x87e65a18ad7f5629,Osaka Hibachi & Sushi,"Osaka Hibachi & Sushi, 3349 Sutherland Ave, Knoxville, TN 37919",35.949740999999996,-83.97418499999999,"['Asian restaurant', 'Japanese restaurant', 'Korean restaurant', 'Sushi restaurant']",4.1,378,$,"[['Wednesday', '11AM–9PM'], ['Thursday', '11AM–9PM'], ['Friday', '11AM–10PM'], ['Saturday', '11AM–10PM'], ['Sunday', 'Closed'], ['Monday', '11AM–9PM'], ['Tuesday', '11AM–9PM']]"
0x886179d7f8bf7c21:0xbe2f79af44ee6c31,Yamato,"Yamato, 1935 Decherd Blvd, Decherd, TN 37324",35.2067672,-86.0945775,"['Japanese restaurant', 'Restaurant']",4.3,306,$$,"[['Wednesday', '11AM–9:30PM'], ['Thursday', '11AM–9:30PM'], ['Friday', '11AM–10:30PM'], ['Saturday', '11AM–10:30PM'], ['Sunday', '11AM–9:30PM'], ['Monday', '4–9:30PM'], ['Tuesday', '11AM–9:30PM']]"
0x88647be63f4dbce5:0xec477a958a4ce7ea,Shogun JPN Steakhouse of Brentwood,"Shogun JPN Steakhouse of Brentwood, 1638 Liberty Blvd, Brentwood, TN 37027",35.969616699999996,-86.8056435,"['Japanese steakhouse', 'Japanese restaurant', 'Restaurant']",4.1,618,$$,"[['Wednesday', '11AM–2PM'], ['Thursday', '11AM–2PM'], ['Friday', '11AM–2PM'], ['Saturday', '4–9:30PM'], ['Sunday', '11:30AM–2:30PM'], ['Monday', '11AM–2PM'], ['Tuesday', '11AM–2PM']]"
0x885e9e2a13fd9c59:0x897a1d8409ea3cd3,M P Hibachi Grill Chinese,"M P Hibachi Grill Chinese, 357 Telford St, Alcoa, TN 37701",35.7637149,-83.9787576,"['Eclectic restaurant', 'Chinese restaurant', 'Japanese restaurant', 'Restaurant']",4.4,425,$,"[['Tuesday', 'Closed'], ['Wednesday', '11AM–9PM'], ['Thursday', '11AM–9PM'], ['Friday', '11AM–9PM'], ['Saturday', '11AM–9PM'], ['Sunday', '11AM–9PM'], ['Monday', '11AM–9PM']]"
0x8863f8768c412f17:0xfe04d54469d21432,Koji Express Japanese Grill - Memorial,"Koji Express Japanese Grill - Memorial, 1010 Memorial Blvd, Murfreesboro, TN 37129",35.8581898,-86.3921846,"['Japanese restaurant', 'Asian restaurant', 'Japanese steakhouse', 'Restaurant']",4.6,968,$,"[['Monday', '11AM–9PM'], ['Tuesday', '11AM–9PM'], ['Wednesday', '11AM–9PM'], ['Thursday', '11AM–9PM'], ['Friday', '11AM–9PM'], ['Saturday', '11AM–9PM'], ['Sunday', 'Closed']]"
0x885b912fd2566571:0x6e35056a56495ed8,Asian Express,"Asian Express, 3600 W Andrew Johnson Hwy, Morristown, TN 37814",36.197694,-83.344582,"['Chinese restaurant', 'Asian restaurant', 'Fast food restaurant', 'Japanese restaurant', 'Restaurant']",4.4,355,$,"[['Monday', '10:30AM–10PM'], ['Tuesday', '10:30AM–10PM'], ['Wednesday', '10:30AM–10PM'], ['Thursday', '10:30AM–10PM'], ['Friday', '10:30AM–10PM'], ['Saturday', '10:30AM–10PM'], ['Sunday', '10:30AM–10PM']]"
0x88647bdde1a4a057:0xcc2a92efabe76430,Fuji,"Fuji, 8113 Moores Ln, Brentwood, TN 37027",35.9652569,-86.8010765,"['Japanese restaurant', 'Asian restaurant', 'Sushi restaurant']",4.2,148,$$,"[['Monday', '11AM–2:30PM'], ['Tuesday', '11AM–2:30PM'], ['Wednesday', '11AM–2:30PM'], ['Thursday', '11AM–2:30PM'], ['Friday', '11AM–2:30PM'], ['Saturday', '12–9:30PM'], ['Sunday', '4–9:30PM']]"
0x88608a94c82b0b9f:0xc436882c5e445b16,Soho Hibachi Hixson,"Soho Hibachi Hixson, 5510 TN-153, Hixson, TN 37343",35.1432527,-85.2479292,['Authentic Japanese restaurant'],4.4,332,$,"[['Monday', '11AM–9:30PM'], ['Tuesday', '11AM–9:30PM'], ['Wednesday', '11AM–9:30PM'], ['Thursday', '11AM–9:30PM'], ['Friday', '11AM–10PM'], ['Saturday', '11AM–10PM'], ['Sunday', '11:30AM–9:30PM']]"
0x887e890a43fa428f:0x5fef48d26b2b5316,Hatsuhana Express,"Hatsuhana Express, 617 W Market St, Bolivar, TN 38008",35.2566859,-88.99532359999999,['Japanese restaurant'],4.8,68,,"[['Monday', '5–8PM'], ['Tuesday', '5–8PM'], ['Wednesday', '5–8PM'], ['Thursday', '5–8PM'], ['Friday', '5–8PM'], ['Saturday', '5–8PM'], ['Sunday', 'Closed']]"
0x88606354b86759a9:0xd5459752264be0d7,Hokkaido,"Hokkaido, 4762 TN-58 #144, Chattanooga, TN 37416",35.0873072,-85.18824889999999,"['Japanese restaurant', 'Restaurant', 'Sushi restaurant']",4.4,38,,"[['Monday', 'Closed'], ['Tuesday', '11AM–9PM'], ['Wednesday', '11AM–9PM'], ['Thursday', '11AM–9PM'], ['Friday', '11AM–9:30PM'], ['Saturday', '11AM–9:30PM'], ['Sunday', '11:30AM–8:30PM']]"
0x8864437f91261bd1:0x94946537de613603,Fuji,"Fuji, 801 Rivergate Pkwy, Goodlettsville, TN 37072",36.302599,-86.70228399999999,"['Japanese steakhouse', 'Asian restaurant', 'Japanese restaurant', 'Restaurant', 'Sushi restaurant']",4.1,466,$$,"[['Monday', 'Closed'], ['Tuesday', '11AM–9:30PM'], ['Wednesday', '11AM–9:30PM'], ['Thursday', '11AM–9:30PM'], ['Friday', '11AM–10:30PM'], ['Saturday', '11:30AM–10:30PM'], ['Sunday', '11:30AM–9PM']]"
0x886445dedf27abd9:0xdb17a61e1bc3644b,Japan House,"Japan House, 324 Long Hollow Pike #201, Goodlettsville, TN 37072",36.327067,-86.7010583,['Japanese steakhouse'],4.5,76,,"[['Monday', '11AM–10PM'], ['Tuesday', '11AM–10PM'], ['Wednesday', '11AM–10PM'], ['Thursday', '11AM–10PM'], ['Friday', '11AM–10PM'], ['Saturday', '11AM–10PM'], ['Sunday', '11AM–10PM']]"
0x887f7b1a95717579:0xb50c4df9d3ac8fd1,Kobe Japanese Cuisine,"Kobe Japanese Cuisine, 8510 Wilkinsville Rd, Millington, TN 38053",35.3590534,-89.8960937,"['Japanese restaurant', 'Asian restaurant', 'Sushi restaurant']",4.5,447,$$,"[['Monday', 'Closed'], ['Tuesday', '11AM–9PM'], ['Wednesday', '11AM–9PM'], ['Thursday', '11AM–9PM'], ['Friday', '11AM–10PM'], ['Saturday', '11AM–10PM'], ['Sunday', '11AM–9PM']]"
0x887ea6ba6d3d77d7:0xb6103a345b2b2316,Zen Japanese Steak House,"Zen Japanese Steak House, 660 Carriage House Dr #4253, Jackson, TN 38305",35.6602635,-88.8513256,"['Japanese restaurant', 'Bar', 'Sushi restaurant']",4.6,137,$$,"[['Monday', '11AM–2:30PM'], ['Tuesday', '11AM–2:30PM'], ['Wednesday', '11AM–2:30PM'], ['Thursday', '11AM–2:30PM'], ['Friday', '11AM–2:30PM'], ['Saturday', '11AM–11PM'], ['Sunday', '11AM–10PM']]"
0x885bf8ec137f7a55:0x1652fe514b5a62e6,Sakura Japanese Buffet,"Sakura Japanese Buffet, 624 Parkway, Sevierville, TN 37862",35.8585814,-83.56702729999999,['Japanese restaurant'],4.1,2825,$,"[['Monday', '11AM–10PM'], ['Tuesday', '11AM–10PM'], ['Wednesday', '11AM–10PM'], ['Thursday', '11AM–10PM'], ['Friday', '11AM–10PM'], ['Saturday', '11AM–10PM'], ['Sunday', '11AM–10PM']]"
0x885c2f00e2109397:0xb51ad97a6d9fd4ca,Wasabi Japanese Steakhouse,"Wasabi Japanese Steakhouse, 226 Lovell Rd, Knoxville, TN 37934",35.900397999999996,-84.1393844,"['Japanese restaurant', 'Asian restaurant', 'Restaurant', 'Sushi restaurant']",4.4,1964,$$,"[['Sunday', '11AM–2:30PM'], ['Monday', '11AM–2:30PM'], ['Tuesday', '11AM–2:30PM'], ['Wednesday', '11AM–2:30PM'], ['Thursday', '11AM–2:30PM'], ['Friday', '11AM–2:30PM'], ['Saturday', '4–10PM']]"
0x885e15594a580d49:0x2d8568a5062db3d3,Yamato Japanese Steak House,"Yamato Japanese Steak House, 1504 Decatur Pike, Athens, TN 37303",35.4511111,-84.61944439999999,"['Japanese restaurant', 'Asian restaurant', 'Sushi restaurant']",4.4,494,$$,"[['Sunday', '11AM–9PM'], ['Monday', '11AM–9PM'], ['Tuesday', '11AM–9PM'], ['Wednesday', '11AM–9PM'], ['Thursday', '11AM–9PM'], ['Friday', '11AM–10PM'], ['Saturday', '11AM–10PM']]"
0x8860a1f5a895d0cf:0x7689b3114f7fa786,Panda Garden Buffet,"Panda Garden Buffet, 120 Locust St, Dayton, TN 37321",35.482198,-85.0211941,"['Chinese restaurant', 'Asian restaurant', 'Japanese restaurant']",3.7,338,,"[['Sunday', '10:30AM–9:30PM'], ['Monday', '10:30AM–9:30PM'], ['Tuesday', '10:30AM–9:30PM'], ['Wednesday', '10:30AM–9:30PM'], ['Thursday', '10:30AM–9:30PM'], ['Friday', '10:30AM–12AM'], ['Saturday', '10:30AM–10:30PM']]"
0x88643079b3f8df6d:0xf2dfa1cca8edc080,Osaka,"Osaka, 223 W Main St, Gallatin, TN 37066",36.386904,-86.450683,"['Japanese restaurant', 'Bar', 'Sushi restaurant']",4.4,288,$$,"[['Sunday', 'Closed'], ['Monday', '11AM–9PM'], ['Tuesday', '11AM–9PM'], ['Wednesday', '11AM–9:30PM'], ['Thursday', '11AM–9:30PM'], ['Friday', '11AM–9:30PM'], ['Saturday', '11AM–9:30PM']]"
0x88636df659acbf31:0x5701d1af96b0b72e,Fujiyama,"Fujiyama, 1202 South James Campbell Boulevard #3 Suite 3, Columbia, TN 38401",35.6022507,-87.06273829999999,"['Japanese restaurant', 'Restaurant', 'Sushi restaurant']",4.4,268,$$,"[['Sunday', '11AM–9PM'], ['Monday', '11AM–9:30PM'], ['Tuesday', '11AM–9:30PM'], ['Wednesday', '11AM–9:30PM'], ['Thursday', '11AM–9:30PM'], ['Friday', '11AM–10:30PM'], ['Saturday', '11AM–10:30PM']]"
0x887f83a0f37fc9b9:0x95bb8cfc09463967,Ryu Sushi Bar,"Ryu Sushi Bar, 5137 Summer Ave, Memphis, TN 38122",35.1522156,-89.889247,"['Authentic Japanese restaurant', 'Asian restaurant', 'Sushi restaurant']",4.5,253,$,"[['Saturday', '11AM–9PM'], ['Sunday', 'Closed'], ['Monday', '11AM–9PM'], ['Tuesday', '11AM–9PM'], ['Wednesday', '11AM–9PM'], ['Thursday', '11AM–9PM'], ['Friday', '11AM–9PM']]"
0x887f9dc655021a1d:0x2c75504b4ebc8f64,Osaka Japanese Cuisine,"Osaka Japanese Cuisine, 2200 N Germantown Pkwy Suite 101, Cordova, TN 38016",35.1840508,-89.7919266,"['Japanese restaurant', 'Asian restaurant', 'Bar', 'Sushi restaurant']",4.2,604,$$,"[['Saturday', '4:30–11PM'], ['Sunday', '11:30AM–2:30PM'], ['Monday', '11AM–2:30PM'], ['Tuesday', '11AM–2:30PM'], ['Wednesday', '11AM–2:30PM'], ['Thursday', '11AM–2:30PM'], ['Friday', '11AM–2:30PM']]"
0x88606701797489df:0x33a9d593afb41d1e,Haiku Hibachi,"Haiku Hibachi, 5318 Ringgold Rd, Chattanooga, TN 37412",34.994534,-85.23365799999999,['Japanese restaurant'],4.2,328,$,"[['Saturday', '11AM–10:30PM'], ['Sunday', '11AM–9:30PM'], ['Monday', '11AM–10PM'], ['Tuesday', '11AM–10PM'], ['Wednesday', '11AM–10PM'], ['Thursday', '11AM–10PM'], ['Friday', '11AM–10:30PM']]"
0x886378bb8b6d728b:0xcc7ddca753f9bf50,Asuka,"Asuka, 2029 Wall St, Spring Hill, TN 37174",35.773216399999995,-86.9148215,"['Japanese restaurant', 'Asian restaurant', 'Diner', 'Lunch restaurant', 'Takeout Restaurant', 'Noodle shop', 'Sushi restaurant', 'Sushi takeaway']",3.9,394,$$,"[['Saturday', '11AM–2:30PM'], ['Sunday', '11AM–9:30PM'], ['Monday', '11AM–2:30PM'], ['Tuesday', '11AM–2:30PM'], ['Wednesday', '11AM–2:30PM'], ['Thursday', '11AM–2:30PM'], ['Friday', '11AM–2:30PM']]"
0x886162fea21b39ad:0x937d2d9d4fb2a25c,Yamato Japanese Steakhouse,"Yamato Japanese Steakhouse, 913 N Jackson St, Tullahoma, TN 37388",35.3703204,-86.21972679999999,"['Steak house', 'Japanese restaurant']",4.4,458,$$,"[['Saturday', '11AM–10PM'], ['Sunday', '11AM–9PM'], ['Monday', '11AM–9PM'], ['Tuesday', '11AM–9PM'], ['Wednesday', '11AM–9PM'], ['Thursday', '11AM–9PM'], ['Friday', '11AM–10PM']]"
0x885a6e438917b779:0x45dd158a900e926f,Hibachi House,"Hibachi House, 508 Carolina Ave, Erwin, TN 37650",36.1368106,-82.4171349,['Japanese restaurant'],4.5,175,$,"[['Saturday', '11AM–9PM'], ['Sunday', 'Closed'], ['Monday', '11AM–8PM'], ['Tuesday', '11AM–8PM'], ['Wednesday', '11AM–8PM'], ['Thursday', '11AM–8PM'], ['Friday', '11AM–9PM']]"
0x88647eb39e2eda33:0x2aa1d6acc09733e5,Wild Wasabi,"Wild Wasabi, 209 10th Ave S # 215, Nashville, TN 37203, United States",36.1551022,-86.78230409999999,"['Sushi restaurant', 'Asian restaurant', 'Japanese restaurant', 'Korean restaurant', 'Takeout Restaurant']",4.3,578,$$,"[['Saturday', '12–9PM'], ['Sunday', '3–9PM'], ['Monday', '11AM–9PM'], ['Tuesday', '11AM–9PM'], ['Wednesday', '11AM–9PM'], ['Thursday', '11AM–9PM'], ['Friday', '11AM–9PM']]"
0x886462502d226563:0xd91e63af69a15799,Asahi,"Asahi, 5133 Harding Pike, Nashville, TN 37205",36.1035056,-86.8687837,"['Authentic Japanese restaurant', 'Asian restaurant', 'Japanese restaurant', 'Sushi restaurant']",4.5,78,,"[['Friday', '11AM–10PM'], ['Saturday', '11AM–10PM'], ['Sunday', '5–9PM'], ['Monday', '11AM–9PM'], ['Tuesday', '11AM–9PM'], ['Wednesday', '11AM–9PM'], ['Thursday', '11AM–9PM']]"
0x885c25df1e854215:0xcde54679ee92d935,Fulin's Asian Cuisine in Knoxville,"Fulin's Asian Cuisine in Knoxville, 2060 Town Center Blvd, Knoxville, TN 37922",35.8596673,-84.0750865,"['Chinese restaurant', 'Asian fusion restaurant', 'Asian restaurant', 'Authentic Japanese restaurant', 'Restaurant', 'Sushi restaurant', 'Thai restaurant']",4.2,303,$$,"[['Friday', '11AM–9PM'], ['Saturday', '11AM–9PM'], ['Sunday', '11AM–9PM'], ['Monday', '11AM–9PM'], ['Tuesday', '11AM–9PM'], ['Wednesday', '11AM–9PM'], ['Thursday', '11AM–9PM']]"
0x887f9d92ab22ee15:0xed201b0b7cf1f5c9,Rock n Roll Sushi Wolfchase,"Rock n Roll Sushi Wolfchase, 2886 Wolf Creek Pkwy, Memphis, TN 38133",35.2033862,-89.79449249999999,"['Sushi restaurant', 'Bar & grill', 'Japanese restaurant']",4.3,477,$$,"[['Friday', '11AM–10PM'], ['Saturday', '11AM–10PM'], ['Sunday', '11AM–9PM'], ['Monday', '11AM–9PM'], ['Tuesday', '11AM–9PM'], ['Wednesday', '11AM–9PM'], ['Thursday', '11AM–9PM']]"
0x885c209c0db895ad:0xe724d846b15f62fc,Asian Buffet Grill & Sushi,"Asian Buffet Grill & Sushi, 1054 Hunters Crossing, Alcoa, TN 37701",35.770241,-83.9908829,"['Chinese restaurant', 'Asian restaurant', 'Buffet restaurant', 'Chicken restaurant', 'Japanese restaurant', 'Sushi restaurant']",3.9,1204,$,"[['Thursday', '11AM–9PM'], ['Friday', '11AM–9PM'], ['Saturday', '11AM–9PM'], ['Sunday', '11AM–9PM'], ['Monday', '11AM–9PM'], ['Tuesday', '11AM–9PM'], ['Wednesday', '11AM–9PM']]"
0x885c333374a82fbb:0xbf15e51cb80213b4,Fulin's Asian Cuisine,"Fulin's Asian Cuisine, 1556 Oak Ridge Turnpike, Oak Ridge, TN 37830",36.01269,-84.269682,"['Chinese restaurant', 'Asian fusion restaurant', 'Asian restaurant', 'Diner', 'Authentic Japanese restaurant', 'Sushi restaurant', 'Thai restaurant']",4.3,395,$$,"[['Thursday', '11AM–9PM'], ['Friday', '11AM–9PM'], ['Saturday', '11AM–9PM'], ['Sunday', '11AM–9PM'], ['Monday', '11AM–9PM'], ['Tuesday', '11AM–9PM'], ['Wednesday', 'Closed']]"
0x885a84b047896015:0xf747464600c99ec,Shoku Japanese Steak House,"Shoku Japanese Steak House, 1921 TN-394 Ste 1, Blountville, TN 37617",36.5252075,-82.3136471,['Japanese restaurant'],4.6,218,$$,
0x88643e13ae8f2efd:0xb436aaf19106a10,Oishii,"Oishii, 11219 Lebanon Rd, Mt. Juliet, TN 37122",36.2328511,-86.5152291,"['Japanese restaurant', 'Asian restaurant', 'Chinese restaurant', 'Sushi restaurant', 'Teppanyaki restaurant']",4.4,377,$$,"[['Thursday', '11AM–9PM'], ['Friday', '11AM–10PM'], ['Saturday', '11AM–10PM'], ['Sunday', '11AM–9PM'], ['Monday', 'Closed'], ['Tuesday', '11AM–9PM'], ['Wednesday', '11AM–9PM']]"
0x8864401d15a63339:0xd5c1320d596bb1cf,Chikuyo Tei,"Chikuyo Tei, 4722 Lebanon Pike, Hermitage, TN 37076",36.2162627,-86.5919131,"['Asian restaurant', 'Chinese noodle restaurant', 'Japanese restaurant', 'Sushi restaurant', 'Sushi takeaway']",4.4,378,$$,"[['Thursday', '11AM–9PM'], ['Friday', '11AM–9PM'], ['Saturday', '11AM–9PM'], ['Sunday', '11AM–9PM'], ['Monday', '11AM–9PM'], ['Tuesday', '11AM–9PM'], ['Wednesday', '11AM–9PM']]"
0x88643fcb6678b439:0x44a5f36a58193bdb,Smiley Thai and Sushi,"Smiley Thai and Sushi, 11356 Lebanon Rd, Mt. Juliet, TN 37122",36.230535499999995,-86.515721,"['Restaurant', 'Japanese restaurant', 'Sushi restaurant', 'Thai restaurant']",4.8,203,,"[['Thursday', '11AM–2:30PM'], ['Friday', '11AM–2:30PM'], ['Saturday', '12–10PM'], ['Sunday', '12–9PM'], ['Monday', '11AM–2:30PM'], ['Tuesday', '11AM–2:30PM'], ['Wednesday', '11AM–2:30PM']]"
0x885c3e9e3072fd5b:0x123ace4dab003f1d,Asia Cafe,"Asia Cafe, 1708 Callahan Dr, Knoxville, TN 37912",36.0141826,-84.0119794,"['Chinese restaurant', 'Asian restaurant', 'Indonesian restaurant', 'Japanese restaurant', 'Sushi restaurant']",4.3,1597,$$,"[['Wednesday', '11AM–10PM'], ['Thursday', '11AM–10PM'], ['Friday', '11AM–10PM'], ['Saturday', '11AM–10PM'], ['Sunday', '11AM–10PM'], ['Monday', '11AM–10PM'], ['Tuesday', '11AM–10PM']]"
0x887f815e1cf60599:0x2b37eb56b682f4b7,Nagasaki Inn,"Nagasaki Inn, 3951 Summer Ave, Memphis, TN 38122",35.148682099999995,-89.929197,['Japanese steakhouse'],4.5,337,,"[['Wednesday', '5–9:30PM'], ['Thursday', '5–9:30PM'], ['Friday', '5–10:30PM'], ['Saturday', '5–10:30PM'], ['Sunday', '4–9PM'], ['Monday', '5–9:30PM'], ['Tuesday', '5–9:30PM']]"
0x885bff0f38b3deb7:0x4f1ddf4a2c775df9,Kinkaku Japanese Steak House,"Kinkaku Japanese Steak House, 3152 Parkway, Pigeon Forge, TN 37863",35.7931289,-83.5611954,"['Japanese restaurant', 'Restaurant', 'Steak house']",4.0,268,$$,"[['Wednesday', '12–10PM'], ['Thursday', '12–10PM'], ['Friday', '12–11PM'], ['Saturday', '12–11PM'], ['Sunday', '12–10PM'], ['Monday', '12–10PM'], ['Tuesday', '12–10PM']]"
0x886520a4bec7aa07:0xe5a08b7eb25de67d,Chopstick Japan,"Chopstick Japan, 2801 Wilma Rudolph Blvd #8006, Clarksville, TN 37040",36.589571299999996,-87.28693369999999,['Japanese restaurant'],3.9,34,,"[['Wednesday', '10AM–9PM'], ['Thursday', '10AM–9PM'], ['Friday', '10AM–9PM'], ['Saturday', '10AM–9PM'], ['Sunday', '11AM–6PM'], ['Monday', '10AM–9PM'], ['Tuesday', '10AM–9PM']]"
0x87d57ea3cdd291a3:0xb3bbe223d6d35e2c,South Main Sushi,"South Main Sushi, 520 S Main St #4443, Memphis, TN 38103",35.1332133,-90.0588121,"['Sushi restaurant', 'Japanese restaurant']",4.3,236,$$,"[['Wednesday', '4–9PM'], ['Thursday', '4–9PM'], ['Friday', '4–9PM'], ['Saturday', '4–9PM'], ['Sunday', '4–9PM'], ['Monday', '4–9PM'], ['Tuesday', '4–9PM']]"
0x887f846d7b095719:0xbcd0e84b62991772,Sekisui Pacific Rim,"Sekisui Pacific Rim, 4724 Poplar Ave, Memphis, TN 38117",35.115601999999996,-89.90453,"['Japanese restaurant', 'Restaurant', 'Sushi restaurant']",4.3,288,$$,"[['Wednesday', '5–9PM'], ['Thursday', '5–9PM'], ['Friday', '5–9:30PM'], ['Saturday', '5–9:30PM'], ['Sunday', '5–9PM'], ['Monday', '5–9PM'], ['Tuesday', '5–9PM']]"
0x887ba2d76ad493cf:0xf7c60c79043e17a1,Miso Japanese Seafood & Steak House,"Miso Japanese Seafood & Steak House, 915 Mineral Wells Ave, Paris, TN 38242",36.2906974,-88.3149334,"['Japanese steakhouse', 'Japanese restaurant']",4.4,418,$$,"[['Wednesday', '11AM–3PM'], ['Thursday', '11AM–3PM'], ['Friday', '11AM–3PM'], ['Saturday', '11AM–3PM'], ['Sunday', '11AM–3PM'], ['Monday', '11AM–3PM'], ['Tuesday', 'Closed']]"
0x887f82a4c6c1c2e3:0x9887b8740a4596a4,OEC Japanese Express,"OEC Japanese Express, Bartlett, TN 38134",35.203824399999995,-89.8634608,"['Japanese restaurant', 'Asian restaurant', 'Japanese steakhouse', 'Sushi restaurant']",4.7,438,$$,"[['Wednesday', '10:30AM–9:30PM'], ['Thursday', '10:30AM–9:30PM'], ['Friday', '10:30AM–10:30PM'], ['Saturday', '10:30AM–10:30PM'], ['Sunday', '12–9:30PM'], ['Monday', 'Closed'], ['Tuesday', '10:30AM–9:30PM']]"
0x885b8cff851d6259:0xb2cac942f3e4fd81,Asian House Restaurant,"Asian House Restaurant, 652 E Broadway Blvd, Jefferson City, TN 37760",36.1292241,-83.4657957,"['Chinese restaurant', 'Asian restaurant', 'Japanese restaurant', 'Restaurant', 'Sushi restaurant']",4.3,448,$,"[['Tuesday', '11AM–9:30PM'], ['Wednesday', '11AM–9:30PM'], ['Thursday', '11AM–9:30PM'], ['Friday', '11AM–10:30PM'], ['Saturday', '11AM–10:30PM'], ['Sunday', '11AM–9:30PM'], ['Monday', 'Closed']]"
0x88606392625863e9:0xac7b537cc52c7d28,Asia Buffet,"Asia Buffet, 6901 Lee Hwy., Chattanooga, TN 37421",35.0432644,-85.16692119999999,"['Buffet restaurant', 'American restaurant', 'Chinese restaurant', 'Japanese restaurant', 'Restaurant']",3.9,1263,$,"[['Tuesday', '11AM–10PM'], ['Wednesday', '11AM–10PM'], ['Thursday', '11AM–10PM'], ['Friday', '11AM–10:30PM'], ['Saturday', '11AM–10:30PM'], ['Sunday', '11AM–10PM'], ['Monday', '11AM–10PM']]"
0x88632696fb4fda21:0x3051204e55dedbef,Yamato Japanese Steakhouse,"Yamato Japanese Steakhouse, 1620 N Locust Ave, Lawrenceburg, TN 38464",35.261264,-87.323527,"['Japanese restaurant', 'Japanese steakhouse', 'Steak house', 'Sushi restaurant', 'Sushi takeaway']",3.9,155,$$,"[['Tuesday', 'Closed'], ['Wednesday', '11AM–9PM'], ['Thursday', '11AM–9PM'], ['Friday', '11AM–9PM'], ['Saturday', '11AM–9PM'], ['Sunday', '11AM–9PM'], ['Monday', '11AM–9PM']]"
0x887f9831d6ee5103:0xf777c21aa8bef0dc,Osaka Japanese Cuisine,"Osaka Japanese Cuisine, 3670 S Houston Levee Rd #114, Collierville, TN 38017",35.048781399999996,-89.7311028,"['Japanese restaurant', 'Asian restaurant', 'Bar', 'Sushi restaurant']",4.1,573,$$,"[['Tuesday', '11AM–2:30PM'], ['Wednesday', '11AM–2:30PM'], ['Thursday', '11AM–2:30PM'], ['Friday', '11AM–2:30PM'], ['Saturday', '4:30–10PM'], ['Sunday', '11:30AM–2:30PM'], ['Monday', '11AM–2:30PM']]"
0x887fa2b05b6b8293:0xa453881921ce16ac,Lee Kan's Asian Grill,"Lee Kan's Asian Grill, 255 New Byhalia Rd #111, Collierville, TN 38017",35.0476951,-89.6907882,"['Asian restaurant', 'Chinese restaurant', 'Japanese restaurant', 'Restaurant']",4.4,97,$$,"[['Tuesday', '11AM–9PM'], ['Wednesday', '11AM–9PM'], ['Thursday', '11AM–9PM'], ['Friday', '11AM–9:30PM'], ['Saturday', '12–9:30PM'], ['Sunday', '11AM–9PM'], ['Monday', '11AM–9PM']]"
0x8864883fa8f6a7d1:0x253dc043c19175f4,Sakura,"Sakura, 7079 US-70S, Nashville, TN 37221",36.073496999999996,-86.9190551,['Japanese restaurant'],4.4,157,$$,"[['Tuesday', '11AM–9PM'], ['Wednesday', '11AM–9PM'], ['Thursday', '11AM–9PM'], ['Friday', '11AM–9PM'], ['Saturday', '11AM–9PM'], ['Sunday', 'Closed'], ['Monday', '11AM–9PM']]"
0x887f157dff099237:0x2eb897d698e5d43d,Sapporo Sushi & Steakhouse,"Sapporo Sushi & Steakhouse, 1603 highway 51 S, suite C, Covington, TN 38019",35.5460765,-89.6621497,['Japanese restaurant'],4.3,85,,"[['Tuesday', '11AM–3PM'], ['Wednesday', '11AM–3PM'], ['Thursday', '11AM–3PM'], ['Friday', '11AM–10:30PM'], ['Saturday', '11AM–10:30PM'], ['Sunday', '11AM–9:30PM'], ['Monday', 'Closed']]"
0x8860647a0836fdcb:0x4ddc9f917efc06b0,Shogun Japanese Steakhouse,"Shogun Japanese Steakhouse, 1806 Gunbarrel Rd, Chattanooga, TN 37421",35.0241536,-85.1582658,['Japanese restaurant'],4.0,618,$$,"[['Monday', 'Closed'], ['Tuesday', '11AM–2:30PM'], ['Wednesday', '11AM–2:30PM'], ['Thursday', '11AM–2:30PM'], ['Friday', '11AM–2:30PM'], ['Saturday', '11AM–10:30PM'], ['Sunday', '11AM–10PM']]"
0x8864143272df5d43:0x6905d07fd5002f05,Fulin's Asian Cuisine,"Fulin's Asian Cuisine, 401 S Mt Juliet Rd #480, Mt. Juliet, TN 37122",36.1650207,-86.51015559999999,"['Chinese restaurant', 'Asian fusion restaurant', 'Asian restaurant', 'Chinese takeaway', 'Delivery Chinese restaurant', 'Authentic Japanese restaurant', 'Restaurant', 'Sushi restaurant', 'Thai restaurant']",4.1,453,$$,"[['Monday', '11AM–9PM'], ['Tuesday', '11AM–9PM'], ['Wednesday', '11AM–9PM'], ['Thursday', '11AM–9PM'], ['Friday', '11AM–10PM'], ['Saturday', '11AM–10PM'], ['Sunday', '11AM–9PM']]"
0x88608a967f94333f:0x7eb28adfb2971fcc,Ichiban Japanese Steak House #1,"Ichiban Japanese Steak House #1, 5425 TN-153, Hixson, TN 37343",35.1386867,-85.2493337,['Japanese restaurant'],4.5,451,$$,"[['Monday', '5–10PM'], ['Tuesday', '5–10PM'], ['Wednesday', '5–10PM'], ['Thursday', '5–10PM'], ['Friday', '11:30AM–2PM'], ['Saturday', '11:30AM–2PM'], ['Sunday', '11:30AM–2PM']]"
0x887f9b3a1c7795ed:0x3101d88fbcd84850,Sekisui East,"Sekisui East, 6696 Poplar Ave, Memphis, TN 38138",35.098813799999995,-89.84037939999999,['Japanese restaurant'],4.4,158,$$,"[['Monday', '5–9:30PM'], ['Tuesday', '5–9:30PM'], ['Wednesday', '5–9:30PM'], ['Thursday', '5–9:30PM'], ['Friday', '5–9:30PM'], ['Saturday', '5–9:30PM'], ['Sunday', '5–9:30PM']]"
0x88646a621b17a8d9:0xf2430d5494f31437,Koi Japanese Buffet,"Koi Japanese Buffet, 4803 Old Hickory Blvd, Hermitage, TN 37076",36.199833999999996,-86.621496,"['Japanese restaurant', 'Sushi restaurant']",4.0,1068,$,"[['Monday', '11AM–9:30PM'], ['Tuesday', '11AM–9:30PM'], ['Wednesday', '11AM–9:30PM'], ['Thursday', '11AM–9:30PM'], ['Friday', '11AM–10:30PM'], ['Saturday', '11AM–10:30PM'], ['Sunday', '11AM–9:30PM']]"
0x886529af8c8ff325:0x16b09715f8ad5473,Yamato Japanese Steakhouse & Sushi Bar,"Yamato Japanese Steakhouse & Sushi Bar, 2501 Fort Campbell Blvd, Clarksville, TN 37042",36.615607,-87.430286,"['Steak house', 'Asian restaurant', 'Japanese restaurant', 'Sushi restaurant']",4.2,848,$$,"[['Monday', '11AM–10PM'], ['Tuesday', '11AM–10PM'], ['Wednesday', '11AM–10PM'], ['Thursday', '11AM–10PM'], ['Friday', '11AM–10PM'], ['Saturday', '11AM–10PM'], ['Sunday', '11AM–10PM']]"
0x885c24ba76337f43:0x7538cf30adc0f83b,Tomo Japanese Restaurant,"Tomo Japanese Restaurant, 7315 Kingston Pike, Knoxville, TN 37919",35.930859999999996,-84.030458,"['Japanese restaurant', 'Asian restaurant', 'Sushi restaurant']",4.3,468,$$,"[['Monday', '4–9PM'], ['Tuesday', '4–9PM'], ['Wednesday', '4–9PM'], ['Thursday', '4–9PM'], ['Friday', '4–10PM'], ['Saturday', '4–10PM'], ['Sunday', 'Closed']]"
0x885e9e86a65109fb:0x3452b4b93847f1fb,Osaka Japanese Grill,"Osaka Japanese Grill, 2338 Market Pl Dr, Maryville, TN 37801",35.716743099999995,-84.011301,"['Japanese restaurant', 'Teppanyaki restaurant']",4.4,448,$,"[['Sunday', 'Closed'], ['Monday', '11AM–9PM'], ['Tuesday', '11AM–9PM'], ['Wednesday', '11AM–9PM'], ['Thursday', '11AM–9PM'], ['Friday', '11AM–9PM'], ['Saturday', '11AM–9PM']]"
0x885a7d4ef440f4d1:0x318b47461d2ff7e1,Moto Japanese Restaurant,"Moto Japanese Restaurant, 2607 N Roan St, Johnson City, TN 37601",36.352627,-82.381829,"['Japanese restaurant', 'Asian restaurant']",4.5,836,$,"[['Sunday', '11AM–9PM'], ['Monday', '11AM–9PM'], ['Tuesday', '11AM–9PM'], ['Wednesday', '11AM–9PM'], ['Thursday', '11AM–9PM'], ['Friday', '11AM–9:30PM'], ['Saturday', '11AM–9:30PM']]"
0x885a7d37c31e9ccf:0xc853f49e4eac2fcc,Hana Japanese Steakhouse,"Tennessee, Johnson City, Sunset Dr, Hana Japanese Steakhouse邮政编码: 37604",36.3436111,-82.3794444,['Authentic Japanese restaurant'],4.2,108,$$,"[['Sunday', '11AM–9:30PM'], ['Monday', '11AM–2:30PM'], ['Tuesday', '11AM–2:30PM'], ['Wednesday', '11AM–2:30PM'], ['Thursday', '11AM–2:30PM'], ['Friday', '11AM–2:30PM'], ['Saturday', '11AM–10:30PM']]"
0x8864669ab621801b:0x6cba74fd7ad6776b,Nomzilla! sushi et cetera,"Nomzilla! sushi et cetera, 1000 Gallatin Ave Suite A, Nashville, TN 37206",36.1886132,-86.746798,"['Sushi restaurant', 'Asian restaurant', 'Japanese restaurant', 'Restaurant', 'Southeast Asian restaurant']",4.4,368,$$,"[['Sunday', '5–9:30PM'], ['Monday', '11AM–9:30PM'], ['Tuesday', '11AM–9:30PM'], ['Wednesday', '11AM–9:30PM'], ['Thursday', '11AM–9:30PM'], ['Friday', '11AM–9:30PM'], ['Saturday', '5–9:30PM']]"
0x887c1d9ccf426a21:0x917fdda9bfaa479c,Jiang Jun,"Jiang Jun, 2574 Christmasville Cove, Jackson, TN 38305",35.675142099999995,-88.7841883,"['Asian restaurant', 'Japanese restaurant', 'Restaurant', 'Sushi restaurant', 'Vegetarian restaurant']",4.5,425,$$,"[['Sunday', '11AM–9:30PM'], ['Monday', 'Closed'], ['Tuesday', '10:30AM–9:30PM'], ['Wednesday', '10:30AM–9:30PM'], ['Thursday', '10:30AM–9:30PM'], ['Friday', '10:30AM–10:30PM'], ['Saturday', '11AM–10:30PM']]"
0x88606386edac7ad7:0xc44e96e60d9cc78b,Hana Steak & Sushi,"Hana Steak & Sushi, 2200 Hamilton Pl Blvd, Chattanooga, TN 37421",35.035928399999996,-85.15594589999999,"['Japanese restaurant', 'Asian restaurant', 'Restaurant', 'Sushi restaurant']",4.0,738,$$,"[['Sunday', '11AM–3PM'], ['Monday', '11AM–2PM'], ['Tuesday', '11AM–2PM'], ['Wednesday', '11AM–2PM'], ['Thursday', '11AM–2PM'], ['Friday', '11AM–2PM'], ['Saturday', '11AM–2:30PM']]"
0x886750c70e7cd64f:0x5172a88abc194186,Tokyo 1 Japanese Steak House,"Tokyo 1 Japanese Steak House, 1246 N Main St, Crossville, TN 38555",35.963783299999996,-85.0367279,"['Japanese steakhouse', 'Japanese restaurant', 'Restaurant', 'Sushi restaurant']",4.4,547,$$,"[['Sunday', '11AM–9PM'], ['Monday', '11AM–9PM'], ['Tuesday', '11AM–9PM'], ['Wednesday', '11AM–9PM'], ['Thursday', '11AM–9PM'], ['Friday', '11AM–10PM'], ['Saturday', '11AM–10PM']]"
0x88647f94361c59f3:0xc80dda162efcfd95,Fulin's,"Fulin's, 3046 Columbia Ave #102, Franklin, TN 37064",35.894206499999996,-86.8793061,"['Asian restaurant', 'Asian fusion restaurant', 'Chinese noodle restaurant', 'Chinese restaurant', 'Delivery Chinese restaurant', 'Authentic Japanese restaurant', 'Restaurant', 'Sushi restaurant', 'Thai restaurant']",3.9,118,$$,"[['Sunday', '11AM–9:30PM'], ['Monday', 'Closed'], ['Tuesday', '11AM–9:30PM'], ['Wednesday', '11AM–9:30PM'], ['Thursday', '11AM–9:30PM'], ['Friday', '11AM–10:30PM'], ['Saturday', '11AM–10:30PM']]"
0x8850761e4fb2af75:0xc599f2bcb8eb37a2,Sakura Express Japanese,"Sakura Express Japanese, 2591 W State St, Bristol, TN 37620",36.5952066,-82.21312999999999,['Japanese restaurant'],4.4,713,$,"[['Sunday', 'Closed'], ['Monday', '11AM–10PM'], ['Tuesday', '11AM–10PM'], ['Wednesday', '11AM–10PM'], ['Thursday', '11AM–10PM'], ['Friday', '11AM–10PM'], ['Saturday', '11AM–10PM']]"
0x88645d20e9d6efd5:0x6bfe9d18d6e29851,Bang Bang Hibachi Grill & Sushi,"Bang Bang Hibachi Grill & Sushi, 3720 Dickerson Pike, Nashville, TN 37207",36.260811,-86.757922,"['Japanese restaurant', 'Asian restaurant', 'Chinese restaurant', 'Japanese steakhouse', 'Seafood restaurant', 'Sushi restaurant', 'Teppanyaki restaurant']",4.5,685,$,"[['Sunday', '3:30–9PM'], ['Monday', 'Closed'], ['Tuesday', '11AM–9PM'], ['Wednesday', '11AM–9PM'], ['Thursday', '11AM–9PM'], ['Friday', '11AM–10PM'], ['Saturday', '11AM–10PM']]"
0x885a8d78b03ae9ef:0xc660245bc83c2f92,Wasabi Japanese Steakhouse & Sushi Bar,"Wasabi Japanese Steakhouse & Sushi Bar, 1805 N Eastman Rd, Kingsport, TN 37664",36.541516699999995,-82.5194678,"['Sushi restaurant', 'Japanese restaurant', 'Japanese steakhouse', 'Restaurant', 'Steak house']",4.5,623,$$,"[['Saturday', '11AM–10PM'], ['Sunday', '12–9PM'], ['Monday', 'Closed'], ['Tuesday', '11AM–3PM'], ['Wednesday', '11AM–3:30PM'], ['Thursday', '11AM–3PM'], ['Friday', '11AM–10PM']]"
0x885a7d1d42b419a5:0xfa280b0444ce3346,Wok and Hibachi,"Wok and Hibachi, 101 E Unaka Ave #1, Johnson City, TN 37601",36.3225011,-82.3575123,"['Chinese restaurant', 'Asian restaurant', 'Japanese restaurant', 'Thai restaurant']",4.5,418,$$,"[['Saturday', '11AM–10PM'], ['Sunday', '11AM–10PM'], ['Monday', '11AM–10PM'], ['Tuesday', '11AM–10PM'], ['Wednesday', '11AM–10PM'], ['Thursday', '11AM–10PM'], ['Friday', '11AM–10PM']]"
0x886446d94c763bc7:0x178e29614932657d,Yokohama Japanese Grill,"Yokohama Japanese Grill, 201 Iris Dr, Hendersonville, TN 37075",36.3187789,-86.6249084,"['Grill', 'Japanese restaurant']",4.5,248,$,"[['Saturday', '11AM–10:30PM'], ['Sunday', 'Closed'], ['Monday', '11AM–9:30PM'], ['Tuesday', '11AM–9:30PM'], ['Wednesday', '11AM–9:30PM'], ['Thursday', '11AM–9:30PM'], ['Friday', '11AM–10:30PM']]"
0x887f9df31cdf5ceb:0xbe929bd2799170b,Eat Well Sushi & Grill,"Eat Well Sushi & Grill, 2965 N Germantown Pkwy #102, Memphis, TN 38133",35.206734,-89.7925771,"['Buffet restaurant', 'Asian fusion restaurant', 'Japanese restaurant']",4.3,665,$$,"[['Saturday', '11AM–9PM'], ['Sunday', '11AM–8:30PM'], ['Monday', 'Closed'], ['Tuesday', 'Closed'], ['Wednesday', '11AM–8:30PM'], ['Thursday', '11AM–8:30PM'], ['Friday', '11AM–9PM']]"
0x887ea68593f53caf:0xd824fa7f1346b8e2,Hibachi Grill & Supreme Buffet,"Hibachi Grill & Supreme Buffet, 105 Stonebrook Pl, Jackson, TN 38305",35.6860448,-88.8579737,"['Buffet restaurant', 'Asian restaurant', 'Japanese restaurant', 'Restaurant']",4.2,1835,$$,"[['Saturday', '11AM–10:30PM'], ['Sunday', '11AM–9:30PM'], ['Monday', '11AM–9:30PM'], ['Tuesday', '11AM–9:30PM'], ['Wednesday', '11AM–9:30PM'], ['Thursday', '11AM–9:30PM'], ['Friday', '11AM–10:30PM']]"
0x885e9e670b84322d:0x6931c14ca37add7e,Anaba Japanese Maryville,"〒37801 Tennessee, Maryville, W Broadway Ave, Anaba Japanese Maryville",35.729966,-83.99771,"['Japanese restaurant', 'Asian restaurant', 'Sushi restaurant']",4.4,575,$$,"[['Saturday', '11:30AM–10PM'], ['Sunday', '11:30AM–9PM'], ['Monday', '11AM–2:30PM'], ['Tuesday', '11AM–2:30PM'], ['Wednesday', '11AM–2:30PM'], ['Thursday', '11AM–2:30PM'], ['Friday', '11AM–2:30PM']]"
0x8863f7d93062e439:0xcb3659088b87f3e6,Fulin's Asian Cuisine,"Fulin's Asian Cuisine, 417 N Thompson Ln, Murfreesboro, TN 37129",35.8540809,-86.4310777,"['Asian restaurant', 'Asian fusion restaurant', 'Chinese restaurant', 'Authentic Japanese restaurant', 'Restaurant', 'Sushi restaurant', 'Thai restaurant']",4.1,448,$$,"[['Saturday', '11AM–10:30PM'], ['Sunday', '11AM–9:30PM'], ['Monday', '11AM–9:30PM'], ['Tuesday', '11AM–9:30PM'], ['Wednesday', '11AM–9:30PM'], ['Thursday', '11AM–9:30PM'], ['Friday', '11AM–10:30PM']]"
0x886488ee2648d6e5:0x609fa00433cd0719,Asihi Hibachi & Buffet,"Asihi Hibachi & Buffet, 7648 US-70S Suite #1, Nashville, TN 37221",36.0795598,-86.9524673,"['Asian restaurant', 'Buffet restaurant', 'Chinese restaurant', 'Japanese restaurant', 'Restaurant', 'Sushi restaurant']",4.1,778,$,"[['Saturday', '11AM–9PM'], ['Sunday', '11AM–9PM'], ['Monday', 'Closed'], ['Tuesday', '11AM–9PM'], ['Wednesday', '11AM–9PM'], ['Thursday', '11AM–9PM'], ['Friday', '11AM–9PM']]"
0x886463db330bcc05:0xcc26da317d2b96d1,Ninki,"Ninki, 4530 Harding Pike, Nashville, TN 37205",36.1247222,-86.8494444,"['Japanese restaurant', 'Asian restaurant', 'Sushi restaurant']",4.3,485,$$,"[['Saturday', '11AM–10:30PM'], ['Sunday', '11:30AM–10PM'], ['Monday', '11AM–10PM'], ['Tuesday', '11AM–10PM'], ['Wednesday', '11AM–10PM'], ['Thursday', '11AM–10PM'], ['Friday', '11AM–11PM']]"
0x8863f7c64067bd31:0x7eabe85e220cfdbd,Wasabi Japanese Steak House,"Wasabi Japanese Steak House, 2812 Old Fort Pkwy, Murfreesboro, TN 37128",35.8457624,-86.44761559999999,"['Japanese steakhouse', 'Japanese restaurant', 'Sushi restaurant']",4.2,648,$$,"[['Friday', '11AM–9PM'], ['Saturday', '11AM–9PM'], ['Sunday', '11AM–9PM'], ['Monday', '11AM–9PM'], ['Tuesday', '11AM–9PM'], ['Wednesday', '11AM–9PM'], ['Thursday', '11AM–9PM']]"
0x887f84c1984892f3:0x8ab20e18d897be6f,Red Koi Japanese Cuisine,"Red Koi Japanese Cuisine, 5847 Poplar Ave, Memphis, TN 38119",35.1005555,-89.86738989999999,['Japanese restaurant'],4.5,653,$$,"[['Friday', '11AM–3PM'], ['Saturday', '12–10PM'], ['Sunday', '12–9PM'], ['Monday', '11AM–3PM'], ['Tuesday', '11AM–3PM'], ['Wednesday', '11AM–3PM'], ['Thursday', '11AM–3PM']]"
0x885c23510a8ac82b:0x3a609a7a5200f25b,Wasabi Japanese Steakhouse,"Wasabi Japanese Steakhouse, 118 Major Reynolds Pl, Knoxville, TN 37919",35.933146,-84.008921,"['Japanese steakhouse', 'Asian restaurant', 'Japanese restaurant', 'Sushi restaurant']",4.3,1637,$$,"[['Friday', '11AM–2:30PM'], ['Saturday', '4–10PM'], ['Sunday', '11AM–2:30PM'], ['Monday', '11AM–2:30PM'], ['Tuesday', '11AM–2:30PM'], ['Wednesday', '11AM–2:30PM'], ['Thursday', '11AM–2:30PM']]"
0x885c2e1f7cb35c5f:0xf419ab3793769931,Mikata Japanese Grill & Sushi,"Mikata Japanese Grill & Sushi, 10918 Spring Bluff Way, Knoxville, TN 37932",35.9425095,-84.16489399999999,"['Japanese restaurant', 'Asian restaurant', 'Sushi restaurant']",4.7,758,$,"[['Friday', '11AM–9PM'], ['Saturday', '11AM–9PM'], ['Sunday', 'Closed'], ['Monday', '11AM–9PM'], ['Tuesday', '11AM–9PM'], ['Wednesday', '11AM–9PM'], ['Thursday', '11AM–9PM']]"
0x885c143d9e37b3b3:0xbdc1eb8ee431d10,Tangerine Japanese Cuisine,"Tangerine Japanese Cuisine, 5328 Millertown Pike, Knoxville, TN 37924",36.033069999999995,-83.86881699999999,['Japanese restaurant'],4.7,433,$$,"[['Friday', '3:30–9PM'], ['Saturday', '3:30–9PM'], ['Sunday', '3:30–8PM'], ['Monday', 'Closed'], ['Tuesday', '3:30–9PM'], ['Wednesday', '3:30–9PM'], ['Thursday', '3:30–9PM']]"
0x885c25d3cd9641bb:0x38b2098a6de9aa6d,Anaba Japanese Northshore,"Anaba Japanese Northshore, 9405 S Northshore Dr, Knoxville, TN 37922",35.864261,-84.064139,"['Japanese restaurant', 'Asian restaurant', 'Sushi restaurant']",4.5,726,$$,"[['Friday', '11AM–2:30PM'], ['Saturday', '11:30AM–10:30PM'], ['Sunday', '11:30AM–9PM'], ['Monday', '11AM–2:30PM'], ['Tuesday', '11AM–2:30PM'], ['Wednesday', '11AM–2:30PM'], ['Thursday', '11AM–2:30PM']]"
0x88605ff44c16c49d:0x50c6be64a7169966,Typhoon of Tokyo,"Typhoon of Tokyo, 3953 Dayton Blvd, Chattanooga, TN 37415",35.120469199999995,-85.28934679999999,"['Japanese restaurant', 'Asian restaurant', 'Kyoto style Japanese restaurant']",4.3,338,$,"[['Friday', '4–8:30PM'], ['Saturday', '4–8:30PM'], ['Sunday', 'Closed'], ['Monday', '4–8:30PM'], ['Tuesday', '4–8:30PM'], ['Wednesday', '4–8:30PM'], ['Thursday', '4–8:30PM']]"
0x887f9dc10315a3e7:0x4cd940895b04fb38,Shogun Japanese Steakhouse,"Shogun Japanese Steakhouse, 2324 N Germantown Pkwy, Cordova, TN 38016",35.1892806,-89.79178739999999,"['Japanese restaurant', 'Restaurant', 'Sushi restaurant']",3.7,585,$$,"[['Friday', '11AM–2:30PM'], ['Saturday', '11AM–11PM'], ['Sunday', '11AM–10PM'], ['Monday', '11AM–2:30PM'], ['Tuesday', '11AM–2:30PM'], ['Wednesday', '11AM–2:30PM'], ['Thursday', '11AM–2:30PM']]"
0x885c157c60cb1515:0x9ab412c68d985d20,Kobe Japanese Grill,"Kobe Japanese Grill, 6947 Maynardville Pike, Knoxville, TN 37918",36.073645,-83.92822699999999,['Japanese restaurant'],4.3,518,$$,"[['Friday', '11AM–10:30PM'], ['Saturday', '11AM–10:30PM'], ['Sunday', '11AM–9PM'], ['Monday', '11AM–9PM'], ['Tuesday', '11AM–9PM'], ['Wednesday', '11AM–9PM'], ['Thursday', '11AM–9PM']]"
0x885c2f08d4fbb197:0x328f998fd7eb28c2,Fuji Japanese Grill,"Fuji Japanese Grill, 10508 Kingston Pike, Knoxville, TN 37922",35.897405,-84.13055,"['Japanese restaurant', 'Grill', 'Restaurant']",4.5,587,$,"[['Friday', '11AM–8:30PM'], ['Saturday', '11AM–8:30PM'], ['Sunday', 'Closed'], ['Monday', '11AM–8:30PM'], ['Tuesday', '11AM–8:30PM'], ['Wednesday', '11AM–8:30PM'], ['Thursday', '11AM–8:30PM']]"
0x885c2565c0f8fb75:0x20fe9cef152fb33f,Nama Sushi Bar - Cedar Bluff,"Nama Sushi Bar - Cedar Bluff, 260 N Peters Rd, Knoxville, TN 37923",35.915698299999995,-84.0881501,"['Sushi restaurant', 'Asian fusion restaurant', 'Japanese restaurant']",4.5,691,$$$,"[['Friday', '11AM–10PM'], ['Saturday', '11AM–10PM'], ['Sunday', '12–9PM'], ['Monday', '11AM–10PM'], ['Tuesday', '11AM–9PM'], ['Wednesday', '11AM–9PM'], ['Thursday', '11AM–10PM']]"
0x887e9f8d2429430b:0xbcfa18c7177682b5,Kanpai Sushi Bar And Fusion,"Kanpai Sushi Bar And Fusion, 2166 S Highland Ave, Jackson, TN 38301",35.552838,-88.80842299999999,"['Japanese restaurant', 'Asian restaurant', 'Restaurant', 'Sushi restaurant']",4.5,298,$$,"[['Friday', '11AM–9:30PM'], ['Saturday', '11AM–9:30PM'], ['Sunday', '11AM–9:30PM'], ['Monday', '11AM–9:30PM'], ['Tuesday', '11AM–9:30PM'], ['Wednesday', '11AM–9:30PM'], ['Thursday', '11AM–9:30PM']]"
0x87d57e964448dd63:0x1f9d0c4701a15d56,bluefin,"bluefin, 135 S Main St, Memphis, TN 38104",35.1414335,-90.0544982,"['Asian fusion restaurant', 'Asian restaurant', 'Bar', 'Japanese restaurant', 'Restaurant', 'Seafood restaurant']",3.9,513,$$,"[['Friday', '11AM–1:30PM'], ['Saturday', '11AM–1:30PM'], ['Sunday', '4–9:30PM'], ['Monday', 'Closed'], ['Tuesday', '11AM–1:30PM'], ['Wednesday', '11AM–1:30PM'], ['Thursday', '11AM–1:30PM']]"
0x886466970b4da161:0x6917244e5207095d,Funk Seoul Brother (Midtown),"Funk Seoul Brother (Midtown), 2057 Scarritt Pl, Nashville, TN 37212",36.1459203,-86.7990403,"['Asian fusion restaurant', 'Japanese restaurant', 'Korean restaurant', 'Sushi restaurant']",4.3,38,$,"[['Friday', '11AM–6PM'], ['Saturday', '8AM–4PM'], ['Sunday', 'Closed'], ['Monday', 'Closed'], ['Tuesday', '11AM–6PM'], ['Wednesday', '11AM–6PM'], ['Thursday', '11AM–6PM']]"
0x886750b89f876c47:0xbcfef3e561cdbfe2,Hibachi Super Buffet,"Hibachi Super Buffet, 1352 N Main St, Crossville, TN 38555",35.965174999999995,-85.0370164,"['Buffet restaurant', 'Chinese restaurant', 'Japanese restaurant', 'Restaurant']",3.9,898,$,"[['Thursday', '11AM–9PM'], ['Friday', '11AM–9PM'], ['Saturday', '11AM–9PM'], ['Sunday', '11AM–9PM'], ['Monday', '11AM–9PM'], ['Tuesday', '11AM–9PM'], ['Wednesday', '11AM–9PM']]"
0x8864baacb0d73d7b:0x8d98768495eb9ccd,Nori Sushi & Grill,"Nori Sushi & Grill, 531 TN-46, Dickson, TN 37055",36.0613889,-87.3744444,"['Japanese restaurant', 'Asian fusion restaurant', 'Sushi takeaway']",4.6,308,$$,"[['Thursday', '11AM–9:30PM'], ['Friday', '11AM–10PM'], ['Saturday', '11AM–10PM'], ['Sunday', '11AM–9:30PM'], ['Monday', 'Closed'], ['Tuesday', '11AM–9:30PM'], ['Wednesday', '11AM–9:30PM']]"
0x88646f9d7d8aa61b:0xf54ce6d7ba822bd0,Hibachi Grill & Supreme Buffet,"Hibachi Grill & Supreme Buffet, 3804 Nolensville Pike, Nashville, TN 37211",36.0882442,-86.72979749999999,"['Buffet restaurant', 'American restaurant', 'Bar & grill', 'Chinese restaurant', 'Japanese restaurant']",3.7,1328,$,"[['Thursday', '11AM–10PM'], ['Friday', '11AM–10PM'], ['Saturday', '11AM–10PM'], ['Sunday', '11AM–10PM'], ['Monday', '11AM–10PM'], ['Tuesday', '11AM–10PM'], ['Wednesday', '11AM–10PM']]"
0x8863720b4b0cc2a1:0x551ac12420a89c17,A 1 Japanese steakhouse,"A 1 Japanese steakhouse, 815 S James Campbell Blvd, Columbia, TN 38401",35.5959314,-87.058464,"['Restaurant', 'Japanese restaurant', 'Japanese steakhouse', 'Sushi restaurant']",4.0,358,$$,"[['Thursday', '11AM–9PM'], ['Friday', '11AM–9:30PM'], ['Saturday', '11AM–9:30PM'], ['Sunday', '11AM–9PM'], ['Monday', '11AM–9PM'], ['Tuesday', 'Closed'], ['Wednesday', '11AM–9PM']]"
0x887c00f7a72f0867:0x4e51bd5ca08379d2,Toyami Steakhouse,"Toyami Steakhouse, 15423 S 1st St, Milan, TN 38358",35.877874999999996,-88.746445,['Japanese restaurant'],4.4,218,,"[['Thursday', '11AM–9PM'], ['Friday', '11AM–10PM'], ['Saturday', '11AM–10PM'], ['Sunday', '11AM–9PM'], ['Monday', '11AM–9PM'], ['Tuesday', 'Closed'], ['Wednesday', '11AM–10PM']]"
0x885a4e5ff6bde7f7:0x700d4871b4b7caf7,Asian Express,"Asian Express, 1405 E Andrew Johnson Hwy #4271, Greeneville, TN 37745",36.1774232,-82.79836,"['Asian restaurant', 'Chinese restaurant', 'Japanese restaurant']",4.3,327,$,"[['Wednesday', '10:30AM–10PM'], ['Thursday', '10:30AM–10PM'], ['Friday', '10:30AM–10PM'], ['Saturday', '10:30AM–10PM'], ['Sunday', 'Closed'], ['Monday', '10:30AM–10PM'], ['Tuesday', '10:30AM–10PM']]"
0x887f847cb0565293:0xb2e816837285f327,Wasabi Sushi & Asian fusion,"Tennessee, Memphis, Sanderlin Ave, Wasabi Sushi & Asian fusion邮政编码: 38117",35.1161325,-89.8918669,"['Authentic Japanese restaurant', 'Sushi restaurant']",4.6,128,$$,"[['Wednesday', '11AM–3PM'], ['Thursday', '11AM–3PM'], ['Friday', '11AM–3PM'], ['Saturday', '12–8:30PM'], ['Sunday', 'Closed'], ['Monday', '11AM–3PM'], ['Tuesday', '11AM–3PM']]"
0x885c3368011d4273:0xe7598bdbb2225159,Secret City Exchange,"Secret City Exchange, 240 S Illinois Ave, Oak Ridge, TN 37830",36.006215399999995,-84.2596975,"['Electronics repair shop', 'Book store', 'Comic book store', 'Japanese confectionery shop', 'Music store', 'Trading card store', 'Video game store']",4.2,538,,"[['Wednesday', '10AM–10PM'], ['Thursday', '10AM–10PM'], ['Friday', '10AM–10PM'], ['Saturday', '10AM–10PM'], ['Sunday', '10AM–10PM'], ['Monday', '10AM–10PM'], ['Tuesday', '10AM–10PM']]"
0x88646a5e9a587be1:0xd11ef283289fe441,Sakura Hermitage,"Sakura Hermitage, 3451 Lebanon Pike, Hermitage, TN 37076",36.1904611,-86.6250072,"['Japanese restaurant', 'Sushi restaurant']",4.1,898,$$,"[['Wednesday', '11AM–10PM'], ['Thursday', '11AM–10PM'], ['Friday', '11AM–10:30PM'], ['Saturday', '11AM–10:30PM'], ['Sunday', '11AM–9:30PM'], ['Monday', '11AM–10PM'], ['Tuesday', '11AM–10PM']]"
0x8864437794abac13:0x71483c770f35bccf,Sapporo Rivergate,"Sapporo Rivergate, 1593 Gallatin Pike N, Madison, TN 37115",36.2925298,-86.7021529,"['Japanese restaurant', 'Korean restaurant']",4.5,432,$$,"[['Tuesday', '11AM–2:30PM'], ['Wednesday', '11AM–2:30PM'], ['Thursday', '11AM–2:30PM'], ['Friday', '11AM–2:30PM'], ['Saturday', '11AM–9:30PM'], ['Sunday', 'Closed'], ['Monday', '11AM–2:30PM']]"
0x8863a3108b6a1b81:0xc7c01925af2b4084,Yamato steakhouse in Lewisburg TN,"Yamato steakhouse in Lewisburg TN, 1063 Nashville Hwy, Lewisburg, TN 37091",35.4620557,-86.7806942,['Japanese restaurant'],4.3,298,$$,"[['Monday', '11AM–9:30PM'], ['Tuesday', '11AM–9:30PM'], ['Wednesday', '11AM–9:30PM'], ['Thursday', '11AM–9:30PM'], ['Friday', '11AM–10:30PM'], ['Saturday', '11AM–10:30PM'], ['Sunday', '11AM–9:30PM']]"
0x8863f7cbb012eb7f:0x9c0b41fa19645404,Koji Express Japanese Grill - West,"Koji Express Japanese Grill - West, 3284 Franklin Rd, Murfreesboro, TN 37128",35.8453024,-86.4562455,"['Japanese restaurant', 'Asian restaurant', 'Japanese steakhouse']",4.6,398,$,"[['Monday', '11AM–9PM'], ['Tuesday', '11AM–9PM'], ['Wednesday', '11AM–9PM'], ['Thursday', '11AM–9PM'], ['Friday', '11AM–9PM'], ['Saturday', '11AM–9PM'], ['Sunday', 'Closed']]"
0x8863f71214a44fc9:0x6a61fcf397757086,Samurai's Cuisine,"Samurai's Cuisine, 451 N Thompson Ln suite G, Murfreesboro, TN 37129",35.8549986,-86.4309249,"['Japanese restaurant', 'Asian restaurant', 'Chinese restaurant', 'Japanese steakhouse', 'Restaurant', 'Sushi restaurant']",4.5,236,,"[['Monday', '11AM–2:30PM'], ['Tuesday', '11AM–2:30PM'], ['Wednesday', '11AM–2:30PM'], ['Thursday', '11AM–2:30PM'], ['Friday', '11AM–10:30PM'], ['Saturday', '11AM–10:30PM'], ['Sunday', '11AM–9:30PM']]"
0x8867224808529e45:0xffce1f0a1782d2f9,Little Kobe,"Little Kobe, 768 S Jefferson Ave, Cookeville, TN 38501",36.14611,-85.4980576,"['Japanese restaurant', 'Asian restaurant', 'Sushi restaurant']",3.9,307,$$,"[['Monday', '10:30AM–10:30PM'], ['Tuesday', '10:30AM–10:30PM'], ['Wednesday', '10:30AM–10:30PM'], ['Thursday', '10:30AM–10:30PM'], ['Friday', '10:30AM–10:30PM'], ['Saturday', '10:30AM–10:30PM'], ['Sunday', '10:30AM–10:30PM']]"
0x887ba2db88a06677:0xba896a9aa0469a49,Oishii Japanese Hibachi and Super Buffet,"Oishii Japanese Hibachi and Super Buffet, 1055 Mineral Wells Ave, Paris, TN 38242",36.2871653,-88.3094546,"['Buffet restaurant', 'Chinese restaurant', 'Japanese restaurant', 'Restaurant']",4.2,628,$$,"[['Monday', '11AM–9PM'], ['Tuesday', '11AM–9PM'], ['Wednesday', '11AM–9PM'], ['Thursday', '11AM–9PM'], ['Friday', '11AM–10PM'], ['Saturday', '11AM–10PM'], ['Sunday', '11AM–9PM']]"
0x88646fdbd27d4ce3:0x8653a109c8d70b8d,Capital Asian Buffet,"Capital Asian Buffet, 5433 Nolensville Pike, Nashville, TN 37211",36.0501765,-86.7153767,"['Chinese restaurant', 'Buffet restaurant', 'Japanese restaurant', 'Sushi restaurant']",3.7,484,$,"[['Sunday', '10:30AM–9:30PM'], ['Monday', '10:30AM–9:30PM'], ['Tuesday', '10:30AM–9:30PM'], ['Wednesday', '10:30AM–9:30PM'], ['Thursday', '10:30AM–9:30PM'], ['Friday', '10:30AM–9:30PM'], ['Saturday', '10:30AM–9:30PM']]"
0x88647e46ebc7c2d1:0xc4abc5eb03e09f77,Sakura,"Sakura, 595 Hillsboro Rd, Franklin, TN 37064",35.932082,-86.878772,['Japanese restaurant'],4.6,186,$$,"[['Sunday', 'Closed'], ['Monday', '10:45AM–1:30PM'], ['Tuesday', '10:45AM–1:30PM'], ['Wednesday', '10:45AM–1:30PM'], ['Thursday', '10:45AM–1:30PM'], ['Friday', '10:45AM–1:30PM'], ['Saturday', '10:45AM–1:30PM']]"
0x88648bdaaaaaaaab:0x3d47d444dd38c38d,Sonobana,"Sonobana, 40 White Bridge Rd, Nashville, TN 37205",36.129470999999995,-86.85203899999999,"['Japanese restaurant', 'Restaurant']",4.5,627,$$,"[['Sunday', '4:30–9PM'], ['Monday', '11AM–2PM'], ['Tuesday', '11AM–2PM'], ['Wednesday', '11AM–2PM'], ['Thursday', '11AM–2PM'], ['Friday', '11AM–2PM'], ['Saturday', '11AM–2PM']]"
0x885a7fe1327eb355:0x790f8c81fbca41af,Miso Teriyaki House,"Miso Teriyaki House, 421 W Elk Ave, Elizabethton, TN 37643",36.351796,-82.233184,"['Japanese restaurant', 'Restaurant']",4.3,458,$$,"[['Sunday', '11AM–10PM'], ['Monday', '11AM–10PM'], ['Tuesday', '11AM–10PM'], ['Wednesday', '11AM–10PM'], ['Thursday', '11AM–10PM'], ['Friday', '11AM–10PM'], ['Saturday', '11AM–10PM']]"
0x8863f734ff2b8757:0x1140460fe00a253d,Brothers Ramen,"Brothers Ramen, 1970 Medical Center Pkwy Suite R, Murfreesboro, TN 37129",35.8585741,-86.42817699999999,"['Japanese restaurant', 'Traditional restaurant']",4.7,418,,"[['Sunday', '11:30AM–8:30PM'], ['Monday', '11AM–3PM'], ['Tuesday', '11AM–3PM'], ['Wednesday', '11AM–3PM'], ['Thursday', '11AM–3PM'], ['Friday', '11AM–3PM'], ['Saturday', '11:30AM–9:30PM']]"
0x885a7d3f3091a2db:0x723a9eeefc7f8517,Hibachi Grill & Supreme Buffet,"Hibachi Grill & Supreme Buffet, 205 E Mountcastle Dr, Johnson City, TN 37601",36.3426518,-82.3714512,"['Buffet restaurant', 'Asian restaurant', 'Chinese restaurant', 'Japanese restaurant']",4.0,1348,$$,"[['Sunday', '11AM–9PM'], ['Monday', '11AM–9PM'], ['Tuesday', 'Closed'], ['Wednesday', '11AM–9PM'], ['Thursday', '11AM–9PM'], ['Friday', '11AM–9:30PM'], ['Saturday', '11AM–9:30PM']]"
0x886421de96af2747:0x42a0aa6b796fd857,Sake,"Sake, 1008 W Main St, Lebanon, TN 37087",36.210875699999995,-86.31394449999999,"['Japanese restaurant', 'Sushi restaurant']",4.5,684,,"[['Sunday', 'Closed'], ['Monday', '10:30AM–8:30PM'], ['Tuesday', '10:30AM–8:30PM'], ['Wednesday', '10:30AM–8:30PM'], ['Thursday', '10:30AM–8:30PM'], ['Friday', '10:30AM–8:30PM'], ['Saturday', '10:30AM–8:30PM']]"
0x886722367142ca79:0xb9973bf966a9d475,Fuji Hibachi & Sushi,"Fuji Hibachi & Sushi, 864 S Jefferson Ave, Cookeville, TN 38501",36.1412212,-85.5007858,"['Sushi restaurant', 'Japanese restaurant', 'Restaurant']",4.5,914,$$,"[['Sunday', '11AM–9PM'], ['Monday', '11AM–9PM'], ['Tuesday', '11AM–9PM'], ['Wednesday', '11AM–9PM'], ['Thursday', '11AM–9PM'], ['Friday', '11AM–10PM'], ['Saturday', '11AM–10PM']]"
0x88672210918c427d:0xcf274c78013770b7,Taiko Noodles & Sushi Bar,"Taiko Noodles & Sushi Bar, 125 W Broad St, Cookeville, TN 38501",36.164763,-85.508782,"['Sushi restaurant', 'Asian restaurant', 'Japanese restaurant']",3.9,228,$$,"[['Sunday', 'Closed'], ['Monday', '11AM–2:30PM'], ['Tuesday', '11AM–2:30PM'], ['Wednesday', '11AM–2:30PM'], ['Thursday', '11AM–2:30PM'], ['Friday', '11AM–2:30PM'], ['Saturday', '11AM–2:30PM']]"
0x886447498867816b:0x6b3ffdb455d81afe,Teriyaki Madness,"Teriyaki Madness, 1006 Glenbrook Way Ste 110, Hendersonville, TN 37075",36.334106399999996,-86.6195067,"['Asian fusion restaurant', 'Caterer', 'Fast food restaurant', 'Gluten-free restaurant', 'Japanese restaurant', 'Restaurant']",4.0,178,$,"[['Saturday', '11AM–9PM'], ['Sunday', '11AM–8PM'], ['Monday', '11AM–9PM'], ['Tuesday', '11AM–9PM'], ['Wednesday', '11AM–9PM'], ['Thursday', '11AM–9PM'], ['Friday', '11AM–9PM']]"
0x887f97edbb300d41:0x88a60434e17b55ef,Stix,"Stix, 4680 Merchants Park Cir #202, Collierville, TN 38017",35.0245937,-89.7201347,"['Asian fusion restaurant', 'Chinese restaurant', 'Japanese restaurant', 'Japanese steakhouse', 'Sushi restaurant']",4.1,578,$$,"[['Saturday', '12–9PM'], ['Sunday', '12–8PM'], ['Monday', '11:30AM–8PM'], ['Tuesday', '11:30AM–8PM'], ['Wednesday', '11:30AM–8PM'], ['Thursday', '11:30AM–8PM'], ['Friday', '11:30AM–9PM']]"
0x887f9fd1be2d409b:0x34194fa468bb05be,Red Fish,"Red Fish, 9915 US-64 Suite 105, Arlington, TN 38002",35.205109799999995,-89.73196809999999,"['Asian fusion restaurant', 'Asian restaurant', 'Japanese restaurant', 'Sushi restaurant']",4.0,407,$$,"[['Saturday', '11AM–10PM'], ['Sunday', '12–9:30PM'], ['Monday', '11AM–9:30PM'], ['Tuesday', '11AM–9:30PM'], ['Wednesday', '11AM–9:30PM'], ['Thursday', '11AM–9:30PM'], ['Friday', '11AM–10PM']]"
0x88647000bdb41fef:0x4e61acd6ff2fe203,Toyama Japanese Steak House,"Toyama Japanese Steak House, 15532 Old Hickory Blvd, Nashville, TN 37211",36.0407639,-86.7402687,"['Japanese restaurant', 'Sushi restaurant']",4.4,568,$$,"[['Saturday', '11AM–9:30PM'], ['Sunday', '12–8:30PM'], ['Monday', '11AM–8:30PM'], ['Tuesday', '11AM–8:30PM'], ['Wednesday', '11AM–8:30PM'], ['Thursday', '11AM–8:30PM'], ['Friday', '11AM–9:30PM']]"
0x885c24dd0b56a12f:0x5ef67c0951c58836,Hibachi Factory,"Hibachi Factory, 1645 Downtown W Blvd UNIT 9, Knoxville, TN 37919",35.9228664,-84.052553,"['Delivery Restaurant', 'Asian restaurant', 'Japanese restaurant', 'Japanese steakhouse']",3.4,194,$$,"[['Saturday', '10:30AM–11PM'], ['Sunday', '10:30AM–10PM'], ['Monday', '10:30AM–10PM'], ['Tuesday', '10:30AM–10PM'], ['Wednesday', '10:30AM–10PM'], ['Thursday', '10:30AM–10PM'], ['Friday', '10:30AM–11PM']]"
0x88647f532545ae3b:0x8d4972f1e867707d,Ice Point Cafe,"Ice Point Cafe, 1113 Murfreesboro Rd Ste 115, Franklin, TN 37064",35.918246599999996,-86.83832029999999,"['Japanese restaurant', 'Bubble tea store', 'Gluten-free restaurant', 'Juice shop', 'Korean restaurant', 'Sushi restaurant']",4.7,148,,"[['Saturday', '10AM–8PM'], ['Sunday', 'Closed'], ['Monday', '10AM–8PM'], ['Tuesday', '10AM–8PM'], ['Wednesday', '10AM–8PM'], ['Thursday', '10AM–8PM'], ['Friday', '10AM–8PM']]"
0x88608c3c9afde409:0xff6332903adb07f1,Momo Hibachi,"Momo Hibachi, 9332 Dayton Pike, Soddy-Daisy, TN 37379",35.2347225,-85.2016105,['Japanese restaurant'],4.5,238,$,"[['Saturday', '11:30AM–8:30PM'], ['Sunday', '11:30AM–8:30PM'], ['Monday', '11:30AM–8:30PM'], ['Tuesday', '11:30AM–8:30PM'], ['Wednesday', '11:30AM–8:30PM'], ['Thursday', '11:30AM–8:30PM'], ['Friday', '11:30AM–8:30PM']]"
0x885a929c690a08e1:0x964afce319c93dc8,Moto Japanese Restaurant,"Moto Japanese Restaurant, 1001 E Stone Dr, Kingsport, TN 37660",36.5529331,-82.5330962,"['Japanese restaurant', 'Asian restaurant']",4.4,526,$$,"[['Saturday', '12–9PM'], ['Sunday', '11AM–8:30PM'], ['Monday', '11AM–2PM'], ['Tuesday', '11AM–2PM'], ['Wednesday', '11AM–2PM'], ['Thursday', '11AM–2PM'], ['Friday', '11AM–2PM']]"
0x88644740335f3a8d:0x1a9d3618328824f7,Fulin's Asian Cuisine,"Fulin's Asian Cuisine, 206 Anderson Ln N, Hendersonville, TN 37075",36.322623,-86.597757,"['Chinese restaurant', 'Asian fusion restaurant', 'Asian restaurant', 'Chinese takeaway', 'Authentic Japanese restaurant', 'Restaurant', 'Sushi restaurant', 'Thai restaurant']",4.0,337,$$,"[['Friday', '11AM–10:30PM'], ['Saturday', '11AM–10:30PM'], ['Sunday', '11AM–9:30PM'], ['Monday', '11AM–9:30PM'], ['Tuesday', '11AM–9:30PM'], ['Wednesday', '11AM–9:30PM'], ['Thursday', '11AM–9:30PM']]"
0x88644eaec8c9eaf7:0xc1a1a13cad5077a6,Fuji,"Fuji, 520 TN-76 Ste 5, White House, TN 37188",36.4703662,-86.66690369999999,"['Japanese steakhouse', 'Asian restaurant', 'Japanese restaurant']",3.6,128,$$,"[['Friday', '11AM–9:30PM'], ['Saturday', '11:30AM–9:30PM'], ['Sunday', '11:30AM–9PM'], ['Monday', 'Closed'], ['Tuesday', '11AM–2:30PM'], ['Wednesday', '11AM–2:30PM'], ['Thursday', '11AM–2:30PM']]"
0x885c2effa78dc897:0x243999a6aca9da8c,Kabuki Restaurant (Farragut),"Kabuki Restaurant (Farragut), 10901 Parkside Dr #105, Knoxville, TN 37934",35.9027391,-84.146164,"['Japanese restaurant', 'Asian restaurant', 'Restaurant', 'Sushi restaurant']",4.4,568,$$,"[['Friday', '11AM–10PM'], ['Saturday', '11AM–10PM'], ['Sunday', '11AM–10PM'], ['Monday', '11AM–2:30PM'], ['Tuesday', '11AM–2:30PM'], ['Wednesday', '11AM–2:30PM'], ['Thursday', '11AM–2:30PM']]"
0x885a8c6a845f0f9d:0x2ea930ad317a9662,Moto Japanese Restaurant,"Moto Japanese Restaurant, 4260 Fort Henry Dr, Kingsport, TN 37663",36.4814212,-82.4996292,"['Japanese restaurant', 'Restaurant']",4.3,308,$,"[['Thursday', '11AM–2PM'], ['Friday', '11AM–2PM'], ['Saturday', '4–9PM'], ['Sunday', '11AM–2PM'], ['Monday', '11AM–2PM'], ['Tuesday', '11AM–2PM'], ['Wednesday', '11AM–2PM']]"
0x886066c20ad7c3f7:0x6475316f1bc34cfe,Ichiban Japanese Steakhouse & Sushi Bar #2,"Ichiban Japanese Steakhouse & Sushi Bar #2, 5621 Brainerd Rd, Chattanooga, TN 37411",35.0110866,-85.21673249999999,['Japanese restaurant'],4.4,668,$$,"[['Thursday', '11:30AM–2PM'], ['Friday', '11:30AM–2PM'], ['Saturday', '11:30AM–2PM'], ['Sunday', '11:30AM–2PM'], ['Monday', '11:30AM–2PM'], ['Tuesday', '11:30AM–2PM'], ['Wednesday', '11:30AM–2PM']]"
0x887ea6b74cf5f471:0x9f36f41acaf0f971,Asia Garden Chinese & Japanese Restaurant,"Asia Garden Chinese & Japanese Restaurant, 660 Carriage House Dr, Jackson, TN 38305",35.6601828,-88.8513119,"['Asian restaurant', 'Chinese restaurant', 'Japanese restaurant', 'Delivery Restaurant', 'Sushi restaurant']",4.3,738,$$,"[['Thursday', '11AM–9PM'], ['Friday', '11AM–10PM'], ['Saturday', '11AM–10PM'], ['Sunday', '11AM–9PM'], ['Monday', '11AM–9PM'], ['Tuesday', '11AM–9PM'], ['Wednesday', '11AM–9PM']]"
0x87d57e04a51f7eff:0xfe4b9abb03bfba71,Sekisui Midtown,"Sekisui Midtown, 25 S Belvedere Blvd, Memphis, TN 38104",35.1370994,-90.005361,"['Japanese restaurant', 'Asian restaurant', 'Restaurant', 'Sushi restaurant']",4.2,353,$$,"[['Wednesday', '11:30AM–2PM'], ['Thursday', '11:30AM–2PM'], ['Friday', '11:30AM–2PM'], ['Saturday', '4:30–9PM'], ['Sunday', '4:30–9PM'], ['Monday', '4:30–9PM'], ['Tuesday', '4:30–9PM']]"
0x87d57f99356bd009:0xf67aac9cd15c030a,fam,"fam, 149 Madison Ave, Memphis, TN 38103",35.1445501,-90.0511969,"['Sushi restaurant', 'Japanese restaurant']",4.6,178,,"[['Wednesday', '11AM–3PM'], ['Thursday', '11AM–3PM'], ['Friday', '11AM–3PM'], ['Saturday', '4:30–9PM'], ['Sunday', '4:30–9PM'], ['Monday', '11AM–3PM'], ['Tuesday', '11AM–3PM']]"
0x88647ad5b7f82e53:0x1ad06333d93371e2,Fulin's Asian Cuisine,"Fulin's Asian Cuisine, 782 Old Hickory Blvd #115, Brentwood, TN 37027",36.042181899999996,-86.7799725,"['Chinese restaurant', 'Asian fusion restaurant', 'Asian restaurant', 'Authentic Japanese restaurant', 'Restaurant', 'Sushi restaurant', 'Thai restaurant', 'Vietnamese restaurant']",4.0,378,$$,"[['Tuesday', '11AM–9:30PM'], ['Wednesday', '11AM–9:30PM'], ['Thursday', '11AM–9:30PM'], ['Friday', '11AM–10PM'], ['Saturday', '11AM–10PM'], ['Sunday', '11AM–9:30PM'], ['Monday', '11AM–9:30PM']]"
0x886455c342fd0205:0xc47fcc2908a2c488,Ichiban,"Ichiban, 2012 Memorial Blvd, Springfield, TN 37172",36.495385299999995,-86.8771221,"['Steak house', 'Japanese restaurant', 'Restaurant', 'Sushi restaurant']",4.6,584,$$,"[['Monday', '11AM–9PM'], ['Tuesday', '11AM–9PM'], ['Wednesday', '11AM–9PM'], ['Thursday', '11AM–9PM'], ['Friday', '11AM–9:30PM'], ['Saturday', '11AM–9:30PM'], ['Sunday', '11AM–9PM']]"
0x8860638fefe94b3d:0xf85cac2ac4e959c3,Fuji Steak & Sushi Tennessee,"Fuji Steak & Sushi Tennessee, 2207 Overnite Dr, Chattanooga, TN 37421",35.042116899999996,-85.1584574,"['Japanese restaurant', 'Family restaurant', 'Restaurant', 'Seafood restaurant', 'Steak house', 'Sushi restaurant']",4.1,1537,$$,"[['Monday', '11AM–9:30PM'], ['Tuesday', '11AM–9:30PM'], ['Wednesday', '11AM–9:30PM'], ['Thursday', '11AM–9:30PM'], ['Friday', '11AM–10PM'], ['Saturday', '11AM–10PM'], ['Sunday', '11AM–8:30PM']]"
0x88605e5c28a8607b:0xbad272848d26bf68,Sushi Nabe,"Sushi Nabe, 110 River St, Chattanooga, TN 37405",35.0618414,-85.30817689999999,"['Japanese restaurant', 'Asian restaurant', 'Restaurant']",4.4,528,$$,"[['Monday', 'Closed'], ['Tuesday', 'Closed'], ['Wednesday', '11:30AM–2PM'], ['Thursday', '11:30AM–2PM'], ['Friday', '11:30AM–2PM'], ['Saturday', '12–9PM'], ['Sunday', '12–9PM']]"
0x88643a71be314b15:0x4c2f91e378dfc26d,Koi,"Koi, 1101 Nashville Pike #140, Gallatin, TN 37066",36.3752109,-86.4730764,"['Asian restaurant', 'Japanese restaurant', 'Sushi restaurant']",4.0,468,$$,"[['Monday', 'Closed'], ['Tuesday', '11AM–2:30PM'], ['Wednesday', '11AM–2:30PM'], ['Thursday', '11AM–2:30PM'], ['Friday', '11AM–2:30PM'], ['Saturday', '11:30AM–3PM'], ['Sunday', '11AM–3PM']]"
0x8860670e947e9db1:0x683cc25b0b873b98,Teriyaki of Japan,"Teriyaki of Japan, 3992 Ringgold Rd #102, Chattanooga, TN 37412",34.9970931,-85.24918149999999,"['Japanese restaurant', 'Asian restaurant']",4.4,518,$,"[['Monday', '11AM–8:30PM'], ['Tuesday', '11AM–8:30PM'], ['Wednesday', '11AM–8:30PM'], ['Thursday', '11AM–8:30PM'], ['Friday', '11AM–8:30PM'], ['Saturday', '12–8:30PM'], ['Sunday', '12–8:30PM']]"
0x885c2f840582f5e5:0x88a8783dca4b5a11,Hibachi Grill & Supreme Buffet,"Hibachi Grill & Supreme Buffet, 9645 Kingston Pike, Knoxville, TN 37922",35.9079894,-84.1069,"['Buffet restaurant', 'American restaurant', 'Asian restaurant', 'Chinese restaurant', 'Japanese restaurant']",4.1,2794,$,"[['Sunday', '10:30AM–9PM'], ['Monday', '10:30AM–9PM'], ['Tuesday', '10:30AM–9PM'], ['Wednesday', '10:30AM–9PM'], ['Thursday', '10:30AM–9PM'], ['Friday', '10:30AM–9:30PM'], ['Saturday', '10:30AM–9:30PM']]"
0x88647b251d0417cf:0x1927e785b378575a,Nama Sushi Bar,"Nama Sushi Bar, 203 Franklin Rd #100, Brentwood, TN 37027",36.0330508,-86.7903216,"['Sushi restaurant', 'Asian restaurant', 'Japanese restaurant']",4.5,248,$$,"[['Sunday', 'Closed'], ['Monday', 'Closed'], ['Tuesday', 'Closed'], ['Wednesday', 'Closed'], ['Thursday', '12–12:01AM'], ['Friday', 'Closed'], ['Saturday', 'Closed']]"
0x88638097790b4c1d:0x8dd38f6163743ee3,Umi Japanese Restaurant,"Umi Japanese Restaurant, 4000 Hughes Crossing #100, Franklin, TN 37064",35.862370999999996,-86.8447915,['Japanese restaurant'],4.3,158,$$,"[['Sunday', 'Closed'], ['Monday', '11AM–2PM'], ['Tuesday', '5–9PM'], ['Wednesday', '11AM–2PM'], ['Thursday', '11AM–2PM'], ['Friday', '11AM–2PM'], ['Saturday', '11AM–2PM']]"
0x887f9ad3ffffffff:0x4c2d9ab927864856,Tokyo Grill,"Tokyo Grill, 2801 Kirby Rd # 103, Memphis, TN 38119",35.072303999999995,-89.84299089999999,"['Japanese restaurant', 'Restaurant']",4.1,246,$,"[['Sunday', '11:30AM–10PM'], ['Monday', '11AM–10PM'], ['Tuesday', '11AM–10PM'], ['Wednesday', '11AM–10PM'], ['Thursday', '11AM–10PM'], ['Friday', '11AM–10:30PM'], ['Saturday', '11AM–10:30PM']]"
0x8864448a7e9bd931:0x12e016290dbfbb45,Kabuto,"Kabuto, 908 Conference Dr, Goodlettsville, TN 37072",36.323028,-86.701803,"['Japanese steakhouse', 'Restaurant']",4.1,1448,$$,"[['Sunday', '11AM–9PM'], ['Monday', '11AM–2PM'], ['Tuesday', '11AM–2PM'], ['Wednesday', '11AM–2PM'], ['Thursday', '11AM–2PM'], ['Friday', '11AM–2PM'], ['Saturday', '11AM–9PM']]"
0x88606020f3a64329:0x34b38dcab2405185,Little Tokyo Express,"Little Tokyo Express, 4516 Hixson Pike, Hixson, TN 37343",35.1204161,-85.248657,['Japanese restaurant'],4.5,524,$,"[['Saturday', 'Closed'], ['Sunday', '11AM–9PM'], ['Monday', '10:30AM–9PM'], ['Tuesday', '10:30AM–9PM'], ['Wednesday', '10:30AM–9PM'], ['Thursday', '10:30AM–9PM'], ['Friday', '10:30AM–9PM']]"
0x88608a8fd2c8f0cd:0x1bd9faf37aebf055,Ichiban Japanese Steak House and Sushi Bar,"Ichiban Japanese Steak House and Sushi Bar, 5035 Hixson Pike, Hixson, TN 37343",35.1352782,-85.2408221,"['Japanese steakhouse', 'Bar']",4.5,548,$$,"[['Saturday', '11:30AM–2PM'], ['Sunday', '11:30AM–2PM'], ['Monday', '11:30AM–2PM'], ['Tuesday', '11:30AM–2PM'], ['Wednesday', '11:30AM–2PM'], ['Thursday', '11:30AM–2PM'], ['Friday', '11:30AM–2PM']]"
0x8860618511f06f4b:0x9a2fcd0b442062e1,Hibachi Express & Juice Bar (Highway 58),"Hibachi Express & Juice Bar (Highway 58), 4511 TN-58, Chattanooga, TN 37416",35.0852869,-85.1978644,['Japanese restaurant'],4.0,274,$$,"[['Saturday', '12–9PM'], ['Sunday', 'Closed'], ['Monday', '11AM–9PM'], ['Tuesday', '11AM–9PM'], ['Wednesday', '11AM–9PM'], ['Thursday', '11AM–9PM'], ['Friday', '11AM–9PM']]"
0x887eadc7b2e7478d:0x29fc5c66700516e8,New China,"New China, 2718 N Central Ave ste d, Humboldt, TN 38343",35.842289,-88.91431349999999,"['Japanese restaurant', 'Chinese restaurant', 'Restaurant']",4.1,148,$$,"[['Saturday', '11AM–8PM'], ['Sunday', '11AM–8PM'], ['Monday', 'Closed'], ['Tuesday', '11AM–8PM'], ['Wednesday', '11AM–8PM'], ['Thursday', '11AM–8PM'], ['Friday', '11AM–8PM']]"
0x886066f63910db87:0x63fad008ab377573,Teriyaki House,"Teriyaki House, 5908 Ringgold Rd, East Ridge, TN 37412",34.9898756,-85.2170548,"['Japanese restaurant', 'Asian restaurant']",4.2,265,$,"[['Friday', '11:30AM–9PM'], ['Saturday', '1:30–9PM'], ['Sunday', '11:30AM–9PM'], ['Monday', 'Closed'], ['Tuesday', '11:30AM–9PM'], ['Wednesday', '11:30AM–9PM'], ['Thursday', '11:30AM–9PM']]"
0x8864398ed875686f:0xcba53b10089b68e2,fairvue sapporo japanese and korean BBQ,"fairvue sapporo japanese and korean BBQ, 1650 Nashville Pike #700, Gallatin, TN 37066",36.3557668,-86.5054973,"['Sushi restaurant', 'Japanese restaurant', 'Korean restaurant', 'Restaurant']",4.7,623,$$,"[['Friday', '11AM–2:30PM'], ['Saturday', '11AM–10PM'], ['Sunday', '11AM–9PM'], ['Monday', 'Closed'], ['Tuesday', '11AM–2:30PM'], ['Wednesday', '11AM–2:30PM'], ['Thursday', '11AM–2:30PM']]"
0x8865cb459a89c4cb:0xbc8920f5c0483d1c,Bento,"Bento, 629 S Broadway St, Portland, TN 37148",36.5701939,-86.512742,"['Japanese restaurant', 'Restaurant', 'Sushi restaurant']",4.4,174,,"[['Friday', '11AM–9PM'], ['Saturday', '11AM–9PM'], ['Sunday', '11AM–9PM'], ['Monday', 'Closed'], ['Tuesday', '11AM–9PM'], ['Wednesday', '11AM–9PM'], ['Thursday', '11AM–9PM']]"
0x885c2ad43240d095:0x2110ed0db1d3105f,Bella Hibachi & Sushi,"Bella Hibachi & Sushi, 175 Kelsey Ln, Lenoir City, TN 37772",35.8192963,-84.2654007,"['Japanese restaurant', 'Sushi restaurant']",4.5,741,$$,"[['Friday', '11AM–2:30PM'], ['Saturday', '11:30AM–3PM'], ['Sunday', '11:30AM–3PM'], ['Monday', 'Closed'], ['Tuesday', '11AM–2:30PM'], ['Wednesday', '11AM–2:30PM'], ['Thursday', '11AM–2:30PM']]"
0x885c17f0689f3cc9:0xbc6a05ba02de01b7,Fin-Two Japanese Ale House,"Fin-Two Japanese Ale House, 122 S Central St, Knoxville, TN 37902",35.969805,-83.91793899999999,"['Japanese restaurant', 'Bar', 'Authentic Japanese restaurant', 'Izakaya restaurant', 'Modern izakaya restaurants', 'Ramen restaurant', 'Sake brewery', 'Sushi restaurant', 'Yakitori restaurant']",4.5,241,$$,"[['Friday', '11AM–10PM'], ['Saturday', '12–10PM'], ['Sunday', 'Closed'], ['Monday', '11AM–10PM'], ['Tuesday', '11AM–10PM'], ['Wednesday', '11AM–10PM'], ['Thursday', '11AM–10PM']]"
0x88608a95b4000ddf:0x70a48e0f34c2ba3e,Fuji Steak & Sushi,"Fuji Steak & Sushi, 5437 TN-153, Hixson, TN 37343",35.140166,-85.249015,"['Sushi restaurant', 'Fine dining restaurant', 'Japanese steakhouse', 'Restaurant', 'Seafood restaurant']",4.2,857,$$,"[['Friday', '11AM–10PM'], ['Saturday', '11AM–10PM'], ['Sunday', '11AM–9PM'], ['Monday', '11AM–10PM'], ['Tuesday', '11AM–10PM'], ['Wednesday', '11AM–10PM'], ['Thursday', '11AM–10PM']]"
0x885b971e78c36321:0x1b7618486d233445,Sakura Japanese Steak House,"Sakura Japanese Steak House, 1336 W Andrew Johnson Hwy, Morristown, TN 37814",36.208270999999996,-83.30986999999999,"['Japanese steakhouse', 'Japanese restaurant', 'Sushi restaurant']",4.3,558,$$,"[['Friday', '11AM–9:30PM'], ['Saturday', '11AM–9:30PM'], ['Sunday', '11AM–9PM'], ['Monday', '11AM–9PM'], ['Tuesday', '11AM–9PM'], ['Wednesday', '11AM–9PM'], ['Thursday', '11AM–9PM']]"
0x886466be6737333f:0x5972a39920ed37ae,Samurai Sushi,"Samurai Sushi, 2209 Elliston Pl, Nashville, TN 37203",36.151378099999995,-86.8038603,"['Sushi restaurant', 'Asian restaurant', 'Japanese restaurant', 'Restaurant', 'Seafood restaurant']",4.4,417,$$,"[['Thursday', '11AM–2PM'], ['Friday', '11AM–2PM'], ['Saturday', '4:30–10:30PM'], ['Sunday', 'Closed'], ['Monday', '4:30–10PM'], ['Tuesday', '11AM–2PM'], ['Wednesday', '11AM–2PM']]"
0x887f83bdd2a8d211:0x33400a04ceb02385,Asian Star(Japanese And Chinese Restaurant),"Asian Star(Japanese And Chinese Restaurant), 6158 Stage Rd, Bartlett, TN 38134",35.2050054,-89.85791689999999,"['Chinese restaurant', 'Asian restaurant', 'Japanese restaurant', 'Sushi restaurant']",4.5,448,,"[['Thursday', '10:30AM–9:30PM'], ['Friday', '10:30AM–10:30PM'], ['Saturday', '10:30AM–10:30PM'], ['Sunday', '11AM–9:30PM'], ['Monday', '10:30AM–9:30PM'], ['Tuesday', '10:30AM–9:30PM'], ['Wednesday', '10:30AM–9:30PM']]"
0x885a63206b487ed3:0xb35141f63a7282b9,Yuimaru Kitchen,"Yuimaru Kitchen, 3020 Franklin Terrace STE #6, Johnson City, TN 37604",36.3528845,-82.4006335,['Japanese restaurant'],4.4,346,$$,"[['Thursday', '11:30AM–2:30PM'], ['Friday', '11:30AM–2:30PM'], ['Saturday', '12–9:30PM'], ['Sunday', '12–9PM'], ['Monday', '11:30AM–2:30PM'], ['Tuesday', '11:30AM–2:30PM'], ['Wednesday', '11:30AM–2:30PM']]"
0x885e2ea937caca13:0x3f6b15a853d8f848,Takoyaki Restaurant,"Takoyaki Restaurant, 172 Old Mouse Creek Rd, Cleveland, TN 37312",35.198764,-84.84961679999999,"['Japanese steakhouse', 'Asian restaurant', 'Bar', 'Japanese restaurant', 'Seafood restaurant', 'Sushi restaurant']",4.4,941,$$,"[['Thursday', '11AM–2PM'], ['Friday', '11AM–2PM'], ['Saturday', '11:30AM–2:30PM'], ['Sunday', '11:30AM–3PM'], ['Monday', '11AM–2PM'], ['Tuesday', '11AM–2PM'], ['Wednesday', '11AM–2PM']]"
0x887f846e6a1ccb71:0x1356308cafd95d15,Sakura Japanese Restaurant,"Sakura Japanese Restaurant, 4840 Poplar Ave, Memphis, TN 38117",35.114774499999996,-89.90030999999999,"['Japanese restaurant', 'Sushi restaurant']",4.5,365,$$,"[['Wednesday', '11AM–2PM'], ['Thursday', '11AM–2PM'], ['Friday', '11AM–2PM'], ['Saturday', '12–10PM'], ['Sunday', '12–9PM'], ['Monday', 'Closed'], ['Tuesday', '11AM–2PM']]"
0x887f7ae02db540dd:0x7a4c35da2874573a,Kyoto Japanese Steakhouse,"Kyoto Japanese Steakhouse, 8800 TN-3, Millington, TN 38053",35.3664176,-89.8866346,['Japanese restaurant'],4.2,46,$$,"[['Wednesday', '5–9:30PM'], ['Thursday', '5–9:30PM'], ['Friday', '5–9:30PM'], ['Saturday', '12–9:30PM'], ['Sunday', '12–9:30PM'], ['Monday', '5–9:30PM'], ['Tuesday', 'Closed']]"
0x887fa2ae2f015101:0x47e092d3c4a916a,Fuji Cafe,"Fuji Cafe, 875 W Poplar Ave #19, Collierville, TN 38017",35.0455201,-89.6922981,"['Japanese restaurant', 'Cafe', 'Restaurant', 'Sushi restaurant']",4.7,264,$$,"[['Tuesday', '11AM–2PM'], ['Wednesday', '11AM–2PM'], ['Thursday', '11AM–2PM'], ['Friday', '11AM–2PM'], ['Saturday', '11AM–2PM'], ['Sunday', '11AM–2PM'], ['Monday', '11AM–2PM']]"
0x885e2bfe3c7b673f:0xaf504c20bfdae26e,Japanese Hibachi Express,"Japanese Hibachi Express, 2350 Spring Creek Boulevard, Cleveland, TN 37312",35.1759777,-84.8601359,"['Asian restaurant', 'Japanese restaurant', 'Restaurant']",4.4,818,$,"[['Tuesday', '11AM–9PM'], ['Wednesday', '11AM–9PM'], ['Thursday', '11AM–9PM'], ['Friday', '11AM–9PM'], ['Saturday', '11AM–9PM'], ['Sunday', '11AM–9PM'], ['Monday', '11AM–9PM']]"
0x8864b00e665e2f15:0x9c8ae87b7064d72a,Ginger Hibachi,"Ginger Hibachi, 104 N Main St, Dickson, TN 37055",36.076107,-87.3888779,"['Asian fusion restaurant', 'Japanese restaurant']",4.6,564,$,"[['Tuesday', '11AM–9PM'], ['Wednesday', '11AM–9PM'], ['Thursday', '11AM–9PM'], ['Friday', '11AM–9PM'], ['Saturday', '11AM–9PM'], ['Sunday', '11AM–9PM'], ['Monday', '11AM–9PM']]"
0x8864d7c2378690f5:0xce765ceca4d5be6f,Sakura Japanese Steakhouse,"Sakura Japanese Steakhouse, 1345 Fort Campbell Blvd, Clarksville, TN 37042",36.566225599999996,-87.40292029999999,['Japanese restaurant'],4.4,667,$$,"[['Tuesday', '11AM–9:30PM'], ['Wednesday', '11AM–9:30PM'], ['Thursday', '11AM–9:30PM'], ['Friday', '11AM–10PM'], ['Saturday', '11AM–10PM'], ['Sunday', '4–9:30PM'], ['Monday', 'Closed']]"
0x887f84bfaff56bbb:0xa0f7cdec9037720d,Benihana,"Benihana, 912 Ridge Lake Blvd, Memphis, TN 38120",35.106944399999996,-89.8672222,"['Japanese restaurant', 'Asian restaurant', 'Japanese steakhouse', 'Restaurant', 'Steak house', 'Sushi restaurant', 'Teppanyaki restaurant']",3.8,1547,$$$,"[['Tuesday', '11AM–9PM'], ['Wednesday', '11AM–9PM'], ['Thursday', '11AM–9PM'], ['Friday', '11AM–10PM'], ['Saturday', '11AM–10PM'], ['Sunday', '11AM–9PM'], ['Monday', '11AM–9PM']]"
0x886415cad99eb2c1:0x8c9a5a71c212cc5d,Hana Sushi House,"Hana Sushi House, 151 Adams Ln #7, Mt. Juliet, TN 37122",36.1696719,-86.5174445,['Japanese restaurant'],4.0,68,$$,"[['Monday', '11AM–9PM'], ['Tuesday', '11AM–9PM'], ['Wednesday', 'Closed'], ['Thursday', '11AM–9PM'], ['Friday', '11AM–10PM'], ['Saturday', '11AM–10PM'], ['Sunday', '11AM–9PM']]"
0x88646f2dc6854ceb:0xd2fb3828af64c965,Ken's Sushi,"Ken's Sushi, 1108 Murfreesboro Pike, Nashville, TN 37217",36.126467,-86.709784,['Japanese restaurant'],4.3,297,$$,"[['Monday', 'Closed'], ['Tuesday', '11AM–2PM'], ['Wednesday', '11AM–2PM'], ['Thursday', '11AM–2PM'], ['Friday', '11AM–2PM'], ['Saturday', '11AM–2PM'], ['Sunday', '11AM–2PM']]"
0x88641431262a3073:0x2c028478a0306124,MoriMori,"MoriMori, 649 S Mt Juliet Rd, Mt. Juliet, TN 37122",36.162469099999996,-86.51261029999999,"['Sushi restaurant', 'Bar', 'Japanese restaurant', 'Korean restaurant']",4.2,306,$$,"[['Monday', '11AM–2:30PM'], ['Tuesday', '11AM–2:30PM'], ['Wednesday', '11AM–2:30PM'], ['Thursday', '11AM–2:30PM'], ['Friday', '11AM–10PM'], ['Saturday', '11AM–10PM'], ['Sunday', '11AM–9PM']]"
0x885c1a23b9528a37:0x73853f173374cf37,Little Tokyo Cafe,"Little Tokyo Cafe, 7552 Mountain Grove Dr, Knoxville, TN 37920",35.9040785,-83.83904969999999,"['Japanese restaurant', 'Asian restaurant', 'Sushi restaurant']",4.3,958,$$,"[['Monday', '11AM–9PM'], ['Tuesday', '11AM–9PM'], ['Wednesday', '11AM–9PM'], ['Thursday', '11AM–9PM'], ['Friday', '11AM–10PM'], ['Saturday', '11AM–10PM'], ['Sunday', '11AM–9PM']]"
0x88646633478a9e59:0x9835d07e5758e805,Sushi Circle,"Sushi Circle, 914 Woodland St, Nashville, TN 37206",36.175013,-86.7552942,"['Sushi restaurant', 'Japanese restaurant', 'Korean restaurant', 'Lunch restaurant', 'Ramen restaurant', 'Restaurant']",4.4,138,,"[['Monday', '11AM–2PM'], ['Tuesday', '11AM–2PM'], ['Wednesday', '11AM–2PM'], ['Thursday', '11AM–2PM'], ['Friday', '11AM–2PM'], ['Saturday', '11AM–2PM'], ['Sunday', '11AM–2PM']]"
0x8864143272df5d43:0x512f948726386f7,Wasabi,"Wasabi, 401 S Mt Juliet Rd # 155, Mt. Juliet, TN 37122",36.170104599999995,-86.5074331,"['Japanese restaurant', 'Asian restaurant', 'Sushi restaurant']",3.9,608,$$,"[['Monday', '10AM–9PM'], ['Tuesday', '10AM–9PM'], ['Wednesday', '10AM–9PM'], ['Thursday', '10AM–9PM'], ['Friday', '10AM–9PM'], ['Saturday', '10AM–9PM'], ['Sunday', '10AM–9PM']]"
0x88605e613e733791:0x7abcd40bff97e55f,Tokyo Chattanooga,"Tokyo Chattanooga, 1120 Houston St, Chattanooga, TN 37402",35.0425519,-85.30665839999999,"['Japanese restaurant', 'Asian restaurant', 'Restaurant', 'Sushi restaurant']",4.2,568,$$,"[['Monday', '11AM–2PM'], ['Tuesday', '11AM–2PM'], ['Wednesday', '11AM–2PM'], ['Thursday', '11AM–2PM'], ['Friday', '11AM–2PM'], ['Saturday', '11:30AM–10PM'], ['Sunday', '4–9:30PM']]"
0x885e2938475f7011:0x3756bd386dadc424,Fulin's Asian Cuisine,"Fulin's Asian Cuisine, 4478 Frontage Rd NW, Cleveland, TN 37312",35.2154369,-84.86846969999999,"['Chinese restaurant', 'Asian fusion restaurant', 'Asian restaurant', 'Chinese takeaway', 'Delivery Chinese restaurant', 'Authentic Japanese restaurant', 'Restaurant', 'Sushi restaurant', 'Thai restaurant']",4.4,608,$$,"[['Monday', '11AM–9:30PM'], ['Tuesday', '11AM–9:30PM'], ['Wednesday', '11AM–9:30PM'], ['Thursday', '11AM–9:30PM'], ['Friday', '11AM–10:30PM'], ['Saturday', '11AM–10:30PM'], ['Sunday', '11AM–9:30PM']]"
0x885c3bf2db9faf29:0x452ce1a85a93f199,Ichiban Japanese Grill,"Ichiban Japanese Grill, 6737 Clinton Hwy, Knoxville, TN 37912",36.0046872,-84.0247286,"['Japanese restaurant', 'Asian restaurant', 'Sushi restaurant']",4.5,588,$$,"[['Monday', 'Closed'], ['Tuesday', '11AM–9:30PM'], ['Wednesday', '11AM–9:30PM'], ['Thursday', '11AM–9:30PM'], ['Friday', '11AM–10PM'], ['Saturday', '11AM–10PM'], ['Sunday', '12–9:30PM']]"
0x886464746576328d:0x92528a162cebf833,Tokyo Japanese Steak House,"Tokyo Japanese Steak House, 3808 Cleghorn Ave, Nashville, TN 37215",36.109094,-86.81779499999999,"['Japanese steakhouse', 'Asian restaurant', 'Bar', 'Japanese restaurant', 'Seafood restaurant', 'Steak house', 'Sushi restaurant']",4.1,358,$$,"[['Sunday', '12–9PM'], ['Monday', '11AM–9:30PM'], ['Tuesday', '11AM–9:30PM'], ['Wednesday', '11AM–9:30PM'], ['Thursday', '11AM–9:30PM'], ['Friday', '11AM–10PM'], ['Saturday', '12–10PM']]"
0x885a6332afd2d2e1:0xcdf5ac281ddd8d7b,Yamato Japanese Steakhouse,"Yamato Japanese Steakhouse, 2108 W Market St Ste 700, Johnson City, TN 37604",36.3117622,-82.3892984,['Japanese restaurant'],4.6,404,$,"[['Saturday', '12–9PM'], ['Sunday', 'Closed'], ['Monday', '11AM–8PM'], ['Tuesday', '11AM–8PM'], ['Wednesday', '11AM–8PM'], ['Thursday', '11AM–8PM'], ['Friday', '11AM–9PM']]"
0x886466bea7f8afb5:0x8bccbbb38b641ba6,Nama Sushi Bar,"Nama Sushi Bar, 2300 Elliston Pl, Nashville, TN 37203",36.150119,-86.8056986,"['Sushi restaurant', 'Asian fusion restaurant', 'Japanese restaurant']",4.3,768,$$,"[['Saturday', 'Closed'], ['Sunday', 'Closed'], ['Monday', 'Closed'], ['Tuesday', 'Closed'], ['Wednesday', 'Closed'], ['Thursday', '12–12:01AM'], ['Friday', 'Closed']]"
0x8864668baa4da689:0x4e6d610a72af702b,Sushi 88,"Sushi 88, 2119 Belcourt Ave, Nashville, TN 37212",36.1366368,-86.80257379999999,"['Japanese restaurant', 'Seafood restaurant', 'Sushi restaurant']",4.0,518,$$,"[['Saturday', '12–10PM'], ['Sunday', '12–10PM'], ['Monday', '12–10PM'], ['Tuesday', '4–10PM'], ['Wednesday', '4–10PM'], ['Thursday', '12–10PM'], ['Friday', '12–10PM']]"
0x88646471eb3a35bf:0x12690c5cef39af91,Ginza,"Ginza, 3900 Hillsboro Pike # 10, Nashville, TN 37215",36.105686,-86.813283,"['Japanese restaurant', 'Asian restaurant', 'Sushi restaurant']",4.0,148,$$,"[['Saturday', '11:30AM–10PM'], ['Sunday', '11:30AM–9PM'], ['Monday', '11AM–9:30PM'], ['Tuesday', '11AM–9:30PM'], ['Wednesday', '11AM–9:30PM'], ['Thursday', '11AM–9:30PM'], ['Friday', '11AM–10PM']]"
0x88640ce9613ae8cd:0x6fec224569a248d4,Tokyo Japanese Steak House,"Tokyo Japanese Steak House, 701 President Pl #100, Smyrna, TN 37167",35.978825,-86.557694,"['Japanese steakhouse', 'Japanese restaurant', 'Steak house', 'Sushi restaurant']",4.7,1836,$$,"[['Friday', '11:30AM–10PM'], ['Saturday', '11:30AM–10PM'], ['Sunday', '11:30AM–9PM'], ['Monday', '11:30AM–9PM'], ['Tuesday', '11:30AM–9PM'], ['Wednesday', '11:30AM–9PM'], ['Thursday', '11:30AM–9PM']]"
