gmap_id,name,address,latitude,longitude,category,avg_rating,num_of_reviews,price,hours
0x864be71b9b55ae0f:0xc680a60b338cd5be,Tokyo Express in Greenville,"Tokyo Express in Greenville, 3106 I-30 Frontage Rd W, Greenville, TX 75402",33.097105,-96.1114441,['Japanese restaurant'],4.2,46,,"[['Tuesday', '11AM–9PM'], ['Wednesday', '11AM–9PM'], ['Thursday', '11AM–9PM'], ['Friday', '11AM–9PM'], ['Saturday', '11AM–9PM'], ['Sunday', '11AM–8PM'], ['Monday', '11AM–9PM']]"
0x864e9fee68fe9161:0xbcc5f15346b875c2,MANPUKU Japanese Yakiniku Grill,"MANPUKU Japanese Yakiniku Grill, 2023 Greenville Ave, Dallas, TX 75206",32.8152995,-96.7704997,"['Yakiniku restaurant', 'Authentic Japanese restaurant', 'Japanese restaurant']",4.0,58,,"[['Tuesday', '5–11PM'], ['Wednesday', '5–11PM'], ['Thursday', '5–11PM'], ['Friday', '5–11:30PM'], ['Saturday', '12–11:30PM'], ['Sunday', '12–10PM'], ['Monday', '5–11PM']]"
0x864c210fd962b4f1:0xa805e7e97130ee61,Sushi Wasabi,"Sushi Wasabi, 14902 Preston Rd # 1000A, Dallas, TX 75254",32.9526325,-96.8031654,"['Japanese restaurant', 'Asian fusion restaurant', 'Asian restaurant', 'Bar', 'Bar & grill', 'Cocktail bar', 'Japanese steakhouse', 'Restaurant', 'Sushi restaurant']",4.0,6,,"[['Saturday', '11AM–10PM'], ['Sunday', '12–9PM'], ['Monday', '11AM–2:30PM'], ['Tuesday', '11AM–2:30PM'], ['Wednesday', '11AM–2:30PM'], ['Thursday', '11AM–2:30PM'], ['Friday', '11AM–10PM']]"
0x864e8794a499a6bb:0x1e3c7994d0d1c2,Sakari Ramen,"Sakari Ramen, 2625 W Pioneer Pkwy #211, Grand Prairie, TX 75051",32.7099419,-97.04588849999999,['Japanese restaurant'],4.3,6,,"[['Saturday', '11AM–9PM'], ['Sunday', '11AM–9PM'], ['Monday', '11AM–9PM'], ['Tuesday', '11AM–9PM'], ['Wednesday', '11AM–9PM'], ['Thursday', '11AM–9PM'], ['Friday', '11AM–9PM']]"
0x8640e70b3b882fa5:0x6475bef78d93fa8,Takara,"Takara, 15830 Southwest Fwy Suite 100, Sugar Land, TX 77478",29.601301099999997,-95.62193789999999,"['Asian restaurant', 'Japanese restaurant', 'Seafood restaurant', 'Sushi restaurant']",4.6,36,,"[['Saturday', '11AM–10PM'], ['Sunday', 'Closed'], ['Monday', '11AM–9:30PM'], ['Tuesday', '11AM–9:30PM'], ['Wednesday', '11AM–9:30PM'], ['Thursday', '11AM–9:30PM'], ['Friday', '11AM–10PM']]"
0x8641274fa93d4f25:0xf205e1594070a2e9,Zake,"Zake, 23119 Colonial Pkwy Suite A9, Katy, TX 77494",29.793174999999998,-95.77376199999999,['Japanese restaurant'],4.1,27,,"[['Friday', '11AM–10PM'], ['Saturday', '11AM–10PM'], ['Sunday', '11AM–10PM'], ['Monday', '11AM–10PM'], ['Tuesday', '11AM–10PM'], ['Wednesday', '11AM–10PM'], ['Thursday', '11AM–10PM']]"
0x86fbd94c0fce4ce9:0xfb18b2b4f9bff9a9,Tokyo Express,"Tokyo Express, 4501 W Wadley Ave, Midland, TX 79707",32.0149652,-102.143329,"['Restaurant', 'Japanese restaurant']",4.3,38,,"[['Thursday', '10:30AM–9:30PM'], ['Friday', '10:30AM–9:30PM'], ['Saturday', '10:30AM–9:30PM'], ['Sunday', '10:30AM–9:30PM'], ['Monday', '10:30AM–9:30PM'], ['Tuesday', '10:30AM–9:30PM'], ['Wednesday', '10:30AM–9:30PM']]"
0x865c5f11a698aad7:0x378d402df79b0a5c,Shogun,"Shogun, 7863 Callaghan Rd Suite 101, San Antonio, TX 78229",29.509506199999997,-98.5548341,['Japanese steakhouse'],4.1,62,,"[['Wednesday', '11:30AM–3PM'], ['Thursday', '11:30AM–3PM'], ['Friday', '11:30AM–10PM'], ['Saturday', '11:30AM–10PM'], ['Sunday', '11:30AM–9PM'], ['Monday', 'Closed'], ['Tuesday', '11:30AM–3PM']]"
0x8644b4fdbc69ee4f:0xfc5e87c2f7b4585e,Zen Japanese Food Fast,"Zen Japanese Food Fast, 1303 S Congress Ave, Austin, TX 78704",30.250819999999997,-97.74897709999999,"['Japanese restaurant', 'Asian restaurant', 'Fast food restaurant', 'Sushi restaurant']",4.1,25,$$,"[['Wednesday', '11AM–10PM'], ['Thursday', '11AM–10PM'], ['Friday', '11AM–10PM'], ['Saturday', '10AM–10PM'], ['Sunday', '10AM–10PM'], ['Monday', '11AM–10PM'], ['Tuesday', '11AM–10PM']]"
0x864c6322a6c7c429:0x5119ab8b5e04adef,Namiku Hibachi,"Namiku Hibachi, 1728 S Farm to Market Rd 1417, Sherman, TX 75090",33.6095621,-96.6456477,['Japanese restaurant'],5.0,13,,"[['Monday', 'Closed'], ['Tuesday', '11AM–7:45PM'], ['Wednesday', '11AM–7:45PM'], ['Thursday', '11AM–7:45PM'], ['Friday', '11AM–7:45PM'], ['Saturday', '11AM–7:45PM'], ['Sunday', '11AM–7:45PM']]"
0x8640db84534c4bef:0xe6553e2229e49d10,China Cook,"China Cook, 14771 Memorial Dr, Houston, TX 77079",29.770756199999997,-95.61178919999999,"['Japanese restaurant', 'Chicken restaurant', 'Vegetarian restaurant']",3.9,7,,"[['Monday', '11AM–9:30PM'], ['Tuesday', '11AM–9:30PM'], ['Wednesday', '11AM–9:30PM'], ['Thursday', '11AM–9:30PM'], ['Friday', '11AM–9:30PM'], ['Saturday', '11:30PM–12AM'], ['Sunday', '12AM–9:30PM']]"
0x8644d3fce5a1b60d:0xc53e8186484e4cc7,Wok To Go,"Wok To Go, 12205 W Parmer Ln, Cedar Park, TX 78613",30.5237925,-97.7757087,"['Chinese restaurant', 'Asian fusion restaurant', 'Chicken restaurant', 'Japanese curry restaurant', 'Noodle shop', 'Soup restaurant', 'Thai restaurant']",4.4,18,$,"[['Monday', 'Closed'], ['Tuesday', '11AM–2PM'], ['Wednesday', '11AM–2PM'], ['Thursday', '11AM–2PM'], ['Friday', '11AM–2PM'], ['Saturday', '12–3PM'], ['Sunday', '12–3PM']]"
0x864c213bc4bfb2dd:0xf5ab41f009972d1,Otaru Japanese Sushi Bar Restaurant & Lounge of Addison,"Otaru Japanese Sushi Bar Restaurant & Lounge of Addison, 5100 Belt Line Rd, Dallas, TX 75254",32.9503969,-96.8219529,"['Japanese restaurant', 'Lounge', 'Night club', 'Seafood restaurant', 'Sushi restaurant']",4.0,7,$$,
0x8644b5761a6cd33b:0x7eeb1e728f72d253,Ramen Fukuya,"Ramen Fukuya, 1914 Guadalupe St #A, Austin, TX 78705",30.2826283,-97.74229439999999,"['Ramen restaurant', 'Cafe', 'Japanese restaurant', 'Restaurant']",2.8,47,$,"[['Monday', '11AM–10PM'], ['Tuesday', '11AM–10PM'], ['Wednesday', '11AM–10PM'], ['Thursday', '11AM–10PM'], ['Friday', '11AM–10PM'], ['Saturday', '11AM–10PM'], ['Sunday', '11AM–10PM']]"
0x8644c5507dd37a8f:0x402e60da572de496,Bamboo Bistro FM 685,"Bamboo Bistro FM 685, 2324 FM685 #500, Pflugerville, TX 78660",30.461832599999997,-97.59904379999999,"['Chinese restaurant', 'Asian restaurant', 'Gluten-free restaurant', 'Japanese restaurant', 'Noodle shop', 'Rice restaurant', 'Thai restaurant', 'Vegan restaurant', 'Vegetarian restaurant']",3.3,28,$,"[['Sunday', '10:30AM–10PM'], ['Monday', '10:30AM–10PM'], ['Tuesday', '10:30AM–10PM'], ['Wednesday', '10:30AM–10PM'], ['Thursday', '10:30AM–10PM'], ['Friday', '10:30AM–10PM'], ['Saturday', '10:30AM–10PM']]"
0x864e9b26c477a281:0x9c1d0612c7e190b0,Genki Sushi,"Genki Sushi, 921 W Commerce St Suite K17, Dallas, TX 75208",32.7734812,-96.8371904,['Japanese restaurant'],3.8,16,$$,"[['Sunday', '10:45AM–9:15PM'], ['Monday', '10:45AM–9:15PM'], ['Tuesday', '10:45AM–9:15PM'], ['Wednesday', '10:45AM–9:15PM'], ['Thursday', '10:45AM–9:15PM'], ['Friday', '10:45AM–10:15PM'], ['Saturday', '10:45AM–10:15PM']]"
0x864e61946cdb921f:0xac245fec8855554f,Sushi Gio,"Sushi Gio, 701 E Debbie Ln STE 125, Mansfield, TX 76063",32.6010894,-97.12795249999999,['Japanese restaurant'],4.8,58,,"[['Saturday', '11AM–2:30PM'], ['Sunday', '12:30–8:30PM'], ['Monday', '11AM–2:30PM'], ['Tuesday', '11AM–2:30PM'], ['Wednesday', 'Closed'], ['Thursday', '11AM–2:30PM'], ['Friday', '11AM–2:30PM']]"
0x864127d535cf330f:0x8d2a938523056370,Sushi Hara,"Sushi Hara, 23119 Colonial Pkwy Building B, Katy, TX 77449",29.7927362,-95.7743759,['Japanese restaurant'],4.7,7,,"[['Saturday', '9AM–8PM'], ['Sunday', '9AM–8PM'], ['Monday', '9AM–8PM'], ['Tuesday', '9AM–8PM'], ['Wednesday', '9AM–8PM'], ['Thursday', '9AM–8PM'], ['Friday', '9AM–8PM']]"
0x8640ad29d2cef0cd:0x112a61c08b09a5fe,Texas Sushi Hana,"Texas Sushi Hana, 9 N Main St, Kingwood, TX 77339",30.0481664,-95.1856809,"['Sushi restaurant', 'Asian restaurant', 'Japanese restaurant', 'Southeast Asian restaurant']",4.1,35,$$,"[['Friday', '11AM–3PM'], ['Saturday', '12–10PM'], ['Sunday', '12–9PM'], ['Monday', '11AM–3PM'], ['Tuesday', '11AM–3PM'], ['Wednesday', '11AM–3PM'], ['Thursday', '11AM–3PM']]"
0x8640bf9f740090b7:0x955e0ea4c8926396,Soto,"Soto, 224 Westheimer Rd, Houston, TX 77006",29.744846199999998,-95.3840014,"['Japanese restaurant', 'Fine dining restaurant', 'Sushi restaurant']",4.8,207,,"[['Friday', '5–11PM'], ['Saturday', '5–11PM'], ['Sunday', '5–10PM'], ['Monday', 'Closed'], ['Tuesday', '5–10PM'], ['Wednesday', '5–10PM'], ['Thursday', '5–10PM']]"
0x8644b51a2978fc23:0x78da4f50cd3db38b,Yumai Japanese Grill,"Yumai Japanese Grill, 1801 E 51st St, Austin, TX 78723",30.3011843,-97.6989407,"['Japanese restaurant', 'Asian fusion restaurant', 'Asian restaurant']",4.2,8,,"[['Wednesday', '11AM–9PM'], ['Thursday', '11AM–9PM'], ['Friday', '11AM–10PM'], ['Saturday', '11AM–10PM'], ['Sunday', '11AM–9PM'], ['Monday', '11AM–9PM'], ['Tuesday', '11AM–9PM']]"
0x8640bfb075816299:0xaa4b733cbe1bec1f,Muiishi Makirritos,"Muiishi Makirritos, 1517 Alabama St, Houston, TX 77004",29.7349891,-95.37475529999999,['Japanese restaurant'],4.6,8,,"[['Wednesday', '11AM–3PM'], ['Thursday', '4–10PM'], ['Friday', '11AM–3PM'], ['Saturday', '5–11PM'], ['Sunday', '11AM–3PM'], ['Monday', '11AM–3PM'], ['Tuesday', '4–9PM']]"
0x864c2116acc4561d:0x8a0b2c9d3415f6b3,Sake Sushi Japanese Korean Bistro,"Sake Sushi Japanese Korean Bistro, 300 N Coit Rd Suite 270, Richardson, TX 75080",32.9562731,-96.768272,"['Japanese restaurant', 'Buffet restaurant', 'Delivery service', 'Korean restaurant', 'Ramen restaurant', 'Sushi restaurant']",4.6,58,,"[['Wednesday', '11AM–2PM'], ['Thursday', '11AM–2PM'], ['Friday', '11AM–2PM'], ['Saturday', '11AM–2PM'], ['Sunday', '11AM–2PM'], ['Monday', 'Closed'], ['Tuesday', '11AM–2PM']]"
0x864127409735c6d9:0x1cbc145091630e60,Atami Xpress,"Atami Xpress, 569 Mason Rd, Katy, TX 77450",29.7756708,-95.7501422,['Japanese restaurant'],3.2,24,,"[['Tuesday', '10:30AM–9PM'], ['Wednesday', '10:30AM–9PM'], ['Thursday', '10:30AM–9PM'], ['Friday', '10:30AM–9PM'], ['Saturday', '10:30AM–9PM'], ['Sunday', '10:30AM–9PM'], ['Monday', '10:30AM–9PM']]"
0x864e6127e106230b:0xab0b369544501e1e,Kaiyo Sushi and Bar,"Kaiyo Sushi and Bar, 2751 E Broad St Suite 109, Mansfield, TX 76063",32.5699515,-97.095455,['Japanese restaurant'],4.6,18,,"[['Friday', '11AM–2:30PM'], ['Saturday', '11AM–2:30PM'], ['Sunday', '12:30–9PM'], ['Monday', 'Closed'], ['Tuesday', '11AM–2:30PM'], ['Wednesday', '11AM–2:30PM'], ['Thursday', '11AM–2:30PM']]"
0x864c238281701c7b:0x9f2ec1de06f7fb97,Sushi Real,"Sushi Real, 5930 W Park Blvd #1800, Plano, TX 75093",33.026814,-96.826909,"['Sushi restaurant', 'Authentic Japanese restaurant', 'Japanese restaurant', 'Seafood restaurant']",4.5,24,,"[['Wednesday', '11:30AM–3PM'], ['Thursday', '11:30AM–3PM'], ['Friday', '11:30AM–3PM'], ['Saturday', '11:30AM–3PM'], ['Sunday', '11:30AM–3PM'], ['Monday', '11:30AM–3PM'], ['Tuesday', '11:30AM–3PM']]"
0x864736bf896acc4d:0x15e5b1e265955b0a,Tsukiji Janpanese Cuisine,"Tsukiji Janpanese Cuisine, 24 Waterway Ave #100, The Woodlands, TX 77380",30.160541499999997,-95.45889179999999,"['Japanese restaurant', 'Restaurant']",4.4,18,,"[['Tuesday', '11AM–10PM'], ['Wednesday', '11AM–10PM'], ['Thursday', '11AM–10PM'], ['Friday', '11AM–12AM'], ['Saturday', '12PM–12AM'], ['Sunday', '12–10PM'], ['Monday', '11AM–10PM']]"
0x8647377a5569e19f:0xe5cae28b3b45639a,Hibachi kitchen,"Hibachi kitchen, 137 Robinson Rd, Oak Ridge North, TX 77385",30.1576709,-95.44649869999999,"['Japanese restaurant', 'Asian restaurant']",4.1,38,$,"[['Monday', '11AM–8:30PM'], ['Tuesday', '11AM–8:30PM'], ['Wednesday', '11AM–8:30PM'], ['Thursday', '11AM–8:30PM'], ['Friday', '11AM–8:30PM'], ['Saturday', '11AM–8:30PM'], ['Sunday', 'Closed']]"
0x8701518a83657ccf:0x842df9c2b8999d9e,Sumo Japanese steakhouse,"Sumo Japanese steakhouse, 2300 Bell St, Amarillo, TX 79106",35.1881671,-101.9028483,['Japanese restaurant'],4.2,86,,"[['Sunday', '11AM–9PM'], ['Monday', 'Closed'], ['Tuesday', '11AM–3PM'], ['Wednesday', '11AM–3PM'], ['Thursday', '11AM–3PM'], ['Friday', '11AM–3PM'], ['Saturday', '11AM–9PM']]"
0x8644b58d396c55a5:0x52fd1f928587043a,Poke Austin,"Poke Austin, 1211 E 5th St #110, Austin, TX 78702",30.2630697,-97.7307221,['Japanese restaurant'],3.6,35,$,"[['Sunday', '11AM–9PM'], ['Monday', '11AM–9PM'], ['Tuesday', '11AM–9PM'], ['Wednesday', '11AM–9PM'], ['Thursday', '11AM–9PM'], ['Friday', '11AM–9PM'], ['Saturday', '11AM–9PM']]"
0x86468578955ddeef:0x9e3d190cfa89a2e3,F&F Japanese Grill,"F&F Japanese Grill, 1505 Texas Ave S Ste B, College Station, TX 77840",30.6171722,-96.32079569999999,['Japanese restaurant'],4.7,44,,"[['Saturday', '11AM–9PM'], ['Sunday', '11AM–9PM'], ['Monday', 'Closed'], ['Tuesday', '11AM–9PM'], ['Wednesday', '11AM–9PM'], ['Thursday', '11AM–9PM'], ['Friday', '11AM–9PM']]"
0x8644b5b08e6a5fc5:0xcc5857bf45c3f5d3,WuWu Sushi,"WuWu Sushi, 1407 E 7th St, Austin, TX 78702",30.2642827,-97.7276351,"['Sushi restaurant', 'Asian fusion restaurant', 'Japanese restaurant', 'Restaurant']",4.3,8,,"[['Thursday', '5PM–12AM'], ['Friday', '5PM–12AM'], ['Saturday', '12PM–12AM'], ['Sunday', '5PM–12AM'], ['Monday', '5PM–12AM'], ['Tuesday', '5PM–12AM'], ['Wednesday', '5PM–12AM']]"
0x864de3b7e53b2cdf:0xb8dac0d646512754,Nagoya Chinese and Japanese,"Texas, Azle, Boyd Rd, Nagoya Chinese and Japanese邮政编码: 76020",32.9081076,-97.5429607,"['Restaurant', 'Asian fusion restaurant', 'Chinese restaurant', 'Japanese restaurant']",4.2,48,,"[['Wednesday', '11AM–9PM'], ['Thursday', '11AM–9PM'], ['Friday', '11AM–9:30PM'], ['Saturday', '11AM–9:30PM'], ['Sunday', '11AM–9PM'], ['Monday', 'Closed'], ['Tuesday', '11AM–9PM']]"
0x864c173262835931:0x22b3e597980b5b4c,Kuma Ramen,"Kuma Ramen, 5121 Collin McKinney Pkwy Ste 800, McKinney, TX 75070",33.149778,-96.6824942,"['Japanese restaurant', 'Ramen restaurant', 'Sushi restaurant']",4.6,38,,"[['Wednesday', '11AM–9PM'], ['Thursday', '11AM–9PM'], ['Friday', '11AM–9:30PM'], ['Saturday', '11AM–9:30PM'], ['Sunday', '12–9PM'], ['Monday', '11AM–9PM'], ['Tuesday', '11AM–9PM']]"
0x8640ad3e51fd65eb:0xc6c0e75692f1014b,Fujiya Asian Cuisine,"Fujiya Asian Cuisine, 8065 Farm to Market 1960 Rd E, Humble, TX 77346",30.0040002,-95.1533236,"['Japanese restaurant', 'Asian restaurant', 'Sushi restaurant']",4.6,28,,"[['Tuesday', 'Closed'], ['Wednesday', '11AM–9:30PM'], ['Thursday', '11AM–9:30PM'], ['Friday', '11AM–10PM'], ['Saturday', '11AM–10PM'], ['Sunday', '11AM–9:30PM'], ['Monday', '11AM–9:30PM']]"
0x864c13e1d201a735:0x2135bca18151e90c,Wasabi Sushi & Grill,"Wasabi Sushi & Grill, 2110 Eldorado Pkwy #106, McKinney, TX 75070",33.172208999999995,-96.645163,"['Sushi restaurant', 'Asian restaurant', 'Japanese restaurant']",4.4,17,$$,"[['Monday', '11AM–2PM'], ['Tuesday', '11AM–2PM'], ['Wednesday', '11AM–2PM'], ['Thursday', '11AM–2PM'], ['Friday', '11AM–2PM'], ['Saturday', '5–10:30PM'], ['Sunday', '5–10PM']]"
0x865c674b8da5a2db:0x1da7c814e7a8367d,Asoko sushi,"Asoko sushi, 12055 Vance Jackson Rd #107, San Antonio, TX 78230",29.5527563,-98.57283129999999,"['Sushi restaurant', 'Japanese restaurant', 'Korean beef restaurant']",4.9,18,,"[['Monday', '11AM–10PM'], ['Tuesday', '11AM–10PM'], ['Wednesday', '11AM–10PM'], ['Thursday', '11AM–10PM'], ['Friday', '11AM–10PM'], ['Saturday', '12–9PM'], ['Sunday', '12–9PM']]"
0x8649cc4957251e8d:0x1998f399f9283df4,Kublai Khan Mongolian Grill & Sushi,"Kublai Khan Mongolian Grill & Sushi, 3709 Troup Hwy #700, Tyler, TX 75703",32.3086602,-95.27373569999999,"['Restaurant', 'Asian restaurant', 'Chinese restaurant', 'Health food restaurant', 'Japanese restaurant', 'Mongolian barbecue restaurant', 'Sushi restaurant']",4.0,28,,"[['Monday', '11AM–9:30PM'], ['Tuesday', '11AM–9:30PM'], ['Wednesday', '11AM–9:30PM'], ['Thursday', '11AM–9:30PM'], ['Friday', '11AM–10:30PM'], ['Saturday', '11AM–10:30PM'], ['Sunday', '11AM–9:30PM']]"
0x8640e1685c5e3193:0x62a5faa85e9e7870,Sozo,"Sozo, 222 S Texas 6 Suite 100, Sugar Land, TX 77498",29.612351099999998,-95.6496645,['Japanese steakhouse'],4.9,26,,"[['Monday', '11AM–8PM'], ['Tuesday', '11AM–8PM'], ['Wednesday', '11AM–8PM'], ['Thursday', '11AM–8PM'], ['Friday', '11AM–8PM'], ['Saturday', '11AM–8PM'], ['Sunday', 'Closed']]"
0x864a31d4cb392fa5:0xd7cb77b098a315e,MAAK - Sulphur Springs,"MAAK - Sulphur Springs, 208 Main St, Sulphur Springs, TX 75482",33.1374387,-95.60191979999999,"['Sushi restaurant', 'American restaurant', 'Asian fusion restaurant', 'Bubble tea store', 'Hamburger restaurant', 'Japanese restaurant']",4.2,157,$$,"[['Sunday', 'Closed'], ['Monday', '11AM–8PM'], ['Tuesday', '11AM–8PM'], ['Wednesday', '11AM–8PM'], ['Thursday', '11AM–8PM'], ['Friday', '11AM–8PM'], ['Saturday', '11AM–8PM']]"
0x8640c0419c661715:0x9d303337b3936f33,Fuji Ramen King,"Fuji Ramen King, 2518 W Holcombe Blvd, Houston, TX 77030",29.7063889,-95.4172222,"['Ramen restaurant', 'Japanese restaurant']",4.0,67,,"[['Sunday', 'Closed'], ['Monday', '10:30AM–9:30PM'], ['Tuesday', '10:30AM–9:30PM'], ['Wednesday', '10:30AM–9:30PM'], ['Thursday', '10:30AM–9:30PM'], ['Friday', '11AM–10:30PM'], ['Saturday', '11AM–10:30PM']]"
0x86409d383b20e3db:0x18d9165940c3445a,Sapporo,"Sapporo, 2800 Marina Bay Dr Suite A, League City, TX 77573",29.538890799999997,-95.0659027,['Japanese restaurant'],4.4,48,,"[['Saturday', '11AM–11PM'], ['Sunday', '11AM–10PM'], ['Monday', '11AM–10PM'], ['Tuesday', '11AM–10PM'], ['Wednesday', '11AM–10PM'], ['Thursday', '11AM–10PM'], ['Friday', '11AM–11PM']]"
0x864dd58c972efec7:0x9f157a6defc85f14,Teriyaki Madness,"Teriyaki Madness, 4712 Colleyville Blvd #120, Colleyville, TX 76034",32.879051,-97.158653,"['Gluten-free restaurant', 'Asian fusion restaurant', 'Japanese restaurant']",3.9,36,,
0x8640e67b39c95ce9:0x47564a392cb943ef,Poke&Juice Time,"Poke&Juice Time, 3697 Hwy 6, Sugar Land, TX 77478",29.590270099999998,-95.59668289999999,"['Poke bar', 'Fast food restaurant', 'Japanese restaurant', 'Juice shop']",4.2,125,$,"[['Friday', '11AM–9:30PM'], ['Saturday', '11AM–9:30PM'], ['Sunday', 'Closed'], ['Monday', '11AM–9PM'], ['Tuesday', '11AM–9PM'], ['Wednesday', '11AM–9PM'], ['Thursday', '11AM–9PM']]"
0x8640bdc58fe49397:0x1e6d31f6095540a3,108 Asian Cafe,"108 Asian Cafe, 7046 Lawndale St, Houston, TX 77023",29.7168016,-95.2965412,"['Asian restaurant', 'Chicken restaurant', 'Chinese restaurant', 'Japanese restaurant', 'Seafood restaurant', 'Sushi restaurant', 'Vegetarian restaurant']",2.8,13,,"[['Friday', '11AM–10:30PM'], ['Saturday', '11AM–10:30PM'], ['Sunday', '12–10PM'], ['Monday', '11AM–10PM'], ['Tuesday', '11AM–10PM'], ['Wednesday', '11AM–10PM'], ['Thursday', '11AM–10PM']]"
0x863933e948ab9181:0x402cfed03e8ead5b,Kikko Ramen & Poke,"Kikko Ramen & Poke, 3050 Dowlen Rd Ste N, Beaumont, TX 77706",30.1068319,-94.167839,['Japanese restaurant'],4.5,75,,"[['Friday', '11AM–10PM'], ['Saturday', '11AM–10PM'], ['Sunday', '11AM–9:30PM'], ['Monday', '11AM–9:30PM'], ['Tuesday', '11AM–9:30PM'], ['Wednesday', '11AM–9:30PM'], ['Thursday', '11AM–9:30PM']]"
0x865c5d5cc358115f:0x2f05f97203bc54e2,Hula House,"Hula House, 5819 Northwest Loop 410 #120, San Antonio, TX 78238",29.480652,-98.60790779999999,"['Restaurant', 'Asian restaurant', 'Japanese restaurant', 'Ramen restaurant']",4.1,27,,"[['Friday', '11AM–10PM'], ['Saturday', '11AM–10PM'], ['Sunday', '12–9:30PM'], ['Monday', '11AM–9:30PM'], ['Tuesday', '11AM–9:30PM'], ['Wednesday', '11AM–9:30PM'], ['Thursday', '11AM–9:30PM']]"
0x8651fde4c7b5476d:0x862cdacb32941451,Sake Japanese Steakhouse,"Sake Japanese Steakhouse, 114 College Park Dr, Weatherford, TX 76086",32.7378116,-97.7940799,['Japanese steakhouse'],4.4,27,,
0x86454b00270d9b0b:0xdcef446a167eb007,Sushi sushi sushi rest,"Sushi sushi sushi rest, 500 W Veterans Memorial Blvd, Killeen, TX 76541",31.1186141,-97.7360362,['Japanese restaurant'],4.6,46,,"[['Monday', '11AM–2:30PM'], ['Tuesday', '11AM–2:30PM'], ['Wednesday', '11AM–2:30PM'], ['Thursday', '11AM–2:30PM'], ['Friday', '11AM–2:30PM'], ['Saturday', '12–2:30PM'], ['Sunday', 'Closed']]"
0x8640c512b8acede3:0x176cad4ca288a2e3,Krazy Katsu & Udon,"Krazy Katsu & Udon, 10011 Long Point Rd # B, Houston, TX 77055",29.793897599999998,-95.541427,"['Udon noodle restaurant', 'Japanese restaurant', 'Korean restaurant']",4.8,38,,"[['Thursday', '11AM–8PM'], ['Friday', '11AM–8PM'], ['Saturday', '11AM–8PM'], ['Sunday', '11AM–7PM'], ['Monday', '11AM–8PM'], ['Tuesday', '11AM–8PM'], ['Wednesday', '11AM–8PM']]"
0x864c3c7b4181b287:0xf6dd62e70e91d344,Sakana,"Sakana, 6950 Lebanon Rd #106, Frisco, TX 75034",33.123624,-96.825561,"['Japanese restaurant', 'Asian restaurant', 'Restaurant', 'Sushi restaurant']",4.5,28,,"[['Wednesday', '11AM–2PM'], ['Thursday', '11AM–2PM'], ['Friday', '4:30–10PM'], ['Saturday', '4:30–10PM'], ['Sunday', 'Closed'], ['Monday', '11AM–2PM'], ['Tuesday', '11AM–2PM']]"
0x8640db55a93e8059:0xf0a037c3c0de778,Miyabi sushi Japanese restaurant,"Miyabi sushi Japanese restaurant, 4502 Hwy 6 N, Houston, TX 77084",29.840238099999997,-95.6448599,['Japanese restaurant'],4.8,18,,"[['Tuesday', '11AM–9:30PM'], ['Wednesday', '11AM–9:30PM'], ['Thursday', '11AM–9:30PM'], ['Friday', '11AM–10PM'], ['Saturday', '12–10PM'], ['Sunday', '12–9PM'], ['Monday', '11AM–9:30PM']]"
0x864c241658fb8ed9:0x20da1af42a5ba11f,Sushi N Wok,"Sushi N Wok, 3636 Frankford Rd, Dallas, TX 75287",32.995643,-96.85423899999999,"['Sushi restaurant', 'Asian restaurant', 'Chinese restaurant', 'Japanese restaurant', 'Delivery Restaurant']",2.1,34,$$,"[['Monday', '11AM–10PM'], ['Tuesday', '11AM–10PM'], ['Wednesday', '11AM–10PM'], ['Thursday', '11AM–10PM'], ['Friday', '11AM–10PM'], ['Saturday', '11AM–10PM'], ['Sunday', '11AM–10PM']]"
0x864e91c81a7d20c3:0x3eab5c32125dd63b,Waikiki Teriyaki,"Waikiki Teriyaki, 4344 S Hampton Rd # 150, Dallas, TX 75232",32.6907133,-96.8565833,"['Asian fusion restaurant', 'Asian restaurant', 'Hawaiian restaurant', 'Japanese restaurant', 'Juice shop', 'Korean restaurant', 'Seafood restaurant']",4.6,95,,"[['Friday', '11AM–8PM'], ['Saturday', '12–8PM'], ['Sunday', 'Closed'], ['Monday', '11AM–8PM'], ['Tuesday', '11AM–8PM'], ['Wednesday', '11AM–8PM'], ['Thursday', '11AM–8PM']]"
0x864c3d558ffbce61:0xd1f64e19f03713a,Koto Hibachi and Sushi,"Koto Hibachi and Sushi, 5995 Preston Rd Suite 103, Frisco, TX 75034",33.1278007,-96.80575309999999,['Japanese restaurant'],4.6,58,,"[['Thursday', '11:30AM–9:30PM'], ['Friday', '11:30AM–10PM'], ['Saturday', '12–10PM'], ['Sunday', '12–9:30PM'], ['Monday', '11:30AM–9:30PM'], ['Tuesday', '11:30AM–9:30PM'], ['Wednesday', '11:30AM–9:30PM']]"
0x8640bfe85b059461:0xd40bb1eac736544b,Poke Fresh,"Poke Fresh, 507 Dallas St, Houston, TX 77002",29.7581024,-95.3699511,"['Restaurant', 'Japanese restaurant']",4.1,65,$,"[['Wednesday', '9AM–7:30PM'], ['Thursday', '9AM–7:30PM'], ['Friday', '9AM–7:30PM'], ['Saturday', 'Closed'], ['Sunday', 'Closed'], ['Monday', '9AM–7:30PM'], ['Tuesday', '9AM–7:30PM']]"
0x864c29c96c0481ff:0x219ae96b4db0ee00,Wasabi Asian Cuisine,"Wasabi Asian Cuisine, 2460 Lacy Ln #110, Carrollton, TX 75006",32.918495799999995,-96.9264063,"['Asian restaurant', 'Chinese restaurant', 'Japanese restaurant', 'Restaurant', 'Sushi restaurant']",4.8,38,$$,"[['Wednesday', '10:30AM–8PM'], ['Thursday', '10:30AM–8PM'], ['Friday', '10:30AM–8PM'], ['Saturday', '11:30AM–8PM'], ['Sunday', 'Closed'], ['Monday', '10:30AM–8PM'], ['Tuesday', '10:30AM–8PM']]"
0x8640b30050eb34c3:0x4cc81e8d2fcfadf,Sarku Japan,"Sarku Japan, 20131 US-59 Space #2136, Humble, TX 77338",30.0097493,-95.2706158,"['Japanese restaurant', 'Fast food restaurant', 'Restaurant', 'Sushi restaurant', 'Teppanyaki restaurant']",3.9,46,$,"[['Monday', '11AM–8PM'], ['Tuesday', '11AM–8PM'], ['Wednesday', '11AM–8PM'], ['Thursday', '11AM–8PM'], ['Friday', '11AM–9PM'], ['Saturday', '11AM–9PM'], ['Sunday', '11AM–6PM']]"
0x864c23626895ab1b:0x571226f520521932,Oda Sushi,"Oda Sushi, 6009 W Parker Rd Suite 137, Plano, TX 75093",33.0457754,-96.8319281,"['Japanese restaurant', 'Sushi restaurant']",4.8,67,,"[['Monday', '11AM–9PM'], ['Tuesday', '11AM–9PM'], ['Wednesday', '11AM–9PM'], ['Thursday', '11AM–9PM'], ['Friday', '11AM–9PM'], ['Saturday', '11AM–9PM'], ['Sunday', 'Closed']]"
0x864123dff9a5d811:0x254cfa772e1324d1,Teriyaki Madness,"Teriyaki Madness, 6300 FM 1463 Ste 300, Fulshear, TX 77494",29.6994641,-95.8468249,"['Asian fusion restaurant', 'Caterer', 'Fast food restaurant', 'Gluten-free restaurant', 'Japanese restaurant']",4.3,24,$,"[['Sunday', '11AM–9PM'], ['Monday', '11AM–9PM'], ['Tuesday', '11AM–9PM'], ['Wednesday', '11AM–9PM'], ['Thursday', '11AM–9PM'], ['Friday', '11AM–9PM'], ['Saturday', '11AM–9PM']]"
0x8669b445fc90cd29:0x140cdd1a9f7dd7ba,Sushi Luck Japanese Cuisine,"Sushi Luck Japanese Cuisine, 112 Palmetto Ave, Rockport, TX 78382",28.0600921,-97.0352052,"['Sushi restaurant', 'Asian restaurant', 'Japanese restaurant']",4.4,114,$$,"[['Sunday', '5–8PM'], ['Monday', '11AM–2PM'], ['Tuesday', 'Closed'], ['Wednesday', '5–8PM'], ['Thursday', '11AM–2PM'], ['Friday', '11AM–2PM'], ['Saturday', '11AM–2PM']]"
0x8640c155dc7544af:0x6f95c39093cb1ddd,Hako Bento,"Hako Bento, 2802 S Shepherd Dr, Houston, TX 77098",29.740372899999997,-95.4110396,"['Japanese restaurant', 'Restaurant']",5.0,38,,"[['Sunday', 'Closed'], ['Monday', '11AM–2PM'], ['Tuesday', '11AM–2PM'], ['Wednesday', '11AM–2PM'], ['Thursday', '11AM–2PM'], ['Friday', '11AM–2PM'], ['Saturday', 'Closed']]"
0x8644b50f15540205:0x7a4ebb501b6fd08b,How Do You Roll? 2nd Street,"How Do You Roll? 2nd Street, 454 W 2nd St, Austin, TX 78701",30.265718999999997,-97.7485198,"['Sushi restaurant', 'Asian fusion restaurant', 'Japanese restaurant']",3.5,27,$$,"[['Friday', '11AM–9PM'], ['Saturday', '11AM–9PM'], ['Sunday', '12–8PM'], ['Monday', '11AM–9PM'], ['Tuesday', '11AM–9PM'], ['Wednesday', '11AM–9PM'], ['Thursday', '11AM–9PM']]"
0x8640bf19d892debf:0x367f77e9eb0001f0,Natto Chinese & Szechuan Restaurant,"Natto Chinese & Szechuan Restaurant, 1818 Hamilton St, Houston, TX 77003",29.746150999999998,-95.36255399999999,"['Chinese restaurant', 'Asian restaurant', 'Japanese restaurant', 'Sushi restaurant']",2.2,28,,"[['Friday', '10:30AM–10:30PM'], ['Saturday', '10:30AM–10:30PM'], ['Sunday', '10:30AM–10PM'], ['Monday', '10:30AM–10PM'], ['Tuesday', '10:30AM–10PM'], ['Wednesday', '10:30AM–10PM'], ['Thursday', '10:30AM–10PM']]"
0x8665a704c02e7489:0xbf259c1514375ffc,Han's Katsuya,"78572 Texas, Mission, N Shary Rd, Han's Katsuya",26.207090599999997,-98.2857803,['Japanese restaurant'],4.8,78,,"[['Friday', '11AM–2PM'], ['Saturday', '12–3PM'], ['Sunday', 'Closed'], ['Monday', '11AM–2PM'], ['Tuesday', '11AM–2PM'], ['Wednesday', '11AM–2PM'], ['Thursday', '11AM–2PM']]"
0x86650928f6bb0d75:0x36d007b9538109f2,Rock & Roll Sushi Hidalgo TX,"Rock & Roll Sushi Hidalgo TX, The District, 902 S 2nd St, Hidalgo, TX 78557",26.097644799999998,-98.26188649999999,"['Asian fusion restaurant', 'Japanese restaurant']",4.7,88,,"[['Thursday', '11AM–6PM'], ['Friday', '11AM–8PM'], ['Saturday', '1–8PM'], ['Sunday', 'Closed'], ['Monday', '11AM–6PM'], ['Tuesday', '11AM–6PM'], ['Wednesday', '11AM–6PM']]"
0x86e759e6af5ff701:0xc427e2951ceaa67,Yamaguchi Ramen,"Yamaguchi Ramen, 3800 N Mesa St, El Paso, TX 79902",31.7872241,-106.50561719999999,"['Restaurant', 'Japanese restaurant']",4.5,111,,"[['Thursday', 'Closed'], ['Friday', 'Closed'], ['Saturday', '4:30–5PM'], ['Sunday', 'Closed'], ['Monday', 'Closed'], ['Tuesday', 'Closed'], ['Wednesday', 'Closed']]"
0x86472d45ae80ac51:0x756315ba4b973108,Yumai Sushi and Noodle Bar,"Yumai Sushi and Noodle Bar, 20309 Champion Forest Dr, Spring, TX 77379",30.054194199999998,-95.577142,"['Sushi restaurant', 'Japanese restaurant']",4.4,68,$,
0x864e9ed00f56e1d3:0xfda9952b6289f22a,Sushi Zushi,"Sushi Zushi, 3858 Oak Lawn Ave # 145, Dallas, TX 75219",32.8153159,-96.80190069999999,"['Japanese restaurant', 'Restaurant']",4.0,17,$$,
0x86474d49cdb19a97:0x8c6b0185cb864e78,Yama S Fusion Sushi,"Yama S Fusion Sushi, 23940 US-59, Kingwood, TX 77339",30.062946,-95.246759,"['Japanese restaurant', 'Asian restaurant', 'Fusion restaurant']",4.2,158,$$,"[['Wednesday', '11AM–3PM'], ['Thursday', '11AM–3PM'], ['Friday', '11AM–3PM'], ['Saturday', '11AM–10PM'], ['Sunday', '11AM–9PM'], ['Monday', '11AM–3PM'], ['Tuesday', '11AM–3PM']]"
0x8640d994c83dcfc3:0x75bfd52a47095b4,June,"June, 17105 Clay Rd ste e, Houston, TX 77084",29.832014299999997,-95.6589825,"['Japanese restaurant', 'Korean restaurant', 'Pan-Asian restaurant']",4.9,28,,"[['Tuesday', '11AM–9PM'], ['Wednesday', '11AM–9PM'], ['Thursday', '11AM–9PM'], ['Friday', '11AM–9PM'], ['Saturday', '11AM–9PM'], ['Sunday', '4–9PM'], ['Monday', '11AM–9PM']]"
0x86473116f1d78ea5:0x7a578dfd84a263ed,Masa's Sushi & Robata Bar,"Masa's Sushi & Robata Bar, 4775 W Panther Creek Dr, The Woodlands, TX 77381",30.168988,-95.504455,"['Japanese restaurant', 'Sushi restaurant']",4.3,70,,"[['Tuesday', '11AM–2:30PM'], ['Wednesday', '11AM–2:30PM'], ['Thursday', '11AM–2:30PM'], ['Friday', '11AM–2:30PM'], ['Saturday', '4:30–10:30PM'], ['Sunday', '12–9:30PM'], ['Monday', 'Closed']]"
0x8641275ecff5258f:0x4cbd221521a28ab6,RaKuu,"RaKuu, 22635 Morton Ranch Rd Suite 220, Katy, TX 77449",29.8166847,-95.7641372,"['Japanese restaurant', 'Restaurant']",4.4,78,,"[['Tuesday', '11AM–9PM'], ['Wednesday', '11AM–9PM'], ['Thursday', '11AM–9PM'], ['Friday', '11AM–9PM'], ['Saturday', '11AM–9PM'], ['Sunday', '11AM–9PM'], ['Monday', 'Closed']]"
0x863441840c610353:0x30e522b1cc4ff057,Osaka Japanese Steakhouse,"Osaka Japanese Steakhouse, 5001 W Park Blvd, Texarkana, TX 75503, United States",33.4531528,-94.1039417,"['Japanese restaurant', 'Asian restaurant', 'Japanese steakhouse', 'Sushi restaurant']",4.3,1052,$$,"[['Tuesday', '3:30–10PM'], ['Wednesday', '3:30–10PM'], ['Thursday', '3:30–10PM'], ['Friday', '11AM–10PM'], ['Saturday', '11AM–10PM'], ['Sunday', '11AM–9:30PM'], ['Monday', '3:30–10PM']]"
0x86fbd9b6aa3f891b:0xa475bf6dcdd5e8de,Sapporo Ramen & Grill,"Sapporo Ramen & Grill, 4610 N Garfield St Suite A-1, Midland, TX 79705",32.0396888,-102.1128081,"['Japanese restaurant', 'Asian restaurant', 'Ramen restaurant']",4.4,196,$$,"[['Monday', '11AM–9PM'], ['Tuesday', '11AM–9PM'], ['Wednesday', '11AM–9PM'], ['Thursday', '11AM–9PM'], ['Friday', '11AM–10PM'], ['Saturday', '11AM–10PM'], ['Sunday', '11AM–9PM']]"
0x8640e8167c90015b:0x43d7452683d2950,A1 Auto Body And Paint Shop,"A1 Auto Body And Paint Shop, 9414 W Bellfort Ave, Houston, TX 77031",29.656749299999998,-95.5431375,"['Auto repair shop', 'Auto body shop', 'Auto dent removal service', 'Authentic Japanese restaurant', 'Towing service']",4.1,58,,"[['Monday', '8:30AM–6PM'], ['Tuesday', '8:30AM–6PM'], ['Wednesday', '8:30AM–6PM'], ['Thursday', '8:30AM–6PM'], ['Friday', '8:30AM–6PM'], ['Saturday', 'Closed'], ['Sunday', 'Closed']]"
0x865c4315af90a8c3:0xaf833368ba00c02e,Ginza Ramen and Poke,"Ginza Ramen and Poke, 8771 TX-151 #106, San Antonio, TX 78245, United States",29.4428861,-98.6616595,"['Japanese restaurant', 'Restaurant']",4.4,218,,"[['Monday', '11AM–9:30PM'], ['Tuesday', '11AM–9:30PM'], ['Wednesday', '11AM–9:30PM'], ['Thursday', '11AM–9:30PM'], ['Friday', '11AM–10PM'], ['Saturday', '11AM–10PM'], ['Sunday', '11AM–9PM']]"
0x864c3f9b58bcbb35:0xc65471a8b17c904f,Hibachi Master,"Hibachi Master, 640 N Preston Rd, Prosper, TX 75078",33.2411812,-96.786834,['Japanese restaurant'],4.7,138,,"[['Sunday', 'Closed'], ['Monday', '11AM–7PM'], ['Tuesday', '11AM–7PM'], ['Wednesday', '11AM–7PM'], ['Thursday', '11AM–7PM'], ['Friday', '11AM–7PM'], ['Saturday', 'Closed']]"
0x86e7594950e1b631:0x25d51b217595d838,Ramen Ichiban,"Ramen Ichiban, 210 N Stanton St, El Paso, TX 79901",31.7597661,-106.4864982,"['Ramen restaurant', 'Asian restaurant', 'Japanese restaurant', 'Sushi restaurant']",4.0,68,,"[['Sunday', 'Closed'], ['Monday', '11AM–3PM'], ['Tuesday', '11AM–3PM'], ['Wednesday', '11AM–3PM'], ['Thursday', '11AM–3PM'], ['Friday', '11AM–3PM'], ['Saturday', 'Closed']]"
0x8665a72a6f6773b9:0x7cf5ffb9aea5e693,Shogun Japanese Steak House,"Shogun Japanese Steak House, 2920 N 10th St, McAllen, TX 78501, United States",26.2300658,-98.22480019999999,['Japanese restaurant'],4.2,378,$$,"[['Sunday', '12–9:30PM'], ['Monday', '12–10PM'], ['Tuesday', '12–10PM'], ['Wednesday', '12–10PM'], ['Thursday', '12–10PM'], ['Friday', '12–10:30PM'], ['Saturday', '12–10:30PM']]"
0x8665a12c6b71ac13:0xa24170ef6c1eb8ee,Kumori Sushi & Teppanyaki - Nolana,"Kumori Sushi & Teppanyaki - Nolana, 400 W Nolana Ave, McAllen, TX 78501, United States",26.239850099999998,-98.21843779999999,"['Sushi restaurant', 'Japanese restaurant', 'Teppanyaki restaurant']",3.7,497,$$,"[['Sunday', '12–10PM'], ['Monday', '12–10PM'], ['Tuesday', '12–10PM'], ['Wednesday', '12–10PM'], ['Thursday', '12–10PM'], ['Friday', '12–10PM'], ['Saturday', '12–10PM']]"
0x8640bf6e6c0a0a03:0xe0d4a91e7918564a,Kura Revolving Sushi Bar,"Kura Revolving Sushi Bar, 3510 Main St suite a, Houston, TX 77002, United States",29.7397171,-95.3788258,"['Conveyor belt sushi restaurant', 'Japanese restaurant', 'Restaurant', 'Sushi restaurant']",4.4,1641,$$,"[['Sunday', '11AM–9PM'], ['Monday', '11:30AM–9PM'], ['Tuesday', '11:30AM–9PM'], ['Wednesday', '11:30AM–9PM'], ['Thursday', '11:30AM–9PM'], ['Friday', '11:30AM–9:30PM'], ['Saturday', '11AM–9:30PM']]"
0x8640c0ec12fcb30f:0x2f73a95959a2f621,Katsuya Houston,"Katsuya Houston, 2800 Kirby Dr, Houston, TX 77098",29.7409388,-95.41912819999999,"['Sushi restaurant', 'Asian restaurant', 'Japanese restaurant', 'Seafood restaurant']",3.8,5,,"[['Saturday', '4PM–12AM'], ['Sunday', '4PM–12AM'], ['Monday', '4PM–12AM'], ['Tuesday', '4PM–12AM'], ['Wednesday', '4PM–12AM'], ['Thursday', '4PM–12AM'], ['Friday', '4PM–12AM']]"
0x865bc0591f699611:0x641724860a93051,Panda Chinese Restaurant & Sushi Bar,"Panda Chinese Restaurant & Sushi Bar, 504 E Main St, Fredericksburg, TX 78624, United States",30.270573499999998,-98.86491439999999,"['Chinese restaurant', 'Delivery service', 'Japanese restaurant', 'Meal delivery', 'Takeout restaurant', 'Restaurant', 'Sushi restaurant']",4.3,548,$$,"[['Saturday', '11AM–9:30PM'], ['Sunday', '11AM–9PM'], ['Monday', '11AM–9PM'], ['Tuesday', '11AM–9PM'], ['Wednesday', '11AM–9PM'], ['Thursday', '11AM–9PM'], ['Friday', '11AM–9:30PM']]"
0x864c231d9230520d:0xe7ff9a35f8803a9,Shiro Sushi,"Shiro Sushi, 3400 Preston Rd Media Storage, Plano, TX 75093",33.044218199999996,-96.79282309999999,"['Sushi restaurant', 'Japanese restaurant', 'Restaurant']",4.6,38,,"[['Saturday', '12–10PM'], ['Sunday', '5–9PM'], ['Monday', 'Closed'], ['Tuesday', '11:30AM–2:30PM'], ['Wednesday', '11:30AM–2:30PM'], ['Thursday', '11:30AM–2:30PM'], ['Friday', '11:30AM–2:30PM']]"
0x864e83dbac9631eb:0xbf27b1db2ab1cfd1,Yasashi,"Yasashi, 3045 N Belt Line Rd, Irving, TX 75062",32.8486835,-96.9936369,['Japanese restaurant'],4.8,70,,"[['Saturday', '11:30AM–9PM'], ['Sunday', '11:30AM–9PM'], ['Monday', '11:30AM–9PM'], ['Tuesday', '11:30AM–9PM'], ['Wednesday', '11:30AM–9PM'], ['Thursday', '11:30AM–9PM'], ['Friday', '11:30AM–9PM']]"
0x863f5f438f768d73:0x5aea340c19ae08c8,Fuji,"Texas, Baytown, Garth Rd, Fuji邮政编码: 77521",29.779216299999998,-94.9781016,"['Japanese restaurant', 'Sushi restaurant', 'Teppanyaki restaurant', 'Yakiniku restaurant']",4.3,34,,"[['Saturday', '11AM–11PM'], ['Sunday', '11AM–10PM'], ['Monday', '11AM–10PM'], ['Tuesday', '11AM–10PM'], ['Wednesday', '11AM–10PM'], ['Thursday', '11AM–10PM'], ['Friday', '11AM–11PM']]"
0x8644cba5d2a98de7:0xcea2e568a4d0ecfc,Zen Japanese Food Fast,"Zen Japanese Food Fast, 2900 W Anderson Ln STE 250, Austin, TX 78757",30.360251899999998,-97.7372383,"['Japanese regional restaurant', 'Asian restaurant', 'Caterer', 'Fast food restaurant', 'Japanese restaurant', 'Sushi restaurant']",4.3,748,$,"[['Saturday', '11AM–9PM'], ['Sunday', '11:30AM–9PM'], ['Monday', '11AM–9PM'], ['Tuesday', '11AM–9PM'], ['Wednesday', '11AM–9PM'], ['Thursday', '11AM–9PM'], ['Friday', '11AM–9PM']]"
0x8640d7dba4301131:0x8193e87875963b14,Sushi Shiga,"Sushi Shiga, 7014 Fry Rd, Cypress, TX 77433",29.880892,-95.722162,"['Japanese restaurant', 'Sushi restaurant']",4.4,78,,"[['Saturday', '12–11PM'], ['Sunday', '12–10PM'], ['Monday', '11AM–10PM'], ['Tuesday', '11AM–10PM'], ['Wednesday', '11AM–10PM'], ['Thursday', '11AM–10PM'], ['Friday', '11AM–11PM']]"
0x864c23a4cb7b08ab:0xc061bc2815b825ad,Oki Japanese Grill - Sushi & Hibachi,"Oki Japanese Grill - Sushi & Hibachi, 1855 Dallas Pkwy #400, Plano, TX 75093",33.0259322,-96.8310362,"['Japanese restaurant', 'Asian fusion restaurant', 'Asian restaurant', 'Korean restaurant']",4.4,155,,"[['Friday', '11AM–9:30PM'], ['Saturday', '11AM–9:30PM'], ['Sunday', '4–8:30PM'], ['Monday', '11AM–9PM'], ['Tuesday', '11AM–9PM'], ['Wednesday', '11AM–9PM'], ['Thursday', '11AM–9PM']]"
0x864c1710d789f61b:0xf2a94a826cd91238,Sushi Maru Japanese Restaurant,"Sushi Maru Japanese Restaurant, 541 W McDermott Dr, Allen, TX 75013",33.1003256,-96.6758574,"['Japanese restaurant', 'Sushi restaurant', 'Sushi takeaway']",4.8,105,$$,"[['Friday', '11AM–2:30PM'], ['Saturday', '11AM–2:30PM'], ['Sunday', 'Closed'], ['Monday', '11AM–2:30PM'], ['Tuesday', '11AM–2:30PM'], ['Wednesday', '11AM–2:30PM'], ['Thursday', '11AM–2:30PM']]"
0x8640c3c6e0193621:0xe29594019fe2705,Miyako Japanese Restaurant,"Miyako Japanese Restaurant, 6345 Westheimer Rd, Houston, TX 77057",29.737266199999997,-95.4958474,"['Japanese restaurant', 'Sushi restaurant']",4.5,1636,$$,"[['Friday', '11:30AM–11PM'], ['Saturday', '11:30AM–11PM'], ['Sunday', '12–11PM'], ['Monday', '11:30AM–11PM'], ['Tuesday', '11:30AM–11PM'], ['Wednesday', '11:30AM–11PM'], ['Thursday', '11:30AM–11PM']]"
0x8640999f9a0e67c1:0x3527cecf897ae52d,Edo Japan,"Edo Japan, 11460 Fuqua St #900, Houston, TX 77089, United States",29.613804,-95.2168679,"['Japanese restaurant', 'Asian fusion restaurant', 'Sushi takeaway']",4.3,144,,"[['Friday', '11AM–10:30PM'], ['Saturday', '11AM–10:30PM'], ['Sunday', '11AM–9:30PM'], ['Monday', '11AM–9:30PM'], ['Tuesday', '11AM–9:30PM'], ['Wednesday', '11AM–9:30PM'], ['Thursday', '11AM–9:30PM']]"
0x863638eb44ea20f5:0x6faa471eb4cb9bee,Sumo Japanese Restaurant,"Sumo Japanese Restaurant, 1301 McCann Rd, Longview, TX 75601",32.51084,-94.7495199,"['Japanese restaurant', 'Restaurant']",4.4,658,$$,"[['Friday', '11AM–2PM'], ['Saturday', '12–10PM'], ['Sunday', '11AM–9PM'], ['Monday', '11AM–2PM'], ['Tuesday', '11AM–2PM'], ['Wednesday', '11AM–2PM'], ['Thursday', '11AM–2PM']]"
0x8640c1917dbafd5b:0x4486b7c4f5e946a9,Hidden Omakase,"Hidden Omakase, 5353 W Alabama St #102, Houston, TX 77056",29.7375604,-95.46892249999999,['Japanese restaurant'],4.7,17,,"[['Friday', '6:30–11:30PM'], ['Saturday', '6:30–11:30PM'], ['Sunday', '6:30–11:30PM'], ['Monday', 'Closed'], ['Tuesday', 'Closed'], ['Wednesday', 'Closed'], ['Thursday', '6:30–11:30PM']]"
0x864c2471e53d4fe3:0x7f12b3442ba91838,Zenna Thai & Japanese Restaurant,"Zenna Thai & Japanese Restaurant, 3950 Rosemeade Pkwy #100, Dallas, TX 75287",33.0101418,-96.84489549999999,"['Restaurant', 'Asian restaurant', 'Japanese restaurant', 'Sushi restaurant', 'Thai restaurant']",3.7,1403,,"[['Friday', '4PM–12AM'], ['Saturday', '4PM–12AM'], ['Sunday', '4PM–12AM'], ['Monday', '4PM–12AM'], ['Tuesday', '4PM–12AM'], ['Wednesday', '4PM–12AM'], ['Thursday', '4PM–12AM']]"
0x8640d9b185485019:0x958b191f0c797f0,Mamasan Sushi,"Mamasan Sushi, 14838 Park Row Suite A, Houston, TX 77084",29.788507,-95.6464823,['Japanese restaurant'],4.8,208,$$,"[['Friday', '11AM–9:30PM'], ['Saturday', '11AM–9:30PM'], ['Sunday', 'Closed'], ['Monday', '11AM–9PM'], ['Tuesday', '11AM–9PM'], ['Wednesday', '11AM–9PM'], ['Thursday', '11AM–9PM']]"
0x8640acd7d3e1f827:0x68fceb0c12f5cfa3,Little Ginger,"Little Ginger, 2855 W Lake Houston Pkwy, Kingwood, TX 77339",30.048000299999998,-95.1845343,"['Japanese restaurant', 'Chinese restaurant']",4.2,128,,"[['Friday', '11AM–9:30PM'], ['Saturday', '11AM–9:30PM'], ['Sunday', '12–9PM'], ['Monday', '11AM–3PM'], ['Tuesday', '11AM–3PM'], ['Wednesday', '11AM–3PM'], ['Thursday', '11AM–3PM']]"
0x864e62db8d331313:0x996763aa9d384903,Sarku Japan,"Sarku Japan, 3811 South Cooper Street Space #2146, Arlington, TX 76015",32.6799519,-97.1291971,"['Japanese restaurant', 'Asian restaurant', 'Fast food restaurant', 'Restaurant', 'Sushi restaurant', 'Teppanyaki restaurant']",3.5,96,$,"[['Friday', '11AM–8PM'], ['Saturday', '11AM–8PM'], ['Sunday', '12–6PM'], ['Monday', '11AM–7PM'], ['Tuesday', '11AM–7PM'], ['Wednesday', '11AM–7PM'], ['Thursday', '11AM–7PM']]"
0x864c197589d38da7:0xdac69b0d290eb92c,sakura cafe,"sakura cafe, 1301 Custer Rd ste 200 unit 400, Plano, TX 75075",33.0181201,-96.73509349999999,"['Chinese restaurant', 'Diner', 'Japanese restaurant']",4.4,16,,"[['Thursday', '11AM–11PM'], ['Friday', '11AM–11PM'], ['Saturday', '11AM–11PM'], ['Sunday', '11AM–11PM'], ['Monday', '11AM–11PM'], ['Tuesday', '11AM–11PM'], ['Wednesday', '11AM–11PM']]"
0x864eeed1d3b0cee5:0x15ab0802e57392b,Hibachio,"Hibachio, 503 N Hwy 77, Waxahachie, TX 75165",32.4077,-96.8429317,['Japanese restaurant'],4.6,508,$$,"[['Thursday', '11AM–9PM'], ['Friday', '11AM–9:30PM'], ['Saturday', '11AM–9:30PM'], ['Sunday', '11AM–9PM'], ['Monday', '11AM–9PM'], ['Tuesday', '11AM–9PM'], ['Wednesday', '11AM–9PM']]"
0x864c19c4d87ec415:0xa771f39c29b97845,Mitsuwa's Degu Stations Japanese Food Hall,"Mitsuwa's Degu Stations Japanese Food Hall, Legacy Dr, Plano, TX 75023",33.0668174,-96.6934692,['Japanese restaurant'],4.5,8,,
0x864e73dd0ff6eb1f:0x60d012bc58790164,Zenna Thai & Japanese Restaurant,"Zenna Thai & Japanese Restaurant, 3001 Bledsoe St, Fort Worth, TX 76107",32.748148799999996,-97.36037619999999,"['Thai restaurant', 'Asian restaurant', 'Japanese restaurant']",4.1,277,,"[['Thursday', '4PM–12AM'], ['Friday', '4PM–12AM'], ['Saturday', '4PM–12AM'], ['Sunday', '4PM–12AM'], ['Monday', '4PM–12AM'], ['Tuesday', '4PM–12AM'], ['Wednesday', '4PM–12AM']]"
0x864c1b6dd2fb8c3b:0x481b1c6d5382c608,Tokyo Hayaci,"Tokyo Hayaci, 227 E Farm to Market Rd 544, Murphy, TX 75094",33.0119168,-96.6060054,"['Japanese restaurant', 'Asian restaurant', 'Sushi restaurant']",3.9,16,$$,"[['Thursday', '11AM–10PM'], ['Friday', '11AM–11PM'], ['Saturday', '11:30AM–11PM'], ['Sunday', '11:30AM–9:30PM'], ['Monday', '11AM–10PM'], ['Tuesday', '11AM–10PM'], ['Wednesday', '11AM–10PM']]"
0x865b4ab8bcbc9c9f:0xff9d62abd9254c65,Tokyo Restaurant,"Tokyo Restaurant, 3201 Bee Cave Rd, Austin, TX 78746",30.273128999999997,-97.7992737,"['Japanese restaurant', 'Asian restaurant', 'Japanese steakhouse', 'Sushi restaurant']",4.3,18,,"[['Wednesday', '11AM–10PM'], ['Thursday', '11AM–10PM'], ['Friday', '11AM–10PM'], ['Saturday', '11AM–10PM'], ['Sunday', '4–10PM'], ['Monday', '11AM–10PM'], ['Tuesday', '11AM–10PM']]"
0x864127380e50a5db:0xcad4912f94832c7,Cafe East,"Cafe East, 925S Mason Rd, Katy, TX 77450",29.7680746,-95.75115369999999,"['Cafe', 'American restaurant', 'Chinese restaurant', 'Japanese restaurant', 'Restaurant']",3.3,458,$,"[['Wednesday', '11AM–9:30PM'], ['Thursday', '11AM–9:30PM'], ['Friday', '11AM–10PM'], ['Saturday', '11AM–10PM'], ['Sunday', '11AM–9:30PM'], ['Monday', '11AM–9:30PM'], ['Tuesday', '11AM–9:30PM']]"
0x8640e5b27f6c7d13:0x2c280f2db7c0ddcd,Umami,"Umami, 18921 University Blvd #900, Sugar Land, TX 77479",29.5497236,-95.58237679999999,['Japanese restaurant'],4.6,29,,"[['Wednesday', '11AM–2:30PM'], ['Thursday', '11AM–2:30PM'], ['Friday', '11AM–2:30PM'], ['Saturday', '11AM–2:30PM'], ['Sunday', '11AM–2:30PM'], ['Monday', '11AM–2:30PM'], ['Tuesday', '11AM–2:30PM']]"
0x86472d28d9ea8e3f:0xfe76ff65c0207bde,Yokohamaya,"Yokohamaya, 14257 Farm to Market 2920 Suite 100, Tomball, TX 77377",30.0876731,-95.6394284,['Japanese restaurant'],4.6,18,,"[['Wednesday', '11AM–10PM'], ['Thursday', '11AM–10PM'], ['Friday', '11AM–10:30PM'], ['Saturday', '11AM–10:30PM'], ['Sunday', '11AM–9:30PM'], ['Monday', '11AM–10PM'], ['Tuesday', '11AM–10PM']]"
0x8638b57248befd59:0x73fb8114844a0897,Yamato steak House,"Texas, Liberty, TX-146, Yamato steak House邮政编码: 77575",30.074344999999997,-94.7727082,['Japanese restaurant'],5.0,5,,"[['Wednesday', '10AM–8PM'], ['Thursday', '10AM–8PM'], ['Friday', '10:30AM–9PM'], ['Saturday', '10:30AM–9PM'], ['Sunday', '10:30AM–8PM'], ['Monday', 'Closed'], ['Tuesday', '10AM–8PM']]"
0x86412761fa1a5511:0xce9a9574fc1ddd81,Shogun Japanese Grill Sushi & Bar,"Shogun Japanese Grill Sushi & Bar, 20702 Katy Fwy suite k, Katy, TX 77449, United States",29.786046199999998,-95.7304303,"['Japanese restaurant', 'Teppanyaki restaurant']",4.1,704,₩₩,"[['Wednesday', '11:15AM–9PM'], ['Thursday', '11:15AM–9PM'], ['Friday', '11:15AM–10PM'], ['Saturday', '11:15AM–10PM'], ['Sunday', '11:15AM–8:45PM'], ['Monday', '11:15AM–9PM'], ['Tuesday', '11:15AM–9PM']]"
0x865cf59f8bbe364f:0x4e58a41fd624f135,Osaka Japanese Steak & Sushi Bar,"Osaka Japanese Steak & Sushi Bar, 4902 Broadway, San Antonio, TX 78209, United States",29.471447299999998,-98.46281069999999,"['Japanese restaurant', 'Asian restaurant', 'Sushi restaurant']",4.1,884,₩₩,"[['Wednesday', '11AM–9PM'], ['Thursday', '11AM–9PM'], ['Friday', '11AM–9:30PM'], ['Saturday', '12–9:30PM'], ['Sunday', '12–9PM'], ['Monday', '11AM–9PM'], ['Tuesday', '11AM–9PM']]"
0x86ddf91332e6e4b5:0xb850fcdc8af707a4,Jun’s Ramen ＆ Sushi,"Jun’s Ramen ＆ Sushi, 7933 N Mesa St Suite R, El Paso, TX 79932",31.839284499999998,-106.5753926,"['Restaurant', 'Asian fusion restaurant', 'Japanese restaurant', 'Takeout Restaurant', 'Ramen restaurant', 'Sushi restaurant']",4.7,28,,"[['Tuesday', '11AM–9PM'], ['Wednesday', '11AM–9PM'], ['Thursday', '11AM–9PM'], ['Friday', '11AM–9:30PM'], ['Saturday', '11AM–9:30PM'], ['Sunday', '11AM–9:30PM'], ['Monday', '11AM–9PM']]"
0x8645418dc73f57f7:0x6777b4c13e18467f,Bell Tokyo,"Bell Tokyo, 502 E Central Ave, Belton, TX 76513",31.0553749,-97.4589905,['Japanese restaurant'],4.7,48,,"[['Tuesday', 'Closed'], ['Wednesday', '11:30AM–7PM'], ['Thursday', '11:30AM–7PM'], ['Friday', '11:30AM–7PM'], ['Saturday', '11:30AM–7PM'], ['Sunday', '11:30AM–3PM'], ['Monday', 'Closed']]"
0x865b2d80dd3e7e73:0x34070f72c1dc152,Umiya Cedar Park,"Umiya Cedar Park, 1540 Cypress Creek Road #113, Cedar Park, TX 78603, United States",30.478651,-97.832816,"['Sushi restaurant', 'Japanese restaurant', 'Korean restaurant']",4.3,328,₩₩,"[['Tuesday', '11AM–9PM'], ['Wednesday', '11AM–9PM'], ['Thursday', '11AM–9PM'], ['Friday', '11AM–9PM'], ['Saturday', '11AM–9PM'], ['Sunday', '4–9PM'], ['Monday', '11AM–9PM']]"
0x864c219f724cac25:0x38cf9fdda43c0f0,Bonchon Addison,"Bonchon Addison, 4980 Belt Line Rd Suite 140, Dallas, TX 75254",32.95364,-96.82673,"['Asian fusion restaurant', 'Asian restaurant', 'Chicken restaurant', 'Chicken wings restaurant', 'Fried chicken takeaway', 'Japanese restaurant', 'Korean restaurant', 'Pan-Asian restaurant']",3.7,78,,"[['Monday', '11AM–9PM'], ['Tuesday', '11AM–9PM'], ['Wednesday', '11AM–9PM'], ['Thursday', '11AM–9PM'], ['Friday', '11AM–10PM'], ['Saturday', '11AM–10PM'], ['Sunday', '11AM–9PM']]"
0x8640e1715b4b9343:0x3cd855872ad6e6a6,Fuji Sushi & Grill,"Fuji Sushi & Grill, 4828 Waterview Town Center Dr suit 900, Richmond, TX 77407",29.660352999999997,-95.7161589,"['Japanese restaurant', 'Asian restaurant']",4.8,98,,"[['Monday', '11AM–9:45PM'], ['Tuesday', '11AM–9:45PM'], ['Wednesday', '11AM–9:45PM'], ['Thursday', '11AM–9:45PM'], ['Friday', '11AM–10PM'], ['Saturday', '11:30AM–10PM'], ['Sunday', '11:30AM–9:45PM']]"
0x87014fd9f8f15015:0xc8679618bdbf219,Bangkok-Tokyo,"Bangkok-Tokyo, 2413 S Western St, Amarillo, TX 79109, United States",35.186130399999996,-101.8836042,"['Thai restaurant', 'Asian restaurant', 'Japanese restaurant', 'Southeast Asian restaurant', 'Sushi restaurant']",4.7,931,₩₩,"[['Monday', '11AM–8:30PM'], ['Tuesday', '11AM–8:30PM'], ['Wednesday', '11AM–8:30PM'], ['Thursday', '11AM–8:30PM'], ['Friday', '11AM–8:30PM'], ['Saturday', '12–8:30PM'], ['Sunday', 'Closed']]"
0x86473a8008b0b157:0x8b0b8e294b3f7df8,Sapporo Hibachi Express,"Sapporo Hibachi Express, 3600 Farm to Market Rd 1488, Conroe, TX 77384",30.228358,-95.5200301,['Japanese restaurant'],4.3,18,,"[['Sunday', 'Closed'], ['Monday', '11AM–9PM'], ['Tuesday', '11AM–9PM'], ['Wednesday', '11AM–9PM'], ['Thursday', '11AM–9PM'], ['Friday', '11AM–9PM'], ['Saturday', '11AM–9PM']]"
0x8644cc860bc44a49:0xf9b422f1b881262b,Fujiyama,"Fujiyama, 4815 W Braker Ln #580, Austin, TX 78759, United States",30.3999612,-97.7485243,"['Japanese steakhouse', 'Asian restaurant', 'Bar', 'Restaurant', 'Steak house', 'Sushi restaurant']",4.1,388,₩₩,"[['Sunday', '5–9:30PM'], ['Monday', '11:30AM–2:30PM'], ['Tuesday', '11:30AM–2:30PM'], ['Wednesday', '5–9:30PM'], ['Thursday', '11:30AM–2:30PM'], ['Friday', '11:30AM–2:30PM'], ['Saturday', '12–3PM']]"
0x864ea6820422bec9:0x2f1cfc2b7c1d9a18,Iron Chefs,"Iron Chefs, 3811 Pavillion Ct, Mesquite, TX 75150",32.8140472,-96.6273623,"['Restaurant', 'Asian restaurant', 'Bar', 'Japanese restaurant', 'Japanese steakhouse', 'Delivery Restaurant', 'Seafood restaurant', 'Sushi restaurant']",2.9,45,$$,"[['Sunday', '11AM–10PM'], ['Monday', '11AM–10PM'], ['Tuesday', '11AM–10PM'], ['Wednesday', '11AM–10PM'], ['Thursday', '11AM–10PM'], ['Friday', '11AM–11PM'], ['Saturday', '11AM–11PM']]"
0x8640c6a33468331f:0x87162141515fb61f,Tamashi,"Tamashi, 1106 Silber Rd d1, Houston, TX 77055, United States",29.78782,-95.467511,"['Japanese restaurant', 'Ramen restaurant', 'Restaurant']",4.5,918,₩₩,"[['Sunday', '12–9PM'], ['Monday', '11AM–9:30PM'], ['Tuesday', '11AM–9:30PM'], ['Wednesday', '11AM–9:30PM'], ['Thursday', '11AM–9:30PM'], ['Friday', '11AM–10PM'], ['Saturday', '12–10PM']]"
0x8644ca37a89867fb:0xcfc4fd9b29bb6972,Kura Revolving Sushi Bar,"Kura Revolving Sushi Bar, 6929 Airport Blvd Suite 125, Austin, TX 78752, United States",30.337421,-97.7171309,"['Conveyor belt sushi restaurant', 'Asian restaurant', 'Japanese restaurant', 'Restaurant', 'Sushi restaurant']",4.4,3939,₩₩,"[['Sunday', '10:30AM–10PM'], ['Monday', '11AM–10PM'], ['Tuesday', '11AM–10PM'], ['Wednesday', '11AM–10PM'], ['Thursday', '11AM–10PM'], ['Friday', '11AM–10PM'], ['Saturday', '10:30AM–10:30PM']]"
0x863442200a0cfba5:0xde1306b9fd227b91,Fuji Kim's Sushi & Grill,"Fuji Kim's Sushi & Grill, 2830 Richmond Rd, Texarkana, TX 75503, United States",33.4618877,-94.0908699,"['Sushi restaurant', 'Grill', 'Japanese restaurant']",4.6,538,₩₩,"[['Sunday', 'Closed'], ['Monday', 'Closed'], ['Tuesday', '11AM–2PM'], ['Wednesday', '11AM–2PM'], ['Thursday', '11AM–2PM'], ['Friday', '11AM–9PM'], ['Saturday', '11AM–9PM']]"
0x8640c127ba3a4871:0xda3a27a5d303e496,Click Virtual Food Hall,"Click Virtual Food Hall, 4901 Rose St, Houston, TX 77007",29.768795599999997,-95.4107475,"['Delivery Restaurant', 'Caterer', 'Delivery Chinese restaurant', 'Delivery service', 'Japanese restaurant', 'Pizza delivery', 'Restaurant', 'Taco restaurant']",4.8,38,,"[['Sunday', '10:30AM–10:30PM'], ['Monday', '10:30AM–10:30PM'], ['Tuesday', '10:30AM–10:30PM'], ['Wednesday', '10:30AM–10:30PM'], ['Thursday', '10:30AM–10:30PM'], ['Friday', '10:30AM–11:30PM'], ['Saturday', '10:30AM–11:30PM']]"
0x8644cb817a8c83bb:0x92ed4ca3db0d1cfd,Snow Ball Rice Ball,"Snow Ball Rice Ball, 6929 Airport Blvd, Austin, TX 78752",30.3368476,-97.7166211,['Japanese restaurant'],4.5,58,,"[['Saturday', '11AM–9:30PM'], ['Sunday', '11AM–9PM'], ['Monday', '11AM–9PM'], ['Tuesday', '11AM–9PM'], ['Wednesday', '11AM–9PM'], ['Thursday', '11AM–9PM'], ['Friday', '11AM–9:30PM']]"
0x8644b51f87d05073:0xd1951986ccb660f4,Ramen Tatsu-Ya,"Ramen Tatsu-Ya, 1234 S Lamar Blvd, Austin, TX 78704, United States",30.2539227,-97.76326639999999,"['Japanese restaurant', 'Ramen restaurant']",4.6,3448,₩₩,"[['Saturday', '11AM–10PM'], ['Sunday', '11AM–10PM'], ['Monday', '11AM–10PM'], ['Tuesday', '11AM–10PM'], ['Wednesday', '11AM–10PM'], ['Thursday', '11AM–10PM'], ['Friday', '11AM–10PM']]"
0x8644cb0f4bf7b95b:0x3046df37fa996214,Musashino Sushi Dokoro,"Musashino Sushi Dokoro, 2905 San Gabriel St Suite 200, Austin, TX 78705, United States",30.2979667,-97.7471444,"['Japanese restaurant', 'Bar']",4.5,468,₩₩₩,"[['Saturday', '5:30–10PM'], ['Sunday', '5:30–9:30PM'], ['Monday', 'Closed'], ['Tuesday', 'Closed'], ['Wednesday', '5:30–9:30PM'], ['Thursday', '5:30–9:30PM'], ['Friday', '5:30–10PM']]"
0x8644d1ed5390a1d9:0x1e1c2976b0a0e54e,Origami Japanese Cuisine,"Origami Japanese Cuisine, 110 N Interstate Hwy 35, Round Rock, TX 78681",30.508733,-97.6878514,"['Japanese restaurant', 'Asian restaurant', 'Seafood restaurant', 'Sushi restaurant']",4.6,28,,"[['Saturday', '11:30AM–10PM'], ['Sunday', 'Closed'], ['Monday', '11:30AM–2PM'], ['Tuesday', '11:30AM–2PM'], ['Wednesday', '11:30AM–2PM'], ['Thursday', '11:30AM–2PM'], ['Friday', '11:30AM–2PM']]"
0x864e7304c6402d37:0xc1a07745c652b7bc,Kintaro Ramen,"Kintaro Ramen, 2801 W 7th St, Fort Worth, TX 76107",32.7508504,-97.35667769999999,"['Japanese restaurant', 'Ramen restaurant']",4.4,58,,"[['Saturday', '11AM–10PM'], ['Sunday', '11AM–10PM'], ['Monday', '11AM–10PM'], ['Tuesday', '11AM–10PM'], ['Wednesday', '11AM–10PM'], ['Thursday', '11AM–10PM'], ['Friday', '11AM–10PM']]"
0x8651df78189577a7:0x97090430ba340a12,Miyako Restaurant,"Miyako Restaurant, 715 Autumn Ridge Dr, Granbury, TX 76048, United States",32.430316399999995,-97.7956296,['Japanese restaurant'],4.5,513,₩₩,"[['Saturday', '11AM–2:30PM'], ['Sunday', '11AM–2:30PM'], ['Monday', 'Closed'], ['Tuesday', '11AM–2:30PM'], ['Wednesday', '11AM–2:30PM'], ['Thursday', '11AM–2:30PM'], ['Friday', '11AM–2:30PM']]"
0x86e7449455cf3f7b:0x76b52eb89cadd46,Mirai Bowl,"Mirai Bowl, 1765 Lee Trevino Dr, El Paso, TX 79936, United States",31.7640012,-106.31953419999999,"['Japanese restaurant', 'Asian restaurant', 'Sushi restaurant']",4.0,200,₩,"[['Saturday', '12–6PM'], ['Sunday', 'Closed'], ['Monday', '11AM–9PM'], ['Tuesday', '11AM–9PM'], ['Wednesday', '11AM–9PM'], ['Thursday', '11AM–9PM'], ['Friday', '11AM–9PM']]"
0x864123860ad1f001:0x97cd33a53f1b96bb,Krazy Katsu & Udon,"Krazy Katsu & Udon, 4747 FM 1463 Suite 800, Katy, TX 77494",29.7231705,-95.845522,"['Katsudon restaurant', 'Japanese curry restaurant', 'Udon noodle restaurant']",4.7,44,,"[['Saturday', '11AM–9:30PM'], ['Sunday', '11AM–8PM'], ['Monday', '11AM–8PM'], ['Tuesday', '11AM–8PM'], ['Wednesday', '11AM–8PM'], ['Thursday', '11AM–9:30PM'], ['Friday', '11AM–9:30PM']]"
0x8640c05d63ecc21f:0x62409df4f9d06c9a,Kubo's Sushi Bar & Grill,"Kubo's Sushi Bar & Grill, 2414 University Blvd, Houston, TX 77005",29.7154077,-95.4161189,"['Sushi restaurant', 'Asian restaurant', 'Bar', 'Japanese restaurant']",3.6,28,$$,"[['Saturday', '12–10:30PM'], ['Sunday', '12–9PM'], ['Monday', '11:30AM–10PM'], ['Tuesday', '11:30AM–10PM'], ['Wednesday', '11:30AM–10PM'], ['Thursday', '11:30AM–10PM'], ['Friday', '11:30AM–11PM']]"
0x8644cbb00ec3d055:0x1f231d4f68cbafe7,Tatsumi Sushi,"Tatsumi Sushi, 2700 W Anderson Ln Suite #212, Austin, TX 78757",30.3585563,-97.73452019999999,"['Japanese restaurant', 'Sushi restaurant', 'Sushi takeaway']",4.9,96,,"[['Wednesday', '4–10PM'], ['Thursday', '4–10PM'], ['Friday', '4–11PM'], ['Saturday', '4–11PM'], ['Sunday', '4–10PM'], ['Monday', '4–10PM'], ['Tuesday', '4–10PM']]"
0x864c035379a1cf01:0x9efb02fd02cb8fd9,TOKYO HANA,"TOKYO HANA, 9900 Lakeview Pkwy, Rowlett, TX 75088",32.9209241,-96.50593459999999,"['Japanese steakhouse', 'Traditional restaurant']",4.5,149,,"[['Wednesday', '11AM–9:30PM'], ['Thursday', '11AM–9:30PM'], ['Friday', '11AM–10:30PM'], ['Saturday', '11:30AM–10:30PM'], ['Sunday', '11:30AM–9PM'], ['Monday', '11AM–9:30PM'], ['Tuesday', '11AM–9:30PM']]"
0x864e9fda9807ef29:0x9c550ac4bcf7696a,WAYA Japanese Izakaya,"WAYA Japanese Izakaya, 6334 Gaston Ave, Dallas, TX 75214",32.8131133,-96.7534506,"['Ramen restaurant', 'Japanese restaurant']",4.8,108,,"[['Wednesday', '5–9:30PM'], ['Thursday', '5–9:30PM'], ['Friday', '11:30AM–1:30PM'], ['Saturday', '11:30AM–1:30PM'], ['Sunday', '11:30AM–1:30PM'], ['Monday', 'Closed'], ['Tuesday', '5–9:30PM']]"
0x8644cb60c0fc96f5:0x74e08240b84cc43a,Sugar Pine,"Sugar Pine, 8578 Research Blvd, Austin, TX 78758, United States",30.361815,-97.717657,"['Japanese restaurant', 'Restaurant']",4.7,248,₩₩,"[['Wednesday', '12–9:30PM'], ['Thursday', '12–9:30PM'], ['Friday', '12–10PM'], ['Saturday', '12–10PM'], ['Sunday', '12–9:30PM'], ['Monday', 'Closed'], ['Tuesday', '12–9:30PM']]"
0x8640c147e50a9d07:0xc4bb040c9693119e,Uptown Sushi,"Uptown Sushi, 1131-14 Uptown Park Blvd, Houston, TX 77056, United States",29.755433099999998,-95.45642409999999,"['Sushi restaurant', 'Bar', 'Japanese restaurant']",4.4,358,₩₩,"[['Wednesday', '11AM–10PM'], ['Thursday', '11AM–10PM'], ['Friday', '11AM–11PM'], ['Saturday', '12–11PM'], ['Sunday', '5–10PM'], ['Monday', '11AM–10PM'], ['Tuesday', '11AM–10PM']]"
0x864e89b02c612d53:0x68c1613d98bab1a5,Oyshi - Sushi & Hibachi,"Oyshi - Sushi & Hibachi, 5220 TX-360 #100, Grand Prairie, TX 75052, United States",32.6464719,-97.0605271,"['Restaurant', 'Asian restaurant', 'Diner', 'Japanese restaurant', 'Lunch restaurant', 'Sushi restaurant', 'Sushi takeaway']",4.2,238,,"[['Wednesday', '11AM–10PM'], ['Thursday', '11AM–10PM'], ['Friday', '11AM–10:30PM'], ['Saturday', '11AM–10:30PM'], ['Sunday', '12–9:30PM'], ['Monday', 'Closed'], ['Tuesday', '11AM–10PM']]"
0x864e991865a2e32f:0x1dfd26eb0580885,Sushiya,"Sushiya, 1306 Elm St, Dallas, TX 75202, United States",32.780928599999996,-96.80094079999999,['Japanese restaurant'],4.7,508,₩₩,"[['Tuesday', '11AM–2PM'], ['Wednesday', '11AM–2PM'], ['Thursday', '11AM–2PM'], ['Friday', '11AM–2PM'], ['Saturday', '5–8:30PM'], ['Sunday', 'Closed'], ['Monday', '11AM–2PM']]"
0x8644cc7851f68615:0x202b8c9ca5ccdb49,How Do You Roll? Arbor Walk,"How Do You Roll? Arbor Walk, 10515 N. Mopac Expy., #125A, Austin, TX 78759",30.3887239,-97.7328557,"['Sushi restaurant', 'Asian restaurant', 'Japanese restaurant', 'Seafood restaurant', 'Vegan restaurant', 'Vegetarian restaurant']",4.2,28,$$,"[['Tuesday', '11AM–9PM'], ['Wednesday', '11AM–9PM'], ['Thursday', '11AM–9PM'], ['Friday', '11AM–9PM'], ['Saturday', '11AM–9PM'], ['Sunday', '11AM–9PM'], ['Monday', '11AM–9PM']]"
0x8640c3e69009db07:0x82e1f73256d89345,Ginza Japanese Restaurant,"Ginza Japanese Restaurant, 5868 San Felipe St, Houston, TX 77057",29.750390499999998,-95.4846261,['Japanese restaurant'],4.2,196,$$,"[['Tuesday', '11AM–2PM'], ['Wednesday', '11AM–2PM'], ['Thursday', '11AM–2PM'], ['Friday', '11AM–2PM'], ['Saturday', '5–10PM'], ['Sunday', 'Closed'], ['Monday', '11AM–2PM']]"
0x864c3cc0990b2879:0xc5c2dd8b5361bbe3,Wa Kubota,"Wa Kubota, 8448 Parkwood Blvd #700, Plano, TX 75024",33.0912119,-96.8132231,"['Authentic Japanese restaurant', 'Asian fusion restaurant', 'Asian restaurant', 'Seafood restaurant', 'Sushi restaurant']",4.5,167,$$,"[['Tuesday', '11AM–2PM'], ['Wednesday', '11AM–2PM'], ['Thursday', '11AM–2PM'], ['Friday', '11AM–2PM'], ['Saturday', '5–9:30PM'], ['Sunday', 'Closed'], ['Monday', '11AM–2PM']]"
0x864c24872ec67127:0x291fe56d26c4adee,Nemo Sushi,"Nemo Sushi, 6505 W Park Blvd #336, Plano, TX 75093",33.027813,-96.840677,"['Japanese restaurant', 'Sushi restaurant']",4.9,14,,"[['Tuesday', '11:30AM–9PM'], ['Wednesday', '11:30AM–9PM'], ['Thursday', '11:30AM–9PM'], ['Friday', '11:30AM–9PM'], ['Saturday', '11:30AM–9PM'], ['Sunday', 'Closed'], ['Monday', '11:30AM–9PM']]"
0x864dd5663e11dd69:0xebc47d683d81af28,Sushi Sakana Southlake,"Sushi Sakana Southlake, 2175 E Southlake Blvd #170, Southlake, TX 76092",32.9403533,-97.1188888,"['Japanese restaurant', 'Asian fusion restaurant']",4.7,48,$$,"[['Monday', '11AM–10PM'], ['Tuesday', '11AM–10PM'], ['Wednesday', '11AM–10PM'], ['Thursday', '11AM–10PM'], ['Friday', '11AM–11PM'], ['Saturday', '11AM–11PM'], ['Sunday', '12–10PM']]"
0x8651b1b8a7270df9:0x9f1a9aa3622c5290,Crazy Thai Cuisine,"Crazy Thai Cuisine, 2101 W Washington St #105, Stephenville, TX 76401",32.2104955,-98.22486339999999,"['Thai restaurant', 'Asian restaurant', 'Dumpling restaurant', 'Indian restaurant', 'Japanese steakhouse', 'Ramen restaurant', 'Rice restaurant', 'Tempura restaurant', 'Udon noodle restaurant']",4.1,93,,"[['Monday', '11AM–2:30PM'], ['Tuesday', '11AM–2:30PM'], ['Wednesday', '11AM–2:30PM'], ['Thursday', '11AM–2:30PM'], ['Friday', '11AM–2:30PM'], ['Saturday', '11AM–10PM'], ['Sunday', '11AM–9:30PM']]"
0x864c18d424701967:0x8ce198be44709648,Tasty House,"Tasty House, 2901 N Central Expy #109, Plano, TX 75075",33.0365087,-96.70618929999999,"['Japanese restaurant', 'Ramen restaurant', 'Sushi restaurant']",4.2,68,,"[['Monday', '11AM–9:30PM'], ['Tuesday', '11AM–9:30PM'], ['Wednesday', '11AM–9:30PM'], ['Thursday', '11AM–9:30PM'], ['Friday', '11AM–9:30PM'], ['Saturday', '11AM–9:30PM'], ['Sunday', '11AM–9:30PM']]"
0x8640d12e8fc3adb1:0xca570767994e2af5,Ye's Ichiban Steakhouse and Sushi,"Ye's Ichiban Steakhouse and Sushi, 15420 Farm to Market Rd 529, Houston, TX 77095",29.88029,-95.6410389,['Authentic Japanese restaurant'],4.5,78,,"[['Monday', '11AM–10PM'], ['Tuesday', '11AM–10PM'], ['Wednesday', '11AM–10PM'], ['Thursday', '11AM–10PM'], ['Friday', '11AM–11PM'], ['Saturday', '11:30AM–11PM'], ['Sunday', '11:30AM–10PM']]"
0x8647350960e1c7eb:0xbd565f71f3862038,komeya sushi & ramen,"komeya sushi & ramen, 25114 Grogans Mill Rd STE A, Spring, TX 77380",30.1284338,-95.45523229999999,"['Japanese restaurant', 'Ramen restaurant', 'Sushi restaurant']",4.7,118,,"[['Monday', '11AM–9:30PM'], ['Tuesday', '11AM–9:30PM'], ['Wednesday', '11AM–9:30PM'], ['Thursday', '11AM–9:30PM'], ['Friday', '11AM–10:30PM'], ['Saturday', '11AM–10:30PM'], ['Sunday', '12–9:30PM']]"
0x8644cb972475a49d:0x22d2d6f08832a25d,Blu Ocean Poke & Ice Cream,"Blu Ocean Poke & Ice Cream, 9070 Research Blvd #104, Austin, TX 78758",30.3731677,-97.72852309999999,"['Ice cream shop', 'Japanese restaurant', 'Ramen restaurant']",4.3,108,,"[['Monday', '11AM–9PM'], ['Tuesday', '11AM–9PM'], ['Wednesday', '11AM–9PM'], ['Thursday', '11AM–9PM'], ['Friday', '11AM–9PM'], ['Saturday', '11AM–9PM'], ['Sunday', '11AM–9PM']]"
0x864e8231158f7f4d:0x6d211650ab4137d7,Hanasho Japanese Restaurant,"Hanasho Japanese Restaurant, 2938 N Belt Line Rd, Irving, TX 75062",32.8466109,-96.99127849999999,"['Japanese restaurant', 'Restaurant']",4.4,135,$$,"[['Monday', '11:30AM–2PM'], ['Tuesday', '11:30AM–2PM'], ['Wednesday', '11:30AM–2PM'], ['Thursday', '11:30AM–2PM'], ['Friday', '11:30AM–2PM'], ['Saturday', '5:30–10PM'], ['Sunday', '5:30–9:30PM']]"
0x864c1984d692b723:0x623db83054aa3800,MATsui,"MATsui, 100 Legacy Dr, Plano, TX 75023",33.066867099999996,-96.69350709999999,['Japanese restaurant'],4.1,18,,"[['Monday', '11AM–6PM'], ['Tuesday', '11AM–7PM'], ['Wednesday', '11AM–7PM'], ['Thursday', '11AM–7PM'], ['Friday', '11AM–8PM'], ['Saturday', '11AM–8PM'], ['Sunday', '11AM–7PM']]"
0x8640d9f55951b8b7:0x1a7a1317b18919fb,Iron Chef Sushi,"Iron Chef Sushi, 4025 Hwy 6, Houston, TX 77084",29.831588999999997,-95.64608799999999,"['Sushi restaurant', 'Japanese restaurant', 'Restaurant']",3.9,7,$$,
0x8640c3fe716125cd:0x6b2886ce29621716,Osaka Japanese Restaurant,"Osaka Japanese Restaurant, 5709 Woodway Dr B, Houston, TX 77057",29.7629324,-95.47937859999999,"['Japanese restaurant', 'Restaurant']",3.8,38,$$,"[['Sunday', '11:30AM–10PM'], ['Monday', '11AM–10PM'], ['Tuesday', '11AM–10PM'], ['Wednesday', '11AM–10PM'], ['Thursday', '11AM–10PM'], ['Friday', '11AM–10:30PM'], ['Saturday', '11AM–10:30PM']]"
0x864c112bbd018da7:0x3bd2c6a7048a9531,The Blue Fish Stacy Rd.,"The Blue Fish Stacy Rd., 829 W Stacy Rd Bldg A Suite 130, Allen, TX 75013",33.1292991,-96.6625289,"['Sushi restaurant', 'Asian restaurant', 'Japanese restaurant']",4.3,78,,"[['Sunday', '12–9PM'], ['Monday', '11AM–2PM'], ['Tuesday', '11AM–2PM'], ['Wednesday', '11AM–2PM'], ['Thursday', '11AM–2PM'], ['Friday', '11AM–2PM'], ['Saturday', '12–10PM']]"
0x8640e7b3d03cba17:0x13a97a3fd4b07a0,The Blue Fish,"The Blue Fish, 16535 Southwest Fwy Ste. 2510, Sugar Land, TX 77479",29.592616999999997,-95.6235592,"['Sushi restaurant', 'Asian restaurant', 'Japanese restaurant']",4.3,68,$$,"[['Sunday', '12–9:30PM'], ['Monday', '11:30AM–2:30PM'], ['Tuesday', '11:30AM–2:30PM'], ['Wednesday', '11:30AM–2:30PM'], ['Thursday', '11:30AM–2:30PM'], ['Friday', '11:30AM–2:30PM'], ['Saturday', '12–10:30PM']]"
0x8665a1ad1f02475b:0x5b75fb0e644c2416,Lin's Express,"Lin's Express, 3908 N McColl Rd, McAllen, TX 78501",26.236336299999998,-98.20636809999999,"['Restaurant', 'Asian fusion restaurant', 'Chinese restaurant', 'Japanese restaurant', 'Takeout Restaurant', 'Traditional restaurant']",4.3,108,,"[['Sunday', '10:30AM–9PM'], ['Monday', '10:30AM–9:30PM'], ['Tuesday', '10:30AM–9:30PM'], ['Wednesday', '10:30AM–9:30PM'], ['Thursday', '10:30AM–9:30PM'], ['Friday', '10:30AM–9:30PM'], ['Saturday', '10:30AM–9:30PM']]"
0x87ab5354f2e828a5:0xc3a9478fd575afe7,Sakura Tokyo Japanese Steakouse,"Sakura Tokyo Japanese Steakouse, 1601 US-183, Vernon, TX 76384",34.1589647,-99.282645,"['Restaurant', 'Japanese steakhouse']",4.4,28,,"[['Sunday', '11AM–2:30PM'], ['Monday', 'Closed'], ['Tuesday', '11AM–2:30PM'], ['Wednesday', '11AM–2:30PM'], ['Thursday', '11AM–2:30PM'], ['Friday', '11AM–2:30PM'], ['Saturday', '11AM–2:30PM']]"
0x864e9931ba94a3e3:0xbbd7f18596117fac,Nikkei,"Nikkei, 2404 Cedar Springs Rd #400, Dallas, TX 75201",32.7964771,-96.8048546,"['Japanese restaurant', 'Asian fusion restaurant', 'Peruvian restaurant']",3.7,45,$$,"[['Sunday', 'Closed'], ['Monday', 'Closed'], ['Tuesday', 'Closed'], ['Wednesday', 'Closed'], ['Thursday', 'Closed'], ['Friday', '9PM–2AM'], ['Saturday', '9PM–2AM']]"
0x86474dc05ad519ad:0xb63b3076c907042f,Nukumi,"Nukumi, 20045 Northpark Dr Suite 400, Kingwood, TX 77339",30.0698658,-95.2523691,['Japanese steakhouse'],3.8,73,,"[['Sunday', '11AM–10PM'], ['Monday', '11AM–3PM'], ['Tuesday', '11AM–3PM'], ['Wednesday', '11AM–3PM'], ['Thursday', '11AM–3PM'], ['Friday', '11AM–11PM'], ['Saturday', '11AM–11PM']]"
0x864c267a01654acd:0x805500ff87a20a0f,Chou Cho Sushi,"Chou Cho Sushi, 2150 N Josey Ln #322, Carrollton, TX 75006",32.9744216,-96.8879121,"['Japanese restaurant', 'Asian restaurant', 'Sushi restaurant']",4.3,108,$$,"[['Saturday', '12–3PM'], ['Sunday', 'Closed'], ['Monday', '11AM–2:30PM'], ['Tuesday', '11AM–2:30PM'], ['Wednesday', '11AM–2:30PM'], ['Thursday', '11AM–2:30PM'], ['Friday', '11AM–2:30PM']]"
0x864e993eb72d9599:0x8476cd77f77f1eeb,Kenichi,"Kenichi, 2400 Victory Park Ln, Dallas, TX 75219",32.787517,-96.809101,"['Restaurant', 'Asian restaurant', 'Bar', 'Event venue', 'Japanese restaurant', 'Sushi restaurant']",3.8,56,$$$,"[['Saturday', '5PM–12AM'], ['Sunday', '5–11PM'], ['Monday', '5–11PM'], ['Tuesday', '5–11PM'], ['Wednesday', '5–11PM'], ['Thursday', '5–11PM'], ['Friday', '5PM–12AM']]"
0x8647315fb3534a5b:0x8433ce7b04a036a4,Sapporo Izakaya Woodlands,"Sapporo Izakaya Woodlands, 4775 W Panther Creek Dr #430, The Woodlands, TX 77381",30.167879499999998,-95.5034842,['Japanese restaurant'],4.7,64,,"[['Saturday', '11AM–10PM'], ['Sunday', '11AM–9:15PM'], ['Monday', '11AM–9:15PM'], ['Tuesday', '11AM–9:15PM'], ['Wednesday', '11AM–9:15PM'], ['Thursday', '11AM–9:15PM'], ['Friday', '11AM–10PM']]"
0x8640e6bedbf0af31:0x32f12a41d6a68d95,Ichiban Sushi & Tapioca,"Ichiban Sushi & Tapioca, 16200 Kensington Dr, Sugar Land, TX 77479",29.598489599999997,-95.62726029999999,"['Japanese restaurant', 'Asian fusion restaurant', 'Asian restaurant', 'Restaurant', 'Sushi restaurant', 'Vegetarian restaurant']",4.6,248,$,"[['Saturday', '11AM–9PM'], ['Sunday', '11:30AM–9PM'], ['Monday', '11AM–9PM'], ['Tuesday', 'Closed'], ['Wednesday', '11AM–9PM'], ['Thursday', '11AM–9PM'], ['Friday', '11AM–9PM']]"
0x864e78e9ece19573:0x1ee055ec0e1e09f8,Japanese Grill & Sushi,"Japanese Grill & Sushi, 8427 Boulevard 26, Richland Hills, TX 76180",32.8442466,-97.2020172,['Japanese restaurant'],4.4,78,$$,"[['Saturday', '12–10:30PM'], ['Sunday', '12–9PM'], ['Monday', 'Closed'], ['Tuesday', '11AM–10PM'], ['Wednesday', '11AM–10PM'], ['Thursday', '11AM–10PM'], ['Friday', '11AM–10:30PM']]"
0x8644b5a67455ed3b:0xbbaf72e5f780070c,Geisha,"Geisha, 616 E 6th St, Austin, TX 78701",30.266501199999997,-97.7363917,['Japanese restaurant'],4.1,38,$$,"[['Saturday', '1PM–12AM'], ['Sunday', 'Closed'], ['Monday', '11AM–10PM'], ['Tuesday', '11AM–10PM'], ['Wednesday', '11AM–10PM'], ['Thursday', '11AM–10PM'], ['Friday', '11AM–12AM']]"
0x86fe72faf3c05881:0x4f48a61c42087faf,Little Tokyo,"Little Tokyo, 6002 Slide Rd, Lubbock, TX 79414",33.5393605,-101.92583619999999,['Japanese restaurant'],4.5,24,,"[['Saturday', '11AM–7PM'], ['Sunday', '12–6PM'], ['Monday', '11AM–7PM'], ['Tuesday', '11AM–7PM'], ['Wednesday', '11AM–7PM'], ['Thursday', '11AM–7PM'], ['Friday', '11AM–7PM']]"
0x8640e780383e478d:0xea5240c13f36d721,Osho,"Osho, 3699 Hwy 6, Sugar Land, TX 77478",29.5902662,-95.59662499999999,['Japanese restaurant'],5.0,7,,"[['Saturday', '11AM–8PM'], ['Sunday', 'Closed'], ['Monday', '11AM–8PM'], ['Tuesday', '11AM–8PM'], ['Wednesday', '11AM–8PM'], ['Thursday', '11AM–8PM'], ['Friday', '11AM–8PM']]"
0x864127d3fec1a00d:0x1101e2424ea1bb3f,Samurai Noodle - Katy,"Samurai Noodle - Katy, 24025 Katy Fwy Suite L, Katy, TX 77494",29.7844406,-95.7876275,"['Ramen restaurant', 'Japanese restaurant', 'Noodle shop', 'Restaurant', 'Soup restaurant']",4.6,178,$$,"[['Saturday', '12–8PM'], ['Sunday', '12–8PM'], ['Monday', '11:30AM–8PM'], ['Tuesday', '11:30AM–8PM'], ['Wednesday', 'Closed'], ['Thursday', '11:30AM–8PM'], ['Friday', '11:30AM–8PM']]"
0x864c3df8d4cf3f5d:0x96dde6958210a956,Chef Chin's Hibachi Ramen,"Chef Chin's Hibachi Ramen, 7800 Windrose Ave. #17, Plano, TX 75024",33.083270999999996,-96.8258046,['Japanese restaurant'],4.1,28,,"[['Saturday', '11AM–12AM'], ['Sunday', '11AM–9PM'], ['Monday', '11AM–9PM'], ['Tuesday', '11AM–9PM'], ['Wednesday', '11AM–9PM'], ['Thursday', '11AM–10PM'], ['Friday', '11AM–12AM']]"
0x864c0272bcd2d419:0x27f37867e9c4e919,Sushi Go,"Sushi Go, 8809 Lakeview Pkwy #124, Rowlett, TX 75088",32.919899099999995,-96.515517,['Japanese restaurant'],4.3,158,$,"[['Saturday', '11AM–9:30PM'], ['Sunday', '11AM–9:30PM'], ['Monday', '11AM–9:30PM'], ['Tuesday', '11AM–9:30PM'], ['Wednesday', '11AM–9:30PM'], ['Thursday', '11AM–9:30PM'], ['Friday', '11AM–9:30PM']]"
0x8640d7f7574772d1:0x45a6c9a0e47e1eb5,Oji Poke Bowl,"Oji Poke Bowl, 5803 N Fry Rd #103, Katy, TX 77449",29.8555988,-95.7191766,['Japanese restaurant'],4.7,48,,"[['Saturday', '11AM–10PM'], ['Sunday', '11AM–9:30PM'], ['Monday', '11AM–9:30PM'], ['Tuesday', 'Closed'], ['Wednesday', '11AM–9:30PM'], ['Thursday', '11AM–9:30PM'], ['Friday', '11AM–10PM']]"
0x8644ca8781999ced:0xf27f9b06f5dc81d5,Banzai,"Banzai, 3914 N Lamar Blvd, Austin, TX 78756",30.307382999999998,-97.74219199999999,['Japanese restaurant'],4.0,154,$$,"[['Saturday', '11AM–9:30PM'], ['Sunday', '11AM–9PM'], ['Monday', '11AM–9:30PM'], ['Tuesday', '11AM–9:30PM'], ['Wednesday', '11AM–9:30PM'], ['Thursday', '11AM–9:30PM'], ['Friday', '11AM–9:30PM']]"
0x8644cd2d57dbe79d:0xdc62da8c3ea923e1,Pei Wei Asian Diner,"Pei Wei Asian Diner, 13429 N Hwy 183, Anderson Arbors Shopping Center, Austin, TX 78750",30.4473657,-97.78893269999999,"['Restaurant', 'Asian fusion restaurant', 'Asian restaurant', 'Caterer', 'Chinese restaurant', 'Delivery Chinese restaurant', 'Japanese restaurant', 'Korean restaurant', 'Thai restaurant']",3.5,245,$$,"[['Friday', '11AM–10PM'], ['Saturday', '11AM–10PM'], ['Sunday', '11AM–9PM'], ['Monday', '11AM–9PM'], ['Tuesday', '11AM–9PM'], ['Wednesday', '11AM–9PM'], ['Thursday', '11AM–9PM']]"
0x864e75c4c6143665:0x1ad40b8d816e884a,Mulan Japanese Kitchen,"Mulan Japanese Kitchen, 6548 Lake Worth Blvd Suite 200, Lake Worth, TX 76135",32.812296499999995,-97.42957439999999,['Japanese restaurant'],4.5,88,,"[['Friday', '11AM–10PM'], ['Saturday', '11AM–10PM'], ['Sunday', '11AM–9PM'], ['Monday', '11AM–9PM'], ['Tuesday', '11AM–9PM'], ['Wednesday', '11AM–9PM'], ['Thursday', '11AM–9PM']]"
0x8645af0e0fe04905:0xf58208dd57cd32f6,Hayashi Chinese Japanese Restaurant,"Hayashi Chinese Japanese Restaurant, 1607 N Travis Ave, Cameron, TX 76520",30.862618299999998,-96.9735759,['Japanese restaurant'],4.5,78,,"[['Friday', '10:30AM–9PM'], ['Saturday', 'Closed'], ['Sunday', '10:30AM–9PM'], ['Monday', '10:30AM–9PM'], ['Tuesday', '10:30AM–9PM'], ['Wednesday', '10:30AM–9PM'], ['Thursday', '10:30AM–9PM']]"
0x8640c79a00c02231:0x62c3ac7e16e0945a,Rakkan Ramen,"Rakkan Ramen, 600 N Shepherd Dr Suite 515, Houston, TX 77007",29.783001,-95.4078601,"['Ramen restaurant', 'Japanese restaurant', 'Noodle shop', 'Restaurant']",4.8,33,,"[['Friday', '11AM–11PM'], ['Saturday', '11AM–11PM'], ['Sunday', '11AM–10PM'], ['Monday', '11AM–10PM'], ['Tuesday', '11AM–10PM'], ['Wednesday', '11AM–10PM'], ['Thursday', '11AM–10PM']]"
0x864e9f83443ceee9:0x38fc802bc2833ba4,Marugame Udon,"Marugame Udon, 5500 Greenville Ave Suite 1102, Dallas, TX 75206",32.855088099999996,-96.7686296,"['Udon noodle restaurant', 'Authentic Japanese restaurant', 'Japanese restaurant', 'Noodle shop', 'Sandwich shop']",4.8,108,$,"[['Friday', '11AM–9PM'], ['Saturday', '11AM–9PM'], ['Sunday', '11AM–9PM'], ['Monday', '11AM–9PM'], ['Tuesday', '11AM–9PM'], ['Wednesday', '11AM–9PM'], ['Thursday', '11AM–9PM']]"
0x8640d1f980ce2945:0x39b4f68f6700d239,Taipei Chinese Restaurant & Sushi Bar,"Taipei Chinese Restaurant & Sushi Bar, 5419 FM 1960, Houston, TX 77066",29.9785316,-95.51029129999999,"['Chinese restaurant', 'Asian restaurant', 'Japanese restaurant', 'Restaurant', 'Sushi restaurant']",4.6,8,$$,"[['Friday', '11AM–10PM'], ['Saturday', '11AM–10PM'], ['Sunday', '11AM–9:30PM'], ['Monday', '11AM–9:30PM'], ['Tuesday', '11AM–9:30PM'], ['Wednesday', '11AM–9:30PM'], ['Thursday', '11AM–9:30PM']]"
0x866121f260a9baf1:0x9903a92a3297f7ab,Hokkaido sushi,"Hokkaido sushi, 7511 McPherson Rd #3A, Laredo, TX 78041",27.571848499999998,-99.4721735,['Japanese restaurant'],4.8,78,,"[['Friday', '11AM–11PM'], ['Saturday', '11AM–11PM'], ['Sunday', '11AM–11PM'], ['Monday', 'Closed'], ['Tuesday', '11AM–11PM'], ['Wednesday', '11AM–11PM'], ['Thursday', '11AM–11PM']]"
0x864eaa401c1d4bab:0x33a853fee408c623,Basil Cafe Asian Cuisine,"Basil Cafe Asian Cuisine, 2927 Ridge Rd Ste 105, Rockwall, TX 75032",32.889421899999995,-96.4699026,"['Asian fusion restaurant', 'Asian restaurant', 'Japanese restaurant', 'Takeout Restaurant', 'Thai restaurant']",4.6,118,,
0x8640c7dbe45607e7:0x8c6e3a8df3c0664b,Tamashi,"Tamashi, 1214 W 43rd St Ste 500, Houston, TX 77018",29.8292237,-95.43081869999999,"['Restaurant', 'Japanese restaurant']",4.6,208,$$,"[['Friday', '11AM–9:30PM'], ['Saturday', '12–10PM'], ['Sunday', '12–9PM'], ['Monday', '11AM–9:30PM'], ['Tuesday', '11AM–9:30PM'], ['Wednesday', '11AM–9:30PM'], ['Thursday', '11AM–9:30PM']]"
0x8640d3b1fd3674a7:0xa1c635d452ed5e46,Taisho Steak & Sushi,"Taisho Steak & Sushi, 12215 Grant Rd, Cypress, TX 77429",29.981380599999998,-95.6096946,"['Japanese restaurant', 'Asian restaurant', 'Seafood restaurant', 'Sushi restaurant']",3.7,37,$$,"[['Friday', '11AM–10:30PM'], ['Saturday', '11AM–10:30PM'], ['Sunday', '11:30AM–9:30PM'], ['Monday', '11AM–10PM'], ['Tuesday', '11AM–10PM'], ['Wednesday', '11AM–10PM'], ['Thursday', '11AM–10PM']]"
0x864e7387b9a07349:0xe91bb5eadd026876,The Blue Fish West 7th,"The Blue Fish West 7th, 2932 Crockett St, Fort Worth, TX 76107",32.7502721,-97.35912959999999,"['Sushi restaurant', 'Asian restaurant', 'Japanese restaurant', 'Sushi takeaway']",4.5,36,,"[['Friday', '11AM–10PM'], ['Saturday', '12–10PM'], ['Sunday', '12–9PM'], ['Monday', 'Closed'], ['Tuesday', '4:30–9PM'], ['Wednesday', '4:30–9PM'], ['Thursday', '4:30–9PM']]"
0x8640dccb9f7210f3:0x1c48984eceb9a2a3,Toro Japanese Steak House & Sushi Bar,"Toro Japanese Steak House & Sushi Bar, 10694 Westheimer Rd, Houston, TX 77042",29.737287,-95.56455799999999,['Japanese restaurant'],4.4,136,$$,"[['Thursday', '11AM–10PM'], ['Friday', '11AM–10:30PM'], ['Saturday', '12–10:30PM'], ['Sunday', '4–10PM'], ['Monday', '11AM–10PM'], ['Tuesday', '11AM–10PM'], ['Wednesday', '11AM–10PM']]"
0x87ab5356e9a6fc13:0x15043f15c99b145,Toro Japanese Restaurant,"Toro Japanese Restaurant, 3108 US-287 W, Vernon, TX 76384",34.1613873,-99.30083169999999,"['Japanese restaurant', 'Sushi restaurant', 'Sushi takeaway']",4.6,84,,"[['Thursday', '11AM–2:30PM'], ['Friday', '11AM–2:30PM'], ['Saturday', '11AM–2:30PM'], ['Sunday', '11AM–2:30PM'], ['Monday', 'Closed'], ['Tuesday', '11AM–2:30PM'], ['Wednesday', '11AM–2:30PM']]"
0x866120578fbf1e5f:0x171a96b12ce324e0,Chopsticks,"Chopsticks, 313 W Village Blvd #110, Laredo, TX 78041",27.5634449,-99.5020959,"['Japanese restaurant', 'Delivery Restaurant', 'Restaurant']",4.6,166,$$,"[['Thursday', '11AM–10PM'], ['Friday', '11AM–10PM'], ['Saturday', '11AM–10PM'], ['Sunday', '12–9PM'], ['Monday', '11AM–10PM'], ['Tuesday', '11AM–10PM'], ['Wednesday', '11AM–10PM']]"
0x8640bf4b92da52a5:0xef337efaa323347a,Kukuri,"Kukuri, 1902 Washington Ave C, Houston, TX 77007",29.768199499999998,-95.3774617,"['Japanese restaurant', 'Restaurant']",4.2,29,$$$$,"[['Thursday', '5:30–11:30PM'], ['Friday', '5:30–11:30PM'], ['Saturday', '5:30–11:30PM'], ['Sunday', '5:30–10:30PM'], ['Monday', '5:30–10:30PM'], ['Tuesday', '5:30–10:30PM'], ['Wednesday', '5:30–10:30PM']]"
0x8640dbdf9801a4d5:0x4ba981ac1ee91b88,Umami Sushi,"Umami Sushi, 1029 Hwy 6, Houston, TX 77079",29.787174,-95.6455993,"['Sushi restaurant', 'Japanese restaurant', 'Korean restaurant']",4.2,114,$$,"[['Thursday', '11AM–10PM'], ['Friday', '11AM–10PM'], ['Saturday', '11AM–10PM'], ['Sunday', '11AM–10PM'], ['Monday', '11AM–10PM'], ['Tuesday', '11AM–10PM'], ['Wednesday', '11AM–10PM']]"
0x864e9f482d594e4b:0x5531e13973c084ba,Teppo Yakitori - Sushi Bar,"Teppo Yakitori - Sushi Bar, 2014 Greenville Ave, Dallas, TX 75206",32.8144531,-96.76989669999999,"['Japanese restaurant', 'Yakitori restaurant']",4.0,218,$$$,"[['Thursday', '5:30–10PM'], ['Friday', '5:30–10PM'], ['Saturday', '5:30–10PM'], ['Sunday', 'Closed'], ['Monday', 'Closed'], ['Tuesday', '5:30–10PM'], ['Wednesday', '5:30–10PM']]"
0x86e757680ff6e33d:0x63be729c6aa11215,NoMi,"NoMi, 6127 N Mesa St Ste E, El Paso, TX 79912",31.830758799999998,-106.53225479999999,['Japanese restaurant'],4.6,78,,"[['Thursday', '12–8PM'], ['Friday', '12–9PM'], ['Saturday', '12–9PM'], ['Sunday', '12–8:30PM'], ['Monday', '12–8PM'], ['Tuesday', '12–8PM'], ['Wednesday', '12–8PM']]"
0x8640c32ee8839cb1:0xdabb8264e96224e5,Nabemono King Flavor,"Nabemono King Flavor, 9968 Bellaire Blvd #230b, Houston, TX 77036",29.706124499999998,-95.5549661,"['Hot pot restaurant', 'Chinese restaurant', 'Japanese restaurant']",4.0,8,,"[['Thursday', '11:30AM–9:30PM'], ['Friday', '11:30AM–9:30PM'], ['Saturday', '11:30AM–9:30PM'], ['Sunday', 'Closed'], ['Monday', '11:30AM–9:30PM'], ['Tuesday', 'Closed'], ['Wednesday', '11:30AM–9:30PM']]"
0x864c3dd618ae8025:0xca23030569720fc1,Minato Ramen and Izakaya,"75024 Texas, Plano, Preston Rd, Minato Ramen and Izakaya",33.088923199999996,-96.804295,"['Ramen restaurant', 'Japanese restaurant', 'Lunch restaurant', 'Restaurant']",4.4,138,,"[['Thursday', '11AM–2:30PM'], ['Friday', '11AM–2:30PM'], ['Saturday', '11:30AM–3PM'], ['Sunday', '11:30AM–3PM'], ['Monday', '11AM–2:30PM'], ['Tuesday', '11AM–2:30PM'], ['Wednesday', '11AM–2:30PM']]"
0x865c653b5ded8f57:0xc0606df2315dcf58,Bakudan Ramen,"Bakudan Ramen, 17619 La Cantera Pkwy #208, San Antonio, TX 78257",29.610294999999997,-98.59837499999999,['Japanese restaurant'],4.6,17,,"[['Thursday', '11AM–8:30PM'], ['Friday', '11AM–9PM'], ['Saturday', '11AM–9:30PM'], ['Sunday', '11AM–8PM'], ['Monday', '11AM–8:30PM'], ['Tuesday', '11AM–8:30PM'], ['Wednesday', '11AM–8:30PM']]"
0x864e71f52cc85e4b:0x4fbd111f5456241a,Bowl Express,"Bowl Express, 2105 W Berry St, Fort Worth, TX 76110",32.705872,-97.349548,"['Chinese restaurant', 'Asian restaurant', 'Japanese restaurant', 'Delivery Restaurant']",4.0,158,$,"[['Thursday', '11AM–10PM'], ['Friday', '11AM–10PM'], ['Saturday', '11AM–10PM'], ['Sunday', '11AM–10PM'], ['Monday', '11AM–10PM'], ['Tuesday', '11AM–10PM'], ['Wednesday', '11AM–10PM']]"
0x864dd6e6bf36faf3:0xf069902ee9aa29b9,Yokohama Hibachi & Sushi,"Yokohama Hibachi & Sushi, 1600 Keller Pkwy, Keller, TX 76248",32.9337677,-97.2157994,['Japanese steakhouse'],4.4,173,$$,"[['Thursday', '5–9:30PM'], ['Friday', '5–10PM'], ['Saturday', '5–10PM'], ['Sunday', '5–9PM'], ['Monday', '5–9:30PM'], ['Tuesday', '5–9:30PM'], ['Wednesday', '5–9:30PM']]"
0x8640e674d384349f:0x4d145c8de5aa9d4,Oba,"Oba, 4645 Hwy 6 C, Sugar Land, TX 77478",29.5823078,-95.5830704,['Japanese restaurant'],4.6,127,$$,"[['Thursday', '12–9:30PM'], ['Friday', '12–10PM'], ['Saturday', '12–10PM'], ['Sunday', '12–9:30PM'], ['Monday', '12–9:30PM'], ['Tuesday', '12–9:30PM'], ['Wednesday', '12–9:30PM']]"
0x8644cb2c4d2df40b:0xcc5d31866dd02d7e,EurAsia 3- Ramen | Sushi | Poke,"EurAsia 3- Ramen | Sushi | Poke, 5222 Burnet Rd Ste 400A, Austin, TX 78756",30.3243306,-97.7400715,['Japanese restaurant'],4.7,18,,"[['Wednesday', '12–10PM'], ['Thursday', '12–10PM'], ['Friday', '12–10PM'], ['Saturday', '12–10PM'], ['Sunday', '12–10PM'], ['Monday', '12–10PM'], ['Tuesday', '12–10PM']]"
0x864e9f7dd809f1a1:0xe18bef7f94fb848,Izakaya RoMan Yakitori,"Izakaya RoMan Yakitori, 3211 Oak Lawn Ave C, Dallas, TX 75219",32.8103007,-96.8082199,"['Modern izakaya restaurants', 'Bar & grill', 'Japanese restaurant', 'Ramen restaurant', 'Sushi restaurant']",4.5,44,,"[['Wednesday', '5–10PM'], ['Thursday', '5–10PM'], ['Friday', '5–11PM'], ['Saturday', '5–11PM'], ['Sunday', '5–10PM'], ['Monday', 'Closed'], ['Tuesday', '5–10PM']]"
0x8640d423898dcaa1:0xd479ede8a989239b,Kobe Hana,"Kobe Hana, 24110 Northwest Fwy #100, Cypress, TX 77429",29.9531517,-95.6708908,"['Teppanyaki restaurant', 'Japanese restaurant']",3.5,98,,"[['Wednesday', '11:30AM–2:30PM'], ['Thursday', '11:30AM–2:30PM'], ['Friday', '11:30AM–2:30PM'], ['Saturday', '11:30AM–2:30PM'], ['Sunday', '12–2:30PM'], ['Monday', 'Closed'], ['Tuesday', '11:30AM–2:30PM']]"
0x8647339a6e3adeed:0x6c41bbc99e17ebb8,Ichigo,"Ichigo, 6633 Spring Stuebner Rd #325, Spring, TX 77389",30.0849324,-95.522905,"['Sushi restaurant', 'Japanese curry restaurant', 'Ramen restaurant']",4.5,58,,"[['Wednesday', '11AM–9PM'], ['Thursday', '11AM–9PM'], ['Friday', '11AM–9PM'], ['Saturday', '11AM–9PM'], ['Sunday', '12–9PM'], ['Monday', 'Closed'], ['Tuesday', '11AM–9PM']]"
0x86ddf94b8ccb33cb:0xb2e0819d7c11c1d7,Firewoks,"Firewoks, 6101 Upper Valley Rd #105, El Paso, TX 79932",31.8789402,-106.61135089999999,"['Chinese restaurant', 'Asian restaurant', 'Delivery service', 'Japanese restaurant', 'Restaurant']",3.9,78,,"[['Wednesday', '11AM–10PM'], ['Thursday', '11AM–10PM'], ['Friday', '11AM–10PM'], ['Saturday', '11AM–10PM'], ['Sunday', '11AM–10PM'], ['Monday', '11AM–10PM'], ['Tuesday', '11AM–10PM']]"
0x8640c0f3c361d415:0xfb61df1c2a4476bb,Miyako II Japanese Restaurant,"Miyako II Japanese Restaurant, 3910 Kirby Dr, Houston, TX 77098",29.7322679,-95.4189102,"['Restaurant', 'Japanese restaurant']",4.0,28,$$,
0x865c60080afb068b:0x38ca78896ed4c14,Sansei Japan,"Sansei Japan, 7400 San Pedro Ave, San Antonio, TX 78216",29.519059,-98.4965373,['Japanese restaurant'],3.2,35,,"[['Wednesday', '10AM–9PM'], ['Thursday', '10AM–9PM'], ['Friday', '10AM–9PM'], ['Saturday', '10AM–9PM'], ['Sunday', '10AM–9PM'], ['Monday', '10AM–9PM'], ['Tuesday', '10AM–9PM']]"
0x864ef3efd6d7b669:0xede81244274f0888,Adoriana sushi and asian grill,"Adoriana sushi and asian grill, 2050 FM 663 #230, Midlothian, TX 76065",32.4611648,-96.99238319999999,['Japanese restaurant'],4.4,166,,"[['Wednesday', '11AM–9:30PM'], ['Thursday', '11AM–9:30PM'], ['Friday', '11AM–10:30PM'], ['Saturday', '11AM–10:30PM'], ['Sunday', '11:30AM–9PM'], ['Monday', '11AM–9:30PM'], ['Tuesday', '11AM–9:30PM']]"
0x86fe137ecbe2c399:0xbb791d78a10d7814,"Hawaii Poke & Ramen Lubbock, TX","Hawaii Poke & Ramen Lubbock, TX, 2407 9th St #600, Lubbock, TX 79401",33.5867444,-101.86937619999999,"['Restaurant', 'Health food restaurant', 'Japanese restaurant']",4.4,94,,"[['Wednesday', '11AM–10PM'], ['Thursday', '11AM–10PM'], ['Friday', '11AM–10PM'], ['Saturday', '11AM–10PM'], ['Sunday', '11AM–10PM'], ['Monday', '11AM–10PM'], ['Tuesday', '11AM–10PM']]"
0x8640e78dcc60f777:0xdc178a960c38635b,General Hot Pot & Sushi,"General Hot Pot & Sushi, 1531 Hwy 6, Sugar Land, TX 77478",29.601491,-95.6296412,['Japanese restaurant'],4.9,18,,"[['Wednesday', '11AM–9:30PM'], ['Thursday', '11AM–9:30PM'], ['Friday', '11AM–10PM'], ['Saturday', '11AM–10PM'], ['Sunday', '11:30AM–9:30PM'], ['Monday', '11AM–9:30PM'], ['Tuesday', 'Closed']]"
0x864c2eed18581a77:0x4ca9e0fefdda0325,Kaji,"Kaji, 335 E Round Grove Rd #102, Lewisville, TX 75067",33.0051561,-96.98372669999999,"['Japanese restaurant', 'Thai restaurant']",3.6,125,$$,"[['Wednesday', '11AM–10PM'], ['Thursday', '11AM–10PM'], ['Friday', 'Closed'], ['Saturday', 'Closed'], ['Sunday', 'Closed'], ['Monday', '11AM–10PM'], ['Tuesday', '11AM–10PM']]"
0x865c627747002f6b:0x7246afb3ec81bb61,PHO MAI ASIAN CUISINE,"PHO MAI ASIAN CUISINE, 20079 Stone Oak Pkwy Ste 3100, San Antonio, TX 78258",29.6428108,-98.488911,"['Pho restaurant', 'Chinese restaurant', 'Japanese restaurant', 'Thai restaurant']",4.3,8,,"[['Wednesday', '11AM–9:30PM'], ['Thursday', '11AM–9:30PM'], ['Friday', '11AM–10PM'], ['Saturday', '11AM–10PM'], ['Sunday', 'Closed'], ['Monday', 'Closed'], ['Tuesday', '11AM–9:30PM']]"
0x86fb8f3599288a0b:0xf7f8cee9eafae1e5,Teriyaki Madness,"Teriyaki Madness, 1333 N Main St, Andrews, TX 79714",32.334157,-102.5519875,"['Asian fusion restaurant', 'Caterer', 'Fast food restaurant', 'Gluten-free restaurant', 'Japanese restaurant', 'Restaurant']",3.8,108,$,"[['Wednesday', '11AM–9PM'], ['Thursday', '11AM–9PM'], ['Friday', '11AM–9PM'], ['Saturday', '11AM–9PM'], ['Sunday', '11AM–9PM'], ['Monday', '11AM–9PM'], ['Tuesday', '11AM–9PM']]"
0x8642674902b7e511:0x7df91561d25a5a1f,Sakura japanese & Chinese cuisine,"Sakura japanese & Chinese cuisine, 6306 N Navarro St, Victoria, TX 77904",28.8538338,-96.99637,['Japanese restaurant'],4.5,157,,"[['Wednesday', '11AM–9PM'], ['Thursday', '11AM–9PM'], ['Friday', '11AM–10PM'], ['Saturday', '11AM–10PM'], ['Sunday', '11AM–11PM'], ['Monday', 'Closed'], ['Tuesday', '11AM–9PM']]"
0x8640c3474e3d45a1:0x7a56d1a6dd7e68bd,Miyazaki,"Miyazaki, 9527 Westheimer Rd D, Houston, TX 77063",29.7362315,-95.53415869999999,['Japanese restaurant'],4.2,58,$$,"[['Tuesday', '11AM–2:30PM'], ['Wednesday', '11AM–2:30PM'], ['Thursday', '11AM–2:30PM'], ['Friday', '11AM–2:30PM'], ['Saturday', '12–11PM'], ['Sunday', '12–10PM'], ['Monday', '11AM–2:30PM']]"
0x864e9921e01c6d1f:0x948be36bb86637fa,SushiYAA,"SushiYAA, 1700 Pacific Ave c111, Dallas, TX 75201",32.7822696,-96.7971469,"['Sushi restaurant', 'Asian restaurant', 'Buffet restaurant', 'Japanese restaurant', 'Seafood restaurant']",3.8,55,,"[['Tuesday', '11AM–2:30PM'], ['Wednesday', '11AM–2:30PM'], ['Thursday', '11AM–2:30PM'], ['Friday', '11AM–2:30PM'], ['Saturday', 'Closed'], ['Sunday', 'Closed'], ['Monday', '11AM–2:30PM']]"
0x864dd4f364ae383f:0x69bb1416f8dbd65c,Sushi Zushi,"Sushi Zushi, 1420 E Southlake Blvd #6419, Southlake, TX 76092",32.9413672,-97.13020929999999,"['Sushi restaurant', 'Asian restaurant', 'Food delivery', 'Japanese restaurant', 'Restaurant']",4.1,76,$$,"[['Tuesday', '11AM–10PM'], ['Wednesday', '11AM–10PM'], ['Thursday', '11AM–10PM'], ['Friday', '11AM–11PM'], ['Saturday', '11:30AM–11PM'], ['Sunday', '11:30AM–9PM'], ['Monday', '11AM–10PM']]"
0x8640c2ce97f629b3:0xea9d1212a6939864,Akasaka Japanese Restaurant & Lounge,"Akasaka Japanese Restaurant & Lounge, 6833 W Sam Houston Pkwy S #109, Houston, TX 77072",29.7031922,-95.55586249999999,['Japanese restaurant'],4.6,38,,"[['Tuesday', '11AM–10PM'], ['Wednesday', '11AM–10PM'], ['Thursday', '11AM–10PM'], ['Friday', '11AM–11PM'], ['Saturday', '11AM–11PM'], ['Sunday', 'Closed'], ['Monday', '11AM–10PM']]"
0x8640d61daed2e557:0x1c30f591994ed8c1,Sapporo Japanese Bistro,"Sapporo Japanese Bistro, 9814 Fry Rd, Cypress, TX 77433",29.9286842,-95.72683169999999,['Japanese restaurant'],4.1,278,$$,"[['Tuesday', '11AM–10PM'], ['Wednesday', '11AM–10PM'], ['Thursday', '11AM–10PM'], ['Friday', '11AM–11PM'], ['Saturday', '12–11PM'], ['Sunday', '12–10PM'], ['Monday', '11AM–10PM']]"
0x8640db8ca9e4758b:0x80bbd28fe209c196,Sushi Nikko,"Sushi Nikko, 1140 Eldridge Pkwy S #190, Houston, TX 77077",29.767777799999998,-95.6247222,"['Restaurant', 'Asian restaurant', 'Japanese restaurant', 'Sushi restaurant']",4.1,98,$$,"[['Tuesday', '11AM–10PM'], ['Wednesday', '11AM–10PM'], ['Thursday', '11AM–10PM'], ['Friday', '11AM–11PM'], ['Saturday', '12–10PM'], ['Sunday', '12–10PM'], ['Monday', '11AM–10PM']]"
0x86468395e5e1b0bb:0xe4e8aa15b8d12c24,YAKU Japanese Eatery,"YAKU Japanese Eatery, 717 University Dr #171, College Station, TX 77840",30.621634099999998,-96.34288509999999,"['Authentic Japanese restaurant', 'Ramen restaurant']",3.6,58,,"[['Tuesday', '11AM–9:30PM'], ['Wednesday', '11AM–9:30PM'], ['Thursday', '11AM–9:30PM'], ['Friday', '11AM–9:30PM'], ['Saturday', 'Closed'], ['Sunday', '11AM–9:30PM'], ['Monday', '11AM–9:30PM']]"
0x864dd557a43e6e1d:0x494b25d9e219faf2,Avocado California Roll and Sushi,"Avocado California Roll and Sushi, 3001 TX-121 #278, Euless, TX 76039",32.8798078,-97.10171749999999,"['Sushi restaurant', 'Japanese restaurant', 'Pan-Asian restaurant', 'Restaurant']",4.6,136,,"[['Tuesday', '12–2:30PM'], ['Wednesday', '12–2:30PM'], ['Thursday', '12–2:30PM'], ['Friday', '12–2:30PM'], ['Saturday', '12–8:30PM'], ['Sunday', '5–8:30PM'], ['Monday', '12–2:30PM']]"
0x86e75b229b891f8f:0x4c50a2b7bb4d5e57,Sushi Time,"Sushi Time, 9100 Viscount Blvd, El Paso, TX 79925",31.7731438,-106.36940279999999,['Japanese restaurant'],4.5,228,$$,"[['Tuesday', '12–8PM'], ['Wednesday', '12–8PM'], ['Thursday', '12–8PM'], ['Friday', '12–8PM'], ['Saturday', '1–8PM'], ['Sunday', '1–8PM'], ['Monday', 'Closed']]"
0x8640964aefab8583:0xc6401e7b0b881426,Airport Deli&Sushi,"Airport Deli&Sushi, 8101 Airport Blvd C, Houston, TX 77061",29.6587675,-95.27034019999999,"['Deli', 'Japanese restaurant']",4.2,68,,"[['Tuesday', '9AM–9PM'], ['Wednesday', '9AM–9PM'], ['Thursday', '9AM–9PM'], ['Friday', '9AM–9PM'], ['Saturday', '11AM–9PM'], ['Sunday', '11:30AM–9PM'], ['Monday', '9AM–9PM']]"
0x864c2b869290d88d:0x2440900b6db9f955,Maki of Japan,"Maki of Japan, 3000 Grapevine Mills Pkwy, Grapevine, TX 76051",32.9654123,-97.043914,['Japanese restaurant'],3.5,126,,"[['Tuesday', '10AM–9PM'], ['Wednesday', '10AM–9PM'], ['Thursday', '10AM–9PM'], ['Friday', '10AM–9PM'], ['Saturday', '10AM–9PM'], ['Sunday', '10:30AM–9PM'], ['Monday', '10AM–9PM']]"
0x8635fa04a412d87d:0x8c7e07430cd66b13,Mt Fuji Hibachi Steakhouse,"Mt Fuji Hibachi Steakhouse, 650 S Jefferson Ave, Mt Pleasant, TX 75455",33.1496292,-94.9710546,"['Japanese steakhouse', 'Japanese restaurant', 'Restaurant', 'Sushi restaurant']",4.5,156,,"[['Tuesday', 'Closed'], ['Wednesday', '11AM–3PM'], ['Thursday', '11AM–3PM'], ['Friday', '11AM–9PM'], ['Saturday', '11AM–9PM'], ['Sunday', '11AM–9PM'], ['Monday', '11AM–3PM']]"
0x86468477decd165d:0x73e048b01ff5bc1b,He's Cafe,"He's Cafe, 1505 Texas Ave B, College Station, TX 77840",30.617176899999997,-96.32078179999999,"['Asian restaurant', 'Chinese restaurant', 'Japanese restaurant']",3.6,88,,"[['Tuesday', '11AM–10PM'], ['Wednesday', '11AM–10PM'], ['Thursday', '11AM–10PM'], ['Friday', '11AM–10PM'], ['Saturday', '11AM–10PM'], ['Sunday', '11AM–10PM'], ['Monday', '11AM–10PM']]"
0x864c1f24e1764f0b:0x62d577ca35dc4130,Sushi Zen,"Sushi Zen, 720 E Campbell Rd, Richardson, TX 75081",32.9743083,-96.71541839999999,"['Japanese restaurant', 'Asian fusion restaurant']",3.0,15,,"[['Tuesday', '11AM–2:30PM'], ['Wednesday', '11AM–2:30PM'], ['Thursday', '11AM–2:30PM'], ['Friday', '11AM–2:30PM'], ['Saturday', '11AM–10PM'], ['Sunday', '12–9:30PM'], ['Monday', '11AM–2:30PM']]"
0x865321ce04e3fbad:0x7781b97ad3d16c30,Nori Japan / Stir Fry 88,"Nori Japan / Stir Fry 88, 3111 Midwestern Pkwy, Wichita Falls, TX 76308",33.8690013,-98.5342316,['Japanese restaurant'],3.5,18,,"[['Tuesday', '10AM–9PM'], ['Wednesday', '10AM–9PM'], ['Thursday', '10AM–9PM'], ['Friday', '10AM–9PM'], ['Saturday', '10AM–9PM'], ['Sunday', '12AM–6PM'], ['Monday', '10AM–9PM']]"
0x8644d7e83d280ba3:0xdb424f5633f5ee7,Kyoto Sushi & Steak Asian Cuisine,"Kyoto Sushi & Steak Asian Cuisine, 1103 Rivery Blvd STE210, Georgetown, TX 78628",30.6444172,-97.6877643,"['Sushi restaurant', 'Asian fusion restaurant', 'Japanese restaurant', 'Ramen restaurant']",4.6,255,,"[['Monday', '11AM–2:30PM'], ['Tuesday', 'Closed'], ['Wednesday', '11AM–2:30PM'], ['Thursday', '11AM–2:30PM'], ['Friday', '11AM–10PM'], ['Saturday', '11AM–10PM'], ['Sunday', '11AM–9:30PM']]"
0x864c1f270367d787:0xcbbcb0541a43f4fd,Teriyaki Sensei,"Teriyaki Sensei, 930 E Campbell Rd Ste103, Richardson, TX 75081",32.974861,-96.708722,['Japanese restaurant'],4.6,185,$,"[['Monday', 'Closed'], ['Tuesday', '11AM–7PM'], ['Wednesday', '11AM–7PM'], ['Thursday', '11AM–7PM'], ['Friday', '11AM–7PM'], ['Saturday', 'Closed'], ['Sunday', 'Closed']]"
0x864c3d6c1db73467:0x9a551cd070eee623,Wahta Ramen,"Wahta Ramen, 8745 Gary Burns Dr, Frisco, TX 75034",33.1492284,-96.8069409,['Japanese restaurant'],4.5,78,,"[['Monday', '11AM–9PM'], ['Tuesday', '11AM–9PM'], ['Wednesday', '11AM–9PM'], ['Thursday', '11AM–9PM'], ['Friday', '11AM–10PM'], ['Saturday', '11AM–10PM'], ['Sunday', 'Closed']]"
0x865b37876d46bf89:0xcb8d5fa87d461781,Bon Japanese Cuisine,"Bon Japanese Cuisine, 3500 Ranch Rd 620 S b100, Bee Cave, TX 78738",30.323418,-97.9580091,"['Japanese restaurant', 'Takeout Restaurant']",4.6,158,$$,"[['Monday', 'Closed'], ['Tuesday', '11:30AM–2:30PM'], ['Wednesday', '11:30AM–2:30PM'], ['Thursday', '11:30AM–2:30PM'], ['Friday', '11:30AM–2:30PM'], ['Saturday', '12–2:30PM'], ['Sunday', '12–2:30PM']]"
0x864127a2a7d5f7eb:0x5535fdb4bd77e576,Hiyori,"Hiyori, 23119 Colonial Pkwy Suite C-14, Katy, TX 77449",29.7927362,-95.7743759,['Japanese restaurant'],4.6,18,,"[['Monday', 'Closed'], ['Tuesday', '11:30AM–9PM'], ['Wednesday', '11:30AM–9PM'], ['Thursday', '11:30AM–9PM'], ['Friday', '11:30AM–9:30PM'], ['Saturday', '11:30AM–9:30PM'], ['Sunday', '11:30AM–9PM']]"
0x8644b508f1bfd995:0xb2dfa1a3b524389b,Imperia,"Imperia, 310 Colorado St, Austin, TX 78701",30.266267499999998,-97.7451399,"['Sushi restaurant', 'Cafe', 'Japanese restaurant', 'Lounge', 'Restaurant']",3.9,68,$$,"[['Monday', 'Closed'], ['Tuesday', '4:30–11:30PM'], ['Wednesday', '4:30–11:30PM'], ['Thursday', '4:30PM–12AM'], ['Friday', '4:30PM–12AM'], ['Saturday', '5:30PM–12AM'], ['Sunday', '5:30–11PM']]"
0x8640c3d96709a4f9:0x6d25cedf6f887934,Tea Bar and Organics Fusion,"Tea Bar and Organics Fusion, 5857 Westheimer Rd, Houston, TX 77057",29.7371245,-95.48243339999999,"['Asian fusion restaurant', 'Bubble tea store', 'Japanese restaurant', 'Organic restaurant', 'Ramen restaurant', 'Restaurant', 'Sushi restaurant']",4.1,26,,"[['Monday', '3PM–12AM'], ['Tuesday', '3PM–12AM'], ['Wednesday', '3PM–12AM'], ['Thursday', '3PM–12AM'], ['Friday', '3PM–12AM'], ['Saturday', '12PM–2AM'], ['Sunday', '12PM–2AM']]"
0x864c209d6fc9e7c3:0x93500635225d5d9b,Sushi Star,"Sushi Star, 5956 Royal Ln, Dallas, TX 75230",32.894550599999995,-96.80467519999999,"['Sushi restaurant', 'Asian restaurant', 'Bar', 'Japanese restaurant']",4.4,138,$$,"[['Monday', '11AM–10PM'], ['Tuesday', '11AM–10PM'], ['Wednesday', '11AM–10PM'], ['Thursday', '11AM–10PM'], ['Friday', '11AM–11PM'], ['Saturday', '11AM–11PM'], ['Sunday', '4:30–10PM']]"
0x8665a18d6ce9284d:0x476033adaec43df9,Fujiyama Hibachi & Sushi,"Fujiyama Hibachi & Sushi, 601 W Trenton Rd suite a, McAllen, TX 78504",26.267010199999998,-98.21506079999999,"['Restaurant', 'Asian fusion restaurant', 'Japanese restaurant', 'Lunch restaurant', 'Takeout Restaurant', 'Sushi restaurant']",4.4,158,,"[['Monday', '11AM–9:30PM'], ['Tuesday', '11AM–9:30PM'], ['Wednesday', '11AM–9:30PM'], ['Thursday', '11AM–9:30PM'], ['Friday', '11AM–10:30PM'], ['Saturday', '11AM–10:30PM'], ['Sunday', '11AM–9:30PM']]"
0x864e9ffdfbfb035b:0x6cbc0dfeb9e5ad32,POKE O at Mockingbird Station,"POKE O at Mockingbird Station, 5321 E Mockingbird Ln #130, Dallas, TX 75206",32.838051799999995,-96.7757094,"['Restaurant', 'Hawaiian restaurant', 'Japanese restaurant', 'Sushi restaurant']",4.5,28,$$,"[['Monday', '11AM–9PM'], ['Tuesday', '11AM–9PM'], ['Wednesday', '11AM–9PM'], ['Thursday', '11AM–9PM'], ['Friday', '11AM–9PM'], ['Saturday', '11AM–9PM'], ['Sunday', 'Closed']]"
0x865b36b7f59ed84d:0x9fab77be3dc50d97,Kawa Asian Kitchen,"Kawa Asian Kitchen, 5145 N FM 620, Austin, TX 78732",30.3882534,-97.88542559999999,"['Japanese restaurant', 'Chinese restaurant', 'Delivery Restaurant', 'Sushi restaurant']",4.3,105,,"[['Monday', '11:30AM–2:30PM'], ['Tuesday', '11:30AM–2:30PM'], ['Wednesday', '11:30AM–2:30PM'], ['Thursday', '11:30AM–2:30PM'], ['Friday', '11:30AM–2:30PM'], ['Saturday', '12–9PM'], ['Sunday', '12–9PM']]"
0x864c3b6c9f0fcda7:0x9f19ca607327f113,Sake Sushi Hibachi Steakhouse,"Sake Sushi Hibachi Steakhouse, 5005 TX-121 #100, The Colony, TX 75056",33.0696209,-96.8827341,['Japanese restaurant'],4.6,148,$$,"[['Monday', '11AM–3PM'], ['Tuesday', '11AM–3PM'], ['Wednesday', '11AM–3PM'], ['Thursday', '11AM–3PM'], ['Friday', '11AM–3PM'], ['Saturday', '12–10:30PM'], ['Sunday', '12–9:30PM']]"
0x864e7fb999b56e71:0x96f36c00e3e3df1e,Imperial Hibachi & Sushi,"Imperial Hibachi & Sushi, 1320 Chisholm Trail #600, Euless, TX 76039",32.8750583,-97.10390079999999,"['Restaurant', 'Bar & grill', 'Japanese restaurant', 'Sushi restaurant', 'Teppanyaki restaurant']",4.4,298,,"[['Monday', '11AM–2:30PM'], ['Tuesday', '11AM–2:30PM'], ['Wednesday', '11AM–2:30PM'], ['Thursday', '11AM–2:30PM'], ['Friday', '11AM–2:30PM'], ['Saturday', '11AM–10PM'], ['Sunday', '11AM–9PM']]"
0x864dd7b594aed9bd:0xb3505405f2c19471,sushi street,"sushi street, 1000 S Main St STE 500, Keller, TX 76248",32.9174572,-97.2555404,"['Japanese restaurant', 'Asian restaurant', 'Takeout Restaurant', 'Ramen restaurant', 'Sushi restaurant', 'Sushi takeaway']",4.7,128,,"[['Monday', 'Closed'], ['Tuesday', '11:30AM–2:30PM'], ['Wednesday', '11:30AM–2:30PM'], ['Thursday', '11:30AM–2:30PM'], ['Friday', '11:30AM–2:30PM'], ['Saturday', '11:30AM–2:30PM'], ['Sunday', '12–9PM']]"
0x864e9fe2524d7757:0x1f05dc05cd20a291,Namo,"Namo, 3699 McKinney Ave #305, Dallas, TX 75204",32.808121299999996,-96.7979397,"['Sushi restaurant', 'Cocktail bar', 'Japanese restaurant']",4.5,148,,"[['Monday', 'Closed'], ['Tuesday', '12–3PM'], ['Wednesday', '12–3PM'], ['Thursday', '12–3PM'], ['Friday', '12–3PM'], ['Saturday', '12–3PM'], ['Sunday', '12–9PM']]"
0x86470627ca5df8df:0x4b67d47a366efc73,Kobe Japanese Steak House & Sushi,"Kobe Japanese Steak House & Sushi, 1523 Normal Park Dr, Huntsville, TX 77340",30.718743,-95.56362,"['Japanese restaurant', 'Steak house', 'Sushi restaurant']",3.8,58,,"[['Monday', '11AM–10PM'], ['Tuesday', '11AM–10PM'], ['Wednesday', '11AM–10PM'], ['Thursday', '11AM–10PM'], ['Friday', '11AM–10:30PM'], ['Saturday', '11AM–10:30PM'], ['Sunday', '11AM–9:30PM']]"
0x864e9a7c92797c4f:0x412a1df81e1e8a6b,MIAKO TERIYAKI,"MIAKO TERIYAKI, 2626 S Westmoreland Rd #600, Dallas, TX 75211",32.719510899999996,-96.8738233,"['Japanese restaurant', 'Asian fusion restaurant', 'Asian restaurant']",4.6,343,$,"[['Monday', '11AM–8PM'], ['Tuesday', '11AM–8PM'], ['Wednesday', '11AM–8PM'], ['Thursday', '11AM–8PM'], ['Friday', '11AM–8PM'], ['Saturday', '12–8PM'], ['Sunday', 'Closed']]"
0x865ca930527b04c7:0x7b18675fc2c004fc,Don Japanese Kitchen,"Don Japanese Kitchen, 829 N LBJ Dr, San Marcos, TX 78666",29.893173599999997,-97.94185689999999,"['Japanese restaurant', 'Restaurant']",4.9,173,$,"[['Monday', '5–10PM'], ['Tuesday', '5–10PM'], ['Wednesday', '5–10PM'], ['Thursday', '5–10PM'], ['Friday', '5–10PM'], ['Saturday', '5–10PM'], ['Sunday', 'Closed']]"
0x864dd7ac180fdb2f:0x75a5461d992ef85d,Maki & Poke,"Maki & Poke, 8850 N Tarrant Pkwy # 701, North Richland Hills, TX 76182",32.903264199999995,-97.195302,['Japanese restaurant'],5.0,8,,"[['Monday', 'Closed'], ['Tuesday', '11AM–3PM'], ['Wednesday', '11AM–3PM'], ['Thursday', '11AM–3PM'], ['Friday', '11AM–3PM'], ['Saturday', '11AM–3PM'], ['Sunday', '11AM–3PM']]"
0x8644cae68b803365:0x982d8883c0ec99f7,Koya Asian Kitchen,"Koya Asian Kitchen, 5308 Balcones Dr, Austin, TX 78731",30.3353796,-97.7591357,"['Asian fusion restaurant', 'Asian restaurant', 'Japanese restaurant', 'Sushi restaurant']",4.3,28,,"[['Monday', '11AM–2:30PM'], ['Tuesday', '11AM–2:30PM'], ['Wednesday', '11AM–2:30PM'], ['Thursday', '11AM–2:30PM'], ['Friday', '11AM–2:30PM'], ['Saturday', '4:30–9:30PM'], ['Sunday', '4:30–9:30PM']]"
0x865c8b41d657a32b:0xb6586010ef1211cb,Izumi sushi hibachi all you can eat,"Izumi sushi hibachi all you can eat, 2844 Thousand Oaks Dr, San Antonio, TX 78232",29.578357699999998,-98.4440209,"['Restaurant', 'Asian restaurant', 'Chinese restaurant', 'Japanese restaurant', 'Mandarin restaurant']",4.5,138,,"[['Monday', '11AM–9:30PM'], ['Tuesday', '11AM–9:30PM'], ['Wednesday', '11AM–9:30PM'], ['Thursday', '11AM–9:30PM'], ['Friday', '11AM–10PM'], ['Saturday', '11AM–10PM'], ['Sunday', '12–9:30PM']]"
0x864c22b5f808e6cf:0x289f94e563eb47cf,Aki Sushi,"Aki Sushi, 6832 Coit Rd, Plano, TX 75023",33.0706602,-96.7707061,"['Sushi restaurant', 'Asian restaurant', 'Japanese restaurant']",4.5,128,,"[['Monday', '11AM–9PM'], ['Tuesday', '11AM–9PM'], ['Wednesday', '11AM–9PM'], ['Thursday', '11AM–9PM'], ['Friday', '11AM–9PM'], ['Saturday', '11AM–9PM'], ['Sunday', '11AM–9PM']]"
0x86fea44eb827f235:0xa464423b16661cde,O'hana Japanese Steak Restaurant,"O'hana Japanese Steak Restaurant, 501 N Dallas Ave, Lamesa, TX 79331",32.7369266,-101.9512039,"['Restaurant', 'Japanese restaurant', 'Japanese steakhouse', 'Noodle shop']",4.3,158,$$,"[['Monday', 'Closed'], ['Tuesday', '11AM–2:30PM'], ['Wednesday', '11AM–2:30PM'], ['Thursday', '11AM–2:30PM'], ['Friday', '11AM–2:30PM'], ['Saturday', '11AM–2:30PM'], ['Sunday', '11AM–9:30PM']]"
0x86409f14325f042b:0x50e433cd66d85d1a,Akashi,"Akashi, 5440 El Dorado Blvd Suite 1800, Houston, TX 77059",29.6059123,-95.12367669999999,"['Japanese restaurant', 'Bar', 'Chinese restaurant']",4.4,208,$$,"[['Sunday', '11AM–9:30PM'], ['Monday', '11AM–9:30PM'], ['Tuesday', '11AM–9:30PM'], ['Wednesday', '11AM–9:30PM'], ['Thursday', '11AM–9:30PM'], ['Friday', '11AM–9:30PM'], ['Saturday', '11AM–9:30PM']]"
0x864c20ee3c9a8721:0x89d0c8a58c81fc80,Fuji Steakhouse & Sushi Bar,"Fuji Steakhouse & Sushi Bar, 12817 Preston Rd #112, Dallas, TX 75230",32.923283999999995,-96.8046969,"['Steak house', 'Asian restaurant', 'Japanese restaurant', 'Japanese steakhouse', 'Restaurant', 'Sushi restaurant']",3.2,28,$$,"[['Sunday', '5–10PM'], ['Monday', '11AM–2PM'], ['Tuesday', '11AM–2PM'], ['Wednesday', '11AM–2PM'], ['Thursday', '11AM–2PM'], ['Friday', '11AM–2PM'], ['Saturday', '5–10:30PM']]"
0x8640c1b41b19f031:0x597a7196776d0153,Osaka,"Osaka, 4001 Bellaire Blvd J, Houston, TX 77025",29.705501299999998,-95.4407853,"['Japanese restaurant', 'Sushi restaurant']",4.2,228,$$,"[['Sunday', '11AM–10PM'], ['Monday', '11AM–10PM'], ['Tuesday', '11AM–10PM'], ['Wednesday', '11AM–10PM'], ['Thursday', '11AM–10PM'], ['Friday', '11AM–10:30PM'], ['Saturday', '11AM–10:30PM']]"
0x8644b55ad6a92d97:0x13797696404d0e71,Main Streat Food Hall By H-E-B,"Main Streat Food Hall By H-E-B, 1801 E 51st St, Austin, TX 78723",30.301073199999998,-97.69840429999999,"['Food court', 'Bar', 'Barbecue restaurant', 'Cheesesteak restaurant', 'Chicken restaurant', 'Chicken wings restaurant', 'Fast food restaurant', 'Japanese restaurant', 'Mexican restaurant', 'Tex-Mex restaurant']",4.6,7,,"[['Sunday', '11AM–9PM'], ['Monday', '11AM–9PM'], ['Tuesday', '11AM–9PM'], ['Wednesday', '11AM–9PM'], ['Thursday', '11AM–9PM'], ['Friday', '11AM–10PM'], ['Saturday', '11AM–10PM']]"
0x864c3ceb07127b3b:0x1f422dbf5ae876dd,Sarku Japan,"Sarku Japan, 2601 Preston Road Space #2044, Frisco, TX 75034",33.0989372,-96.812513,"['Japanese restaurant', 'Asian restaurant', 'Fast food restaurant', 'Restaurant', 'Sushi restaurant', 'Teppanyaki restaurant']",4.0,88,$,"[['Sunday', '12–6PM'], ['Monday', '11AM–7PM'], ['Tuesday', '11AM–7PM'], ['Wednesday', '11AM–7PM'], ['Thursday', '11AM–7PM'], ['Friday', '11AM–8PM'], ['Saturday', '11AM–8PM']]"
0x864e79207ea1d64d:0xa07fa1f7e2bd0090,Fusion Asian Kitchen,"Fusion Asian Kitchen, 960 Melbourne Rd, Hurst, TX 76053",32.8264624,-97.1976942,"['Asian fusion restaurant', 'Chinese restaurant', 'Japanese restaurant', 'Delivery Restaurant']",4.3,148,$,"[['Sunday', 'Closed'], ['Monday', '12–9PM'], ['Tuesday', '12–9PM'], ['Wednesday', '12–9PM'], ['Thursday', '12–9PM'], ['Friday', '12–9PM'], ['Saturday', '12–9PM']]"
0x864dca8975fb68b3:0x3939047d78c636ca,Keiichi,"Keiichi, 500 N Elm St, Denton, TX 76201",33.218424999999996,-97.1332556,"['Sushi restaurant', 'Asian restaurant', 'Japanese restaurant']",4.8,193,$$,"[['Sunday', 'Closed'], ['Monday', 'Closed'], ['Tuesday', 'Closed'], ['Wednesday', '5:30–7:30PM'], ['Thursday', '12–2PM'], ['Friday', '5:30–7:30PM'], ['Saturday', '5:30–7:30PM']]"
0x864c1cfcafb6f781:0xc785a2c2df09af23,Ichi Sushi Grill and Lounge,"Ichi Sushi Grill and Lounge, 690 Beebalm Ln, Garland, TX 75040",32.953972,-96.610761,"['Sushi restaurant', 'Asian restaurant', 'Chicken shop', 'Japanese restaurant', 'Japanese steakhouse', 'Seafood restaurant', 'Wine bar']",3.8,78,$$,"[['Sunday', 'Closed'], ['Monday', '11AM–9PM'], ['Tuesday', '11AM–9PM'], ['Wednesday', '11AM–9PM'], ['Thursday', '11AM–9PM'], ['Friday', '11AM–10PM'], ['Saturday', '11AM–10PM']]"
0x864c1f6cda208af1:0x4307d1be6cae5d01,Fire Star Sushi & Hibachi,"Fire Star Sushi & Hibachi, 2115 E Belt Line Rd, Richardson, TX 75081",32.9456383,-96.6838195,['Japanese restaurant'],4.7,8,,"[['Sunday', '11AM–9:30PM'], ['Monday', '11AM–9:30PM'], ['Tuesday', '11AM–9:30PM'], ['Wednesday', '11AM–9:30PM'], ['Thursday', '11AM–9:30PM'], ['Friday', '11AM–9:30PM'], ['Saturday', '11AM–9:30PM']]"
0x864c2fb5400a3aa3:0x4525b014005ff7e9,Sushi Yuki - Japanese Restaurant of Carrollton,"Sushi Yuki - Japanese Restaurant of Carrollton, 1500 W Hebron Pkwy #102, Carrollton, TX 75010",33.0211713,-96.9306465,"['Sushi restaurant', 'Japanese restaurant']",4.8,36,,"[['Sunday', '11:30AM–9PM'], ['Monday', '11AM–9:30PM'], ['Tuesday', '11AM–9:30PM'], ['Wednesday', '11AM–9:30PM'], ['Thursday', '11AM–9:30PM'], ['Friday', '11AM–10PM'], ['Saturday', '11:30AM–10PM']]"
0x86454be6d88300c3:0x5bad518aff3a36a,I Love Sushi,"I Love Sushi, 1103 W Veterans Memorial Blvd, Killeen, TX 76541",31.120722599999997,-97.7412883,['Authentic Japanese restaurant'],4.2,205,,"[['Sunday', '12–8:30PM'], ['Monday', '11AM–2:30PM'], ['Tuesday', '11AM–2:30PM'], ['Wednesday', '11AM–2:30PM'], ['Thursday', '11AM–2:30PM'], ['Friday', '11AM–10PM'], ['Saturday', '12–10PM']]"
0x865b32989e9f9d15:0x389713cedb16fad7,Japan Cafe,"Japan Cafe, 11200 Lakeline Mall Dr, Cedar Park, TX 78613",30.4707454,-97.807137,['Japanese restaurant'],3.2,35,,"[['Sunday', '12–6PM'], ['Monday', '10AM–9PM'], ['Tuesday', '10AM–9PM'], ['Wednesday', '10AM–9PM'], ['Thursday', '10AM–9PM'], ['Friday', '10AM–9PM'], ['Saturday', '10AM–9PM']]"
0x864e7993306c390f:0x98753cb48cab3d5e,Takara Japanese Steakhouse,"Takara Japanese Steakhouse, 7536 Boulevard 26, North Richland Hills, TX 76180",32.82895,-97.2202468,"['Japanese restaurant', 'Authentic Japanese restaurant', 'Japanese steakhouse', 'Takeout Restaurant', 'Sushi restaurant', 'Sushi takeaway']",4.5,158,,"[['Sunday', '11:30AM–9PM'], ['Monday', '11AM–9PM'], ['Tuesday', '11AM–9PM'], ['Wednesday', '11AM–9PM'], ['Thursday', '11AM–9PM'], ['Friday', '11AM–10PM'], ['Saturday', '11:30AM–10PM']]"
0x863f7d4a3af47545:0x3d5fbcc8284e4293,Asian Fusion Chinese & Japanese Cuisine,"Asian Fusion Chinese & Japanese Cuisine, 6640 South Shore Blvd #160, League City, TX 77573",29.503449099999997,-95.0409426,"['Chinese restaurant', 'Asian fusion restaurant', 'Japanese restaurant', 'Restaurant']",4.3,347,,"[['Sunday', '11AM–9:30PM'], ['Monday', '11AM–9:30PM'], ['Tuesday', '11AM–9:30PM'], ['Wednesday', '11AM–9:30PM'], ['Thursday', '11AM–9:30PM'], ['Friday', '11AM–10PM'], ['Saturday', '11AM–10PM']]"
0x865b2d76e9f4a92f:0xba22487bc6c08e4b,East Side King Cedar Park,"East Side King Cedar Park, 4701 183A TOLL RD STE C, Cedar Park, TX 78613",30.5292839,-97.8181961,"['Japanese restaurant', 'Asian restaurant', 'Delivery service', 'Delivery Restaurant', 'Takeout Restaurant', 'Restaurant']",3.8,34,,"[['Sunday', '11AM–9PM'], ['Monday', '11AM–9PM'], ['Tuesday', '11AM–9PM'], ['Wednesday', '11AM–9PM'], ['Thursday', '11AM–9PM'], ['Friday', '11AM–9PM'], ['Saturday', '11AM–9PM']]"
0x8644d7eca863da25:0x9ca354df73fedc4c,Kyoto Asian Cuisine,"Kyoto Asian Cuisine, 1103 Rivery Blvd, Georgetown, TX 78628",30.644430399999997,-97.68776559999999,"['Japanese restaurant', 'Asian restaurant', 'Ramen restaurant', 'Sushi restaurant']",4.7,97,,"[['Sunday', '11AM–9:30PM'], ['Monday', '11AM–2PM'], ['Tuesday', 'Closed'], ['Wednesday', '11AM–2PM'], ['Thursday', '11AM–2PM'], ['Friday', '11AM–10PM'], ['Saturday', '11AM–10PM']]"
0x8701e9a276de0f6d:0x44ef526d34fd9f3a,Tokyo Japanese Steak House,"Tokyo Japanese Steak House, 3401 Olton Rd, Plainview, TX 79072",34.1851112,-101.7446808,"['Japanese steakhouse', 'Japanese restaurant']",4.0,318,$$,"[['Sunday', '11AM–2:30PM'], ['Monday', '11AM–2:30PM'], ['Tuesday', '11AM–2:30PM'], ['Wednesday', '11AM–2:30PM'], ['Thursday', '11AM–2:30PM'], ['Friday', '11AM–2:30PM'], ['Saturday', '11AM–2:30PM']]"
0x8644b59e23835577:0x746928c3755c41cd,Lavaca Teppan,"Lavaca Teppan, 1712 Lavaca St, Austin, TX 78701",30.2799454,-97.74130249999999,['Japanese restaurant'],4.3,157,$$,"[['Sunday', 'Closed'], ['Monday', '11:30AM–7:30PM'], ['Tuesday', '11:30AM–7:30PM'], ['Wednesday', '11:30AM–7:30PM'], ['Thursday', '11:30AM–7:30PM'], ['Friday', '11:30AM–7:30PM'], ['Saturday', '11:30AM–7:30PM']]"
0x865c5f0b3ca9a62b:0xdc98eee8f8f85440,Tokyo Mart,"Tokyo Mart, 825 W Hildebrand Ave, San Antonio, TX 78212",29.4667911,-98.50725369999999,"['Japanese grocery store', 'Convenience store']",4.8,78,,"[['Sunday', '9:30AM–6PM'], ['Monday', 'Closed'], ['Tuesday', '9:30AM–6PM'], ['Wednesday', '9:30AM–6PM'], ['Thursday', '9:30AM–6PM'], ['Friday', '9:30AM–6PM'], ['Saturday', '9:30AM–6PM']]"
0x8640e69445d1d28d:0x6fc037a524ea3c34,Taisho Japanese Restaurant,"Taisho Japanese Restaurant, 16100 City Walk, Sugar Land, TX 77479",29.5958485,-95.6228007,"['Japanese restaurant', 'Restaurant']",4.0,8,$$,"[['Saturday', '11:15AM–2AM'], ['Sunday', '11:30AM–10PM'], ['Monday', '11:15AM–10PM'], ['Tuesday', '11:15AM–10PM'], ['Wednesday', '11:15AM–10PM'], ['Thursday', '11:15AM–10PM'], ['Friday', '11:15AM–2AM']]"
0x86454ba49e32459b:0x82d543550080d703,Mama Fu's Asian House,"Mama Fu's Asian House, 2520 Trimmier Rd #100a, Killeen, TX 76541",31.0928583,-97.7325444,"['Asian restaurant', 'Asian fusion restaurant', 'Japanese restaurant', 'Takeout Restaurant', 'Vegan restaurant', 'Vegetarian restaurant', 'Vietnamese restaurant']",3.5,488,$$,
0x8644b4fc88f8ef91:0xbf63f4feb5933e57,Otoko,"Otoko, 1603 S Congress Ave, Austin, TX 78704",30.2476585,-97.7501418,"['Japanese restaurant', 'Restaurant', 'Sushi restaurant']",4.7,173,$$$$,"[['Saturday', '5–11PM'], ['Sunday', 'Closed'], ['Monday', 'Closed'], ['Tuesday', 'Closed'], ['Wednesday', '5–11PM'], ['Thursday', '5–11PM'], ['Friday', '5–11PM']]"
0x864c394ea8043fe7:0xaac70974e978d15a,Miyabi Japanese Bistro,"Miyabi Japanese Bistro, 12005 Dallas Pkwy #300, Frisco, TX 75034",33.1777808,-96.8403431,"['Sushi restaurant', 'Japanese restaurant']",4.1,128,$$,"[['Saturday', '11AM–10:30PM'], ['Sunday', '11:30AM–9:30PM'], ['Monday', '11AM–9:30PM'], ['Tuesday', '11AM–9:30PM'], ['Wednesday', '11AM–9:30PM'], ['Thursday', '11AM–9:30PM'], ['Friday', '11AM–10:30PM']]"
0x864e9fbef5a3f20d:0x6f078ece235efe21,Sarku Japan,"Sarku Japan, 8687 North Central Expressway Space #2J2-2392, Dallas, TX 75225",32.8695895,-96.7736784,"['Japanese restaurant', 'Fast food restaurant', 'Restaurant', 'Sushi restaurant', 'Teppanyaki restaurant']",4.2,66,$,"[['Saturday', '10AM–9PM'], ['Sunday', '12–6PM'], ['Monday', '10AM–9PM'], ['Tuesday', '10AM–9PM'], ['Wednesday', '10AM–9PM'], ['Thursday', '10AM–9PM'], ['Friday', '10AM–9PM']]"
0x8640bf3b08ecdd27:0xadfd73b53404607b,Jin Bento,"Jin Bento, 914 Main St, Houston, TX 77002",29.757731,-95.36495099999999,['Japanese restaurant'],4.4,48,,"[['Saturday', 'Closed'], ['Sunday', 'Closed'], ['Monday', '10AM–2:30PM'], ['Tuesday', '10AM–2:30PM'], ['Wednesday', '10AM–2:30PM'], ['Thursday', '10AM–2:30PM'], ['Friday', '10AM–2:30PM']]"
0x8665a75090d40ddb:0x8577d67b402855d3,Lucky Sushi Bar,"Lucky Sushi Bar, 1303 S 10th St, McAllen, TX 78501",26.1913403,-98.23125689999999,"['Sushi restaurant', 'Asian restaurant', 'Chinese restaurant', 'Health food restaurant', 'Japanese restaurant', 'Seafood restaurant', 'Teppanyaki restaurant']",4.4,13,,"[['Saturday', '11:30AM–11PM'], ['Sunday', '12AM–9PM'], ['Monday', '11:30AM–10PM'], ['Tuesday', '11:30AM–10PM'], ['Wednesday', '11:30AM–10PM'], ['Thursday', '11:30AM–10PM'], ['Friday', '11:30AM–11PM']]"
0x864c284bc1081b87:0x1402d1dca2148182,SushiYAA,"SushiYAA, 7707 N MacArthur Blvd #110, Irving, TX 75063",32.911749,-96.959606,"['Sushi restaurant', 'Asian fusion restaurant', 'Asian restaurant', 'Buffet restaurant', 'Japanese restaurant', 'Seafood restaurant']",3.9,178,,"[['Saturday', '11AM–9:30PM'], ['Sunday', '11AM–9:30PM'], ['Monday', '11AM–9:30PM'], ['Tuesday', '11AM–9:30PM'], ['Wednesday', '11AM–9:30PM'], ['Thursday', '11AM–9:30PM'], ['Friday', '11AM–9:30PM']]"
0x864090dbfdf99ea1:0x70fa27750098c17f,Takumi sushi,"Takumi sushi, 1853 Pearland Pkwy Ste 117, Pearland, TX 77581",29.575355599999998,-95.26326089999999,"['Sushi restaurant', 'Asian restaurant', 'Japanese restaurant']",4.6,304,$$,"[['Saturday', '11AM–10:30PM'], ['Sunday', '11AM–10PM'], ['Monday', '11AM–10PM'], ['Tuesday', '11AM–10PM'], ['Wednesday', '11AM–10PM'], ['Thursday', '11AM–10PM'], ['Friday', '11AM–10:30PM']]"
0x864e9e4430f973ed:0x4c78dcb0c8bb3a5c,Rock & Roll Sushi,"Rock & Roll Sushi, 6109 Berkshire Ln, Dallas, TX 75225",32.8650945,-96.80613969999999,"['Japanese restaurant', 'Restaurant', 'Sushi restaurant']",4.3,64,,"[['Saturday', '5:30–10PM'], ['Sunday', 'Closed'], ['Monday', '11:15AM–2PM'], ['Tuesday', '11:15AM–2PM'], ['Wednesday', '11:15AM–2PM'], ['Thursday', '11:15AM–2PM'], ['Friday', '11:15AM–2PM']]"
0x86685f5c2903ae55:0xa5d6f078f5c21665,Dokyo Dauntaun,"Dokyo Dauntaun, 424 N Chaparral St, Corpus Christi, TX 78401",27.795852,-97.3935941,"['Sushi restaurant', 'Bar', 'Cocktail bar', 'Japanese restaurant', 'Korean restaurant']",4.8,168,,"[['Saturday', '5–11PM'], ['Sunday', 'Closed'], ['Monday', '11AM–2PM'], ['Tuesday', '11AM–2PM'], ['Wednesday', '11AM–2PM'], ['Thursday', '11AM–2PM'], ['Friday', '11AM–2PM']]"
0x864c3397a816f26d:0x575fd488dcd33307,Sushi Q,"Sushi Q, 303 Swisher Rd #210, Lake Dallas, TX 75065",33.130244399999995,-97.0370889,"['Sushi restaurant', 'Japanese restaurant', 'Rice restaurant', 'Sushi takeaway']",4.7,148,,"[['Saturday', '12–9PM'], ['Sunday', 'Closed'], ['Monday', '12–9PM'], ['Tuesday', '12–9PM'], ['Wednesday', '12–9PM'], ['Thursday', '12–9PM'], ['Friday', '12–9PM']]"
0x864123baad39ef13:0x8072cb05cf543247,Mama Fu's Asian House,"Mama Fu's Asian House, 28818 Cinco Ranch Blvd #100, Katy, TX 77494",29.718593,-95.845905,"['Asian restaurant', 'Asian fusion restaurant', 'Japanese restaurant', 'Restaurant', 'Vegan restaurant', 'Vegetarian restaurant', 'Vietnamese restaurant']",3.6,148,$$,
0x864c1561dbac8b45:0x2e71722f462eb8ba,Koshi Sushi & Korean Restaurant,"Koshi Sushi & Korean Restaurant, 1910 N Stonebridge Dr Unit 150, McKinney, TX 75071",33.217704499999996,-96.7209563,['Authentic Japanese restaurant'],4.6,127,,"[['Saturday', '11AM–2:30PM'], ['Sunday', '11AM–2:30PM'], ['Monday', '4:30–9:30PM'], ['Tuesday', '4:30–9:30PM'], ['Wednesday', '4:30–9:30PM'], ['Thursday', '11AM–2:30PM'], ['Friday', '11AM–2:30PM']]"
0x8647370c137dbe53:0x8502c181a5ec5c1e,Sarku Japan,"Sarku Japan, 1201 Lake Woodlands Drive Space #2152, The Woodlands, TX 77380",30.1639642,-95.4552471,"['Japanese restaurant', 'Fast food restaurant', 'Restaurant', 'Sushi restaurant', 'Teppanyaki restaurant']",4.0,88,$,"[['Saturday', '11AM–8PM'], ['Sunday', '12–6PM'], ['Monday', '11AM–7PM'], ['Tuesday', '11AM–7PM'], ['Wednesday', '11AM–7PM'], ['Thursday', '11AM–7PM'], ['Friday', '11AM–8PM']]"
0x8644d6798ea91513:0x845e6079df3359b4,Mama Fu's Asian House,"Mama Fu's Asian House, 1003 W University Ave Suite 125, Georgetown, TX 78628",30.6324002,-97.69322179999999,"['Asian restaurant', 'Asian fusion restaurant', 'Japanese restaurant', 'Takeout Restaurant', 'Vegan restaurant', 'Vegetarian restaurant', 'Vietnamese restaurant']",3.2,168,$$,
0x86e757f27ad87033:0x78b857e2c295bc8d,Katsura Sushi Bar,"Katsura Sushi Bar, 5380 N Mesa St #101, El Paso, TX 79912",31.818351,-106.514921,"['Japanese restaurant', 'Bar & grill', 'Sushi restaurant']",3.8,268,$$,"[['Saturday', '12–11PM'], ['Sunday', '1–9PM'], ['Monday', '12–9PM'], ['Tuesday', '12–9PM'], ['Wednesday', '12–9PM'], ['Thursday', '12–9PM'], ['Friday', '12–11PM']]"
0x8640c37d5678cea7:0x583992831d6c85b3,IWA YA Teppanyaki & Sushi,"IWA YA Teppanyaki & Sushi, 9600 Bellaire Blvd #101A, Houston, TX 77036",29.7055781,-95.55062579999999,"['Teppanyaki restaurant', 'Japanese restaurant', 'Restaurant']",4.6,245,,"[['Saturday', '11:15AM–3PM'], ['Sunday', '11:15AM–3PM'], ['Monday', '11:15AM–3PM'], ['Tuesday', 'Closed'], ['Wednesday', '11:15AM–3PM'], ['Thursday', '11:15AM–3PM'], ['Friday', '11:15AM–3PM']]"
0x864127dce0230023:0x21265f2e9c2d94e5,PannTea Cafe 盼茶日餐,"PannTea Cafe 盼茶日餐, 23119 Colonial Pkwy Suite B5, Katy, TX 77449",29.7925015,-95.7729621,"['Japanese restaurant', 'Bubble tea store', 'Dessert shop', 'Fast food restaurant', 'Ramen restaurant']",4.5,68,$,"[['Saturday', '10:30AM–9PM'], ['Sunday', '10:30AM–8PM'], ['Monday', '10:30AM–7PM'], ['Tuesday', '10:30AM–7PM'], ['Wednesday', 'Closed'], ['Thursday', '10:30AM–7PM'], ['Friday', '10:30AM–9PM']]"
0x864dd55652daeaef:0xe56f42679e78bf05,Hibachi Sushi Steak House,"Hibachi Sushi Steak House, Euless, TX 76039",32.8798411,-97.1009406,['Japanese restaurant'],4.8,5,,"[['Saturday', '12–2:30PM'], ['Sunday', '12–2:30PM'], ['Monday', '11AM–2:30PM'], ['Tuesday', '11AM–2:30PM'], ['Wednesday', '11AM–2:30PM'], ['Thursday', '11AM–2:30PM'], ['Friday', '11AM–2:30PM']]"
0x864c13e081b1cf9d:0x6998032e16a8a3c9,Okada Japanese,"Okada Japanese, 2750 S Central Expy # 100, McKinney, TX 75070",33.1746707,-96.642853,"['Sushi restaurant', 'Asian restaurant', 'Japanese restaurant', 'Steak house']",4.2,366,$$,"[['Saturday', '11:30AM–2PM'], ['Sunday', '11:30AM–2PM'], ['Monday', '11:30AM–2PM'], ['Tuesday', '11:30AM–2PM'], ['Wednesday', '11:30AM–2PM'], ['Thursday', '11:30AM–2PM'], ['Friday', '11:30AM–2PM']]"
0x8668f5b8e3fc966b:0x463cd84544f4b653,Tokyo Hibachi Steak House,"Tokyo Hibachi Steak House, 5702 S Staples St c1, Corpus Christi, TX 78413",27.697401,-97.37573599999999,['Japanese restaurant'],4.0,178,,"[['Friday', '11AM–10PM'], ['Saturday', '11AM–10:30PM'], ['Sunday', '11AM–9PM'], ['Monday', '11AM–10PM'], ['Tuesday', '4–10PM'], ['Wednesday', '11AM–10PM'], ['Thursday', '11AM–10PM']]"
0x864dd16e13a5e0b3:0x6bf7b9652c77bc46,Fish & Knife Japanese Cuisine,"Fish & Knife Japanese Cuisine, 2001 TX-114 #190, Trophy Club, TX 76262",32.994332,-97.194283,"['Asian restaurant', 'Japanese restaurant', 'Restaurant', 'Sushi restaurant']",4.3,278,$$,"[['Friday', '10:30AM–10:30PM'], ['Saturday', '11:30AM–10:30PM'], ['Sunday', '11:30AM–9:30PM'], ['Monday', '10:30AM–9:30PM'], ['Tuesday', '10:30AM–9:30PM'], ['Wednesday', '10:30AM–9:30PM'], ['Thursday', '10:30AM–9:30PM']]"
0x864c272a2fc370a7:0x2cb6e2df26e404b3,Cbowls poke,"Cbowls poke, 13701 Midway Rd #105, Farmers Branch, TX 75244",32.934683899999996,-96.8397617,['Japanese restaurant'],4.5,218,$,"[['Friday', '11AM–9PM'], ['Saturday', '11AM–9PM'], ['Sunday', 'Closed'], ['Monday', '11AM–9PM'], ['Tuesday', '11AM–9PM'], ['Wednesday', '11AM–9PM'], ['Thursday', '11AM–9PM']]"
0x864c255ee9d035a7:0xafbe4dde6c09a874,"SUBEN Sushi+Bento (Sushi, Hibachi)","SUBEN Sushi+Bento (Sushi, Hibachi), 1025, 75010 W Hebron Pkwy #156, Carrollton, TX 75010",33.019592599999996,-96.9172444,['Japanese restaurant'],4.6,48,,"[['Friday', '11AM–3PM'], ['Saturday', '11AM–3PM'], ['Sunday', '11AM–3PM'], ['Monday', '11AM–3PM'], ['Tuesday', '11AM–3PM'], ['Wednesday', '11AM–3PM'], ['Thursday', '11AM–3PM']]"
0x8640cdd0bf486def:0xc722bc5ab4f49dd5,Toki,"Toki, 7135 Louetta Rd e, Spring, TX 77379",30.022104799999997,-95.5202044,['Japanese restaurant'],4.7,238,$,"[['Friday', '11:30AM–9:30PM'], ['Saturday', '11:30AM–9:30PM'], ['Sunday', '11:30AM–9PM'], ['Monday', 'Closed'], ['Tuesday', '11:30AM–9PM'], ['Wednesday', '11:30AM–9PM'], ['Thursday', '11:30AM–9PM']]"
0x864549704a018757:0xd74b84c53250880b,Ichiban Shogun Japanese Restaurant,"76548 Texas, Harker Heights, E Central Texas Expy, Ichiban Shogun Japanese Restaurant",31.0746549,-97.6537421,['Japanese restaurant'],4.3,278,,"[['Friday', '11AM–2:30PM'], ['Saturday', '2–10PM'], ['Sunday', '2–8:30PM'], ['Monday', 'Closed'], ['Tuesday', '11AM–2:30PM'], ['Wednesday', '11AM–2:30PM'], ['Thursday', '11AM–2:30PM']]"
0x863639990d34f389:0xc4bd866ceeba181,KUMORI JAPANESE RESTAURANT,"KUMORI JAPANESE RESTAURANT, 105 Ruthlynn Dr, Longview, TX 75605",32.530299,-94.7434784,['Japanese restaurant'],4.7,88,,"[['Friday', '11AM–2PM'], ['Saturday', '5–9PM'], ['Sunday', 'Closed'], ['Monday', '11AM–2PM'], ['Tuesday', '11AM–2PM'], ['Wednesday', '11AM–2PM'], ['Thursday', '11AM–2PM']]"
0x86e75a07c555ba8b:0xebe0bb9a1cb13b93,The Sushi Place - Fort Bliss,"The Sushi Place - Fort Bliss, 1617 Pleasonton Rd, Fort Bliss, TX 79916",31.8171097,-106.4274208,"['Sushi restaurant', 'Japanese restaurant']",3.2,178,,"[['Friday', '11AM–10PM'], ['Saturday', '12–10PM'], ['Sunday', '12–8PM'], ['Monday', '11AM–9PM'], ['Tuesday', '11AM–9PM'], ['Wednesday', '11AM–9PM'], ['Thursday', '11AM–9PM']]"
0x8649cc81128910ff:0x317c1ac87b8b36e0,Sake Sushi Japanese & Asian Fusion Restaurant,"Sake Sushi Japanese & Asian Fusion Restaurant, 5875 Old Bullard Rd, Tyler, TX 75703",32.28609,-95.306929,['Authentic Japanese restaurant'],4.8,53,,"[['Friday', '11AM–10:30PM'], ['Saturday', '11AM–10:30PM'], ['Sunday', '11AM–10PM'], ['Monday', '11AM–10PM'], ['Tuesday', '11AM–10PM'], ['Wednesday', '11AM–10PM'], ['Thursday', '11AM–10PM']]"
0x864c25771a20dd01:0x717e3ff17048c765,Kyodai Handroll & Seafood Bar,"Kyodai Handroll & Seafood Bar, 2626 N Josey Ln, Carrollton, TX 75007",32.988006999999996,-96.88997739999999,['Japanese restaurant'],4.5,18,,"[['Friday', '11AM–2:30PM'], ['Saturday', '11AM–2:30PM'], ['Sunday', '11AM–2:30PM'], ['Monday', '11AM–2:30PM'], ['Tuesday', 'Closed'], ['Wednesday', '11AM–2:30PM'], ['Thursday', '11AM–2:30PM']]"
0x86411e32cc6d4bc1:0xda8fb63ccf57c944,Ninja Japanese Cuisine,"Ninja Japanese Cuisine, 1800 Farm to Market 359, Richmond, TX 77406",29.6186889,-95.74266109999999,"['Japanese restaurant', 'Asian restaurant', 'Sushi restaurant']",4.7,662,$$,"[['Friday', '11AM–10PM'], ['Saturday', '11AM–10PM'], ['Sunday', '11AM–9PM'], ['Monday', 'Closed'], ['Tuesday', '11AM–9PM'], ['Wednesday', '11AM–9PM'], ['Thursday', '11AM–9PM']]"
0x8641b9f16dd1429f:0x599ed4d9bdbdf81,Yamato Hibachi & Sushi,"Yamato Hibachi & Sushi, 4500 7th St #200, Bay City, TX 77414",28.9842536,-95.93671959999999,"['Japanese restaurant', 'Japanese steakhouse', 'Kyoto style Japanese restaurant', 'Takeout Restaurant', 'Restaurant', 'Sushi restaurant', 'Sushi takeaway']",4.5,128,,"[['Friday', '11AM–10:30PM'], ['Saturday', '11AM–10:30AM'], ['Sunday', '11AM–9:30PM'], ['Monday', '11AM–9:30PM'], ['Tuesday', '11AM–9:30PM'], ['Wednesday', '11AM–9:30PM'], ['Thursday', '11AM–9:30PM']]"
0x8640c3d4642a59f7:0x4f898bb947a5a738,Ninja Matcha,"Ninja Matcha, 9889 Bellaire Blvd Suite D-220, Houston, TX 77036",29.7037978,-95.55331729999999,"['Tea store', 'Coffee shop', 'Dessert shop', 'Frozen yogurt shop', 'Ice cream shop', 'Japanese sweets restaurant', 'Tea house']",4.3,108,,"[['Friday', '11AM–11PM'], ['Saturday', '11AM–11PM'], ['Sunday', '11AM–9PM'], ['Monday', '11AM–9PM'], ['Tuesday', '11AM–9PM'], ['Wednesday', '11AM–9PM'], ['Thursday', '11AM–9PM']]"
0x864e6d7c5bb1a2c3:0xdb55d498c44d5e36,Sushi Tao,"Sushi Tao, 4938 Overton Ridge Blvd, Fort Worth, TX 76132",32.6771302,-97.4016041,"['Sushi restaurant', 'Japanese restaurant']",4.6,417,$$,"[['Friday', '11AM–3PM'], ['Saturday', '11AM–10PM'], ['Sunday', '12–9:30PM'], ['Monday', 'Closed'], ['Tuesday', '11AM–3PM'], ['Wednesday', '11AM–3PM'], ['Thursday', '11AM–3PM']]"
0x8640c0f2d32e4fb3:0x7a72130d9b169ada,Blue Fish House,"Blue Fish House, 2241 Richmond Ave, Houston, TX 77098",29.7338472,-95.4148639,"['Sushi restaurant', 'Asian restaurant', 'Japanese restaurant', 'Restaurant', 'Seafood restaurant', 'Southeast Asian restaurant', 'Thai restaurant']",4.2,37,$$,"[['Friday', '11AM–3PM'], ['Saturday', '12–10:30PM'], ['Sunday', 'Closed'], ['Monday', '11AM–3PM'], ['Tuesday', '11AM–3PM'], ['Wednesday', '11AM–3PM'], ['Thursday', '11AM–3PM']]"
0x8640ae4eaa7c817f:0xf44682bdbbf8b04a,Mama Fu's Asian House,"Mama Fu's Asian House, 14303 East Sam Houston Pkwy N #800, Houston, TX 77044",29.9281327,-95.20334419999999,"['Asian restaurant', 'Asian fusion restaurant', 'Japanese restaurant', 'Restaurant', 'Vegan restaurant', 'Vegetarian restaurant', 'Vietnamese restaurant']",3.3,107,$$,
0x866120bd0b0d3025:0x6d79bdce195aa6e0,Sushi Madre,"Sushi Madre, 8610 McPherson Rd, Laredo, TX 78045",27.5862485,-99.4765774,"['Asian fusion restaurant', 'Japanese restaurant', 'Latin American restaurant', 'Sushi restaurant']",4.4,544,$$,"[['Friday', '10AM–9PM'], ['Saturday', '10AM–9PM'], ['Sunday', '11AM–9PM'], ['Monday', '11AM–10PM'], ['Tuesday', '10AM–9PM'], ['Wednesday', '10AM–9PM'], ['Thursday', '10AM–9PM']]"
0x865b37eb310e0bfb:0x1717ddd8beaff12f,Tadashi,"Tadashi, 12820 Hill Country Blvd E-105, Bee Cave, TX 78738",30.3094623,-97.9410927,"['Japanese restaurant', 'Asian restaurant', 'Bar', 'Restaurant', 'Sushi restaurant']",4.1,206,$$,"[['Friday', '11AM–9:30PM'], ['Saturday', '12–9:30PM'], ['Sunday', 'Closed'], ['Monday', '11AM–9PM'], ['Tuesday', '11AM–9PM'], ['Wednesday', '11AM–9PM'], ['Thursday', '11AM–9PM']]"
0x864c124848c11479:0x50829980a612dbdf,Square Sushi,"Square Sushi, 101 N McDonald St, McKinney, TX 75069",33.1976213,-96.6128548,"['Japanese restaurant', 'Restaurant']",4.5,118,$,"[['Friday', '11AM–10PM'], ['Saturday', '11:30AM–10PM'], ['Sunday', '11:30AM–8:30PM'], ['Monday', '11AM–9PM'], ['Tuesday', '11AM–9PM'], ['Wednesday', '11AM–9PM'], ['Thursday', '11AM–9PM']]"
0x86687bbaad402a91:0xe0f162381704fa9,Rock Star Sushi and Hibachi,"Rock Star Sushi and Hibachi, 4101 Interstate Hwy 69 Access Rd STE B5 Five Points Shopping Center, Corpus Christi, TX 78410",27.857432199999998,-97.6323488,['Japanese restaurant'],4.2,178,,"[['Friday', '11AM–11PM'], ['Saturday', '11AM–11PM'], ['Sunday', '11AM–10PM'], ['Monday', '11AM–3PM'], ['Tuesday', '11AM–3PM'], ['Wednesday', '11AM–3PM'], ['Thursday', '11AM–3PM']]"
0x864c21f2f7d396df:0xc91a9bef4de07907,INO Japanese Bistro,"INO Japanese Bistro, 1920 N Coit Rd #250, Richardson, TX 75080",32.9773339,-96.7673008,"['Japanese restaurant', 'Restaurant']",4.4,156,$$,"[['Friday', '11:30AM–2PM'], ['Saturday', '5:30–10PM'], ['Sunday', 'Closed'], ['Monday', 'Closed'], ['Tuesday', '11:30AM–2PM'], ['Wednesday', '11:30AM–2PM'], ['Thursday', '11:30AM–2PM']]"
0x8640e7100470affd:0x235aaecd6df45e3d,Teriyaki Kitchen,"Teriyaki Kitchen, 16525 Lexington Blvd STE 160, Sugar Land, TX 77479",29.5877144,-95.623412,"['Japanese restaurant', 'Korean restaurant']",4.9,88,,"[['Friday', '11AM–9PM'], ['Saturday', '11AM–9PM'], ['Sunday', 'Closed'], ['Monday', '11AM–9PM'], ['Tuesday', '11AM–9PM'], ['Wednesday', '11AM–9PM'], ['Thursday', '11AM–9PM']]"
0x864c19c5218b9d07:0xea88cc4643f77b65,Sutadonya,"Sutadonya, 120 Legacy Dr, Plano, TX 75023",33.066811799999996,-96.69363279999999,['Japanese curry restaurant'],3.5,64,,"[['Friday', '11AM–8PM'], ['Saturday', '11AM–8PM'], ['Sunday', '11AM–8PM'], ['Monday', '11AM–8PM'], ['Tuesday', 'Closed'], ['Wednesday', '11AM–8PM'], ['Thursday', '11AM–8PM']]"
0x864c1f24e30161e1:0xe9f869f4a3524060,Ishin Sushi & Sake Bar,"Ishin Sushi & Sake Bar, 720 E Campbell Rd #430, Richardson, TX 75081",32.9743627,-96.71508039999999,['Japanese restaurant'],4.7,57,,"[['Friday', '11AM–2PM'], ['Saturday', '4:30–10PM'], ['Sunday', 'Closed'], ['Monday', '11AM–2PM'], ['Tuesday', '11AM–2PM'], ['Wednesday', '11AM–2PM'], ['Thursday', '11AM–2PM']]"
0x863639c8021750c3:0xa8de85343ac8f37c,Matsu Japanese Steak House,"Matsu Japanese Steak House, 4620 TX-31, Kilgore, TX 75662",32.443875999999996,-94.817579,"['Japanese restaurant', 'Asian restaurant', 'Japanese steakhouse', 'Sushi restaurant']",4.5,178,$$,"[['Friday', '5–10PM'], ['Saturday', '5–10PM'], ['Sunday', 'Closed'], ['Monday', '5–9PM'], ['Tuesday', '5–9PM'], ['Wednesday', '5–9PM'], ['Thursday', '5–9PM']]"
0x864e736ad226e83d:0xe485f5a077a7da02,Hashi Japanese Kitchen - Fort Worth,"Texas, Fort Worth, Camp Bowie Blvd, Hashi Japanese Kitchen - Fort Worth邮政编码: 76116",32.7265665,-97.4218977,"['Japanese restaurant', 'Japanese steakhouse', 'Takeout Restaurant', 'Restaurant', 'Sushi restaurant', 'Sushi takeaway']",4.4,118,,"[['Friday', '11AM–10PM'], ['Saturday', '11AM–10PM'], ['Sunday', '11AM–9PM'], ['Monday', '11AM–9PM'], ['Tuesday', '11AM–9PM'], ['Wednesday', '11AM–9PM'], ['Thursday', '11AM–9PM']]"
0x865c58aa8121136f:0x8cace7b2a3e7dcc6,Little Tokyo,"Little Tokyo, 849 E Commerce St #153, San Antonio, TX 78205",29.4240291,-98.4845466,"['Restaurant', 'Asian restaurant', 'Chinese restaurant', 'Japanese restaurant']",3.3,156,$$,"[['Friday', '10AM–7PM'], ['Saturday', '10AM–7PM'], ['Sunday', '10AM–6PM'], ['Monday', '10AM–6PM'], ['Tuesday', '10AM–5PM'], ['Wednesday', '10AM–6PM'], ['Thursday', '10AM–6PM']]"
0x8644cb48cd2fd2ed:0x95ad341936ef6b5b,Ato Chef's Table,"Ato Chef's Table, 8309 Research Blvd Suite B, Austin, TX 78758",30.356132199999998,-97.71483339999999,"['Japanese restaurant', 'Asian fusion restaurant', 'Sushi takeaway']",5.0,8,,"[['Thursday', '4:30–11PM'], ['Friday', '4:30PM–12AM'], ['Saturday', '5PM–12AM'], ['Sunday', '4:30–11PM'], ['Monday', 'Closed'], ['Tuesday', 'Closed'], ['Wednesday', '4:30–10:30PM']]"
0x8640d36c93c7c495:0xa0e0e77d4efda59b,Katsu Bar & Noodle,"Katsu Bar & Noodle, 15556 Cutten Rd #500, Houston, TX 77070",29.9982527,-95.56242519999999,['Japanese restaurant'],4.5,207,,"[['Thursday', '11:30AM–8:30PM'], ['Friday', '11:30AM–8:30PM'], ['Saturday', '11:30AM–8:30PM'], ['Sunday', '11:30AM–8:30PM'], ['Monday', '11:30AM–8:30PM'], ['Tuesday', '11:30AM–8:30PM'], ['Wednesday', '11:30AM–8:30PM']]"
0x8640d6602299b0b5:0xd9561a79f0fbcf6f,Taisho Japanese Grill & Sushi Bar,"Taisho Japanese Grill & Sushi Bar, 9955 Barker Cypress Rd #102, Cypress, TX 77433",29.9223832,-95.688586,"['Teppanyaki restaurant', 'Japanese restaurant']",4.2,348,$$,"[['Thursday', '11:15AM–10PM'], ['Friday', '11:15AM–11PM'], ['Saturday', '11:15AM–11PM'], ['Sunday', '11:15AM–10PM'], ['Monday', '11:15AM–10PM'], ['Tuesday', '11:15AM–10PM'], ['Wednesday', '11:15AM–10PM']]"
0x864e62e31fff45dd:0x30567fafbc615f25,Mr. Hibachi,"Mr. Hibachi, 5005 S Cooper St #151, Arlington, TX 76017",32.664326599999995,-97.1334681,['Japanese restaurant'],4.4,708,$$,"[['Thursday', '11AM–2:30PM'], ['Friday', '11AM–10:30PM'], ['Saturday', '11AM–10:30PM'], ['Sunday', '11:30AM–10PM'], ['Monday', '11AM–2:30PM'], ['Tuesday', '11AM–2:30PM'], ['Wednesday', '11AM–2:30PM']]"
0x864c020fd796c80b:0x6f73d03a8aecbff3,Kyoto Japanese Steakhouse,"Kyoto Japanese Steakhouse, 9900 Lakeview Pkwy, Rowlett, TX 75088",32.9209142,-96.5059368,['Japanese steakhouse'],4.1,478,$$,"[['Thursday', '11AM–9:30PM'], ['Friday', '11AM–9:30PM'], ['Saturday', '12–10:30PM'], ['Sunday', '12–9:30PM'], ['Monday', '11AM–9:30PM'], ['Tuesday', '11AM–9:30PM'], ['Wednesday', '11AM–9:30PM']]"
0x8665a758fab7c91d:0xff03c15353a3773d,Little Tokyo,"Little Tokyo, 2200 S 10th St, McAllen, TX 78503",26.185757499999998,-98.23561699999999,['Japanese restaurant'],3.9,154,,"[['Thursday', '10AM–9PM'], ['Friday', '10AM–9PM'], ['Saturday', '10AM–9PM'], ['Sunday', '10AM–9PM'], ['Monday', '10AM–9PM'], ['Tuesday', '10AM–9PM'], ['Wednesday', '10AM–9PM']]"
0x864c2127a23c72c7:0x7db6f8126a1410cd,The Blue Fish Galleria Dallas,"The Blue Fish Galleria Dallas, 13270 Dallas Pkwy #1165, Dallas, TX 75240",32.9293449,-96.82029109999999,"['Sushi restaurant', 'Asian restaurant', 'Japanese restaurant', 'Seafood restaurant']",4.3,88,$$,"[['Thursday', '11AM–9PM'], ['Friday', '11AM–10PM'], ['Saturday', '12–10PM'], ['Sunday', '12–9PM'], ['Monday', '11AM–9PM'], ['Tuesday', '11AM–9PM'], ['Wednesday', '11AM–9PM']]"
0x864c25fb4469f04d:0x2790bb113984f7d1,Yama Izakaya&Sushi,"Yama Izakaya&Sushi, 2625 Old Denton Rd #920, Carrollton, TX 75007",32.984363,-96.9111061,"['Japanese restaurant', 'Izakaya restaurant']",4.3,228,,"[['Thursday', '5:30PM–2AM'], ['Friday', '5:30PM–2AM'], ['Saturday', '11:30AM–2AM'], ['Sunday', '11:30AM–11PM'], ['Monday', '5:30PM–2AM'], ['Tuesday', '5:30PM–2AM'], ['Wednesday', '5:30PM–2AM']]"
0x86e7440dbdee908b:0xad91c3a27fd614b4,Makoto Sushi,"Makoto Sushi, 2301 N Zaragoza Rd #209, El Paso, TX 79938",31.776865899999997,-106.2523982,"['Sushi restaurant', 'Asian restaurant', 'Japanese restaurant']",3.9,178,$$,"[['Thursday', '12–9PM'], ['Friday', '12–9PM'], ['Saturday', '12–9PM'], ['Sunday', '12–9PM'], ['Monday', '12–9PM'], ['Tuesday', 'Closed'], ['Wednesday', 'Closed']]"
0x8640d2883b404cd9:0x45f37c35ca386f98,Shogun,"Shogun, 114 Vintage Park Blvd, Houston, TX 77070",29.994441,-95.57243629999999,"['Japanese restaurant', 'Bar', 'Restaurant']",4.0,438,$$,"[['Thursday', '11:30AM–9:30PM'], ['Friday', '11:30AM–10PM'], ['Saturday', '11:30AM–10PM'], ['Sunday', '11:30AM–9PM'], ['Monday', '11:30AM–9:30PM'], ['Tuesday', '11:30AM–9:30PM'], ['Wednesday', '11:30AM–9:30PM']]"
0x8665a739f135f86d:0x907da29ee21f5fda,Mikhuna Restaurant,"Mikhuna Restaurant, 905 N Main St, McAllen, TX 78501",26.2125243,-98.2332291,"['South American restaurant', 'Japanese restaurant', 'Peruvian restaurant']",4.6,273,,"[['Thursday', '5–10PM'], ['Friday', '5–11PM'], ['Saturday', '2–11PM'], ['Sunday', 'Closed'], ['Monday', '5–10PM'], ['Tuesday', '5–10PM'], ['Wednesday', '5–10PM']]"
0x864e7cba57a4dcc5:0xdade9da37b6aa3cf,Little Tokyo Restaurant,"Little Tokyo Restaurant, 3901 W Arkansas Ln #103, Arlington, TX 76016",32.707335,-97.165548,"['Japanese restaurant', 'Asian fusion restaurant', 'Asian restaurant', 'Authentic Japanese restaurant', 'Restaurant', 'Sushi restaurant']",4.5,275,$$,"[['Thursday', '11AM–9PM'], ['Friday', '11AM–9PM'], ['Saturday', '11AM–9PM'], ['Sunday', '12–8PM'], ['Monday', '11AM–9PM'], ['Tuesday', '11AM–9PM'], ['Wednesday', '11AM–9PM']]"
0x8640d714424d23ab:0xd0a96e9cd2417275,Kobehana's Steak House And Sushi Bar,"Kobehana's Steak House And Sushi Bar, 17310 Farm to Market Rd 529 # 101, Houston, TX 77095",29.879471,-95.670571,"['Sushi restaurant', 'Japanese restaurant', 'Steak house']",3.9,73,,"[['Thursday', '11AM–10PM'], ['Friday', '11AM–10:30PM'], ['Saturday', '11AM–10:30PM'], ['Sunday', '12–9PM'], ['Monday', 'Closed'], ['Tuesday', '11AM–10PM'], ['Wednesday', '11AM–10PM']]"
0x864ea5402d45519b:0x19b3684c3ab36b15,China City Restaurant,"China City Restaurant, 1433 S Beltline Rd, Mesquite, TX 75149",32.747347999999995,-96.59711899999999,"['Chinese restaurant', 'Asian restaurant', 'Japanese restaurant', 'Delivery Restaurant', 'Restaurant']",3.5,245,$$,"[['Thursday', '11AM–10PM'], ['Friday', '11AM–10PM'], ['Saturday', '11AM–10PM'], ['Sunday', '11AM–10PM'], ['Monday', '11AM–10PM'], ['Tuesday', '11AM–10PM'], ['Wednesday', '11AM–10PM']]"
0x865ca9b2b4cf438d:0x4472a660d7429d9a,Japan Latino Sushi & Steak,"Japan Latino Sushi & Steak, 1328 IH 35 S #7130, San Marcos, TX 78666",29.8880333,-97.915703,"['Japanese steakhouse', 'Asian restaurant', 'Japanese restaurant', 'Restaurant', 'Steak house', 'Sushi restaurant']",4.1,178,$$,"[['Thursday', '11AM–3PM'], ['Friday', '11AM–3PM'], ['Saturday', '11AM–3PM'], ['Sunday', '12–3PM'], ['Monday', 'Closed'], ['Tuesday', '11AM–3PM'], ['Wednesday', '11AM–3PM']]"
0x864c2ce067b0b313:0x561935aafe2033c3,Edohana Sushi,"Edohana Sushi, 1900 Long Prairie Rd #142, Flower Mound, TX 75022",33.011672499999996,-97.070128,"['Sushi restaurant', 'Asian restaurant', 'Japanese restaurant']",4.5,117,$$,"[['Thursday', '5–9PM'], ['Friday', '5–9PM'], ['Saturday', '5–9PM'], ['Sunday', 'Closed'], ['Monday', '5–9PM'], ['Tuesday', '5–9PM'], ['Wednesday', '5–9PM']]"
0x864c29856fae1f9f:0x92c2d7ed8e7cee0,Maui Fresh Grill,"Maui Fresh Grill, 3285 Regent Blvd #130, Irving, TX 75063",32.920768699999996,-96.9884704,"['Hawaiian restaurant', 'Asian fusion restaurant', 'Asian restaurant', 'Japanese restaurant', 'Restaurant']",4.8,323,,"[['Thursday', '11AM–9PM'], ['Friday', '11AM–9PM'], ['Saturday', '11AM–9PM'], ['Sunday', '11AM–5PM'], ['Monday', '11AM–9PM'], ['Tuesday', '11AM–9PM'], ['Wednesday', '11AM–9PM']]"
0x864c3b31b675c67d:0x5b8e140a1a5716f0,BoXo Hibachi and Sushi,"BoXo Hibachi and Sushi, #170 5701, TX-121, The Colony, TX 75056",33.078350199999996,-96.86596349999999,"['Asian restaurant', 'Japanese restaurant', 'Delivery Restaurant', 'Restaurant', 'Sushi restaurant']",4.3,298,$,"[['Thursday', '12–9PM'], ['Friday', '12–9:30PM'], ['Saturday', '12–9:30PM'], ['Sunday', '1–8:30PM'], ['Monday', 'Closed'], ['Tuesday', '12–9PM'], ['Wednesday', '12–9PM']]"
0x864e762617fe90d3:0xeab5908ac0edf33a,Wabi Sabi Sushi,"Wabi Sabi Sushi, 2740 Western Center Blvd #516, Fort Worth, TX 76131",32.8606094,-97.319947,"['Sushi restaurant', 'Authentic Japanese restaurant', 'Japanese restaurant', 'Takeout Restaurant', 'Seafood restaurant', 'Sushi takeaway']",4.6,377,$$,"[['Thursday', '11AM–2PM'], ['Friday', '11AM–2PM'], ['Saturday', '4–10PM'], ['Sunday', '4–10PM'], ['Monday', 'Closed'], ['Tuesday', '11AM–2PM'], ['Wednesday', '11AM–2PM']]"
0x864093a40ccc6c79:0xf44ac7a8b5839fd8,Little Tokyo,"Little Tokyo, 8201 Broadway Street Dr Suite 101, Pearland, TX 77581",29.559565,-95.345629,"['Japanese restaurant', 'Sushi restaurant']",4.1,208,$$,"[['Thursday', '11AM–9PM'], ['Friday', '11AM–9PM'], ['Saturday', '4–9PM'], ['Sunday', 'Closed'], ['Monday', 'Closed'], ['Tuesday', '11AM–9PM'], ['Wednesday', '11AM–9PM']]"
0x864c23ccff284183:0x3e08c9204811adc2,Mizu Asian Fusion Sushi & Grill,"Mizu Asian Fusion Sushi & Grill, 18204 Preston Rd e1, Dallas, TX 75252",32.9986312,-96.7947272,"['Japanese restaurant', 'Asian fusion restaurant', 'Asian restaurant', 'Authentic Japanese restaurant']",4.5,38,$$,"[['Thursday', '11AM–10PM'], ['Friday', '11AM–11PM'], ['Saturday', '11AM–11PM'], ['Sunday', '11AM–10PM'], ['Monday', '11AM–10PM'], ['Tuesday', '11AM–10PM'], ['Wednesday', '11AM–10PM']]"
0x8640c31180031f13:0x1f44b2a69b820a09,Kaneyama,"Kaneyama, 9527 Westheimer Rd D, Houston, TX 77063",29.73614,-95.534111,['Japanese restaurant'],4.2,174,$$,"[['Thursday', '11AM–10PM'], ['Friday', '11AM–11PM'], ['Saturday', '12–11PM'], ['Sunday', '4–10PM'], ['Monday', '11AM–10PM'], ['Tuesday', '11AM–10PM'], ['Wednesday', '11AM–10PM']]"
0x8640ac7bbd5bdda3:0x1fbfa06bef05c94d,Wazabi,"Wazabi, 8130 Farm to Market 1960 Rd E, Humble, TX 77346",30.0035819,-95.1511931,"['Sushi restaurant', 'Asian restaurant', 'Japanese restaurant', 'Seafood restaurant']",4.5,206,$$,"[['Tuesday', '5–10PM'], ['Wednesday', '5–10PM'], ['Thursday', '5–10PM'], ['Friday', '5–10PM'], ['Saturday', '5–10PM'], ['Sunday', 'Closed'], ['Monday', '5–10PM']]"
0x865c8cc3c68144fd:0x8683c0dfd73213fe,Beijing House Restaurant,"Beijing House Restaurant, 11403 O'Connor Rd Ste-101, San Antonio, TX 78233",29.5437445,-98.368121,"['Chinese restaurant', 'Asian restaurant', 'Japanese restaurant', 'Southeast Asian restaurant', 'Thai restaurant', 'Vietnamese restaurant']",4.1,493,$$,"[['Tuesday', '11AM–9:30PM'], ['Wednesday', '11AM–9:30PM'], ['Thursday', '11AM–9:30PM'], ['Friday', '11AM–10PM'], ['Saturday', '11AM–10PM'], ['Sunday', 'Closed'], ['Monday', '11AM–9:30PM']]"
0x86fe0d205fa149d5:0xc46c94394a6aed94,Ohana Japanese Steakhouse,"Ohana Japanese Steakhouse, 5510 4th St #100, Lubbock, TX 79416",33.5933968,-101.93245639999999,"['Japanese restaurant', 'Bar', 'Japanese steakhouse', 'Sushi restaurant']",4.1,487,$$,"[['Tuesday', '11AM–2:30PM'], ['Wednesday', '11AM–2:30PM'], ['Thursday', '11AM–2:30PM'], ['Friday', '11AM–2:30PM'], ['Saturday', '11AM–2:30PM'], ['Sunday', '11AM–2:30PM'], ['Monday', '11AM–2:30PM']]"
0x8640e76bec4391ef:0x68c9b49c407cafd4,Ming Chinese & Sushi Restaurant,"Ming Chinese & Sushi Restaurant, 13500 W Airport Blvd H, Sugar Land, TX 77498",29.6514682,-95.6202198,"['Restaurant', 'Chinese restaurant', 'Japanese restaurant', 'Delivery Restaurant']",4.3,253,,"[['Tuesday', 'Closed'], ['Wednesday', '11AM–9:30PM'], ['Thursday', '11AM–9:30PM'], ['Friday', '11AM–10PM'], ['Saturday', '11AM–10PM'], ['Sunday', '12–9PM'], ['Monday', '11AM–9:30PM']]"
0x86426733f100d401:0xf46991fbc9f542f5,Grand Buffet Chinese Restaurant,"Grand Buffet Chinese Restaurant, 4303 N Navarro St, Victoria, TX 77901",28.834724299999998,-97.002977,"['Chinese restaurant', 'Asian restaurant', 'Buffet restaurant', 'Japanese restaurant']",4.0,617,$$,"[['Tuesday', '11AM–9PM'], ['Wednesday', '11AM–9PM'], ['Thursday', '11AM–9PM'], ['Friday', '11AM–9PM'], ['Saturday', '11AM–9PM'], ['Sunday', '11AM–9PM'], ['Monday', '11AM–9PM']]"
0x864e99c5c28cf5f5:0x555945b4f129a4c8,Nori Handroll Bar,"Nori Handroll Bar, 2814 Elm St, Dallas, TX 75226",32.7845651,-96.78294989999999,"['Sushi restaurant', 'Asian restaurant', 'Izakaya restaurant', 'Japanese restaurant', 'Japanese sweets restaurant', 'Modern izakaya restaurants', 'Restaurant', 'Tapas bar', 'Tea house']",4.6,248,,"[['Tuesday', '5–10PM'], ['Wednesday', '5–10PM'], ['Thursday', '5–10PM'], ['Friday', '5–10PM'], ['Saturday', '12–10PM'], ['Sunday', '12–9PM'], ['Monday', '5–10PM']]"
0x8649cc9ce7f2b35f:0xb6a5091378c9fad3,Mikoto Ramen Bar and Sushi,"Mikoto Ramen Bar and Sushi, 6611 S Broadway Ave Suite 200, Tyler, TX 75703",32.277476,-95.307064,"['Japanese restaurant', 'Asian fusion restaurant', 'Asian restaurant', 'Chinese restaurant', 'Restaurant', 'Sushi restaurant']",4.6,968,$$,"[['Tuesday', '11AM–10PM'], ['Wednesday', '11AM–10PM'], ['Thursday', '11AM–10PM'], ['Friday', '11AM–10PM'], ['Saturday', '11AM–10PM'], ['Sunday', '11AM–10PM'], ['Monday', '11AM–10PM']]"
0x86409c86763645b3:0x9cac0ad880a9c861,Sushi Coast,"Sushi Coast, 528 Bay Area Blvd # 1200, Webster, TX 77598, United States",29.545569999999998,-95.134271,"['Sushi restaurant', 'Asian restaurant', 'Japanese restaurant']",4.3,438,$$,"[['Tuesday', '11AM–9PM'], ['Wednesday', '11AM–9PM'], ['Thursday', '11AM–9PM'], ['Friday', '11AM–10PM'], ['Saturday', '11AM–10PM'], ['Sunday', '12–9PM'], ['Monday', '11AM–9PM']]"
0x865be2ee1aa1aed1:0x787d8e04ca36a623,Sake,"Sake, 845 Junction Hwy, Kerrville, TX 78028",30.056373899999997,-99.1627185,"['Sushi restaurant', 'Asian fusion restaurant', 'Japanese restaurant']",4.5,304,$$,"[['Tuesday', '11AM–9PM'], ['Wednesday', '11AM–9PM'], ['Thursday', '11AM–9PM'], ['Friday', '11AM–10PM'], ['Saturday', '11AM–9PM'], ['Sunday', 'Closed'], ['Monday', '11AM–9PM']]"
0x864e8230ec033d3b:0x4b74960f9246d34c,Hanaki Japanese Cuisine,"Hanaki Japanese Cuisine, 3045 N Belt Line Rd, Irving, TX 75062",32.8486835,-96.9936369,"['Japanese restaurant', 'Asian restaurant', 'Sushi restaurant']",4.5,438,$$,"[['Tuesday', '11:30AM–9PM'], ['Wednesday', '11:30AM–9PM'], ['Thursday', '11:30AM–9PM'], ['Friday', '11:30AM–9PM'], ['Saturday', '11:30AM–9PM'], ['Sunday', '11:30AM–9PM'], ['Monday', '11:30AM–9PM']]"
0x864e62e03b2286b7:0x652e3d0d9effda27,Ninja Ramen,"Ninja Ramen, 4654 S Cooper St #340, Arlington, TX 76017",32.670914599999996,-97.1351631,"['Ramen restaurant', 'Asian restaurant', 'Bar & grill', 'Japanese restaurant', 'Vegetarian restaurant']",4.3,1118,$$,"[['Tuesday', '11:30AM–11:45PM'], ['Wednesday', '11:30AM–11:45PM'], ['Thursday', '11:30AM–11:45PM'], ['Friday', '11:30AM–11:45PM'], ['Saturday', '11:30AM–11:45PM'], ['Sunday', '12–11:45PM'], ['Monday', '11:30AM–11:45PM']]"
0x864e823bbd650599:0xd6c68bd56d21af90,Maki Boy,"Maki Boy, 3455 N Belt Line Rd, Irving, TX 75062",32.85409,-96.99321429999999,['Japanese restaurant'],4.6,858,$,"[['Tuesday', '11:30AM–2:30PM'], ['Wednesday', '11:30AM–2:30PM'], ['Thursday', '11:30AM–2:30PM'], ['Friday', '11AM–10PM'], ['Saturday', '12:30–9:30PM'], ['Sunday', '12:30–9PM'], ['Monday', '11:30AM–2:30PM']]"
0x864c26cb63659c0b:0xa10790dc28b024f9,Osaka Sushi Grill,"Osaka Sushi Grill, 4350 Belt Line Rd, Addison, TX 75001",32.9539524,-96.8373629,"['Sushi restaurant', 'Bar & grill', 'Buffet restaurant', 'Japanese restaurant']",4.2,1766,$$,"[['Tuesday', '11AM–2:30PM'], ['Wednesday', '11AM–2:30PM'], ['Thursday', '11AM–2:30PM'], ['Friday', '11AM–2:30PM'], ['Saturday', '11:30AM–3PM'], ['Sunday', '11:30AM–3PM'], ['Monday', '11AM–2:30PM']]"
0x865c61ece3a67cb7:0xf3dfafd8ea598923,Sushishima Japanese Restaurant (Castle Hills),"Sushishima Japanese Restaurant (Castle Hills), 2211 NW Military Hwy Suite 132, Castle Hills, TX 78213",29.534801899999998,-98.5236133,['Japanese restaurant'],4.7,93,$$,"[['Tuesday', '11AM–10PM'], ['Wednesday', '11AM–10PM'], ['Thursday', '11AM–10PM'], ['Friday', '11AM–10PM'], ['Saturday', '12–10PM'], ['Sunday', '12–10PM'], ['Monday', '11AM–10PM']]"
0x864708977ec0c023:0x1fdbd02bf3f28d80,Tokyo Grill and Sushi,"Tokyo Grill and Sushi, 2019 Sam Houston Ave, Huntsville, TX 77340",30.7116944,-95.55088889999999,"['Japanese restaurant', 'Restaurant']",4.7,166,,"[['Tuesday', '11AM–2:30PM'], ['Wednesday', '11AM–2:30PM'], ['Thursday', '11AM–2:30PM'], ['Friday', '11AM–2:30PM'], ['Saturday', 'Closed'], ['Sunday', 'Closed'], ['Monday', '11AM–2:30PM']]"
0x864e992640c30fb3:0xa0ad80a08e27739c,Tei-An,"Tei-An, 1722 Routh St #110, Dallas, TX 75201",32.7920522,-96.7955078,['Japanese restaurant'],4.5,425,$$$,"[['Tuesday', '11:30AM–2PM'], ['Wednesday', '11:30AM–2PM'], ['Thursday', '11:30AM–2PM'], ['Friday', '11:30AM–2PM'], ['Saturday', '5:30–10:30PM'], ['Sunday', 'Closed'], ['Monday', 'Closed']]"
0x864c15997c8c282b:0xf8fbd2ecfbd30892,Kobe Steak and Sushi McKinney,"Kobe Steak and Sushi McKinney, 3300 Eldorado Pkwy STE 100, McKinney, TX 75070",33.168873999999995,-96.6666353,"['Japanese restaurant', 'Sushi restaurant']",4.0,276,$$,"[['Tuesday', '11AM–2:30PM'], ['Wednesday', '11AM–2:30PM'], ['Thursday', '11AM–2:30PM'], ['Friday', '11AM–2:30PM'], ['Saturday', '11AM–2:30PM'], ['Sunday', '11AM–2:30PM'], ['Monday', '11AM–2:30PM']]"
0x8640cd85753a739d:0x37601b904c582753,Hayashi Hibachi,"Hayashi Hibachi, 4100 Cypress Creek Pkwy, Houston, TX 77068",29.9924395,-95.4916756,"['Teppanyaki restaurant', 'Bar & grill', 'Delivery Chinese restaurant', 'Delivery service', 'Japanese steakhouse', 'Soup kitchen', 'Sushi restaurant']",4.6,465,$$,"[['Monday', '11AM–3PM'], ['Tuesday', '11AM–3PM'], ['Wednesday', '11AM–3PM'], ['Thursday', '11AM–3PM'], ['Friday', '11AM–3PM'], ['Saturday', '11AM–10PM'], ['Sunday', '11AM–9:30PM']]"
0x865cf787152d4dc9:0xaaf6d80d04d7b652,Kuriya @ Cherrity Bar,"Kuriya @ Cherrity Bar, 302 Montana St, San Antonio, TX 78203",29.4183848,-98.4760541,"['Japanese restaurant', 'Ramen restaurant', 'Restaurant']",4.7,148,,"[['Monday', 'Closed'], ['Tuesday', '11AM–10PM'], ['Wednesday', '11AM–10PM'], ['Thursday', '11AM–10PM'], ['Friday', '11AM–10PM'], ['Saturday', '12–10PM'], ['Sunday', 'Closed']]"
0x86412250397421bb:0x9df81701157dbe68,Yen Teppanyaki and Sushi Steakhouse,"Yen Teppanyaki and Sushi Steakhouse, 6630 FM 1463, Fulshear, TX 77441",29.696996,-95.8467513,"['Teppanyaki restaurant', 'Japanese restaurant', 'Restaurant']",4.2,258,$$,"[['Monday', '5–10PM'], ['Tuesday', '5–10PM'], ['Wednesday', '5–10PM'], ['Thursday', '11AM–10PM'], ['Friday', '11AM–10PM'], ['Saturday', '11:30AM–10PM'], ['Sunday', '11:30AM–9:30PM']]"
0x8640acd61752d59f:0xce29ccbffc6580f2,Mama Fu's Asian House,"Mama Fu's Asian House, 4535 Kingwood Dr #100, Kingwood, TX 77345",30.051717699999998,-95.18064629999999,"['Asian restaurant', 'Asian fusion restaurant', 'Japanese restaurant', 'Restaurant', 'Vegan restaurant', 'Vegetarian restaurant', 'Vietnamese restaurant']",3.2,136,$$,"[['Monday', '11AM–9PM'], ['Tuesday', '11AM–9PM'], ['Wednesday', '11AM–9PM'], ['Thursday', '11AM–9PM'], ['Friday', '11AM–10PM'], ['Saturday', '11AM–10PM'], ['Sunday', '11AM–9PM']]"
0x864e7f3387e338b9:0x81ca9106b6c65ca6,Sushi Soho,"Sushi Soho, 1925 Airport Fwy, Bedford, TX 76021",32.8377494,-97.13630669999999,['Japanese restaurant'],4.4,453,,"[['Monday', '11AM–9:30PM'], ['Tuesday', '11AM–9:30PM'], ['Wednesday', '11AM–9:30PM'], ['Thursday', '11AM–9:30PM'], ['Friday', '11AM–10:30PM'], ['Saturday', '11AM–10:30PM'], ['Sunday', '11AM–9:30PM']]"
0x864eeeb7f3063f55:0xa202c3c8ec6ee85e,Ohana - *Sushi*Ramen*Poke,"Ohana - *Sushi*Ramen*Poke, 1101 US-287 BYP, Waxahachie, TX 75165",32.4201834,-96.84552629999999,"['Sushi restaurant', 'Japanese restaurant', 'Ramen restaurant']",4.7,785,$$,"[['Monday', '11AM–9PM'], ['Tuesday', '11AM–9PM'], ['Wednesday', '11AM–9PM'], ['Thursday', '11AM–9PM'], ['Friday', '11AM–10PM'], ['Saturday', '12–10PM'], ['Sunday', '11AM–9PM']]"
0x864e993da6d5f639:0xa691760dfe71166,Zenna Thai & Japanese Restaurant,"Zenna Thai & Japanese Restaurant, 300 N Akard St, Dallas, TX 75204",32.782289399999996,-96.79989839999999,"['Thai restaurant', 'Asian restaurant', 'Japanese restaurant', 'Restaurant', 'Southeast Asian restaurant', 'Sushi restaurant']",3.7,2135,$,"[['Monday', '4PM–12AM'], ['Tuesday', '4PM–12AM'], ['Wednesday', '4PM–12AM'], ['Thursday', '4PM–12AM'], ['Friday', '4PM–12AM'], ['Saturday', '4PM–12AM'], ['Sunday', '4PM–12AM']]"
0x864e9ec8a1c32b19:0xd247c8ebc5ecb0f6,Poke Bop (Lemmon),"Poke Bop (Lemmon), 4103 Lemmon Ave, Dallas, TX 75219",32.8148228,-96.80962489999999,"['Sushi restaurant', 'Bubble tea store', 'Japanese restaurant']",4.5,305,$$,"[['Monday', '11AM–9PM'], ['Tuesday', '11AM–9PM'], ['Wednesday', '11AM–9PM'], ['Thursday', '11AM–9PM'], ['Friday', '11AM–9PM'], ['Saturday', '11AM–9PM'], ['Sunday', '11AM–9PM']]"
0x864e9f63cecfefaf:0x57b34c985c7535b4,Poke Bop (Lakewood & Lower Greenville),"Poke Bop (Lakewood & Lower Greenville), 4140 Abrams Rd, Dallas, TX 75214",32.8360329,-96.7525711,"['Sushi restaurant', 'Bubble tea store', 'Japanese restaurant']",4.5,144,,"[['Monday', '11AM–9PM'], ['Tuesday', '11AM–9PM'], ['Wednesday', '11AM–9PM'], ['Thursday', '11AM–9PM'], ['Friday', '11AM–9PM'], ['Saturday', '11AM–9PM'], ['Sunday', '11AM–9PM']]"
0x86fe726f9e824fb7:0x1ad82370528e5163,Pei Wei Asian Kitchen,"Pei Wei Asian Kitchen, 4210 82nd St, Lubbock, TX 79423",33.5205414,-101.902334,"['Restaurant', 'Asian fusion restaurant', 'Asian restaurant', 'Chinese restaurant', 'Japanese restaurant', 'Korean restaurant', 'Thai restaurant']",3.7,358,$$,"[['Monday', '11AM–8PM'], ['Tuesday', '11AM–8PM'], ['Wednesday', '11AM–8PM'], ['Thursday', '11AM–8PM'], ['Friday', '11AM–8PM'], ['Saturday', '11AM–8PM'], ['Sunday', '11AM–8PM']]"
0x864c27f34263c7ef:0xc5e5a646991cd896,Maki Boy,"Maki Boy, 2330 Royal Ln, Dallas, TX 75229",32.8951718,-96.9009068,"['Japanese restaurant', 'Asian restaurant']",4.6,97,,"[['Monday', '11AM–3:30PM'], ['Tuesday', '11AM–3:30PM'], ['Wednesday', '11AM–3:30PM'], ['Thursday', '11AM–3:30PM'], ['Friday', '11AM–9:30PM'], ['Saturday', '12–9:30PM'], ['Sunday', '12–8PM']]"
0x864c2358d253f0e3:0x52d7fbf2c10daa1a,Fin Sushi & Sake Bar,"Fin Sushi & Sake Bar, 6149 Windhaven Pkwy #140, Plano, TX 75093",33.055723,-96.8327563,"['Japanese restaurant', 'Asian restaurant', 'Bar', 'Health food restaurant', 'Restaurant', 'Seafood restaurant', 'Sushi restaurant']",4.3,107,$$,"[['Monday', '11AM–2:30PM'], ['Tuesday', '11AM–2:30PM'], ['Wednesday', '11AM–2:30PM'], ['Thursday', '11AM–2:30PM'], ['Friday', '11AM–2:30PM'], ['Saturday', '5–9PM'], ['Sunday', '5–9PM']]"
0x864ef375c6994311:0xf4c67127a7ecf74a,Hibachio,"Hibachio, 402 E Main St, Midlothian, TX 76065",32.480972799999996,-96.98978579999999,['Japanese restaurant'],4.5,548,$$,"[['Monday', '11AM–9PM'], ['Tuesday', '11AM–9PM'], ['Wednesday', '11AM–9PM'], ['Thursday', '11AM–9PM'], ['Friday', '11AM–9:30PM'], ['Saturday', '11AM–9:30PM'], ['Sunday', '11AM–9PM']]"
0x8640bf3097b6fc15:0xafba2549855f2bd7,The Blue Fish,"The Blue Fish, 550 Texas Ave, Houston, TX 77002",29.7620139,-95.3666499,"['Japanese restaurant', 'Asian fusion restaurant', 'Bar & grill', 'Lounge', 'Restaurant', 'Seafood restaurant', 'Sushi restaurant']",4.2,527,$$,"[['Monday', '11AM–2PM'], ['Tuesday', '11AM–2PM'], ['Wednesday', '11AM–2PM'], ['Thursday', '11AM–2PM'], ['Friday', '11AM–10PM'], ['Saturday', '12–10PM'], ['Sunday', '12–9PM']]"
0x8651fdec2d0ee7e7:0x22734e880db51f1b,Sake Asian Cuisine Sushi & Bar,"Sake Asian Cuisine Sushi & Bar, 2128 Tin Top Rd #100, Weatherford, TX 76086",32.728839799999996,-97.7988891,"['Asian fusion restaurant', 'Asian restaurant', 'Japanese restaurant', 'Sushi restaurant', 'Thai restaurant']",4.4,258,$$,"[['Monday', '11AM–2:30PM'], ['Tuesday', 'Closed'], ['Wednesday', '11AM–2:30PM'], ['Thursday', '11AM–2:30PM'], ['Friday', '11AM–2:30PM'], ['Saturday', '11AM–2:30PM'], ['Sunday', '11AM–8:30PM']]"
0x864c2378f3834d59:0xd52654a8f709d800,Chasu Kitchen,"Chasu Kitchen, 2100 Dallas Pkwy #130, Plano, TX 75093",33.0287073,-96.8270132,"['Asian fusion restaurant', 'Chinese restaurant', 'Japanese restaurant', 'Korean restaurant', 'Restaurant', 'Thai restaurant']",4.7,272,$,"[['Monday', '11AM–9PM'], ['Tuesday', '11AM–9PM'], ['Wednesday', '11AM–9PM'], ['Thursday', '11AM–9PM'], ['Friday', '11AM–9PM'], ['Saturday', '11AM–9PM'], ['Sunday', '11AM–9PM']]"
0x864c225fdc6d2e27:0xb604b76ce6322724,Yatai Ramen Izakaya,"Yatai Ramen Izakaya, 2001 Coit Rd #140, Plano, TX 75075",33.0283699,-96.77177139999999,['Japanese restaurant'],4.5,528,,"[['Monday', '5–10PM'], ['Tuesday', '5–10PM'], ['Wednesday', '5–10PM'], ['Thursday', '5–10PM'], ['Friday', '5–10PM'], ['Saturday', '11AM–10PM'], ['Sunday', '11AM–10PM']]"
0x865c43d952e9c287:0x5347f9edeb1801ed,Lin's Express Potranco,"Lin's Express Potranco, 12370 Potranco Rd suite 210, San Antonio, TX 78253",29.4290371,-98.73947109999999,"['Restaurant', 'Asian fusion restaurant', 'Chinese restaurant', 'Japanese restaurant', 'Takeout Restaurant', 'Traditional restaurant']",3.8,78,,"[['Sunday', '10:30AM–9:30PM'], ['Monday', '10:30AM–9:30PM'], ['Tuesday', '10:30AM–9:30PM'], ['Wednesday', '10:30AM–9:30PM'], ['Thursday', '10:30AM–9:30PM'], ['Friday', '10:30AM–9:30PM'], ['Saturday', '10:30AM–9:30PM']]"
0x864e9fefedf12435:0xc6ebd3d79fe55bf0,Hungry Belly,"Hungry Belly, 2818 N Fitzhugh Ave, Dallas, TX 75204",32.815478299999995,-96.7870921,"['Asian restaurant', 'Japanese restaurant', 'Korean restaurant', 'Sushi restaurant']",4.3,267,$$,"[['Sunday', '12–10:30PM'], ['Monday', '11AM–2PM'], ['Tuesday', '11AM–2PM'], ['Wednesday', '11AM–2PM'], ['Thursday', '11AM–2PM'], ['Friday', '11AM–2PM'], ['Saturday', '12–10:30PM']]"
0x86456b6929c079ed:0x2dd9999a97224768,Mama Fu's Asian House,"Mama Fu's Asian House, 2102 S 31st St #100, Temple, TX 76504",31.080303999999998,-97.365875,"['Asian restaurant', 'Asian fusion restaurant', 'Japanese restaurant', 'Takeout Restaurant', 'Vegan restaurant', 'Vegetarian restaurant', 'Vietnamese restaurant']",3.3,315,$$,
0x8644b577671b161f:0x58c0d85377ca894c,Raku Sushi & Asian Bistro,"Raku Sushi & Asian Bistro, 2222 Rio Grande St, Austin, TX 78705",30.286619299999998,-97.74491909999999,"['Japanese restaurant', 'Restaurant']",3.9,218,$$,"[['Sunday', '12–10PM'], ['Monday', '11AM–10PM'], ['Tuesday', '11AM–10PM'], ['Wednesday', '11AM–10PM'], ['Thursday', '11AM–10PM'], ['Friday', '12–11PM'], ['Saturday', '12–11PM']]"
0x8640c3b8b81572bf:0xece2c5e839ba06ea,Teppay,"Teppay, 6516 Westheimer Rd A2, Houston, TX 77057",29.7385582,-95.4998035,['Japanese restaurant'],4.4,266,$$,"[['Sunday', 'Closed'], ['Monday', '11:30AM–2PM'], ['Tuesday', '11:30AM–2PM'], ['Wednesday', '11:30AM–2PM'], ['Thursday', '11:30AM–2PM'], ['Friday', '11:30AM–2PM'], ['Saturday', '5:30–9:30PM']]"
0x865b4b0cde28003b:0x77727626c469c211,Poke Austin,"Poke Austin, 5601 Brodie Ln Suite 1200 A, Sunset Valley, TX 78745",30.2264582,-97.8208222,"['Japanese restaurant', 'Seafood restaurant', 'Sushi restaurant']",4.4,393,$,"[['Sunday', '11AM–9PM'], ['Monday', '11AM–9PM'], ['Tuesday', '11AM–9PM'], ['Wednesday', '11AM–9PM'], ['Thursday', '11AM–9PM'], ['Friday', '11AM–9PM'], ['Saturday', '11AM–9PM']]"
0x864ea63ebcd81501:0x74686a8fcc41904f,China City Restaurant,"China City Restaurant, 6022 Broadway Blvd, Garland, TX 75043",32.8423763,-96.5949088,"['Chinese restaurant', 'Japanese restaurant', 'Delivery Restaurant']",4.0,235,$,"[['Sunday', '11AM–10PM'], ['Monday', 'Closed'], ['Tuesday', '11AM–10PM'], ['Wednesday', '11AM–10PM'], ['Thursday', '11AM–10PM'], ['Friday', '11AM–10PM'], ['Saturday', '11AM–10PM']]"
0x864e7f513287e815:0x3be5be51d72908f0,Ahoyama,"Ahoyama, 304 Grapevine Hwy, Hurst, TX 76054",32.8689804,-97.17074579999999,['Japanese restaurant'],4.7,355,$$,"[['Sunday', '5–9PM'], ['Monday', '11:30AM–2PM'], ['Tuesday', '11:30AM–2PM'], ['Wednesday', '11:30AM–2PM'], ['Thursday', '11:30AM–2PM'], ['Friday', '11:30AM–2PM'], ['Saturday', '5–11PM']]"
0x86e74468b8c0f981:0xdac2394adcaab772,Kee's Teriyaki & Sushi,"Kee's Teriyaki & Sushi, 11660 Montwood Dr, El Paso, TX 79936",31.7668295,-106.2864635,"['Japanese restaurant', 'Asian restaurant', 'Sushi restaurant']",4.7,398,$$,"[['Sunday', 'Closed'], ['Monday', '11AM–8PM'], ['Tuesday', '11AM–8PM'], ['Wednesday', '11AM–8PM'], ['Thursday', '11AM–8PM'], ['Friday', '11AM–9PM'], ['Saturday', '11AM–8PM']]"
0x8640c095fa06bb59:0xc9f9077856dde13b,Zen Japanese Izakaya,"Zen Japanese Izakaya, 2015 S Shepherd Dr #700, Houston, TX 77019",29.7474395,-95.4103482,"['Japanese restaurant', 'Izakaya restaurant', 'Sushi restaurant', 'Tapas restaurant']",4.5,308,$$,"[['Sunday', '11:30AM–2PM'], ['Monday', 'Closed'], ['Tuesday', '11:30AM–2PM'], ['Wednesday', '11:30AM–2PM'], ['Thursday', '11:30AM–2PM'], ['Friday', '11:30AM–2PM'], ['Saturday', '11:30AM–2PM']]"
0x86474bff2a137073:0x32cea37b039fc844,Shogun Japanese Grill & Sushi Bar,"Shogun Japanese Grill & Sushi Bar, 3532 Harmony Commons Dr, Spring, TX 77386",30.106626499999997,-95.3905868,"['Teppanyaki restaurant', 'Japanese restaurant']",4.1,94,,"[['Sunday', '11AM–10:30PM'], ['Monday', '11AM–9:30PM'], ['Tuesday', '11AM–9:30PM'], ['Wednesday', '11AM–9:30PM'], ['Thursday', '11AM–9:30PM'], ['Friday', '11AM–9:30PM'], ['Saturday', '11AM–10:30PM']]"
0x8648fd9a56a8aadb:0x8624f1c51933bb20,Asian Garden,"Asian Garden, 607 E Tyler St #103, Athens, TX 75751",32.2061624,-95.8479662,"['Chinese restaurant', 'Japanese restaurant']",4.3,188,,"[['Sunday', '11AM–9:30PM'], ['Monday', '11AM–9:30PM'], ['Tuesday', '11AM–9:30AM'], ['Wednesday', '11AM–9:30PM'], ['Thursday', '11AM–9:30PM'], ['Friday', '11AM–10PM'], ['Saturday', '11AM–9:30PM']]"
0x864c1b71ec595c47:0x765844152a61aa7e,Shinrai Japanese Bistro - Murphy TX,"Shinrai Japanese Bistro - Murphy TX, 120 E Farm to Market Rd 544 #68, Murphy, TX 75094",33.0097792,-96.6114106,"['Japanese restaurant', 'Delivery Restaurant', 'Restaurant']",4.5,235,$,"[['Sunday', 'Closed'], ['Monday', '11AM–8:45PM'], ['Tuesday', '11AM–8:45PM'], ['Wednesday', '11AM–8:45PM'], ['Thursday', '11AM–8:45PM'], ['Friday', '11AM–9:15PM'], ['Saturday', '11AM–9:15PM']]"
0x8640418283e92209:0xb32afb2f0fdc980d,Tokyo,"Tokyo, 602 TX-332, Lake Jackson, TX 77566",29.0203268,-95.4357347,['Japanese restaurant'],4.0,368,$$,"[['Sunday', '12–9PM'], ['Monday', '11AM–2PM'], ['Tuesday', '11AM–2PM'], ['Wednesday', '11AM–2PM'], ['Thursday', '11AM–2PM'], ['Friday', '11AM–11PM'], ['Saturday', '11AM–11PM']]"
0x864e71b8a0743123:0x850f12387453c1b2,Ashim's Hibachi Grill,"Ashim's Hibachi Grill, 424 Taylor St, Fort Worth, TX 76102",32.7535261,-97.333833,"['Japanese restaurant', 'Grill', 'Asian restaurant', 'Fine dining restaurant', 'Authentic Japanese restaurant', 'Takeout Restaurant', 'Sushi restaurant', 'Sushi takeaway']",4.4,348,$$,"[['Saturday', '4PM–3AM'], ['Sunday', '4–10PM'], ['Monday', '11AM–11PM'], ['Tuesday', '11AM–11PM'], ['Wednesday', '11AM–11PM'], ['Thursday', '11AM–11PM'], ['Friday', '11AM–3AM']]"
0x864c39a279a6de31:0xdde3d8c163dab49,Love Sushi,"Love Sushi, 12398 FM 423, Frisco, TX 75034",33.1809714,-96.8845305,"['Sushi restaurant', 'Asian restaurant', 'Japanese restaurant']",4.5,778,$,"[['Saturday', '12–3:30PM'], ['Sunday', '12–3:30PM'], ['Monday', '11AM–2:30PM'], ['Tuesday', '11AM–2:30PM'], ['Wednesday', '11AM–2:30PM'], ['Thursday', '11AM–2:30PM'], ['Friday', '11AM–2:30PM']]"
0x8640c06a0a19f6df:0xc7ee0e2137e2b0e5,Sushi Rock,"Sushi Rock, 2400 W Holcombe Blvd #1902, Houston, TX 77030",29.7064582,-95.4151929,"['Japanese restaurant', 'Sushi restaurant']",4.1,164,$$,"[['Saturday', '12–9:30PM'], ['Sunday', '12–9:30PM'], ['Monday', '11AM–3PM'], ['Tuesday', '11AM–3PM'], ['Wednesday', '11AM–3PM'], ['Thursday', '11AM–3PM'], ['Friday', '11AM–3PM']]"
0x864e993ba8974bfd:0x11479da9704e562a,Kotta Sushi Lounge Dallas,"Kotta Sushi Lounge Dallas, 2301 N Akard St, Dallas, TX 75201",32.7894929,-96.8059572,"['Japanese restaurant', 'Sushi restaurant']",4.6,68,,"[['Saturday', '5–10:30PM'], ['Sunday', '5–9:30PM'], ['Monday', '11:30AM–2:30PM'], ['Tuesday', '11:30AM–2:30PM'], ['Wednesday', '11:30AM–2:30PM'], ['Thursday', '11:30AM–2:30PM'], ['Friday', '11:30AM–2:30PM']]"
0x864e9f98c5985217:0xe321a1092cedbc7c,Fast Furious Japanese Grill,"Fast Furious Japanese Grill, 5915 Greenville Ave, Dallas, TX 75206",32.8573668,-96.7690069,['Japanese restaurant'],4.4,398,$,"[['Saturday', '11AM–9PM'], ['Sunday', 'Closed'], ['Monday', '11AM–9PM'], ['Tuesday', '11AM–9PM'], ['Wednesday', '11AM–9PM'], ['Thursday', '11AM–9PM'], ['Friday', '11AM–9PM']]"
0x864e78ae29c8bc11:0xac4160745cb7bbad,SushiYAA,"76180 Texas, North Richland Hills, Precinct Line Rd, SushiYAA",32.861288,-97.18673299999999,"['Sushi restaurant', 'Asian fusion restaurant', 'Asian restaurant', 'Buffet restaurant', 'Japanese restaurant', 'Ramen restaurant', 'Seafood restaurant']",3.8,148,$,"[['Saturday', '11AM–9:30PM'], ['Sunday', '11AM–8:30PM'], ['Monday', '4AM–9:30PM'], ['Tuesday', 'Closed'], ['Wednesday', '11AM–3PM'], ['Thursday', '11AM–3PM'], ['Friday', '11AM–3PM']]"
0x864c26c5e1d57aeb:0x4626d5ad0d664444,Jasmine Uniquely Chinese,"Jasmine Uniquely Chinese, 4002 Belt Line Rd #200, Addison, TX 75001",32.953430499999996,-96.8469618,"['Chinese restaurant', 'Caterer', 'Japanese restaurant', 'Sushi restaurant', 'Sushi takeaway']",3.8,375,$$,"[['Saturday', '11:30AM–11PM'], ['Sunday', '11:30AM–10PM'], ['Monday', '11AM–10PM'], ['Tuesday', '11AM–10PM'], ['Wednesday', '11AM–10PM'], ['Thursday', '11AM–10PM'], ['Friday', '11AM–11PM']]"
0x86409d0175171bc1:0x15a6ff0683b76f9c,AGU Ramen - NASA,"AGU Ramen - NASA, 1360 E NASA Pkwy, Houston, TX 77058",29.5479044,-95.0988047,"['Ramen restaurant', 'Japanese restaurant', 'Restaurant']",3.9,158,$$,"[['Saturday', '11AM–9PM'], ['Sunday', '11AM–9PM'], ['Monday', '11AM–3PM'], ['Tuesday', '11AM–3PM'], ['Wednesday', '11AM–3PM'], ['Thursday', '11AM–3PM'], ['Friday', '11AM–3PM']]"
0x8640cde592b0154d:0xd0b9d62f7251a54e,Sarku Japan,"Sarku Japan, 2000 Willowbrook Mall Space # 1193, Houston, TX 77070",29.9597286,-95.53874619999999,"['Japanese restaurant', 'Asian restaurant', 'Fast food restaurant', 'Restaurant', 'Sushi restaurant', 'Teppanyaki restaurant']",4.1,88,$,"[['Saturday', '11AM–8PM'], ['Sunday', '12–6PM'], ['Monday', '11AM–7PM'], ['Tuesday', '11AM–7PM'], ['Wednesday', '11AM–7PM'], ['Thursday', '11AM–7PM'], ['Friday', '11AM–8PM']]"
0x865c8b6896940097:0x6a20fdbec43953e9,Kai Japanese & Asian Cuisine,"Kai Japanese & Asian Cuisine, 12146 Nacogdoches Rd, San Antonio, TX 78217",29.5497451,-98.4084037,"['Restaurant', 'Japanese restaurant']",3.5,48,,"[['Saturday', '12–10PM'], ['Sunday', '12–9PM'], ['Monday', '11AM–9PM'], ['Tuesday', '11AM–9PM'], ['Wednesday', '11AM–9PM'], ['Thursday', '11AM–9PM'], ['Friday', '11AM–10PM']]"
0x8649cc728e8fd8f1:0xf7ba9b3b2a33bb96,Shogun Sushi & Hibachi Grill,"Shogun Sushi & Hibachi Grill, 3521 S Broadway Ave, Tyler, TX 75701",32.310597,-95.30129699999999,"['Japanese restaurant', 'Bar & grill', 'Cocktail bar', 'Fine dining restaurant', 'Japanese steakhouse', 'Restaurant', 'Sushi restaurant']",4.5,168,,"[['Saturday', '4–11:30PM'], ['Sunday', 'Closed'], ['Monday', '4–10:30PM'], ['Tuesday', '4–10:30PM'], ['Wednesday', '4–10:30PM'], ['Thursday', '4–10:30PM'], ['Friday', '4–11:30PM']]"
0x864c265d36725d57:0xd31a64bda8bb710a,Sakura Seafood Buffet,"Sakura Seafood Buffet, 1927 E Belt Line Rd #138, Carrollton, TX 75006",32.9551391,-96.88808809999999,"['Chinese restaurant', 'Buffet restaurant', 'Japanese restaurant', 'Restaurant', 'Seafood restaurant']",3.8,38,,"[['Saturday', '11AM–10PM'], ['Sunday', '11AM–9:30PM'], ['Monday', 'Closed'], ['Tuesday', '11AM–9:30PM'], ['Wednesday', '11AM–9:30PM'], ['Thursday', '11AM–9:30PM'], ['Friday', '11AM–10PM']]"
0x864c1975258b5395:0x12a8ce5fd75d3e77,DonDonPoke,"DonDonPoke, 5850 K Ave #400, Plano, TX 75074",33.0549444,-96.68938329999999,"['Hawaiian restaurant', 'Japanese restaurant']",4.9,195,$,"[['Saturday', '11AM–8PM'], ['Sunday', 'Closed'], ['Monday', '11AM–8PM'], ['Tuesday', '11AM–8PM'], ['Wednesday', '11AM–8PM'], ['Thursday', '11AM–8PM'], ['Friday', '11AM–8PM']]"
0x8640d706c16b6e93:0x27c515c6398c6dcd,Top Sushi,"Top Sushi, 7751 Barker Cypress Rd #900, Cypress, TX 77433",29.8910688,-95.6841927,"['Sushi restaurant', 'Asian restaurant', 'Japanese restaurant']",4.5,828,$$,"[['Saturday', '12–11PM'], ['Sunday', '12–10PM'], ['Monday', '11AM–11PM'], ['Tuesday', '11AM–11PM'], ['Wednesday', '11AM–11PM'], ['Thursday', '11AM–11PM'], ['Friday', '11AM–11PM']]"
0x864dcbb4c638cdcd:0x42467826f080f1d7,The Saucy Hibachi,"The Saucy Hibachi, 208 N Austin St, Denton, TX 76201",33.2160839,-97.1314453,['Japanese restaurant'],4.7,47,,"[['Saturday', '11:30AM–2AM'], ['Sunday', '11:30AM–2AM'], ['Monday', '11:30AM–2AM'], ['Tuesday', '11:30AM–2AM'], ['Wednesday', '11:30AM–2AM'], ['Thursday', '11:30AM–2AM'], ['Friday', '11:30AM–2AM']]"
0x8640dd316b6ffffd:0x257fa4915cc9b1d2,Ramen Okidoki & Lims Chicken,"Ramen Okidoki & Lims Chicken, 10603 Bellaire Blvd, Houston, TX 77072",29.702900099999997,-95.568106,"['Ramen restaurant', 'Fried chicken takeaway', 'Japanese restaurant']",4.4,407,,"[['Saturday', '11AM–10:30PM'], ['Sunday', '11AM–9:30PM'], ['Monday', '11AM–3PM'], ['Tuesday', '11AM–3PM'], ['Wednesday', '11AM–3PM'], ['Thursday', '11AM–3PM'], ['Friday', '11AM–3PM']]"
0x8640d3a2c5b6695d:0x9a1261f85101bf8a,Sapporo Japanese steak house & bar,"Sapporo Japanese steak house & bar, 14034 Grant Rd Suite#100, Cypress, TX 77429",30.0053034,-95.6358724,"['Japanese restaurant', 'Japanese steakhouse', 'Restaurant', 'Sushi restaurant']",4.2,348,,"[['Saturday', '12–11PM'], ['Sunday', '12–10PM'], ['Monday', '11AM–10PM'], ['Tuesday', '11AM–10PM'], ['Wednesday', '11AM–10PM'], ['Thursday', '11AM–10PM'], ['Friday', '11AM–10PM']]"
0x8668f5a1b30d8bd9:0x6c9d02f68dde78a3,Yoshi Japanese Cuisine,"Yoshi Japanese Cuisine, 5898 Everhart Rd, Corpus Christi, TX 78413",27.7022065,-97.39167739999999,"['Asian restaurant', 'Chinese restaurant', 'Japanese restaurant', 'Korean restaurant', 'Restaurant', 'Sushi restaurant']",4.4,218,$$,"[['Saturday', '5–10PM'], ['Sunday', 'Closed'], ['Monday', '5–9PM'], ['Tuesday', '5–9PM'], ['Wednesday', '11:30AM–2PM'], ['Thursday', '11:30AM–2PM'], ['Friday', '11:30AM–2PM']]"
0x86381627618b06a3:0x9b6682eba212e3a9,Tsubaki Japanese Restaurant,"Tsubaki Japanese Restaurant, 2301 S 1st St, Lufkin, TX 75901",31.2970519,-94.72714649999999,"['Japanese restaurant', 'Bar', 'Sushi restaurant', 'Wine bar']",4.3,478,$$,"[['Saturday', '11AM–10:30PM'], ['Sunday', '11AM–9PM'], ['Monday', '11AM–2:30PM'], ['Tuesday', '11AM–2:30PM'], ['Wednesday', '11AM–2:30PM'], ['Thursday', '11AM–2:30PM'], ['Friday', '11AM–10:30PM']]"
0x8640d126f5daa2ad:0x9d7300ac5409bd03,Bonsai Fusion Japanese Steakhouse,"Bonsai Fusion Japanese Steakhouse, 8482 Hwy 6, Houston, TX 77095",29.9041434,-95.6314395,"['Teppanyaki restaurant', 'Asian restaurant', 'Japanese restaurant', 'Japanese steakhouse', 'Sushi restaurant']",4.3,488,$$,"[['Saturday', '12–11PM'], ['Sunday', '12–10PM'], ['Monday', 'Closed'], ['Tuesday', '11AM–2:30PM'], ['Wednesday', '11AM–2:30PM'], ['Thursday', '11AM–2:30PM'], ['Friday', '11AM–11PM']]"
0x86fe724fedc2be6d:0x71e8543fce6c3d05,Ohana Steakhouse & Sushi Bar,"Ohana Steakhouse & Sushi Bar, 5217 82nd St, Lubbock, TX 79424",33.519396199999996,-101.9244136,"['Sushi restaurant', 'Japanese restaurant', 'Steak house']",4.0,376,$$,"[['Saturday', '11AM–11PM'], ['Sunday', '11AM–10PM'], ['Monday', '11AM–2:30PM'], ['Tuesday', '11AM–2:30PM'], ['Wednesday', '11AM–2:30PM'], ['Thursday', '11AM–2:30PM'], ['Friday', '11AM–2:30PM']]"
0x8640d8861901ec21:0xaf9e8e8c9b102761,Koby Japanese Steak House & Sushi Bar,"Koby Japanese Steak House & Sushi Bar, 2211 Saums Rd, Katy, TX 77449",29.799905,-95.7199263,"['Japanese steakhouse', 'Restaurant']",4.3,208,$$,"[['Saturday', '11AM–11PM'], ['Sunday', '11AM–10PM'], ['Monday', '4–10PM'], ['Tuesday', '11AM–10PM'], ['Wednesday', '11AM–10PM'], ['Thursday', '11AM–10PM'], ['Friday', '11AM–11PM']]"
0x8657e5197a0c9cc1:0xbabedd30f653c890,Masa Sushi Bar & Japanese Grill,"Masa Sushi Bar & Japanese Grill, 4545 Sherwood Way, San Angelo, TX 76901",31.4340981,-100.4970939,"['Sushi restaurant', 'Japanese restaurant']",4.6,215,,"[['Saturday', '11:30AM–10:30PM'], ['Sunday', '11:30AM–9PM'], ['Monday', '11AM–9:30PM'], ['Tuesday', '11AM–9:30PM'], ['Wednesday', '11AM–9:30PM'], ['Thursday', '11AM–9:30PM'], ['Friday', '11AM–10:30PM']]"
0x865c623b4b931489:0xbae8c2f3219a6ddb,Sake Cafe Sushi Bar & Grill,"Sake Cafe Sushi Bar & Grill, 19179 Blanco Rd #101, San Antonio, TX 78258",29.620144,-98.512571,"['Sushi restaurant', 'Asian restaurant', 'Japanese restaurant', 'Restaurant']",4.7,414,$$,"[['Saturday', '12–10PM'], ['Sunday', '12–9PM'], ['Monday', '11AM–9:30PM'], ['Tuesday', '11AM–9:30PM'], ['Wednesday', '11AM–9:30PM'], ['Thursday', '11AM–9:30PM'], ['Friday', '11AM–10PM']]"
0x864c25fb04176c61:0x2adb6929d3130c5a,Abe Japanese Restaurant,"Abe Japanese Restaurant 2625 Old Denton Rd, Carrollton, TX 75007",32.9864222,-96.9106833,"['Japanese restaurant', 'Asian fusion restaurant', 'Korean restaurant']",4.3,293,$$,"[['Saturday', '11AM–8PM'], ['Sunday', '11AM–8PM'], ['Monday', '11AM–8PM'], ['Tuesday', 'Closed'], ['Wednesday', '11AM–8PM'], ['Thursday', '11AM–8PM'], ['Friday', '11AM–8PM']]"
0x86456b624e7a1189:0xa42aeab6a06398df,Yoshi's Hibachi and Sushi Japanese & Asian Cuisine,"Yoshi's Hibachi and Sushi Japanese & Asian Cuisine, 2201 SW H K Dodgen Loop, Temple, TX 76502",31.075322399999997,-97.37874839999999,"['Japanese steakhouse', 'Asian fusion restaurant', 'Asian restaurant', 'Japanese restaurant', 'Sushi restaurant']",4.2,348,,"[['Saturday', '11AM–10PM'], ['Sunday', '11AM–9PM'], ['Monday', 'Closed'], ['Tuesday', '11AM–9PM'], ['Wednesday', '11AM–9PM'], ['Thursday', '11AM–9PM'], ['Friday', '11AM–10PM']]"
0x864c3c078bf10a21:0x3557359fc35866e9,Sake Toro Sushi,"Sake Toro Sushi, 8801 Coleman Blvd, Frisco, TX 75034",33.151517999999996,-96.83505,"['Japanese restaurant', 'Asian restaurant']",4.4,318,$$,"[['Friday', '11:30AM–2:30PM'], ['Saturday', '12–10PM'], ['Sunday', '3:30–9PM'], ['Monday', 'Closed'], ['Tuesday', '11:30AM–2:30PM'], ['Wednesday', '11:30AM–2:30PM'], ['Thursday', '11:30AM–2:30PM']]"
0x8640e675232ceef3:0x21e4095dbfc1fb8,Mori Ichi,"Mori Ichi, 4502 Hwy 6, Sugar Land, TX 77478",29.5813521,-95.5865603,"['Japanese restaurant', 'Sushi restaurant']",4.5,334,$$,"[['Friday', '11AM–3PM'], ['Saturday', '11AM–3PM'], ['Sunday', '11AM–3PM'], ['Monday', '11AM–3PM'], ['Tuesday', 'Closed'], ['Wednesday', '11AM–3PM'], ['Thursday', '11AM–3PM']]"
0x86fe72eca8791f1f:0xe21ffd07ecd0dfd0,Tokyo Japanese Steakhouse,"Tokyo Japanese Steakhouse, 4637 50th St, Lubbock, TX 79414",33.548224999999995,-101.91278059999999,"['Japanese restaurant', 'Japanese steakhouse']",4.1,218,,"[['Friday', '11AM–2:30PM'], ['Saturday', '11AM–2:30PM'], ['Sunday', '11AM–2:30PM'], ['Monday', '11AM–2:30PM'], ['Tuesday', '11AM–2:30PM'], ['Wednesday', '11AM–2:30PM'], ['Thursday', '11AM–2:30PM']]"
0x864c191bb662308f:0x21bd05bc5385fe4b,Uni Sushi,"Uni Sushi, 1410 K Ave STE 1109B, Plano, TX 75074",33.0188145,-96.6990333,"['Japanese restaurant', 'Restaurant']",4.8,298,$$,"[['Friday', '5–10PM'], ['Saturday', '5–10PM'], ['Sunday', 'Closed'], ['Monday', 'Closed'], ['Tuesday', '5–10PM'], ['Wednesday', '5–10PM'], ['Thursday', '5–10PM']]"
0x864e725b1e7007c1:0x3cafae80d05fafd9,Edohana Sushi,"Edohana Sushi, 2704 S Hulen St, Fort Worth, TX 76109",32.7124534,-97.3864648,"['Sushi restaurant', 'Asian restaurant', 'Authentic Japanese restaurant', 'Japanese restaurant', 'Takeout Restaurant', 'Ramen restaurant', 'Sushi takeaway']",4.5,245,$$,"[['Friday', '11AM–2:30PM'], ['Saturday', '4:30–10PM'], ['Sunday', 'Closed'], ['Monday', '11AM–2:30PM'], ['Tuesday', '11AM–2:30PM'], ['Wednesday', '11AM–2:30PM'], ['Thursday', '11AM–2:30PM']]"
0x864e9f56a29bca85:0x834dcc1519982160,The Creek Cafe,"The Creek Cafe, 6334 Gaston Ave, Dallas, TX 75214",32.8131009,-96.7534448,['Japanese restaurant'],4.7,95,,"[['Friday', '11AM–9PM'], ['Saturday', '10AM–9PM'], ['Sunday', '8AM–3PM'], ['Monday', 'Closed'], ['Tuesday', '11AM–9PM'], ['Wednesday', '11AM–9PM'], ['Thursday', '11AM–9PM']]"
0x8640d5b80e325b2f:0xe6e575b592ab36b9,Tomiko Japanese Restaurant,"Tomiko Japanese Restaurant, 29110 US-290, Cypress, TX 77433",29.9948452,-95.7539336,"['Japanese restaurant', 'Restaurant']",4.5,332,$$,"[['Friday', '11AM–10:30PM'], ['Saturday', '11AM–10:30PM'], ['Sunday', '11AM–9PM'], ['Monday', '11AM–10PM'], ['Tuesday', '11AM–10PM'], ['Wednesday', '11AM–10PM'], ['Thursday', '11AM–10PM']]"
0x864c32b6b0a6193b:0xf7653bf123d6fe7f,Mt. Fuji Hibachi Steak House,"Mt. Fuji Hibachi Steak House, 4150 Barton Creek, Highland Village, TX 75077",33.0751579,-97.08644559999999,['Japanese restaurant'],4.0,338,$$,"[['Friday', '4–10PM'], ['Saturday', '4–10PM'], ['Sunday', '4–10PM'], ['Monday', '4–10PM'], ['Tuesday', '4–10PM'], ['Wednesday', '4–10PM'], ['Thursday', '4–10PM']]"
0x864c252dab4debbb:0x7de4827530f68f61,Teriyaki Madness,"Teriyaki Madness, 4770 TX-121 Ste 140, Lewisville, TX 75056",33.0658434,-96.8862951,"['Asian fusion restaurant', 'Caterer', 'Fast food restaurant', 'Gluten-free restaurant', 'Japanese restaurant', 'Restaurant']",4.1,258,$,"[['Friday', '11AM–9PM'], ['Saturday', '11AM–9PM'], ['Sunday', '11AM–9PM'], ['Monday', '11AM–9PM'], ['Tuesday', '11AM–9PM'], ['Wednesday', '11AM–9PM'], ['Thursday', '11AM–9PM']]"
0x863f631f662f0911:0xa548085a19054c51,Yummy's Stir Fry,"Yummy's Stir Fry, 1415 TX-146, Kemah, TX 77565",29.5331148,-95.0145096,"['Restaurant', 'Japanese restaurant']",4.5,18,,"[['Friday', '11AM–10:30PM'], ['Saturday', '11AM–10:30PM'], ['Sunday', '11AM–10PM'], ['Monday', '11AM–10PM'], ['Tuesday', '11AM–10PM'], ['Wednesday', '11AM–10PM'], ['Thursday', '11AM–10PM']]"
0x863f62fcd972b0df:0xaefe3dbb3335f3e2,Ichibon Japanese Seafood,"Ichibon Japanese Seafood, 406 Texas Ave #2845, Kemah, TX 77565",29.5446262,-95.0213318,"['Japanese restaurant', 'Sushi restaurant']",4.3,135,$$,"[['Friday', '11AM–10:30PM'], ['Saturday', '11:30AM–10:30PM'], ['Sunday', '11:30AM–10PM'], ['Monday', '11AM–10PM'], ['Tuesday', '11AM–10PM'], ['Wednesday', '11AM–10PM'], ['Thursday', '11AM–10PM']]"
0x86e7441078c4942f:0x3156ff6ba7862f79,Katsura Sushi,"Katsura Sushi, 1920 N Zaragoza Rd # 112, El Paso, TX 79938",31.762877999999997,-106.2661646,"['Sushi restaurant', 'Asian restaurant', 'Japanese restaurant']",3.9,355,$$,"[['Friday', '12–9PM'], ['Saturday', '12–9PM'], ['Sunday', '1–8PM'], ['Monday', '12–9PM'], ['Tuesday', '12–9PM'], ['Wednesday', '12–9PM'], ['Thursday', '12–9PM']]"
0x8640bf66b0d4d6b9:0x6e8f2e6c5c521b19,Osaka,"Osaka, 515 Westheimer Rd, Houston, TX 77006",29.7442,-95.3885499,"['Japanese restaurant', 'Sushi restaurant']",4.4,616,$$,"[['Friday', '2–10:30PM'], ['Saturday', '2–10:30PM'], ['Sunday', '2–10:30PM'], ['Monday', '2–10:30PM'], ['Tuesday', '2–10:30PM'], ['Wednesday', '2–10:30PM'], ['Thursday', '2–10:30PM']]"
0x864c2c306dee3c11:0x62e08fc5bd6bbf14,Wok N Roll,"Wok N Roll, 1071 W Round Grove Rd, Lewisville, TX 75067",33.007321,-97.017859,"['Chinese restaurant', 'Asian restaurant', 'Japanese restaurant', 'Sushi restaurant']",3.9,193,$,"[['Friday', '11AM–10PM'], ['Saturday', '11AM–10PM'], ['Sunday', '12–10PM'], ['Monday', '11AM–9:30PM'], ['Tuesday', '11AM–9:30PM'], ['Wednesday', '11AM–9:30PM'], ['Thursday', '11AM–9:30PM']]"
0x8644b508913d9993:0x1b349860bb376b3b,BarChi Sushi,"BarChi Sushi, 206 Colorado St, Austin, TX 78701",30.2652839,-97.74559479999999,"['Sushi restaurant', 'Asian restaurant', 'Bar', 'Japanese restaurant', 'Lounge']",4.3,712,$$,"[['Friday', '4–11PM'], ['Saturday', '4–11PM'], ['Sunday', '4–10PM'], ['Monday', '4–10PM'], ['Tuesday', '4–10PM'], ['Wednesday', '4–10PM'], ['Thursday', '4–10PM']]"
0x865b2d08a0cbfcaf:0xe6e83f516a1c06b2,Hunan Chef,"Hunan Chef, 251 N Bell Blvd STE 113, Cedar Park, TX 78613",30.5111904,-97.8247906,"['Chinese restaurant', 'Asian restaurant', 'Japanese restaurant', 'Delivery Restaurant', 'Restaurant', 'Seafood restaurant']",3.9,127,$,"[['Friday', '11AM–9PM'], ['Saturday', '11AM–9PM'], ['Sunday', '11AM–9PM'], ['Monday', '11AM–9PM'], ['Tuesday', '11AM–9PM'], ['Wednesday', '11AM–9PM'], ['Thursday', '11AM–9PM']]"
0x8647396724e58edd:0x4ea317ace497f106,Teriyaki Madness,"Teriyaki Madness, 381 S Loop 336 W Ste 1100, Conroe, TX 77304",30.2786424,-95.46642039999999,"['Asian fusion restaurant', 'Caterer', 'Fast food restaurant', 'Gluten-free restaurant', 'Japanese restaurant', 'Restaurant']",4.2,194,$,"[['Friday', '11AM–9PM'], ['Saturday', '11AM–9PM'], ['Sunday', '11AM–9PM'], ['Monday', '11AM–9PM'], ['Tuesday', '11AM–9PM'], ['Wednesday', '11AM–9PM'], ['Thursday', '11AM–9PM']]"
0x864e6d79f3194a31:0xb9b72cdb7fca3744,Wasabi Sushi Japanese Restaurant,"Wasabi Sushi Japanese Restaurant, 5443 S Hulen St, Fort Worth, TX 76132",32.66957,-97.399163,"['Japanese restaurant', 'Restaurant', 'Sushi restaurant']",4.7,314,$$,"[['Friday', '11:30AM–2:30PM'], ['Saturday', '11:30AM–2:30PM'], ['Sunday', 'Closed'], ['Monday', '11:30AM–2:30PM'], ['Tuesday', '11:30AM–2:30PM'], ['Wednesday', '11:30AM–2:30PM'], ['Thursday', '11:30AM–2:30PM']]"
0x864c2efb63da8a7d:0xd8c72c1d195ed82,Masu Sushi & Sake,"Masu Sushi & Sake, 721 Hebron Pkwy #103, Lewisville, TX 75057",33.0099833,-96.9694473,"['Sushi restaurant', 'Asian restaurant', 'Bar', 'Japanese restaurant', 'Restaurant']",4.6,338,,"[['Friday', '12–2:30PM'], ['Saturday', '12–9PM'], ['Sunday', '12–9PM'], ['Monday', 'Closed'], ['Tuesday', '12–2:30PM'], ['Wednesday', '12–2:30PM'], ['Thursday', '12–2:30PM']]"
0x8651fd57aa446c65:0x46f6a61fac829f55,Ginza French Japanese Cuisine,"Ginza French Japanese Cuisine, 1314 S Main St #120, Weatherford, TX 76086",32.7431072,-97.7983052,"['Asian fusion restaurant', 'Cocktail bar', 'Dumpling restaurant', 'Event venue', 'Fine dining restaurant', 'French restaurant', 'Japanese restaurant', 'Lunch restaurant', 'Sushi restaurant', 'Wine bar']",4.7,158,$$,"[['Friday', '11AM–2:30PM'], ['Saturday', '11AM–2:30PM'], ['Sunday', '11AM–9:30PM'], ['Monday', '11AM–2:30PM'], ['Tuesday', '11AM–2:30PM'], ['Wednesday', '11AM–2:30PM'], ['Thursday', '11AM–2:30PM']]"
0x864c1b6c10799d5b:0xb7c7320cd9770996,Hana Habachi and Sushi,"Hana Habachi and Sushi, 227 FM 544 #609, Murphy, TX 75094",33.0118776,-96.60583989999999,['Japanese restaurant'],4.6,345,$$,"[['Friday', '11AM–2:30PM'], ['Saturday', '12–10:30PM'], ['Sunday', '12–9:30PM'], ['Monday', '11AM–2:30PM'], ['Tuesday', '11AM–2:30PM'], ['Wednesday', '11AM–2:30PM'], ['Thursday', '11AM–2:30PM']]"
0x865b2ce482e786d1:0x6029871b5d67f63e,Takara Sushi and Asian Bistro,"Takara Sushi and Asian Bistro, 1335 E Whitestone Blvd, Cedar Park, TX 78613",30.529752199999997,-97.81473659999999,"['Sushi restaurant', 'Asian restaurant', 'Bar', 'Fine dining restaurant', 'Japanese restaurant', 'Restaurant']",4.5,574,$$,"[['Friday', '12–9:30PM'], ['Saturday', '12–9:30PM'], ['Sunday', 'Closed'], ['Monday', '12–9PM'], ['Tuesday', '12–9PM'], ['Wednesday', '12–9PM'], ['Thursday', '12–9PM']]"
0x864c296dd7c9657d:0xcec5601a61b4727c,Kibo,"75063 Texas, Irving, N MacArthur Blvd, Kibo",32.9117393,-96.9595866,"['Wok restaurant', 'Japanese restaurant', 'Lunch restaurant', 'Sushi restaurant']",4.3,116,$,"[['Thursday', '11AM–9PM'], ['Friday', '11AM–9PM'], ['Saturday', '11AM–9PM'], ['Sunday', 'Closed'], ['Monday', '11AM–9PM'], ['Tuesday', '11AM–9PM'], ['Wednesday', '11AM–9PM']]"
0x864c283588428c2f:0x4ffb604e58c1e117,Edohana Sushi,"Edohana Sushi, MacArthur Park, 7447 N MacArthur Blvd #140, Irving, TX 75063",32.9077676,-96.96087829999999,"['Sushi restaurant', 'Asian restaurant', 'Japanese restaurant']",4.4,418,,"[['Thursday', '11AM–9:30PM'], ['Friday', '11AM–9:30PM'], ['Saturday', '11AM–9:30PM'], ['Sunday', 'Closed'], ['Monday', '11AM–9:30PM'], ['Tuesday', '11AM–9:30PM'], ['Wednesday', '11AM–9:30PM']]"
0x8640bf55c9942e79:0x77d8e9f7578976ae,Sushi Tora,"Sushi Tora, 920 Studemont St, Houston, TX 77007",29.767576499999997,-95.3915485,"['Sushi restaurant', 'Asian restaurant', 'Japanese restaurant']",4.2,108,$$,"[['Thursday', '4:30–10PM'], ['Friday', '4:30–10PM'], ['Saturday', '4:30–10PM'], ['Sunday', '4:30–10PM'], ['Monday', 'Closed'], ['Tuesday', '4:30–10PM'], ['Wednesday', '4:30–10PM']]"
0x864e78dfc435e137:0xef681a48cd0cc8ff,Zena Sushi,"Zena Sushi, 1101 Melbourne Rd #6210, Hurst, TX 76053",32.828461499999996,-97.2010935,"['Japanese restaurant', 'Asian restaurant', 'Sushi restaurant']",4.5,438,$$,"[['Thursday', '11AM–10PM'], ['Friday', '11AM–10:30PM'], ['Saturday', '11AM–10:30PM'], ['Sunday', '12–9:30PM'], ['Monday', '11AM–10PM'], ['Tuesday', '11AM–10PM'], ['Wednesday', '11AM–10PM']]"
0x8640e1536cdb02bd:0x4a7fd2eb61aa8278,Mama Fu's Asian House,"Mama Fu's Asian House, 13513 University Blvd #200, Sugar Land, TX 77479",29.5838006,-95.6465345,"['Asian restaurant', 'Asian fusion restaurant', 'Japanese restaurant', 'Restaurant', 'Vegan restaurant', 'Vegetarian restaurant', 'Vietnamese restaurant']",3.4,107,$$,
0x864e9c6acaf8362f:0x714adca2c7123a6d,Sushi Time,"Sushi Time, 1638 W Mockingbird Ln, Dallas, TX 75235",32.8216301,-96.8567649,"['Sushi restaurant', 'Asian restaurant', 'Japanese restaurant']",4.1,208,$,"[['Thursday', '11AM–8PM'], ['Friday', '11AM–8PM'], ['Saturday', 'Closed'], ['Sunday', 'Closed'], ['Monday', '11AM–8PM'], ['Tuesday', '11AM–8PM'], ['Wednesday', '11AM–8PM']]"
0x8640c19e1d67f0d1:0x5ce965e7f8732077,Shun,"Shun, 2802 S Shepherd Dr, Houston, TX 77098",29.740380499999997,-95.41103559999999,"['Japanese restaurant', 'Japanized western restaurant', 'Ramen restaurant', 'Sushi restaurant']",4.6,458,,"[['Thursday', '5–9PM'], ['Friday', '5–10PM'], ['Saturday', '5–10PM'], ['Sunday', '12–5PM'], ['Monday', 'Closed'], ['Tuesday', '5–9PM'], ['Wednesday', '5–9PM']]"
0x8640c48a4c2928f3:0x644b16fdecde8d89,Papa Yu,"Papa Yu, 1037 Blalock Rd, Houston, TX 77055",29.7857922,-95.5220532,"['Japanese restaurant', 'Dessert shop', 'Restaurant', 'Sushi restaurant', 'Tea house']",4.5,208,$,"[['Thursday', '10:30AM–9PM'], ['Friday', '10:30AM–10PM'], ['Saturday', '10:30AM–10PM'], ['Sunday', '10:30AM–9PM'], ['Monday', '10:30AM–9PM'], ['Tuesday', '10:30AM–9PM'], ['Wednesday', '10:30AM–9PM']]"
0x8639336562ab1dbf:0xcfa3a84e3afa26c3,MX SUSHI BAR,"MX SUSHI BAR, 6155 Eastex Fwy #660, Beaumont, TX 77706",30.1257457,-94.1637204,['Japanese restaurant'],4.3,68,,"[['Thursday', '11:30AM–7PM'], ['Friday', '11:30AM–7PM'], ['Saturday', '11:30AM–7PM'], ['Sunday', '12–6PM'], ['Monday', '11:30AM–7PM'], ['Tuesday', '11:30AM–7PM'], ['Wednesday', '11:30AM–7PM']]"
0x8640d59b32e63f87:0xeb313e5692c26be4,Yokohamaya,"Yokohamaya, 27200 US-290 #150, Cypress, TX 77433",29.982070399999998,-95.7223099,['Japanese restaurant'],4.7,488,$$,"[['Thursday', '11AM–10PM'], ['Friday', '11AM–10:30PM'], ['Saturday', '11AM–10:30PM'], ['Sunday', '11AM–9:30PM'], ['Monday', 'Closed'], ['Tuesday', '11AM–10PM'], ['Wednesday', '11AM–10PM']]"
0x8640e16fb3e1ef1f:0xb206430ead47b802,Mochi Sushi,"Mochi Sushi, 5854 New Territory Blvd, Sugar Land, TX 77479",29.5896261,-95.67478899999999,"['Sushi restaurant', 'Japanese restaurant', 'Restaurant']",4.4,197,$$,"[['Thursday', '11AM–9PM'], ['Friday', '11AM–9:30PM'], ['Saturday', '11AM–9:30PM'], ['Sunday', '11AM–9PM'], ['Monday', '11AM–9PM'], ['Tuesday', '11AM–9PM'], ['Wednesday', '11AM–9PM']]"
0x863638b3fe405287:0x428037ecf8621254,Goung Zhou Asian Bistro & Sushi Bar,"Goung Zhou Asian Bistro & Sushi Bar, 2002 Judson Rd #103, Longview, TX 75605",32.533114,-94.74259699999999,"['Bistro', 'Asian restaurant', 'Chinese restaurant', 'Japanese restaurant', 'Sushi restaurant']",4.4,328,$$,"[['Thursday', '11:30AM–9PM'], ['Friday', '11:30AM–10PM'], ['Saturday', '11:30AM–10PM'], ['Sunday', 'Closed'], ['Monday', '11:30AM–9PM'], ['Tuesday', '11:30AM–9PM'], ['Wednesday', '11:30AM–9PM']]"
0x8653202d5cf55955:0x86bc0d8dfe579bd0,Sakura Sushi Piano Bar,"Sakura Sushi Piano Bar, 2617 Plaza Pkwy, Wichita Falls, TX 76308",33.868164,-98.5270881,"['Sushi restaurant', 'Health food restaurant', 'Japanese restaurant', 'Korean restaurant']",3.8,198,,"[['Thursday', '11AM–9PM'], ['Friday', '11AM–10PM'], ['Saturday', '11AM–10PM'], ['Sunday', 'Closed'], ['Monday', '11AM–9PM'], ['Tuesday', '11AM–9PM'], ['Wednesday', '11AM–9PM']]"
0x864d01b16ff7d15b:0xdcb772c9f06709e5,Fuku Japanese Grill,"Fuku Japanese Grill, 2118 US-82, Gainesville, TX 76240",33.642438,-97.121754,['Japanese restaurant'],4.5,398,$$,"[['Thursday', '11AM–2:30PM'], ['Friday', '11AM–2:30PM'], ['Saturday', '11AM–10PM'], ['Sunday', '12–9:30PM'], ['Monday', '11AM–2:30PM'], ['Tuesday', '11AM–2:30PM'], ['Wednesday', '11AM–2:30PM']]"
0x865c438b8980c557:0x442d48df350fa155,Lin's Express,"Lin's Express, 11841 Alamo Ranch Pkwy Suite 114, San Antonio, TX 78253",29.4864921,-98.7273101,"['Restaurant', 'Asian fusion restaurant', 'Chinese restaurant', 'Japanese restaurant', 'Takeout Restaurant', 'Traditional restaurant']",4.3,113,,"[['Wednesday', '10:30AM–9:30PM'], ['Thursday', '10:30AM–9:30PM'], ['Friday', '10:30AM–9:30PM'], ['Saturday', '10:30AM–9:30PM'], ['Sunday', '10:30AM–9:30PM'], ['Monday', '10:30AM–9:30PM'], ['Tuesday', '10:30AM–9:30PM']]"
0x86e757e77a8a80c5:0x46396d289ae9c8d0,The Sushi Place & Lounge,"The Sushi Place & Lounge, 5905 N Mesa St, El Paso, TX 79912",31.828994899999998,-106.5285371,"['Japanese restaurant', 'Bar', 'Sushi restaurant']",3.9,228,$$,"[['Wednesday', '12–8PM'], ['Thursday', '12–8PM'], ['Friday', '12–9PM'], ['Saturday', '12–9PM'], ['Sunday', '12–8PM'], ['Monday', '12–8PM'], ['Tuesday', '12–8PM']]"
0x8706849be9770c3f:0xeea589a4225dd9f0,Osaki Sushi,"Osaki Sushi, 202 S Dumas Ave, Dumas, TX 79029",35.8640483,-101.97357079999999,"['Sushi restaurant', 'Japanese restaurant']",4.5,308,$$,"[['Wednesday', '11AM–9:30PM'], ['Thursday', '11AM–9:30PM'], ['Friday', '11AM–10PM'], ['Saturday', '11AM–10PM'], ['Sunday', '11AM–9:30PM'], ['Monday', '11AM–9:30PM'], ['Tuesday', '11AM–9:30PM']]"
0x8646a9ccaf3c5a59:0xc87328067780612b,Shogun Japanese Grill & Sushi Bar,"Shogun Japanese Grill & Sushi Bar 105 highway 290 west, Brenham, TX 77833",30.141443199999998,-96.3921975,"['Japanese restaurant', 'Asian restaurant', 'Bar & grill', 'Japanese steakhouse', 'Restaurant']",4.3,328,$$,"[['Wednesday', '11AM–9PM'], ['Thursday', '11AM–9PM'], ['Friday', '11AM–10PM'], ['Saturday', '11AM–10PM'], ['Sunday', '11AM–9PM'], ['Monday', '11AM–9PM'], ['Tuesday', '11AM–9PM']]"
0x8701508bd9230c17:0xc7be483157b9b4dd,Sakura Japanese Steakhouse & Sushi-Oyster Bar,"Sakura Japanese Steakhouse & Sushi-Oyster Bar, 4000 S Soncy Rd, Amarillo, TX 79119",35.165226,-101.938656,"['Japanese restaurant', 'Restaurant', 'Steak house', 'Sushi restaurant']",4.3,658,$$$,"[['Wednesday', '5–9PM'], ['Thursday', '5–9PM'], ['Friday', '5–10PM'], ['Saturday', '11AM–2PM'], ['Sunday', '11AM–2PM'], ['Monday', 'Closed'], ['Tuesday', '5–9PM']]"
0x8640d0b55b64da9d:0x880d9349d876ee5d,Hikari,"Hikari, 6860 Hwy 6 N Suite H, Houston, TX 77084",29.875949499999997,-95.6448805,"['Japanese restaurant', 'Authentic Japanese restaurant', 'Izakaya restaurant', 'Sushi restaurant']",4.5,568,$$,"[['Wednesday', '11AM–10PM'], ['Thursday', '11AM–10PM'], ['Friday', '11AM–11PM'], ['Saturday', '11AM–10:30PM'], ['Sunday', '12–9PM'], ['Monday', '11AM–10PM'], ['Tuesday', '11AM–10PM']]"
0x8640c5a9b939bc31:0xd627a59d62a2a53b,Sarku Japan,"Sarku Japan, 303 Memorial City Mall Space #395F, Houston, TX 77024",29.780405599999998,-95.5404757,"['Japanese restaurant', 'Fast food restaurant', 'Restaurant', 'Sushi restaurant', 'Teppanyaki restaurant']",4.1,228,$,"[['Wednesday', '11AM–7PM'], ['Thursday', '11AM–7PM'], ['Friday', '11AM–8PM'], ['Saturday', '11AM–8PM'], ['Sunday', '11AM–7PM'], ['Monday', '11AM–7PM'], ['Tuesday', '11AM–7PM']]"
0x865b4cf6afa1169d:0x272feb373fb92b4c,Shogun,"Shogun, 1807 W Slaughter Ln, Austin, TX 78748",30.171111099999997,-97.82416669999999,['Japanese restaurant'],4.5,128,$$,"[['Wednesday', '5:30–9:30PM'], ['Thursday', '5:30–9:30PM'], ['Friday', '5:30–9:30PM'], ['Saturday', '5:30–9:30PM'], ['Sunday', 'Closed'], ['Monday', '5:30–9:30PM'], ['Tuesday', '5:30–9:30PM']]"
0x864c19c53c619f63:0x1818074ea18e8f93,YAYOI Plano,"YAYOI Plano, 120 Legacy Dr, Plano, TX 75023",33.066975299999996,-96.694065,"['Japanese restaurant', 'Bar']",4.4,138,$$,"[['Wednesday', '11AM–9:30PM'], ['Thursday', '11AM–9:30PM'], ['Friday', '11AM–9:30PM'], ['Saturday', '11AM–9:30PM'], ['Sunday', '11AM–9:30PM'], ['Monday', '11AM–9:30PM'], ['Tuesday', '11AM–9:30PM']]"
0x8640e695e3eedd49:0xbc4e9765385c0d62,AGU Ramen Sugar Land,"AGU Ramen Sugar Land, 2130 Lone Star Dr, Sugar Land, TX 77479",29.595116299999997,-95.6239525,"['Restaurant', 'Japanese restaurant', 'Ramen restaurant']",3.9,236,$$,"[['Wednesday', '11AM–3PM'], ['Thursday', '11AM–3PM'], ['Friday', '11AM–10PM'], ['Saturday', '11AM–10PM'], ['Sunday', '11AM–7PM'], ['Monday', '11AM–3PM'], ['Tuesday', 'Closed']]"
0x864734efd63ee425:0xac99cb633284776a,Shoku,"Shoku, 2203 Spring Stuebner Rd #100, Spring, TX 77388",30.082502299999998,-95.4480514,['Japanese restaurant'],4.3,148,$$,"[['Wednesday', '11AM–10PM'], ['Thursday', '11AM–10PM'], ['Friday', '11AM–10:30PM'], ['Saturday', '12–10:30PM'], ['Sunday', 'Closed'], ['Monday', '11AM–10PM'], ['Tuesday', '11AM–10PM']]"
0x864e9ecc229030a7:0x6b615174a23bb44f,Steel Sushi Restaurant and Lounge,"Steel Sushi Restaurant and Lounge, 3180 Welborn St, Dallas, TX 75219",32.8091939,-96.8069371,"['Asian restaurant', 'Asian fusion restaurant', 'Bar', 'Bar & grill', 'Cocktail bar', 'Japanese restaurant', 'Restaurant', 'Sushi restaurant', 'Vietnamese restaurant']",4.4,148,$$$,"[['Wednesday', '5:30–9:30PM'], ['Thursday', '5:30–9:30PM'], ['Friday', '5:30–9:30PM'], ['Saturday', '5:30–9:30PM'], ['Sunday', '5:30–9PM'], ['Monday', 'Closed'], ['Tuesday', '5:30–9:30PM']]"
0x864c3cc2a02c74d9:0x80351cd23b5bcb81,Yoshi Shabu Shabu,"Yoshi Shabu Shabu, 8612 Preston Rd #115, Plano, TX 75024",33.095679,-96.804564,"['Shabu-shabu restaurant', 'Fondue restaurant', 'Japanese delicatessen', 'Japanese restaurant', 'Japanese steakhouse', 'Noodle shop', 'Ramen restaurant', 'Sukiyaki and Shabu Shabu restaurant', 'Vegan restaurant']",4.6,404,$$,"[['Wednesday', '11:30AM–9:30PM'], ['Thursday', '11:30AM–9:30PM'], ['Friday', '11:30AM–10:30PM'], ['Saturday', '11:30AM–10:30PM'], ['Sunday', '11:30AM–9:30PM'], ['Monday', '11:30AM–9:30PM'], ['Tuesday', '11:30AM–9:30PM']]"
0x866120f6dce5422d:0x5d036c21902b939b,Posh Sushi Express,"Posh Sushi Express, 7019 W Village Blvd #101, Laredo, TX 78041",27.5675864,-99.4960512,"['Sushi restaurant', 'Asian restaurant', 'Japanese restaurant', 'Delivery Restaurant', 'Seafood restaurant']",4.3,213,$$,"[['Wednesday', '11AM–10PM'], ['Thursday', '11AM–10PM'], ['Friday', '11AM–10PM'], ['Saturday', '12–10PM'], ['Sunday', '12–10PM'], ['Monday', '11AM–9PM'], ['Tuesday', '11AM–9PM']]"
0x8640bf82fa1b466d:0xb981d9c00ec29cfb,MF Sushi Museum District,"MF Sushi Museum District, 1401 Binz St #100, Houston, TX 77004",29.7237743,-95.3858992,"['Sushi restaurant', 'Bar', 'Japanese restaurant', 'Restaurant']",4.7,598,$$$$,"[['Wednesday', '5:30–10:30PM'], ['Thursday', '5:30–10:30PM'], ['Friday', '5:30–11PM'], ['Saturday', '5:30–11PM'], ['Sunday', '5–10PM'], ['Monday', 'Closed'], ['Tuesday', '5:30–10:30PM']]"
0x864e7fa6fbf33d91:0xf7845119f20f6666,Sayuri Hibachi Express,"Sayuri Hibachi Express, 2101 Bedford Rd suite i, Bedford, TX 76021",32.8454244,-97.1327846,"['Chinese restaurant', 'Asian restaurant', 'Japanese restaurant', 'Delivery Restaurant', 'Sushi restaurant']",3.9,288,$,"[['Wednesday', '11AM–9PM'], ['Thursday', '11AM–9PM'], ['Friday', '11AM–9:30PM'], ['Saturday', '11AM–9:30PM'], ['Sunday', 'Closed'], ['Monday', '11AM–9PM'], ['Tuesday', '11AM–9PM']]"
0x8665a6cab2f0428f:0x5a3141db5a6e1114,Hayashi Hibachi,"Hayashi Hibachi, 5600 N 10th St, McAllen, TX 78504",26.254030399999998,-98.2208094,"['Teppanyaki restaurant', 'Bar & grill', 'Japanese restaurant', 'Organic restaurant', 'Soup restaurant', 'Steak house', 'Sushi restaurant']",4.3,1058,$$,"[['Wednesday', '11AM–9PM'], ['Thursday', '11AM–9PM'], ['Friday', '11AM–10PM'], ['Saturday', '11AM–10PM'], ['Sunday', '11AM–9PM'], ['Monday', '11AM–9PM'], ['Tuesday', '11AM–9PM']]"
0x8640933278c19b2b:0x4adb2c728e7f0616,Shogun,"Shogun, 11200 Broadway St, Pearland, TX 77584",29.5541229,-95.3936691,"['Teppanyaki restaurant', 'Japanese restaurant', 'Sushi restaurant']",3.9,378,$$,"[['Wednesday', '11:30AM–9:30PM'], ['Thursday', '11:30AM–9:30PM'], ['Friday', '11:30AM–10:30PM'], ['Saturday', '11:30AM–10:30PM'], ['Sunday', '11:30AM–9:30PM'], ['Monday', '11:30AM–9:30PM'], ['Tuesday', '11:30AM–9:30PM']]"
0x864dd1ac105f61bb:0xac77b68c481d9f5d,Tokyo Steakhouse,"Tokyo Steakhouse, 1212 US-377 #103, Roanoke, TX 76262",33.0119342,-97.2175358,"['Japanese steakhouse', 'Sushi restaurant']",4.0,48,,"[['Wednesday', '11AM–2:30PM'], ['Thursday', '11AM–2:30PM'], ['Friday', '11AM–10PM'], ['Saturday', '11AM–10PM'], ['Sunday', '11AM–9PM'], ['Monday', '11AM–2:30PM'], ['Tuesday', '11AM–2:30PM']]"
0x8640d23e8091ba2f:0xdcc4685ca20414f1,Rainbow Asian Cafe,"Rainbow Asian Cafe, 13251 Jones Rd, Houston, TX 77070",29.9664687,-95.5863574,"['Chinese restaurant', 'Asian restaurant', 'Japanese restaurant', 'Delivery Restaurant', 'Sushi restaurant']",3.7,125,$$,"[['Wednesday', '11AM–9:30PM'], ['Thursday', '11AM–9:30PM'], ['Friday', '11AM–10PM'], ['Saturday', '11AM–10PM'], ['Sunday', '11AM–9:30PM'], ['Monday', '11AM–9:30PM'], ['Tuesday', '11AM–9:30PM']]"
0x8640c1028be96f37:0xd4ef18733b75bdda,Oishii,"Oishii, 3764 Richmond Ave, Houston, TX 77046",29.733090299999997,-95.43677729999999,"['Japanese restaurant', 'Restaurant']",4.6,1695,$,"[['Wednesday', '11AM–10PM'], ['Thursday', '11AM–10PM'], ['Friday', '11AM–10PM'], ['Saturday', '12–10PM'], ['Sunday', 'Closed'], ['Monday', '11AM–10PM'], ['Tuesday', '11AM–10PM']]"
0x8640c3a6a774cdf5:0x7bc4def89128f1cb,Top Sushi,"Top Sushi, 8401 Westheimer Rd, Houston, TX 77063",29.7365121,-95.5149745,"['Sushi restaurant', 'Asian restaurant', 'Japanese restaurant']",4.5,735,$$,"[['Wednesday', '11AM–11PM'], ['Thursday', '11AM–11PM'], ['Friday', '11AM–11PM'], ['Saturday', '12–11PM'], ['Sunday', '12–10PM'], ['Monday', '11AM–11PM'], ['Tuesday', '11AM–11PM']]"
0x8640cd227ac392b1:0x79c0926efcd7d3fc,Akaihi,"Akaihi, 7312 Louetta Rd Suite 3100, Spring, TX 77379",30.020754999999998,-95.527192,"['Teppanyaki restaurant', 'Asian restaurant', 'Japanese restaurant', 'Japanese steakhouse', 'Restaurant', 'Sushi restaurant']",4.4,428,$$,"[['Wednesday', '11AM–9PM'], ['Thursday', '11AM–9PM'], ['Friday', '11AM–9PM'], ['Saturday', '11AM–9PM'], ['Sunday', '11AM–9PM'], ['Monday', 'Closed'], ['Tuesday', '11AM–9PM']]"
0x86fe73a3423b0593:0xd9f76395f0702318,Susaki Sushi Steakhouse,"Susaki Sushi Steakhouse, 6301 82nd St #601, Lubbock, TX 79424",33.518079199999995,-101.953113,['Japanese restaurant'],4.5,348,$$,"[['Wednesday', '11AM–3PM'], ['Thursday', '11AM–3PM'], ['Friday', '11AM–10:30PM'], ['Saturday', '11AM–10:30PM'], ['Sunday', '11:30AM–9:30PM'], ['Monday', '11AM–3PM'], ['Tuesday', 'Closed']]"
0x864a59e363cdd1fd:0xca7a1e1c8ce181bb,Tokyo Express in Paris,"Tokyo Express in Paris, 3090 Clarksville St, Paris, TX 75460",33.648683399999996,-95.5189584,['Japanese restaurant'],4.5,178,$$,"[['Tuesday', '11AM–9PM'], ['Wednesday', '11AM–9PM'], ['Thursday', '11AM–9PM'], ['Friday', '11AM–9PM'], ['Saturday', '11AM–9PM'], ['Sunday', 'Closed'], ['Monday', '11AM–9PM']]"
0x865b2d58af39453b:0x2d23cba24a774795,Mama Fu's Asian House,"Mama Fu's Asian House, 11301 Lakeline Blvd #300, Austin, TX 78717",30.478014499999997,-97.80039359999999,"['Asian restaurant', 'Asian fusion restaurant', 'Japanese restaurant', 'Restaurant', 'Vegan restaurant', 'Vegetarian restaurant', 'Vietnamese restaurant']",3.5,128,$$,
0x8668f5e6253167bb:0xc5470963473d7cf8,Origami Japanese Cuisine & Sushi Bar,"Origami Japanese Cuisine & Sushi Bar, Promenade Shopping Center, 1220 Airline Rd # 150, Corpus Christi, TX 78412",27.708911699999998,-97.36157759999999,"['Japanese restaurant', 'Sushi restaurant', 'Traditional restaurant']",4.4,154,$$,"[['Tuesday', '11:30AM–2PM'], ['Wednesday', '11:30AM–2PM'], ['Thursday', '11:30AM–2PM'], ['Friday', '5–10PM'], ['Saturday', '5–10PM'], ['Sunday', 'Closed'], ['Monday', '11:30AM–2PM']]"
0x86fe72947dce6323:0x778b0d62776c2f45,Shogun Japanese Steak House,"Shogun Japanese Steak House, 4520 50th St, Lubbock, TX 79414",33.5493257,-101.90902919999999,"['Japanese steakhouse', 'Asian restaurant', 'Japanese restaurant', 'Restaurant', 'Steak house', 'Sushi restaurant']",3.7,35,$$,"[['Tuesday', '11AM–2:30PM'], ['Wednesday', '11AM–2:30PM'], ['Thursday', '11AM–2:30PM'], ['Friday', '11AM–2:30PM'], ['Saturday', '11AM–2:30PM'], ['Sunday', '11AM–2:30PM'], ['Monday', '11AM–2:30PM']]"
0x864dca66450f6dd9:0xac14670de07e598d,Sushi Cafe & Bar,"Sushi Cafe & Bar, 1115 W Hickory St, Denton, TX 76201",33.214428999999996,-97.14473559999999,"['Sushi restaurant', 'Asian restaurant', 'Bar', 'Japanese restaurant', 'Restaurant']",4.1,158,$$,"[['Tuesday', '11AM–10PM'], ['Wednesday', '11AM–10PM'], ['Thursday', '11AM–10PM'], ['Friday', '11AM–10PM'], ['Saturday', '11AM–10PM'], ['Sunday', 'Closed'], ['Monday', '11AM–10PM']]"
0x86473a78018698ed:0x2280721c0498689f,Shogun Japanese Grill & Sushi Bar,"Shogun Japanese Grill & Sushi Bar, 9420 College Park Dr Ste195, The Woodlands, TX 77384",30.227819,-95.50880339999999,"['Japanese restaurant', 'Sushi restaurant', 'Teppanyaki restaurant']",4.2,233,$$,"[['Tuesday', 'Closed'], ['Wednesday', '3–10PM'], ['Thursday', '3–10PM'], ['Friday', '3–10:30PM'], ['Saturday', '3–10:30PM'], ['Sunday', '3–9:30PM'], ['Monday', '3–10PM']]"
0x864c2b20afeda109:0x1c46ec92d4446a34,Lava 10,"Lava 10, 401 E State Hwy 114, Grapevine, TX 76051",32.9242748,-97.0762111,"['Sushi restaurant', 'Delivery service', 'Fine dining restaurant', 'Japanese restaurant', 'Lunch restaurant', 'Delivery Restaurant', 'Takeout Restaurant', 'Southeast Asian restaurant', 'Sushi takeaway', 'Udon noodle restaurant']",4.3,427,$$,"[['Tuesday', '11AM–9:30PM'], ['Wednesday', '11AM–9:30PM'], ['Thursday', '11AM–9:30PM'], ['Friday', '11AM–10:30PM'], ['Saturday', '11AM–10:30PM'], ['Sunday', '5–9:30PM'], ['Monday', '11AM–9:30PM']]"
0x864dcad4e80d4813:0xaf0cc6735876b6eb,J Sushi,"J Sushi, 1400 S Loop 288 #100, Denton, TX 76205",33.195383299999996,-97.0936758,"['Sushi restaurant', 'Asian restaurant', 'Japanese restaurant']",4.4,355,$$,"[['Tuesday', '12–9PM'], ['Wednesday', '12–9PM'], ['Thursday', '12–9PM'], ['Friday', '12–9:30PM'], ['Saturday', '12–9:30PM'], ['Sunday', '12–9PM'], ['Monday', '12–9PM']]"
0x86e75844cffc4681:0x991b0cda90b752c4,Mirai Bowl,"Mirai Bowl, 2625 N Mesa St, El Paso, TX 79902",31.776480399999997,-106.5031647,"['Fast food restaurant', 'Japanese restaurant', 'Restaurant']",4.0,136,,"[['Tuesday', '11AM–7PM'], ['Wednesday', '11AM–7PM'], ['Thursday', '11AM–7PM'], ['Friday', '11AM–7PM'], ['Saturday', 'Closed'], ['Sunday', 'Closed'], ['Monday', '11AM–7PM']]"
0x86e7516922dbb21f:0xe59388520ed83cc2,Hamachi Sushi,"Hamachi Sushi, 9861 Dyer St suite 24, El Paso, TX 79924",31.8951353,-106.4118519,"['Sushi restaurant', 'Japanese restaurant']",4.4,558,$$,"[['Tuesday', '11AM–9PM'], ['Wednesday', '11AM–9PM'], ['Thursday', '11AM–9PM'], ['Friday', '11AM–10PM'], ['Saturday', '11AM–10PM'], ['Sunday', 'Closed'], ['Monday', '11AM–9PM']]"
0x86e75844d73d1df7:0x1a102c709aa337fa,The Sushi Place - UTEP,"The Sushi Place - UTEP, 2604 N Mesa St, El Paso, TX 79902",31.776612999999998,-106.5023519,"['Sushi restaurant', 'Asian restaurant', 'Japanese restaurant']",4.0,118,$$,"[['Tuesday', '11AM–9PM'], ['Wednesday', '11AM–9PM'], ['Thursday', '11AM–9PM'], ['Friday', '11AM–10PM'], ['Saturday', '12–10PM'], ['Sunday', 'Closed'], ['Monday', '11AM–9PM']]"
0x864732ffed2f6d89:0x17b48fa16bbf8e02,Blōōfin,"Blōōfin, 6615 N Grand Parkway West, # 325, Spring, TX 77389",30.0886133,-95.52136999999999,"['Sushi restaurant', 'Authentic Japanese restaurant', 'Japanese restaurant']",4.7,433,$$,"[['Tuesday', '11AM–3PM'], ['Wednesday', '11AM–3PM'], ['Thursday', '11AM–3PM'], ['Friday', '11AM–10:30PM'], ['Saturday', '11AM–10:30PM'], ['Sunday', '12–9:30PM'], ['Monday', '11AM–3PM']]"
0x864c191b83500003:0xcf8965c92cc5207e,EBESU,"EBESU, 1007 E 15th St, Plano, TX 75074",33.0198129,-96.7006155,"['Sushi restaurant', 'Izakaya restaurant', 'Japanese restaurant']",4.7,172,,"[['Tuesday', '5:30–9:30PM'], ['Wednesday', '5:30–9:30PM'], ['Thursday', '5:30–9:30PM'], ['Friday', '5:30–10PM'], ['Saturday', '5:30–10PM'], ['Sunday', '5–9PM'], ['Monday', 'Closed']]"
0x864dd5f4a30fffff:0xbd26459106903d9d,Honey Teriyaki,"Honey Teriyaki, 4712 Colleyville Blvd Suite #120, Colleyville, TX 76034",32.8790659,-97.1586402,['Japanese restaurant'],4.8,138,,"[['Tuesday', '11AM–9PM'], ['Wednesday', '11AM–9PM'], ['Thursday', '11AM–9PM'], ['Friday', '11AM–9PM'], ['Saturday', '11AM–9PM'], ['Sunday', 'Closed'], ['Monday', '11AM–9PM']]"
0x8644b579dcd6c5e3:0x39e4d12d62afda54,Sushi Niichi,"Sushi Niichi, 705 W 24th St ste b, Austin, TX 78705",30.2877281,-97.74557639999999,"['Sushi restaurant', 'Asian restaurant', 'Japanese restaurant']",4.0,304,$$,"[['Tuesday', 'Closed'], ['Wednesday', '11AM–7PM'], ['Thursday', '11AM–7PM'], ['Friday', '11AM–7PM'], ['Saturday', '11:30AM–7PM'], ['Sunday', '11:30AM–7PM'], ['Monday', 'Closed']]"
0x864c3e050e5546b1:0x6ea8e56ff6598835,Kobe Teppan & Sushi,"Kobe Teppan & Sushi, 2832 Eldorado Pkwy #208, Little Elm, TX 75068",33.176907,-96.8852788,"['Japanese steakhouse', 'Asian restaurant', 'Japanese restaurant', 'Sushi restaurant']",4.1,318,$$,"[['Tuesday', '11AM–2:30PM'], ['Wednesday', '11AM–2:30PM'], ['Thursday', '11AM–2:30PM'], ['Friday', '11AM–2:30PM'], ['Saturday', '11AM–2:30PM'], ['Sunday', '11:30AM–9PM'], ['Monday', '11AM–2:30PM']]"
0x864120b56c655df1:0xd1718d25a8a99e36,Aji Ramen (KATY),"Aji Ramen (KATY), 1645 Winding Hollow Dr #206, Katy, TX 77450",29.755352,-95.749854,['Japanese restaurant'],4.6,498,$,"[['Tuesday', '11AM–10PM'], ['Wednesday', '11AM–10PM'], ['Thursday', '11AM–10PM'], ['Friday', '11AM–11PM'], ['Saturday', '12–11PM'], ['Sunday', '12–10PM'], ['Monday', '11AM–10PM']]"
0x864c15e3f5cae1fd:0x1b16d23c36a5f484,Madai Sushi,"Madai Sushi, 11501 Custer Rd #109, Frisco, TX 75035",33.1724268,-96.7344937,"['Japanese restaurant', 'Sushi restaurant', 'Thai restaurant']",4.6,268,,"[['Tuesday', '11AM–2:30PM'], ['Wednesday', '11AM–2:30PM'], ['Thursday', '11AM–2:30PM'], ['Friday', '11AM–2:30PM'], ['Saturday', '12:30–10PM'], ['Sunday', '12:30–9PM'], ['Monday', 'Closed']]"
0x865ab3453dddf843:0xeb830a5ea7f914fc,Sarku Japan,"Sarku Japan, Bldg. 4250, Clear Creek Road Clear Creek Exchange Suite #216, Fort Hood, TX 76544",31.130288999999998,-97.7979354,"['Japanese restaurant', 'Fast food restaurant', 'Restaurant', 'Sushi restaurant', 'Teppanyaki restaurant']",4.2,198,$,"[['Tuesday', '10:30AM–8PM'], ['Wednesday', '10:30AM–8PM'], ['Thursday', '10:30AM–8PM'], ['Friday', '10:30AM–8PM'], ['Saturday', '10:30AM–8PM'], ['Sunday', '10:30AM–6PM'], ['Monday', '10:30AM–8PM']]"
0x864c3cc4958a9673:0xcfb52ea687b86f18,MUSASHI Ramen & Izakaya,"MUSASHI Ramen & Izakaya, 8200 Preston Rd #110, Plano, TX 75024",33.088991,-96.80429199999999,"['Ramen restaurant', 'Asian fusion restaurant', 'Asian restaurant', 'Bar', 'Cocktail bar', 'Izakaya restaurant', 'Japanese restaurant', 'Modern izakaya restaurants', 'Restaurant']",4.5,138,,"[['Tuesday', '11AM–2PM'], ['Wednesday', '11AM–2PM'], ['Thursday', '11AM–2PM'], ['Friday', '11AM–2PM'], ['Saturday', '12–2PM'], ['Sunday', 'Closed'], ['Monday', '11AM–2PM']]"
0x864c3fb555874711:0xd50552fc41ccad15,Tapan Wok,"Tapan Wok, 1350 N Preston Rd, Prosper, TX 75078",33.251292299999996,-96.78330319999999,"['Chinese restaurant', 'Japanese restaurant', 'Sushi restaurant']",4.2,95,,"[['Tuesday', '11AM–10PM'], ['Wednesday', '11AM–10PM'], ['Thursday', '11AM–10PM'], ['Friday', '11AM–10PM'], ['Saturday', '11AM–10PM'], ['Sunday', '11AM–10PM'], ['Monday', 'Closed']]"
0x863f5ea9b611be7d:0x81d2aab5111ae845,Shogun Baytown,"Shogun Baytown, 5075 Garth Rd, Baytown, TX 77521",29.7792295,-94.97822819999999,"['Japanese restaurant', 'Asian restaurant', 'Steak house', 'Sushi restaurant']",4.2,507,$$,"[['Tuesday', '11AM–9:30PM'], ['Wednesday', '11AM–9:30PM'], ['Thursday', '11AM–9:30PM'], ['Friday', '11AM–11PM'], ['Saturday', '11AM–11PM'], ['Sunday', '11AM–10PM'], ['Monday', '11AM–9:30PM']]"
0x8640c5239d0a6cb1:0x6e85066c6cce6fd,Teriyaki Kitchen,"Teriyaki Kitchen, 2659 Gessner Rd, Houston, TX 77080",29.820735199999998,-95.5457393,"['Japanese restaurant', 'Korean restaurant']",4.6,315,$,"[['Monday', '10:30AM–8:30PM'], ['Tuesday', '10:30AM–8:30PM'], ['Wednesday', '10:30AM–8:30PM'], ['Thursday', '10:30AM–8:30PM'], ['Friday', '10:30AM–8:30PM'], ['Saturday', '11AM–9PM'], ['Sunday', 'Closed']]"
0x86409f0a38a4e133:0x7f193c84446323d7,FuJi Sushi Asian Cuisine,"FuJi Sushi Asian Cuisine, 8740 Spencer Hwy c1, La Porte, TX 77571",29.6634823,-95.1027309,"['Japanese restaurant', 'Asian restaurant', 'Chinese restaurant', 'Sushi restaurant']",4.7,368,$,"[['Monday', '11AM–10PM'], ['Tuesday', '11AM–10PM'], ['Wednesday', '11AM–10PM'], ['Thursday', '11AM–10PM'], ['Friday', '11AM–10PM'], ['Saturday', '11AM–10PM'], ['Sunday', '12–10PM']]"
0x864722241078201f:0x41507e12687befc6,Little Tokyo Restaurant,"Little Tokyo Restaurant, 18020 TX-105 #600, Montgomery, TX 77356",30.376633199999997,-95.6397106,['Japanese restaurant'],4.7,127,,"[['Monday', '11AM–3PM'], ['Tuesday', '11AM–3PM'], ['Wednesday', '11AM–3PM'], ['Thursday', '11AM–3PM'], ['Friday', '11AM–3PM'], ['Saturday', 'Closed'], ['Sunday', 'Closed']]"
0x863f5b317ffb9903:0x864df58ac7bdb13f,Shogun Japanese Grill,"Shogun Japanese Grill, 8808 TX-146 #100, Baytown, TX 77523",29.8196026,-94.8987202,['Japanese restaurant'],4.2,373,$$,"[['Monday', '11AM–10PM'], ['Tuesday', '11AM–10PM'], ['Wednesday', '11AM–10PM'], ['Thursday', '11AM–10PM'], ['Friday', '11AM–11PM'], ['Saturday', '11AM–11PM'], ['Sunday', '11AM–10PM']]"
0x865cf5854feece07:0x41dd214746090822,Jingu House,"Jingu House, 3853 N St Mary's St, San Antonio, TX 78212",29.460833299999997,-98.4769444,"['Japanese restaurant', 'Restaurant']",3.6,208,,"[['Monday', '10AM–5PM'], ['Tuesday', '10AM–5PM'], ['Wednesday', '10AM–5PM'], ['Thursday', '10AM–5PM'], ['Friday', '10AM–5PM'], ['Saturday', '10AM–5PM'], ['Sunday', '10AM–5PM']]"
0x864e99281e3f16f3:0xa2b5c574f80522c5,Ichigoh Ramen Lounge,"Ichigoh Ramen Lounge, 2724 Commerce St, Dallas, TX 75226",32.7828716,-96.7836221,"['Ramen restaurant', 'Bar', 'Diner', 'Japanese restaurant', 'Lunch restaurant', 'Takeout Restaurant']",4.8,248,,"[['Monday', 'Closed'], ['Tuesday', '12–3PM'], ['Wednesday', '12–3PM'], ['Thursday', '12–3PM'], ['Friday', '12–10PM'], ['Saturday', '12–10PM'], ['Sunday', '12–9PM']]"
0x865c6270b8dc85b9:0x9b428d795f92b4cc,SUSHI EXPRESS,"SUSHI EXPRESS, 19903 Stone Oak Pkwy, San Antonio, TX 78258",29.643424999999997,-98.490929,"['Sushi restaurant', 'Japanese restaurant', 'Korean restaurant']",4.5,437,$$,"[['Monday', 'Closed'], ['Tuesday', 'Closed'], ['Wednesday', '11AM–2:30PM'], ['Thursday', '11AM–2:30PM'], ['Friday', '11AM–2:30PM'], ['Saturday', '12–3PM'], ['Sunday', '12–3PM']]"
0x865c89fe1bdada3f:0xf9aaec13ed6209d7,"Kumori Sushi & Teppanyaki - Sonterra Blvd, San Antonio","Kumori Sushi & Teppanyaki - Sonterra Blvd, San Antonio, 700 E Sonterra Blvd Suite #308, San Antonio, TX 78258",29.6144267,-98.4849215,"['Sushi restaurant', 'Japanese restaurant', 'Teppanyaki restaurant']",4.2,518,$$,"[['Monday', '11:30AM–10PM'], ['Tuesday', '11:30AM–10PM'], ['Wednesday', '11:30AM–10PM'], ['Thursday', '11:30AM–10PM'], ['Friday', '11:30AM–10PM'], ['Saturday', '11:30AM–10PM'], ['Sunday', '11:30AM–10PM']]"
0x86ddf91e9dd5df7d:0x1af74524469a4249,Dragonfly Wine & Sushi Bistro,"Dragonfly Wine & Sushi Bistro, 5860 N Mesa St Ste.133-135, El Paso, TX 79912",31.825696599999997,-106.52364039999999,"['Japanese restaurant', 'Bar & grill', 'Culinary school', 'Korean rib restaurant', 'Ramen restaurant', 'Seafood restaurant', 'Steak house', 'Sushi restaurant', 'Wine bar']",4.2,235,$$$,"[['Monday', 'Closed'], ['Tuesday', '4–9:30PM'], ['Wednesday', '4–9:30PM'], ['Thursday', '4–10PM'], ['Friday', '4–11PM'], ['Saturday', '4–11PM'], ['Sunday', '4–9PM']]"
0x8640c0b4ac02cf5f:0x98c1865b4c935e84,Soma Sushi,"Soma Sushi, 4820 Washington Ave, Houston, TX 77007",29.7708817,-95.4099088,"['Japanese restaurant', 'Asian fusion restaurant', 'Asian restaurant', 'Cocktail bar', 'Ramen restaurant', 'Seafood restaurant', 'Sushi restaurant']",4.4,768,$$,"[['Monday', '11:30AM–2:30PM'], ['Tuesday', '11:30AM–2:30PM'], ['Wednesday', '11:30AM–2:30PM'], ['Thursday', '11:30AM–2:30PM'], ['Friday', '11:30AM–2:30PM'], ['Saturday', '12–11PM'], ['Sunday', '12–10PM']]"
0x8640db41cec74a09:0xb7b32d96b12f0af,Gyu-Kaku Japanese BBQ,"Gyu-Kaku Japanese BBQ, 11301 Katy Fwy, Houston, TX 77079",29.783807999999997,-95.581852,"['Yakiniku restaurant', 'Bar', 'Barbecue restaurant', 'Japanese restaurant', 'Restaurant']",4.5,1330,$$,"[['Monday', '10:30AM–9:30PM'], ['Tuesday', '10:30AM–9:30PM'], ['Wednesday', '10:30AM–9:30PM'], ['Thursday', '10:30AM–9:30PM'], ['Friday', '10:30AM–10:30PM'], ['Saturday', '10:30AM–10:30PM'], ['Sunday', '10:30AM–9:30PM']]"
0x864c25e31772ecff:0x6da3cafc22ae62e,Hanabi Ramen Carrollton,"Hanabi Ramen Carrollton, 2540 Old Denton Rd #120, Carrollton, TX 75006",32.9815313,-96.9077027,"['Japanese restaurant', 'Restaurant']",4.4,773,$$,"[['Monday', '11:30AM–9PM'], ['Tuesday', '11:30AM–9PM'], ['Wednesday', '11:30AM–9PM'], ['Thursday', '11:30AM–9PM'], ['Friday', '11:30AM–9PM'], ['Saturday', '11:30AM–9PM'], ['Sunday', '11:30AM–9PM']]"
0x864f8239d0f3a2ff:0x1555c1d2d595421b,koKo Ramen,"koKo Ramen, 720 Franklin Ave Unit 230, Waco, TX 76701",31.553680399999998,-97.1329603,"['Japanese restaurant', 'Barbecue area', 'Ramen restaurant']",4.1,258,$$,"[['Monday', '11AM–9PM'], ['Tuesday', '11AM–9PM'], ['Wednesday', '11AM–9PM'], ['Thursday', '11AM–9PM'], ['Friday', '11AM–10PM'], ['Saturday', '11AM–10PM'], ['Sunday', '11AM–9PM']]"
0x8640cd1ef5a61021:0x6e0a2ec9a77de1ca,Gyu-Kaku Japanese BBQ,"Gyu-Kaku Japanese BBQ, 7748 Cypress Creek Pkwy suite a, Houston, TX 77070",29.9629284,-95.5455901,"['Yakiniku restaurant', 'Barbecue restaurant', 'Japanese restaurant', 'Restaurant']",4.5,498,$$,"[['Monday', '11AM–9:30PM'], ['Tuesday', '11AM–9:30PM'], ['Wednesday', '11AM–9:30PM'], ['Thursday', '11AM–9:30PM'], ['Friday', '11AM–10:30PM'], ['Saturday', '11AM–10:30PM'], ['Sunday', '11AM–9:30PM']]"
0x864c3cb3b1548f0d:0x6d492ac14ae107c1,Naan Sushi,"Naan Sushi, 7161 Bishop Rd, Plano, TX 75024",33.0756307,-96.82179269999999,"['Restaurant', 'Japanese restaurant', 'Sushi restaurant']",3.9,126,$$$,"[['Monday', '11AM–10:30PM'], ['Tuesday', '11AM–10:30PM'], ['Wednesday', '11AM–10:30PM'], ['Thursday', '11AM–10:30PM'], ['Friday', '11AM–10:30PM'], ['Saturday', '11AM–10:30PM'], ['Sunday', 'Closed']]"
0x8644b5761a13d0b7:0x837004e630eafe0c,Look Noodles & More,"Look Noodles & More, 5607 #A, 1914 Guadalupe St, Austin, TX 78705",30.282628,-97.742317,"['Ramen restaurant', 'Chinese noodle restaurant', 'Chinese restaurant', 'Japanese restaurant']",3.8,267,$,"[['Monday', '11AM–9:30PM'], ['Tuesday', '11AM–9:30PM'], ['Wednesday', '11AM–9:30PM'], ['Thursday', '11AM–9:30PM'], ['Friday', '11AM–9:30PM'], ['Saturday', '11AM–9:30PM'], ['Sunday', '11AM–9:30PM']]"
0x864e9ed447671db7:0xfb3aabd216b029b0,Edohana Sushi,"Edohana Sushi, 3839 McKinney Ave, Dallas, TX 75204",32.809321,-96.796055,"['Sushi restaurant', 'Asian restaurant', 'Japanese restaurant']",4.3,128,$,"[['Monday', '11AM–9:30PM'], ['Tuesday', '11AM–9:30PM'], ['Wednesday', '11AM–9:30PM'], ['Thursday', '11AM–9:30PM'], ['Friday', '11AM–9:30PM'], ['Saturday', '11AM–9:30PM'], ['Sunday', 'Closed']]"
0x864c2984ca54ce6b:0x4241a654f80e9ab,Cbowls Poke,"Cbowls Poke, 3601 Regent Blvd suit170, Irving, TX 75063",32.9215204,-96.9958056,"['Japanese restaurant', 'Hawaiian restaurant']",4.5,106,$$,"[['Monday', '10AM–3PM'], ['Tuesday', '10AM–3PM'], ['Wednesday', '10AM–3PM'], ['Thursday', '10AM–3PM'], ['Friday', '10AM–3PM'], ['Saturday', 'Closed'], ['Sunday', 'Closed']]"
0x8640a4409622667f:0x330afcbe73906fa8,Osaka Japanese Steakhouse,"Osaka Japanese Steakhouse, 15242 Wallisville Rd Ste M, Houston, TX 77049",29.806647199999997,-95.16801219999999,"['Japanese restaurant', 'Asian restaurant', 'Delivery service', 'Japanese steakhouse', 'Sushi restaurant', 'Sushi takeaway']",4.2,535,$$,"[['Sunday', '12–9:30PM'], ['Monday', '11AM–9:30PM'], ['Tuesday', '11AM–9:30PM'], ['Wednesday', '11AM–9:30PM'], ['Thursday', '11AM–9:30PM'], ['Friday', '11AM–10:30PM'], ['Saturday', '11:30AM–10:30PM']]"
0x864c23830adca5e5:0xe6c4954ca74390d6,Meccha Matcha,"Meccha Matcha, 2001 Coit Rd #166, Plano, TX 75075",33.0291964,-96.7717624,['Japanese sweets restaurant'],4.7,125,$,"[['Sunday', '12–9PM'], ['Monday', 'Closed'], ['Tuesday', 'Closed'], ['Wednesday', '1–9PM'], ['Thursday', '1–9PM'], ['Friday', '1–9:30PM'], ['Saturday', '12–9:30PM']]"
0x8668f5933dddfa7f:0x2671796256a365ec,Sarku Japan,"Sarku Japan, 5488 S Padre Island Dr Space #1008, Corpus Christi, TX 78411",27.7115345,-97.37433569999999,"['Japanese restaurant', 'Fast food restaurant', 'Restaurant', 'Sushi restaurant', 'Teppanyaki restaurant']",4.3,193,$,"[['Sunday', '11AM–6PM'], ['Monday', '10AM–8PM'], ['Tuesday', '10AM–8PM'], ['Wednesday', '10AM–8PM'], ['Thursday', '10AM–8PM'], ['Friday', '10AM–8PM'], ['Saturday', '10AM–8PM']]"
0x864edae3ba0b57cd:0x23b52b4c09b44431,Tokyo Sushi and Grill,"Tokyo Sushi and Grill, 1012 E Ennis Ave, Ennis, TX 75119",32.3338387,-96.617758,['Japanese restaurant'],4.1,34,,"[['Sunday', '5–9PM'], ['Monday', 'Closed'], ['Tuesday', '5–10PM'], ['Wednesday', '5–10PM'], ['Thursday', '5–10PM'], ['Friday', '5–10PM'], ['Saturday', '5–10PM']]"
0x86412126151ccf55:0x5abbdedf8adb1b23,Tobiuo Sushi & Bar,"Tobiuo Sushi & Bar, 23501 Cinco Ranch Blvd Suite H130, Katy, TX 77494",29.743371399999997,-95.77524129999999,"['Sushi restaurant', 'Japanese restaurant']",4.6,308,,"[['Sunday', '11AM–9:30PM'], ['Monday', '11AM–9:30PM'], ['Tuesday', '11AM–9:30PM'], ['Wednesday', '11AM–9:30PM'], ['Thursday', '11AM–9:30PM'], ['Friday', '11AM–11PM'], ['Saturday', '11AM–11PM']]"
0x864dd7d71ac09159:0x9a7bea2a80575324,Hibachi Soups and Egg Rolls,"Hibachi Soups and Egg Rolls, 5601 Basswood Blvd #189, Fort Worth, TX 76137",32.8747417,-97.26307779999999,"['Chinese restaurant', 'Asian restaurant', 'Chinese takeaway', 'Authentic Japanese restaurant', 'Japanese restaurant', 'Delivery Restaurant', 'Takeout Restaurant', 'Thai restaurant', 'Vietnamese restaurant']",3.4,78,,"[['Sunday', '3–9PM'], ['Monday', '2–9PM'], ['Tuesday', '2–9PM'], ['Wednesday', '3–9PM'], ['Thursday', '2–9PM'], ['Friday', '12–9:30PM'], ['Saturday', '1–9:30PM']]"
0x86408256bd96f1c1:0xd08f78c4f565d82d,Masa Sushi,"Masa Sushi, 1804 Farm to W. Market Road 646 #R, Dickinson, TX 77539",29.465311999999997,-95.093949,"['Japanese restaurant', 'Sushi restaurant']",4.3,634,$$,"[['Sunday', '11AM–10PM'], ['Monday', '11AM–10PM'], ['Tuesday', '11AM–10PM'], ['Wednesday', '11AM–10PM'], ['Thursday', '11AM–10PM'], ['Friday', '11AM–10PM'], ['Saturday', '11AM–10PM']]"
0x8644cba75e898e0f:0x2c586be677823d04,Suzi's China Grill,"Suzi's China Grill, 7858 Shoal Creek Blvd, Austin, TX 78757",30.360677,-97.74139199999999,"['Chinese restaurant', 'Asian restaurant', 'Japanese restaurant', 'Restaurant', 'Sushi restaurant']",4.2,258,$$,"[['Sunday', 'Closed'], ['Monday', '11AM–10PM'], ['Tuesday', '11AM–10PM'], ['Wednesday', '11AM–10PM'], ['Thursday', '11AM–10PM'], ['Friday', '11AM–10:30PM'], ['Saturday', '11:30AM–10:30PM']]"
0x86473739e5172db1:0x68679d632add5f76,Poke Man,"Poke Man, 8000 TX-242 #111, Conroe, TX 77385",30.2069913,-95.45394089999999,"['Japanese restaurant', 'Asian restaurant', 'Ice cream shop', 'Tea house']",4.6,247,,"[['Sunday', '11AM–9PM'], ['Monday', 'Closed'], ['Tuesday', '11AM–9PM'], ['Wednesday', '11AM–9PM'], ['Thursday', '11AM–9PM'], ['Friday', '11AM–9PM'], ['Saturday', '11AM–9PM']]"
0x86fe725ac299eac7:0x8df80c98a360ad4c,Yuyo Japanese Restaurant,"Yuyo Japanese Restaurant, 5130 80th St, Lubbock, TX 79424",33.5214019,-101.92139069999999,"['Japanese restaurant', 'Bar', 'Chinese restaurant', 'Ramen restaurant', 'Sushi restaurant']",4.2,518,$$,"[['Saturday', '11AM–10:30AM'], ['Sunday', '11:30AM–10PM'], ['Monday', '3–9:30PM'], ['Tuesday', '3–9:30PM'], ['Wednesday', '11AM–9:30PM'], ['Thursday', '11AM–9:30PM'], ['Friday', '11AM–10:30PM']]"
0x864c34cb41e211a3:0x40d864347e521c1,Shogun Steak House & Sushi Bar,"Shogun Steak House & Sushi Bar, 3606 S, I-35E, Denton, TX 76210",33.173705999999996,-97.091489,"['Japanese steakhouse', 'Steak house', 'Sushi restaurant']",3.6,188,$$$,"[['Sunday', '12–9PM'], ['Monday', '11AM–2PM'], ['Tuesday', '11AM–2PM'], ['Wednesday', '11AM–2PM'], ['Thursday', '11AM–2PM'], ['Friday', '11AM–2PM'], ['Saturday', '12–10PM']]"
0x86408f41cc593b7b:0xe8cdac57453f3288,Sakura Japanese Sushi and Grill,"Sakura Japanese Sushi and Grill, 110 Hwy 6, Alvin, TX 77511",29.4283263,-95.2434121,"['Japanese restaurant', 'Sushi restaurant']",4.7,178,,"[['Sunday', '11AM–9PM'], ['Monday', '11AM–9PM'], ['Tuesday', '11AM–9PM'], ['Wednesday', '11AM–9PM'], ['Thursday', '11AM–9PM'], ['Friday', '11AM–9:30PM'], ['Saturday', '11AM–9:30PM']]"
0x8650c6571bdc6edd:0xa60b5a2ca90e5f0f,SAWA Japanese Steak House,"SAWA Japanese Steak House, 515 E Commerce St, Brownwood, TX 76801",31.731121499999997,-98.97255439999999,"['Asian fusion restaurant', 'Japanese restaurant']",4.2,65,$$,"[['Sunday', '11AM–9:30PM'], ['Monday', '11AM–9:30PM'], ['Tuesday', '11AM–9:30PM'], ['Wednesday', '11AM–9:30PM'], ['Thursday', '11AM–9:30PM'], ['Friday', '11AM–10:30PM'], ['Saturday', '11AM–10:30PM']]"
0x8640c4b2c334e17f:0x8313267e0b0502fe,RA Sushi Bar Restaurant,"RA Sushi Bar Restaurant, 799 Town and Country Blvd Suite 234, Houston, TX 77024",29.779635799999998,-95.56086069999999,"['Sushi restaurant', 'Bar', 'Japanese restaurant']",4.1,1568,$$,"[['Sunday', '11AM–12AM'], ['Monday', '11AM–12AM'], ['Tuesday', '11AM–12AM'], ['Wednesday', '11AM–12AM'], ['Thursday', '11AM–12AM'], ['Friday', '11AM–1AM'], ['Saturday', '11AM–1AM']]"
0x8640c7334e505df7:0xae15b1564b7ab6a,The Blue Fish,"The Blue Fish, 5820 Washington Ave, Houston, TX 77007",29.7714911,-95.4208156,"['Japanese restaurant', 'Asian restaurant', 'Bar & grill', 'Lounge', 'Organic restaurant', 'Restaurant', 'Seafood restaurant', 'Sushi restaurant']",4.3,710,$$,"[['Sunday', '12–9PM'], ['Monday', '11AM–2PM'], ['Tuesday', '11AM–2PM'], ['Wednesday', '11AM–2PM'], ['Thursday', '11AM–2PM'], ['Friday', '11AM–2PM'], ['Saturday', '12–10PM']]"
0x8640c1199d879fbb:0x81cc3d0b3b6e331e,RA Sushi Bar Restaurant,"RA Sushi Bar Restaurant, 3908 Westheimer Rd, Houston, TX 77027",29.7421932,-95.4436798,"['Sushi restaurant', 'Asian restaurant', 'Bar', 'Japanese restaurant', 'Restaurant']",4.3,1647,$$,"[['Sunday', '11AM–12AM'], ['Monday', '11AM–12AM'], ['Tuesday', '11AM–12AM'], ['Wednesday', '11AM–12AM'], ['Thursday', '11AM–12AM'], ['Friday', '11AM–1AM'], ['Saturday', '11AM–1AM']]"
0x864c3ce9213beb05:0x749d6d2d03d355be,Jinbeh,"Jinbeh, 2693 Preston Rd Suite 1040, Frisco, TX 75034",33.1014213,-96.8066711,"['Japanese restaurant', 'Seafood restaurant', 'Sushi restaurant']",4.3,468,$$,"[['Sunday', '11:30AM–2:30PM'], ['Monday', '11AM–2PM'], ['Tuesday', '11AM–2PM'], ['Wednesday', '11AM–2PM'], ['Thursday', '11AM–2PM'], ['Friday', '11AM–2PM'], ['Saturday', '11:30AM–2:30PM']]"
0x8641274873961e5d:0x19b5d9b309b5f8fd,U'Maki Sushi Burrito,"U'Maki Sushi Burrito, 98 W Grand Pkwy S #160, Katy, TX 77494",29.7827748,-95.7788928,"['Sushi restaurant', 'Japanese restaurant']",4.4,268,$$,"[['Sunday', '11AM–9PM'], ['Monday', '11AM–9PM'], ['Tuesday', '11AM–9PM'], ['Wednesday', '11AM–9PM'], ['Thursday', '11AM–9PM'], ['Friday', '11AM–9PM'], ['Saturday', '11AM–9PM']]"
0x8640cc6477535cf3:0x354b52c9c5917846,HB Japanese Steak House,"HB Japanese Steak House, 4100 Cypress Creek Pkwy, Houston, TX 77068",29.992504099999998,-95.4915547,"['Japanese steakhouse', 'Restaurant']",4.1,238,$$,"[['Saturday', '11:30AM–2:30PM'], ['Sunday', '11:30AM–2:30PM'], ['Monday', '11:30AM–2:30PM'], ['Tuesday', '11:30AM–2:30PM'], ['Wednesday', '11:30AM–2:30PM'], ['Thursday', '11:30AM–2:30PM'], ['Friday', '11:30AM–2:30PM']]"
0x863f9c49f1cce7d7:0x74257e56672d049e,Yamato,"Yamato, 2104 61st St, Galveston, TX 77551, United States",29.2780918,-94.8316258,"['Japanese restaurant', 'Restaurant']",4.4,705,$$,"[['Saturday', '5–10PM'], ['Sunday', '5–9:30PM'], ['Monday', '5–9:30PM'], ['Tuesday', '5–9:30PM'], ['Wednesday', '5–9:30PM'], ['Thursday', '5–9:30PM'], ['Friday', '5–10PM']]"
0x8640dcc615a68d07:0xd875e5d0afab3233,Daido Market Houston,"Daido Market Houston, 11146 Westheimer Rd, Houston, TX 77042",29.7376632,-95.572525,"['Japanese grocery store', 'Grocery store', 'Supermarket']",4.7,484,,"[['Saturday', '9AM–7PM'], ['Sunday', '10AM–7PM'], ['Monday', '10AM–7PM'], ['Tuesday', '10AM–7PM'], ['Wednesday', '10AM–7PM'], ['Thursday', '10AM–7PM'], ['Friday', '10AM–7PM']]"
0x865bc069328ed2bb:0xed3f6ba0246554f3,Asian Garden,"Asian Garden, 1408 E Main St, Fredericksburg, TX 78624",30.2592859,-98.8533071,"['Asian fusion restaurant', 'Chinese restaurant', 'Japanese restaurant']",4.4,318,$$,"[['Saturday', '11AM–9:30PM'], ['Sunday', '11AM–9PM'], ['Monday', '11AM–9PM'], ['Tuesday', '11AM–9PM'], ['Wednesday', '11AM–9PM'], ['Thursday', '11AM–9PM'], ['Friday', '11AM–9:30PM']]"
0x864c32bc3fd55957:0xe90c941d99ffc851,SushiYAA,"SushiYAA, 2940 Justin Rd #100, Highland Village, TX 75077",33.074265,-97.0755681,"['Sushi restaurant', 'Asian restaurant', 'Buffet restaurant', 'Japanese restaurant', 'Seafood restaurant']",3.7,305,,"[['Saturday', '11AM–10PM'], ['Sunday', '11AM–9PM'], ['Monday', '11AM–3PM'], ['Tuesday', '11AM–3PM'], ['Wednesday', '11AM–3PM'], ['Thursday', '11AM–3PM'], ['Friday', '11AM–3PM']]"
0x86472d45b34652f1:0x25251648ea7ad3dc,IZA Robata,"IZA Robata, 20212 Champion Forest Dr #500, Spring, TX 77379",30.055689599999997,-95.57330909999999,"['Japanese restaurant', 'Izakaya restaurant', 'Ramen restaurant']",4.6,268,,"[['Saturday', '11AM–10PM'], ['Sunday', '12–9:30PM'], ['Monday', '11AM–9:30PM'], ['Tuesday', '11AM–9:30PM'], ['Wednesday', '11AM–9:30PM'], ['Thursday', '11AM–9:30PM'], ['Friday', '11AM–10PM']]"
0x864e9f0d286e7e5b:0xf341529e8126bcfa,Sumo Shack,"Sumo Shack, 5629 SMU Boulevard #120, Dallas, TX 75206",32.8423122,-96.7714314,"['Japanese restaurant', 'Restaurant']",4.3,246,$$,"[['Saturday', '12–10PM'], ['Sunday', '12–10PM'], ['Monday', 'Closed'], ['Tuesday', '11AM–10PM'], ['Wednesday', '11AM–10PM'], ['Thursday', '11AM–10PM'], ['Friday', '11AM–10PM']]"
0x8640bf5da21a0fad:0x3b5ce3d1298b26f8,Fukuoka sushi bar & grill,"Fukuoka sushi bar & grill, 2808 Milam St c, Houston, TX 77006",29.745061099999997,-95.3775258,"['Japanese restaurant', 'Restaurant', 'Sushi restaurant']",4.6,266,,"[['Saturday', '11AM–10PM'], ['Sunday', '11AM–10PM'], ['Monday', '11AM–10PM'], ['Tuesday', '11AM–10PM'], ['Wednesday', '11AM–10PM'], ['Thursday', '11AM–10PM'], ['Friday', '11AM–10PM']]"
0x864c3cee1d940a91:0x33659cd47377af4c,Roll & Poke,"Roll & Poke, 3311 Preston Rd #5, Frisco, TX 75034",33.1067125,-96.807408,"['Sushi restaurant', 'Japanese restaurant', 'Poke bar']",4.8,344,$$,"[['Saturday', '11AM–9PM'], ['Sunday', '12–8PM'], ['Monday', '11AM–8:30PM'], ['Tuesday', '11AM–8:30PM'], ['Wednesday', '11AM–8:30PM'], ['Thursday', '11AM–8:30PM'], ['Friday', '11AM–9PM']]"
0x8640e5f5e7ca1623:0xd4396cdef966a749,Raki,"Raki, 6302 Hwy 6 Ste J, Missouri City, TX 77459",29.562034999999998,-95.5628935,"['Chinese restaurant', 'Japanese restaurant', 'Delivery Restaurant']",4.4,218,,"[['Saturday', '11AM–9:30PM'], ['Sunday', '11AM–9PM'], ['Monday', '11AM–9PM'], ['Tuesday', '11AM–9PM'], ['Wednesday', '11AM–9PM'], ['Thursday', '11AM–9PM'], ['Friday', '11AM–9:30PM']]"
0x8640e5f6417f860f:0xfc4853ec14d65589,Hana Japanese and Chinese Cuisine,"Hana Japanese and Chinese Cuisine, 6210 Hwy 6, Missouri City, TX 77459",29.5630812,-95.5647326,"['Japanese restaurant', 'Chinese restaurant', 'Delivery Restaurant', 'Sushi restaurant']",4.2,228,$$,"[['Saturday', '11AM–9:30PM'], ['Sunday', '12–9:30PM'], ['Monday', '11AM–9PM'], ['Tuesday', '11AM–9PM'], ['Wednesday', '11AM–9PM'], ['Thursday', '11AM–9PM'], ['Friday', '11AM–9:30PM']]"
0x8668f59bab17c6d7:0xb76655ac815a73ae,Sang's Imperial Cafe,"Sang's Imperial Cafe, 4650 Corona Dr, Corpus Christi, TX 78411",27.713029799999997,-97.38688649999999,"['Sushi restaurant', 'Japanese restaurant', 'Restaurant', 'Thai restaurant']",4.5,288,$$,"[['Saturday', '3–9PM'], ['Sunday', 'Closed'], ['Monday', 'Closed'], ['Tuesday', '4–9PM'], ['Wednesday', '4–9PM'], ['Thursday', '4–9PM'], ['Friday', '3–9PM']]"
0x864099acb58ce5ed:0xb0010f2a4446e2c2,Sam Ramen Japanese Noodles,"Sam Ramen Japanese Noodles, 5769 Fairmont Pkwy, Pasadena, TX 77505",29.650385,-95.1522155,"['Restaurant', 'Japanese restaurant']",4.6,138,,"[['Saturday', '11AM–10PM'], ['Sunday', '11AM–9:30PM'], ['Monday', 'Closed'], ['Tuesday', '11AM–9:30PM'], ['Wednesday', '11AM–9:30PM'], ['Thursday', '11AM–9:30PM'], ['Friday', '11AM–10PM']]"
0x865cb9d26f46b8b5:0x712686646e7264f0,A-tan Asian Bistro & Sushi Bar,"A-tan Asian Bistro & Sushi Bar, 320 W Nolte St, Seguin, TX 78155",29.567634199999997,-97.9680133,['Japanese restaurant'],4.7,198,$$,"[['Friday', '11AM–2:30PM'], ['Saturday', '11AM–2:30PM'], ['Sunday', '11AM–2:30PM'], ['Monday', '11AM–2:30PM'], ['Tuesday', '11AM–2:30PM'], ['Wednesday', '11AM–2:30PM'], ['Thursday', '11AM–2:30PM']]"
0x86409dec4e744b0f:0x7941fe112ba7b828,Ohayo Sushi,"Texas, Webster, Bay Area Blvd, Ohayo Sushi邮政编码: 77598",29.539232799999997,-95.1380217,"['Japanese restaurant', 'Sushi restaurant', 'Sushi takeaway']",4.7,286,,"[['Friday', '11AM–9:30PM'], ['Saturday', '11AM–9:30PM'], ['Sunday', '11AM–9:30PM'], ['Monday', '11AM–9:30PM'], ['Tuesday', '11AM–9:30PM'], ['Wednesday', '11AM–9:30PM'], ['Thursday', '11AM–9:30PM']]"
0x864e0d3a01986835:0x993b53b7e54788f7,Mai Thai,"Mai Thai, 201 FM156, Haslet, TX 76052",32.9754468,-97.34722169999999,"['Thai restaurant', 'Japanese restaurant', 'Takeout Restaurant', 'Restaurant', 'Southeast Asian restaurant', 'Sushi restaurant']",4.5,425,$,"[['Friday', '11AM–3PM'], ['Saturday', '11AM–9PM'], ['Sunday', 'Closed'], ['Monday', '11AM–3PM'], ['Tuesday', '11AM–3PM'], ['Wednesday', '11AM–3PM'], ['Thursday', '11AM–3PM']]"
0x864eaa7e1109c501:0x4c62a8971e94b386,Edo Japan,"Edo Japan, 1067 I-30 Frontage Rd #109, Rockwall, TX 75087",32.90656,-96.4511354,"['Sushi restaurant', 'Bar', 'Japanese restaurant']",4.4,744,$$,"[['Friday', '11AM–10PM'], ['Saturday', '11AM–10PM'], ['Sunday', '11AM–9PM'], ['Monday', '11AM–9PM'], ['Tuesday', '11AM–9PM'], ['Wednesday', '11AM–9PM'], ['Thursday', '11AM–9PM']]"
0x864a588f1249ca33:0x66df66b33dd978c3,Shogun Japanese Steak House,"Shogun Japanese Steak House, 3450 Lamar Ave, Paris, TX 75460",33.660520999999996,-95.51213899999999,"['Japanese steakhouse', 'Asian restaurant', 'Japanese restaurant', 'Sushi restaurant']",4.3,338,$$,"[['Friday', '11AM–1:45PM'], ['Saturday', '11AM–1:45PM'], ['Sunday', 'Closed'], ['Monday', 'Closed'], ['Tuesday', '11AM–1:45PM'], ['Wednesday', '11AM–1:45PM'], ['Thursday', '11AM–1:45PM']]"
0x864bc631ff180229:0x626c3c85e7999da9,Tokyo Express in Commerce,"Tokyo Express in Commerce, 2008 Live Oak St, Commerce, TX 75428",33.247622,-95.909522,['Japanese restaurant'],4.7,335,$$,"[['Friday', '11AM–9PM'], ['Saturday', '11AM–9PM'], ['Sunday', 'Closed'], ['Monday', '11AM–9PM'], ['Tuesday', '11AM–9PM'], ['Wednesday', '11AM–9PM'], ['Thursday', '11AM–9PM']]"
0x8639336686d53681:0xaa7ce6f4314585c2,Tokyo Japanese Steakhouse & Sushi Bar,"Tokyo Japanese Steakhouse & Sushi Bar, 4438 Dowlen Rd #104, Beaumont, TX 77706",30.1218127,-94.1582348,"['Japanese restaurant', 'Sushi restaurant']",4.3,578,$$,"[['Friday', '11AM–2:30PM'], ['Saturday', '4:30–10PM'], ['Sunday', '11AM–2:30PM'], ['Monday', '11AM–2:30PM'], ['Tuesday', '11AM–2:30PM'], ['Wednesday', '11AM–2:30PM'], ['Thursday', '11AM–2:30PM']]"
0x86568e9e0383d935:0xd96c51b6194f48bb,Tokyo Asia Fusion,"Tokyo Asia Fusion, 1441 S Danville Dr, Abilene, TX 79605",32.4273242,-99.78423749999999,"['Asian restaurant', 'Japanese steakhouse', 'Seafood restaurant', 'Sushi restaurant', 'Thai restaurant']",4.1,476,$$,"[['Friday', '11AM–2:30PM'], ['Saturday', '11AM–9PM'], ['Sunday', '11AM–9PM'], ['Monday', '11AM–2:30PM'], ['Tuesday', '11AM–2:30PM'], ['Wednesday', '11AM–2:30PM'], ['Thursday', '11AM–2:30PM']]"
0x8640c0923e08b7cd:0xde285c25f1538cb6,Jenni's Noodle House,"Jenni's Noodle House, 3111 S Shepherd Dr, Houston, TX 77098",29.7381611,-95.4104389,"['Noodle shop', 'Asian restaurant', 'Fast food restaurant', 'Japanese restaurant', 'Delivery Restaurant', 'Restaurant', 'Thai restaurant', 'Vegan restaurant', 'Vegetarian restaurant', 'Vietnamese restaurant']",4.0,368,$,"[['Friday', '11AM–9:30PM'], ['Saturday', '11AM–9:30PM'], ['Sunday', '12–9PM'], ['Monday', '11AM–9:30PM'], ['Tuesday', '11AM–9:30PM'], ['Wednesday', '11AM–9:30PM'], ['Thursday', '11AM–9:30PM']]"
0x864731b51d1274b3:0x4f656dfb78afa110,Sakekawa Japanese,"Sakekawa Japanese, 6777 Woodlands Pkwy Space 200, Spring, TX 77382",30.180080099999998,-95.5388847,"['Japanese restaurant', 'Asian restaurant', 'Japanese steakhouse', 'Sushi restaurant']",4.2,227,,"[['Friday', '11AM–10PM'], ['Saturday', '11:30AM–10PM'], ['Sunday', '11:30AM–10PM'], ['Monday', '11AM–10PM'], ['Tuesday', '11AM–10PM'], ['Wednesday', '11AM–10PM'], ['Thursday', '11AM–10PM']]"
0x86fe73ae43f6d5d3:0x6e8b6913d8e45217,Yamagata Japanese Steak House,"Yamagata Japanese Steak House, 5905 82nd St # 104, Lubbock, TX 79424",33.5189793,-101.9435577,['Japanese steakhouse'],4.6,308,$$,"[['Friday', '11AM–1:30PM'], ['Saturday', '11AM–1:30PM'], ['Sunday', '11AM–1:30PM'], ['Monday', '11AM–1:30PM'], ['Tuesday', '5–8PM'], ['Wednesday', '11AM–1:30PM'], ['Thursday', '11AM–1:30PM']]"
0x86393346b440f2fb:0x66b27c828f96fadb,Koi Japanese Sushi Bar & Lounge,"Koi Japanese Sushi Bar & Lounge, 3350 Dowlen Rd C, Beaumont, TX 77706",30.1101,-94.16778599999999,"['Sushi restaurant', 'Japanese restaurant']",4.4,298,$$,"[['Friday', '11AM–2:30PM'], ['Saturday', '11AM–2:30PM'], ['Sunday', 'Closed'], ['Monday', '11AM–2:30PM'], ['Tuesday', '11AM–2:30PM'], ['Wednesday', '11AM–2:30PM'], ['Thursday', '11AM–2:30PM']]"
0x866626113b83d347:0x5c6f375f49ae073a,CHOPSTIX,"CHOPSTIX, 1701 Brahma Blvd F, Kingsville, TX 78363",27.499575099999998,-97.85716099999999,"['Chinese restaurant', 'Asian restaurant', 'Buffet restaurant', 'Japanese restaurant']",4.2,246,$$,"[['Friday', '11AM–9:30PM'], ['Saturday', '11AM–9:30PM'], ['Sunday', '11AM–9:30PM'], ['Monday', '11AM–9:30PM'], ['Tuesday', '11AM–9:30PM'], ['Wednesday', '11AM–9:30PM'], ['Thursday', '11AM–9:30PM']]"
0x86486455a6ad6ebb:0x53501ef69160869d,Asian City,"Asian City, 2018 Crockett Rd, Palestine, TX 75801",31.7388844,-95.608837,"['Chinese restaurant', 'Japanese restaurant']",4.2,278,$$,"[['Friday', '11AM–10PM'], ['Saturday', '11AM–10PM'], ['Sunday', '11AM–9:30PM'], ['Monday', '11AM–9AM'], ['Tuesday', '11AM–9:30PM'], ['Wednesday', '11AM–9:30PM'], ['Thursday', '11AM–9:30PM']]"
0x864c23f99c274943:0x30b2b2e6d8f8fd67,Sushi Maku,"Sushi Maku, 17721 Dallas Pkwy Suite 100, Dallas, TX 75287",32.990535,-96.8316122,"['Japanese restaurant', 'Restaurant', 'Sushi restaurant']",4.6,288,$$,"[['Friday', '11AM–2:30PM'], ['Saturday', '12–10PM'], ['Sunday', 'Closed'], ['Monday', '11AM–2:30PM'], ['Tuesday', '11AM–2:30PM'], ['Wednesday', '11AM–2:30PM'], ['Thursday', '11AM–2:30PM']]"
0x8640bf3b0f3c2551:0xb83dfc126e76c9a8,How Do You Roll?,"How Do You Roll?, 10435 Burnet Rd #107, Austin, TX 78758",30.388010899999998,-97.722353,"['Sushi restaurant', 'Asian restaurant', 'Japanese restaurant', 'Vegan restaurant', 'Vegetarian restaurant']",4.1,8,$$,"[['Friday', '11AM–2AM'], ['Saturday', '11AM–2AM'], ['Sunday', '11AM–2AM'], ['Monday', '11AM–2AM'], ['Tuesday', '11AM–2AM'], ['Wednesday', '11AM–2AM'], ['Thursday', '11AM–2AM']]"
0x8644cb9422083d95:0x83a00b0d80ff74fc,Mikado Ryotei,"Mikado Ryotei, 9033 Research Blvd #100, Austin, TX 78758",30.37344,-97.72468599999999,"['Sushi restaurant', 'Caterer', 'Event venue', 'Japanese restaurant', 'Tapas bar']",4.5,384,$$,"[['Friday', '4:30–9:30PM'], ['Saturday', '4:30–9:30PM'], ['Sunday', '4:30–9:30PM'], ['Monday', '4:30–9:30PM'], ['Tuesday', '4:30–9:30PM'], ['Wednesday', '4:30–9:30PM'], ['Thursday', '4:30–9:30PM']]"
0x86e7585ab9435f47:0xd078f82d28f0cb3e,SUSHI ZEN (UTEP),"SUSHI ZEN (UTEP), 2400 N Mesa St STE G, El Paso, TX 79902",31.775388999999997,-106.500902,"['Sushi restaurant', 'Japanese steakhouse', 'Seafood restaurant']",4.5,398,$$,"[['Friday', '11AM–8PM'], ['Saturday', '12–8PM'], ['Sunday', '4–8PM'], ['Monday', '11AM–8PM'], ['Tuesday', '11AM–8PM'], ['Wednesday', '11AM–8PM'], ['Thursday', '11AM–8PM']]"
0x864e7d1516a5eef5:0xa0d684402cf2aa44,Sushi And Ramen Japanese Restaurant,"Sushi And Ramen Japanese Restaurant, 803 W Park Row Dr, Arlington, TX 76013",32.7216762,-97.11609,"['Japanese restaurant', 'Restaurant']",4.4,523,$,"[['Friday', '11AM–9PM'], ['Saturday', '12–9PM'], ['Sunday', 'Closed'], ['Monday', '11AM–9PM'], ['Tuesday', '11AM–9PM'], ['Wednesday', '11AM–9PM'], ['Thursday', '11AM–9PM']]"
0x864e65f362e2a2e3:0x6c8eb936312f4343,Samurai Hibachi Express,"Samurai Hibachi Express, 5730 SW Green Oaks Blvd, Arlington, TX 76017",32.6737082,-97.1942613,"['Japanese restaurant', 'Asian restaurant', 'Sushi takeaway']",4.7,68,,"[['Friday', '11AM–3PM'], ['Saturday', '11AM–3PM'], ['Sunday', '12–9PM'], ['Monday', '11AM–3PM'], ['Tuesday', 'Closed'], ['Wednesday', '11AM–3PM'], ['Thursday', '11AM–3PM']]"
0x8640ac44bb451493:0x297b13c6100066b,Shogun,"Shogun, 7069 FM 1960, Humble, TX 77346",29.9989071,-95.1699678,"['Japanese restaurant', 'Bar & grill', 'Caterer', 'Takeout Restaurant', 'Sushi restaurant', 'Teppanyaki restaurant']",4.1,598,$$,"[['Friday', '11:30AM–10:30PM'], ['Saturday', '11:30AM–10:30PM'], ['Sunday', '11:30AM–9:30PM'], ['Monday', '11:30AM–9:30PM'], ['Tuesday', '11:30AM–9:30PM'], ['Wednesday', '11:30AM–9:30PM'], ['Thursday', '11:30AM–9:30PM']]"
0x86454c7bc3d1d437:0x3da67549a57c19ae,Kimchi Hana,"Kimchi Hana, 713 W Rancier Ave, Killeen, TX 76541",31.128377699999998,-97.73434499999999,"['Korean restaurant', 'Japanese restaurant']",4.6,257,$,"[['Friday', '11AM–8:30PM'], ['Saturday', '11:30AM–8:30PM'], ['Sunday', 'Closed'], ['Monday', '11AM–8:30PM'], ['Tuesday', '11AM–8:30PM'], ['Wednesday', '11AM–8:30PM'], ['Thursday', '11AM–8:30PM']]"
0x8640c1037e99ab67:0x83a19a547033d647,Sushi Wabi,"Sushi Wabi, 3953 Richmond Ave, Houston, TX 77027",29.732232699999997,-95.44070099999999,"['Sushi restaurant', 'Asian restaurant', 'Japanese restaurant', 'Restaurant']",4.4,517,$$,"[['Thursday', '11:30AM–9PM'], ['Friday', '11:30AM–9:30PM'], ['Saturday', '12:30–9:30PM'], ['Sunday', '12:30–9PM'], ['Monday', 'Closed'], ['Tuesday', '11:30AM–9PM'], ['Wednesday', '11:30AM–9PM']]"
0x864c1739a0a8a773:0x2bd5b8a78d584064,Inaka Teppanyaki,"Inaka Teppanyaki, 305 N Central Expy, Allen, TX 75013",33.1064897,-96.6770827,['Japanese restaurant'],4.3,167,$$,"[['Thursday', '11AM–10PM'], ['Friday', '11AM–11PM'], ['Saturday', '11AM–11PM'], ['Sunday', '11AM–10PM'], ['Monday', '11AM–10PM'], ['Tuesday', '11AM–10PM'], ['Wednesday', '11AM–10PM']]"
0x865c61ba9df86251:0x5a08308a90207442,Ito Ramen,"Ito Ramen, 14395 Blanco Rd, San Antonio, TX 78216",29.5736794,-98.5157091,"['Ramen restaurant', 'Japanese restaurant']",4.4,667,$$,"[['Thursday', '12–7PM'], ['Friday', '12–8:15PM'], ['Saturday', '3–8:15PM'], ['Sunday', '12–8:30PM'], ['Monday', '12–7PM'], ['Tuesday', '12–7PM'], ['Wednesday', '12–7PM']]"
0x864c18de626ad7f5:0xb5e066dca4108c37,Japan House,"Japan House, 300 W Plano Pkwy, Plano, TX 75075",33.008494999999996,-96.71081799999999,"['Japanese restaurant', 'Asian restaurant', 'Sushi restaurant']",4.0,948,$$,"[['Thursday', '11AM–2:30PM'], ['Friday', '11AM–2:30PM'], ['Saturday', '11AM–3PM'], ['Sunday', '11AM–3PM'], ['Monday', '11AM–2:30PM'], ['Tuesday', '11AM–2:30PM'], ['Wednesday', '11AM–2:30PM']]"
0x86474df5fe837daf:0xd041310f4ae4384d,Ginger,"Ginger, 24510 Eastex Fwy #130, Kingwood, TX 77339",30.0677746,-95.2455109,['Japanese restaurant'],4.6,138,,"[['Thursday', '11AM–3PM'], ['Friday', '11AM–10PM'], ['Saturday', '11AM–10PM'], ['Sunday', '12–9:30PM'], ['Monday', '11AM–3PM'], ['Tuesday', '11AM–3PM'], ['Wednesday', '11AM–3PM']]"
0x8640adbe5223048b:0x303b8f4b8ad0abd7,Miya Ramen Bistro,"Miya Ramen Bistro, 4535 Kingwood Dr #100, Kingwood, TX 77345",30.051765099999997,-95.1808058,"['Japanese restaurant', 'Ramen restaurant']",4.5,165,,"[['Thursday', '11AM–9:30PM'], ['Friday', '11AM–10PM'], ['Saturday', '11AM–10PM'], ['Sunday', '11AM–9:30PM'], ['Monday', '11AM–9:30PM'], ['Tuesday', '11AM–9:30PM'], ['Wednesday', '11AM–9:30PM']]"
0x864c299b4a394f7d:0x17eb862b534e2a02,Koriyaki Asian Grill,"Koriyaki Asian Grill, 3601 Regent Blvd #105, Irving, TX 75063",32.9210956,-96.996432,"['Pan-Asian restaurant', 'Japanese restaurant']",4.5,258,$,"[['Thursday', '10AM–5:30PM'], ['Friday', '10AM–4PM'], ['Saturday', 'Closed'], ['Sunday', 'Closed'], ['Monday', '10AM–5:30PM'], ['Tuesday', '10AM–5:30PM'], ['Wednesday', '10AM–5:30PM']]"
0x86fbd982ec151adf:0x7b32f2521583f2b8,Volcano Sushi and Asian Fusion,"Volcano Sushi and Asian Fusion, 1401 N Loop 250 W, Midland, TX 79703",31.9941465,-102.1540134,"['Asian fusion restaurant', 'Japanese restaurant']",4.2,708,$$,"[['Thursday', '11AM–9:30PM'], ['Friday', '11AM–10PM'], ['Saturday', '11AM–10PM'], ['Sunday', '11AM–9PM'], ['Monday', '11AM–9:30PM'], ['Tuesday', '11AM–9:30PM'], ['Wednesday', '11AM–9:30PM']]"
0x86fbd92e36a5b65b:0x5b623652275ea842,Sumo Sushi & Hibachi,"Sumo Sushi & Hibachi, 4706 N Midkiff Rd SUIT 15-16, Midland, TX 79705",32.034625999999996,-102.1290664,"['Japanese restaurant', 'Asian restaurant', 'Sushi restaurant', 'Teppanyaki restaurant']",4.4,215,,"[['Thursday', '11AM–9:30PM'], ['Friday', '11AM–10:30PM'], ['Saturday', '11AM–10:30PM'], ['Sunday', '12–9PM'], ['Monday', '11AM–9:30PM'], ['Tuesday', '11AM–9:30PM'], ['Wednesday', '11AM–9:30PM']]"
0x86fbd9a84e9b88b9:0xc3179610c542dc3c,Hibachi Express,"Hibachi Express, 1901 Rankin Hwy #108, Midland, TX 79701",31.97825,-102.0753823,['Japanese restaurant'],4.5,195,$$,"[['Thursday', '10:30AM–9:30PM'], ['Friday', '10:30AM–10:30PM'], ['Saturday', '10:30AM–10:30PM'], ['Sunday', '10:30AM–9:30PM'], ['Monday', '10:30AM–9:30PM'], ['Tuesday', '10:30AM–9:30PM'], ['Wednesday', '10:30AM–9:30PM']]"
0x86454b406c927587:0x12bcb2752dfc04d2,Little Tokyo,"Little Tokyo, 2497 E Central Texas Expy #101, Killeen, TX 76543",31.088993,-97.7121124,['Japanese restaurant'],4.1,714,$$,"[['Thursday', '11AM–2:30PM'], ['Friday', '11AM–2:30PM'], ['Saturday', '12–10:30PM'], ['Sunday', '12–9PM'], ['Monday', '11AM–2:30PM'], ['Tuesday', '11AM–2:30PM'], ['Wednesday', '11AM–2:30PM']]"
0x8640db83ecb65591:0xd3d72d26f86de824,Sushi Jin,"Sushi Jin, 14670 Memorial Dr, Houston, TX 77079",29.7718302,-95.6083982,"['Japanese restaurant', 'Sushi restaurant']",4.5,476,$$,"[['Thursday', '11AM–10PM'], ['Friday', '11AM–10PM'], ['Saturday', '11AM–10PM'], ['Sunday', '11AM–10PM'], ['Monday', '11AM–10PM'], ['Tuesday', '11AM–10PM'], ['Wednesday', '11AM–10PM']]"
0x864c2eec4ff3f7f1:0x837800efaa626b92,F&F Japanese Grill,"F&F Japanese Grill, 360 E Round Grove Rd, Lewisville, TX 75067",33.004022299999995,-96.9819242,['Japanese restaurant'],4.4,85,,"[['Thursday', '11AM–9PM'], ['Friday', '11AM–9PM'], ['Saturday', '11AM–9PM'], ['Sunday', 'Closed'], ['Monday', '11AM–9PM'], ['Tuesday', '11AM–9PM'], ['Wednesday', '11AM–9PM']]"
0x864dd53afa491bd3:0x77a8fbd0acc17367,Ozeki Ramen & Sushi Izakaya,"Ozeki Ramen & Sushi Izakaya, 432 Grand Avenue West, Southlake, TX 76092",32.9453686,-97.1298083,"['Japanese restaurant', 'Fine dining restaurant', 'Izakaya restaurant', 'Takeout Restaurant', 'Ramen restaurant', 'Sushi restaurant', 'Sushi takeaway']",4.5,173,,"[['Thursday', '11AM–10PM'], ['Friday', '11AM–11PM'], ['Saturday', '11AM–11PM'], ['Sunday', '11AM–10PM'], ['Monday', '11AM–10PM'], ['Tuesday', '11AM–10PM'], ['Wednesday', '11AM–10PM']]"
0x864ea08ebd7ea0a5:0x3a13a293171cead9,FireXBox Sushi and Hibachi,"FireXBox Sushi and Hibachi, 9918 Plano Rd, Dallas, TX 75238",32.883662,-96.700006,['Japanese restaurant'],4.5,638,$,"[['Thursday', '11AM–9:30PM'], ['Friday', '11AM–10:30PM'], ['Saturday', '11AM–10:30PM'], ['Sunday', '11AM–9:30PM'], ['Monday', '11AM–9:30PM'], ['Tuesday', '11AM–9:30PM'], ['Wednesday', '11AM–9:30PM']]"
0x864e9985a455f7d3:0x7c5557647d9e60a7,Zen Sushi in the Bishop Arts,"Zen Sushi in the Bishop Arts, 380 W 7th St, Dallas, TX 75208",32.748740999999995,-96.827838,"['Sushi restaurant', 'Asian fusion restaurant', 'Delivery service', 'Fusion restaurant', 'Japanese restaurant', 'Sushi takeaway', 'Vegan restaurant', 'Vegetarian restaurant']",4.5,246,$$,"[['Thursday', '5–9:30PM'], ['Friday', '5–10:30PM'], ['Saturday', '5–10:30PM'], ['Sunday', '5–9:30PM'], ['Monday', '5–9:30PM'], ['Tuesday', '5–9:30PM'], ['Wednesday', '5–9:30PM']]"
0x865c6887c6fb0aa5:0xf96016ecf6f7def8,Osaka Japanese Steak & Sushi,"Osaka Japanese Steak & Sushi, 11851 Bandera Rd #101, Helotes, TX 78023",29.554682999999997,-98.67043799999999,"['Japanese restaurant', 'Asian restaurant', 'Sushi restaurant', 'Teppanyaki restaurant']",4.2,818,$$,"[['Thursday', '11AM–9PM'], ['Friday', '11AM–9:30PM'], ['Saturday', '12–9:30PM'], ['Sunday', '12–9PM'], ['Monday', '11AM–9PM'], ['Tuesday', '11AM–9PM'], ['Wednesday', '11AM–9PM']]"
0x86e75b191ca160a9:0xe081b40c2e328879,"Sunny's Sushi, Steak, & Seafood House","Sunny's Sushi, Steak, & Seafood House, 8838 Viscount Blvd, El Paso, TX 79925",31.7746291,-106.3738375,"['Sushi restaurant', 'Asian restaurant', 'Japanese restaurant', 'Seafood restaurant', 'Steak house']",4.4,945,$$,"[['Thursday', '11AM–10PM'], ['Friday', '11AM–11PM'], ['Saturday', '12–11PM'], ['Sunday', '12–9PM'], ['Monday', '11AM–10PM'], ['Tuesday', '11AM–10PM'], ['Wednesday', '11AM–10PM']]"
0x864093333eeca1f7:0x69ae70a60357bb43,Sakura,"Sakura, 2810 Business Center Dr #124, Pearland, TX 77584",29.556869799999998,-95.39221289999999,"['Japanese steakhouse', 'Asian restaurant', 'Japanese restaurant', 'Sushi restaurant']",4.3,723,$$,"[['Thursday', '11AM–10PM'], ['Friday', '11AM–10:30PM'], ['Saturday', '11AM–10:30PM'], ['Sunday', '11AM–10PM'], ['Monday', '11AM–10PM'], ['Tuesday', '11AM–10PM'], ['Wednesday', '11AM–10PM']]"
0x8640c0a481a7f51f:0xdbfa684a0a22b291,Café Ginger,"Café Ginger, River Oaks Shopping Center, 1574 W Gray St, Houston, TX 77019",29.754336,-95.402018,"['Asian restaurant', 'Asian fusion restaurant', 'Bar', 'Chinese restaurant', 'Japanese restaurant', 'Restaurant', 'Southeast Asian restaurant', 'Sushi restaurant']",4.6,524,$$,"[['Thursday', '11AM–9PM'], ['Friday', '11AM–9PM'], ['Saturday', '11AM–9PM'], ['Sunday', '11AM–9PM'], ['Monday', '11AM–9PM'], ['Tuesday', '11AM–9PM'], ['Wednesday', '11AM–9PM']]"
0x865c8d76129d6521:0x4ae8b6101623801d,Thai Spice & Sushi,"Thai Spice & Sushi, 8327 Agora Pkwy ste 135, Selma, TX 78154",29.572864799999998,-98.3247614,"['Restaurant', 'Asian restaurant', 'Japanese restaurant', 'Sushi restaurant', 'Thai restaurant']",4.5,1256,$$,"[['Thursday', '11AM–3PM'], ['Friday', '11AM–3PM'], ['Saturday', '11AM–9PM'], ['Sunday', '11AM–9PM'], ['Monday', '11AM–3PM'], ['Tuesday', '11AM–3PM'], ['Wednesday', '11AM–3PM']]"
0x8640c3bb6735274b:0xc7544374f3d1919e,GENJI RESTAURANT & BAR,"GENJI RESTAURANT & BAR, 11124 Westheimer Rd, Houston, TX 77042",29.737319399999997,-95.5729333,"['Japanese restaurant', 'Restaurant']",4.4,408,$,"[['Thursday', '7PM–2AM'], ['Friday', '7PM–2AM'], ['Saturday', '7PM–2AM'], ['Sunday', '7PM–2AM'], ['Monday', '7PM–2AM'], ['Tuesday', '7PM–2AM'], ['Wednesday', '7PM–2AM']]"
0x8644b59c7e43bcdd:0x71b66548ba6443d5,Zen,"Zen, 2201 Speedway, Austin, TX 78705",30.285024999999997,-97.73619939999999,"['Japanese restaurant', 'Restaurant']",3.7,48,,"[['Thursday', '10:30AM–8PM'], ['Friday', '10:30AM–5PM'], ['Saturday', 'Closed'], ['Sunday', 'Closed'], ['Monday', '10:30AM–8PM'], ['Tuesday', '10:30AM–8PM'], ['Wednesday', '10:30AM–8PM']]"
0x8640a4475cf2bb7b:0x34250bcb83f34258,Shogun Japanese Grill & Sushi Bar,"Shogun Japanese Grill & Sushi Bar, 5921 East Sam Houston Pkwy N, Houston, TX 77049",29.8109325,-95.16448989999999,"['Japanese restaurant', 'Sushi restaurant', 'Teppanyaki restaurant']",4.2,407,$$,"[['Thursday', '11:15AM–9:30PM'], ['Friday', '11:15AM–10:30PM'], ['Saturday', '11:15AM–10:30PM'], ['Sunday', '11:15AM–9:30PM'], ['Monday', '11:15AM–9:30PM'], ['Tuesday', '11:15AM–9:30PM'], ['Wednesday', '11:15AM–9:30PM']]"
0x865ca86620e07963:0x831603ef93356d8d,Mochi Ramen,"Mochi Ramen, 350 N Guadalupe St #120, San Marcos, TX 78666",29.885020899999997,-97.94132619999999,['Japanese restaurant'],4.0,108,,"[['Thursday', '11AM–9:30PM'], ['Friday', 'Closed'], ['Saturday', '12–9:30PM'], ['Sunday', '12–9:30PM'], ['Monday', '11AM–9:30PM'], ['Tuesday', '11AM–9:30PM'], ['Wednesday', '11AM–9:30PM']]"
0x864c19c4e9536bd5:0x857e9a7867447db,Kura Revolving Sushi Bar,"Kura Revolving Sushi Bar, 100 Legacy Dr #100, Plano, TX 75023",33.066421,-96.69228389999999,"['Conveyor belt sushi restaurant', 'Japanese restaurant', 'Restaurant', 'Sushi restaurant']",4.5,3059,$$,"[['Wednesday', '11:30AM–9:30PM'], ['Thursday', '11:30AM–9:30PM'], ['Friday', '11AM–10:30PM'], ['Saturday', '11AM–10:30PM'], ['Sunday', '11AM–9:30PM'], ['Monday', '11:30AM–9:30PM'], ['Tuesday', '11:30AM–9:30PM']]"
0x864c2e6bbe01dbe5:0x7b1cbe59c5402b29,Blue Ocean Sushi & Asian Grill,"Blue Ocean Sushi & Asian Grill, 533 State Highway 121 Bypass, Lewisville, TX 75067",32.9935237,-96.975459,"['Japanese restaurant', 'Asian restaurant', 'Pan-Asian restaurant', 'Restaurant', 'Seafood restaurant', 'Sushi restaurant']",4.3,347,$$,"[['Wednesday', '11AM–2:30PM'], ['Thursday', '11AM–2:30PM'], ['Friday', '11AM–2:30PM'], ['Saturday', '5–10PM'], ['Sunday', 'Closed'], ['Monday', '11AM–2:30PM'], ['Tuesday', '11AM–2:30PM']]"
0x86657649b0f6264b:0x31109ae990263039,Kumori Sushi & Teppanyaki - Weslaco,"Kumori Sushi & Teppanyaki - Weslaco, 2017 W Expy 83, Weslaco, TX 78596",26.170750899999998,-98.01051389999999,"['Sushi restaurant', 'Japanese restaurant', 'Restaurant', 'Teppanyaki restaurant']",4.0,454,$$,"[['Wednesday', '12–10PM'], ['Thursday', '12–10PM'], ['Friday', '12–10PM'], ['Saturday', '12–10PM'], ['Sunday', '12–10PM'], ['Monday', '12–10PM'], ['Tuesday', '12–10PM']]"
0x8665a6cd3b48aadb:0xf534208d8bdf05e1,Kumori Sushi & Teppanyaki - Uptown Plaza,"Kumori Sushi & Teppanyaki - Uptown Plaza, 4500 N 10th St #50, McAllen, TX 78504",26.243983,-98.22238999999999,"['Sushi restaurant', 'Japanese restaurant', 'Restaurant']",4.1,408,$$,"[['Wednesday', '12–10PM'], ['Thursday', '12–10PM'], ['Friday', '12–10PM'], ['Saturday', '12–10PM'], ['Sunday', 'Closed'], ['Monday', '12–10PM'], ['Tuesday', '12–10PM']]"
0x86650a084aa4d83d:0xeae2858212ebb1c3,Kumori Sushi & Teppanyaki - Ridge View Center,"Kumori Sushi & Teppanyaki - Ridge View Center, 1424 E Ridge Rd Suite #1, McAllen, TX 78503",26.183016799999997,-98.20741459999999,"['Sushi restaurant', 'Japanese restaurant', 'Teppanyaki restaurant']",4.1,518,$$,"[['Wednesday', '12–9PM'], ['Thursday', '12–9PM'], ['Friday', '12–10PM'], ['Saturday', '12–10PM'], ['Sunday', '12–9PM'], ['Monday', '12–9PM'], ['Tuesday', '12–9PM']]"
0x864e9f49f1d6e2d5:0x2f6694ebf508dc50,Wabi House,"Wabi House, 1802 Greenville Ave # 100, Dallas, TX 75206",32.812272199999995,-96.769975,"['Ramen restaurant', 'Japanese restaurant']",4.6,1584,$$,"[['Wednesday', '11AM–2:30PM'], ['Thursday', '11AM–2:30PM'], ['Friday', '11AM–2:30PM'], ['Saturday', '11AM–11PM'], ['Sunday', '11AM–10PM'], ['Monday', '11AM–2:30PM'], ['Tuesday', '11AM–2:30PM']]"
0x864e80e542e00809:0xd6302d8714f6641c,Midori Sushi Japanese Restaurant,"Midori Sushi Japanese Restaurant, 14113 Trinity Blvd #201, Fort Worth, TX 76155",32.8231408,-97.0600688,"['Japanese restaurant', 'Asian restaurant', 'Bar', 'Restaurant', 'Sushi restaurant']",4.2,145,$$,"[['Wednesday', '11AM–2PM'], ['Thursday', 'Open 24 hours'], ['Friday', '11AM–2PM'], ['Saturday', '11AM–2:30PM'], ['Sunday', '5–9PM'], ['Monday', '11AM–2PM'], ['Tuesday', '11AM–2PM']]"
0x8703c73a9dd27809:0x1141e53989631c31,Osaki Steak House of Hereford,"Osaki Steak House of Hereford, 310 N 25 Mile Ave, Hereford, TX 79045",34.8293768,-102.40508159999999,"['Japanese restaurant', 'Restaurant']",4.4,167,$$,"[['Wednesday', '11AM–9:30PM'], ['Thursday', '11AM–9:30PM'], ['Friday', '11AM–10:30PM'], ['Saturday', '11AM–10:30PM'], ['Sunday', '11AM–9:30PM'], ['Monday', '11AM–9:30PM'], ['Tuesday', '11AM–9:30PM']]"
0x864c25525b8c5751:0x7c071055dec09026,Maui Fresh Grill,"Maui Fresh Grill, 2300 Midway Rd A, Plano, TX 75093",33.030394699999995,-96.84241879999999,"['Hawaiian restaurant', 'Asian fusion restaurant', 'Asian restaurant', 'Japanese restaurant', 'Restaurant']",4.8,18,,"[['Wednesday', 'Closed'], ['Thursday', '11AM–9PM'], ['Friday', '11AM–9PM'], ['Saturday', '11AM–9PM'], ['Sunday', '11AM–4PM'], ['Monday', '11AM–9PM'], ['Tuesday', '11AM–9PM']]"
0x8640bf3ab5ced623:0xac7aa5ee9a94a1,Azuma Downtown,"Azuma Downtown, 909 Texas Ave, Houston, TX 77002",29.7603843,-95.3628767,"['Sushi restaurant', 'Asian restaurant', 'Bar', 'Japanese restaurant', 'Seafood restaurant']",4.2,416,$$,"[['Wednesday', '11AM–2:30PM'], ['Thursday', '11AM–2:30PM'], ['Friday', '11AM–2:30PM'], ['Saturday', '5–11PM'], ['Sunday', 'Closed'], ['Monday', '11AM–2:30PM'], ['Tuesday', '11AM–2:30PM']]"
0x865b2cfb565f57af:0x5ce597e47df031d8,Mama Fu's Asian House,"Mama Fu's Asian House, 4701 183A, STE C, Cedar Park, TX 78613",30.5292903,-97.8181833,"['Asian restaurant', 'Asian fusion restaurant', 'Japanese restaurant', 'Takeout Restaurant', 'Vegan restaurant', 'Vegetarian restaurant', 'Vietnamese restaurant']",3.4,218,$$,"[['Wednesday', '11AM–9PM'], ['Thursday', '11AM–9PM'], ['Friday', '11AM–9PM'], ['Saturday', '11AM–9PM'], ['Sunday', '11AM–9PM'], ['Monday', '11AM–9PM'], ['Tuesday', '11AM–9PM']]"
0x865b3277e1d758e9:0x45a0b283c82aa1c8,Daichi Sushi & Grill,"Daichi Sushi & Grill, 2051 Cypress Creek Road Suite E, Cedar Park, TX 78613",30.4765455,-97.8406625,"['Sushi restaurant', 'Asian restaurant', 'Japanese restaurant']",4.6,236,$$,"[['Wednesday', 'Closed'], ['Thursday', '12–8PM'], ['Friday', '12–8PM'], ['Saturday', '12–8PM'], ['Sunday', '12–8PM'], ['Monday', 'Closed'], ['Tuesday', 'Closed']]"
0x864c1ceb8f5c5e1d:0x6596babe976cf1ef,Osaka Hibachi Sushi & Bar,"Osaka Hibachi Sushi & Bar, 5120 TX-78 Suite 100, Sachse, TX 75048",32.9684248,-96.60466129999999,"['Restaurant', 'Japanese restaurant']",4.6,374,$$,"[['Wednesday', '11AM–2:30PM'], ['Thursday', '11AM–2:30PM'], ['Friday', '11AM–2:30PM'], ['Saturday', '12–11PM'], ['Sunday', '12–9PM'], ['Monday', '11AM–2:30PM'], ['Tuesday', '11AM–2:30PM']]"
0x864e8e26e6241177:0xec5b31a23ae7cea4,Osaki Sushi & Hibachi,"Osaki Sushi & Hibachi, 749 W Wheatland Rd, Duncanville, TX 75116",32.648696099999995,-96.9244775,"['Japanese restaurant', 'Sushi restaurant']",4.1,478,$$,"[['Wednesday', '11AM–9PM'], ['Thursday', '11AM–9PM'], ['Friday', '11AM–10PM'], ['Saturday', '11AM–10PM'], ['Sunday', '12–9PM'], ['Monday', '11AM–9PM'], ['Tuesday', '11AM–9PM']]"
0x864dd67056a6b291:0x4a80c96fb33ba561,Tokyo Sushi Asian food and Bar,"Tokyo Sushi Asian food and Bar, 9160 N Tarrant Pkwy ste 140, North Richland Hills, TX 76182",32.902235,-97.187883,"['Sushi restaurant', 'Japanese restaurant']",4.5,258,$$,"[['Wednesday', '11AM–3PM'], ['Thursday', '11AM–3PM'], ['Friday', '11AM–9:30PM'], ['Saturday', '11AM–9:30PM'], ['Sunday', '12–9:30PM'], ['Monday', '5–9:30PM'], ['Tuesday', '11AM–3PM']]"
0x8640cc5d6002f149:0x9abd71855cc25a45,Waza Japanese Cuisine,"Waza Japanese Cuisine, 6927 FM 1960, Houston, TX 77069",29.9684372,-95.5326666,['Japanese restaurant'],4.4,444,$$,"[['Wednesday', '11AM–10PM'], ['Thursday', '11AM–10PM'], ['Friday', '11AM–10PM'], ['Saturday', '12–10PM'], ['Sunday', '12–10PM'], ['Monday', '11AM–10PM'], ['Tuesday', '11AM–10PM']]"
0x8640e71d3e20f907:0xd0ee2671731a4c31,Teriyaki Madness,"Teriyaki Madness, 636 Hwy 6 Ste 900, Sugar Land, TX 77478",29.6071624,-95.64281989999999,"['Asian fusion restaurant', 'Caterer', 'Fast food restaurant', 'Gluten-free restaurant', 'Japanese restaurant', 'Restaurant']",4.3,116,$,"[['Wednesday', '11AM–9PM'], ['Thursday', '11AM–9PM'], ['Friday', '11AM–9PM'], ['Saturday', '11AM–9PM'], ['Sunday', '11AM–9PM'], ['Monday', '11AM–9PM'], ['Tuesday', '11AM–9PM']]"
0x864e7fac02849c4f:0x5b16f46e7a27eb2f,Mk's Sushi of Bedford,"Mk's Sushi of Bedford, 2400 Airport Fwy Ste 130, Bedford, TX 76022",32.8358044,-97.1305215,"['Japanese restaurant', 'Bar & grill', 'Ramen restaurant', 'Sushi restaurant']",4.5,548,$$,"[['Wednesday', '11AM–2:30PM'], ['Thursday', '11AM–2:30PM'], ['Friday', '11AM–10PM'], ['Saturday', '11AM–10PM'], ['Sunday', '4:30–10PM'], ['Monday', '11AM–2:30PM'], ['Tuesday', '11AM–2:30PM']]"
0x864e823dbfd81a27:0x804ea9e4469386fc,Lohas Teriyaki - Irving,"75038 Texas, Irving, N Belt Line Rd, Lohas Teriyaki - Irving",32.8597623,-96.9926845,"['Asian fusion restaurant', 'Chinese restaurant', 'Japanese restaurant', 'Korean restaurant', 'Restaurant']",4.4,205,$,"[['Wednesday', '11AM–9:30PM'], ['Thursday', '11AM–9:30PM'], ['Friday', '11AM–9:30PM'], ['Saturday', '11AM–9:30PM'], ['Sunday', '12–9PM'], ['Monday', '11AM–9:30PM'], ['Tuesday', '11AM–9:30PM']]"
0x8646848a05de0f31:0x8507bb65d6905aa1,40 Tempura Sushi Restaurant,"40 Tempura Sushi Restaurant, 2551 Texas Ave S Suit D, College Station, TX 77840",30.6060448,-96.3066341,"['Sushi restaurant', 'Asian restaurant', 'Japanese restaurant', 'Restaurant']",4.6,536,$$,"[['Wednesday', '11AM–2PM'], ['Thursday', '11AM–2PM'], ['Friday', '11AM–2PM'], ['Saturday', '11AM–2PM'], ['Sunday', 'Closed'], ['Monday', '11AM–2PM'], ['Tuesday', '11AM–2PM']]"
0x865cf541f6ecac17:0xd96aa637af03a28,Sushi Zushi,"Sushi Zushi, 999 E Basse Rd, San Antonio, TX 78209",29.497502599999997,-98.4696894,"['Sushi restaurant', 'Asian restaurant', 'Authentic Japanese restaurant', 'Japanese restaurant']",4.3,748,$$,"[['Wednesday', '11AM–10PM'], ['Thursday', '11AM–10PM'], ['Friday', '11AM–11PM'], ['Saturday', '11:30AM–11PM'], ['Sunday', '11:30AM–10PM'], ['Monday', '11AM–10PM'], ['Tuesday', '11AM–10PM']]"
0x86473691c5e80093:0x426ae10acba0ad96,Miyazaki,"Miyazaki, 26840 Interstate 45 N, Oak Ridge North, TX 77386",30.1536896,-95.4473063,"['Sushi restaurant', 'Japanese restaurant']",4.6,485,$$,"[['Wednesday', '11AM–9:30PM'], ['Thursday', '11AM–9:30PM'], ['Friday', '11AM–10:30PM'], ['Saturday', '11AM–10:30PM'], ['Sunday', '11AM–10:30PM'], ['Monday', '11AM–9:30PM'], ['Tuesday', '11AM–9:30PM']]"
0x863638f25f8dbe21:0x95bac35d269d4e86,Kobee,"Kobee, 401 N Spur 63, Longview, TX 75601",32.503208199999996,-94.750686,"['Japanese restaurant', 'Family restaurant', 'Japanese steakhouse', 'Restaurant', 'Sushi restaurant']",4.3,544,$$,"[['Wednesday', '11AM–9PM'], ['Thursday', '11AM–9PM'], ['Friday', '11AM–9PM'], ['Saturday', '4–9PM'], ['Sunday', '4–9PM'], ['Monday', '11AM–9PM'], ['Tuesday', '11AM–9PM']]"
0x864c3bf971841b1b:0x5c2e7f034598941c,Hikari Sushi & Grill Japanese Restaurant,"Hikari Sushi & Grill Japanese Restaurant, 5454 Main St #150, Frisco, TX 75033",33.1533632,-96.83956979999999,"['Japanese restaurant', 'Sushi restaurant']",4.3,433,$$,"[['Wednesday', '11AM–2:30PM'], ['Thursday', '11AM–2:30PM'], ['Friday', '11AM–2:30PM'], ['Saturday', '11AM–10:30PM'], ['Sunday', '11AM–9:30PM'], ['Monday', '11AM–2:30PM'], ['Tuesday', '11AM–2:30PM']]"
0x8640e7ad6d89b029:0x625649cd1b4d934,Bonchon Sugar Land,"Bonchon Sugar Land, 1525 Lake Pointe Pkwy Suite 100, Sugar Land, TX 77478",29.602933999999998,-95.62017,"['Asian fusion restaurant', 'Asian restaurant', 'Chicken restaurant', 'Chicken wings restaurant', 'Fried chicken takeaway', 'Japanese restaurant', 'Korean restaurant', 'Pan-Asian restaurant']",4.2,478,$$,"[['Wednesday', '11AM–9PM'], ['Thursday', '11AM–9PM'], ['Friday', '11AM–10PM'], ['Saturday', '11AM–10PM'], ['Sunday', '11AM–9PM'], ['Monday', '11AM–9PM'], ['Tuesday', '11AM–9PM']]"
0x8640c4940a768cd9:0xb6d6762a7b3b1889,Kobe Japanese Restaurant,"Kobe Japanese Restaurant, 9313 Katy Fwy, Houston, TX 77024",29.783251399999997,-95.5226922,"['Japanese restaurant', 'Restaurant']",4.3,98,$$,"[['Wednesday', '11AM–10PM'], ['Thursday', '11AM–10PM'], ['Friday', '11AM–10PM'], ['Saturday', '11AM–10PM'], ['Sunday', '5–10PM'], ['Monday', '11AM–10PM'], ['Tuesday', '11AM–10PM']]"
0x864dd4155f41cb19:0xee90d1b425fc5fef,Sushi Sam,"Sushi Sam, 500 W Southlake Blvd #138, Southlake, TX 76092",32.9417427,-97.1580757,"['Japanese restaurant', 'Asian restaurant', 'Delivery service', 'Delivery Restaurant', 'Takeout Restaurant', 'Restaurant', 'Sushi restaurant']",4.4,315,$$,"[['Tuesday', '11AM–9:30PM'], ['Wednesday', '11AM–9:30PM'], ['Thursday', '11AM–9:30PM'], ['Friday', '11AM–10:30PM'], ['Saturday', '11AM–10:30PM'], ['Sunday', '5–9:30PM'], ['Monday', '11AM–9:30PM']]"
0x864dcd496ba54cdb:0xac031040d862113,Sushi Tobi Bar & Grill,"Sushi Tobi Bar & Grill, 4130 Justin Rd #114, Flower Mound, TX 75077",33.072550299999996,-97.0938439,"['Restaurant', 'Asian restaurant', 'Bar', 'Bar & grill', 'Chinese restaurant', 'Japanese restaurant', 'Seafood restaurant', 'Sushi restaurant']",4.6,26,,"[['Tuesday', '11AM–9:30PM'], ['Wednesday', '11AM–9:30PM'], ['Thursday', '11AM–9:30PM'], ['Friday', '11AM–10PM'], ['Saturday', '11AM–10PM'], ['Sunday', '12–9PM'], ['Monday', '11AM–9:30PM']]"
0x864e739ae3547c61:0x9fe001d11cb5a7b3,Food Hall at Crockett Row,"Food Hall at Crockett Row, 3000 Crockett St, Fort Worth, TX 76107",32.7502773,-97.36060239999999,"['Food court', 'American restaurant', 'Bar & grill', 'Barbecue restaurant', 'Coffee shop', 'Hamburger restaurant', 'Japanese restaurant', 'Delivery Restaurant', 'Mediterranean restaurant', 'Taco restaurant']",4.3,165,,"[['Tuesday', '11AM–8PM'], ['Wednesday', '11AM–8PM'], ['Thursday', '11AM–8PM'], ['Friday', '11AM–9PM'], ['Saturday', '10AM–9PM'], ['Sunday', '10AM–8PM'], ['Monday', '11AM–4PM']]"
0x864e81ac56624f29:0x7200adea08f08d4,Chihiro Sushi & Bar,"Chihiro Sushi & Bar, 918 E Harwood Rd suite a, Euless, TX 76039",32.8511903,-97.0674337,"['Sushi restaurant', 'Delivery service', 'Japanese restaurant', 'Lunch restaurant', 'Delivery Restaurant', 'Takeout Restaurant', 'Sushi takeaway']",4.7,346,,"[['Tuesday', '11AM–10PM'], ['Wednesday', '11AM–10PM'], ['Thursday', '11AM–10PM'], ['Friday', '11AM–11PM'], ['Saturday', '11AM–11PM'], ['Sunday', '11AM–10PM'], ['Monday', '11AM–10PM']]"
0x864dcd87929d548b:0xbd72fae7ac6e7d22,Sushi Yamazaki Bar & Grill,"Sushi Yamazaki Bar & Grill, 4130 Justin Rd #114, Flower Mound, TX 75077",33.072550299999996,-97.0938439,"['Japanese restaurant', 'Bar', 'Seafood restaurant', 'Sushi restaurant']",4.7,106,,"[['Tuesday', '11AM–8PM'], ['Wednesday', '11AM–8PM'], ['Thursday', '11AM–8PM'], ['Friday', '11AM–9PM'], ['Saturday', '11AM–9PM'], ['Sunday', 'Closed'], ['Monday', '11AM–8PM']]"
0x864c3cfa8d68b869:0x70c6bb70307962ec,Kura Revolving Sushi Bar,"Kura Revolving Sushi Bar, 9292 Warren Pkwy Suite 320, Frisco, TX 75035",33.109618399999995,-96.802956,"['Conveyor belt sushi restaurant', 'Asian restaurant', 'Japanese restaurant', 'Restaurant', 'Sushi restaurant']",4.3,836,$$,"[['Tuesday', '11:30AM–9PM'], ['Wednesday', '11:30AM–9PM'], ['Thursday', '11:30AM–9PM'], ['Friday', '11:30AM–10PM'], ['Saturday', '11AM–10PM'], ['Sunday', '11AM–9:30PM'], ['Monday', '11:30AM–9PM']]"
0x864c13fe51323bcb:0x85a4e1b184724d2d,Koji Sushi,"Koji Sushi, 105 B N McDonald St, McKinney, TX 75069",33.1976979,-96.6127448,['Authentic Japanese restaurant'],4.8,358,,"[['Tuesday', '11AM–9PM'], ['Wednesday', '11AM–9PM'], ['Thursday', '11AM–9PM'], ['Friday', '11AM–10PM'], ['Saturday', '11:30AM–10PM'], ['Sunday', '11:30AM–8:30PM'], ['Monday', '11AM–9PM']]"
0x864c3da991a4c1a7:0x7a7e5187fb45d2ff,T-Swirl Crêpe,"T-Swirl Crêpe, 9292 Warren Pkwy #240, Frisco, TX 75035",33.1099275,-96.8029842,"['Japanese restaurant', 'Asian fusion restaurant', 'Dessert restaurant', 'Family restaurant', 'Takeout Restaurant', 'Tea house', 'Vegetarian restaurant']",4.6,153,$,"[['Tuesday', '11AM–9:30PM'], ['Wednesday', '11AM–9:30PM'], ['Thursday', '11AM–9:30PM'], ['Friday', '11AM–10PM'], ['Saturday', '11AM–10PM'], ['Sunday', '11AM–9:30PM'], ['Monday', '11AM–9:30PM']]"
0x86e759fecfc53895:0xfbf7af8a9238918d,Kee's Teriyaki & Sushi,"Kee's Teriyaki & Sushi, 3910 Dyer St B, El Paso, TX 79930",31.811714,-106.44420799999999,"['Japanese restaurant', 'Asian restaurant', 'Sushi restaurant']",4.5,338,$$,"[['Tuesday', '11AM–8PM'], ['Wednesday', '11AM–8PM'], ['Thursday', '11AM–8PM'], ['Friday', '11AM–8PM'], ['Saturday', '11AM–8PM'], ['Sunday', 'Closed'], ['Monday', '11AM–8PM']]"
0x8644cf235c6690f3:0xb35f7d9687b9eb3,Teriyaki Madness,"Teriyaki Madness, 2800 S IH 35 Frontage Rd Ste 140, Round Rock, TX 78681",30.4815695,-97.67781,"['Asian fusion restaurant', 'Caterer', 'Fast food restaurant', 'Gluten-free restaurant', 'Japanese restaurant', 'Restaurant']",4.2,224,$,"[['Tuesday', '11AM–9PM'], ['Wednesday', '11AM–9PM'], ['Thursday', '11AM–9PM'], ['Friday', '11AM–9PM'], ['Saturday', '11AM–9PM'], ['Sunday', '11AM–8PM'], ['Monday', '11AM–9PM']]"
0x8640c11b87191813:0xe338c76acd96659d,Roka Akor,"Roka Akor, 2929 Weslayan St, Houston, TX 77027",29.738675599999997,-95.4412655,"['Japanese steakhouse', 'Japanese restaurant']",4.6,563,$$$$,"[['Tuesday', '4:30–10PM'], ['Wednesday', '4:30–10PM'], ['Thursday', '4:30–10PM'], ['Friday', '4:30–10PM'], ['Saturday', '4:30–10PM'], ['Sunday', '4:30–10PM'], ['Monday', 'Closed']]"
0x865cf6044d4fffff:0xe2258344f86e907c,The Cherrity Bar,"The Cherrity Bar, 302 Montana St, San Antonio, TX 78203",29.41836,-98.4760582,"['Restaurant', 'Bar', 'Family restaurant', 'Japanese restaurant', 'Ramen restaurant']",4.7,508,$$,"[['Tuesday', '11AM–10PM'], ['Wednesday', '11AM–10PM'], ['Thursday', '11AM–10PM'], ['Friday', '11AM–11PM'], ['Saturday', '12–11PM'], ['Sunday', 'Closed'], ['Monday', 'Closed']]"
0x8640c4b2a2620383:0x849fc1e91e3976a0,Nori Sushi Bistro,"Nori Sushi Bistro, 700 Town and Country Blvd, Houston, TX 77024",29.776111099999998,-95.5602778,"['Japanese restaurant', 'Asian restaurant', 'Sushi restaurant']",4.0,116,$$,"[['Tuesday', '11AM–9PM'], ['Wednesday', '11AM–9PM'], ['Thursday', '11AM–9PM'], ['Friday', '11AM–10PM'], ['Saturday', '12AM–10PM'], ['Sunday', '4–9PM'], ['Monday', '11AM–9PM']]"
0x8644ca61bf20b5e3:0x9f31675d75778de8,Maru Japanese Restaurant,"Maru Japanese Restaurant, 4636 Burnet Rd, Austin, TX 78756",30.317891999999997,-97.740299,"['Sushi restaurant', 'Japanese restaurant']",4.6,307,$$,"[['Tuesday', '3–10PM'], ['Wednesday', '3–10PM'], ['Thursday', '3–10PM'], ['Friday', '3–10PM'], ['Saturday', '3–10PM'], ['Sunday', 'Closed'], ['Monday', '3–10PM']]"
0x864c28d6945641c3:0x8e6c759d39ff740a,Mua Sushi,"Mua Sushi, 761 S MacArthur Blvd #121, Coppell, TX 75019",32.9542812,-96.95876249999999,"['Sushi restaurant', 'Asian restaurant', 'Japanese restaurant']",4.5,267,$$,"[['Tuesday', '11AM–2:30PM'], ['Wednesday', '11AM–2:30PM'], ['Thursday', '11AM–2:30PM'], ['Friday', '11AM–2:30PM'], ['Saturday', '4:30–9:30PM'], ['Sunday', '4:30–9:30PM'], ['Monday', '11AM–2:30PM']]"
0x864e8296335afd2d:0x6ed7c2e4bc51601,Kabuki Japanese Restaurant,"Kabuki Japanese Restaurant, 320 West Las Colinas Boulevard #110, Irving, TX 75039",32.874963099999995,-96.94407969999999,['Japanese restaurant'],4.2,318,$$,"[['Tuesday', '11AM–4PM'], ['Wednesday', '11AM–4PM'], ['Thursday', '11AM–4PM'], ['Friday', '11AM–4PM'], ['Saturday', '11AM–4PM'], ['Sunday', '11AM–4PM'], ['Monday', '11AM–4PM']]"
0x865b2c71e3de6a2f:0x3b266873cdaeec6c,Kai Sushi,"Kai Sushi, 1805 US-183 #400, Leander, TX 78641",30.556389,-97.84395099999999,"['Sushi restaurant', 'Japanese restaurant']",4.6,324,$$,"[['Tuesday', '11:30AM–2:30PM'], ['Wednesday', '11:30AM–2:30PM'], ['Thursday', '11:30AM–2:30PM'], ['Friday', '11:30AM–2:30PM'], ['Saturday', '11:30AM–2:30PM'], ['Sunday', 'Closed'], ['Monday', '11:30AM–2:30PM']]"
0x86fe72ab54295fbd:0x831a394646ebaa0b,Hayashi Midtown,"Hayashi Midtown, 3701 19th St, Lubbock, TX 79410",33.5775,-101.89472219999999,"['Sushi restaurant', 'Asian restaurant', 'Bar', 'Family restaurant', 'Authentic Japanese restaurant', 'Restaurant']",4.4,445,$$,"[['Tuesday', '11AM–3PM'], ['Wednesday', '11AM–3PM'], ['Thursday', '11AM–3PM'], ['Friday', '11AM–3PM'], ['Saturday', '4–10PM'], ['Sunday', '4–9:30PM'], ['Monday', '11AM–3PM']]"
0x864c19d0022b21d3:0x9ccb31d0a0eb92d5,Yama Izakaya & Sushi,"Yama Izakaya & Sushi, 240 Legacy Dr #100, Plano, TX 75023",33.067678,-96.694238,"['Sushi restaurant', 'Asian restaurant', 'Japanese restaurant']",4.3,567,$$,"[['Monday', '5:30PM–2AM'], ['Tuesday', '5:30PM–2AM'], ['Wednesday', '5:30PM–2AM'], ['Thursday', '5:30PM–2AM'], ['Friday', '5:30PM–2AM'], ['Saturday', '11:30AM–2AM'], ['Sunday', '11:30AM–2AM']]"
0x86fdebb84bffc207:0xcfb812901875af4a,O'hana Japanese Steakhouse,"Texas, Levelland, 美国得克萨斯州409 E hwy 114 ste 100 Levelland, 邮政编码:邮政编码: O'hana Japanese Steakhouse",33.5945897,-102.36085949999999,"['Japanese steakhouse', 'Steak house']",4.0,187,,"[['Monday', '11AM–9PM'], ['Tuesday', '11AM–9PM'], ['Wednesday', '11AM–9PM'], ['Thursday', '11AM–9PM'], ['Friday', '11AM–9PM'], ['Saturday', '11AM–9PM'], ['Sunday', '11AM–9PM']]"
0x86e75a5094d1631d:0xd185ffb81e25b8d,MiraiBowl Japanese Express,"MiraiBowl Japanese Express, 6560 Montana Ave, El Paso, TX 79925",31.7885647,-106.40086289999999,['Japanese restaurant'],4.5,213,$,"[['Monday', '10:30AM–8PM'], ['Tuesday', '10:30AM–8PM'], ['Wednesday', '10:30AM–8PM'], ['Thursday', '10:30AM–8PM'], ['Friday', '10:30AM–8PM'], ['Saturday', '12–7PM'], ['Sunday', 'Closed']]"
0x864e693d5c1270ab:0x4a06e6977afb42c1,Sushi Axiom,"Sushi Axiom, 12650 South Fwy, Burleson, TX 76028",32.573169899999996,-97.3203087,"['Japanese restaurant', 'Bar', 'Sushi restaurant']",4.1,528,$$,"[['Monday', '11AM–9PM'], ['Tuesday', '11AM–9PM'], ['Wednesday', '11AM–9PM'], ['Thursday', '11AM–9PM'], ['Friday', '11AM–10PM'], ['Saturday', '12–10PM'], ['Sunday', '12–9PM']]"
0x87014fbfb0f4cbfd:0xbf603254d218dab8,Ichiban,"Ichiban, 3309 Wimberly Rd #3444, Amarillo, TX 79109",35.1789255,-101.86385759999999,"['Asian restaurant', 'Japanese restaurant', 'Restaurant']",4.7,428,$$,"[['Monday', '11AM–2PM'], ['Tuesday', '11AM–2PM'], ['Wednesday', '11AM–2PM'], ['Thursday', '11AM–2PM'], ['Friday', '11AM–2PM'], ['Saturday', 'Closed'], ['Sunday', 'Closed']]"
0x864121b3729fda7f:0xe96f6cac0ec59b,Sushi Hana Fusion Cuisine,"Sushi Hana Fusion Cuisine, 5610 W Grand Pkwy S #300, Richmond, TX 77406",29.692373,-95.77234,"['Sushi restaurant', 'Asian restaurant', 'Japanese restaurant', 'Seafood restaurant']",4.3,427,$$,"[['Monday', '11AM–9:15PM'], ['Tuesday', '11AM–9:15PM'], ['Wednesday', '11AM–9:15PM'], ['Thursday', '11AM–9:15PM'], ['Friday', '11AM–10:45PM'], ['Saturday', '11AM–10:45PM'], ['Sunday', '11:30AM–9:15PM']]"
0x8644ca57ad4b79a7:0x240c445c4ad9f1f7,Asahi Imports,"Asahi Imports, 6105 Burnet Rd, Austin, TX 78757",30.336358999999998,-97.7390442,"['Japanese grocery store', 'Gift shop', 'Gourmet grocery store']",4.8,768,$$,"[['Monday', 'Closed'], ['Tuesday', '10AM–5PM'], ['Wednesday', '10AM–5PM'], ['Thursday', '10AM–5PM'], ['Friday', '10AM–5PM'], ['Saturday', '10AM–5PM'], ['Sunday', '10AM–5PM']]"
0x8640a81e914cfaef:0xcb72fa431e37296e,Charming Cafe,"Charming Cafe, 14405 FM 2100, Crosby, TX 77532",29.8966197,-95.0647305,['Japanese restaurant'],4.4,466,$$,"[['Monday', '11AM–9PM'], ['Tuesday', '11AM–9PM'], ['Wednesday', '11AM–9PM'], ['Thursday', '11AM–9PM'], ['Friday', '11AM–10PM'], ['Saturday', '11AM–9:30PM'], ['Sunday', '12–9PM']]"
0x864c21484642264b:0x5ad85487000e5238,Nyla Sushi,"Nyla Sushi, 4995 Addison Cir, Addison, TX 75001",32.9617168,-96.82628539999999,"['Sushi restaurant', 'Asian fusion restaurant', 'Asian restaurant', 'Bar', 'Cocktail bar', 'Japanese restaurant', 'Japanese steakhouse', 'Restaurant', 'Vegetarian restaurant']",3.4,28,$$,"[['Monday', '11AM–10PM'], ['Tuesday', '11AM–10PM'], ['Wednesday', '11AM–10PM'], ['Thursday', '11AM–10PM'], ['Friday', '11AM–11PM'], ['Saturday', '11AM–11PM'], ['Sunday', '11AM–10PM']]"
0x864e73e8108718fd:0x5142f2b3ea6e37f1,Hanabi Ramen Fort Worth,"Hanabi Ramen Fort Worth, 3204 Camp Bowie Blvd, Fort Worth, TX 76107",32.7509071,-97.36325219999999,"['Ramen restaurant', 'Bar', 'Izakaya restaurant', 'Japanese restaurant']",4.6,1415,$$,"[['Monday', '11:30AM–9PM'], ['Tuesday', '11:30AM–9PM'], ['Wednesday', '11:30AM–9PM'], ['Thursday', '11:30AM–9PM'], ['Friday', '11:30AM–9PM'], ['Saturday', '11:30AM–9PM'], ['Sunday', '11:30AM–9PM']]"
0x86412763ddbeb7cf:0x49fd8316b218113e,Nagoya Sushi,"Nagoya Sushi, 20900 Katy Fwy N, Katy, TX 77449",29.7869696,-95.7339915,"['Asian restaurant', 'Japanese restaurant', 'Sushi restaurant']",4.2,297,$$,"[['Monday', '11:30AM–9PM'], ['Tuesday', '11:30AM–9PM'], ['Wednesday', '11:30AM–9PM'], ['Thursday', '11:30AM–9PM'], ['Friday', '11:30AM–9PM'], ['Saturday', '11:30AM–9PM'], ['Sunday', '11:30AM–9PM']]"
0x86568e9fd6695dd1:0x79cdcd63c37eeb48,Bonzai Japanese Steak House,"Bonzai Japanese Steak House, 1802 S Clack St, Abilene, TX 79605",32.4272171,-99.7877896,['Japanese steakhouse'],4.2,868,$$,"[['Monday', '11AM–10PM'], ['Tuesday', '11AM–10PM'], ['Wednesday', '11AM–10PM'], ['Thursday', '11AM–10PM'], ['Friday', '11AM–10:30PM'], ['Saturday', '11AM–10:30PM'], ['Sunday', '11AM–9:30PM']]"
0x86473c25a8a7ca5d:0xca3556777905ea98,Wild Ginger,"Wild Ginger, 3061 Interstate 45 N #100, Conroe, TX 77304",30.3535877,-95.4851654,"['Sushi restaurant', 'Family restaurant', 'Japanese restaurant', 'Teppanyaki restaurant']",4.0,887,$$,"[['Monday', '11AM–9PM'], ['Tuesday', '11AM–9PM'], ['Wednesday', '11AM–9PM'], ['Thursday', '11AM–9PM'], ['Friday', '11AM–9:30PM'], ['Saturday', '11AM–9:30PM'], ['Sunday', '11AM–9PM']]"
0x86e7439e1598bd91:0x415fb8e3ddea8dbd,Sumo Sushi,"Sumo Sushi, 1344 N Zaragoza Rd # C, El Paso, TX 79936",31.729025,-106.29784169999999,"['Japanese restaurant', 'Asian restaurant', 'Restaurant', 'Sushi restaurant']",4.6,357,$$,"[['Monday', '11:30AM–2:30PM'], ['Tuesday', '11:30AM–2:30PM'], ['Wednesday', '11:30AM–2:30PM'], ['Thursday', '11:30AM–2:30PM'], ['Friday', '11:30AM–2:30PM'], ['Saturday', '2:30–8:30PM'], ['Sunday', '5–8:30PM']]"
0x864083777c2ded43:0x631d77271d7cdee9,Kabuki,"Kabuki, 2525 Gulf Fwy S, League City, TX 77573",29.472521399999998,-95.0974303,['Japanese steakhouse'],4.6,477,$$,"[['Monday', '11AM–10PM'], ['Tuesday', '11AM–10PM'], ['Wednesday', '11AM–10PM'], ['Thursday', '11AM–10PM'], ['Friday', '11AM–10:30PM'], ['Saturday', '11AM–10:30PM'], ['Sunday', '11:30AM–10PM']]"
0x864e7f34e2f0225b:0xb073983e395676d1,Yori,"Yori, 465 W Harwood Rd, Hurst, TX 76054",32.8473064,-97.17672999999999,"['Korean restaurant', 'Asian restaurant', 'Japanese restaurant', 'Korean barbecue restaurant', 'Takeout Restaurant', 'Pan-Asian restaurant', 'Ramen restaurant']",4.5,288,$$,"[['Monday', 'Closed'], ['Tuesday', '11AM–9PM'], ['Wednesday', '11AM–9PM'], ['Thursday', '11AM–9PM'], ['Friday', '11AM–9PM'], ['Saturday', '11AM–9PM'], ['Sunday', '12–7PM']]"
0x8640c4940c5cc44b:0xef8d77e14baad5b3,Sushipop,"Sushipop, 1463 Wirt Rd, Houston, TX 77055",29.796114799999998,-95.48622519999999,"['Japanese restaurant', 'Asian restaurant', 'Sushi restaurant']",4.2,358,$$,"[['Monday', '11AM–9PM'], ['Tuesday', '11AM–9PM'], ['Wednesday', '11AM–9PM'], ['Thursday', '11AM–9PM'], ['Friday', '11AM–9:45PM'], ['Saturday', '11AM–9:45PM'], ['Sunday', '12–8PM']]"
0x864c25e31772ecff:0xf7359e95939a2db4,T-Swirl Crêpe,"T-Swirl Crêpe, 2540 Old Denton Rd Ste 150, Carrollton, TX 75006",32.9824044,-96.9078104,"['Crêperie', 'Catering food and drink supplier', 'Dessert restaurant', 'Japanese restaurant', 'Japanese sweets restaurant', 'Takeout Restaurant', 'Restaurant']",4.6,685,$,"[['Monday', '11AM–10PM'], ['Tuesday', '11AM–10PM'], ['Wednesday', '11AM–10PM'], ['Thursday', '11AM–10PM'], ['Friday', '11AM–11PM'], ['Saturday', '11AM–11PM'], ['Sunday', '11AM–10PM']]"
0x8640c4224a87183f:0xdd35013dc7575460,EurAsia Fusion Sushi,"EurAsia Fusion Sushi, 1330 Wirt Rd Suite B, Houston, TX 77055",29.794178499999997,-95.4837616,"['Sushi restaurant', 'Asian fusion restaurant', 'Gluten-free restaurant', 'Japanese restaurant', 'Pan-Asian restaurant', 'Seafood restaurant', 'Vegetarian restaurant']",4.5,445,$$,"[['Monday', '11AM–9:30PM'], ['Tuesday', '11AM–9:30PM'], ['Wednesday', '11AM–9:30PM'], ['Thursday', '11AM–9:30PM'], ['Friday', '11AM–10PM'], ['Saturday', '12–10PM'], ['Sunday', 'Closed']]"
0x8668f5cbd47ccf39:0x12da861a9522c8c,New Hong Kong Express,"New Hong Kong Express, 6201 S Padre Island Dr #102, Corpus Christi, TX 78412",27.702211199999997,-97.3602579,"['Chinese restaurant', 'Asian fusion restaurant', 'Family restaurant', 'Japanese restaurant', 'Delivery Restaurant', 'Restaurant', 'Thai restaurant']",4.3,278,,"[['Monday', '11AM–10PM'], ['Tuesday', '11AM–10PM'], ['Wednesday', '11AM–10PM'], ['Thursday', '11AM–10PM'], ['Friday', '11AM–10:30PM'], ['Saturday', '11:30AM–10:30PM'], ['Sunday', '12–9:30PM']]"
0x8668fa52d7b09619:0xf833f794066c6bec,Rock & Rolls Sushi Lounge,"Rock & Rolls Sushi Lounge, 15121 S Padre Island Dr #101, Corpus Christi, TX 78418",27.6053113,-97.22281339999999,"['Sushi restaurant', 'Asian restaurant', 'Brunch restaurant', 'Japanese restaurant', 'Restaurant']",4.4,405,$$,"[['Monday', 'Closed'], ['Tuesday', '5–10PM'], ['Wednesday', '5–10PM'], ['Thursday', '5–10PM'], ['Friday', '5–11PM'], ['Saturday', '5–11PM'], ['Sunday', '5–10PM']]"
0x865321d69003a6b7:0x3540738d111891b2,Samurai of Tokyo,"Samurai of Tokyo, 2518 Mallard Dr, Wichita Falls, TX 76308",33.861054599999996,-98.53478799999999,"['Japanese restaurant', 'Restaurant']",4.4,1124,$$,"[['Monday', '11AM–2PM'], ['Tuesday', '11AM–2PM'], ['Wednesday', '11AM–2PM'], ['Thursday', '11AM–2PM'], ['Friday', '11AM–2PM'], ['Saturday', '5–10PM'], ['Sunday', '11AM–2PM']]"
0x8644ca0de61cf80d:0x3f7b99bf0542144b,Komé: Sushi Kitchen,"Komé: Sushi Kitchen, 5301 Airport Blvd #100, Austin, TX 78751",30.314086999999997,-97.714468,"['Sushi restaurant', 'Japanese restaurant']",4.6,1795,$$,"[['Monday', '11AM–8:30PM'], ['Tuesday', '11AM–8:30PM'], ['Wednesday', '11AM–8:30PM'], ['Thursday', '11AM–8:30PM'], ['Friday', '11AM–9PM'], ['Saturday', '11AM–9PM'], ['Sunday', '11AM–8:30PM']]"
0x8644cd2a154a3a2d:0x56faeaa1ac29e06a,MIYAKO YAKITORI & SUSHI,"MIYAKO YAKITORI & SUSHI, 8701 W Parmer Ln Suite 2128, Austin, TX 78729",30.4680604,-97.7617112,"['Authentic Japanese restaurant', 'Izakaya restaurant', 'Sushi restaurant', 'Yakitori restaurant']",4.6,278,$$,"[['Monday', '11AM–9:30PM'], ['Tuesday', '11AM–9:30PM'], ['Wednesday', '11AM–9:30PM'], ['Thursday', '11AM–9:30PM'], ['Friday', '11AM–9:30PM'], ['Saturday', '11AM–9:30PM'], ['Sunday', '11AM–9:30PM']]"
0x865b4a800eed4393:0x1f73eb3011f19847,Izumi Sushi,"Izumi Sushi, 701 S Capital of Texas Hwy E-550, Austin, TX 78746",30.2905199,-97.8260328,"['Sushi restaurant', 'Asian restaurant', 'Fine dining restaurant', 'Japanese restaurant', 'Korean restaurant']",4.3,228,$$,"[['Monday', '11AM–2:30PM'], ['Tuesday', '11AM–2:30PM'], ['Wednesday', '11AM–2:30PM'], ['Thursday', '11AM–2:30PM'], ['Friday', '11AM–2:30PM'], ['Saturday', '12–9:30PM'], ['Sunday', 'Closed']]"
0x8640c1018a53e83f:0x16ad0bfb3124d4fa,Michiru Sushi,"Michiru Sushi, 3800 Southwest Fwy #104, Houston, TX 77027",29.729938999999998,-95.43687399999999,"['Sushi restaurant', 'Asian restaurant', 'Japanese restaurant', 'Restaurant', 'Seafood restaurant']",4.4,268,$$,"[['Monday', '4–9:30PM'], ['Tuesday', '4–9:30PM'], ['Wednesday', '4–9:30PM'], ['Thursday', '4–9:30PM'], ['Friday', '4–10PM'], ['Saturday', '4–10PM'], ['Sunday', '4–9PM']]"
0x8640c0f953b5cd33:0x3f6b6de87f290939,Tokyohana Grill & Sushi Bar,"Tokyohana Grill & Sushi Bar, 3239 Southwest Fwy, Houston, TX 77027",29.728749999999998,-95.430387,"['Japanese restaurant', 'Asian restaurant', 'Seafood restaurant', 'Sushi restaurant']",3.4,177,$$,"[['Monday', '11AM–11PM'], ['Tuesday', '11AM–11PM'], ['Wednesday', '11AM–11PM'], ['Thursday', '11AM–11PM'], ['Friday', '11AM–12AM'], ['Saturday', '12PM–12AM'], ['Sunday', '11AM–10PM']]"
0x8640c0ed187638d9:0x10246cec6f054b66,Aka Sushi House,"Aka Sushi House, 2390 W Alabama St, Houston, TX 77098",29.7388671,-95.4161302,"['Sushi restaurant', 'Japanese restaurant']",4.4,1132,$$,"[['Monday', '11:30AM–10:30PM'], ['Tuesday', '11:30AM–10:30PM'], ['Wednesday', '11:30AM–10:30PM'], ['Thursday', '11:30AM–10:30PM'], ['Friday', '11:30AM–11PM'], ['Saturday', '11:30AM–11PM'], ['Sunday', '11:30AM–10:30PM']]"
0x8644b5aff1dac007:0xb53e31bb70bcd61c,Fukumoto Sushi & Yakitori Izakaya,"Fukumoto Sushi & Yakitori Izakaya, 514 Medina St, Austin, TX 78702",30.2646193,-97.7317102,"['Japanese restaurant', 'Izakaya restaurant', 'Sushi restaurant', 'Yakitori restaurant']",4.6,578,$$,"[['Sunday', 'Closed'], ['Monday', '4–9PM'], ['Tuesday', '4–9PM'], ['Wednesday', '4–9PM'], ['Thursday', '4–9PM'], ['Friday', '4:30–10PM'], ['Saturday', '4:30–10PM']]"
0x8644ce2eb2de1325:0xe4e7db0f5c664aa0,Misaki - Sushi & Ramen,"Misaki - Sushi & Ramen, 3200 Greenlawn Blvd #300, Round Rock, TX 78664",30.4810834,-97.6611088,"['Sushi restaurant', 'Japanese restaurant', 'Ramen restaurant']",4.4,688,$$,"[['Sunday', '11AM–9PM'], ['Monday', 'Closed'], ['Tuesday', 'Closed'], ['Wednesday', '11AM–9PM'], ['Thursday', '11AM–9PM'], ['Friday', '11AM–9PM'], ['Saturday', '11AM–9PM']]"
0x864dd5ecaef2bdbd:0xbab1bb8ee2e941a8,Kasai Hibachi Sushi and Bar,"Kasai Hibachi Sushi and Bar, 5645 Colleyville Blvd suite 100, Colleyville, TX 76034",32.8910273,-97.14623619999999,"['Sushi restaurant', 'Gluten-free restaurant', 'Japanese curry restaurant', 'Japanese restaurant', 'Restaurant', 'Seafood restaurant', 'Teppanyaki restaurant', 'Thai restaurant', 'Vegetarian restaurant', 'Wine bar']",4.6,48,,"[['Sunday', '12–10PM'], ['Monday', '11AM–2:30PM'], ['Tuesday', '11AM–2:30PM'], ['Wednesday', '11AM–2:30PM'], ['Thursday', '11AM–2:30PM'], ['Friday', '11AM–2:30PM'], ['Saturday', '12–10:30PM']]"
0x865c6220bd1544f7:0xd7f98c0801574e99,Sushishima Japanese Restaurant,"Sushishima Japanese Restaurant, 1205 N Loop 1604 W #230, San Antonio, TX 78258",29.6107807,-98.51112619999999,"['Sushi restaurant', 'Asian fusion restaurant', 'Asian restaurant', 'Japanese restaurant', 'Delivery Restaurant', 'Restaurant', 'Sushi takeaway']",4.4,487,$$,"[['Sunday', '12:30–10PM'], ['Monday', '11:30AM–10PM'], ['Tuesday', '11:30AM–10PM'], ['Wednesday', '11:30AM–10PM'], ['Thursday', '11:30AM–10PM'], ['Friday', '11:30AM–10PM'], ['Saturday', '12:30–10PM']]"
0x865c6766df811619:0xd788cece377ce454,J Y Ramen,"J Y Ramen, 5500 Babcock Rd Ste116, San Antonio, TX 78240",29.5174845,-98.5969528,"['Ramen restaurant', 'Japanese restaurant']",4.4,395,,"[['Sunday', '12–7PM'], ['Monday', '11:30AM–3:30PM'], ['Tuesday', 'Closed'], ['Wednesday', '11:30AM–3:30PM'], ['Thursday', '11:30AM–3:30PM'], ['Friday', '12–9:30PM'], ['Saturday', '12–9:30PM']]"
0x865c8dafaee9c85d:0xe14fa1e83bab1dbb,Kobe Teppan & Sushi,"Kobe Teppan & Sushi, 7824 Pat Booker Rd, Live Oak, TX 78233",29.5624936,-98.3345119,['Japanese restaurant'],4.5,228,,"[['Sunday', '11:30AM–9:30PM'], ['Monday', '11AM–3PM'], ['Tuesday', '11AM–3PM'], ['Wednesday', '11AM–3PM'], ['Thursday', '11AM–3PM'], ['Friday', '11AM–10:30PM'], ['Saturday', '11AM–10:30PM']]"
0x8644ca7fa7c02451:0x3957899e9492167b,Zen - Japanese Food Fast,"Zen - Japanese Food Fast, 3423 Guadalupe St, Austin, TX 78705",30.300949,-97.739116,"['Japanese restaurant', 'Asian restaurant', 'Fast food restaurant', 'Sushi restaurant']",4.2,148,$$,"[['Sunday', '11:30AM–9PM'], ['Monday', '11AM–9:30PM'], ['Tuesday', '11AM–9:30PM'], ['Wednesday', '11AM–9:30PM'], ['Thursday', '11AM–9:30PM'], ['Friday', '11AM–9:30PM'], ['Saturday', '11AM–9:30PM']]"
0x8648fdec988e7889:0x4e670de370638fde,Kei Asian Kitchen,"Kei Asian Kitchen, 220 Crestway St #108, Athens, TX 75751",32.205266099999996,-95.8340035,"['Pan-Asian restaurant', 'Chinese restaurant', 'Japanese restaurant', 'Thai restaurant', 'Vietnamese restaurant']",4.3,165,$$,"[['Sunday', 'Closed'], ['Monday', '11AM–9PM'], ['Tuesday', '11AM–9PM'], ['Wednesday', '11AM–9PM'], ['Thursday', '11AM–9PM'], ['Friday', '11AM–9PM'], ['Saturday', 'Closed']]"
0x8641269bcdc99b6f:0x63eab0327c936cd2,Taizzi,"Taizzi, 1997 Katy Mills Blvd #900, Katy, TX 77494",29.7839407,-95.8067631,"['Sushi restaurant', 'Buffet restaurant', 'Japanese restaurant']",4.7,468,$$,"[['Sunday', '11AM–10PM'], ['Monday', '11AM–10PM'], ['Tuesday', '11AM–10PM'], ['Wednesday', '11AM–10PM'], ['Thursday', '11AM–10PM'], ['Friday', '11AM–11PM'], ['Saturday', '11AM–11PM']]"
0x86568db70e168637:0x5a8505d0bd7376ab,Little Ninja,"Little Ninja, 4102 Buffalo Gap Rd # n, Abilene, TX 79605",32.4035909,-99.7582563,['Japanese restaurant'],4.3,384,$,"[['Sunday', '11AM–9:30PM'], ['Monday', '11AM–9:30PM'], ['Tuesday', 'Closed'], ['Wednesday', '11AM–9:30PM'], ['Thursday', '11AM–9:30PM'], ['Friday', '11AM–10PM'], ['Saturday', '11AM–10PM']]"
0x8640ce14451c0dc3:0x44db4a4468333717,Kawa Sushi,"Kawa Sushi, 8050 North Sam Houston Pkwy W Suite#350, Houston, TX 77064",29.930903899999997,-95.54406259999999,"['Japanese restaurant', 'Ramen restaurant', 'Sushi restaurant']",4.7,558,$$,"[['Sunday', '11:30AM–9PM'], ['Monday', 'Closed'], ['Tuesday', '11AM–9PM'], ['Wednesday', '11AM–9PM'], ['Thursday', '11AM–9PM'], ['Friday', '11AM–9:30PM'], ['Saturday', '11:30AM–9:30PM']]"
0x8640d1103608a2b3:0xf33f935b60810995,Toro,"Toro, 19819 Northwest Fwy, Houston, TX 77065",29.914197899999998,-95.6152805,"['Teppanyaki restaurant', 'Asian restaurant', 'Bar', 'Japanese restaurant', 'Japanese steakhouse', 'Steak house', 'Sushi restaurant']",4.3,808,$$,"[['Sunday', '11:30AM–9PM'], ['Monday', '11:30AM–9PM'], ['Tuesday', '11:30AM–9PM'], ['Wednesday', '11:30AM–9PM'], ['Thursday', '11:30AM–9PM'], ['Friday', '11:30AM–10PM'], ['Saturday', '11:30AM–10PM']]"
0x8640d75c5d8f3d3b:0x9c755ea903c5ddd4,Yami Boba Sushi & Bento,"Yami Boba Sushi & Bento, 18052 FM 529 Rd, Cypress, TX 77433",29.8805993,-95.6859928,"['Japanese restaurant', 'Asian restaurant', 'Delivery Restaurant', 'Restaurant', 'Sushi restaurant', 'Sushi takeaway']",4.6,73,,"[['Sunday', '12–10PM'], ['Monday', '11AM–10PM'], ['Tuesday', 'Closed'], ['Wednesday', '11AM–10PM'], ['Thursday', '11AM–10PM'], ['Friday', '11AM–10:30PM'], ['Saturday', '11AM–10:30PM']]"
0x86378c10a2954939:0x624e856d4db44626,Nijiya Japanese Restaurant,"Nijiya Japanese Restaurant, 3205 N University Dr Suite A, Nacogdoches, TX 75965",31.632362299999997,-94.64150699999999,"['Japanese restaurant', 'Asian restaurant', 'Sushi restaurant']",4.3,153,$$,"[['Sunday', 'Closed'], ['Monday', 'Closed'], ['Tuesday', '11AM–9PM'], ['Wednesday', '11AM–9PM'], ['Thursday', '11AM–9PM'], ['Friday', '11AM–9:30PM'], ['Saturday', '11AM–9:30PM']]"
0x86409c88bb963079:0xe698d76d2c590bc,Samurai Japanese Steak,"Samurai Japanese Steak, 133 Bay Area Blvd, Webster, TX 77598",29.5476,-95.12939999999999,['Japanese restaurant'],4.5,888,$$,"[['Sunday', '11:30AM–10PM'], ['Monday', '11AM–2:30PM'], ['Tuesday', '11AM–2:30PM'], ['Wednesday', '11AM–2:30PM'], ['Thursday', '11AM–2:30PM'], ['Friday', '11AM–2:30PM'], ['Saturday', '12–11PM']]"
0x8640c16f7c8daca7:0xd92b4ca66f913eff,Sage 400,"Sage 400, 2800 Sage Rd, Houston, TX 77056",29.737375,-95.46771389999999,['Japanese restaurant'],4.4,342,$$$,"[['Sunday', '12–10PM'], ['Monday', '12–10PM'], ['Tuesday', '12–10PM'], ['Wednesday', '12–10PM'], ['Thursday', '12–10PM'], ['Friday', '12–10PM'], ['Saturday', '12–10PM']]"
0x8640c0f2690dbb91:0xa0c8431e072715e3,Sushi King,"Sushi King, 3401 Kirby Dr, Houston, TX 77098",29.7351569,-95.41839499999999,"['Sushi restaurant', 'Japanese restaurant']",4.2,435,$$,"[['Sunday', '11:30AM–9PM'], ['Monday', '11:30AM–9PM'], ['Tuesday', '11:30AM–9PM'], ['Wednesday', '11:30AM–9PM'], ['Thursday', '11:30AM–9PM'], ['Friday', '11:30AM–10PM'], ['Saturday', '11:30AM–10PM']]"
0x870151ce51252799:0x8f886f3e16b32dc2,Tsunami Japanese Steak House,"Tsunami Japanese Steak House, 1108 Bell St, Amarillo, TX 79106",35.2033324,-101.90296719999999,"['Steak house', 'Asian restaurant', 'Japanese restaurant']",4.4,248,$,"[['Sunday', 'Closed'], ['Monday', '11AM–2PM'], ['Tuesday', '11AM–2PM'], ['Wednesday', '11AM–2PM'], ['Thursday', '11AM–2PM'], ['Friday', '11AM–2PM'], ['Saturday', '5–8PM']]"
0x864e8bd990f8582d:0xeb06e16d2e678b4b,Ninja Kitchen,"Ninja Kitchen, 3150 E Broad St #130, Mansfield, TX 76063",32.5739292,-97.0865659,"['Japanese restaurant', 'Asian fusion restaurant', 'Asian restaurant', 'Bar', 'Ramen restaurant', 'Restaurant', 'Sushi restaurant']",3.8,158,,"[['Sunday', '11:30AM–9PM'], ['Monday', '11:30AM–9:30PM'], ['Tuesday', '11:30AM–9:30PM'], ['Wednesday', '11:30AM–9:30PM'], ['Thursday', '11:30AM–9:30PM'], ['Friday', '11:30AM–10PM'], ['Saturday', '11:30AM–10PM']]"
0x864c2d947e634651:0xf497e7774eccb6ae,Nori Sushi,"Nori Sushi, 1565 W Main St #225, Lewisville, TX 75067",33.0428674,-97.0333667,['Japanese restaurant'],4.8,275,$$,"[['Sunday', 'Closed'], ['Monday', '11AM–2:30PM'], ['Tuesday', '11AM–2:30PM'], ['Wednesday', '11AM–2:30PM'], ['Thursday', '11AM–2:30PM'], ['Friday', '11AM–2:30PM'], ['Saturday', '11AM–9:30PM']]"
0x8640e3ccf0382d1b:0x256f93a0f64c2a82,Gojira,"Gojira, 6560 Greatwood Pkwy #100, Sugar Land, TX 77479",29.559602199999997,-95.686291,"['Japanese restaurant', 'Restaurant']",4.3,107,$$,"[['Sunday', '11AM–9PM'], ['Monday', 'Closed'], ['Tuesday', '11AM–9PM'], ['Wednesday', '11AM–9PM'], ['Thursday', '11AM–9PM'], ['Friday', '11AM–10PM'], ['Saturday', '11AM–9PM']]"
0x864e9f6acfee03e3:0x5fbd086e1de8499b,The Blue Fish Greenville,"The Blue Fish Greenville, 3519 Greenville Ave, Dallas, TX 75206",32.8304802,-96.77047879999999,"['Japanese restaurant', 'Asian restaurant', 'Bar', 'Restaurant', 'Seafood restaurant', 'Sushi restaurant']",4.3,547,$$,"[['Sunday', '12–10PM'], ['Monday', '11AM–2PM'], ['Tuesday', '11AM–2PM'], ['Wednesday', '11AM–2PM'], ['Thursday', '11AM–2PM'], ['Friday', '11AM–2PM'], ['Saturday', '12–10PM']]"
0x863eb1e1d0c3ca1d:0xad9dd603271c0f2b,Koko Ramen Hawaiian Poke Bowl,"Koko Ramen Hawaiian Poke Bowl, 7675 Memorial Blvd, Port Arthur, TX 77640",29.9377128,-93.98376669999999,"['Restaurant', 'Hawaiian restaurant', 'Japanese restaurant', 'Ramen restaurant']",4.4,363,,"[['Sunday', '11AM–9PM'], ['Monday', '11AM–9PM'], ['Tuesday', '11AM–9PM'], ['Wednesday', '11AM–9PM'], ['Thursday', '11AM–9PM'], ['Friday', '11AM–10PM'], ['Saturday', '11AM–10PM']]"
0x8640dcc9415d5983:0x9adb4218b9274d,Koto Japanese Restaurant,"Koto Japanese Restaurant, 10842 Westheimer Rd, Houston, TX 77042",29.737856999999998,-95.5682583,"['Japanese restaurant', 'Asian restaurant', 'Sushi restaurant']",4.4,453,$$,"[['Sunday', '4:30–8:30PM'], ['Monday', 'Closed'], ['Tuesday', '11AM–2:30PM'], ['Wednesday', '11AM–2:30PM'], ['Thursday', '11AM–2:30PM'], ['Friday', '11AM–2:30PM'], ['Saturday', '12–3PM']]"
0x864c196feb6d798f:0x7ecfc18f0b675c25,Ninja Ramen,"Ninja Ramen, 111 Spring Creek Pkwy Suite #102, Plano, TX 75023",33.0593656,-96.69385919999999,['Japanese restaurant'],4.2,198,$$,"[['Sunday', '11:30AM–9PM'], ['Monday', 'Closed'], ['Tuesday', '11:30AM–9PM'], ['Wednesday', '11:30AM–9PM'], ['Thursday', '11:30AM–9PM'], ['Friday', '11:30AM–10PM'], ['Saturday', '11:30AM–10PM']]"
0x864c16c687de0adb:0x3caa26cab83ccdb3,Shiawase,"Shiawase, 2540 North Watters Road STE 100, Allen, TX 75013",33.1425712,-96.6773206,"['Japanese restaurant', 'Sushi restaurant']",4.3,834,$$,"[['Sunday', '11:30AM–10PM'], ['Monday', '11:30AM–10PM'], ['Tuesday', '11:30AM–10PM'], ['Wednesday', '11:30AM–10PM'], ['Thursday', '11:30AM–10PM'], ['Friday', '11:30AM–11PM'], ['Saturday', '11:30AM–11PM']]"
0x864c166cec362f23:0x88823022f62656f5,Tai Sushi House,"Tai Sushi House, 8408 W Stacy Rd #100, McKinney, TX 75070",33.153327,-96.7231949,"['Sushi restaurant', 'Japanese restaurant', 'Restaurant', 'Thai restaurant']",4.5,286,$$,"[['Sunday', '12–10PM'], ['Monday', '4–10PM'], ['Tuesday', 'Closed'], ['Wednesday', '12–10PM'], ['Thursday', '12–10PM'], ['Friday', '12–10PM'], ['Saturday', '12–10PM']]"
0x865cf599ad64c0c3:0x8d8a3f151e627c57,Koi Kawa Japanese Restaurant,"Koi Kawa Japanese Restaurant, 4051 Broadway, San Antonio, TX 78209",29.4635453,-98.4666043,"['Japanese restaurant', 'Restaurant']",4.5,728,$$,"[['Sunday', '12–9PM'], ['Monday', 'Closed'], ['Tuesday', '11AM–9PM'], ['Wednesday', '11AM–9PM'], ['Thursday', '11AM–9PM'], ['Friday', '11AM–10PM'], ['Saturday', '11AM–10PM']]"
0x864e74d934d6393f:0x7e4e33e1b68bac98,O I Shii Sushi & Japanese,"O I Shii Sushi & Japanese, 6302 Lake Worth Blvd, Fort Worth, TX 76135",32.811655099999996,-97.421617,"['Japanese restaurant', 'Asian restaurant', 'Bar', 'Sushi restaurant']",4.4,570,$$,"[['Sunday', '11:30AM–3PM'], ['Monday', '11AM–2:30PM'], ['Tuesday', '11AM–2:30PM'], ['Wednesday', '11AM–2:30PM'], ['Thursday', '11AM–2:30PM'], ['Friday', '11AM–2:30PM'], ['Saturday', '5–9:30PM']]"
0x8640e6c0b99af37d:0xc9351cc380d84868,Sushi Choo Choo,"Sushi Choo Choo, 1531 Hwy 6 #100, Sugar Land, TX 77478",29.601505399999997,-95.62959629999999,"['Conveyor belt sushi restaurant', 'Japanese restaurant', 'Restaurant', 'Sushi restaurant']",4.1,618,$,"[['Sunday', '11:30AM–10PM'], ['Monday', '11AM–10PM'], ['Tuesday', '11AM–10PM'], ['Wednesday', '11AM–10PM'], ['Thursday', '11AM–10PM'], ['Friday', '11AM–10:30PM'], ['Saturday', '11AM–10:30PM']]"
0x86e744b328f1de3d:0x5b5977b09b8c28e4,HAYASHI HIBACHI-El Paso,"HAYASHI HIBACHI-El Paso, 10501 Gateway Blvd W, El Paso, TX 79925",31.753806899999997,-106.3458979,"['Japanese steakhouse', 'Bar & grill', 'Japanese restaurant', 'Steak house', 'Sushi restaurant', 'Teppanyaki restaurant']",4.5,1358,$$,"[['Saturday', '11AM–9PM'], ['Sunday', '11AM–9PM'], ['Monday', '11AM–3PM'], ['Tuesday', '11AM–3PM'], ['Wednesday', '11AM–3PM'], ['Thursday', '11AM–3PM'], ['Friday', '11AM–3PM']]"
0x86e757d358f6a571:0x2cdc1c1d8d3400f1,Umami Ramen House,"Umami Ramen House, 5380 N Mesa St suit 110, El Paso, TX 79912",31.818020999999998,-106.5146855,"['Ramen restaurant', 'Asian restaurant', 'Chinese restaurant', 'Japanese restaurant']",4.3,88,,"[['Saturday', '10AM–10:30PM'], ['Sunday', '10AM–10:30PM'], ['Monday', '10AM–10:30PM'], ['Tuesday', '10AM–10:30PM'], ['Wednesday', '10AM–10:30PM'], ['Thursday', '10AM–10:30PM'], ['Friday', '10AM–10:30PM']]"
0x8644cc85cad62447:0x217a8946abcd9b12,Mama Fu's Asian House,"Mama Fu's Asian House, 10710 Research Blvd Suite 328, Austin, TX 78759",30.398299299999998,-97.7492216,"['Asian restaurant', 'Asian fusion restaurant', 'Chinese restaurant', 'Delivery Chinese restaurant', 'Japanese restaurant', 'Takeout Restaurant', 'Vegan restaurant', 'Vegetarian restaurant', 'Vietnamese restaurant']",3.7,136,$$,
0x8644cbc696fad869:0xb75bf393b27ce34f,Ramen Tatsu-ya,"Ramen Tatsu-ya, 8557 Research Blvd #126, Austin, TX 78758",30.361154,-97.71515,"['Japanese restaurant', 'Noodle shop', 'Ramen restaurant', 'Restaurant']",4.6,4021,$$,"[['Saturday', '11AM–10PM'], ['Sunday', '11AM–10PM'], ['Monday', '11AM–10PM'], ['Tuesday', '11AM–10PM'], ['Wednesday', '11AM–10PM'], ['Thursday', '11AM–10PM'], ['Friday', '11AM–10PM']]"
0x864e62d0ad9e762d:0x1a68f199e2e5f98d,Ahi Poke Bowl,"Ahi Poke Bowl, 3701 S Cooper St #169, Arlington, TX 76015",32.6850068,-97.1305565,"['Japanese restaurant', 'Restaurant', 'Seafood restaurant']",4.6,568,$$,"[['Saturday', '12–8PM'], ['Sunday', 'Closed'], ['Monday', '11AM–9PM'], ['Tuesday', '11AM–8PM'], ['Wednesday', '11AM–8PM'], ['Thursday', '11AM–9PM'], ['Friday', '11AM–9PM']]"
0x864c201d7777531b:0xd997edf757fd98b7,Yama Sushi,"Yama Sushi, 8989 Forest Ln #112, Dallas, TX 75243",32.910180499999996,-96.7497515,"['Sushi restaurant', 'Asian restaurant', 'Bar', 'Family restaurant', 'Japanese restaurant', 'Ramen restaurant', 'Restaurant']",4.6,927,$$,"[['Saturday', '6PM–2AM'], ['Sunday', '6–10:30PM'], ['Monday', '6PM–2AM'], ['Tuesday', '6PM–2AM'], ['Wednesday', '6PM–2AM'], ['Thursday', '6PM–2AM'], ['Friday', '6PM–2AM']]"
0x8640c143d6579c3f:0xc4fe2906bbcb8dee,Sozo,"Sozo, 1700 Post Oak Blvd #250, Houston, TX 77056",29.7498772,-95.4624194,"['Sushi restaurant', 'Japanese restaurant']",4.4,405,$$,"[['Saturday', '12–11PM'], ['Sunday', '12–10PM'], ['Monday', '11AM–10PM'], ['Tuesday', '11AM–10PM'], ['Wednesday', '11AM–10PM'], ['Thursday', '11AM–10PM'], ['Friday', '11AM–11PM']]"
0x86469aca71c9e921:0x490ad53824b5a8ed,Kamei Sushi and Grill,"Kamei Sushi and Grill, 951 William D. Fitch Pkwy #701, College Station, TX 77845",30.558294,-96.26091199999999,"['Sushi restaurant', 'Asian restaurant', 'Japanese restaurant']",4.5,228,$$,"[['Saturday', '11:30AM–10PM'], ['Sunday', '11:30AM–10PM'], ['Monday', '11AM–10PM'], ['Tuesday', '11AM–10PM'], ['Wednesday', '11AM–10PM'], ['Thursday', '11AM–10PM'], ['Friday', '11AM–10PM']]"
0x86456b12fbe53b6b:0xf9e431c94d80d4b6,Seoul Garden Temple,"Seoul Garden Temple, 7349 Honeysuckle #150, Temple, TX 76502",31.1194572,-97.41995229999999,"['Korean restaurant', 'Asian restaurant', 'Japanese restaurant', 'Sushi restaurant']",4.4,518,,"[['Saturday', '11AM–10PM'], ['Sunday', 'Closed'], ['Monday', 'Closed'], ['Tuesday', '11AM–9PM'], ['Wednesday', '11AM–9PM'], ['Thursday', '11AM–9PM'], ['Friday', '11AM–10PM']]"
0x8640d5b5b69f2c41:0x888b9346fc9ea162,Shogun Grill & Sushi Bar,"Shogun Grill & Sushi Bar, 25712 US-290 Frontage Suite K, Cypress, TX 77429",29.9700563,-95.6893506,"['Japanese restaurant', 'Asian restaurant', 'Bar', 'Sushi restaurant']",4.1,624,$$,"[['Saturday', '11:15AM–11PM'], ['Sunday', '11:15AM–9:30PM'], ['Monday', '11:15AM–10PM'], ['Tuesday', '11:15AM–10PM'], ['Wednesday', '11:15AM–10PM'], ['Thursday', '11:15AM–10PM'], ['Friday', '11:15AM–11PM']]"
0x865b4c7126971fcd:0x80e8d27006fc005d,Nanami Sushi Bar & Grill,"Nanami Sushi Bar & Grill, 9001 Brodie Ln, Austin, TX 78748",30.1934616,-97.8429025,"['Sushi restaurant', 'Asian restaurant', 'Bar', 'Japanese restaurant']",4.2,396,$$,"[['Saturday', '11:30AM–10PM'], ['Sunday', '11:30AM–10PM'], ['Monday', '11AM–10PM'], ['Tuesday', '11AM–10PM'], ['Wednesday', '11AM–10PM'], ['Thursday', '11AM–10PM'], ['Friday', '11AM–11PM']]"
0x8644b578aa419ae3:0x84b7f27c169aff15,Daito,"Daito, 2716 Guadalupe St, Austin, TX 78705",30.2928376,-97.7417613,"['Authentic Japanese restaurant', 'Japanese restaurant']",4.4,53,$,"[['Saturday', '5–10PM'], ['Sunday', '5–10PM'], ['Monday', 'Closed'], ['Tuesday', '5–10PM'], ['Wednesday', '5–10PM'], ['Thursday', '5–10PM'], ['Friday', '5–10PM']]"
0x8665a211ecf6df9f:0xe0752ae774ad3a00,Maki Sushi Bar,"Maki Sushi Bar, 1661 W University Dr, Edinburg, TX 78539",26.3044971,-98.17972809999999,"['Sushi restaurant', 'Asian restaurant', 'Bar', 'Japanese restaurant', 'Restaurant']",4.0,401,$$,"[['Saturday', '11AM–10PM'], ['Sunday', 'Closed'], ['Monday', '11AM–9PM'], ['Tuesday', '11AM–9PM'], ['Wednesday', '11AM–9PM'], ['Thursday', '11AM–9PM'], ['Friday', '11AM–10PM']]"
0x864dd557492ffca9:0x31f040b02cff276f,Sushi Nikko,"Sushi Nikko, 6039 Precinct Line Rd Ste #180, North Richland Hills, TX 76180",32.8561937,-97.1876582,"['Japanese restaurant', 'Asian restaurant', 'Bar', 'Sushi restaurant']",4.3,153,$$,"[['Saturday', '5–11PM'], ['Sunday', 'Closed'], ['Monday', '5–10PM'], ['Tuesday', '5–10PM'], ['Wednesday', '5–10PM'], ['Thursday', '11:30AM–2:30PM'], ['Friday', '11:30AM–2:30PM']]"
0x86fbcfbd662a6fe9:0x60883c150c03ddee,Osaka Japanese Steakhouse - Faudree,"Osaka Japanese Steakhouse - Faudree, 4020 Faudree Rd, Odessa, TX 79765",31.915068899999998,-102.2874659,['Japanese steakhouse'],4.1,966,$$,"[['Saturday', '12–10PM'], ['Sunday', '12–9PM'], ['Monday', '11AM–2PM'], ['Tuesday', '11AM–2PM'], ['Wednesday', '11AM–2PM'], ['Thursday', '11AM–2PM'], ['Friday', '11AM–2PM']]"
0x864c1b76a5daadcf:0x87f73d20192bc035,Kenzo,"Kenzo, 158 W Farm to Market Rd 544 #118, Murphy, TX 75094",33.0102,-96.61650999999999,"['Japanese restaurant', 'Korean barbecue restaurant', 'Ramen restaurant', 'Sushi restaurant']",4.6,467,$$,"[['Saturday', '11:30AM–8:30PM'], ['Sunday', '11:30AM–8:30PM'], ['Monday', '11:30AM–8:30PM'], ['Tuesday', 'Closed'], ['Wednesday', '11:30AM–8:30PM'], ['Thursday', '11:30AM–8:30PM'], ['Friday', '11:30AM–8:30PM']]"
0x86409ad308997909:0x981aebdae342be1,528 Asian Bistro,"528 Asian Bistro, 709 W Parkwood Ave #5405, Friendswood, TX 77546",29.5050293,-95.1920143,"['Chinese restaurant', 'Asian restaurant', 'Japanese restaurant']",4.3,258,$$,"[['Saturday', '11AM–9:30PM'], ['Sunday', '11AM–9:30PM'], ['Monday', 'Closed'], ['Tuesday', '11AM–9:30PM'], ['Wednesday', '11AM–9:30PM'], ['Thursday', '11AM–9:30PM'], ['Friday', '11AM–9:30PM']]"
0x8640dc0b212142bf:0xceaeed3cef6ead59,Aka Japanese Cuisine,"Aka Japanese Cuisine, 1460 Eldridge Pkwy #130, Houston, TX 77077",29.7591331,-95.62603999999999,"['Japanese restaurant', 'Asian restaurant', 'Takeout Restaurant', 'Sushi restaurant']",4.3,376,$$,"[['Saturday', '12–10PM'], ['Sunday', '12–11PM'], ['Monday', '11AM–10PM'], ['Tuesday', '11AM–10PM'], ['Wednesday', '11AM–10PM'], ['Thursday', '11AM–10PM'], ['Friday', '11AM–10PM']]"
0x8640c2cef9d768a5:0x8c7d861771762893,Cafe Kubo's Sushi,"Cafe Kubo's Sushi, 9889 Bellaire Blvd #234, Houston, TX 77036",29.703537299999997,-95.5533354,"['Japanese restaurant', 'Sushi restaurant']",4.2,258,$,"[['Saturday', '12–10:30PM'], ['Sunday', '12–9PM'], ['Monday', '11:30AM–3PM'], ['Tuesday', '11:30AM–3PM'], ['Wednesday', '11:30AM–3PM'], ['Thursday', '11:30AM–3PM'], ['Friday', '11:30AM–3PM']]"
0x865b4ae777ccc60d:0xd37315e648098e49,Sarku Japan,"Sarku Japan, 2901 S Capital of Texas Hwy Space #VC - 03, Austin, TX 78746",30.257641099999997,-97.8077201,"['Japanese restaurant', 'Fast food restaurant', 'Restaurant', 'Sushi restaurant', 'Teppanyaki restaurant']",4.0,148,$,"[['Saturday', '10AM–9PM'], ['Sunday', '12–6PM'], ['Monday', '11AM–8PM'], ['Tuesday', '11AM–8PM'], ['Wednesday', '11AM–8PM'], ['Thursday', '11AM–8PM'], ['Friday', '10AM–9PM']]"
0x8647375747c04c2f:0x139dbdd69b2e8a0b,Chi's Japanese Cuisine,"Chi's Japanese Cuisine, 27100 Interstate 45 N, Oak Ridge North, TX 77385",30.158903799999997,-95.4488023,"['Asian restaurant', 'Japanese restaurant', 'Sushi restaurant']",4.4,886,,"[['Saturday', '11:30AM–12AM'], ['Sunday', '11:30AM–10PM'], ['Monday', '11AM–10PM'], ['Tuesday', '11AM–10PM'], ['Wednesday', '11AM–10PM'], ['Thursday', '11AM–10PM'], ['Friday', '11AM–12AM']]"
0x864c037f8dacb9af:0x45d7133b9120d342,Kaizen,"Kaizen, 6501 Dalrock Rd #116, Rowlett, TX 75089",32.918563999999996,-96.5185918,"['Sushi restaurant', 'Asian fusion restaurant', 'Japanese restaurant', 'Vietnamese restaurant']",4.7,145,,"[['Saturday', '11:30AM–2:30PM'], ['Sunday', '5–9PM'], ['Monday', '11:30AM–2:30PM'], ['Tuesday', 'Closed'], ['Wednesday', '11:30AM–2:30PM'], ['Thursday', '11:30AM–2:30PM'], ['Friday', '11:30AM–2:30PM']]"
0x863f9e6a46aa9585:0xacf9e09776f252df,Sky Bar Steak and Sushi,"Sky Bar Steak and Sushi, 2105 Postoffice St, Galveston, TX 77550",29.304931999999997,-94.79135099999999,"['Sushi restaurant', 'Japanese steakhouse', 'Seafood restaurant']",4.3,277,$$,"[['Saturday', '4–11PM'], ['Sunday', '4–10PM'], ['Monday', '4–10PM'], ['Tuesday', '4–10PM'], ['Wednesday', '4–10PM'], ['Thursday', '4–10PM'], ['Friday', '4–11PM']]"
0x865c42634e7948d5:0x55fa4cf7fd4d40f5,Kumori Sushi & Teppanyaki,"Kumori Sushi & Teppanyaki, 5519 W Loop 1604 N Suite 101, San Antonio, TX 78253",29.491439699999997,-98.7088278,"['Sushi restaurant', 'Japanese restaurant', 'Teppanyaki restaurant']",4.0,838,$$,"[['Saturday', '11:30AM–10PM'], ['Sunday', '11:30AM–10PM'], ['Monday', '11:30AM–10PM'], ['Tuesday', '11:30AM–10PM'], ['Wednesday', '11:30AM–10PM'], ['Thursday', '11:30AM–10PM'], ['Friday', '11:30AM–10PM']]"
0x865cbd2dab3863b3:0x4e22d6b8fa5e0e88,A Tan Asian Bistro & Sushi Bar,"A Tan Asian Bistro & Sushi Bar, 1528 E Common St #15, New Braunfels, TX 78130",29.723083799999998,-98.097865,"['Japanese restaurant', 'Restaurant']",4.3,533,$$,"[['Saturday', '12–9PM'], ['Sunday', '12–8PM'], ['Monday', '12–8PM'], ['Tuesday', '12–8PM'], ['Wednesday', '12–8PM'], ['Thursday', '12–8PM'], ['Friday', '12–9PM']]"
0x865c427a32121043:0xe438fb3de7cd8b63,Hon Machi Korean BBQ,"Hon Machi Korean BBQ, 11026 Culebra Rd ste 109, San Antonio, TX 78253",29.4966573,-98.71275209999999,"['Korean restaurant', 'Asian restaurant', 'Japanese steakhouse', 'Restaurant', 'Seafood restaurant', 'Steak house', 'Sushi restaurant']",4.2,818,$$,"[['Saturday', '11AM–10:30PM'], ['Sunday', '11AM–10PM'], ['Monday', '11AM–10PM'], ['Tuesday', '11AM–10PM'], ['Wednesday', '11AM–10PM'], ['Thursday', '11AM–10PM'], ['Friday', '11AM–10:30PM']]"
0x865c60425223d9bd:0x3d42dd7042fcd845,Godai Sushi Bar & Japanese Restaurant,"Godai Sushi Bar & Japanese Restaurant, 11203 West Ave, San Antonio, TX 78213",29.541670099999997,-98.5142851,"['Japanese restaurant', 'Restaurant', 'Sushi restaurant']",4.5,752,$$,"[['Friday', '12–9PM'], ['Saturday', '12–9PM'], ['Sunday', 'Closed'], ['Monday', '12–8:30PM'], ['Tuesday', '12–8:30PM'], ['Wednesday', '12–8:30PM'], ['Thursday', '12–9PM']]"
0x865c677896fee92b:0xebbc095529fc503a,SUSHI EXPRESS,"SUSHI EXPRESS, 12055 Vance Jackson Rd #107, San Antonio, TX 78230",29.5527563,-98.57283129999999,"['Sushi restaurant', 'Japanese restaurant', 'Korean restaurant']",4.6,247,$$,"[['Friday', '11AM–2:30PM'], ['Saturday', '12–3PM'], ['Sunday', '12–3PM'], ['Monday', 'Closed'], ['Tuesday', 'Closed'], ['Wednesday', '11AM–2:30PM'], ['Thursday', '11AM–2:30PM']]"
0x86456c8899f02abb:0xca917e9de658bfba,Nami Japanese Steak Temple,"Nami Japanese Steak Temple, 19 S 2nd St, Temple, TX 76502",31.095555599999997,-97.3402778,"['Japanese restaurant', 'Restaurant', 'Seafood restaurant', 'Steak house', 'Sushi restaurant']",4.2,383,$$,"[['Friday', '11AM–2:30PM'], ['Saturday', '4–10:30PM'], ['Sunday', 'Closed'], ['Monday', '11AM–2:30PM'], ['Tuesday', '11AM–2:30PM'], ['Wednesday', '11AM–2:30PM'], ['Thursday', '11AM–2:30PM']]"
0x864c21315c0ceac5:0x53a2e0fb06faf481,Mr. Sushi,"Mr. Sushi, 4860 Belt Line Rd, Dallas, TX 75254",32.9531853,-96.8290301,"['Japanese restaurant', 'Asian restaurant']",4.5,548,$$,"[['Friday', '4:30–10PM'], ['Saturday', '4:30–10PM'], ['Sunday', '4:30–9PM'], ['Monday', '4:30–9:30PM'], ['Tuesday', '4:30–9:30PM'], ['Wednesday', '4:30–9:30PM'], ['Thursday', '4:30–9:30PM']]"
0x864c1ff18dbe7fbd:0x5f36e8638a2aace4,Kazy's Gourmet Shop,"Kazy's Gourmet Shop, 9256 Markville Dr, Dallas, TX 75243",32.9134015,-96.7400991,"['Japanese grocery store', 'Grocery store', 'Seafood market']",4.4,287,,"[['Friday', '10AM–5PM'], ['Saturday', 'Closed'], ['Sunday', 'Closed'], ['Monday', '10AM–5PM'], ['Tuesday', '10AM–5PM'], ['Wednesday', '10AM–5PM'], ['Thursday', '10AM–5PM']]"
0x86e75a07de4bccab:0x8eb20ac3d2a4f00,Sarku Japan,"Sarku Japan, 1613 Pleasanton Road Freedom Crossing at Fort Bliss, Suite B-125, El Paso, TX 79906",31.8174666,-106.42845849999999,"['Japanese restaurant', 'Fast food restaurant', 'Restaurant', 'Sushi restaurant', 'Teppanyaki restaurant']",4.4,158,$,"[['Friday', '10AM–6:30PM'], ['Saturday', '10AM–6:30PM'], ['Sunday', '10AM–6:30PM'], ['Monday', '10AM–6:30PM'], ['Tuesday', '10AM–6:30PM'], ['Wednesday', '10AM–6:30PM'], ['Thursday', '10AM–6:30PM']]"
0x86e750daf6938773:0x37791a0bfb161ff4,Matsuharu Japanese Restaurant,"Matsuharu Japanese Restaurant, 4886 Hercules Ave B, El Paso, TX 79904",31.854808199999997,-106.4269308,"['Japanese restaurant', 'Authentic Japanese restaurant', 'Ramen restaurant']",4.5,443,$$,"[['Friday', '4:30–9PM'], ['Saturday', '4:30–9PM'], ['Sunday', 'Closed'], ['Monday', 'Closed'], ['Tuesday', '4:30–9PM'], ['Wednesday', '4:30–9PM'], ['Thursday', '4:30–9PM']]"
0x86472fbbdfc7dccb:0x9b7534e7d0ecb518,Sapporo Japanese Bistro Sushi & Bar Magnolia Texas,"Sapporo Japanese Bistro Sushi & Bar Magnolia Texas, 30420 FM 2978 Rd #300, Magnolia, TX 77354",30.194462899999998,-95.5880285,"['Japanese restaurant', 'Bar', 'Restaurant', 'Sushi restaurant']",4.4,447,$$,"[['Friday', '11AM–11PM'], ['Saturday', '11AM–11PM'], ['Sunday', '11AM–10PM'], ['Monday', '11AM–10PM'], ['Tuesday', '11AM–10PM'], ['Wednesday', '11AM–10PM'], ['Thursday', '11AM–10PM']]"
0x865cf59fc1edf9eb:0xb493b66cd5fb4a1b,Mon's Thai Bistro & Sushi Bar,"Mon's Thai Bistro & Sushi Bar, 4901 Broadway, San Antonio, TX 78209",29.4719153,-98.4638478,"['Thai restaurant', 'Japanese restaurant']",4.2,338,$$,"[['Friday', '11AM–10PM'], ['Saturday', '12–10PM'], ['Sunday', '5–9PM'], ['Monday', '11AM–10PM'], ['Tuesday', '11AM–10PM'], ['Wednesday', '11AM–10PM'], ['Thursday', '11AM–10PM']]"
0x864eaa6e66e473cb:0xd37242bc10900c3b,EDOHANA Japanese Restaurant in Rockwall,"EDOHANA Japanese Restaurant in Rockwall, 716E I-30 Frontage Rd, Rockwall, TX 75087",32.8992658,-96.4652809,"['Japanese restaurant', 'Asian restaurant', 'Restaurant', 'Sushi restaurant']",4.5,756,$$,"[['Friday', '11AM–10:30PM'], ['Saturday', '11:30AM–10:30PM'], ['Sunday', '11:30AM–9PM'], ['Monday', '11AM–9:30PM'], ['Tuesday', '11AM–9:30PM'], ['Wednesday', '11AM–9:30PM'], ['Thursday', '11AM–9:30PM']]"
0x866f96d0329e9f0f:0xe70bf7bf5668dd90,Sora Sushi Fusion Bar,"Sora Sushi Fusion Bar, 3231 Pablo Kisel Blvd, Brownsville, TX 78526",25.9645273,-97.5052731,"['Sushi restaurant', 'Bar', 'Japanese restaurant']",3.8,228,$$,"[['Friday', '11AM–11PM'], ['Saturday', '12PM–12AM'], ['Sunday', '12AM–10PM'], ['Monday', '11AM–11PM'], ['Tuesday', '11AM–10PM'], ['Wednesday', '11AM–10PM'], ['Thursday', '11AM–10:30PM']]"
0x86fbd9818220f079:0xf3115199d5081999,Osaka,"Osaka, 1207 Tradewinds Blvd, Midland, TX 79706",31.992851799999997,-102.1579312,"['Sushi restaurant', 'Asian restaurant', 'Japanese restaurant', 'Seafood restaurant', 'Steak house']",4.0,1138,$$,"[['Friday', '11AM–2PM'], ['Saturday', '12–10PM'], ['Sunday', '12–9PM'], ['Monday', '11AM–2PM'], ['Tuesday', '11AM–2PM'], ['Wednesday', '11AM–2PM'], ['Thursday', '11AM–2PM']]"
0x8644b4fdbc69ee4f:0x121cbc4d8a6e65a2,Lucky Robot,"Lucky Robot, 1303 S Congress Ave, Austin, TX 78704",30.2508333,-97.74901109999999,"['Japanese restaurant', 'Brunch restaurant', 'Sushi restaurant']",4.4,1351,$$,"[['Friday', '4:30–9PM'], ['Saturday', '11AM–9PM'], ['Sunday', '11AM–9PM'], ['Monday', '4:30–9PM'], ['Tuesday', '4:30–9PM'], ['Wednesday', '4:30–9PM'], ['Thursday', '4:30–9PM']]"
0x8644b5a674707edb:0x6150d308cefb6fdd,Daruma Ramen,"Daruma Ramen, 5301 Airport Blvd #100, Austin, TX 78751",30.314050599999998,-97.7144728,"['Ramen restaurant', 'Japanese restaurant']",4.4,856,$,"[['Friday', '12–9PM'], ['Saturday', '12–9PM'], ['Sunday', '12–8PM'], ['Monday', '12–8PM'], ['Tuesday', '12–8PM'], ['Wednesday', '12–8PM'], ['Thursday', '12–8PM']]"
0x864dd4c1a19a1219:0x8e0f2d41949ab2b8,Sushi Zen Japanese Bistro,"Sushi Zen Japanese Bistro, 2600 E Southlake Blvd, Southlake, TX 76092",32.940202,-97.1123434,"['Japanese restaurant', 'Asian restaurant', 'Sushi restaurant']",4.7,822,$$,"[['Friday', '11AM–2:30PM'], ['Saturday', '11:30AM–10:30PM'], ['Sunday', '11:30AM–9:30PM'], ['Monday', '11AM–2:30PM'], ['Tuesday', '11AM–2:30PM'], ['Wednesday', '11AM–2:30PM'], ['Thursday', '11AM–2:30PM']]"
0x86e74417cacd87f1:0x8e972f017dece510,Koze,"Koze, 2204 Joe Battle Blvd, El Paso, TX 79938",31.772170799999998,-106.2668583,"['Japanese restaurant', 'Bar & grill', 'Health food restaurant', 'Japanese steakhouse', 'Organic restaurant', 'Restaurant', 'Sushi restaurant', 'Teppanyaki restaurant']",4.5,797,$$$,"[['Friday', '11:30AM–2PM'], ['Saturday', '12–10PM'], ['Sunday', '12–9PM'], ['Monday', '11:30AM–2PM'], ['Tuesday', '11:30AM–2PM'], ['Wednesday', '11:30AM–2PM'], ['Thursday', '11:30AM–2PM']]"
0x8665a16effc9e7ff:0x69ef2ecd64d070e3,Lucky Sushi Bar,"Lucky Sushi Bar, 2115 W Trenton Rd, Edinburg, TX 78539",26.2650492,-98.19137169999999,"['Sushi restaurant', 'Chinese restaurant', 'Health food restaurant', 'Japanese restaurant', 'Seafood restaurant', 'Tempura restaurant']",4.3,368,$$,"[['Friday', '11AM–11PM'], ['Saturday', '12–11PM'], ['Sunday', '12–9PM'], ['Monday', '11AM–10PM'], ['Tuesday', '11AM–10PM'], ['Wednesday', '11AM–10PM'], ['Thursday', '11AM–10PM']]"
0x864dd69ed2a44d5b:0x155690e3272c81fd,Cowtown Sushi,"Cowtown Sushi, 2225 W Southlake Blvd #411, Southlake, TX 76092",32.936545699999996,-97.1842667,['Japanese restaurant'],4.4,178,$$,"[['Friday', '11AM–2:30PM'], ['Saturday', '11AM–2:30PM'], ['Sunday', 'Closed'], ['Monday', '11AM–2:30PM'], ['Tuesday', '11AM–2:30PM'], ['Wednesday', '11AM–2:30PM'], ['Thursday', '11AM–2:30PM']]"
0x8640c09ea4f455d5:0x72bdeff8a850619d,Ramen Tatsu-ya,"Ramen Tatsu-ya, 1722 California St, Houston, TX 77006",29.743236999999997,-95.3982801,"['Ramen restaurant', 'Japanese restaurant', 'Noodle shop']",4.4,2167,$$,"[['Friday', '11AM–10PM'], ['Saturday', '11AM–10PM'], ['Sunday', '11AM–10PM'], ['Monday', '11AM–10PM'], ['Tuesday', '11AM–10PM'], ['Wednesday', '11AM–10PM'], ['Thursday', '11AM–10PM']]"
0x865b5408937f351f:0x8f62bb72dcd71f29,Koy Chinese & Sushi Restaurant,"Koy Chinese & Sushi Restaurant, 5695 Kyle Pkwy Suite 800, Kyle, TX 78640",30.012217099999997,-97.8580325,"['Chinese restaurant', 'Asian restaurant', 'Japanese restaurant', 'Sushi restaurant']",4.2,677,$$,"[['Friday', '11AM–9PM'], ['Saturday', '11AM–9PM'], ['Sunday', '11AM–9PM'], ['Monday', '11AM–9PM'], ['Tuesday', '11AM–9PM'], ['Wednesday', '11AM–9PM'], ['Thursday', '11AM–9PM']]"
0x864c1744b3056a6b:0x7b822cf3680ea947,Nosoo Sushi and Hibachi,"Nosoo Sushi and Hibachi, 604 W Bethany Dr, Allen, TX 75013",33.091533399999996,-96.6788902,"['Japanese restaurant', 'Sushi restaurant']",4.2,558,$$,"[['Friday', '11AM–2:30PM'], ['Saturday', '12–10PM'], ['Sunday', '12–9PM'], ['Monday', '11AM–2:30PM'], ['Tuesday', '11AM–2:30PM'], ['Wednesday', '11AM–2:30PM'], ['Thursday', '11AM–2:30PM']]"
0x86474d82eee0fbdd:0xf9cad634f0911d57,Supreme Habachi & Sushi Buffet,"Supreme Habachi & Sushi Buffet, 23741 US-59 #27, Porter, TX 77365",30.1025757,-95.2353286,"['Sushi restaurant', 'Asian restaurant', 'Japanese restaurant']",3.8,1103,$$,"[['Friday', '11AM–9PM'], ['Saturday', '11AM–9PM'], ['Sunday', '11AM–8:30PM'], ['Monday', '11AM–8:30PM'], ['Tuesday', '11AM–8:30PM'], ['Wednesday', '11AM–8:30PM'], ['Thursday', '11AM–8:30PM']]"
0x8640e6cdb2570eb5:0x3c662ed86192a6c0,Aki Steak & Sushi,"Aki Steak & Sushi, #180 510, Hwy 6, Sugar Land, TX 77479",29.6088004,-95.64657129999999,"['Japanese steakhouse', 'Chinese restaurant', 'Japanese restaurant', 'Takeout Restaurant', 'Restaurant', 'Sushi restaurant']",4.6,553,$$,"[['Friday', '11AM–10:30PM'], ['Saturday', '11AM–10:30PM'], ['Sunday', '11AM–9:30PM'], ['Monday', '11AM–9:30PM'], ['Tuesday', '11AM–9:30PM'], ['Wednesday', '11AM–9:30PM'], ['Thursday', '11AM–9:30PM']]"
0x864c2040f23a310f:0xb74fdfc19d4dbdbf,Benihana,"Benihana, 7775 Banner Dr, Dallas, TX 75251",32.9216444,-96.77294719999999,"['Japanese restaurant', 'Asian restaurant', 'Japanese steakhouse', 'Restaurant', 'Steak house', 'Sushi restaurant', 'Teppanyaki restaurant']",4.2,2646,$$$,"[['Friday', '11AM–11PM'], ['Saturday', '11AM–11PM'], ['Sunday', '11AM–10PM'], ['Monday', '11AM–10PM'], ['Tuesday', '11AM–10PM'], ['Wednesday', '11AM–10PM'], ['Thursday', '11AM–10PM']]"
0x86409c891eca6621:0x76125101b0b7eba4,Hibachi Grill & Supreme Buffet,"Hibachi Grill & Supreme Buffet, 155 Bay Area Blvd, Webster, TX 77598",29.547452699999997,-95.1295554,"['Buffet restaurant', 'Chinese takeaway', 'Japanese restaurant', 'Sushi restaurant']",3.4,888,$,"[['Friday', '11AM–10:30PM'], ['Saturday', '11AM–10:30PM'], ['Sunday', '11AM–10PM'], ['Monday', '11AM–10PM'], ['Tuesday', '11AM–10PM'], ['Wednesday', '11AM–10PM'], ['Thursday', '11AM–10PM']]"
0x865c62020bb12b43:0x6b395284dec65df,Sushi Zushi,"Sushi Zushi, 18720 Stone Oak Pkwy #154, San Antonio, TX 78258",29.6098476,-98.49061449999999,"['Sushi restaurant', 'Asian restaurant', 'Authentic Japanese restaurant', 'Japanese restaurant']",4.2,1108,$$,"[['Thursday', '11AM–10PM'], ['Friday', '11AM–11PM'], ['Saturday', '11:30AM–11PM'], ['Sunday', '11:30AM–10PM'], ['Monday', '11AM–10PM'], ['Tuesday', '11AM–10PM'], ['Wednesday', '11AM–10PM']]"
0x8644b53ff1dbf7ad:0x8871efea57fa50f4,Sushi Zushi,"Sushi Zushi, 1611 W 5th St, Austin, TX 78703",30.2739251,-97.7644631,"['Sushi restaurant', 'Asian restaurant', 'Authentic Japanese restaurant', 'Japanese restaurant']",4.0,574,$$,"[['Thursday', '11AM–10PM'], ['Friday', '11AM–11PM'], ['Saturday', '11:30AM–11PM'], ['Sunday', '11:30AM–10PM'], ['Monday', '11AM–10PM'], ['Tuesday', '11AM–10PM'], ['Wednesday', '11AM–10PM']]"
0x8661210ac11cfd5f:0x26d9c9a0fb774e03,Sushi Madre,"Sushi Madre, 401 W Saunders St, Laredo, TX 78041",27.530208299999998,-99.49904169999999,"['Asian fusion restaurant', 'Asian restaurant', 'Japanese restaurant', 'Sushi restaurant']",4.3,472,$$,"[['Thursday', '11AM–9PM'], ['Friday', '11AM–9PM'], ['Saturday', '11AM–9PM'], ['Sunday', '12–9PM'], ['Monday', '11AM–9PM'], ['Tuesday', '11AM–9PM'], ['Wednesday', '11AM–9PM']]"
0x865c5f54e5af904d:0x199794d4e87a7b71,PHO BO' Express Asian Noodle House & Sushi,"PHO BO' Express Asian Noodle House & Sushi, 124 Broadway, San Antonio, TX 78205",29.427457,-98.48758099999999,"['Asian restaurant', 'Japanese restaurant', 'Restaurant', 'Thai restaurant', 'Vietnamese restaurant']",4.0,218,$$,"[['Thursday', '11AM–8PM'], ['Friday', '11AM–8PM'], ['Saturday', '11AM–8PM'], ['Sunday', 'Closed'], ['Monday', '11AM–8PM'], ['Tuesday', '11AM–8PM'], ['Wednesday', '11AM–8PM']]"
0x8644cbac73ade1b9:0xf4c37cf9392bc2f2,Ichiban,"Ichiban, 7310 Burnet Rd, Austin, TX 78757",30.3492198,-97.7358735,"['Authentic Japanese restaurant', 'Syokudo and Teishoku restaurant', 'Japanese restaurant', 'Sushi restaurant']",4.6,658,$$,"[['Thursday', '11AM–2PM'], ['Friday', '11AM–2PM'], ['Saturday', '11AM–2PM'], ['Sunday', '4–10PM'], ['Monday', '11AM–2PM'], ['Tuesday', 'Closed'], ['Wednesday', '11AM–2PM']]"
0x865c60b228b77f99:0x7b071591b95fbaf5,Fujiya Japanese Garden,"Fujiya Japanese Garden, 9030 Wurzbach Rd, San Antonio, TX 78240",29.525875,-98.56650599999999,"['Japanese restaurant', 'Bar', 'Sushi restaurant']",4.4,1008,$$,"[['Thursday', '11AM–2:30PM'], ['Friday', '11AM–2:30PM'], ['Saturday', '12–11PM'], ['Sunday', '12–9:30PM'], ['Monday', '11AM–2:30PM'], ['Tuesday', '11AM–2:30PM'], ['Wednesday', '11AM–2:30PM']]"
0x8640bf6ec7ca13b3:0x44adbf79b7580c3,JINYA Ramen Bar - Houston Mid Town,"JINYA Ramen Bar - Houston Mid Town, 3201 Louisiana St, Houston, TX 77002",29.7427238,-95.3798001,"['Ramen restaurant', 'Asian restaurant', 'Japanese restaurant']",4.6,3997,$$,"[['Thursday', '11AM–11PM'], ['Friday', '11AM–1AM'], ['Saturday', '11AM–1AM'], ['Sunday', '11AM–11PM'], ['Monday', '11AM–11PM'], ['Tuesday', '11AM–11PM'], ['Wednesday', '11AM–11PM']]"
0x8640c05ee0dfa543:0x2da6609bcef7b01a,Azuma Sushi and Robata Bar,"Azuma Sushi and Robata Bar, 5600 Kirby Dr, Houston, TX 77005",29.7216615,-95.41885169999999,['Japanese restaurant'],4.3,386,$$,"[['Thursday', '11:30AM–2:30PM'], ['Friday', '11:30AM–2:30PM'], ['Saturday', '12–11PM'], ['Sunday', '12–10PM'], ['Monday', '11:30AM–2:30PM'], ['Tuesday', '11:30AM–2:30PM'], ['Wednesday', '11:30AM–2:30PM']]"
0x8640d56b7112afa7:0x3a6f39ec4d5ae381,JINYA Ramen Bar - Cypress,"JINYA Ramen Bar - Cypress, 11930 Barker Cypress Rd Suite 100, Cypress, TX 77433",29.949230099999998,-95.6744643,"['Restaurant', 'Asian restaurant', 'Japanese restaurant', 'Ramen restaurant']",4.6,463,$$,"[['Thursday', '11AM–10PM'], ['Friday', '11AM–11PM'], ['Saturday', '11AM–11PM'], ['Sunday', '11AM–10PM'], ['Monday', '11AM–10PM'], ['Tuesday', '11AM–10PM'], ['Wednesday', '11AM–10PM']]"
0x8640d43c97dcf00d:0x72d3eb0f76978884,Edojin Sushi Restaurant,"Edojin Sushi Restaurant, 12344 Barker Cypress Rd #210, Cypress, TX 77429",29.9574549,-95.6712629,"['Sushi restaurant', 'Asian restaurant', 'Japanese restaurant']",4.6,398,$$,"[['Thursday', '12–8PM'], ['Friday', '12–9PM'], ['Saturday', '12–8PM'], ['Sunday', 'Closed'], ['Monday', '12–8PM'], ['Tuesday', '12–8PM'], ['Wednesday', '12–8PM']]"
0x86453f8811c10451:0xd61e3f9fda11dc56,Nami Belton,"Nami Belton, 109 W Ave O, Belton, TX 76513",31.045257999999997,-97.46974519999999,"['Japanese restaurant', 'Asian restaurant', 'Japanese steakhouse', 'Seafood restaurant', 'Sushi restaurant']",4.1,512,$$,"[['Thursday', '11AM–2:30PM'], ['Friday', '11AM–2:30PM'], ['Saturday', '4–10PM'], ['Sunday', 'Closed'], ['Monday', '11AM–2:30PM'], ['Tuesday', '11AM–2:30PM'], ['Wednesday', '11AM–2:30PM']]"
0x866f96bc44a49009:0x8281daaf66e66f7b,Kumori Sushi & Teppanyaki - Brownsville,"Kumori Sushi & Teppanyaki - Brownsville, 3340 Pablo Kisel Blvd Suite #101, Brownsville, TX 78526",25.9656181,-97.5039444,"['Japanese restaurant', 'Sushi restaurant', 'Teppanyaki restaurant']",4.2,776,$$,"[['Thursday', '12–10PM'], ['Friday', '12–10PM'], ['Saturday', '12–10PM'], ['Sunday', '12–10PM'], ['Monday', '12–10PM'], ['Tuesday', '12–10PM'], ['Wednesday', '12–10PM']]"
0x864dd7f343f58e3f:0x6c0b61423fa8c72b,Hashi Japanese Kitchen,"Hashi Japanese Kitchen, 8004 Denton Hwy, Watauga, TX 76148",32.8896876,-97.2589689,"['Japanese restaurant', 'Authentic Japanese restaurant', 'Japanese curry restaurant', 'Japanese steakhouse', 'Takeout Restaurant', 'Sushi restaurant', 'Sushi takeaway']",4.4,336,$,"[['Thursday', '11AM–9PM'], ['Friday', '11AM–10PM'], ['Saturday', '11AM–10PM'], ['Sunday', '11AM–9PM'], ['Monday', '11AM–9PM'], ['Tuesday', '11AM–9PM'], ['Wednesday', '11AM–9PM']]"
0x864dd88dba34e237:0x2cd83a378623e4c0,Hanabi Hibachi and Sushi,"Hanabi Hibachi and Sushi, 9100 N Fwy #120, Fort Worth, TX 76177",32.9036386,-97.31564759999999,"['Sushi restaurant', 'Asian restaurant', 'Bar', 'Japanese restaurant', 'Japanese steakhouse']",4.4,916,$$,"[['Thursday', '10:30AM–2:30PM'], ['Friday', '10:30AM–2:30PM'], ['Saturday', '11:30AM–2:30PM'], ['Sunday', '11:30AM–2:30PM'], ['Monday', '10:30AM–2:30PM'], ['Tuesday', '10:30AM–2:30PM'], ['Wednesday', '10:30AM–2:30PM']]"
0x864c1f24505bc10b:0xaa121fc150083936,Yoshi Shabu Shabu,"Yoshi Shabu Shabu, 1801 N Greenville Ave #400, Richardson, TX 75081",32.9738122,-96.71379909999999,"['Shabu-shabu restaurant', 'Fondue restaurant', 'Japanese delicatessen', 'Japanese restaurant', 'Japanese steakhouse', 'Ramen restaurant', 'Sukiyaki and Shabu Shabu restaurant']",4.6,892,$$,"[['Thursday', '11:30AM–9:30PM'], ['Friday', '11:30AM–10:30PM'], ['Saturday', '11:30AM–10:30PM'], ['Sunday', '11:30AM–9:30PM'], ['Monday', '11:30AM–9:30PM'], ['Tuesday', '11:30AM–9:30PM'], ['Wednesday', '11:30AM–9:30PM']]"
0x864127cc2f6483d7:0x6c6317b11de9f5be,Sushi Sakura,"Sushi Sakura, 24711 Katy Fwy Ste 500, Katy, TX 77494",29.7844685,-95.79857899999999,"['Conveyor belt sushi restaurant', 'Hawaiian restaurant', 'Japanese restaurant', 'Sushi restaurant']",4.5,446,,"[['Thursday', '11AM–9PM'], ['Friday', '11AM–9:30PM'], ['Saturday', '11AM–9:30PM'], ['Sunday', '11AM–9PM'], ['Monday', '11AM–9PM'], ['Tuesday', '11AM–9PM'], ['Wednesday', '11AM–9PM']]"
0x8641269a2eb48c7f:0xa9d424fb4123fbea,Fuji Sushi,"Fuji Sushi, 2001 Katy Mills Blvd suite g, Katy, TX 77494",29.783611999999998,-95.805984,"['Japanese restaurant', 'Sushi restaurant']",4.5,188,,"[['Thursday', '11AM–10PM'], ['Friday', '11AM–10:30PM'], ['Saturday', '11AM–10:30PM'], ['Sunday', '11:30AM–9:30PM'], ['Monday', 'Closed'], ['Tuesday', '11AM–10PM'], ['Wednesday', '11AM–10PM']]"
0x8644d271bf11c24d:0xcc80d5b38d60f620,Sushi Ocean,"Sushi Ocean, 16238 Ranch Rd 620 N A, Austin, TX 78717",30.4931065,-97.726889,"['Sushi restaurant', 'Japanese restaurant']",4.6,198,$$,"[['Wednesday', '11AM–8PM'], ['Thursday', '11AM–8PM'], ['Friday', '11AM–9PM'], ['Saturday', '11AM–9PM'], ['Sunday', 'Closed'], ['Monday', '11AM–8PM'], ['Tuesday', '11AM–8PM']]"
0x8640c4aa513b1f8d:0xe8b40aaaa8847443,Izakaya-Wa,"Izakaya-Wa, 12665 Memorial Dr, Houston, TX 77024",29.7674639,-95.5588361,"['Izakaya restaurant', 'Japanese restaurant']",4.5,753,$$,"[['Wednesday', '11:30AM–2PM'], ['Thursday', '11:30AM–2PM'], ['Friday', '11:30AM–2PM'], ['Saturday', '11:30AM–2PM'], ['Sunday', '5–9PM'], ['Monday', 'Closed'], ['Tuesday', '11:30AM–2PM']]"
0x8640c2c5a972a097:0xf277ef5d78900c29,Pepper Lunch Houston,"Pepper Lunch Houston, 9393 Bellaire Blvd ste c, Houston, TX 77036",29.704561599999998,-95.5495224,"['Japanese restaurant', 'Asian fusion restaurant', 'Japanese steakhouse', 'Teppanyaki restaurant']",4.3,148,,"[['Wednesday', '11AM–10PM'], ['Thursday', '11AM–10PM'], ['Friday', '11AM–11PM'], ['Saturday', '11AM–11PM'], ['Sunday', '11AM–10PM'], ['Monday', '11AM–10PM'], ['Tuesday', '11AM–10PM']]"
0x864c294d36c163ff:0x2f571e2681c6cb41,Zena Sushi Restaurant,"Zena Sushi Restaurant, 171 N Denton Tap Rd #100, Coppell, TX 75019",32.972837999999996,-96.994267,"['Sushi restaurant', 'Asian restaurant', 'Japanese restaurant', 'Restaurant']",4.5,294,$$,"[['Wednesday', '11AM–10PM'], ['Thursday', '11AM–10PM'], ['Friday', '11AM–10PM'], ['Saturday', '12–10PM'], ['Sunday', '10AM–10PM'], ['Monday', '11AM–10PM'], ['Tuesday', '11AM–10PM']]"
0x864c3cb04b7715ef:0xef5b454fb9d4fd96,Benihana,"Benihana, 5840 Legacy Cir, Plano, TX 75024",33.0805132,-96.8224468,"['Seafood restaurant', 'Asian restaurant', 'Japanese restaurant', 'Japanese steakhouse', 'Restaurant', 'Steak house', 'Sushi restaurant', 'Teppanyaki restaurant']",4.2,1415,$$$,"[['Wednesday', '11AM–10PM'], ['Thursday', '11AM–10PM'], ['Friday', '11AM–11PM'], ['Saturday', '11AM–11PM'], ['Sunday', '11AM–10PM'], ['Monday', '11AM–10PM'], ['Tuesday', '11AM–10PM']]"
0x864c27e6222e45d9:0x79c38020044115be,Higuma Ramen & Izakaya,"Higuma Ramen & Izakaya, 4135 Belt Line Rd #100, Addison, TX 75001",32.954882,-96.84137799999999,"['Japanese restaurant', 'Asian restaurant', 'Ramen restaurant']",4.8,128,,"[['Wednesday', '11AM–10PM'], ['Thursday', '11AM–10PM'], ['Friday', '11AM–10PM'], ['Saturday', '11AM–10PM'], ['Sunday', '11AM–10PM'], ['Monday', '11AM–10PM'], ['Tuesday', '11AM–10PM']]"
0x864dd1015a0ed0cb:0x36be567645819365,Here Asian Sushi & Bar Roanoke,"Here Asian Sushi & Bar Roanoke, 860 TX-114 #600, Roanoke, TX 76262",33.000121299999996,-97.2174229,"['Asian fusion restaurant', 'Asian restaurant', 'Bar', 'Japanese restaurant', 'Seafood restaurant']",4.2,374,$$,"[['Wednesday', '11AM–2:45PM'], ['Thursday', '11AM–2:45PM'], ['Friday', '11AM–2:45PM'], ['Saturday', '11:30AM–10:15PM'], ['Sunday', '11:30AM–9:30PM'], ['Monday', '11AM–2:45PM'], ['Tuesday', '11AM–2:45PM']]"
0x864dd0fa50609fe3:0x2a15f8cde1ade358,Foster's,"Foster's, 311 S Oak St Ste 100, Roanoke, TX 76262",32.9959951,-97.2309252,['Japanese restaurant'],4.3,336,$$,"[['Wednesday', '11AM–10PM'], ['Thursday', '11AM–10PM'], ['Friday', '11AM–11PM'], ['Saturday', '11AM–11PM'], ['Sunday', '11AM–10PM'], ['Monday', '11AM–10PM'], ['Tuesday', '11AM–10PM']]"
0x864eeece705e2ded:0xfdd751ea180ca9ab,Osuba,"Texas, Waxahachie, N Hwy 77, Osuba邮政编码: 75165",32.410562,-96.84158099999999,"['Sushi restaurant', 'Japanese restaurant']",4.5,786,$$,"[['Wednesday', '11AM–3PM'], ['Thursday', '11AM–3PM'], ['Friday', '11AM–3PM'], ['Saturday', '11AM–11PM'], ['Sunday', '11AM–10PM'], ['Monday', '11AM–3PM'], ['Tuesday', '11AM–3PM']]"
0x8640c41bfefbf02d:0x9fa16c87240627e1,Sushi Sakura,"Sushi Sakura, 1014 Wirt Rd #263, Houston, TX 77055",29.785066299999997,-95.4831336,"['Conveyor belt sushi restaurant', 'Japanese restaurant', 'Sushi restaurant']",4.4,703,$,"[['Wednesday', '11AM–9PM'], ['Thursday', '11AM–9PM'], ['Friday', '11AM–9:30PM'], ['Saturday', '11AM–9:30PM'], ['Sunday', '12–9PM'], ['Monday', '11AM–9PM'], ['Tuesday', '11AM–9PM']]"
0x8640cde0d409b645:0xc44b3588c164abd4,Akihana,"Akihana, 17395 Tomball Pkwy, Houston, TX 77064",29.955209399999998,-95.5431923,"['Japanese restaurant', 'Restaurant', 'Sushi restaurant', 'Teppanyaki restaurant']",4.2,288,$$,"[['Wednesday', '11AM–2:30PM'], ['Thursday', '11AM–2:30PM'], ['Friday', '11AM–2:30PM'], ['Saturday', '11:30AM–3PM'], ['Sunday', '11:30AM–3PM'], ['Monday', '11AM–2:30PM'], ['Tuesday', '11AM–2:30PM']]"
0x8640dd322b707c19:0x48b59c8750a2eeb8,Sushi Miyagi,"Sushi Miyagi, 10600 Bellaire Blvd, Houston, TX 77072",29.7048599,-95.5671394,"['Sushi restaurant', 'Asian restaurant', 'Japanese restaurant', 'Seafood restaurant']",4.8,327,$$,"[['Wednesday', '12–6PM'], ['Thursday', '12–6PM'], ['Friday', '12–6PM'], ['Saturday', '12–3PM'], ['Sunday', 'Closed'], ['Monday', 'Closed'], ['Tuesday', '12–6PM']]"
0x8640c30984f52db9:0xd10a23274fd1a64e,Sasaki Japanese Restaurant,"Sasaki Japanese Restaurant, 8979 Westheimer Rd, Houston, TX 77063",29.736995699999998,-95.5219868,"['Japanese restaurant', 'Asian restaurant', 'Seafood restaurant', 'Sushi restaurant']",4.3,208,$$,"[['Wednesday', '11:30AM–2PM'], ['Thursday', '11:30AM–2PM'], ['Friday', '11:30AM–2PM'], ['Saturday', '6–10PM'], ['Sunday', 'Closed'], ['Monday', '11:30AM–2PM'], ['Tuesday', '11:30AM–2PM']]"
0x865c89f805dbcbf5:0x485157250e98af7,Honmachi Sushi & Teppanyaki Stone Oak Location,"Honmachi Sushi & Teppanyaki Stone Oak Location, 1321 N Loop 1604 E #108, San Antonio, TX 78232",29.6110907,-98.4734647,"['Japanese restaurant', 'Asian restaurant', 'Japanese steakhouse', 'Restaurant', 'Seafood restaurant', 'Steak house', 'Sushi restaurant']",4.4,688,$$,"[['Wednesday', '11:30AM–9:15PM'], ['Thursday', '11:30AM–9:15PM'], ['Friday', '11:30AM–10PM'], ['Saturday', '12–10PM'], ['Sunday', '12–9PM'], ['Monday', '11:30AM–9:15PM'], ['Tuesday', '11:30AM–9:15PM']]"
0x864c221125c9677d:0xeaa7e52e6490fa00,Sayaka Hibachi And Sushi Bar,"Sayaka Hibachi And Sushi Bar, 3801 W President George Bush Hwy, Plano, TX 75075",33.000155899999996,-96.7649374,"['Japanese restaurant', 'Bar', 'Japanese steakhouse', 'Sushi restaurant', 'Teppanyaki restaurant']",4.1,125,,"[['Wednesday', '11AM–9PM'], ['Thursday', '11AM–9PM'], ['Friday', '11AM–9PM'], ['Saturday', '11AM–9PM'], ['Sunday', '11AM–9PM'], ['Monday', '11AM–9PM'], ['Tuesday', '11AM–9PM']]"
0x864684799974a45b:0x8ecd1fe62ef8a0b5,Naked Fish Sushi & Grill,"Naked Fish Sushi & Grill, 1808 Texas Ave S #200, College Station, TX 77840",30.613943,-96.3181524,"['Sushi restaurant', 'Grill', 'Asian restaurant', 'Japanese restaurant', 'Seafood restaurant']",4.3,384,$$,"[['Wednesday', '11AM–10PM'], ['Thursday', '11AM–11PM'], ['Friday', '11AM–11PM'], ['Saturday', '11AM–11PM'], ['Sunday', '11AM–10PM'], ['Monday', '11AM–10PM'], ['Tuesday', '11AM–10PM']]"
0x86409cfc5ba111af:0xdeda24345e3ff5fd,Ichibon Seafood & Steakhouse,"Ichibon Seafood & Steakhouse, 18206 Egret Bay Blvd, Houston, TX 77058",29.543962099999998,-95.1050089,['Japanese steakhouse'],4.3,1050,$$,"[['Wednesday', '11AM–10PM'], ['Thursday', '11AM–10PM'], ['Friday', '11AM–10PM'], ['Saturday', '11:30AM–10PM'], ['Sunday', '11:30AM–10PM'], ['Monday', '11AM–10PM'], ['Tuesday', '11AM–10PM']]"
0x865b4b9802860a71:0x6a588763267d4640,Yanagi,"Yanagi, 4404 W William Cannon Dr, Austin, TX 78749",30.2239467,-97.8394778,"['Japanese restaurant', 'Asian restaurant', 'Restaurant', 'Sushi restaurant']",4.5,528,$$,"[['Wednesday', '11AM–2:30PM'], ['Thursday', '11AM–2:30PM'], ['Friday', '11AM–2:30PM'], ['Saturday', '12AM–10PM'], ['Sunday', '12–9:30PM'], ['Monday', '11AM–2:30PM'], ['Tuesday', '11AM–2:30PM']]"
0x8644ca2392db4d13:0x2f5077b3da53ab8c,Sushi Japon & Hibachi Grill,"Sushi Japon & Hibachi Grill, 6801 N Interstate Hwy 35, Austin, TX 78752",30.3288069,-97.7048532,"['Japanese restaurant', 'Japanese steakhouse', 'Sushi restaurant', 'Teppanyaki restaurant']",4.2,768,$$,"[['Wednesday', '11AM–2:30PM'], ['Thursday', '11AM–2:30PM'], ['Friday', '11AM–2:30PM'], ['Saturday', '12–11PM'], ['Sunday', '1–10PM'], ['Monday', '5–10PM'], ['Tuesday', '11AM–2:30PM']]"
0x8647075cebf37b2f:0x38d847e0d75f4f9f,Shogun Japanese Grill and Sushi Bar,"Shogun Japanese Grill and Sushi Bar, 139 I-45, Huntsville, TX 77320",30.720286899999998,-95.572599,['Japanese restaurant'],4.4,268,$$,"[['Wednesday', '11AM–10PM'], ['Thursday', '11AM–10PM'], ['Friday', '11AM–11PM'], ['Saturday', '11AM–11PM'], ['Sunday', '11AM–10PM'], ['Monday', '11AM–10PM'], ['Tuesday', '11AM–10PM']]"
0x86409ad2ffa8dd73:0xff0cb8c07c5c6fed,China Han Restaurant,"China Han Restaurant, 307 W Parkwood Ave, Friendswood, TX 77546",29.506639399999997,-95.1893386,"['Asian restaurant', 'Asian fusion restaurant', 'Chinese restaurant', 'Chinese takeaway', 'Delivery Chinese restaurant', 'Japanese restaurant', 'Delivery Restaurant', 'Takeout Restaurant', 'Sushi restaurant']",4.3,228,$$,"[['Wednesday', '11AM–9PM'], ['Thursday', '11AM–9PM'], ['Friday', '11AM–9PM'], ['Saturday', '11AM–9PM'], ['Sunday', '11AM–9PM'], ['Monday', 'Closed'], ['Tuesday', '11AM–9PM']]"
0x86474d93593854df:0x861c8cbc848cbf14,Shogun,"Shogun, 21968 Market Pl Dr, New Caney, TX 77357",30.1330641,-95.2352003,"['Japanese restaurant', 'Restaurant', 'Sushi restaurant']",4.3,568,$$,"[['Wednesday', '11:15AM–9:30PM'], ['Thursday', '11:15AM–9:30PM'], ['Friday', '11:15AM–10:30PM'], ['Saturday', '11:15AM–10:30PM'], ['Sunday', '11:15AM–9:30PM'], ['Monday', '11:15AM–9:30PM'], ['Tuesday', '11:15AM–9:30PM']]"
0x864752ba15cc2471:0x7025877f3304b9fd,Akashi,"Akashi, 2271 Northpark Dr, Kingwood, TX 77339",30.069641299999997,-95.21191499999999,"['Asian fusion restaurant', 'Asian restaurant', 'Japanese restaurant', 'Sushi restaurant']",4.4,598,$$,"[['Wednesday', '11AM–9:30PM'], ['Thursday', '11AM–9:30PM'], ['Friday', '11AM–9:30PM'], ['Saturday', '11AM–9:30PM'], ['Sunday', '11AM–9:30PM'], ['Monday', '11AM–9:30PM'], ['Tuesday', '11AM–9:30PM']]"
0x8640b1bf45fd174f:0x7d02b02cd1ba2e6a,Rising Sun Sushi and Fusion Restaurant,"Rising Sun Sushi and Fusion Restaurant, 9506 N Sam Houston Pkwy E, Humble, TX 77396",29.9323618,-95.249248,"['Sushi restaurant', 'Asian fusion restaurant', 'Asian restaurant', 'Bar & grill', 'Family restaurant', 'Japanese restaurant', 'Restaurant', 'Seafood restaurant']",4.4,968,$$,"[['Wednesday', '11AM–10PM'], ['Thursday', '11AM–10PM'], ['Friday', '11AM–11PM'], ['Saturday', '12–11PM'], ['Sunday', '11AM–9PM'], ['Monday', '11AM–10PM'], ['Tuesday', '11AM–10PM']]"
0x8647331bb5751e1f:0x59f1f87c306e393,Shogun,"Shogun, 5941 Farm to Market 2920, Spring, TX 77388",30.073363999999998,-95.51195009999999,['Japanese restaurant'],4.0,517,$$,"[['Wednesday', '11:15AM–10PM'], ['Thursday', '11:15AM–10PM'], ['Friday', '11:15AM–10:30PM'], ['Saturday', '11:15AM–10:30PM'], ['Sunday', '11:15AM–9:30PM'], ['Monday', '11:15AM–10PM'], ['Tuesday', '11:15AM–10PM']]"
0x86404394d6bc083f:0xfe6c711b3688763e,Sake To Me Sushi Bar and Grill,"Sake To Me Sushi Bar and Grill, 100 TX-332, Lake Jackson, TX 77566",29.052025999999998,-95.4597,"['Sushi restaurant', 'Japanese restaurant']",4.2,248,$$,"[['Wednesday', '11AM–10PM'], ['Thursday', '11AM–10PM'], ['Friday', '11AM–10PM'], ['Saturday', '11AM–10PM'], ['Sunday', '11AM–9PM'], ['Monday', '11AM–10PM'], ['Tuesday', '11AM–10PM']]"
0x863887665e68ece3:0x3270271639aeac52,Sakura,"Sakura, 1285 W Church St, Livingston, TX 77351",30.7093971,-94.9485405,['Japanese restaurant'],4.6,287,$$,"[['Wednesday', '11AM–9PM'], ['Thursday', '11AM–9PM'], ['Friday', '11AM–9PM'], ['Saturday', '11AM–9PM'], ['Sunday', '11AM–9PM'], ['Monday', '11AM–9PM'], ['Tuesday', '11AM–9PM']]"
0x86383d823bdab72f:0x7eb5606addb6f660,Sake Cafe,"Sake Cafe, 1905 Tulane Dr #103A, Lufkin, TX 75901",31.3102113,-94.72125109999999,"['Sushi restaurant', 'Asian restaurant', 'Cafe', 'Japanese restaurant']",4.5,376,$$,"[['Wednesday', '11AM–10PM'], ['Thursday', '11AM–10PM'], ['Friday', '11AM–10PM'], ['Saturday', '11AM–10PM'], ['Sunday', 'Closed'], ['Monday', '11AM–10PM'], ['Tuesday', '11AM–10PM']]"
0x864120226e4c3411:0xa9fbf789460345d5,Shogun Japanese Grill & Sushi Bar,"Shogun Japanese Grill & Sushi Bar, 7417 W Grand Pkwy S Suite #100, Richmond, TX 77407",29.6696535,-95.74812589999999,"['Teppanyaki restaurant', 'Bar', 'Bar & grill', 'Cocktail bar', 'Japanese restaurant', 'Japanese steakhouse', 'Noodle shop', 'Seafood restaurant', 'Sushi restaurant', 'Wine bar']",4.7,905,$$,"[['Wednesday', '11:15AM–10PM'], ['Thursday', '11:15AM–10PM'], ['Friday', '11:15AM–11PM'], ['Saturday', '11:15AM–11PM'], ['Sunday', '11:15AM–9:30PM'], ['Monday', '11:15AM–10PM'], ['Tuesday', '11:15AM–10PM']]"
0x86409f2ea1f6cbc3:0xaa64ffb9723e42f0,Little Tokyo,"Little Tokyo, 6737 Fairmont Pkwy, Pasadena, TX 77505",29.6508333,-95.13666669999999,"['Japanese restaurant', 'Asian restaurant', 'Sushi restaurant']",4.2,904,$$,"[['Wednesday', '11AM–9:30PM'], ['Thursday', '11AM–9:30PM'], ['Friday', '11AM–10PM'], ['Saturday', '12–10PM'], ['Sunday', 'Closed'], ['Monday', '11AM–9:30PM'], ['Tuesday', '11AM–9:30PM']]"
0x8640c74bdc19376b:0xa716a3489683174c,Samurai Noodle - Heights,"Samurai Noodle - Heights, 1801 Durham Dr #2, Houston, TX 77007",29.7765283,-95.4110915,"['Ramen restaurant', 'Japanese restaurant', 'Restaurant']",4.4,943,$$,"[['Wednesday', '11:30AM–8PM'], ['Thursday', '11:30AM–8PM'], ['Friday', '11:30AM–9:30PM'], ['Saturday', '12–9:30PM'], ['Sunday', '12–9:30PM'], ['Monday', '11:30AM–9PM'], ['Tuesday', '11:30AM–9PM']]"
0x8640c4dec7e47b95:0x1e28c889ef088b6,Dadami,"Dadami, 1927 Gessner Rd, Houston, TX 77080",29.807063799999998,-95.5456581,"['Korean restaurant', 'Asian fusion restaurant', 'Japanese restaurant']",4.2,73,,"[['Wednesday', '11AM–11PM'], ['Thursday', '11AM–11PM'], ['Friday', '11AM–11PM'], ['Saturday', '11AM–11PM'], ['Sunday', 'Closed'], ['Monday', '11AM–11PM'], ['Tuesday', '11AM–11PM']]"
0x8640c9ee2ed822f1:0x8c9281fa09a9d616,Ichibon,"Ichibon, 12120 Greenspoint Dr, Houston, TX 77060",29.9438744,-95.4062816,"['Japanese restaurant', 'Asian restaurant', 'Restaurant', 'Sushi restaurant']",3.9,368,$$,"[['Wednesday', '11AM–8:30PM'], ['Thursday', '11AM–8:30PM'], ['Friday', '11AM–10PM'], ['Saturday', '5–10PM'], ['Sunday', 'Closed'], ['Monday', '11AM–8:30PM'], ['Tuesday', '11AM–8:30PM']]"
0x8640e6743e1715e5:0x77ef09bafe451cfe,Keeper's,"Keeper's, 4654 Hwy 6, Sugar Land, TX 77478",29.5798965,-95.5842823,"['Japanese restaurant', 'Asian restaurant', 'Bar', 'Authentic Japanese restaurant', 'Restaurant', 'Seafood restaurant', 'Sushi restaurant']",4.5,1118,$$,"[['Tuesday', '11:30AM–10:30PM'], ['Wednesday', '11:30AM–10:30PM'], ['Thursday', '11:30AM–10:30PM'], ['Friday', '11:30AM–11:30PM'], ['Saturday', '11:30AM–11:30PM'], ['Sunday', '11:30AM–10PM'], ['Monday', '11:30AM–10:30PM']]"
0x8640b3a87ad92c55:0x284ab544e0d8c298,HB Japanese Steak House &Sushi,"HB Japanese Steak House &Sushi, 9556 W FM 1960 Rd, Humble, TX 77338",30.0041914,-95.2794768,"['Japanese restaurant', 'Asian restaurant', 'Japanese steakhouse', 'Sushi restaurant']",4.2,668,$$,"[['Tuesday', '11:30AM–2:30PM'], ['Wednesday', '11:30AM–2:30PM'], ['Thursday', '11:30AM–2:30PM'], ['Friday', '11:30AM–2:30PM'], ['Saturday', '11:30AM–10PM'], ['Sunday', '11:30AM–10PM'], ['Monday', '11:30AM–2:30PM']]"
0x8641277203d9b203:0xa8ce903b5c9b1d27,Kura Revolving Sushi Bar,"Kura Revolving Sushi Bar, 23330 Grand Cir Blvd Suite 120, Katy, TX 77449",29.7891943,-95.77319709999999,"['Conveyor belt sushi restaurant', 'Asian restaurant', 'Japanese restaurant', 'Sushi restaurant']",4.5,358,$$,"[['Tuesday', '11:30AM–9:30PM'], ['Wednesday', '11:30AM–9:30PM'], ['Thursday', '11:30AM–9:30PM'], ['Friday', '11AM–10:30PM'], ['Saturday', '11AM–10:30PM'], ['Sunday', '11AM–9:30PM'], ['Monday', '11:30AM–9:30PM']]"
0x864c282bc42c85e9:0xbe868076a4224f3d,The Blue Fish Las Colinas,"The Blue Fish Las Colinas, 320 West Boulevard #110, Irving, TX 75039",32.8845451,-96.9636716,"['Japanese restaurant', 'Asian restaurant', 'Bar & grill', 'Lounge', 'Seafood restaurant', 'Sushi restaurant']",4.4,1058,$$,"[['Tuesday', '11AM–2PM'], ['Wednesday', '11AM–2PM'], ['Thursday', '11AM–2PM'], ['Friday', '11AM–2PM'], ['Saturday', '12–10PM'], ['Sunday', '12–10PM'], ['Monday', '11AM–2PM']]"
0x864e9f6cc2e9c473:0x4d5e7c4fef27b99b,POKE SUSHI ROLL,"POKE SUSHI ROLL, 5706 E Mockingbird Ln #110, Dallas, TX 75206",32.8359762,-96.7698482,['Japanese restaurant'],4.9,195,$,"[['Tuesday', 'Closed'], ['Wednesday', '4–9PM'], ['Thursday', '4–9PM'], ['Friday', '4–9PM'], ['Saturday', '4–9PM'], ['Sunday', '4–9PM'], ['Monday', '4–9PM']]"
0x864eaa130022efeb:0x470a93402057756,Kyoto Japanese Steak House Rockwall,"Kyoto Japanese Steak House Rockwall, 1599 Laguna Dr, Rockwall, TX 75087",32.8973222,-96.4742639,"['Japanese steakhouse', 'Japanese restaurant', 'Kyoto style Japanese restaurant', 'Sushi restaurant']",4.4,793,$$,"[['Tuesday', '11AM–2:30PM'], ['Wednesday', '11AM–2:30PM'], ['Thursday', '11AM–2:30PM'], ['Friday', '11AM–2:30PM'], ['Saturday', '12–10:30PM'], ['Sunday', '12–9:30PM'], ['Monday', '11AM–2:30PM']]"
0x864e9f0150ae793b:0x643c905cff6f2fc6,Sushi Kyoto,"Sushi Kyoto, 6429 Hillcrest Ave, Dallas, TX 75205",32.8447757,-96.78749049999999,"['Sushi restaurant', 'Asian restaurant', 'Japanese restaurant']",4.3,127,$$,"[['Tuesday', '11AM–10PM'], ['Wednesday', '11AM–10PM'], ['Thursday', '5–10PM'], ['Friday', '11AM–11PM'], ['Saturday', '5–11PM'], ['Sunday', '5–10PM'], ['Monday', '11AM–10PM']]"
0x864c628e2978e007:0xca5107842eead6c5,Tokyo Hibachi & Sushi,"Tokyo Hibachi & Sushi, 2916 US-75 #300, Sherman, TX 75090",33.668595599999996,-96.611902,"['Japanese restaurant', 'Sushi restaurant']",4.1,492,$$,"[['Tuesday', '4–9:30PM'], ['Wednesday', '4–9:30PM'], ['Thursday', '4–9:30PM'], ['Friday', '11:30AM–2PM'], ['Saturday', '11:30AM–2PM'], ['Sunday', '11:30AM–2PM'], ['Monday', '4–9:30PM']]"
0x864c8574c7c6f517:0xf63aca863d03a6cd,"Doshirock Sushi, Teriyaki & Wok","Doshirock Sushi, Teriyaki & Wok, 1525 W Morton St #1746, Denison, TX 75020",33.7604828,-96.5577234,"['Japanese restaurant', 'Asian restaurant', 'Korean restaurant', 'Sushi restaurant', 'Wok restaurant']",4.2,208,$$,"[['Tuesday', '4–9PM'], ['Wednesday', '4–9PM'], ['Thursday', '4–9PM'], ['Friday', '11AM–5PM'], ['Saturday', 'Closed'], ['Sunday', 'Closed'], ['Monday', '4–9PM']]"
0x864c213a40b6da09:0xcbabd28db207ec1b,Kobe Steaks Japanese Restaurant,"Kobe Steaks Japanese Restaurant, 5000 Belt Line Rd Ste 600, Dallas, TX 75254",32.9534058,-96.8239421,"['Japanese restaurant', 'Asian fusion restaurant', 'Asian restaurant', 'Bar & grill', 'Family restaurant', 'Japanese steakhouse', 'Teppanyaki restaurant']",4.4,538,$$,"[['Tuesday', '5–10:30PM'], ['Wednesday', '5–10:30PM'], ['Thursday', '5–10:30PM'], ['Friday', '5–11:30PM'], ['Saturday', '4:30–11:30PM'], ['Sunday', '1–9PM'], ['Monday', '5–10:30PM']]"
0x864c213c2029b9fd:0x5230da204cac6434,Sushi Axiom Addison,"Sushi Axiom Addison, 5225 Belt Line Rd #240, Dallas, TX 75254",32.9545595,-96.81769709999999,"['Sushi restaurant', 'Bar', 'Japanese restaurant', 'Ramen restaurant']",4.3,658,$$,"[['Tuesday', '3–9PM'], ['Wednesday', '3–9PM'], ['Thursday', '3–9PM'], ['Friday', '11AM–10PM'], ['Saturday', '12–10PM'], ['Sunday', '12–10PM'], ['Monday', '3–9PM']]"
0x864c20da63b9bf03:0xcf14b3f0ab8da842,Hibashi,"Hibashi, 13465 Inwood Rd #100, Dallas, TX 75244",32.9296072,-96.82226709999999,"['Teppanyaki restaurant', 'Asian restaurant', 'Japanese restaurant', 'Japanese steakhouse', 'Sushi restaurant']",3.8,473,$$,"[['Tuesday', '11AM–3PM'], ['Wednesday', '11AM–3PM'], ['Thursday', '11AM–3PM'], ['Friday', '11AM–11PM'], ['Saturday', '12–10PM'], ['Sunday', '12–10PM'], ['Monday', '11AM–3PM']]"
0x8649cc873f7be5b5:0x6312019c27fd2027,Shogun Sushi & Hibachi Grill,"Shogun Sushi & Hibachi Grill, 5515 S Broadway Ave, Tyler, TX 75703",32.288736,-95.3039604,"['Japanese restaurant', 'Asian restaurant', 'Bar & grill', 'Sushi restaurant']",4.6,638,$$$,"[['Tuesday', '4–10PM'], ['Wednesday', '4–10PM'], ['Thursday', '4–10PM'], ['Friday', '4–11PM'], ['Saturday', '11AM–11PM'], ['Sunday', '11AM–9PM'], ['Monday', '4–10PM']]"
0x8661274ac5860941:0xc7bb3c9d6145cb31,Posh Sushi & Grill,"Posh Sushi & Grill, 2715 E Del Mar Blvd, Laredo, TX 78041",27.579679199999998,-99.45616539999999,"['Sushi restaurant', 'Asian restaurant', 'Japanese restaurant']",4.4,306,$$,"[['Monday', '11AM–10PM'], ['Tuesday', '11AM–10PM'], ['Wednesday', '11AM–10PM'], ['Thursday', '11AM–10PM'], ['Friday', '11AM–10PM'], ['Saturday', '12–10PM'], ['Sunday', '12–10PM']]"
0x864f840fc3ff31ef:0xb7c97a2ac19af942,Mama Fu's Asian House,"Mama Fu's Asian House, 1230 N Valley Mills Dr #100, Waco, TX 76710",31.5301674,-97.1902758,"['Asian restaurant', 'Asian fusion restaurant', 'Japanese restaurant', 'Restaurant', 'Vegan restaurant', 'Vegetarian restaurant', 'Vietnamese restaurant']",3.7,254,$$,"[['Monday', '11AM–9PM'], ['Tuesday', '11AM–9PM'], ['Wednesday', '11AM–9PM'], ['Thursday', '11AM–9PM'], ['Friday', '11AM–10PM'], ['Saturday', '11AM–10PM'], ['Sunday', '11AM–9PM']]"
0x8665a854e9ce4499:0x72a32a89b0b4e7c9,KATO SUSHI,"KATO SUSHI, 3701 W Expy 83 suite 200, McAllen, TX 78503",26.194024199999998,-98.2643097,"['Sushi restaurant', 'Japanese restaurant']",4.0,148,,"[['Monday', '11AM–10PM'], ['Tuesday', '11AM–10PM'], ['Wednesday', '11AM–10PM'], ['Thursday', '11AM–10PM'], ['Friday', '11AM–10PM'], ['Saturday', '11AM–10PM'], ['Sunday', '11AM–10PM']]"
0x8640c158e9b61e0d:0x1d470fcd4115d7a9,Sumo Hibachi & Sushi Bar,"Sumo Hibachi & Sushi Bar, 3239 Southwest Fwy, Houston, TX 77027",29.7287836,-95.4304916,"['Japanese restaurant', 'Sushi restaurant', 'Teppanyaki restaurant']",4.4,53,,"[['Monday', '11AM–2:30PM'], ['Tuesday', '11AM–2:30PM'], ['Wednesday', '11AM–2:30PM'], ['Thursday', '11AM–2:30PM'], ['Friday', '11AM–2:30PM'], ['Saturday', '11:30AM–11PM'], ['Sunday', '12–10PM']]"
0x865b33d75715d097:0xd241b92386997047,Ebisu Japanese Restaurant,"Ebisu Japanese Restaurant, 13376 US-183 #400, Austin, TX 78750",30.4448488,-97.7888809,"['Sushi restaurant', 'Japanese restaurant', 'Restaurant', 'Sushi takeaway']",4.7,408,,"[['Monday', '11AM–2:30PM'], ['Tuesday', '11AM–2:30PM'], ['Wednesday', '11AM–2:30PM'], ['Thursday', '11AM–2:30PM'], ['Friday', '11AM–2:30PM'], ['Saturday', '11AM–2:30PM'], ['Sunday', '11AM–9PM']]"
0x864dd5911fc32e01:0x90c1e7af26fbd745,"Tokyo Samurai Hibachi, Sushi","Tokyo Samurai Hibachi, Sushi, 5645 Colleyville Blvd #100, Colleyville, TX 76034",32.891007,-97.146366,"['Sushi restaurant', 'Asian restaurant', 'Bar', 'Japanese restaurant']",4.2,218,$$,"[['Monday', '11AM–2:30PM'], ['Tuesday', '11AM–2:30PM'], ['Wednesday', '11AM–2:30PM'], ['Thursday', '11AM–2:30PM'], ['Friday', '11AM–2:30PM'], ['Saturday', '12–10:30PM'], ['Sunday', '12–9:30PM']]"
0x864c2ee23ce806d5:0xe467e0c86653d9e8,Jinbeh Japanese Restaurant Lewisville,"Jinbeh Japanese Restaurant Lewisville, 2440 S Stemmons Fwy #A, Lewisville, TX 75067",33.005100399999996,-96.96514959999999,['Japanese restaurant'],4.6,513,$$,"[['Monday', '11AM–2PM'], ['Tuesday', '11AM–2PM'], ['Wednesday', '11AM–2PM'], ['Thursday', '11AM–2PM'], ['Friday', '11AM–2PM'], ['Saturday', '11:30AM–2:30PM'], ['Sunday', '11:30AM–2:30PM']]"
0x864c2d9401344e35:0xb22b0b726e2ce2b3,Sapporo sushi,"Sapporo sushi, 1565 W Main St #225, Lewisville, TX 75067",33.042835,-97.03330199999999,"['Japanese restaurant', 'Sushi restaurant']",4.9,15,,"[['Monday', '11AM–3PM'], ['Tuesday', '11AM–3PM'], ['Wednesday', '11AM–3PM'], ['Thursday', '11AM–3PM'], ['Friday', '11AM–3PM'], ['Saturday', '11AM–3PM'], ['Sunday', 'Closed']]"
0x8644cb7e1d0a1c87:0xc304e14b37884d42,Drunk Fish,"Drunk Fish, 10000 Research Blvd #139, Austin, TX 78759",30.390982299999997,-97.7485442,"['Japanese restaurant', 'Sushi restaurant']",3.9,68,$$,"[['Monday', '11AM–3PM'], ['Tuesday', '11AM–3PM'], ['Wednesday', '11AM–3PM'], ['Thursday', '11AM–3PM'], ['Friday', '11AM–3PM'], ['Saturday', '12–3PM'], ['Sunday', 'Closed']]"
0x865b32a38ee07391:0xc0f650d37a765c98,Soto Japanese Restaurant & Sushi Bar,"Soto Japanese Restaurant & Sushi Bar, 11066 Pecan Park Blvd Ste 402, Cedar Park, TX 78613",30.470227599999998,-97.80104469999999,"['Japanese restaurant', 'Fine dining restaurant', 'Sushi restaurant']",4.7,1290,$$,"[['Monday', '11AM–3PM'], ['Tuesday', '11AM–3PM'], ['Wednesday', '11AM–3PM'], ['Thursday', '11AM–3PM'], ['Friday', '11AM–3PM'], ['Saturday', '11AM–11PM'], ['Sunday', '11AM–9PM']]"
0x8644cc210823226b:0x7faafb7035549a82,O'daku Sushi,"O'daku Sushi, 2501 W Parmer Ln #500, Austin, TX 78727",30.418010199999998,-97.702277,"['Sushi restaurant', 'Japanese restaurant', 'Korean restaurant']",4.5,438,$$,"[['Monday', '11AM–2:30PM'], ['Tuesday', '11AM–2:30PM'], ['Wednesday', '11AM–2:30PM'], ['Thursday', '11AM–2:30PM'], ['Friday', '11AM–2:30PM'], ['Saturday', '11:30AM–9PM'], ['Sunday', 'Closed']]"
0x8640c0b33b68e753:0x777c737426e071f0,Miyako,"Miyako, 4601 Washington Ave Ste 150, Houston, TX 77007",29.7702356,-95.4076731,"['Japanese restaurant', 'Asian fusion restaurant', 'Authentic Japanese restaurant', 'Seafood restaurant', 'Sushi restaurant']",4.4,1147,$$,"[['Monday', '11:30AM–11PM'], ['Tuesday', '11:30AM–11PM'], ['Wednesday', '11:30AM–11PM'], ['Thursday', '11:30AM–11PM'], ['Friday', '11:30AM–11PM'], ['Saturday', '12–11PM'], ['Sunday', '12–11PM']]"
0x864c1ee4263f03fb:0x1093bad6c4ffd27a,Zuki Japanese Bistro,"Zuki Japanese Bistro, 1401 E Arapaho Rd, Richardson, TX 75081",32.9608442,-96.6990814,"['Japanese restaurant', 'Asian restaurant', 'Restaurant', 'Sushi restaurant']",4.2,218,$$,"[['Monday', '11:30AM–2:30PM'], ['Tuesday', '11:30AM–2:30PM'], ['Wednesday', '11:30AM–2:30PM'], ['Thursday', '11:30AM–2:30PM'], ['Friday', '11:30AM–2:30PM'], ['Saturday', '11:30AM–2:30PM'], ['Sunday', 'Closed']]"
0x864c1f70c08ae44b:0x5fdd4e4c94ba2311,Masami Japanese Sushi & Cuisine,"Masami Japanese Sushi & Cuisine, 501 W Belt Line Rd #116, Richardson, TX 75080",32.9505,-96.73860599999999,"['Japanese restaurant', 'Sushi restaurant']",4.7,448,$$,"[['Monday', 'Closed'], ['Tuesday', '11AM–2PM'], ['Wednesday', '11AM–2PM'], ['Thursday', '11AM–2PM'], ['Friday', '11AM–2PM'], ['Saturday', '5–10PM'], ['Sunday', '5–10PM']]"
0x864f8250581960cf:0x680d217ffe92093f,Teriyaki Park,"Teriyaki Park, 220 S 2nd St, Waco, TX 76701",31.5581358,-97.1271708,"['Japanese restaurant', 'Restaurant']",4.3,338,$,"[['Monday', '11AM–10PM'], ['Tuesday', '11AM–10PM'], ['Wednesday', '11AM–10PM'], ['Thursday', '11AM–10PM'], ['Friday', '11AM–10PM'], ['Saturday', '11AM–10PM'], ['Sunday', 'Closed']]"
0x864683f6bf7e9095:0xeac4de5066f31481,Atami Steak & Sushi,"Atami Steak & Sushi, 800 University Dr E #200, College Station, TX 77840",30.633827,-96.3259719,"['Japanese steakhouse', 'Asian restaurant', 'Japanese restaurant', 'Seafood restaurant', 'Sushi restaurant']",4.2,676,$$,"[['Monday', '11AM–10PM'], ['Tuesday', '11AM–10PM'], ['Wednesday', '11AM–10PM'], ['Thursday', '11AM–10PM'], ['Friday', '11AM–11PM'], ['Saturday', '12–11PM'], ['Sunday', '12–10PM']]"
0x8640bf1513d8a5ff:0xe0ebc6136e014545,Bonchon Midtown Houston,"Bonchon Midtown Houston, 2100 Travis St STE 110, Houston, TX 77002",29.749229999999997,-95.372536,"['Korean restaurant', 'Asian fusion restaurant', 'Asian restaurant', 'Chicken restaurant', 'Chicken wings restaurant', 'Fried chicken takeaway', 'Japanese restaurant', 'Pan-Asian restaurant']",4.2,77,,"[['Monday', '11AM–10:30PM'], ['Tuesday', '11AM–10:30PM'], ['Wednesday', '11AM–10:30PM'], ['Thursday', '11AM–10:30PM'], ['Friday', '11AM–12AM'], ['Saturday', '11AM–12AM'], ['Sunday', '11AM–10:30PM']]"
0x864c3c64a6142d8d:0x1a4badc3e56e0503,Kotta Sushi Lounge,"Kotta Sushi Lounge, 6959 Lebanon Rd #108, Frisco, TX 75034",33.121793499999995,-96.8250059,"['Sushi restaurant', 'Asian restaurant', 'Japanese restaurant', 'Lounge', 'Restaurant']",4.4,318,$$$,"[['Monday', '11:30AM–9PM'], ['Tuesday', '11:30AM–9PM'], ['Wednesday', '11:30AM–9PM'], ['Thursday', '11:30AM–9PM'], ['Friday', '11:30AM–9PM'], ['Saturday', '11:30AM–9PM'], ['Sunday', '12–9PM']]"
0x864c231f9be784c7:0x20ad6e83d1fb0c22,Kobe Teppan & Sushi,"Kobe Teppan & Sushi, 4021 Preston Rd #618, Plano, TX 75093",33.051946,-96.7955281,"['Asian restaurant', 'Japanese restaurant', 'Sushi restaurant']",4.2,107,$$,"[['Monday', '11AM–2:30PM'], ['Tuesday', '11AM–2:30PM'], ['Wednesday', '11AM–2:30PM'], ['Thursday', '11AM–2:30PM'], ['Friday', '11AM–2:30PM'], ['Saturday', '11AM–2:30PM'], ['Sunday', '11:30AM–9PM']]"
0x864c3cc0a2e05465:0xf781c4b8d4fc484e,Teriyaki Madness,"Teriyaki Madness, 8448 Parkwood Blvd Ste 300, Plano, TX 75024",33.0911216,-96.8132605,"['Asian fusion restaurant', 'Caterer', 'Fast food restaurant', 'Gluten-free restaurant', 'Japanese restaurant', 'Restaurant']",4.1,237,$,"[['Monday', '11AM–9PM'], ['Tuesday', '11AM–9PM'], ['Wednesday', '11AM–9PM'], ['Thursday', '11AM–9PM'], ['Friday', '11AM–9PM'], ['Saturday', '11AM–9PM'], ['Sunday', '11AM–8PM']]"
0x864c225512e776b9:0x60aad1ee61a1adc3,Tomoya Sushi & Hibachi,"Tomoya Sushi & Hibachi, 4757 W Park Blvd #114, Plano, TX 75093",33.0282212,-96.7903036,['Japanese restaurant'],4.3,183,,"[['Monday', '11:30AM–2:30PM'], ['Tuesday', '11:30AM–2:30PM'], ['Wednesday', '11:30AM–2:30PM'], ['Thursday', '11:30AM–2:30PM'], ['Friday', '11:30AM–2:30PM'], ['Saturday', '11:30AM–2:30PM'], ['Sunday', '4:30–9:30PM']]"
0x8640e74633a9140b:0x7471fe9d4da1de02,Gyu-Kaku Japanese BBQ,"Gyu-Kaku Japanese BBQ, 1531 Hwy 6 #130, Sugar Land, TX 77478",29.6013727,-95.6292453,"['Japanese restaurant', 'Asian restaurant', 'Barbecue restaurant', 'Yakiniku restaurant']",4.5,398,$$,"[['Monday', '11AM–9:30PM'], ['Tuesday', '11AM–9:30PM'], ['Wednesday', '11AM–9:30PM'], ['Thursday', '11AM–9:30PM'], ['Friday', '11AM–10:30PM'], ['Saturday', '11AM–10:30PM'], ['Sunday', '11AM–9:30PM']]"
0x870150058737ec5f:0x886370deedda7add,Tokyo Japanese Steakhouse,"Tokyo Japanese Steakhouse, 5807 SW 45th Ave, Amarillo, TX 79109",35.1602452,-101.8995539,"['Authentic Japanese restaurant', 'Bar & grill', 'Health food restaurant', 'Japanese restaurant', 'Japanese steakhouse', 'Takeout Restaurant', 'Restaurant', 'Seafood restaurant', 'Steak house', 'Sushi restaurant']",4.3,758,$$,"[['Monday', '11AM–2:30PM'], ['Tuesday', '11AM–2:30PM'], ['Wednesday', '11AM–2:30PM'], ['Thursday', '11AM–2:30PM'], ['Friday', '11AM–2:30PM'], ['Saturday', '11AM–2:30PM'], ['Sunday', '11AM–2:30PM']]"
0x86411dbfc9f50ac1:0x446befea3c76ec26,Shogun Grill & Sushi Bar,"Shogun Grill & Sushi Bar, 24102 Commercial Dr #102, Rosenberg, TX 77471",29.546462,-95.752254,"['Sushi restaurant', 'Bar & grill', 'Japanese restaurant', 'Japanese steakhouse']",4.1,308,$$,"[['Sunday', '11AM–9:15PM'], ['Monday', '11AM–9:30PM'], ['Tuesday', '11AM–9:30PM'], ['Wednesday', '11AM–9:30PM'], ['Thursday', '11AM–9:30PM'], ['Friday', '11AM–9:30PM'], ['Saturday', '11AM–9:30PM']]"
0x8665a770e4eab4fd:0xa1d83e426f3439bc,Kumori Sushi & Teppanyaki - Palms Crossing,"Kumori Sushi & Teppanyaki - Palms Crossing, 3300 W Expy 83 Suite 145, McAllen, TX 78501",26.197438299999998,-98.2591408,"['Sushi restaurant', 'Japanese restaurant', 'Teppanyaki restaurant']",4.1,295,$$,"[['Sunday', '12–10PM'], ['Monday', '12–10PM'], ['Tuesday', '12–10PM'], ['Wednesday', '12–10PM'], ['Thursday', '12–10PM'], ['Friday', '12–10PM'], ['Saturday', '12–10PM']]"
0x8644ca05597086db:0xf93f65af095639c7,Buffet King,"Buffet King, 5451 N Interstate Hwy 35, Austin, TX 78723",30.315149199999997,-97.7047467,"['Buffet restaurant', 'Asian restaurant', 'Brunch restaurant', 'Childrens party buffet', 'Chinese restaurant', 'Japanese restaurant', 'Mongolian barbecue restaurant', 'Restaurant', 'South Asian restaurant', 'Sushi restaurant']",3.8,1448,$$,"[['Sunday', '11AM–9PM'], ['Monday', '11AM–9:30PM'], ['Tuesday', '11AM–9:30PM'], ['Wednesday', '11AM–9:30PM'], ['Thursday', '11AM–9:30PM'], ['Friday', '11AM–10PM'], ['Saturday', '11AM–10PM']]"
0x864e64b0b024d7bf:0xa5f7b19473f26fa7,Hokkaido Sushi & Steak House,"Hokkaido Sushi & Steak House, 4101 W Green Oaks Blvd, Arlington, TX 76016",32.6819748,-97.19463309999999,['Japanese restaurant'],4.3,518,$$,"[['Sunday', '11AM–9:30PM'], ['Monday', 'Closed'], ['Tuesday', '11AM–9:30PM'], ['Wednesday', '11AM–9:30PM'], ['Thursday', '11AM–9:30PM'], ['Friday', '11AM–9:30PM'], ['Saturday', '11AM–9:30PM']]"
0x865ca86bcc4edfed:0x11dc28731d4f6f4,Toro Ramen and Poke Barn,"Toro Ramen and Poke Barn, 700, 78666 N LBJ Dr Ste 114, San Marcos, TX 78666",29.8918188,-97.93991899999999,['Japanese restaurant'],4.4,405,,"[['Sunday', '12–3PM'], ['Monday', '11AM–3PM'], ['Tuesday', '11AM–3PM'], ['Wednesday', '11AM–3PM'], ['Thursday', '11AM–3PM'], ['Friday', '11AM–3PM'], ['Saturday', '11AM–3PM']]"
0x8640bf7dcb0ceb79:0x3b70dbf2dbe6ed83,Nippon Japanese Restaurant,"Nippon Japanese Restaurant, 4464 Montrose Blvd, Houston, TX 77006",29.732725,-95.391374,"['Japanese restaurant', 'Asian restaurant', 'Restaurant', 'Sushi restaurant']",4.5,888,$$,"[['Sunday', '11:30AM–9PM'], ['Monday', 'Closed'], ['Tuesday', 'Closed'], ['Wednesday', '11:30AM–2PM'], ['Thursday', '11:30AM–2PM'], ['Friday', '11:30AM–2PM'], ['Saturday', '11:30AM–9PM']]"
0x8640c10910f628ab:0x7d665bb5a0119534,Politan Row Houston,"Politan Row Houston, 2445 Times Blvd, Houston, TX 77005",29.7165464,-95.4165379,"['Restaurant', 'Barbecue restaurant', 'Caribbean restaurant', 'Cocktail bar', 'Coffee shop', 'Indian restaurant', 'Japanese restaurant', 'Mexican restaurant', 'Southeast Asian restaurant', 'Vegan restaurant']",4.4,157,,"[['Sunday', '11AM–4PM'], ['Monday', 'Closed'], ['Tuesday', 'Closed'], ['Wednesday', '11AM–9PM'], ['Thursday', '11AM–9PM'], ['Friday', '11AM–10PM'], ['Saturday', '11AM–10PM']]"
0x8640c0677f3df9a3:0x593e9c6dd60315e3,Pokeology,"Pokeology, 2313 Edwards St Ste. 180, Houston, TX 77007",29.770256,-95.381524,"['Seafood restaurant', 'Asian restaurant', 'Hawaiian restaurant', 'Japanese restaurant', 'Sushi restaurant']",4.3,136,$,"[['Sunday', '11AM–8PM'], ['Monday', '11AM–9PM'], ['Tuesday', '11AM–9PM'], ['Wednesday', '11AM–9PM'], ['Thursday', '11AM–9PM'], ['Friday', '11AM–9PM'], ['Saturday', '11AM–9PM']]"
0x86412a88e7dd5b11:0x37c372f20905e2ca,Yoko Japanese Kitchen,"Yoko Japanese Kitchen, 28404 US-290 g11, Cypress, TX 77433",29.991761699999998,-95.74360779999999,['Japanese restaurant'],4.2,348,$$,"[['Sunday', '11AM–9:30PM'], ['Monday', '11AM–9:30PM'], ['Tuesday', '11AM–9:30PM'], ['Wednesday', '11AM–9:30PM'], ['Thursday', '11AM–9:30PM'], ['Friday', '10:30AM–10:30PM'], ['Saturday', '10:30AM–10:30PM']]"
0x864c01c1769bc7e1:0x729df74628c3ed81,Sushi Box,"Sushi Box, 886 W Rusk St, Rockwall, TX 75087",32.9311435,-96.4690517,"['Sushi restaurant', 'Japanese restaurant', 'Delivery Restaurant']",4.6,305,$$,"[['Sunday', '12–9PM'], ['Monday', 'Closed'], ['Tuesday', '11AM–3PM'], ['Wednesday', '11AM–3PM'], ['Thursday', '11AM–3PM'], ['Friday', '11AM–9:30PM'], ['Saturday', '11AM–9:30PM']]"
0x864c282e1c21d099:0xdb1e5c1b0d7427d2,Little Katana Las Colinas,"Little Katana Las Colinas, 6420 N MacArthur Blvd #140, Irving, TX 75039",32.8963973,-96.9577142,"['Sushi restaurant', 'Japanese restaurant', 'Restaurant']",4.5,638,$$,"[['Sunday', '5–10PM'], ['Monday', '11AM–10PM'], ['Tuesday', '11AM–10PM'], ['Wednesday', '11AM–10PM'], ['Thursday', '11AM–10PM'], ['Friday', '11AM–11PM'], ['Saturday', '5–10PM']]"
0x864c288162bdc045:0x372f466c6e1540be,Tokyo Teriyaki,"Tokyo Teriyaki, 1630 Valwood Pkwy #110, Carrollton, TX 75006",32.9376233,-96.9245821,['Japanese restaurant'],4.6,328,$,"[['Sunday', 'Closed'], ['Monday', '10:30AM–2:30PM'], ['Tuesday', '10:30AM–2:30PM'], ['Wednesday', '10:30AM–2:30PM'], ['Thursday', '10:30AM–2:30PM'], ['Friday', '10:30AM–2:30PM'], ['Saturday', 'Closed']]"
0x864c3c84f598bcfd:0xff1bb22f530b2474,Sushi Marquee,"Sushi Marquee, 3625 The Star Blvd, Frisco, TX 75034",33.108306,-96.8282851,"['Sushi restaurant', 'Asian restaurant', 'Bar', 'Japanese restaurant', 'Seafood restaurant']",4.3,732,$$,"[['Sunday', '11AM–2AM'], ['Monday', '11AM–2AM'], ['Tuesday', '11AM–2AM'], ['Wednesday', '11AM–2AM'], ['Thursday', '11AM–2AM'], ['Friday', '11AM–2AM'], ['Saturday', '11AM–2AM']]"
0x864e9f1188e30405:0x3941a1c4be34e25d,AGU Ramen - Mockingbird,"AGU Ramen - Mockingbird, 5331 E Mockingbird Ln suite 125, Dallas, TX 75206",32.837272399999996,-96.77633929999999,"['Ramen restaurant', 'Japanese restaurant']",4.5,323,$$,"[['Sunday', '11AM–3PM'], ['Monday', '11AM–9PM'], ['Tuesday', '11AM–9PM'], ['Wednesday', '11AM–9PM'], ['Thursday', '11AM–9PM'], ['Friday', '11AM–10PM'], ['Saturday', '11AM–3PM']]"
0x864c238281159e21:0x522bbc8f2134c23b,Phở Apple,"Phở Apple, 5930 W Park Blvd #400, Plano, TX 75093",33.026985599999996,-96.8267676,"['Vietnamese restaurant', 'Japanese restaurant', 'Noodle shop']",4.4,348,$,"[['Sunday', '10:30AM–9:30PM'], ['Monday', '10:30AM–9:30PM'], ['Tuesday', '10:30AM–9:30PM'], ['Wednesday', '10:30AM–9:30PM'], ['Thursday', '10:30AM–9:30PM'], ['Friday', '10:30AM–9:30PM'], ['Saturday', '10:30AM–9:30PM']]"
0x86e744ebb93668e5:0x69b001740fe62821,Riyoma Japanese Restaurant,"Riyoma Japanese Restaurant, 2000 Lee Trevino Dr, El Paso, TX 79936",31.770943,-106.3188084,"['Japanese restaurant', 'Asian restaurant', 'Restaurant', 'Sushi restaurant']",4.5,298,$$,"[['Sunday', 'Closed'], ['Monday', '11:30AM–2:30PM'], ['Tuesday', '11:30AM–2:30PM'], ['Wednesday', '11:30AM–2:30PM'], ['Thursday', '11:30AM–2:30PM'], ['Friday', '11:30AM–2:30PM'], ['Saturday', '11:30AM–2:30PM']]"
0x8640c3b28e78f2b1:0x146281d9c799967c,Shabu²,"Shabu², 5840 W Sam Houston Pkwy S #140, Houston, TX 77072",29.7157107,-95.55832819999999,"['Shabu-shabu restaurant', 'Hot pot restaurant', 'Japanese restaurant', 'Sukiyaki and Shabu Shabu restaurant']",4.7,98,,"[['Sunday', '12–9PM'], ['Monday', 'Closed'], ['Tuesday', '12–9PM'], ['Wednesday', '12–9PM'], ['Thursday', '12–9PM'], ['Friday', '12–9PM'], ['Saturday', '12–9PM']]"
0x865321c5996ce7a9:0xf6de5a84ec67205f,Wasabi Japanese Steakhouse,"Wasabi Japanese Steakhouse, 3916 Call Field Rd #100, Wichita Falls, TX 76308",33.8721353,-98.5443243,"['Japanese restaurant', 'Restaurant']",4.2,698,$$,"[['Saturday', '11AM–2:30PM'], ['Sunday', '12–9:30PM'], ['Monday', '11AM–2:30PM'], ['Tuesday', '11AM–2:30PM'], ['Wednesday', '11AM–2:30PM'], ['Thursday', '11AM–2:30PM'], ['Friday', '11AM–2:30PM']]"
0x864e992e746fed8f:0xd6eae57bf78dd96f,Gui Sushi Korean Japanese Bistro and Bar,"Gui Sushi Korean Japanese Bistro and Bar, 2719 McKinney Ave, Dallas, TX 75204",32.7984444,-96.8013806,"['Sushi restaurant', 'Japanese restaurant', 'Korean restaurant']",4.0,218,$$,"[['Saturday', '5PM–3AM'], ['Sunday', '5–11PM'], ['Monday', 'Closed'], ['Tuesday', '11AM–2PM'], ['Wednesday', '11AM–2PM'], ['Thursday', '11AM–2PM'], ['Friday', '11AM–2PM']]"
0x865c5d06b2654ba5:0x44e8ae5d9c492d95,Sarku Japan,"Sarku Japan, 6301 Northwest Loop 410 Space #VC-3, San Antonio, TX 78238",29.469079599999997,-98.6217616,"['Japanese restaurant', 'Fast food restaurant', 'Restaurant', 'Sushi restaurant', 'Teppanyaki restaurant']",4.4,577,$,"[['Saturday', '10AM–9PM'], ['Sunday', '12–6PM'], ['Monday', '11AM–8PM'], ['Tuesday', '11AM–8PM'], ['Wednesday', '11AM–8PM'], ['Thursday', '11AM–8PM'], ['Friday', '10AM–9PM']]"
0x864e020a85f02a03:0x8a7fcbb1fbf19883,Tokyo Seafood & Steakhouse,"Tokyo Seafood & Steakhouse, 126 Interstate 20 #100, Weatherford, TX 76086",32.7287715,-97.7856415,"['Japanese steakhouse', 'Asian restaurant', 'Japanese restaurant', 'Restaurant', 'Seafood restaurant', 'Steak house', 'Sushi restaurant']",4.1,507,$$,"[['Saturday', '11AM–2:30PM'], ['Sunday', '11AM–2:30PM'], ['Monday', '11AM–2:30PM'], ['Tuesday', '11AM–2:30PM'], ['Wednesday', '11AM–2:30PM'], ['Thursday', '11AM–2:30PM'], ['Friday', '11AM–2:30PM']]"
0x86483cf1ecdf3b11:0xbf623fe6f599230c,Yamato Japanese sushi&steakhouse,"Yamato Japanese sushi&steakhouse, 1800 S Jackson St, Jacksonville, TX 75766",31.9439279,-95.25712829999999,['Japanese steakhouse'],4.4,264,,"[['Saturday', '11AM–10PM'], ['Sunday', '11AM–9PM'], ['Monday', 'Closed'], ['Tuesday', '11AM–9PM'], ['Wednesday', '11AM–9PM'], ['Thursday', '11AM–9PM'], ['Friday', '11AM–10PM']]"
0x864121988c34a541:0xdd24f975b9ece225,Yuki,"Yuki, 9115 Farm to Market Rd 723 #500, Richmond, TX 77406",29.694070399999998,-95.8138692,"['Authentic Japanese restaurant', 'Bar', 'Japanese restaurant', 'Seafood restaurant', 'Sushi restaurant']",4.7,105,,"[['Saturday', '11AM–10PM'], ['Sunday', '11:30AM–9:30PM'], ['Monday', '11AM–9:30PM'], ['Tuesday', '11AM–9:30PM'], ['Wednesday', '11AM–9:30PM'], ['Thursday', '11AM–9:30PM'], ['Friday', '11AM–10PM']]"
0x8640e17ea3c300e5:0x58148677d9d3882,JINYA Ramen Bar - Sugar Land,"JINYA Ramen Bar - Sugar Land, 13509 University Blvd Suite A291, Sugar Land, TX 77479",29.584297799999998,-95.6472788,"['Ramen restaurant', 'Asian restaurant', 'Japanese restaurant']",4.4,82,,"[['Saturday', '11AM–11PM'], ['Sunday', '11AM–10PM'], ['Monday', '11AM–10PM'], ['Tuesday', '11AM–10PM'], ['Wednesday', '11AM–10PM'], ['Thursday', '11AM–10PM'], ['Friday', '11AM–11PM']]"
0x8640e117f1e1594d:0x13f9aadb75f35c0e,U'Maki Sushi Burrito,"U'Maki Sushi Burrito, 13582 University Blvd Suite 200, Sugar Land, TX 77479",29.5835922,-95.6485872,"['Asian fusion restaurant', 'Japanese restaurant', 'Sushi restaurant']",4.3,128,,"[['Saturday', '11AM–9PM'], ['Sunday', '11AM–9PM'], ['Monday', '11AM–9PM'], ['Tuesday', '11AM–9PM'], ['Wednesday', '11AM–9PM'], ['Thursday', '11AM–9PM'], ['Friday', '11AM–9PM']]"
0x864c240dfcd388dd:0xf57f66b0d0b959d0,Fujiyama,"Fujiyama, 18217 Midway Rd Suite #108, Dallas, TX 75287",32.9986014,-96.84512509999999,"['Japanese restaurant', 'Asian restaurant', 'Sushi restaurant']",4.7,567,$$,"[['Saturday', '5–11PM'], ['Sunday', '5–10PM'], ['Monday', '11AM–2:30PM'], ['Tuesday', '11AM–2:30PM'], ['Wednesday', '11AM–2:30PM'], ['Thursday', '11AM–2:30PM'], ['Friday', '11AM–2:30PM']]"
0x8644cf7df8bef691:0xe44e95ef38705fbe,Iron Fish Sushi & Grill,"Iron Fish Sushi & Grill, 900 E Pecan St Ste 800, Pflugerville, TX 78660",30.4372081,-97.6106209,"['Sushi restaurant', 'Japanese restaurant', 'Restaurant']",4.7,628,$$,"[['Saturday', '11:30AM–2PM'], ['Sunday', '12–9PM'], ['Monday', 'Closed'], ['Tuesday', '11:30AM–2PM'], ['Wednesday', '11:30AM–2PM'], ['Thursday', '11:30AM–2PM'], ['Friday', '11:30AM–2PM']]"
0x864082faefec5201:0x4b223795a5317d91,Aiya Sushi & Ramen,"Aiya Sushi & Ramen, 2860 Gulf Fwy S A, League City, TX 77573",29.470223299999997,-95.09127219999999,['Japanese restaurant'],4.4,357,$$,"[['Saturday', '11AM–9:30PM'], ['Sunday', '12–9PM'], ['Monday', '11AM–9PM'], ['Tuesday', '11AM–9PM'], ['Wednesday', '11AM–9PM'], ['Thursday', '11AM–9PM'], ['Friday', '11AM–9:30PM']]"
0x864e98ddc06d8be3:0x592da47c4385476f,Deep Sushi,"Deep Sushi, 2624 Elm St, Dallas, TX 75226",32.7840972,-96.78555279999999,"['Sushi restaurant', 'Asian restaurant', 'Authentic Japanese restaurant', 'Japanese restaurant', 'Lunch restaurant', 'Takeout Restaurant', 'Sushi takeaway']",4.4,1078,$$,"[['Saturday', '5PM–12AM'], ['Sunday', '5–10PM'], ['Monday', '11AM–10PM'], ['Tuesday', '11AM–10PM'], ['Wednesday', '11AM–10PM'], ['Thursday', '11AM–11PM'], ['Friday', '11AM–12AM']]"
0x864e9f6e4ebefa85:0x67f84a6440ded16f,Sushi Axiom,"Sushi Axiom, 3211 Oak Lawn Ave C, Dallas, TX 75219",32.8103237,-96.8082333,"['Japanese restaurant', 'Asian fusion restaurant', 'Asian restaurant', 'Bar', 'Ramen restaurant', 'Sushi restaurant']",4.3,575,,"[['Saturday', '12–10PM'], ['Sunday', '12–10PM'], ['Monday', '3–9PM'], ['Tuesday', '3–9PM'], ['Wednesday', '3–9PM'], ['Thursday', '3–9PM'], ['Friday', '11AM–10PM']]"
0x864c23ce8d6e5191:0xec6cf2cb72f02956,C Rolls Sushi,"C Rolls Sushi, 18101 Preston Rd #300, Dallas, TX 75252",32.9986563,-96.799129,"['Sushi restaurant', 'Asian restaurant', 'Japanese restaurant']",4.8,358,$$,"[['Saturday', '11AM–9:30PM'], ['Sunday', '11:30AM–9:30PM'], ['Monday', '11AM–9:30PM'], ['Tuesday', '11AM–9:30PM'], ['Wednesday', '11AM–9:30PM'], ['Thursday', '11AM–9:30PM'], ['Friday', '11AM–9:30PM']]"
0x864c25118fd6094d:0x62eea1ddaa147284,Bonchon Colony,"Bonchon Colony, 4940 TX-121 Suite 135, The Colony, TX 75056",33.068382,-96.880684,"['Asian fusion restaurant', 'Asian restaurant', 'Chicken restaurant', 'Chicken wings restaurant', 'Fried chicken takeaway', 'Japanese restaurant', 'Korean restaurant', 'Pan-Asian restaurant']",4.3,804,$$,"[['Saturday', '11AM–10PM'], ['Sunday', '12–9PM'], ['Monday', '11AM–9PM'], ['Tuesday', '11AM–9PM'], ['Wednesday', '11AM–9PM'], ['Thursday', '11AM–9PM'], ['Friday', '11AM–10PM']]"
0x864c2ef683c87f13:0x5e31beabb1794fd5,Kyoto Hibachi & Sushi,"Kyoto Hibachi & Sushi, Lewisville, TX 75067",33.0155546,-96.9795978,"['Japanese restaurant', 'Japanese steakhouse']",4.1,118,$$,"[['Saturday', '11AM–11PM'], ['Sunday', '12–9:30PM'], ['Monday', '11AM–2:30PM'], ['Tuesday', '11AM–2:30PM'], ['Wednesday', '11AM–2:30PM'], ['Thursday', '11AM–2:30PM'], ['Friday', '11AM–2:30PM']]"
0x86409cfbf965fc51:0x6b8c2874515fc6af,Masa Sushi Japanese Fusion Restaurant,"Masa Sushi Japanese Fusion Restaurant, 977 E NASA Pkwy, Houston, TX 77058",29.5471458,-95.1081356,"['Sushi restaurant', 'Asian fusion restaurant', 'Japanese restaurant']",4.4,618,$$,"[['Saturday', '11AM–10PM'], ['Sunday', '11AM–10PM'], ['Monday', '11AM–10PM'], ['Tuesday', '11AM–10PM'], ['Wednesday', '11AM–10PM'], ['Thursday', '11AM–10PM'], ['Friday', '11AM–10PM']]"
0x8640c2cc5556a0b5:0xdfddf6dc427fd3fd,Great Wall Supermarket,"Great Wall Supermarket, 9889 Bellaire Blvd #B, Houston, TX 77036",29.7029444,-95.5541303,"['Asian grocery store', 'Japanese grocery store', 'Supermarket']",4.1,658,,"[['Saturday', '8AM–10PM'], ['Sunday', '8AM–9PM'], ['Monday', '8AM–9PM'], ['Tuesday', '8AM–9PM'], ['Wednesday', '8AM–9PM'], ['Thursday', '8AM–9PM'], ['Friday', '8AM–10PM']]"
0x864c1f0ff33c9863:0x33761e9adb4a281b,Bulldog Katsu,"Bulldog Katsu, 2010 N Plano Rd #104, Richardson, TX 75082",32.975892,-96.6985531,"['Japanese restaurant', 'Asian fusion restaurant', 'Fast food restaurant', 'Japanese curry restaurant', 'Korean restaurant', 'Takeout Restaurant', 'Sushi restaurant', 'Sushi takeaway', 'Udon noodle restaurant']",4.6,224,$,"[['Friday', '11:30AM–3PM'], ['Saturday', '12:30–9PM'], ['Sunday', 'Closed'], ['Monday', '11:30AM–3PM'], ['Tuesday', '11:30AM–3PM'], ['Wednesday', '11:30AM–3PM'], ['Thursday', '11:30AM–3PM']]"
0x864e9931139ad5ed:0x6d06999fe29736f,Uchi,"Uchi, 2817 Maple Ave, Dallas, TX 75201",32.7967928,-96.80658919999999,"['Japanese restaurant', 'Restaurant']",4.7,1453,$$$,"[['Friday', '4–10:30PM'], ['Saturday', '4–10:30PM'], ['Sunday', '4–9:30PM'], ['Monday', '4–9:30PM'], ['Tuesday', '4–9:30PM'], ['Wednesday', '4–9:30PM'], ['Thursday', '4–9:30PM']]"
0x864e99676a705359:0xa1d5fda48a934648,Sushi Bayashi,"Sushi Bayashi, 3011 Gulden Ln #106, Dallas, TX 75212",32.779371999999995,-96.828987,"['Sushi restaurant', 'Asian restaurant', 'Bar', 'Cocktail bar', 'Japanese restaurant', 'Restaurant', 'Seafood restaurant']",4.3,474,$$,"[['Friday', '11AM–9PM'], ['Saturday', '11AM–9PM'], ['Sunday', '11AM–9PM'], ['Monday', 'Closed'], ['Tuesday', '11AM–9PM'], ['Wednesday', '11AM–9PM'], ['Thursday', '11AM–9PM']]"
0x864e9ec9d3fce043:0x287585171b877f61,Ai Sushi Sake Grill,"Ai Sushi Sake Grill, 4123 Cedar Springs Rd #102, Dallas, TX 75219",32.8118437,-96.8127246,"['Sushi restaurant', 'Bar & grill', 'Japanese restaurant', 'Delivery Restaurant', 'Restaurant']",4.1,278,$$,"[['Friday', '11:30AM–11PM'], ['Saturday', '11:30AM–11PM'], ['Sunday', '11:30AM–11PM'], ['Monday', '11:30AM–11PM'], ['Tuesday', '11:30AM–11PM'], ['Wednesday', '11:30AM–11PM'], ['Thursday', '11:30AM–11PM']]"
0x86454b7ed2cbbdad:0x88a00e1389c8e537,Nami Killeen,"Nami Killeen, 722 S Fort Hood St, Killeen, TX 76541",31.1144444,-97.7438889,"['Japanese restaurant', 'Restaurant']",3.9,718,$$,"[['Friday', '11AM–2:30PM'], ['Saturday', '4–10:30PM'], ['Sunday', 'Closed'], ['Monday', '11AM–2:30PM'], ['Tuesday', '11AM–2:30PM'], ['Wednesday', '11AM–2:30PM'], ['Thursday', '11AM–2:30PM']]"
0x8640c2c33e7e9045:0x3f29579a9852bd53,Hokkaido,"Hokkaido, 9108 Bellaire Blvd STE G, Houston, TX 77036",29.705723499999998,-95.54363889999999,['Japanese restaurant'],4.4,458,$,"[['Friday', '11:30AM–3PM'], ['Saturday', '11:30AM–3PM'], ['Sunday', '11:30AM–3PM'], ['Monday', 'Closed'], ['Tuesday', '11:30AM–3PM'], ['Wednesday', '11:30AM–3PM'], ['Thursday', '11:30AM–3PM']]"
0x8640e694ca7bb275:0xe17a517b570bc78c,Azuma On The Lake,"Azuma On The Lake, 15830 Southwest Fwy, Sugar Land, TX 77478",29.601468699999998,-95.62186349999999,"['Japanese restaurant', 'Restaurant']",4.5,538,$$,"[['Friday', '11AM–9PM'], ['Saturday', '11AM–9PM'], ['Sunday', '11AM–9PM'], ['Monday', '11AM–9PM'], ['Tuesday', '11AM–9PM'], ['Wednesday', '11AM–9PM'], ['Thursday', '11AM–9PM']]"
0x8640c103a0243c4d:0xe861a0c9d43c79aa,Yokushi Robata,"Yokushi Robata, 3837 Richmond Ave, Houston, TX 77027",29.7322448,-95.4397036,"['Authentic Japanese restaurant', 'Izakaya restaurant', 'Japanese restaurant', 'Ramen restaurant', 'Yakitori restaurant']",4.5,378,$$,"[['Friday', '11:30AM–9:30PM'], ['Saturday', '12:30–9:30PM'], ['Sunday', '12:30–9PM'], ['Monday', 'Closed'], ['Tuesday', '11:30AM–9PM'], ['Wednesday', '11:30AM–9PM'], ['Thursday', '11:30AM–9PM']]"
0x8640e15313ede84d:0xe1650d9cec77b71,Kura Revolving Sushi Bar,"Kura Revolving Sushi Bar, 13513 University Blvd Suite B500, Sugar Land, TX 77479",29.5839526,-95.647544,"['Conveyor belt sushi restaurant', 'Japanese restaurant', 'Restaurant', 'Sushi restaurant']",4.2,867,$$,"[['Friday', '11:30AM–9PM'], ['Saturday', '11:30AM–9PM'], ['Sunday', '11:30AM–9PM'], ['Monday', '11:30AM–8:30PM'], ['Tuesday', '11:30AM–8:30PM'], ['Wednesday', '11:30AM–8:30PM'], ['Thursday', '11:30AM–8:30PM']]"
0x865c5f53a43d12a3:0x28bbd8e57600912f,Kimura,"Kimura, 152 E Pecan St # 102, San Antonio, TX 78205",29.4284917,-98.49144629999999,"['Japanese restaurant', 'Ramen restaurant', 'Restaurant']",4.2,1607,$$,"[['Friday', '3PM–12AM'], ['Saturday', '3PM–1AM'], ['Sunday', 'Closed'], ['Monday', '3PM–12AM'], ['Tuesday', '3PM–12AM'], ['Wednesday', '3PM–12AM'], ['Thursday', '3PM–12AM']]"
0x865c6110efc03f69:0x966ad2efcd339ab1,Hero’s Ramen x Sushi,"〒78216 Texas, San Antonio, West Ave, Hero’s Ramen x Sushi",29.565058999999998,-98.48926279999999,"['Japanese restaurant', 'Noodle shop', 'Ramen restaurant', 'Store', 'Sushi restaurant', 'Sushi takeaway']",4.6,318,,"[['Friday', '12–8:45PM'], ['Saturday', '12–8:45PM'], ['Sunday', '12–7:45PM'], ['Monday', '12–7:45PM'], ['Tuesday', '12–7:45PM'], ['Wednesday', '12–7:45PM'], ['Thursday', '12–7:45PM']]"
0x864c228314b2bc0b:0xed3eae4db0ab17c6,Sushi Shack Japanese Sushi Restaurant,"Sushi Shack Japanese Sushi Restaurant, 3291 Independence Pkwy, Plano, TX 75075",33.0403344,-96.75378289999999,"['Sushi restaurant', 'Asian restaurant', 'Japanese restaurant']",3.9,608,$$,"[['Friday', '11AM–10PM'], ['Saturday', '11:30AM–10PM'], ['Sunday', '11:30AM–9PM'], ['Monday', '11AM–9:30PM'], ['Tuesday', '11AM–9:30PM'], ['Wednesday', '11AM–9:30PM'], ['Thursday', '11AM–9:30PM']]"
0x86474d476049b7f3:0xf3504eb5ed601728,Fuji Steak House and sushi,"Fuji Steak House and sushi, 25661 Highway 59 N, Kingwood, TX 77339",30.0712077,-95.2449424,['Japanese restaurant'],4.6,146,,
0x864bf0660fd64311:0x93238727720a30de,Shogun In Greenville,"Shogun In Greenville, 7215 I-30 Frontage Rd West, Greenville, TX 75401",33.0958709,-96.1052704,"['Japanese restaurant', 'Sushi restaurant']",4.3,465,$$,"[['Friday', '11AM–1:45PM'], ['Saturday', '11AM–1:45PM'], ['Sunday', 'Closed'], ['Monday', 'Closed'], ['Tuesday', '11AM–1:45PM'], ['Wednesday', '11AM–1:45PM'], ['Thursday', '11AM–1:45PM']]"
0x88847e29e9ca31b9:0xb7273b264057116b,Tokyo Harbor,"Tokyo Harbor, 724 E US Hwy 80 #100, Forney, TX 75126",32.7444574,-96.45077119999999,['Japanese steakhouse'],4.3,714,$$,"[['Friday', '11AM–3PM'], ['Saturday', '12–10PM'], ['Sunday', '12–9PM'], ['Monday', '11AM–3PM'], ['Tuesday', '11AM–3PM'], ['Wednesday', '11AM–3PM'], ['Thursday', '11AM–3PM']]"
0x8644cbf875f8a7b1:0x7815e1e879a7cab8,Maki Toki,"Maki Toki, 1910 W Braker Ln #300, Austin, TX 78758",30.393083999999998,-97.7069327,"['Sushi restaurant', 'Asian restaurant', 'Japanese restaurant']",4.1,296,$,"[['Friday', '11AM–11PM'], ['Saturday', '4:30–11PM'], ['Sunday', '4–10PM'], ['Monday', '11AM–10PM'], ['Tuesday', '11AM–10PM'], ['Wednesday', '11AM–10PM'], ['Thursday', '11AM–10PM']]"
0x8640cc64218a62a3:0x196d445333a61a96,Matsu Sushi Bar,"Matsu Sushi Bar, 4855 Farm to Market 1960 Rd W, Houston, TX 77069",29.984332,-95.503817,"['Sushi restaurant', 'Asian restaurant', 'Japanese restaurant']",4.5,298,$$,"[['Friday', '12–10:30PM'], ['Saturday', '12–10:30PM'], ['Sunday', '11AM–10PM'], ['Monday', 'Closed'], ['Tuesday', '11AM–10PM'], ['Wednesday', '11AM–10PM'], ['Thursday', '11AM–10PM']]"
0x864c22ca3cdec4fb:0x6da90c682317371b,Sushi Go,"Sushi Go, 6909 Coit Rd #204, Plano, TX 75024",33.0702624,-96.7724807,"['Japanese restaurant', 'Delivery Restaurant', 'Sushi restaurant', 'Sushi takeaway']",4.2,78,,"[['Friday', '11AM–8:45PM'], ['Saturday', '11AM–8:45PM'], ['Sunday', '11AM–8:45PM'], ['Monday', '11AM–8:45PM'], ['Tuesday', '11AM–8:45PM'], ['Wednesday', '11AM–8:45PM'], ['Thursday', '11AM–8:45PM']]"
0x8640db75a644f4b7:0x7f30078a1ef1c5f6,Hibachi Grill & Buffet,"Hibachi Grill & Buffet, 12183 Katy Fwy H, Houston, TX 77079",29.783156199999997,-95.6017351,"['Buffet restaurant', 'Asian restaurant', 'Chinese restaurant', 'Dim sum restaurant', 'Japanese restaurant', 'Restaurant', 'Sushi restaurant']",4.1,4717,$$,"[['Friday', '11AM–10:30PM'], ['Saturday', '11AM–10:30PM'], ['Sunday', '11AM–10PM'], ['Monday', '11AM–10PM'], ['Tuesday', '11AM–10PM'], ['Wednesday', '11AM–10PM'], ['Thursday', '11AM–10PM']]"
0x864c3bda7a5f6b2f:0x55503abb404bd462,Shoji Sushi & Hibachi,"Shoji Sushi & Hibachi, 2575 Main St, Frisco, TX 75034",33.151678,-96.8670154,"['Japanese restaurant', 'Sushi restaurant']",4.3,488,$$,"[['Thursday', '11:15AM–2:30PM'], ['Friday', '11:15AM–2:30PM'], ['Saturday', '11:15AM–2:30PM'], ['Sunday', '11:30AM–9PM'], ['Monday', '11:15AM–2:30PM'], ['Tuesday', '11:15AM–2:30PM'], ['Wednesday', '11:15AM–2:30PM']]"
0x864e9ed00f56e1d3:0x7afc1cb5478044da,Sushi Zushi,"Sushi Zushi, 3636 McKinney Ave, Dallas, TX 75204",32.8073188,-96.79663289999999,"['Sushi restaurant', 'Asian restaurant', 'Authentic Japanese restaurant', 'Japanese restaurant']",4.0,528,$$,"[['Thursday', '11AM–10PM'], ['Friday', '11AM–11PM'], ['Saturday', '11:30AM–11PM'], ['Sunday', '11:30AM–10PM'], ['Monday', '11AM–10PM'], ['Tuesday', '11AM–10PM'], ['Wednesday', '11AM–10PM']]"
0x8640ef0b44771ead:0xba7107d906ff651a,Akashi,"Akashi, 8700 Hwy 6 #100, Missouri City, TX 77459",29.5394017,-95.539827,"['Japanese restaurant', 'Restaurant']",4.3,394,$$,"[['Thursday', '11AM–9PM'], ['Friday', '11AM–9PM'], ['Saturday', '11AM–9PM'], ['Sunday', '11AM–9PM'], ['Monday', '11AM–9PM'], ['Tuesday', '11AM–9PM'], ['Wednesday', '11AM–9PM']]"
0x8649cc842b2eee85:0xef150cafb514e5ef,Wasabi Sushi Bar & Asian Bistro,"Wasabi Sushi Bar & Asian Bistro, 5617 S Donnybrook Ave, Tyler, TX 75703",32.286685999999996,-95.300045,"['Sushi restaurant', 'Asian restaurant', 'Bar', 'Bistro', 'Japanese restaurant', 'Restaurant']",4.5,608,$$,"[['Thursday', '11AM–9:30PM'], ['Friday', '11AM–10:30PM'], ['Saturday', '11AM–10:30PM'], ['Sunday', '11AM–9:30PM'], ['Monday', '11AM–9:30PM'], ['Tuesday', '11AM–9:30PM'], ['Wednesday', '11AM–9:30PM']]"
0x8640dcc5e35b2ef5:0x9dc00b0ec139bb78,Kura Revolving Sushi Bar,"Kura Revolving Sushi Bar, 11161 Westheimer Rd B, Houston, TX 77042",29.7354868,-95.5728163,"['Conveyor belt sushi restaurant', 'Japanese restaurant', 'Restaurant', 'Sushi restaurant']",4.4,1465,$$,"[['Thursday', '11:30AM–9PM'], ['Friday', '11:30AM–9:30PM'], ['Saturday', '11AM–9:30PM'], ['Sunday', '11AM–9PM'], ['Monday', '11:30AM–9PM'], ['Tuesday', '11:30AM–9PM'], ['Wednesday', '11:30AM–9PM']]"
0x8644c569e82fbbf1:0x62288902f33c3952,Shogun Japanese Grill & Sushi bar,"Shogun Japanese Grill & Sushi bar, 18860 Limestone Commercial Dr suite 100, Pflugerville, TX 78660",30.469158099999998,-97.59597439999999,"['Japanese restaurant', 'Bar']",4.0,524,$$,"[['Thursday', '11AM–10PM'], ['Friday', '11AM–10PM'], ['Saturday', '11AM–10PM'], ['Sunday', '11AM–10PM'], ['Monday', '11AM–10PM'], ['Tuesday', '11AM–10PM'], ['Wednesday', '11AM–10PM']]"
0x8657e59e37776e57:0xbd4f63fe70d13080,Bonsai Garden,"Bonsai Garden, 1801 Knickerbocker Rd, San Angelo, TX 76904",31.4289781,-100.4577817,['Japanese restaurant'],4.3,694,$$,"[['Thursday', '11AM–9:30PM'], ['Friday', '11AM–10PM'], ['Saturday', '11AM–10PM'], ['Sunday', '11AM–9PM'], ['Monday', '11AM–9:30PM'], ['Tuesday', '11AM–9:30PM'], ['Wednesday', '11AM–9:30PM']]"
0x86f92250750b75b1:0x7397629b380eacc9,Hibachi Express,"Hibachi Express, 2503 S Gregg St, Big Spring, TX 79720",32.228536,-101.4696706,['Japanese restaurant'],4.4,468,$$,"[['Thursday', '10:30AM–10PM'], ['Friday', '10:30AM–10:30PM'], ['Saturday', '10:30AM–10:30PM'], ['Sunday', '10:30AM–10PM'], ['Monday', '10:30AM–10PM'], ['Tuesday', '10:30AM–10PM'], ['Wednesday', '10:30AM–10PM']]"
0x8657e5b2009e1dd3:0x7195128097c76356,Ichiban Japanese Steak House,"Ichiban Japanese Steak House, 2412 College Hills Blvd, San Angelo, TX 76904",31.435771799999998,-100.4791154,"['Japanese restaurant', 'Japanese steakhouse', 'Sushi restaurant']",4.2,258,$$,"[['Thursday', '4–9PM'], ['Friday', '4–9PM'], ['Saturday', '4–9PM'], ['Sunday', 'Closed'], ['Monday', '4–9PM'], ['Tuesday', '4–9PM'], ['Wednesday', '4–9PM']]"
0x86612057ec965fb1:0xe81b77c7dc9ab5d5,Lin's Grand Buffet,"Lin's Grand Buffet, 6633 San Dario Ave, Laredo, TX 78041",27.5627079,-99.5020828,"['Buffet restaurant', 'Chinese restaurant', 'Japanese restaurant']",4.2,2476,$$,"[['Thursday', '11AM–9PM'], ['Friday', '11AM–9PM'], ['Saturday', '11AM–9PM'], ['Sunday', '11AM–9PM'], ['Monday', '11AM–9PM'], ['Tuesday', '11AM–9PM'], ['Wednesday', '11AM–9PM']]"
0x864c15e037e0c251:0x2a1cc13ef7e5ed7f,Zen Sushi & Grill,"Zen Sushi & Grill, 3751 S Stonebridge Dr #500, McKinney, TX 75070",33.1683617,-96.730093,"['Sushi restaurant', 'Japanese restaurant', 'Japanese steakhouse', 'Restaurant', 'Seafood restaurant', 'Teppanyaki restaurant']",4.6,188,$$,"[['Thursday', '11AM–10PM'], ['Friday', '11AM–10PM'], ['Saturday', '11AM–10PM'], ['Sunday', 'Closed'], ['Monday', 'Closed'], ['Tuesday', '11AM–10PM'], ['Wednesday', '11AM–10PM']]"
0x864e730636aa720b:0x501efc736220eb48,Tokyo Cafe,"Tokyo Cafe, 5121 Pershing Ave, Fort Worth, TX 76107",32.735616,-97.39799699999999,"['Japanese restaurant', 'Sushi restaurant']",4.7,768,$$,"[['Thursday', '11AM–8:30PM'], ['Friday', '11AM–9PM'], ['Saturday', '12–9PM'], ['Sunday', 'Closed'], ['Monday', '11AM–8:30PM'], ['Tuesday', '11AM–8:30PM'], ['Wednesday', '11AM–8:30PM']]"
0x8644b5a8016ba34b:0xe09c6a1dbb9097dc,Piranha Killer Sushi,"Piranha Killer Sushi, 207 San Jacinto Blvd, Austin, TX 78701",30.264166699999997,-97.74138889999999,"['Japanese restaurant', 'Bar', 'Cocktail bar', 'Ramen restaurant', 'Restaurant', 'Sushi restaurant', 'Wine bar']",4.1,468,$$,"[['Thursday', '11AM–11PM'], ['Friday', '11AM–12AM'], ['Saturday', '12PM–12AM'], ['Sunday', '12–10PM'], ['Monday', '11AM–10PM'], ['Tuesday', '11AM–10PM'], ['Wednesday', '11AM–10PM']]"
0x8649cd51827a8f75:0x873eddb17e4ad3c6,MAAK - Tyler,"MAAK - Tyler, 3502 S Broadway Ave #408, Tyler, TX 75701",32.3105159,-95.2998776,"['Sushi restaurant', 'American restaurant', 'Asian fusion restaurant', 'Bubble tea store', 'Hamburger restaurant', 'Japanese restaurant']",4.4,18,,"[['Thursday', '11AM–8PM'], ['Friday', '11AM–9PM'], ['Saturday', '11AM–9PM'], ['Sunday', 'Closed'], ['Monday', '11AM–8PM'], ['Tuesday', '11AM–8PM'], ['Wednesday', '11AM–8PM']]"
0x8665a11d9e030593:0x59d7180199f2cc60,Kumori Sushi & Teppanyaki,"Kumori Sushi & Teppanyaki, 8001 N 10th St Ste 170, McAllen, TX 78504",26.2758802,-98.2179336,['Japanese restaurant'],2.7,18,,
0x8636f7a80d64adf7:0x7f7bd2e2f77ffaa7,Injapan Steak House,"Injapan Steak House, 5011 E End Blvd S, Marshall, TX 75672",32.498683,-94.357883,['Japanese restaurant'],4.4,516,$$,"[['Wednesday', '11AM–2PM'], ['Thursday', '11AM–2PM'], ['Friday', '11AM–2PM'], ['Saturday', '4:30–10PM'], ['Sunday', '12:30–9PM'], ['Monday', '11AM–2PM'], ['Tuesday', '11AM–2PM']]"
0x8649cb97aa17444b:0x7f11e104c3087a80,Yamato,"Yamato, 2210 W SW Loop 323, Tyler, TX 75701",32.302772,-95.3287337,"['Japanese restaurant', 'Asian restaurant', 'Takeout Restaurant', 'Restaurant', 'Steak house', 'Sushi restaurant']",4.5,1298,$$,"[['Wednesday', '11AM–10PM'], ['Thursday', '11AM–10PM'], ['Friday', '11AM–11PM'], ['Saturday', '11AM–11PM'], ['Sunday', '11AM–9PM'], ['Monday', '11AM–10PM'], ['Tuesday', '11AM–10PM']]"
0x864e6919ed55b74d:0xf695bf508429f6e4,Hibachi | Teppanyaki & Sushi,"Hibachi | Teppanyaki & Sushi, 13101 South Fwy, Burleson, TX 76028",32.567965199999996,-97.317961,"['Japanese restaurant', 'Asian restaurant', 'Sushi restaurant']",4.3,1342,$$,"[['Wednesday', '11AM–9:45PM'], ['Thursday', '11AM–9:45PM'], ['Friday', '11AM–10:15PM'], ['Saturday', '11AM–10:15PM'], ['Sunday', '11AM–9:15PM'], ['Monday', '11AM–9:45PM'], ['Tuesday', '11AM–9:45PM']]"
0x864c3cb1ee26a295:0xa9d4932968aad993,RA Sushi Bar Restaurant,"RA Sushi Bar Restaurant, 7501 Lone Star Dr B-130, Plano, TX 75024",33.080003399999995,-96.8231158,"['Sushi restaurant', 'Asian restaurant', 'Bar', 'Japanese restaurant']",4.2,758,$$,"[['Wednesday', '11AM–12AM'], ['Thursday', '11AM–12AM'], ['Friday', '11AM–1AM'], ['Saturday', '11AM–1AM'], ['Sunday', '11AM–12AM'], ['Monday', '11AM–12AM'], ['Tuesday', '11AM–12AM']]"
0x86e75a558664a00b:0x290484dec7a92759,Tokyo House,"Tokyo House, 1160 Airway Blvd, El Paso, TX 79925",31.7826602,-106.39371039999999,"['Grill', 'Japanese restaurant']",3.7,473,$$,"[['Wednesday', '11AM–4PM'], ['Thursday', '11AM–4PM'], ['Friday', '11AM–4PM'], ['Saturday', '11AM–5PM'], ['Sunday', '12–5PM'], ['Monday', '11AM–4PM'], ['Tuesday', '11AM–4PM']]"
0x87014fd72921f5e1:0x430e04b46b5ee798,Lemongrass Sushi & Wok,"Lemongrass Sushi & Wok, 2207 S Western St, Amarillo, TX 79109",35.188774699999996,-101.8832463,"['Vietnamese restaurant', 'Asian restaurant', 'Japanese restaurant']",4.3,328,$$,"[['Wednesday', '11AM–9PM'], ['Thursday', '11AM–9PM'], ['Friday', '11AM–10PM'], ['Saturday', '12–10PM'], ['Sunday', '12–9PM'], ['Monday', 'Closed'], ['Tuesday', '11AM–9PM']]"
0x87014efc2b885c0b:0x67e22c451be6cea7,Rain Premier Sushi Bar & Lounge,"Rain Premier Sushi Bar & Lounge, 817 S Polk St, Amarillo, TX 79101",35.2046986,-101.8374099,"['Sushi restaurant', 'Asian restaurant', 'Japanese restaurant', 'Lounge', 'Restaurant']",4.4,478,$$,"[['Wednesday', '11AM–2PM'], ['Thursday', '11AM–2PM'], ['Friday', '11AM–2PM'], ['Saturday', '4PM–2AM'], ['Sunday', 'Closed'], ['Monday', '11AM–2PM'], ['Tuesday', '11AM–2PM']]"
0x87015044872c1501:0xdeab9399744cea5e,Chop Chop Rice Co.,"Chop Chop Rice Co., 3300 Coulter St #1, Amarillo, TX 79106",35.17816,-101.9207721,"['Japanese restaurant', 'Asian fusion restaurant', 'Delivery Restaurant']",4.6,878,$$,"[['Wednesday', '11AM–10PM'], ['Thursday', '11AM–10PM'], ['Friday', '11AM–10PM'], ['Saturday', '11AM–10PM'], ['Sunday', 'Closed'], ['Monday', '11AM–10PM'], ['Tuesday', '11AM–10PM']]"
0x87014fb679d6a397:0x29150029d2faaf65,Sushi House,"Sushi House, 2630 Wolflin Ave, Amarillo, TX 79109",35.193356099999995,-101.86501179999999,['Japanese restaurant'],4.5,238,$$,"[['Wednesday', '11AM–2:15PM'], ['Thursday', '11AM–2:15PM'], ['Friday', '11AM–2:15PM'], ['Saturday', '4–10PM'], ['Sunday', 'Closed'], ['Monday', '11AM–2:15PM'], ['Tuesday', '11AM–2:15PM']]"
0x864e990760677037:0x84a727ce619bab1c,JINYA Ramen Bar - Dallas,"JINYA Ramen Bar - Dallas, 625 High Market St Suite 185, Dallas, TX 75219",32.7864102,-96.8095592,"['Restaurant', 'Asian restaurant', 'Japanese restaurant', 'Ramen restaurant']",4.4,488,$$,"[['Wednesday', '12–10PM'], ['Thursday', '12–10PM'], ['Friday', '12–10PM'], ['Saturday', '12–10PM'], ['Sunday', '12–10PM'], ['Monday', '12–10PM'], ['Tuesday', '12–10PM']]"
0x863ecb71c4773b71:0x5d1bf937b0a68235,Tokyo Japanese Steakhouse & Sushi Bar,"Tokyo Japanese Steakhouse & Sushi Bar, 1970 Interstate 10 Access Rd, Beaumont, TX 77707",30.058562199999997,-94.1375087,"['Japanese steakhouse', 'Asian restaurant', 'Japanese restaurant', 'Restaurant', 'Seafood restaurant', 'Sushi restaurant']",4.4,811,$$,"[['Wednesday', '11AM–2:30PM'], ['Thursday', '11AM–2:30PM'], ['Friday', '11AM–2:30PM'], ['Saturday', '4:30–10PM'], ['Sunday', '11AM–2:30PM'], ['Monday', '11AM–2:30PM'], ['Tuesday', '11AM–2:30PM']]"
0x863f79a32b04229f:0x8bb83d679a1522a1,Edo Japan,"Edo Japan, 2028 9th Ave N Ste 400, Texas City, TX 77590",29.393743899999997,-94.9247457,"['Restaurant', 'Japanese restaurant', 'Sushi restaurant']",4.5,592,$$,"[['Wednesday', '11AM–9:30PM'], ['Thursday', '11AM–9:30PM'], ['Friday', '11AM–10:30PM'], ['Saturday', '11AM–10:30PM'], ['Sunday', '11AM–9:30PM'], ['Monday', '11AM–9:30PM'], ['Tuesday', '11AM–9:30PM']]"
0x864e7d8f731654db:0x8c68163d39b93fef,Hibachi 97,"Hibachi 97, 770 E Road to Six Flags St #146, Arlington, TX 76011",32.754932499999995,-97.1011204,['Japanese restaurant'],3.7,208,$$,"[['Wednesday', '5–9:30PM'], ['Thursday', '5–9:30PM'], ['Friday', '5–9:30PM'], ['Saturday', '5–9:30PM'], ['Sunday', 'Closed'], ['Monday', '5–9:30PM'], ['Tuesday', '5–9:30PM']]"
0x864e9ff00efb6a3f:0x8ca869b4f4e4540b,Kaze | Japanese Restaurant,"Kaze | Japanese Restaurant, 7525 Greenville Ave, Dallas, TX 75231",32.8847515,-96.7591551,"['Japanese restaurant', 'Restaurant']",4.3,848,$$,"[['Wednesday', '11AM–10PM'], ['Thursday', '11AM–10PM'], ['Friday', '11AM–11PM'], ['Saturday', '11AM–11PM'], ['Sunday', '4–10PM'], ['Monday', '11AM–10PM'], ['Tuesday', '11AM–10PM']]"
0x864e62b9532c8e21:0xa84707e43e8a10d9,Piranha Killer Ramen,"Piranha Killer Ramen, 309 Curtis Mathes Way Suite 149, Arlington, TX 76018",32.680715,-97.107068,"['Japanese restaurant', 'Asian restaurant', 'Bar', 'Korean restaurant', 'Restaurant', 'Sushi restaurant']",4.4,1306,$$,"[['Wednesday', '11AM–10PM'], ['Thursday', '11AM–10PM'], ['Friday', '11AM–10PM'], ['Saturday', '11AM–10PM'], ['Sunday', '11AM–10PM'], ['Monday', '11AM–10PM'], ['Tuesday', '11AM–10PM']]"
0x87014efe42d187a3:0xa1bd5a5dd185e932,"Young Sushi ""Rocks!""","Young Sushi ""Rocks!"", 202 SW 10th Ave, Amarillo, TX 79101",35.203893,-101.839271,"['Sushi restaurant', 'Japanese restaurant', 'Thai restaurant']",4.4,455,$$,"[['Wednesday', '11AM–3PM'], ['Thursday', '11AM–3PM'], ['Friday', '11AM–3PM'], ['Saturday', '11AM–10PM'], ['Sunday', 'Closed'], ['Monday', '11AM–3PM'], ['Tuesday', '11AM–3PM']]"
0x87014fcf68d6720b:0xa8619953b5bb3018,Texas Chicken Wok,"Texas Chicken Wok, 3205 Interstate 40 Access Rd, Amarillo, TX 79104",35.1939822,-101.80128169999999,"['Thai restaurant', 'Chicken restaurant', 'Chinese restaurant', 'Japanese restaurant']",3.8,108,$,"[['Wednesday', '11AM–9PM'], ['Thursday', '11AM–9PM'], ['Friday', '11AM–10PM'], ['Saturday', '11AM–10PM'], ['Sunday', '11AM–9PM'], ['Monday', '11AM–9PM'], ['Tuesday', '11AM–9PM']]"
0x86e757df1e55fe3f:0x50b4a16b8da4d20f,Koze Teppan Grill (West Side),"Koze Teppan Grill (West Side), 6127 N Mesa St B, El Paso, TX 79912",31.8308127,-106.53224859999999,"['Bar & grill', 'Health food restaurant', 'Japanese restaurant', 'Organic restaurant', 'Restaurant', 'Sushi restaurant', 'Teppanyaki restaurant']",4.4,658,$$,"[['Wednesday', '11:30AM–2PM'], ['Thursday', '11:30AM–2PM'], ['Friday', '11:30AM–2PM'], ['Saturday', '12–10PM'], ['Sunday', '12–9PM'], ['Monday', '11:30AM–2PM'], ['Tuesday', '11:30AM–2PM']]"
0x864e7141a5b26267:0x8c8c5456a2753a98,Piranha Killer Sushi,"Piranha Killer Sushi, 335 W 3rd St, Fort Worth, TX 76102",32.7540686,-97.3335828,"['Sushi restaurant', 'Asian restaurant', 'Bar', 'Japanese restaurant', 'Korean restaurant']",4.3,514,$$,"[['Wednesday', '11AM–10PM'], ['Thursday', '11AM–11PM'], ['Friday', '11AM–12AM'], ['Saturday', '12PM–12AM'], ['Sunday', '12–10PM'], ['Monday', '11AM–10PM'], ['Tuesday', '11AM–10PM']]"
0x864e8230e9ab7e2f:0x889bc4b794dc58f9,Mr Max Cafe Nippon,"Mr Max Cafe Nippon, 3028 N Belt Line Rd, Irving, TX 75062",32.848315,-96.991524,['Japanese restaurant'],4.8,712,$$,"[['Wednesday', '5–9PM'], ['Thursday', '5–9PM'], ['Friday', '5–10PM'], ['Saturday', '5–10PM'], ['Sunday', 'Closed'], ['Monday', '5–9PM'], ['Tuesday', '5–9PM']]"
0x864e8281806ab6e1:0xed10af5dde0e1e5f,Benihana,"Benihana, 5400 White Hall St, Irving, TX 75038",32.8844948,-96.9596023,"['Japanese restaurant', 'Asian restaurant', 'Japanese steakhouse', 'Restaurant', 'Steak house', 'Sushi restaurant', 'Teppanyaki restaurant']",4.2,2340,$$$,"[['Wednesday', '11AM–10PM'], ['Thursday', '11AM–10PM'], ['Friday', '11AM–11PM'], ['Saturday', '11AM–11PM'], ['Sunday', '11AM–10PM'], ['Monday', '11AM–10PM'], ['Tuesday', '11AM–10PM']]"
0x864e9d375e335369:0xfa853be6e8136c14,OEC Tokyo,"OEC Tokyo, 1820 W Mockingbird Ln, Dallas, TX 75235",32.8216964,-96.85410979999999,['Japanese restaurant'],4.7,88,,"[['Wednesday', '11AM–9PM'], ['Thursday', '11AM–9PM'], ['Friday', '11AM–9PM'], ['Saturday', '11AM–9PM'], ['Sunday', 'Closed'], ['Monday', '11AM–9PM'], ['Tuesday', '11AM–9PM']]"
0x864127353172d6a3:0x81994fe86bfc0c7,Sushi Hana Japanese Kitchen,"Sushi Hana Japanese Kitchen, 1638 Mason Rd, Katy, TX 77450",29.756983899999998,-95.75277589999999,"['Japanese restaurant', 'Restaurant', 'Seafood restaurant']",4.6,818,$$,"[['Tuesday', '11AM–10PM'], ['Wednesday', '11AM–10PM'], ['Thursday', '11AM–10PM'], ['Friday', '11AM–11PM'], ['Saturday', '11AM–11PM'], ['Sunday', '11:30AM–9:30PM'], ['Monday', '11AM–10PM']]"
0x864c27f399e73ea5:0xbe0b2ecafda5f3ca,"Sura Korean Restaurant(Korean BBQ, ALL U Can Eat)","Sura Korean Restaurant(Korean BBQ, ALL U Can Eat), 2240 Royal Ln #106, Dallas, TX 75229",32.8942701,-96.9029233,"['Korean restaurant', 'Barbecue restaurant', 'Japanese restaurant', 'Korean barbecue restaurant', 'Sushi restaurant']",4.1,775,$$,"[['Tuesday', '11AM–10PM'], ['Wednesday', '11AM–10PM'], ['Thursday', '11AM–10PM'], ['Friday', '11AM–10PM'], ['Saturday', '11AM–10PM'], ['Sunday', '11AM–10PM'], ['Monday', '11AM–10PM']]"
0x8644b5d034154d09:0x502ac75e62ff3a8b,Don Japanese Kitchen,"Don Japanese Kitchen, 411 W 23rd St, Austin, TX 78705",30.2861361,-97.74250909999999,['Japanese restaurant'],4.7,706,,"[['Tuesday', '12–3:30PM'], ['Wednesday', '12–3:30PM'], ['Thursday', '12–3:30PM'], ['Friday', '12–5PM'], ['Saturday', '12–5PM'], ['Sunday', 'Closed'], ['Monday', '12–3:30PM']]"
0x8644ce2b6f81ad53:0x9da07df8408b02bb,Beluga Japanese Restaurant,"Beluga Japanese Restaurant, 661 Louis Henna Blvd #300, Round Rock, TX 78664",30.4820386,-97.6573212,"['Japanese restaurant', 'Asian restaurant', 'Sushi restaurant']",3.9,563,$$,"[['Tuesday', '11AM–9PM'], ['Wednesday', '11AM–9PM'], ['Thursday', '11AM–9PM'], ['Friday', '11AM–9PM'], ['Saturday', '11:30AM–9PM'], ['Sunday', '11:30AM–9PM'], ['Monday', '11AM–9PM']]"
0x8644b51beefc368b:0x5f99dc6dd4f80804,Gyu-Kaku Japanese BBQ,"Gyu-Kaku Japanese BBQ, 1211 E 5th St Suite 100, Austin, TX 78702",30.263285999999997,-97.7307745,"['Japanese restaurant', 'Bar', 'Barbecue restaurant', 'Restaurant']",3.9,106,$$,"[['Tuesday', '11:30AM–9:30PM'], ['Wednesday', '11:30AM–9:30PM'], ['Thursday', '11:30AM–9:30PM'], ['Friday', '11:30AM–10:30PM'], ['Saturday', '11:30AM–10:30PM'], ['Sunday', '11:30AM–9:30PM'], ['Monday', '11:30AM–9:30PM']]"
0x8668f59a35d0ed7b:0x2eaadf207a44d74b,Aka Sushi & Hibachi,"Aka Sushi & Hibachi, 5301 Everhart Rd M, Corpus Christi, TX 78411",27.7122769,-97.38726079999999,"['Japanese restaurant', 'Asian fusion restaurant', 'Sushi restaurant', 'Teppanyaki restaurant']",4.4,476,$$,"[['Tuesday', '11:30AM–2PM'], ['Wednesday', '11:30AM–2PM'], ['Thursday', '11:30AM–2PM'], ['Friday', '11:30AM–2PM'], ['Saturday', '5–10:30PM'], ['Sunday', 'Closed'], ['Monday', '11:30AM–2PM']]"
0x864e62e049751143:0x4241314d147a9f9e,Ninja Sushi & Grill,"Ninja Sushi & Grill, 4629 S Cooper St #125, Arlington, TX 76017",32.6712292,-97.1340786,"['Sushi restaurant', 'Buffet restaurant', 'Japanese restaurant']",4.3,973,$$,"[['Tuesday', '11:30AM–10PM'], ['Wednesday', '11:30AM–10PM'], ['Thursday', '11:30AM–10PM'], ['Friday', '11:30AM–10:30PM'], ['Saturday', '11:30AM–10:30PM'], ['Sunday', '12–10PM'], ['Monday', '11:30AM–10PM']]"
0x864c20db752b5609:0x725331048e627771,Kabuki Japanese Restaurant,"Kabuki Japanese Restaurant, 13270 Dallas Pkwy #1165, Dallas, TX 75240",32.929104099999996,-96.820094,"['Japanese restaurant', 'Asian restaurant', 'Sushi restaurant']",3.9,53,$$,"[['Tuesday', '11:30AM–2PM'], ['Wednesday', '11:30AM–2PM'], ['Thursday', '11:30AM–2PM'], ['Friday', '11:30AM–2PM'], ['Saturday', '11:30AM–9:30PM'], ['Sunday', '11:30AM–9PM'], ['Monday', '11:30AM–2PM']]"
0x8647306614b458ef:0xdc7d0af6f7446966,Kan's,"Kan's, 2115 Rayford Rd, Spring, TX 77386",30.1246759,-95.4093769,"['Japanese steakhouse', 'Asian fusion restaurant', 'Japanese restaurant', 'Restaurant', 'Steak house', 'Sushi restaurant']",4.4,216,$$,"[['Monday', 'Closed'], ['Tuesday', '11AM–9:30PM'], ['Wednesday', '11AM–9:30PM'], ['Thursday', '11AM–9:30PM'], ['Friday', '11AM–9:30PM'], ['Saturday', '12–9:30PM'], ['Sunday', '12–9:30PM']]"
0x864c1dcb024fa495:0xf5dbba163f637767,Hana Hibachi & Sushi,"Hana Hibachi & Sushi, 1201 Belt Line Rd, Garland, TX 75040",32.945,-96.6452778,"['Japanese restaurant', 'Restaurant', 'Sushi restaurant']",4.5,967,$$,"[['Monday', '11AM–2:30PM'], ['Tuesday', '11AM–2:30PM'], ['Wednesday', '11AM–2:30PM'], ['Thursday', '11AM–2:30PM'], ['Friday', '11AM–2:30PM'], ['Saturday', '12–10:30PM'], ['Sunday', '12–9:30PM']]"
0x864c213c4bf25f93:0x3055e6f918421d17,Gyu-Kaku Japanese BBQ,"Gyu-Kaku Japanese BBQ, 5290 Belt Line Rd #115, Dallas, TX 75254",32.9534583,-96.81665509999999,"['Yakiniku restaurant', 'Bar', 'Barbecue restaurant', 'Japanese restaurant', 'Restaurant', 'Tapas restaurant']",4.5,907,$$,"[['Monday', '11AM–9PM'], ['Tuesday', '11AM–9PM'], ['Wednesday', '11AM–9PM'], ['Thursday', '11AM–9PM'], ['Friday', '11AM–10PM'], ['Saturday', '11AM–10PM'], ['Sunday', '11AM–9PM']]"
0x864c3cc362e39889:0x116dfb37053ef625,Sushi Envy,"Sushi Envy, 8240 Preston Rd #130, Plano, TX 75024",33.0900831,-96.8047631,"['Sushi restaurant', 'Asian restaurant', 'Japanese restaurant']",4.2,308,$$,"[['Monday', '5–10PM'], ['Tuesday', '11AM–2PM'], ['Wednesday', '11AM–2PM'], ['Thursday', '11AM–2PM'], ['Friday', '11AM–2PM'], ['Saturday', '12–10PM'], ['Sunday', '12–10PM']]"
0x864c22c0f91f592d:0xf9cd3a5f62ab3e2f,Densetsu,"Densetsu, 4152 W Spring Creek Pkwy, Plano, TX 75093",33.055499999999995,-96.772606,"['Japanese restaurant', 'Asian restaurant', 'Restaurant', 'Sushi restaurant']",4.5,1096,$$,"[['Monday', '11:30AM–10PM'], ['Tuesday', '11:30AM–10PM'], ['Wednesday', '11:30AM–10PM'], ['Thursday', '11:30AM–10PM'], ['Friday', '11:30AM–11PM'], ['Saturday', '11:30AM–11PM'], ['Sunday', '11:30AM–10PM']]"
0x864e9f99adb0dc01:0xf66177bf634d2ab9,Tampopo Japanese Cafe,"Tampopo Japanese Cafe, 6130 Greenville Ave # 100, Dallas, TX 75206",32.8599399,-96.7677957,"['Japanese restaurant', 'Asian restaurant', 'Sushi restaurant']",4.6,714,$,"[['Monday', 'Closed'], ['Tuesday', '11AM–9:30PM'], ['Wednesday', '11AM–9:30PM'], ['Thursday', '11AM–9:30PM'], ['Friday', '11AM–9:30PM'], ['Saturday', '12–9:30PM'], ['Sunday', '12–8:30PM']]"
0x864c1f72b37bedf5:0x5bdc8e9833b1e182,DFW China Town,"DFW China Town, 400 N Greenville Ave, Richardson, TX 75081",32.9537243,-96.7276387,"['Shopping mall', 'Asian grocery store', 'Chinese restaurant', 'Japanese restaurant', 'Korean barbecue restaurant', 'Vietnamese restaurant']",4.5,496,$$,"[['Monday', '8AM–11PM'], ['Tuesday', '8AM–11PM'], ['Wednesday', '8AM–11PM'], ['Thursday', '8AM–11PM'], ['Friday', '8AM–11PM'], ['Saturday', '8AM–11PM'], ['Sunday', '8AM–11PM']]"
0x864c1f72aa819bdb:0x1fddf41f2b9cecef,Genroku Sushi & Grill,"Genroku Sushi & Grill, 400 N Greenville Ave, Richardson, TX 75081",32.953146499999995,-96.72773629999999,['Japanese restaurant'],4.3,258,$,"[['Monday', 'Closed'], ['Tuesday', '11AM–9PM'], ['Wednesday', '11AM–9PM'], ['Thursday', '11AM–9PM'], ['Friday', '11AM–9:30PM'], ['Saturday', '11AM–9:30PM'], ['Sunday', '11AM–9:30PM']]"
0x864c1edbc38bb1c5:0x54f5ef97f59b3430,Ken Japanese Bistro,"Ken Japanese Bistro, 1899 N Plano Rd, Richardson, TX 75081",32.974225499999996,-96.7003364,['Japanese restaurant'],4.6,278,$$,"[['Monday', '11:30AM–2PM'], ['Tuesday', '11:30AM–2PM'], ['Wednesday', '11:30AM–2PM'], ['Thursday', '11:30AM–2PM'], ['Friday', '11:30AM–2PM'], ['Saturday', '5:30–9PM'], ['Sunday', 'Closed']]"
0x864c3d2f13760679:0xccd3db4817f55b35,Gyu-Kaku Japanese BBQ,"Gyu-Kaku Japanese BBQ, 8240 Preston Rd #155, Plano, TX 75024",33.089634499999995,-96.80482239999999,"['Japanese restaurant', 'Bar', 'Barbecue restaurant', 'Restaurant']",4.4,218,$$,"[['Monday', '5–9PM'], ['Tuesday', '5–9PM'], ['Wednesday', '11AM–9PM'], ['Thursday', '11AM–9PM'], ['Friday', '11AM–10PM'], ['Saturday', '11AM–10PM'], ['Sunday', '11AM–9PM']]"
0x8644b50866a61691:0x56978492e47f78ba,RA Sushi Bar Restaurant,"RA Sushi Bar Restaurant, 117 W 4th St STE 300, Austin, TX 78701",30.266247999999997,-97.74458899999999,"['Sushi restaurant', 'Bar', 'Japanese restaurant', 'Restaurant']",4.0,1124,$$,"[['Monday', '11AM–12AM'], ['Tuesday', '11AM–12AM'], ['Wednesday', '11AM–12AM'], ['Thursday', '11AM–12AM'], ['Friday', '11AM–1AM'], ['Saturday', '11AM–1AM'], ['Sunday', '11AM–12AM']]"
0x865c58ace70cd653:0x227d923d62c9f4f2,Sushi Zushi,"Sushi Zushi, 203 S St Mary's St #170, San Antonio, TX 78205",29.4239157,-98.4919357,"['Sushi restaurant', 'Asian restaurant', 'Authentic Japanese restaurant', 'Japanese restaurant']",4.1,1026,$$,"[['Monday', '11AM–10PM'], ['Tuesday', '11AM–10PM'], ['Wednesday', '11AM–10PM'], ['Thursday', '11AM–10PM'], ['Friday', '11AM–11PM'], ['Saturday', '11:30AM–11PM'], ['Sunday', '11:30AM–10PM']]"
0x864c13a382a8ec1f:0xd38871a598db9f7,Shogun Hibachi & Sushi,"Shogun Hibachi & Sushi, 1230 N Central Expy, McKinney, TX 75070",33.208235,-96.637382,"['Japanese restaurant', 'Japanese steakhouse']",4.4,773,$$,"[['Monday', '4–9:30PM'], ['Tuesday', '4–9:30PM'], ['Wednesday', '4–9:30PM'], ['Thursday', '4–9:30PM'], ['Friday', '11:30AM–10PM'], ['Saturday', '11:30AM–10PM'], ['Sunday', '11:30AM–9:30PM']]"
0x864c32a5ed2fdc0f:0xa4e936a8a5e42901,Piranha Killer Sushi,"Piranha Killer Sushi, 5801 Long Prairie Rd #870, Flower Mound, TX 75028",33.0655412,-97.0824191,"['Sushi restaurant', 'Japanese restaurant']",4.0,287,$$,"[['Monday', 'Closed'], ['Tuesday', 'Closed'], ['Wednesday', '4–10PM'], ['Thursday', '4–10PM'], ['Friday', '11AM–10PM'], ['Saturday', '11AM–10PM'], ['Sunday', '11AM–10PM']]"
0x864093119ab7e5f5:0xe321dd9094f37297,Kappa Japanese & Chinese Cuisine,"Kappa Japanese & Chinese Cuisine, m, 9415Broadway street #115, Pearland, TX 77581",29.5587639,-95.3659753,"['Chinese restaurant', 'Japanese restaurant', 'Restaurant']",4.3,278,$$,"[['Monday', '11AM–10PM'], ['Tuesday', '11AM–10PM'], ['Wednesday', '11AM–10PM'], ['Thursday', '11AM–10PM'], ['Friday', '11AM–10:30PM'], ['Saturday', '11AM–10:30PM'], ['Sunday', '11AM–10PM']]"
0x86fbcf2ba63311cd:0xc125a911f45c8177,Volcano,"Volcano, 3952 E 42nd St, Odessa, TX 79762",31.8896977,-102.34695479999999,"['Sushi restaurant', 'Asian fusion restaurant', 'Chinese restaurant', 'Japanese restaurant', 'Restaurant']",4.5,958,$$,"[['Monday', '11AM–9:30PM'], ['Tuesday', '11AM–9:30PM'], ['Wednesday', '11AM–9:30PM'], ['Thursday', '11AM–9:30PM'], ['Friday', '11AM–9:59PM'], ['Saturday', '11AM–9:59PM'], ['Sunday', '11AM–9PM']]"
0x863640a7c47a6da3:0x6961d5d7aea5ab7b,Fuji Japanese Restaurant,"Fuji Japanese Restaurant, 3098 N Eastman Rd, Longview, TX 75605",32.551406899999996,-94.72610999999999,"['Japanese restaurant', 'Restaurant']",4.3,478,$$,"[['Monday', '11AM–9:30PM'], ['Tuesday', '11AM–9:30PM'], ['Wednesday', '11AM–9:30PM'], ['Thursday', '11AM–9:30PM'], ['Friday', '11AM–10PM'], ['Saturday', '11AM–10PM'], ['Sunday', '11AM–9:30PM']]"
0x8651b17adc4130ad:0x1214bf71cc4c3550,Enoki Sushi,"Enoki Sushi, 100 N Wolfe Nursery Rd Ste198, Stephenville, TX 76401",32.2052449,-98.2402583,"['Sushi restaurant', 'Japanese restaurant', 'Sushi takeaway']",4.5,216,,"[['Monday', '11AM–3PM'], ['Tuesday', '11AM–3PM'], ['Wednesday', '11AM–3PM'], ['Thursday', '11AM–3PM'], ['Friday', '11AM–10:30PM'], ['Saturday', '11AM–10:30PM'], ['Sunday', '11:30AM–9PM']]"
0x8640996241423229:0xf59e6f78586948b3,Ichibon Seafood & Steakhouse,"Texas, Pasadena, Fairmont Pkwy, Ichibon Seafood & Steakhouse邮政编码: 77505",29.648985999999997,-95.16869589999999,"['Japanese restaurant', 'Sushi restaurant', 'Teppanyaki restaurant']",4.3,865,,"[['Monday', '11AM–10PM'], ['Tuesday', '11AM–10PM'], ['Wednesday', '11AM–10PM'], ['Thursday', '11AM–10PM'], ['Friday', '11AM–10:30PM'], ['Saturday', '11:30AM–10:30PM'], ['Sunday', '11:30AM–10PM']]"
0x864e82bf39c28609:0xb5480a04b99b27e9,Jinbeh,"Jinbeh, 301 E Las Colinas Blvd #301, Irving, TX 75039",32.8665161,-96.93769429999999,"['Japanese restaurant', 'Restaurant']",4.4,553,$$,"[['Monday', '11AM–2PM'], ['Tuesday', '11AM–2PM'], ['Wednesday', '11AM–2PM'], ['Thursday', '11AM–2PM'], ['Friday', '11AM–2PM'], ['Saturday', '5–10PM'], ['Sunday', '5–9PM']]"
0x865be321eaa5c2f9:0x1fe0981a593b5339,Bonzai Japanese Steak and Sushi,"Bonzai Japanese Steak and Sushi, 218 Sidney Baker St S, Kerrville, TX 78028",30.0421822,-99.1458315,"['Japanese steakhouse', 'Asian restaurant', 'Cocktail bar', 'Japanese restaurant', 'Restaurant']",4.4,588,$$,"[['Monday', '11AM–9PM'], ['Tuesday', '11AM–9PM'], ['Wednesday', '11AM–9PM'], ['Thursday', '11AM–9PM'], ['Friday', '11AM–10PM'], ['Saturday', '11AM–10PM'], ['Sunday', '11AM–9PM']]"
0x864e72806c282655:0x6e93677006d37115,Ninja Sushi and Grill,"Ninja Sushi and Grill, 4714 SW Loop 820, Fort Worth, TX 76109",32.6832318,-97.39646929999999,"['Japanese restaurant', 'Buffet restaurant', 'Sushi restaurant']",4.2,585,$,"[['Monday', '11AM–9:30PM'], ['Tuesday', '11AM–9:30PM'], ['Wednesday', '11AM–9:30PM'], ['Thursday', '11AM–9:30PM'], ['Friday', '11AM–10PM'], ['Saturday', '11AM–10PM'], ['Sunday', '12–9PM']]"
0x8640e69442d16241:0x5a0da1c66436ade,Japaneiro's,"Japaneiro's, 2168 Texas Dr, Sugar Land, TX 77478",29.597231899999997,-95.62154389999999,"['Asian fusion restaurant', 'Japanese restaurant', 'Restaurant']",4.5,898,$$,"[['Monday', '11AM–9PM'], ['Tuesday', '11AM–9PM'], ['Wednesday', '11AM–9PM'], ['Thursday', '11AM–9PM'], ['Friday', '11AM–9PM'], ['Saturday', '11AM–9PM'], ['Sunday', '11AM–9PM']]"
0x865c5f0b3acf7e27:0x47ef5c8c88f1fc93,Niki's Tokyo Inn,"Niki's Tokyo Inn, 819 W Hildebrand Ave, San Antonio, TX 78212",29.466648099999997,-98.5070308,['Japanese restaurant'],4.4,493,$$,"[['Monday', 'Closed'], ['Tuesday', '5:30–10PM'], ['Wednesday', '5:30–10PM'], ['Thursday', '5:30–10PM'], ['Friday', '5:30–10PM'], ['Saturday', '5:30–10PM'], ['Sunday', 'Closed']]"
0x865c60b82aa4c581:0x1c1af1f40a82a90b,Sushi Zushi,"Sushi Zushi, 9867 I-10, San Antonio, TX 78230",29.533053499999998,-98.56103639999999,"['Sushi restaurant', 'Asian restaurant', 'Authentic Japanese restaurant', 'Japanese restaurant']",4.3,1268,$$,"[['Sunday', '11:30AM–10PM'], ['Monday', '11AM–10PM'], ['Tuesday', '11AM–10PM'], ['Wednesday', '11AM–10PM'], ['Thursday', '11AM–10PM'], ['Friday', '11AM–11PM'], ['Saturday', '11:30AM–11PM']]"
0x865ca3335b370c39:0x25730f4ebfd79dd6,Shogun Japanese Grill & Sushi Bar,"Shogun Japanese Grill & Sushi Bar, 2955 Town Center Dr, New Braunfels, TX 78130",29.7285565,-98.07436109999999,"['Japanese restaurant', 'Japanese steakhouse', 'Restaurant', 'Sushi restaurant']",3.9,647,$$,"[['Sunday', '11:15AM–9:30PM'], ['Monday', '11:15AM–9:30PM'], ['Tuesday', '11:15AM–9:30PM'], ['Wednesday', '11:15AM–9:30PM'], ['Thursday', '11:15AM–9:30PM'], ['Friday', '11:15AM–9:30PM'], ['Saturday', '11:15AM–9:30PM']]"
0x863eb0d28d6fe93b:0x84a88f5ece99ff0a,Tokyo Japanese Steakhouse & Sushi Bar,"Tokyo Japanese Steakhouse & Sushi Bar, 3300 Central Mall Dr, Port Arthur, TX 77642",29.947733699999997,-93.984607,"['Japanese restaurant', 'Asian restaurant', 'Sushi restaurant', 'Teppanyaki restaurant']",4.3,538,$$,"[['Sunday', '11AM–2:30PM'], ['Monday', '11AM–2:30PM'], ['Tuesday', '11AM–2:30PM'], ['Wednesday', '11AM–2:30PM'], ['Thursday', '11AM–2:30PM'], ['Friday', '10AM–2:30PM'], ['Saturday', '4:30–10PM']]"
0x863eb0d397b301f3:0xc6e3731acaf14fac,Sake Sushi Bar & Lounge,"Sake Sushi Bar & Lounge, 8691 9th Ave, Port Arthur, TX 77642",29.9519062,-93.9854153,"['Sushi restaurant', 'Asian restaurant', 'Bar', 'Japanese restaurant', 'Restaurant']",4.5,602,$$,"[['Sunday', '11AM–8:30PM'], ['Monday', 'Closed'], ['Tuesday', '10:30AM–9PM'], ['Wednesday', '10:30AM–9PM'], ['Thursday', '10:30AM–9PM'], ['Friday', '10:30AM–9PM'], ['Saturday', '11AM–9PM']]"
0x8640dc0aba3801c3:0x1735bf07c014a8d0,Rattan Pan Asian bistro & Wine Bar,"Rattan Pan Asian bistro & Wine Bar, 1396 Eldridge Pkwy Suite A, Houston, TX 77077",29.760655699999997,-95.6262864,"['Asian fusion restaurant', 'Asian restaurant', 'Fusion restaurant', 'Japanese restaurant', 'Sushi restaurant', 'Wine bar']",4.4,493,$$,"[['Sunday', 'Closed'], ['Monday', '11AM–2PM'], ['Tuesday', '11AM–2PM'], ['Wednesday', '11AM–2PM'], ['Thursday', '11AM–2PM'], ['Friday', '11AM–2PM'], ['Saturday', '4:30–10PM']]"
0x864736ce37331c91:0xe951f071fa3cbb2e,The Blue Fish,"The Blue Fish, 1900 Hughes Landing Blvd #300, The Woodlands, TX 77380",30.1708741,-95.47147439999999,"['Japanese restaurant', 'Asian restaurant', 'Bar & grill', 'Lounge', 'Organic restaurant', 'Seafood restaurant', 'Sushi restaurant']",4.4,678,$$,"[['Sunday', '12–9PM'], ['Monday', '11AM–2PM'], ['Tuesday', '11AM–2PM'], ['Wednesday', '11AM–2PM'], ['Thursday', '11AM–2PM'], ['Friday', '11AM–2PM'], ['Saturday', '12–10PM']]"
0x86473714cbf53881:0xa44cfb1366bf168,Pho An & Sushi Bar,"Pho An & Sushi Bar, 8000 TX-242 Suite 105, Conroe, TX 77385",30.2068722,-95.4546072,"['Asian restaurant', 'Chinese restaurant', 'Japanese restaurant', 'Pho restaurant', 'Sushi restaurant']",4.2,628,$,"[['Sunday', '10AM–8:30PM'], ['Monday', '10AM–8:30PM'], ['Tuesday', '10AM–8:30PM'], ['Wednesday', '10AM–8:30PM'], ['Thursday', '10AM–8:30PM'], ['Friday', '10AM–8:30PM'], ['Saturday', '10AM–8:30PM']]"
0x865b328b0d795c19:0x7f17b04691b67349,Nagoya Steak and Sushi,"Nagoya Steak and Sushi, 11630 N FM 620 North, Austin, TX 78750",30.457362,-97.82468,"['Sushi restaurant', 'Asian restaurant', 'Japanese restaurant', 'Seafood restaurant', 'Steak house', 'Teppanyaki restaurant']",4.3,606,$$,"[['Sunday', '12–10PM'], ['Monday', '11AM–10PM'], ['Tuesday', '4–10PM'], ['Wednesday', '4–10PM'], ['Thursday', '11AM–10PM'], ['Friday', '11AM–11PM'], ['Saturday', '12–11PM']]"
0x8644cf2349666d59:0x6427d36ee7220ae,Tsukimi,"Tsukimi, 12400 N Interstate Hwy 35 A-111, Austin, TX 78753",30.404118999999998,-97.67602079999999,"['Sushi restaurant', 'Japanese restaurant']",4.6,398,,"[['Sunday', '12–10PM'], ['Monday', '11AM–2:30PM'], ['Tuesday', 'Closed'], ['Wednesday', '11AM–2:30PM'], ['Thursday', '11AM–2:30PM'], ['Friday', '11AM–2:30PM'], ['Saturday', '12–10PM']]"
0x8644cbaf9f62c1a1:0x269e9dd0b11267b,Haru Ramen & Poke (Ichiumi Ramen),"Haru Ramen & Poke (Ichiumi Ramen), 2525 W Anderson Ln #120, Austin, TX 78757",30.354753,-97.733066,"['Japanese restaurant', 'Hawaiian restaurant', 'Ramen restaurant', 'Sushi restaurant', 'Yakitori restaurant']",4.5,474,$$,"[['Sunday', '12–10PM'], ['Monday', '11AM–3PM'], ['Tuesday', '11AM–3PM'], ['Wednesday', '11AM–3PM'], ['Thursday', '11AM–3PM'], ['Friday', '11AM–10:30PM'], ['Saturday', '11AM–10:30PM']]"
0x864e7628fec5c881:0xf8f39d128571cbb9,MK's Sushi of Fort Worth,"MK's Sushi of Fort Worth, 2901 Fair Dr Ste 100, Fort Worth, TX 76131",32.8624272,-97.3179677,"['Japanese restaurant', 'Asian restaurant', 'Sushi restaurant']",4.5,621,$$,"[['Sunday', '4:30–10PM'], ['Monday', '11AM–2:30PM'], ['Tuesday', '11AM–2:30PM'], ['Wednesday', '11AM–2:30PM'], ['Thursday', '11AM–2:30PM'], ['Friday', '11AM–10PM'], ['Saturday', '11AM–10PM']]"
0x8641276eb1e82e0f:0x327837533f0f7122,JINYA Ramen Bar - Katy,"JINYA Ramen Bar - Katy, 21788 Katy Fwy, Katy, TX 77449",29.7864163,-95.7450404,"['Restaurant', 'Asian restaurant', 'Japanese restaurant', 'Ramen restaurant']",4.5,1192,$$,"[['Sunday', '11AM–10PM'], ['Monday', '11AM–10PM'], ['Tuesday', '11AM–10PM'], ['Wednesday', '11AM–10PM'], ['Thursday', '11AM–10PM'], ['Friday', '11AM–11PM'], ['Saturday', '11AM–11PM']]"
0x864e77dbf74b9d13:0x1baa639b3aed1363,Wild Sushi & Ramen,"Wild Sushi & Ramen, 4386 Western Center Blvd, Fort Worth, TX 76137",32.859538,-97.2919661,"['Sushi restaurant', 'Asian restaurant', 'Delivery service', 'Japanese restaurant', 'Takeout Restaurant', 'Ramen restaurant']",4.3,545,$$,"[['Sunday', 'Closed'], ['Monday', '11AM–9:30PM'], ['Tuesday', '11AM–9:30PM'], ['Wednesday', '11AM–9:30PM'], ['Thursday', '11AM–9:30PM'], ['Friday', '11AM–10:30PM'], ['Saturday', '11AM–10:30PM']]"
0x864e62da6ca625f7:0x145e20467af99579,Nagoya Japanese Restaurant,"Nagoya Japanese Restaurant, 1155 W Arbrook Blvd, Arlington, TX 76015",32.683729,-97.12916009999999,"['Japanese restaurant', 'Steak house', 'Sushi restaurant', 'Teppanyaki restaurant']",4.3,964,,"[['Sunday', '11AM–10PM'], ['Monday', '11AM–2:30PM'], ['Tuesday', '11AM–2:30PM'], ['Wednesday', '11AM–2:30PM'], ['Thursday', '11AM–2:30PM'], ['Friday', '11AM–2:30PM'], ['Saturday', '11AM–11PM']]"
0x864dd4c9b23299e5:0x9049ac08bb5b8e49,Asian Top Restaurant,"Asian Top Restaurant, 2100 W Northwest Hwy #221, Grapevine, TX 76051",32.9429357,-97.10028369999999,"['Chinese restaurant', 'Japanese restaurant']",3.6,277,$,"[['Sunday', '11AM–9:30PM'], ['Monday', '11AM–9:30PM'], ['Tuesday', 'Closed'], ['Wednesday', '11AM–9:30PM'], ['Thursday', '11AM–9:30PM'], ['Friday', '11AM–9:30PM'], ['Saturday', '11AM–9:30PM']]"
0x864e8deb6a1e9955:0x943c82cb49ca923a,Akita Hibachi Sushi Bar,"Akita Hibachi Sushi Bar, 416 N Hwy 67, Cedar Hill, TX 75104",32.5959964,-96.9380554,"['Restaurant', 'Asian restaurant', 'Bar', 'Japanese restaurant', 'Sushi restaurant']",4.3,1138,$$,"[['Sunday', '11AM–10PM'], ['Monday', '11AM–3PM'], ['Tuesday', '11AM–3PM'], ['Wednesday', '11AM–3PM'], ['Thursday', '11AM–3PM'], ['Friday', '11AM–3PM'], ['Saturday', '11AM–11PM']]"
0x864e62d71f043a7d:0xbc3ecba1e16d4d0c,Sushi Cafe,"76015 Texas, Arlington, S Cooper St, Sushi Cafe",32.6870776,-97.1317205,"['Japanese restaurant', 'Sushi restaurant']",4.5,318,$$,"[['Sunday', 'Closed'], ['Monday', '11:30AM–2PM'], ['Tuesday', '11:30AM–2PM'], ['Wednesday', '11:30AM–2PM'], ['Thursday', '11:30AM–2PM'], ['Friday', '11:30AM–2PM'], ['Saturday', '12–2:30PM']]"
0x864126d42de470b5:0x8bcbb2943e366db2,Miyabi Sushi japanese restaurant,"Miyabi Sushi japanese restaurant, 1315 W Grand Pkwy S, Katy, TX 77494",29.760719899999998,-95.7746727,"['Sushi restaurant', 'Japanese restaurant']",4.6,75,,"[['Sunday', '12–9PM'], ['Monday', '11AM–9:30PM'], ['Tuesday', '11AM–9:30PM'], ['Wednesday', '11AM–9:30PM'], ['Thursday', '11AM–9:30PM'], ['Friday', '11AM–10PM'], ['Saturday', '12–10PM']]"
0x864e7d88f0420cbb:0x83df03965c3f2210,Suzushii Sushi & Grill,"Suzushii Sushi & Grill, 915 E.Road To Six Flags Street#103, Arlington, TX 76011",32.7562741,-97.0963117,"['Japanese restaurant', 'Ramen restaurant', 'Sushi restaurant', 'Thai restaurant']",4.5,718,$$,"[['Sunday', '3–9:30PM'], ['Monday', '11AM–3PM'], ['Tuesday', '11AM–3PM'], ['Wednesday', '11AM–3PM'], ['Thursday', '11AM–3PM'], ['Friday', '11AM–3PM'], ['Saturday', '3–10PM']]"
0x864e7dfefa0c5393:0x9bfc6fb883a7c2a0,Piranha Killer Sushi,"Piranha Killer Sushi, Trinity Oaks Center, NE Green Oaks Blvd, Arlington, TX 76006",32.7853278,-97.09604999999999,"['Japanese restaurant', 'Asian restaurant', 'Bar', 'Sushi restaurant']",4.3,624,$$,"[['Sunday', '12–9PM'], ['Monday', '11AM–8PM'], ['Tuesday', '11AM–8PM'], ['Wednesday', '11AM–8PM'], ['Thursday', '11AM–8PM'], ['Friday', '11AM–10PM'], ['Saturday', '12–10PM']]"
0x864dd556f8639bf7:0x6330987165c27df9,Lava Asian Grill,"Lava Asian Grill, 3001 TX-121 #234, Euless, TX 76039",32.8798338,-97.10102239999999,"['Japanese restaurant', 'Asian restaurant', 'Fine dining restaurant', 'Authentic Japanese restaurant', 'Lunch restaurant', 'Delivery Restaurant', 'Takeout Restaurant', 'Thai restaurant']",4.3,418,$$,"[['Sunday', '11:30AM–9:30PM'], ['Monday', '11AM–9:30PM'], ['Tuesday', '11AM–9:30PM'], ['Wednesday', '11AM–9:30PM'], ['Thursday', '11AM–9:30PM'], ['Friday', '11AM–10:30PM'], ['Saturday', '11:30AM–10:30PM']]"
0x864dd5f98d3f38b9:0x5dba8e339575228,Sushigo Grapevine changes to Roll 'n Bowl,"Sushigo Grapevine changes to Roll 'n Bowl, 2350 Hall - Johnson Rd, Grapevine, TX 76051",32.8938932,-97.104018,['Japanese restaurant'],4.5,36,,"[['Sunday', '12–8PM'], ['Monday', '11:30AM–8:30PM'], ['Tuesday', '11:30AM–8:30PM'], ['Wednesday', '11:30AM–8:30PM'], ['Thursday', '11:30AM–8:30PM'], ['Friday', '11:30AM–8:30PM'], ['Saturday', '11:30AM–8:30PM']]"
0x864c3dfbd4a1cea7:0xde174b727d1da7bd,Nikugen Steak & Ramen,"Nikugen Steak & Ramen, 4710 Preston Rd #300, Frisco, TX 75034",33.1177243,-96.80457919999999,"['Ramen restaurant', 'Japanese restaurant']",4.7,178,,"[['Sunday', '12–1PM'], ['Monday', '11AM–3PM'], ['Tuesday', '11AM–3PM'], ['Wednesday', '12–3PM'], ['Thursday', '12AM–3PM'], ['Friday', '12–3PM'], ['Saturday', '11AM–3PM']]"
0x8668f44aa2c66a5b:0x8b4896f32d82dad3,Mikoto Ramen,"Mikoto Ramen, 6113 Saratoga Blvd B, Corpus Christi, TX 78414",27.680339699999998,-97.3744055,"['Restaurant', 'Japanese restaurant']",4.5,683,$$,"[['Sunday', '11AM–10PM'], ['Monday', '11AM–10PM'], ['Tuesday', '11AM–10PM'], ['Wednesday', '11AM–10PM'], ['Thursday', '11AM–10PM'], ['Friday', '11AM–10PM'], ['Saturday', '11AM–10PM']]"
0x864734287a071ebb:0xdba73509f5290abd,Fukuda Sushi & Robata,"Fukuda Sushi & Robata, 25701 Interstate 45 N, The Woodlands, TX 77380",30.135275099999998,-95.44574659999999,"['Japanese restaurant', 'Restaurant', 'Sushi restaurant']",4.6,1214,$$,"[['Sunday', '12–9PM'], ['Monday', '11:30AM–9:30PM'], ['Tuesday', '11:30AM–9:30PM'], ['Wednesday', '11:30AM–9:30PM'], ['Thursday', '11:30AM–9:30PM'], ['Friday', '11:30AM–11PM'], ['Saturday', '12–11PM']]"
0x8644d04dec532dcb:0x90390692b15d77ab,Mama Fu's Asian House,"Mama Fu's Asian House, 2250 E Palm Valley Blvd #215, Round Rock, TX 78665",30.5192826,-97.6503924,"['Asian restaurant', 'Asian fusion restaurant', 'Japanese restaurant', 'Takeout Restaurant', 'Vegan restaurant', 'Vegetarian restaurant', 'Vietnamese restaurant']",3.7,157,$$,
0x8644cc7721487ba3:0xcab5ec532da3ec4a,Sushi Zushi,"Sushi Zushi, 3221 Feathergrass Ct, Austin, TX 78758",30.394814699999998,-97.7277944,"['Sushi restaurant', 'Asian restaurant', 'Authentic Japanese restaurant', 'Japanese restaurant']",3.9,726,$$,"[['Sunday', '11:30AM–10PM'], ['Monday', '11AM–10PM'], ['Tuesday', '11AM–10PM'], ['Wednesday', '11AM–10PM'], ['Thursday', '11AM–10PM'], ['Friday', '11AM–11PM'], ['Saturday', '11:30AM–11PM']]"
0x865b36b2fa14c459:0xc013b1f889a7c85c,Cho Sushi Japanese Fusion,"Cho Sushi Japanese Fusion, 4300 N Quinlan Park Rd #105, Austin, TX 78732",30.3818333,-97.8849139,"['Japanese restaurant', 'Asian restaurant', 'Japanese steakhouse', 'Seafood restaurant', 'Sushi restaurant']",4.5,338,$$,"[['Sunday', '4–9PM'], ['Monday', '11AM–2:30PM'], ['Tuesday', '11AM–2:30PM'], ['Wednesday', '11AM–2:30PM'], ['Thursday', '11AM–2:30PM'], ['Friday', '11AM–2:30PM'], ['Saturday', '12–10PM']]"
0x864f86a9a9c50cf7:0xce84f4a6fe08f822,Fuji Steakhouse,"Fuji Steakhouse, 5901 W Waco Dr, Waco, TX 76710",31.5149498,-97.1867742,"['Steak house', 'Asian restaurant', 'Japanese restaurant', 'Sushi restaurant']",4.2,1068,$$$,"[['Sunday', '11:30AM–9:30PM'], ['Monday', '11AM–2:30PM'], ['Tuesday', '11AM–2:30PM'], ['Wednesday', '11AM–2:30PM'], ['Thursday', '11AM–2:30PM'], ['Friday', '11AM–2:30PM'], ['Saturday', '11:30AM–10:30PM']]"
0x8640c3161bea4d37:0xbe4674c5780f92ba,Benihana,"Benihana, 9707 Westheimer Rd, Houston, TX 77042",29.7365367,-95.54020709999999,"['Japanese restaurant', 'Asian restaurant', 'Japanese steakhouse', 'Restaurant', 'Steak house', 'Sushi restaurant', 'Teppanyaki restaurant']",4.2,2422,$$$,"[['Saturday', '11AM–11PM'], ['Sunday', '11AM–10PM'], ['Monday', '11AM–10PM'], ['Tuesday', '11AM–10PM'], ['Wednesday', '11AM–10PM'], ['Thursday', '11AM–10PM'], ['Friday', '11AM–11PM']]"
0x864c2cec6627f287:0xd441451c4d288e01,Hanaya Hibachi Sushi & Asian Fusion,"Hanaya Hibachi Sushi & Asian Fusion, 901 Long Prairie Rd #108, Flower Mound, TX 75022",32.9950932,-97.0648839,"['Japanese restaurant', 'Asian fusion restaurant', 'Asian restaurant', 'Cocktail bar', 'Family restaurant', 'Ramen restaurant', 'Restaurant', 'Seafood restaurant', 'Sushi restaurant', 'Teppanyaki restaurant']",4.4,408,$$,"[['Saturday', '12–10:30PM'], ['Sunday', '12–9PM'], ['Monday', 'Closed'], ['Tuesday', '11:30AM–2:30PM'], ['Wednesday', '11:30AM–2:30PM'], ['Thursday', '11:30AM–2:30PM'], ['Friday', '11:30AM–2:30PM']]"
0x864c2d6a9476c4ef:0x2ea8b9cbe37b9a3f,Tsunami Sushi and Grill,"Tsunami Sushi and Grill, 3851 Long Prairie Rd #190, Flower Mound, TX 75028",33.0380423,-97.0700442,['Japanese restaurant'],4.6,156,,"[['Saturday', '11AM–2:30PM'], ['Sunday', 'Closed'], ['Monday', '11AM–2:30PM'], ['Tuesday', '11AM–2:30PM'], ['Wednesday', '11AM–2:30PM'], ['Thursday', '9AM–2:30PM'], ['Friday', '11AM–2:30PM']]"
0x86409cfd00b0db15:0x45acf1d9d9ae86b8,JINYA Ramen Bar - NASA,"JINYA Ramen Bar - NASA, 18299 Egret Bay Blvd, Houston, TX 77058",29.5442477,-95.103842,"['Restaurant', 'Asian restaurant', 'Japanese restaurant', 'Ramen restaurant']",4.6,2228,$$,"[['Saturday', '11AM–11PM'], ['Sunday', '11AM–10PM'], ['Monday', '11AM–10PM'], ['Tuesday', '11AM–10PM'], ['Wednesday', '11AM–10PM'], ['Thursday', '11AM–10PM'], ['Friday', '11AM–11PM']]"
0x8640be595b9fc607:0x24c8d82a480a55fb,Cafe 101,"Cafe 101, 4701 Calhoun Rd, Houston, TX 77004",29.7225568,-95.3372558,"['Chinese restaurant', 'Bubble tea store', 'Japanese restaurant']",3.8,248,,"[['Saturday', '12–10PM'], ['Sunday', '12–10PM'], ['Monday', '11AM–10PM'], ['Tuesday', '11AM–10PM'], ['Wednesday', '11AM–10PM'], ['Thursday', '11AM–10PM'], ['Friday', '11AM–10PM']]"
0x86409df8ba1289db:0x479a8da51c0b1483,Komeya,"Komeya, 1849B El Dorado Blvd Suite B, Houston, TX 77062",29.5774208,-95.1226411,"['Japanese restaurant', 'Ramen restaurant', 'Sushi restaurant']",4.4,234,,"[['Saturday', '11AM–9PM'], ['Sunday', '11AM–9PM'], ['Monday', '11AM–9PM'], ['Tuesday', '11AM–9PM'], ['Wednesday', '11AM–9PM'], ['Thursday', '11AM–9PM'], ['Friday', '11AM–9PM']]"
0x865cf560defb759b:0x58b445709ff0afb9,Piranha Izakaya,"Piranha Izakaya, 260 E Basse Rd, San Antonio, TX 78209",29.4941602,-98.47910689999999,"['Sushi restaurant', 'Asian restaurant', 'Cocktail bar', 'Izakaya restaurant', 'Japanese restaurant', 'Ramen restaurant', 'Wine bar']",4.4,615,$$,"[['Saturday', '11AM–9PM'], ['Sunday', '11AM–9PM'], ['Monday', '11AM–9PM'], ['Tuesday', '11AM–9PM'], ['Wednesday', '11AM–9PM'], ['Thursday', '11AM–9PM'], ['Friday', '11AM–9PM']]"
0x8644b7576b48b0f7:0x673c093d27c6ee9f,Agazajo's Flying Pizza & Italian Restaurant,"Agazajo's Flying Pizza & Italian Restaurant, 2406 US-183 S, Austin, TX 78744",30.212978699999997,-97.6838758,['Authentic Japanese restaurant'],4.1,16,,"[['Saturday', 'Open 24 hours'], ['Sunday', 'Open 24 hours'], ['Monday', 'Open 24 hours'], ['Tuesday', 'Open 24 hours'], ['Wednesday', 'Open 24 hours'], ['Thursday', 'Open 24 hours'], ['Friday', 'Open 24 hours']]"
0x8640c4beab6f6663:0x4d23dfe5d8665337,Kuu,"Kuu, 947 Gessner Rd, Houston, TX 77024",29.7831002,-95.54538319999999,"['Japanese restaurant', 'Bar', 'Sushi restaurant']",4.4,433,$$$,"[['Saturday', '4:30–11PM'], ['Sunday', '11AM–3PM'], ['Monday', '11AM–2PM'], ['Tuesday', '11AM–2PM'], ['Wednesday', '11AM–2PM'], ['Thursday', '11AM–2PM'], ['Friday', '11AM–2PM']]"
0x8640dc0ca289776b:0x61f945d961b867c2,Teriyaki Madness,"Teriyaki Madness, 13410 Briar Forest Dr Ste 192, Houston, TX 77077",29.755886699999998,-95.62603999999999,"['Asian fusion restaurant', 'Caterer', 'Fast food restaurant', 'Gluten-free restaurant', 'Japanese restaurant', 'Restaurant']",4.5,266,$,"[['Saturday', '11AM–9PM'], ['Sunday', '11AM–9PM'], ['Monday', '11AM–9PM'], ['Tuesday', '11AM–9PM'], ['Wednesday', '11AM–9PM'], ['Thursday', '11AM–9PM'], ['Friday', '11AM–9PM']]"
0x8640d0864ea1ae59:0xeb1bbf29ab959002,Teriyaki House,"Teriyaki House, 6340 N Eldridge Pkwy H, Houston, TX 77041",29.8645706,-95.60641249999999,"['Japanese restaurant', 'Asian fusion restaurant', 'Asian restaurant', 'Chinese restaurant', 'Fast food restaurant', 'Ramen restaurant']",4.4,108,,"[['Saturday', '11AM–8PM'], ['Sunday', '11AM–8PM'], ['Monday', '11AM–8PM'], ['Tuesday', '11AM–8PM'], ['Wednesday', '11AM–8PM'], ['Thursday', '11AM–8PM'], ['Friday', '11AM–8PM']]"
0x864c1576efd509a1:0x7996bb0eacb5be80,Rice & Noodle,"Rice & Noodle, 1521 N Custer Rd STE 2600, McKinney, TX 75071",33.2148597,-96.7351163,"['Asian restaurant', 'Chinese restaurant', 'Japanese restaurant', 'Thai restaurant']",4.4,325,,"[['Saturday', '11AM–9:30PM'], ['Sunday', '11AM–9:30PM'], ['Monday', '11AM–9:30PM'], ['Tuesday', '11AM–9:30PM'], ['Wednesday', '11AM–9:30PM'], ['Thursday', '11AM–9:30PM'], ['Friday', '11AM–9:30PM']]"
0x864e73e7e6b6d34d:0x6148c3781389f4f0,Blue Sushi Sake Grill,"Blue Sushi Sake Grill, 3131 W 7th St, Fort Worth, TX 76107",32.7510186,-97.3627631,"['Sushi restaurant', 'Asian restaurant', 'Japanese restaurant', 'Lounge', 'Seafood restaurant']",4.6,1582,$$,"[['Saturday', '11:30AM–11:30PM'], ['Sunday', '11:30AM–9PM'], ['Monday', '11:30AM–10PM'], ['Tuesday', '11:30AM–10PM'], ['Wednesday', '11:30AM–10PM'], ['Thursday', '11:30AM–10PM'], ['Friday', '11:30AM–11:30PM']]"
0x8640c0f233eb408f:0xabdf876a640e519a,Kata Robata,"Kata Robata, 3600 Kirby Dr suite h, Houston, TX 77098",29.733587999999997,-95.419626,"['Japanese restaurant', 'Asian restaurant', 'Bar', 'Ramen restaurant', 'Seafood restaurant', 'Sushi restaurant']",4.6,1892,$$$,"[['Saturday', '12–3PM'], ['Sunday', '12–10:30PM'], ['Monday', '11:30AM–3PM'], ['Tuesday', '11:30AM–3PM'], ['Wednesday', '11:30AM–3PM'], ['Thursday', '11:30AM–3PM'], ['Friday', '11:30AM–3PM']]"
0x86454b79015afde3:0xa38476249c8d7e4f,O MART,"O MART, 714 S Fort Hood St, Killeen, TX 76541",31.1147438,-97.7436984,"['Supermarket', 'Asian grocery store', 'Chinese supermarket', 'Japanese grocery store', 'Korean grocery store']",4.4,1727,,"[['Saturday', '9AM–9PM'], ['Sunday', '10AM–9PM'], ['Monday', '9AM–9PM'], ['Tuesday', '9AM–9PM'], ['Wednesday', '9AM–9PM'], ['Thursday', '9AM–9PM'], ['Friday', '9AM–9PM']]"
0x864c3b5be2018b0d:0x95d9e109109c865d,Edoko Sushi & Robata,"Edoko Sushi & Robata, 5490 TX-121, Frisco, TX 75034",33.0873711,-96.8404966,"['Japanese restaurant', 'Asian restaurant', 'Restaurant', 'Sushi restaurant']",4.6,718,$$,"[['Saturday', '5–11PM'], ['Sunday', '5–10PM'], ['Monday', '11:15AM–2:30PM'], ['Tuesday', '11:15AM–2:30PM'], ['Wednesday', '11:15AM–2:30PM'], ['Thursday', '11:15AM–2:30PM'], ['Friday', '11:15AM–2:30PM']]"
0x864c213addea195b:0xc6ed30f4706e4376,RA Sushi Bar Restaurant,"RA Sushi Bar Restaurant, 5100 Belt Line Rd Suite 210, Dallas, TX 75254",32.950584299999996,-96.8211884,"['Sushi restaurant', 'Bar', 'Japanese restaurant', 'Restaurant']",4.2,966,$$,"[['Saturday', '11AM–11PM'], ['Sunday', '11AM–11PM'], ['Monday', '11AM–11PM'], ['Tuesday', '11AM–11PM'], ['Wednesday', '11AM–11PM'], ['Thursday', '11AM–11PM'], ['Friday', '11AM–11PM']]"
0x864c25129b1930e5:0x28bf79b9e73fc124,KANZI | Sushi & Hibachi Restaurant,"KANZI | Sushi & Hibachi Restaurant, 2560 King Arthur Blvd #142, Lewisville, TX 75056",33.0353473,-96.8985156,"['Sushi restaurant', 'Japanese restaurant', 'Korean restaurant']",4.6,275,$$,"[['Saturday', '4:30–10PM'], ['Sunday', '4:30–10PM'], ['Monday', '11AM–2:30PM'], ['Tuesday', '11AM–2:30PM'], ['Wednesday', '11AM–2:30PM'], ['Thursday', '11AM–2:30PM'], ['Friday', '11AM–2:30PM']]"
0x864c26c17b5fb895:0x4ec7f0cbea171b71,Fast Furious,"Fast Furious, 3761 Belt Line Rd, Addison, TX 75001",32.9537196,-96.8533657,"['Japanese restaurant', 'Fast food restaurant', 'Restaurant']",4.4,608,$,"[['Saturday', '11AM–9PM'], ['Sunday', 'Closed'], ['Monday', '11AM–9PM'], ['Tuesday', '11AM–9PM'], ['Wednesday', '11AM–9PM'], ['Thursday', '11AM–9PM'], ['Friday', '11AM–9PM']]"
0x864c282d82987b69:0xc61d88f0bfb7ac0f,Fast Furious,"Fast Furious, 949 W Royal Ln #115, Irving, TX 75039",32.8964004,-96.961901,"['Japanese restaurant', 'Fast food restaurant']",4.4,634,$,"[['Saturday', '11AM–9PM'], ['Sunday', 'Closed'], ['Monday', '11AM–9PM'], ['Tuesday', '11AM–9PM'], ['Wednesday', '11AM–9PM'], ['Thursday', '11AM–9PM'], ['Friday', '11AM–9PM']]"
0x864c2eec500e5cbd:0xe47db7df51ee003c,Fast and Furious,"Fast and Furious, Vista Ridge Plaza, 360 E Round Grove Rd #850, Lewisville, TX 75067",33.0040365,-96.9819155,['Japanese restaurant'],4.4,168,,"[['Saturday', '11AM–9PM'], ['Sunday', 'Closed'], ['Monday', '11AM–9PM'], ['Tuesday', '11AM–9PM'], ['Wednesday', '11AM–9PM'], ['Thursday', '11AM–9PM'], ['Friday', '11AM–9PM']]"
0x8640bf39304a692b:0x8c1703b6e7b6a04,Benihana,"Benihana, 1318 Louisiana St, Houston, TX 77002",29.756021999999998,-95.3696901,"['Japanese restaurant', 'Asian restaurant', 'Japanese steakhouse', 'Restaurant', 'Steak house', 'Sushi restaurant', 'Teppanyaki restaurant']",4.1,1427,$$$,"[['Saturday', '11AM–11PM'], ['Sunday', '11AM–10PM'], ['Monday', '11AM–10PM'], ['Tuesday', '11AM–10PM'], ['Wednesday', '11AM–10PM'], ['Thursday', '11AM–10PM'], ['Friday', '11AM–11PM']]"
0x865b39cfd96f5b77:0x916e3a83716d686,Cho Sushi Japanese Fusion,"Cho Sushi Japanese Fusion, 2422 Ranch Rd 620 S, Austin, TX 78738",30.3403006,-97.970625,"['Japanese restaurant', 'Japanese steakhouse', 'Sushi restaurant']",4.4,288,$$,"[['Friday', '11AM–2:30PM'], ['Saturday', '12–11PM'], ['Sunday', '4–9PM'], ['Monday', '11AM–2:30PM'], ['Tuesday', '11AM–2:30PM'], ['Wednesday', '11AM–2:30PM'], ['Thursday', '11AM–2:30PM']]"
0x865b32988bba76bf:0x4202c122c108d57f,Simon's Sushi,"Simon's Sushi, 11200 Lakeline Mall Dr # 206, Cedar Park, TX 78613",30.4705937,-97.8070801,"['Asian restaurant', 'Japanese restaurant', 'Sushi restaurant']",3.9,25,,"[['Friday', '10AM–9PM'], ['Saturday', '10AM–9PM'], ['Sunday', '12–6PM'], ['Monday', '10AM–9PM'], ['Tuesday', '10AM–9PM'], ['Wednesday', '10AM–9PM'], ['Thursday', '10AM–9PM']]"
0x864c18ffcdc7f47b:0x10733f889e220d29,Zenna Thai & Japanese Restaurant,"Zenna Thai & Japanese Restaurant, 2500 N Central Expy, Plano, TX 75074",33.031417999999995,-96.70676209999999,"['Thai restaurant', 'Japanese restaurant']",4.0,1834,$$,"[['Friday', '4PM–12AM'], ['Saturday', '4PM–12AM'], ['Sunday', '4PM–12AM'], ['Monday', '4PM–12AM'], ['Tuesday', '4PM–12AM'], ['Wednesday', '4PM–12AM'], ['Thursday', '4PM–12AM']]"
0x864ea429e31544c7:0xefdf97a06aca8508,Zenna Thai & Japanese Restaurant,"Zenna Thai & Japanese Restaurant, 3817 Pavillion Ct, Mesquite, TX 75150",32.8133852,-96.6271575,"['Thai restaurant', 'Asian restaurant', 'Japanese restaurant']",3.3,727,,"[['Friday', '4PM–12AM'], ['Saturday', '4PM–12AM'], ['Sunday', '4PM–12AM'], ['Monday', '4PM–12AM'], ['Tuesday', '4PM–12AM'], ['Wednesday', '4PM–12AM'], ['Thursday', '4PM–12AM']]"
0x864ea4298e96a181:0x5b6987c23ac60ed2,Kaze Sushi & Hibachi,"Kaze Sushi & Hibachi, 3919 Pavillion Ct, Mesquite, TX 75150",32.811862,-96.626922,"['Japanese restaurant', 'Korean restaurant', 'Restaurant', 'Sushi restaurant', 'Teppanyaki restaurant']",4.2,1502,$$,"[['Friday', '11AM–10PM'], ['Saturday', '12–10PM'], ['Sunday', '12–9PM'], ['Monday', '11AM–9PM'], ['Tuesday', '11AM–9PM'], ['Wednesday', '11AM–9PM'], ['Thursday', '11AM–9PM']]"
0x864736c15f73d1bd:0x6660673e1b34f81c,Benihana,"Benihana, 1720 Lake Woodlands Dr, Spring, TX 77380",30.1669114,-95.4607106,"['Japanese restaurant', 'Asian restaurant', 'Japanese steakhouse', 'Restaurant', 'Steak house', 'Sushi restaurant', 'Teppanyaki restaurant']",3.9,1213,$$$,"[['Friday', '11AM–11PM'], ['Saturday', '11AM–11PM'], ['Sunday', '11AM–10PM'], ['Monday', '11AM–10PM'], ['Tuesday', '11AM–10PM'], ['Wednesday', '11AM–10PM'], ['Thursday', '11AM–10PM']]"
0x863816297d493093:0x5cb50164d4e9396a,Tokyo Japanese Restaurant,"Tokyo Japanese Restaurant, 2950 S John Redditt Dr, Lufkin, TX 75904",31.3069444,-94.7297222,"['Japanese steakhouse', 'Asian restaurant', 'Japanese restaurant', 'Restaurant', 'Seafood restaurant', 'Steak house', 'Sushi restaurant']",4.4,284,$$,"[['Friday', '11AM–9:45PM'], ['Saturday', '11AM–9:45PM'], ['Sunday', '11AM–8:45PM'], ['Monday', 'Closed'], ['Tuesday', '11AM–2:20PM'], ['Wednesday', '11AM–2:20PM'], ['Thursday', '11AM–2:20PM']]"
0x8640cddf28164741:0xc100b44194b06b3d,Tokyo Japan Buffet,"Tokyo Japan Buffet, 7465 W Greens Rd, Houston, TX 77064",29.953574999999997,-95.5364917,"['Japanese restaurant', 'Asian restaurant', 'Buffet restaurant', 'Seafood restaurant', 'Sushi restaurant']",4.1,1208,$$,"[['Friday', '11AM–2:30PM'], ['Saturday', '11:30AM–3PM'], ['Sunday', '11:30AM–3PM'], ['Monday', '11AM–2:30PM'], ['Tuesday', '11AM–2:30PM'], ['Wednesday', '11AM–2:30PM'], ['Thursday', '11AM–2:30PM']]"
0x864c1f301e0241ff:0xc4d3db059c151d26,Sushi Sake,"Sushi Sake, 2150 N Collins Blvd, Richardson, TX 75080",32.978199,-96.71737999999999,"['Sushi restaurant', 'Asian restaurant', 'Japanese restaurant', 'Restaurant']",4.5,1017,$$,"[['Friday', '11:30AM–2PM'], ['Saturday', '5:30–10:30PM'], ['Sunday', 'Closed'], ['Monday', '11:30AM–2PM'], ['Tuesday', '11:30AM–2PM'], ['Wednesday', '11:30AM–2PM'], ['Thursday', '11:30AM–2PM']]"
0x865c60652e87910b:0x133971ccec478311,Sushihana Japanese Restaurant,"Sushihana Japanese Restaurant, 1810 NW Military Hwy, San Antonio, TX 78213",29.527545999999997,-98.51936099999999,"['Japanese restaurant', 'Asian fusion restaurant', 'Asian restaurant', 'Banquet hall', 'Authentic Japanese restaurant', 'Seafood restaurant', 'Sushi restaurant', 'Sushi takeaway', 'Wine bar']",4.6,984,$$,"[['Friday', '11AM–2PM'], ['Saturday', '11AM–2PM'], ['Sunday', 'Closed'], ['Monday', 'Closed'], ['Tuesday', '11AM–2PM'], ['Wednesday', '11AM–2PM'], ['Thursday', '11AM–2PM']]"
0x8644d6152f513fc9:0x546b4acc57c8f51e,Misu Sushi,"Misu Sushi, 600 N Austin Ave Suite 101, Georgetown, TX 78626",30.646797,-97.67884769999999,['Japanese restaurant'],4.7,378,$$,"[['Friday', '11AM–9PM'], ['Saturday', '11:30AM–9PM'], ['Sunday', 'Closed'], ['Monday', '11AM–9PM'], ['Tuesday', '11AM–9PM'], ['Wednesday', '11AM–9PM'], ['Thursday', '11AM–9PM']]"
0x8649cb8857ce31d3:0xd1f8ea18736422f5,Kawa's Hibachi Grill and Lounge,"Kawa's Hibachi Grill and Lounge, 1024 W SW Loop 323, Tyler, TX 75701",32.303075299999996,-95.3135748,"['Japanese steakhouse', 'Bar', 'Japanese restaurant', 'Lounge', 'Sushi restaurant', 'Wine bar']",4.5,1661,$$,"[['Friday', '11AM–11:30PM'], ['Saturday', '11AM–11:30PM'], ['Sunday', '11AM–10PM'], ['Monday', '11AM–10:30PM'], ['Tuesday', '11AM–10:30PM'], ['Wednesday', '11AM–10:30PM'], ['Thursday', '11AM–10:30PM']]"
0x865c620e1e3a490b:0x99c077e00d94eb39,Sushi Seven,"Sushi Seven, 19141 Stone Oak Pkwy #507, San Antonio, TX 78258",29.624640799999998,-98.4963192,"['Sushi restaurant', 'Japanese restaurant']",4.5,267,$$,"[['Friday', '11:30AM–11PM'], ['Saturday', '12:30–11PM'], ['Sunday', '1–9PM'], ['Monday', '11:30AM–10PM'], ['Tuesday', '11:30AM–10PM'], ['Wednesday', '11:30AM–10PM'], ['Thursday', '11:30AM–10PM']]"
0x865c61d448580bfb:0xa129318ad528d828,Yummi sushi and grill,"Yummi sushi and grill, 300 W Bitters Rd #185, San Antonio, TX 78216",29.567906999999998,-98.4875637,"['Restaurant', 'Japanese restaurant', 'Sushi restaurant']",4.5,508,$$,"[['Friday', '11:30AM–3PM'], ['Saturday', '12–10PM'], ['Sunday', '12–9PM'], ['Monday', '11:30AM–3PM'], ['Tuesday', '11:30AM–3PM'], ['Wednesday', '11:30AM–3PM'], ['Thursday', '11:30AM–3PM']]"
0x8644ca62cb940f5d:0x3d0641b88c526edd,Uchiko,"Uchiko, 4200 N Lamar Blvd, Austin, TX 78756",30.310826199999997,-97.7399628,"['Japanese restaurant', 'Seafood restaurant']",4.8,1831,$$$$,"[['Friday', '4–11PM'], ['Saturday', '4–11PM'], ['Sunday', '4–10PM'], ['Monday', '4–10PM'], ['Tuesday', '4–10PM'], ['Wednesday', '4–10PM'], ['Thursday', '4–10PM']]"
0x865c600ca8355cc9:0xce0734cebd1e72a8,Wild Goji Sushi Bar - Now Open,"Wild Goji Sushi Bar - Now Open, 7115 Blanco Rd #110, San Antonio, TX 78216",29.522712199999997,-98.5064878,"['Japanese restaurant', 'Asian fusion restaurant', 'Bar', 'Ramen restaurant', 'Sushi restaurant', 'Tapas bar']",4.5,766,$$,"[['Friday', '11:30AM–10:30PM'], ['Saturday', '12–10:30PM'], ['Sunday', '12–9PM'], ['Monday', '11:30AM–9:30PM'], ['Tuesday', 'Closed'], ['Wednesday', '11:30AM–9:30PM'], ['Thursday', '11:30AM–9:30PM']]"
0x865c65169b579e37:0x4a41a6e7c43d90ba,Yummi Japanese Restaurant,"78257 Texas, San Antonio, I-10, Yummi Japanese Restaurant",29.6644711,-98.63359559999999,"['Japanese restaurant', 'Asian restaurant', 'Restaurant', 'Sushi restaurant']",4.5,324,$$,"[['Friday', '11AM–10PM'], ['Saturday', '12–10PM'], ['Sunday', '12–9PM'], ['Monday', '11AM–9:30PM'], ['Tuesday', '11AM–9:30PM'], ['Wednesday', '11AM–9:30PM'], ['Thursday', '11AM–9:30PM']]"
0x865c5e1ae6789105:0x3ed60d533dbcc548,Minnano Japanese Grocery,"Minnano Japanese Grocery, 7460 Callaghan Rd # 310, San Antonio, TX 78229",29.503333299999998,-98.5588889,"['Japanese grocery store', 'Asian grocery store', 'Japanese cheap sweets shop']",4.8,1543,,"[['Friday', '10AM–7PM'], ['Saturday', '10AM–7PM'], ['Sunday', '12–6PM'], ['Monday', '10AM–7PM'], ['Tuesday', '10AM–7PM'], ['Wednesday', '10AM–7PM'], ['Thursday', '10AM–7PM']]"
0x865c642f004d12c1:0x8b102ea04908d2a2,Uni'Ko Japanese House,"Uni'Ko Japanese House, 17803, 1101 La Cantera Terrace #1101, San Antonio, TX 78256",29.610048,-98.60630189999999,"['Sushi restaurant', 'Japanese restaurant']",4.3,298,$$$,"[['Friday', '12–10PM'], ['Saturday', '12–10PM'], ['Sunday', '12–9PM'], ['Monday', '12–9PM'], ['Tuesday', '12–9PM'], ['Wednesday', '12–9PM'], ['Thursday', '12–9PM']]"
0x864dd4f56c5d2197:0x7923999fb056aaff,RA Sushi Bar Restaurant,"RA Sushi Bar Restaurant, 1131 E Southlake Blvd, Building L, Southlake, TX 76092",32.940394,-97.134011,"['Sushi restaurant', 'Bar', 'Japanese restaurant', 'Restaurant']",4.1,588,$$,"[['Friday', '11AM–11PM'], ['Saturday', '11AM–11PM'], ['Sunday', '11AM–11PM'], ['Monday', '11AM–11PM'], ['Tuesday', '11AM–11PM'], ['Wednesday', '11AM–11PM'], ['Thursday', '11AM–11PM']]"
0x86568dad63f93829:0x5841dd513223bb83,Hashi Teppan Grill,"Hashi Teppan Grill, 3388 Rebecca Ln, Abilene, TX 79606",32.3952185,-99.76636599999999,"['Japanese restaurant', 'Restaurant']",4.2,216,$,"[['Friday', '11AM–9PM'], ['Saturday', '11AM–9PM'], ['Sunday', '11AM–9PM'], ['Monday', '11AM–9PM'], ['Tuesday', '11AM–9PM'], ['Wednesday', '11AM–9PM'], ['Thursday', '11AM–9PM']]"
0x8640c333b2f25c77:0x55fe6c5fd02a6fb8,Tokyo One,"Tokyo One, 2938 W Sam Houston Pkwy S, Houston, TX 77042",29.733724,-95.55872,"['Sushi restaurant', 'Asian restaurant', 'Japanese restaurant']",3.7,524,$$,"[['Friday', '11AM–3PM'], ['Saturday', '11:30AM–10PM'], ['Sunday', '11:30AM–9:30PM'], ['Monday', '11AM–3PM'], ['Tuesday', '11AM–3PM'], ['Wednesday', '11AM–3PM'], ['Thursday', '11AM–3PM']]"
0x8665a77815035591:0x6e5994f04a19fc52,Poke Art,"Poke Art, 2575 E Griffin Pkwy STE 2, Mission, TX 78572",26.224001599999998,-98.27835449999999,"['Sushi restaurant', 'Hawaiian restaurant', 'Japanese restaurant', 'Restaurant', 'Vegan restaurant']",4.7,53,,"[['Friday', '11AM–10PM'], ['Saturday', '12–10PM'], ['Sunday', '12–9PM'], ['Monday', '11AM–9PM'], ['Tuesday', '11AM–9PM'], ['Wednesday', '11AM–9PM'], ['Thursday', '11AM–9PM']]"
0x8640dd466ea1ba33:0x4109a8c15967386a,Izakaya Hi,"Izakaya Hi, 12637 Westheimer Rd #140, Houston, TX 77077",29.7355032,-95.6072664,"['Izakaya restaurant', 'Japanese restaurant', 'Korean restaurant', 'Modern izakaya restaurants']",4.6,586,$,"[['Friday', '11:30AM–11:30PM'], ['Saturday', '12–11:30PM'], ['Sunday', '12–9PM'], ['Monday', '11:30AM–10:30PM'], ['Tuesday', '11:30AM–10:30PM'], ['Wednesday', '11:30AM–10:30PM'], ['Thursday', '11:30AM–10:30PM']]"
0x864dd938efe9548f:0x9ce2e2461cfa02f9,Kyushu Hibachi Steakhouse and Sushi,"Kyushu Hibachi Steakhouse and Sushi, 8933 Tehama Ridge Pkwy, Fort Worth, TX 76177",32.9026606,-97.32355609999999,"['Japanese steakhouse', 'Japanese restaurant', 'Sushi restaurant', 'Teppanyaki restaurant']",4.6,555,$$,"[['Thursday', '11AM–2:30PM'], ['Friday', '11AM–2:30PM'], ['Saturday', '12–10:30PM'], ['Sunday', '12–9PM'], ['Monday', '11AM–2:30PM'], ['Tuesday', '11AM–2:30PM'], ['Wednesday', '11AM–2:30PM']]"
0x864e9e6258917a49:0xde85cf9d2fc8aa5a,Shinsei Restaurant,"Shinsei Restaurant, 7713 Inwood Rd, Dallas, TX 75209",32.8499888,-96.82154729999999,"['Pan-Asian restaurant', 'Asian restaurant', 'Japanese restaurant', 'Sushi restaurant']",4.5,388,$$$,"[['Thursday', '5–10PM'], ['Friday', '5–11PM'], ['Saturday', '5–11PM'], ['Sunday', 'Closed'], ['Monday', '5–10PM'], ['Tuesday', '5–10PM'], ['Wednesday', '5–10PM']]"
0x864c3cf6e22f56e7:0x5794cb7ebbea884b,Meso Asia,"Meso Asia, 4235 Preston Rd, Frisco, TX 75034",33.114863,-96.80626699999999,"['Asian restaurant', 'Chinese restaurant', 'Japanese restaurant', 'Takeout Restaurant', 'Restaurant', 'Sushi restaurant']",4.2,368,$$,"[['Thursday', '11AM–9:30PM'], ['Friday', '11AM–9:30PM'], ['Saturday', '11AM–9:30PM'], ['Sunday', '11AM–9:30PM'], ['Monday', '11AM–9:30PM'], ['Tuesday', '11AM–9:30PM'], ['Wednesday', '11AM–9:30PM']]"
0x8644ccde3d6bab3d:0xec8571261f3f0a55,Kanji Ramen,"Kanji Ramen, 12636 Research Blvd C101, Austin, TX 78759",30.4311062,-97.765086,"['Ramen restaurant', 'Gyudon restaurant', 'Japanese restaurant', 'Sushi restaurant']",4.4,693,$,"[['Thursday', '11AM–2PM'], ['Friday', '11AM–2PM'], ['Saturday', '11AM–2:30PM'], ['Sunday', '11AM–2:30PM'], ['Monday', 'Closed'], ['Tuesday', '11AM–2PM'], ['Wednesday', '11AM–2PM']]"
0x8644d601959110af:0xaa556768b16af8df,Wasabi,"Wasabi, 3303 Williams Dr #1045, Georgetown, TX 78628",30.666427799999997,-97.694144,"['Sushi restaurant', 'Chinese restaurant', 'Japanese restaurant']",4.4,457,$$,"[['Thursday', '11AM–9:30PM'], ['Friday', '11AM–10PM'], ['Saturday', '11AM–10PM'], ['Sunday', '11AM–9PM'], ['Monday', '11AM–9:30PM'], ['Tuesday', '11AM–9:30PM'], ['Wednesday', '11AM–9:30PM']]"
0x864c2d1322c64803:0xafd5128b4a80f333,Asahi Teppenyaki & Sushi,"Asahi Teppenyaki & Sushi, 2300 Cross Timbers Rd, Flower Mound, TX 75028",33.0353269,-97.0641569,"['Japanese restaurant', 'Asian restaurant', 'Restaurant', 'Sushi restaurant']",4.6,518,$$,"[['Wednesday', '11:30AM–2:30PM'], ['Thursday', '11:30AM–2:30PM'], ['Friday', '11:30AM–2:30PM'], ['Saturday', '11:30AM–2:30PM'], ['Sunday', '12–9PM'], ['Monday', '11:30AM–2:30PM'], ['Tuesday', '11:30AM–2:30PM']]"
0x86685ef513e50195:0x3a4b23815b5175da,Aka Sushi Downtown,"Aka Sushi Downtown, 415 N Water St, Corpus Christi, TX 78401",27.7954534,-97.3931253,"['Sushi restaurant', 'Asian restaurant', 'Japanese restaurant']",4.6,387,$$,"[['Wednesday', '11AM–2PM'], ['Thursday', '11AM–2PM'], ['Friday', '11AM–2PM'], ['Saturday', '5–10:30PM'], ['Sunday', 'Closed'], ['Monday', '11AM–2PM'], ['Tuesday', '11AM–2PM']]"
0x865b4cab409201cb:0x2511967f41813aea,DK Sushi South & Seoul Korean Restaurant,"DK Sushi South & Seoul Korean Restaurant, 6400 S 1st St, Austin, TX 78745",30.2002861,-97.78624169999999,"['Sushi restaurant', 'Family restaurant', 'Japanese restaurant', 'Korean restaurant']",4.5,488,$$,"[['Wednesday', '11:30AM–2:30PM'], ['Thursday', '11:30AM–2:30PM'], ['Friday', '11:30AM–2:30PM'], ['Saturday', '4:30–9PM'], ['Sunday', 'Closed'], ['Monday', '11:30AM–2:30PM'], ['Tuesday', '11:30AM–2:30PM']]"
0x865c60a14df8749f:0x3681e6d2a905c918,Sumo Japanese Steakhouse,"Sumo Japanese Steakhouse, 8342 W I-10, San Antonio, TX 78230",29.518441499999998,-98.555424,"['Teppanyaki restaurant', 'Asian restaurant', 'Japanese restaurant', 'Japanese steakhouse', 'Restaurant', 'Seafood restaurant', 'Sushi restaurant']",4.2,1664,$$$,"[['Wednesday', '4:30–8:30PM'], ['Thursday', '4:30–8:30PM'], ['Friday', '4:30–9PM'], ['Saturday', '11:30AM–9PM'], ['Sunday', '11:30AM–9PM'], ['Monday', '4:30–8:30PM'], ['Tuesday', '4:30–8:30PM']]"
0x8644b43339a8b397:0x314f4d977c6845b2,Kemuri Tatsu-Ya,"Kemuri Tatsu-Ya, 2713 E 2nd St, Austin, TX 78702",30.253838,-97.712949,"['Japanese restaurant', 'Barbecue restaurant', 'Cocktail bar', 'Izakaya restaurant', 'Modern izakaya restaurants', 'Ramen restaurant', 'Yakitori restaurant']",4.5,1378,$$$,"[['Wednesday', '6–9PM'], ['Thursday', '6–9PM'], ['Friday', '6–10PM'], ['Saturday', '6–10PM'], ['Sunday', '6–9PM'], ['Monday', 'Closed'], ['Tuesday', 'Closed']]"
0x8644b51ecba165cf:0x6c41be37669e60ee,Uchi,"Uchi, 801 S Lamar Blvd, Austin, TX 78704",30.257520399999997,-97.75977239999999,['Japanese restaurant'],4.7,2057,$$$$,"[['Wednesday', '4–10PM'], ['Thursday', '4–10PM'], ['Friday', '4–11PM'], ['Saturday', '4–11PM'], ['Sunday', '4–10PM'], ['Monday', '4–10PM'], ['Tuesday', '4–10PM']]"
0x8644b35e093f42c5:0x899d41873cfcb553,Umi Sushi Bar & Grill,"Umi Sushi Bar & Grill, 5510 I-35 #400, Austin, TX 78745",30.2004278,-97.7635492,"['Sushi restaurant', 'Asian restaurant', 'Bar & grill', 'Japanese restaurant']",4.3,1128,$$,"[['Wednesday', '11:30AM–10PM'], ['Thursday', '11:30AM–11PM'], ['Friday', '11:30AM–12AM'], ['Saturday', '12PM–12AM'], ['Sunday', '12–10PM'], ['Monday', '11:30AM–10PM'], ['Tuesday', '11:30AM–10PM']]"
0x864c25e53c0d46f9:0xd30ec8bebc489239,GangNam Sushi House,"75007 Texas, Carrollton, Old Denton Rd, GangNam Sushi House",32.9872596,-96.9090487,"['Sushi restaurant', 'Japanese restaurant', 'Seafood restaurant']",4.0,333,$$,"[['Wednesday', '11AM–10PM'], ['Thursday', '11AM–10PM'], ['Friday', '11AM–11PM'], ['Saturday', '11AM–11PM'], ['Sunday', '12–10PM'], ['Monday', '11AM–10PM'], ['Tuesday', '11AM–10PM']]"
0x86fe726fc870bd15:0x7086b52b479d858e,Hayashi,"Hayashi, 4220 82nd St, Lubbock, TX 79423",33.5203223,-101.9041338,"['Japanese restaurant', 'Asian restaurant', 'Sushi restaurant']",4.3,668,$$,"[['Wednesday', '11AM–3PM'], ['Thursday', '11AM–3PM'], ['Friday', '11AM–3PM'], ['Saturday', '11AM–11PM'], ['Sunday', '11AM–10PM'], ['Monday', '11AM–3PM'], ['Tuesday', '11AM–3PM']]"
0x8644b51f67aab5cf:0xa954d06feb8ddd83,Soto South Lamar,"Soto South Lamar, 1100 S Lamar Blvd Ste 2115, Austin, TX 78704",30.255685399999997,-97.7620804,"['Japanese restaurant', 'Fine dining restaurant', 'Sushi restaurant']",4.8,1638,$$$,"[['Wednesday', '11AM–3PM'], ['Thursday', '11AM–3PM'], ['Friday', '11AM–3PM'], ['Saturday', '11AM–3PM'], ['Sunday', '11AM–3PM'], ['Monday', '5–10PM'], ['Tuesday', '5–10PM']]"
0x8644ce1e90a75203:0xeefa7e4738e6eac2,Tokyo Steak House and Sushi Bar,"Tokyo Steak House and Sushi Bar, 201 Sundance Pkwy STE D, Round Rock, TX 78681",30.48172,-97.682603,"['Japanese steakhouse', 'Bar', 'Japanese restaurant', 'Seafood restaurant', 'Sushi restaurant']",4.2,816,$$$,"[['Wednesday', '11AM–9PM'], ['Thursday', '11AM–9PM'], ['Friday', '11AM–10PM'], ['Saturday', '11AM–10PM'], ['Sunday', '11AM–9PM'], ['Monday', '11AM–9PM'], ['Tuesday', '11AM–9PM']]"
0x864c19c494599741:0x979b6269030c5543,Mitsuwa Marketplace - Texas Plano,"Mitsuwa Marketplace - Texas Plano, 100 Legacy Dr, Plano, TX 75023",33.0666393,-96.6929246,"['Japanese grocery store', 'Food court', 'Japanese restaurant', 'Supermarket']",4.6,2351,,"[['Wednesday', '10AM–9PM'], ['Thursday', '10AM–9PM'], ['Friday', '10AM–9PM'], ['Saturday', '9AM–9PM'], ['Sunday', '10AM–9PM'], ['Monday', '10AM–9PM'], ['Tuesday', '10AM–9PM']]"
0x8668f5938e3d0d79:0x6fcd3c7c90160a63,Takeniwa,"Takeniwa, 5216 S Padre Island Dr, Corpus Christi, TX 78411",27.7117906,-97.37658429999999,"['Japanese restaurant', 'Asian fusion restaurant', 'Asian restaurant', 'Chinese restaurant', 'Takeout Restaurant', 'Restaurant', 'Thai restaurant']",4.3,905,$$,"[['Wednesday', '11AM–10PM'], ['Thursday', '11AM–10PM'], ['Friday', '11AM–10PM'], ['Saturday', '11AM–10PM'], ['Sunday', '11AM–10PM'], ['Monday', '5–9PM'], ['Tuesday', '5–10PM']]"
0x865c66e9736bbf71:0x98ad36f623272c4c,Sapporo Sushi and Asian Fusion,"Sapporo Sushi and Asian Fusion, 5638 W Hausman Rd, San Antonio, TX 78249",29.5720691,-98.5975205,"['Asian restaurant', 'Japanese restaurant', 'Restaurant', 'Sushi restaurant']",4.5,1643,$,"[['Tuesday', '11AM–2PM'], ['Wednesday', '11AM–2PM'], ['Thursday', '11AM–2PM'], ['Friday', '11AM–2PM'], ['Saturday', '12–9PM'], ['Sunday', 'Closed'], ['Monday', '11AM–2PM']]"
0x8644ca47c6b38843:0x9f9de9ace594b120,Michi Ramen,"Michi Ramen, 6519 N Lamar Blvd, Austin, TX 78752",30.33335,-97.72142,"['Ramen restaurant', 'Japanese restaurant']",4.3,1844,$$,"[['Tuesday', '11AM–10PM'], ['Wednesday', '11AM–10PM'], ['Thursday', '11AM–10PM'], ['Friday', '11AM–10PM'], ['Saturday', '11AM–10PM'], ['Sunday', '11AM–10PM'], ['Monday', '11AM–10PM']]"
0x865b32ccfbeb1755:0x3a2929d9b245236,Midori Sushi Austin,"Midori Sushi Austin, 13435 US-183 #301, Austin, TX 78750",30.4487423,-97.78772029999999,"['Sushi restaurant', 'Asian fusion restaurant', 'Authentic Japanese restaurant', 'Japanese restaurant']",4.6,588,$$,"[['Tuesday', '11:30AM–9:30PM'], ['Wednesday', '11:30AM–9:30PM'], ['Thursday', '11:30AM–9:30PM'], ['Friday', '11:30AM–10:30PM'], ['Saturday', '12–10PM'], ['Sunday', 'Closed'], ['Monday', '11:30AM–9:30PM']]"
0x864e64bed12b3719:0xedfdc7fe821c8b24,Pan Asia Cuisine,"Pan Asia Cuisine, 5913 Donnelly Ave #121, Fort Worth, TX 76107",32.728964999999995,-97.4124506,"['Asian restaurant', 'Chinese restaurant', 'Japanese restaurant', 'Delivery Restaurant', 'Restaurant', 'Southeast Asian restaurant', 'Thai restaurant']",4.4,493,$,"[['Tuesday', '11AM–9:30PM'], ['Wednesday', '11AM–9:30PM'], ['Thursday', '11AM–9:30PM'], ['Friday', '11AM–9:30PM'], ['Saturday', '11AM–9:30PM'], ['Sunday', '11AM–9:30PM'], ['Monday', '11AM–9:30PM']]"
0x8649cc811289106f:0x61683acd57950c1e,TJ Sushi Asian Fusion,"TJ Sushi Asian Fusion, 5875 Old Bullard Rd #500, Tyler, TX 75703",32.2860903,-95.3069294,['Japanese restaurant'],4.7,38,,"[['Tuesday', '11AM–9PM'], ['Wednesday', '11AM–9PM'], ['Thursday', '11AM–9PM'], ['Friday', '11AM–9PM'], ['Saturday', '11AM–10PM'], ['Sunday', 'Closed'], ['Monday', '11AM–9PM']]"
0x8640b2ffbfe55a39:0xa2610725ef6951eb,Asian City Restaurant,"Asian City Restaurant, 20205 US-59, Humble, TX 77338",30.008941999999998,-95.267179,"['Pan-Asian restaurant', 'Asian restaurant', 'Chinese restaurant', 'Japanese restaurant', 'Japanese steakhouse', 'Sushi restaurant']",4.3,1261,$$,"[['Tuesday', '11AM–9PM'], ['Wednesday', '11AM–9PM'], ['Thursday', '11AM–9PM'], ['Friday', '11AM–9PM'], ['Saturday', '11AM–10PM'], ['Sunday', '11AM–10PM'], ['Monday', '11AM–9PM']]"
0x865c6074a35c7fdb:0x4446a5d644200e9e,Kobe Japanese Steakhouse,"Kobe Japanese Steakhouse, 1007 Northwest Loop 410, San Antonio, TX 78213",29.521303,-98.507269,"['Japanese restaurant', 'Asian restaurant', 'Japanese steakhouse', 'Seafood restaurant', 'Sushi restaurant']",4.1,830,$$,"[['Tuesday', '12–9:30PM'], ['Wednesday', '12–9:30PM'], ['Thursday', '12–9:30PM'], ['Friday', '12–9:30PM'], ['Saturday', '12–9:30PM'], ['Sunday', '12–9:30PM'], ['Monday', '12–9:30PM']]"
0x865b32ceea964281:0xcc9aad6170e9a108,Kobe Japanese Steakhouse,"Kobe Japanese Steakhouse, 13492 US-183 #380, Austin, TX 78750",30.449127999999998,-97.7920013,"['Japanese steakhouse', 'Asian restaurant', 'Restaurant', 'Steak house', 'Sushi restaurant', 'Teppanyaki restaurant']",4.2,868,$$$,"[['Tuesday', '11AM–9PM'], ['Wednesday', '11AM–9PM'], ['Thursday', '11AM–9PM'], ['Friday', '11AM–9PM'], ['Saturday', '11AM–9PM'], ['Sunday', '11AM–9PM'], ['Monday', 'Closed']]"
0x864c2210fc1c737f:0x2ffb884cb64a2be6,Geisha Steak & Sushi,"Geisha Steak & Sushi, 3801 W President George Bush Hwy, Plano, TX 75075",33.000178999999996,-96.76493599999999,"['Japanese steakhouse', 'Bar', 'Steak house', 'Sushi restaurant', 'Teppanyaki restaurant']",4.2,168,$$,"[['Monday', '11AM–2:30PM'], ['Tuesday', '11AM–2:30PM'], ['Wednesday', '11AM–2:30PM'], ['Thursday', '11AM–2:30PM'], ['Friday', '11AM–2:30PM'], ['Saturday', '12–10PM'], ['Sunday', '12–9PM']]"
0x8640c76dcc80146d:0x7ed5938fa7349e7c,KA Sushi,"KA Sushi, 1901 N Shepherd Dr #1, Houston, TX 77008",29.8030357,-95.4104885,"['Sushi restaurant', 'Bar', 'Japanese restaurant', 'Restaurant']",4.4,577,$$,"[['Monday', '11:30AM–9PM'], ['Tuesday', '11:30AM–9PM'], ['Wednesday', '11:30AM–10PM'], ['Thursday', '11:30AM–10PM'], ['Friday', '11:30AM–10PM'], ['Saturday', '11:30AM–10PM'], ['Sunday', '11:30AM–9PM']]"
0x8640bf41a1b8d7a9:0xbd13182b7bf2b9f1,Izakaya,"Izakaya, 318 Gray St, Houston, TX 77002",29.751794,-95.37693499999999,"['Modern izakaya restaurants', 'Bar', 'Gastropub', 'Japanese restaurant', 'Pub', 'Restaurant', 'Tapas bar']",4.5,1007,$$,"[['Monday', '11AM–3PM'], ['Tuesday', '11AM–3PM'], ['Wednesday', '11AM–3PM'], ['Thursday', '11AM–3PM'], ['Friday', '11AM–3PM'], ['Saturday', '12–11PM'], ['Sunday', '12–10PM']]"
0x8644cba5b96782df:0x1254a08b17582824,Kiwami Ramen,"Kiwami Ramen, 2700 W Anderson Ln, Austin, TX 78757",30.3585207,-97.73449769999999,"['Ramen restaurant', 'Asian fusion restaurant', 'Asian restaurant', 'Fine dining restaurant', 'Japanese restaurant']",3.9,194,$$,"[['Monday', '11AM–9:30PM'], ['Tuesday', '11AM–9:30PM'], ['Wednesday', '11AM–9:30PM'], ['Thursday', '11AM–9:30PM'], ['Friday', '11AM–10:30PM'], ['Saturday', '12–10:30PM'], ['Sunday', '12–9:30PM']]"
0x865b2c1867faf0d5:0x10d58af0568ddb54,Umiya Leander,"Umiya Leander, 3550 Lakeline Blvd #100, Leander, TX 78641",30.5445927,-97.8631492,"['Sushi restaurant', 'Japanese restaurant']",4.3,328,$$,"[['Monday', '11AM–9:30PM'], ['Tuesday', '11AM–9:30PM'], ['Wednesday', '11AM–9:30PM'], ['Thursday', '11AM–9:30PM'], ['Friday', '11AM–10PM'], ['Saturday', '12–10PM'], ['Sunday', '4–9:30PM']]"
0x8640bf4035314db9:0xa6a61408ff74f097,Gyu-Kaku Japanese BBQ,"Gyu-Kaku Japanese BBQ, 510 Gray St, Houston, TX 77002",29.750595999999998,-95.37531849999999,"['Yakiniku restaurant', 'Barbecue restaurant', 'Japanese restaurant', 'Tapas restaurant']",4.5,2675,$$,"[['Monday', '11AM–9:30PM'], ['Tuesday', '11AM–9:30PM'], ['Wednesday', '11AM–9:30PM'], ['Thursday', '11AM–9:30PM'], ['Friday', '11AM–10:30PM'], ['Saturday', '11AM–10:30PM'], ['Sunday', '11AM–9:30PM']]"
0x86faf95c2603e163:0xbbd3e78d2f010cba,Great Wall Buffet,"Great Wall Buffet, 602 S Main Ave, Monahans, TX 79756",31.5896147,-102.89091959999999,"['Asian restaurant', 'Chinese restaurant', 'Japanese restaurant', 'Restaurant', 'Sushi restaurant']",3.7,534,,"[['Sunday', '10:30AM–9:30PM'], ['Monday', '10:30AM–9:30PM'], ['Tuesday', '10:30AM–9:30PM'], ['Wednesday', '10:30AM–9:30PM'], ['Thursday', '10:30AM–9:30PM'], ['Friday', '10:30AM–9:30PM'], ['Saturday', '10:30AM–9:30PM']]"
0x8640dc624187f7c9:0xd513388f4804100c,Seiwa Market,"Seiwa Market, 1801 S Dairy Ashford Rd #116, Houston, TX 77077",29.747526099999998,-95.6051863,"['Japanese grocery store', 'Grocery store', 'Supermarket']",4.6,1355,,"[['Sunday', '9AM–7PM'], ['Monday', '9AM–5PM'], ['Tuesday', '9AM–5PM'], ['Wednesday', '9AM–5PM'], ['Thursday', '9AM–5PM'], ['Friday', '9AM–7PM'], ['Saturday', '9AM–7PM']]"
0x8641273f65ee1eb9:0x275ab8de36858c8f,Atami steak and sushi,"Atami steak and sushi, 549 Mason Rd, Katy, TX 77450",29.7766964,-95.75037359999999,"['Japanese restaurant', 'Asian restaurant', 'Japanese steakhouse', 'Sushi restaurant']",4.3,577,$$,"[['Sunday', '11AM–10PM'], ['Monday', '11AM–10PM'], ['Tuesday', '11AM–10PM'], ['Wednesday', '11AM–10PM'], ['Thursday', '11AM–10PM'], ['Friday', '11AM–10PM'], ['Saturday', '11AM–10PM']]"
0x8640bf66aaaaaaab:0xba870240e892b2c6,Uchi,"Uchi, 904 Westheimer Rd Suite A, Houston, TX 77006",29.7449105,-95.3907523,['Japanese restaurant'],4.7,1808,$$$$,"[['Sunday', '4–10PM'], ['Monday', '4–10PM'], ['Tuesday', '4–10PM'], ['Wednesday', '4–10PM'], ['Thursday', '4–10PM'], ['Friday', '4–11PM'], ['Saturday', '4–11PM']]"
0x864c3cc29647be11:0x91ad6d79ba3a101e,Yama Izakaya & Sushi,"Yama Izakaya & Sushi, 8600 Preston Rd #120, Plano, TX 75024",33.094935,-96.8044445,"['Japanese restaurant', 'Asian restaurant', 'Cocktail bar', 'Izakaya restaurant', 'Sushi restaurant']",4.5,673,$$,"[['Sunday', '5:30–10:30PM'], ['Monday', '5:30PM–2AM'], ['Tuesday', '5:30PM–2AM'], ['Wednesday', '4:30PM–2AM'], ['Thursday', '5:30PM–2AM'], ['Friday', '5:30PM–2AM'], ['Saturday', '5:30PM–2AM']]"
0x8640c39485c491a9:0x42082b377cc7f216,Sushi Choo Choo,"Sushi Choo Choo, 1675 S Voss Rd, Houston, TX 77057",29.7492876,-95.4998731,"['Conveyor belt sushi restaurant', 'Japanese restaurant', 'Restaurant']",4.4,1068,$,"[['Sunday', '11AM–9:30PM'], ['Monday', '11AM–9:30PM'], ['Tuesday', '11AM–9:30PM'], ['Wednesday', '11AM–9:30PM'], ['Thursday', '11AM–9:30PM'], ['Friday', '11AM–9:30PM'], ['Saturday', '11AM–9:30PM']]"
0x864e7f0760d6d355:0x923c90817044a127,Hanami Sushi Teppan Bar,"Hanami Sushi Teppan Bar, 1925 Airport Fwy, Bedford, TX 76021",32.8377528,-97.1362652,"['Japanese restaurant', 'Bar', 'Sushi restaurant', 'Teppanyaki restaurant']",4.3,458,$$,"[['Sunday', '12–8:45PM'], ['Monday', '11AM–2:30PM'], ['Tuesday', '11AM–2:30PM'], ['Wednesday', '11AM–2:30PM'], ['Thursday', '11AM–2:30PM'], ['Friday', '11AM–2:30PM'], ['Saturday', '12–10:45PM']]"
0x86472ff717718217:0x2d92b6cee31d3939,Umami Grill and Sushi,"Umami Grill and Sushi, 6950 Farm to Market Rd 1488, Magnolia, TX 77354",30.2211957,-95.5747458,"['Asian restaurant', 'Japanese restaurant', 'Korean barbecue restaurant', 'Korean restaurant', 'Restaurant', 'Sushi restaurant']",4.4,338,$$,"[['Sunday', '11AM–8:30PM'], ['Monday', 'Closed'], ['Tuesday', '11AM–8:30PM'], ['Wednesday', '11AM–8:30PM'], ['Thursday', '11AM–8:30PM'], ['Friday', '11AM–9:30PM'], ['Saturday', '11AM–9:30PM']]"
0x86472fba8ca1cf45:0xeaba51c1794817b4,Mei Wei,"Mei Wei, 30340 FM2978 #200, The Woodlands, TX 77354",30.190177799999997,-95.5904604,"['Chinese restaurant', 'Asian restaurant', 'Japanese restaurant', 'Thai restaurant']",4.2,294,$$,"[['Sunday', '11AM–9PM'], ['Monday', '11AM–9PM'], ['Tuesday', '11AM–9PM'], ['Wednesday', '11AM–9PM'], ['Thursday', '11AM–9PM'], ['Friday', '11AM–9:30PM'], ['Saturday', '11AM–9:30PM']]"
0x864e729c178db32b:0xeebdf412cedbe34f,Edohana Hibachi Sushi,"Edohana Hibachi Sushi, 5816 SW Loop 820, Fort Worth, TX 76132",32.6856197,-97.4114171,"['Japanese steakhouse', 'Asian restaurant', 'Fine dining restaurant', 'Lunch restaurant', 'Takeout Restaurant', 'Sushi restaurant', 'Sushi takeaway']",4.4,678,$$,"[['Saturday', '4:30–9:30PM'], ['Sunday', '4:30–9PM'], ['Monday', '11:30AM–1:30PM'], ['Tuesday', '11:30AM–1:30PM'], ['Wednesday', '11:30AM–1:30PM'], ['Thursday', '11:30AM–1:30PM'], ['Friday', '11:30AM–1:30PM']]"
0x864e0ce1b1cb26d9:0x1acd47c8373bc73e,Japanese Palace,"Japanese Palace, 8445 Camp Bowie W Blvd, Fort Worth, TX 76116",32.7237167,-97.4629889,"['Japanese restaurant', 'Asian restaurant', 'Bar', 'Sushi restaurant']",4.5,786,$$,"[['Saturday', '5–11PM'], ['Sunday', '5–10PM'], ['Monday', '5–10PM'], ['Tuesday', '5–10PM'], ['Wednesday', '5–10PM'], ['Thursday', '5–10PM'], ['Friday', '5–11PM']]"
0x8640e7a5323b70f9:0x89e3de23e1394878,China Bear,"China Bear, 12755 Southwest Fwy, Stafford, TX 77477",29.634090099999998,-95.5851986,"['Buffet restaurant', 'Authentic Japanese restaurant', 'Japanese restaurant', 'Restaurant', 'Seafood restaurant', 'Sushi restaurant']",3.9,1787,$$,"[['Saturday', '11AM–9PM'], ['Sunday', '11AM–9PM'], ['Monday', '11AM–9PM'], ['Tuesday', '11AM–9PM'], ['Wednesday', '11AM–9PM'], ['Thursday', '11AM–9PM'], ['Friday', '11AM–9PM']]"
0x8640e6bd658962d7:0xcd4e444301476fd8,Sarku Japan,"Sarku Japan, 16535 Southwest Fwy Space 427, Sugar Land, TX 77479",29.590847,-95.62539319999999,"['Japanese restaurant', 'Fast food restaurant', 'Sushi restaurant', 'Teppanyaki restaurant']",4.1,228,$,"[['Saturday', '11AM–8PM'], ['Sunday', '12–7PM'], ['Monday', '11AM–8PM'], ['Tuesday', '11AM–8PM'], ['Wednesday', '11AM–8PM'], ['Thursday', '11AM–8PM'], ['Friday', '11AM–8PM']]"
0x8640c125869e194b:0x4d217594f5f75660,Tamashi,"Tamashi, 2518 W Holcombe Blvd, Houston, TX 77030",29.7064098,-95.4172291,"['Japanese restaurant', 'Ramen restaurant']",4.7,612,$,"[['Saturday', '12–10PM'], ['Sunday', '12–9:30PM'], ['Monday', '11AM–9:30PM'], ['Tuesday', '11AM–9:30PM'], ['Wednesday', '11AM–9:30PM'], ['Thursday', '11AM–9:30PM'], ['Friday', '12–10PM']]"
0x864c2eef01fa0735:0x1d6eed15088c45c8,Ramen Hakata Lewisville,"Ramen Hakata Lewisville, 500 E Round Grove Rd #310, Lewisville, TX 75067",33.002806899999996,-96.9773202,"['Ramen restaurant', 'Japanese restaurant']",4.6,848,$$,"[['Saturday', '11AM–10:30PM'], ['Sunday', '12–9:30PM'], ['Monday', '11AM–9:30PM'], ['Tuesday', '11AM–9:30PM'], ['Wednesday', '11AM–9:30PM'], ['Thursday', '11AM–9:30PM'], ['Friday', '11AM–10:30PM']]"
0x864c23f6d9b01f1d:0x41083878cfadc7a9,The Blue Fish North Dallas,"The Blue Fish North Dallas, 18149 Dallas Pkwy #100, Dallas, TX 75287",32.9964848,-96.83065119999999,"['Japanese restaurant', 'Asian restaurant', 'Bar & grill', 'Japanese steakhouse', 'Lounge', 'Restaurant', 'Seafood restaurant', 'Sushi restaurant']",4.3,518,$$,"[['Saturday', '12–11PM'], ['Sunday', '12–10PM'], ['Monday', '11AM–2PM'], ['Tuesday', '11AM–2PM'], ['Wednesday', '11AM–2PM'], ['Thursday', '11AM–2PM'], ['Friday', '11AM–2PM']]"
0x864c2462b0c20d6b:0x79ea900f1c6f0c80,Masu Sushi & Hibachi,"Masu Sushi & Hibachi, 3220 E Hebron Pkwy, Carrollton, TX 75010",33.0251653,-96.8463598,"['Japanese restaurant', 'Asian restaurant', 'Sushi restaurant']",4.5,604,$$,"[['Saturday', '12–2:45PM'], ['Sunday', '12–8:30PM'], ['Monday', '11AM–2:15PM'], ['Tuesday', '11AM–2:15PM'], ['Wednesday', '11AM–2:15PM'], ['Thursday', '11AM–2:15PM'], ['Friday', '11AM–2:15PM']]"
0x8640d1a1efa37c6d:0x2c0a9e3cc0485bf6,Sushi Choo Choo,"Sushi Choo Choo, 12149 FM 1960, Houston, TX 77065",29.9237789,-95.59961419999999,"['Conveyor belt sushi restaurant', 'Asian restaurant', 'Japanese restaurant', 'Seafood restaurant']",4.4,1398,$,"[['Saturday', '11AM–10:30PM'], ['Sunday', '11:30AM–9:30PM'], ['Monday', '11AM–10PM'], ['Tuesday', '11AM–10PM'], ['Wednesday', '11AM–10PM'], ['Thursday', '11AM–10PM'], ['Friday', '11AM–10:30PM']]"
0x8640db7455ea5673:0xf6f77244c5a04d1,Mikoto Ramen & Sushi Bar,"Mikoto Ramen & Sushi Bar, 12155 Katy Fwy, Houston, TX 77079",29.7832781,-95.60029469999999,"['Japanese restaurant', 'Asian restaurant']",4.3,1202,$$,"[['Saturday', '11AM–11PM'], ['Sunday', '11AM–10PM'], ['Monday', '11AM–3:30PM'], ['Tuesday', '11AM–3:30PM'], ['Wednesday', '11AM–3:30PM'], ['Thursday', '11AM–3:30PM'], ['Friday', '11AM–3:30PM']]"
0x864c1f72aa95bca1:0x386198b75049074e,Maru Ramen,"Maru Ramen, 400 N Greenville Ave #26, Richardson, TX 75081",32.9541161,-96.7280677,"['Japanese restaurant', 'Restaurant']",4.4,847,$$,"[['Saturday', '11AM–3PM'], ['Sunday', '11AM–3PM'], ['Monday', '11AM–3PM'], ['Tuesday', '11AM–3PM'], ['Wednesday', '11AM–3PM'], ['Thursday', '11AM–3PM'], ['Friday', '11AM–3PM']]"
0x864e98c2c6102db3:0xa9d22bfc8c6417b7,Niwa Japanese BBQ,"Niwa Japanese BBQ, 2939 Main St, Dallas, TX 75226",32.7845673,-96.7807277,"['Japanese restaurant', 'Asian fusion restaurant', 'Asian restaurant', 'Bar', 'Barbecue restaurant', 'Family restaurant', 'Restaurant', 'Yakiniku restaurant']",4.6,818,$$$,"[['Saturday', '6–11PM'], ['Sunday', '6–11PM'], ['Monday', '6–11PM'], ['Tuesday', '6–11PM'], ['Wednesday', 'Closed'], ['Thursday', '6–11PM'], ['Friday', '6–11PM']]"
0x864c19dcb8a9fa3b:0xe85d8bb470ae4d39,Tokyo Harbor,"Tokyo Harbor, 1025 N Central Expy #100, Plano, TX 75075",33.0167824,-96.709526,"['Japanese steakhouse', 'Restaurant', 'Sushi restaurant', 'Teppanyaki restaurant']",4.6,344,$$,"[['Saturday', '12–11PM'], ['Sunday', '12–10PM'], ['Monday', 'Closed'], ['Tuesday', '11AM–3PM'], ['Wednesday', '11AM–3PM'], ['Thursday', '11AM–3PM'], ['Friday', '11AM–3PM']]"
0x864c3cbc1821b6ef:0x8d220c6808369d40,The Blue Fish - 121,"The Blue Fish - 121, 5760 TX-121 #175, Plano, TX 75024",33.0905726,-96.8198135,"['Japanese restaurant', 'Asian restaurant', 'Bar & grill', 'Diner', 'Lounge', 'Organic restaurant', 'Restaurant', 'Seafood restaurant', 'Sushi restaurant', 'Sushi takeaway']",4.2,608,$$,"[['Saturday', '12–10PM'], ['Sunday', '12–9:30PM'], ['Monday', '10AM–2PM'], ['Tuesday', '10AM–2PM'], ['Wednesday', '10AM–2PM'], ['Thursday', '10AM–2PM'], ['Friday', '10AM–2PM']]"
0x864c175da17e75a3:0x5a9c89a0937ab96f,The Blue Fish Allen,"The Blue Fish Allen, 940 Garden Park Dr, Allen, TX 75013",33.0886111,-96.68444439999999,"['Japanese restaurant', 'Asian restaurant', 'Lounge', 'Organic restaurant', 'Seafood restaurant', 'Sushi restaurant']",4.4,528,$$,"[['Saturday', '12–10PM'], ['Sunday', '12–9PM'], ['Monday', '11AM–2PM'], ['Tuesday', '11AM–2PM'], ['Wednesday', '11AM–2PM'], ['Thursday', '11AM–2PM'], ['Friday', '11AM–2PM']]"
0x864c3cc47d678a3b:0xa47cbb97bdeb678f,Ikigai Udon,"Ikigai Udon, 8245 Preston Rd #100, Plano, TX 75024",33.089788899999995,-96.8065889,"['Authentic Japanese restaurant', 'Asian fusion restaurant', 'Asian restaurant', 'Japanese curry restaurant', 'Noodle shop', 'Restaurant', 'Rice restaurant', 'Salad shop', 'Tempura restaurant', 'Udon noodle restaurant']",4.3,453,$,"[['Saturday', '11AM–9:30PM'], ['Sunday', '11AM–9:30PM'], ['Monday', '11AM–9:30PM'], ['Tuesday', '11AM–9:30PM'], ['Wednesday', '11AM–9:30PM'], ['Thursday', '11AM–9:30PM'], ['Friday', '11AM–9:30PM']]"
0x864127297e6e08a5:0xb1cebc1160050f65,Kokai Sushi and Lounge,"Kokai Sushi and Lounge, 2404 Texmati Dr #101, Katy, TX 77494",29.7816081,-95.81039419999999,"['Japanese restaurant', 'Bar', 'Latin American restaurant', 'Sushi restaurant', 'Teppanyaki restaurant', 'Vegetarian restaurant']",4.5,456,,"[['Saturday', '12–10PM'], ['Sunday', '12–8PM'], ['Monday', '12–10PM'], ['Tuesday', '12–10PM'], ['Wednesday', '12–10PM'], ['Thursday', '12–10PM'], ['Friday', '12–10PM']]"
0x865ca96d477e567b:0xd51fd1a6f352818,Kobe Steak House & Sushi,"Kobe Steak House & Sushi, 210 Springtown Way, San Marcos, TX 78666",29.887105199999997,-97.9217164,"['Japanese steakhouse', 'Restaurant', 'Sushi restaurant', 'Teppanyaki restaurant']",4.4,641,,"[['Saturday', '11:30AM–11PM'], ['Sunday', '11:30AM–10PM'], ['Monday', '11:30AM–10PM'], ['Tuesday', '11:30AM–10PM'], ['Wednesday', '11:30AM–10PM'], ['Thursday', '11:30AM–10PM'], ['Friday', '11:30AM–11PM']]"
0x8644cfebf8eb6f97:0xa8daa90dfafa2ccd,Bonchon Round Rock,"Bonchon Round Rock, 2800 S IH 35 Frontage Rd Suite 120, Round Rock, TX 78681",30.481109999999997,-97.67759,"['Asian fusion restaurant', 'Asian restaurant', 'Chicken restaurant', 'Chicken wings restaurant', 'Fried chicken takeaway', 'Japanese restaurant', 'Korean restaurant', 'Pan-Asian restaurant']",3.9,373,$$,"[['Saturday', '11:30AM–9PM'], ['Sunday', '11:30AM–9PM'], ['Monday', '11:30AM–9PM'], ['Tuesday', 'Closed'], ['Wednesday', '11:30AM–9PM'], ['Thursday', '11:30AM–9PM'], ['Friday', '11:30AM–9PM']]"
0x8644cf889f768fbf:0x658160fc2af5674,Me So Poke,"Me So Poke, 1700 W Parmer Ln, Austin, TX 78727",30.4131638,-97.6880058,"['Hawaiian restaurant', 'Japanese restaurant', 'Sushi restaurant']",4.7,118,,"[['Saturday', '11:30AM–8PM'], ['Sunday', '11:30AM–8PM'], ['Monday', '11:30AM–8PM'], ['Tuesday', '11:30AM–8PM'], ['Wednesday', '11:30AM–8PM'], ['Thursday', '11:30AM–8PM'], ['Friday', '11:30AM–8PM']]"
0x864e63029b556f4f:0x2881c8e20233c142,SushiYAA,"SushiYAA, 1827 SW Green Oaks Blvd #100, Arlington, TX 76017",32.660205999999995,-97.135953,"['Sushi restaurant', 'Asian restaurant', 'Buffet restaurant', 'Japanese restaurant', 'Seafood restaurant']",3.8,373,$$,"[['Friday', '11AM–9:30PM'], ['Saturday', '11AM–9:30PM'], ['Sunday', '11AM–9:30PM'], ['Monday', '11AM–9:30PM'], ['Tuesday', '11AM–9:30PM'], ['Wednesday', '11AM–9:30PM'], ['Thursday', '11AM–9:30PM']]"
0x870150542342e0b9:0x5060c14de563d06c,Kabuki Romanza,"Kabuki Romanza, 8130 I-40 Frontage Rd, Amarillo, TX 79106",35.1880172,-101.93090389999999,"['Japanese restaurant', 'Asian restaurant', 'Takeout Restaurant', 'Restaurant', 'Steak house', 'Sushi restaurant', 'Tapas restaurant']",4.2,1198,$$$,"[['Friday', '5–9PM'], ['Saturday', '11AM–9PM'], ['Sunday', '11AM–9PM'], ['Monday', '5–9PM'], ['Tuesday', '5–9PM'], ['Wednesday', '5–9PM'], ['Thursday', '5–9PM']]"
0x864731f1ac61a0d5:0x552a464c3a29643d,Shogun Japanese Grill & Sushi Bar,"Shogun Japanese Grill & Sushi Bar, 26400 Kuykendahl Rd C120, The Woodlands, TX 77389",30.1432918,-95.54842649999999,"['Sushi restaurant', 'Japanese restaurant', 'Restaurant']",4.3,253,$$,"[['Friday', '11AM–11PM'], ['Saturday', '11AM–11PM'], ['Sunday', '11AM–10PM'], ['Monday', '11AM–10PM'], ['Tuesday', '11AM–10PM'], ['Wednesday', '11AM–10PM'], ['Thursday', '11AM–10PM']]"
0x8640e69389c98483:0xceb906171485e6c0,Benihana,"Benihana, 2579 Town Center Blvd N, Sugar Land, TX 77479",29.595236999999997,-95.619346,"['Teppanyaki restaurant', 'Asian restaurant', 'Japanese steakhouse', 'Restaurant', 'Steak house', 'Sushi restaurant']",4.2,967,$$$,"[['Thursday', '11AM–10PM'], ['Friday', '11AM–11PM'], ['Saturday', '11AM–11PM'], ['Sunday', '11AM–10PM'], ['Monday', '11AM–10PM'], ['Tuesday', '11AM–10PM'], ['Wednesday', '11AM–10PM']]"
0x8640c34983e7bf7f:0xfb70b0ce1aaa703d,Go Go Curry Houston,"Go Go Curry Houston, 9889 Bellaire Blvd Suite C317, Houston, TX 77036",29.702647,-95.5534078,['Japanese curry restaurant'],4.0,178,,"[['Thursday', '10:55AM–9PM'], ['Friday', '10:55AM–9PM'], ['Saturday', '10:55AM–9PM'], ['Sunday', '10:55AM–9PM'], ['Monday', '10:55AM–9PM'], ['Tuesday', '10:55AM–9PM'], ['Wednesday', '10:55AM–9PM']]"
0x86426736231a6e99:0xf608723815e29c5a,Tokyo Grill & Sushi Bar,"Tokyo Grill & Sushi Bar, 5006 N Navarro St, Victoria, TX 77904",28.840799999999998,-97.0,"['Japanese restaurant', 'Asian restaurant', 'Sushi restaurant']",4.3,753,$$$,"[['Thursday', '11AM–2:30PM'], ['Friday', '11AM–10:45PM'], ['Saturday', '11AM–10:45PM'], ['Sunday', '11AM–9:45PM'], ['Monday', '11AM–2:30PM'], ['Tuesday', '11AM–2:30PM'], ['Wednesday', '11AM–2:30PM']]"
