gmap_id,name,address,latitude,longitude,category,avg_rating,num_of_reviews,price,hours
0x89b07e93cdeaddcd:0x22c89b47849fedeb,First Wok Chinese & Hibachi,"First Wok Chinese & Hibachi, 12917 Jefferson Ave S, Newport News, VA 23608",37.1505335,-76.5307014,"['Chinese takeaway', 'Chinese language instructor', 'Japanese language instructor', 'Restaurant']",3.8,53,$,"[['Tuesday', '11AM–10PM'], ['Wednesday', '11AM–10PM'], ['Thursday', '11AM–10PM'], ['Friday', '11AM–11PM'], ['Saturday', '11AM–11PM'], ['Sunday', '3–10PM'], ['Monday', '11AM–10PM']]"
0x89b2d3d25d66e545:0x791f81b20dde9b18,Kabuto Hibachi Express,"Kabuto Hibachi Express, 14595 Forest Rd, Forest, VA 24551",37.3686463,-79.3001228,['Japanese restaurant'],4.5,36,,"[['Saturday', '4–9PM'], ['Sunday', 'Closed'], ['Monday', '11AM–2PM'], ['Tuesday', '11AM–2PM'], ['Wednesday', '11AM–2PM'], ['Thursday', '11AM–2PM'], ['Friday', '11AM–2PM']]"
0x89b644e5520c7ba3:0xcdbd6777380d0b25,Yogi Jogi,"Yogi Jogi, 5900 Centreville Crest Ln, Centreville, VA 20120",38.8379611,-77.43594019999999,"['Asian restaurant', 'Japanese restaurant', 'Korean restaurant']",3.9,48,$$,"[['Monday', '8AM–7PM'], ['Tuesday', '8AM–7PM'], ['Wednesday', '8AM–7PM'], ['Thursday', '8AM–7PM'], ['Friday', '8AM–7PM'], ['Saturday', '8AM–7PM'], ['Sunday', '8AM–7PM']]"
0x89b2d8da047c9bcf:0x9dee36af1094efd0,Koto Grill,"Koto Grill, 4758 S Amherst Hwy, Madison Heights, VA 24572",37.4428511,-79.12035829999999,"['Japanese restaurant', 'Bar', 'Family restaurant', 'Sushi restaurant']",4.3,17,,"[['Monday', 'Closed'], ['Tuesday', '4–10PM'], ['Wednesday', '4–10PM'], ['Thursday', '4–11PM'], ['Friday', '4–11PM'], ['Saturday', '4–11PM'], ['Sunday', 'Closed']]"
0x89b645d58c1bd4db:0xca70c9992c682207,Gaboja II,"Gaboja II, 14245H Centreville Square, Centreville, VA 20121",38.8375272,-77.4390912,"['Sushi restaurant', 'Japanese restaurant', 'Korean restaurant', 'Takeout Restaurant', 'Restaurant', 'Seafood restaurant']",3.3,18,,"[['Sunday', '11AM–10PM'], ['Monday', '11AM–10PM'], ['Tuesday', '11AM–10PM'], ['Wednesday', '11AM–10PM'], ['Thursday', '11AM–10PM'], ['Friday', '11AM–10PM'], ['Saturday', '11AM–10PM']]"
0x89b1131568ce685d:0x334f0b866397f75f,Rva Onigiri,"Rva Onigiri, 2820 W Cary St #3, Richmond, VA 23221",37.552315899999996,-77.4773093,['Japanese delicatessen'],4.9,38,,"[['Saturday', '11AM–7PM'], ['Sunday', '12–5PM'], ['Monday', 'Closed'], ['Tuesday', '11AM–7PM'], ['Wednesday', '11AM–7PM'], ['Thursday', '11AM–7PM'], ['Friday', '11AM–7PM']]"
0x89b65dc9e925bfb3:0x912d459e437b4942,Wasabiko,"Wasabiko, 7412 Stream Walk Ln, Manassas, VA 20109",38.7963355,-77.5236941,"['Japanese restaurant', 'Sushi restaurant']",4.9,24,,"[['Friday', '10AM–7:30PM'], ['Saturday', '10AM–7:30PM'], ['Sunday', '10AM–7PM'], ['Monday', '10AM–7:30PM'], ['Tuesday', '10AM–7:30PM'], ['Wednesday', '10AM–7:30PM'], ['Thursday', '10AM–7:30PM']]"
0x89b71980e846cce1:0x56c3d50189e41309,Hancho's Hibachi Box,"Hancho's Hibachi Box, 5079 James Madison Pkwy, King George, VA 22485",38.3432319,-77.0672234,['Japanese restaurant'],4.5,25,,"[['Monday', '11AM–9PM'], ['Tuesday', '11AM–9PM'], ['Wednesday', '11AM–9PM'], ['Thursday', '11AM–9PM'], ['Friday', '11AM–9:30PM'], ['Saturday', '11AM–9:30PM'], ['Sunday', '11AM–9PM']]"
0x89b1a5365a23e67d:0x9fe7994603519bec,Lucky Wings & Hibachi,"Lucky Wings & Hibachi, 2138 S Crater Rd, Petersburg, VA 23805",37.2010833,-77.37977289999999,"['Chicken restaurant', 'American restaurant', 'Asian fusion restaurant', 'Fried chicken takeaway', 'Japanese restaurant']",3.5,8,,"[['Monday', 'Closed'], ['Tuesday', '11AM–9:30PM'], ['Wednesday', '11AM–9:30PM'], ['Thursday', '11AM–9:30PM'], ['Friday', '11AM–10:30PM'], ['Saturday', '11AM–10:30PM'], ['Sunday', '12–9PM']]"
0x89b7b728aca9cda1:0xd7c7c7ac51e72d91,Utahime Asian Bistro & Bar,"Utahime Asian Bistro & Bar, 3225 Washington Blvd, Arlington, VA 22201",38.886167,-77.09761379999999,"['Japanese restaurant', 'Asian restaurant', 'Bar', 'Karaoke bar', 'Sushi restaurant']",4.5,27,,"[['Sunday', '11AM–10PM'], ['Monday', '11AM–3PM'], ['Tuesday', '11AM–3PM'], ['Wednesday', '11AM–3PM'], ['Thursday', '11AM–3PM'], ['Friday', '11AM–3PM'], ['Saturday', '11AM–2AM']]"
0x89b64d3909c20759:0xda887c7354075dcf,YamaChen's sushi,"YamaChen's sushi, 9650 Main St Ste 41, Fairfax, VA 22031",38.8447025,-77.2756064,"['Sushi restaurant', 'Asian restaurant', 'Japanese restaurant', 'Seafood restaurant']",4.5,58,,"[['Thursday', '11:30AM–3PM'], ['Friday', '11:30AM–3PM'], ['Saturday', '12–10PM'], ['Sunday', '12–10PM'], ['Monday', '11:30AM–3PM'], ['Tuesday', '11:30AM–3PM'], ['Wednesday', '11:30AM–3PM']]"
0x89ba957d75212f91:0xd75ad2ef3dace0bb,Matsu Sushi Bar,"Matsu Sushi Bar, 4312 Holland Rd #107, Virginia Beach, VA 23452",36.82203,-76.123024,"['Japanese restaurant', 'Asian restaurant', 'Bar', 'Restaurant', 'Sushi restaurant']",4.7,26,$$,"[['Wednesday', '11:30AM–2:30PM'], ['Thursday', '11:30AM–2:30PM'], ['Friday', '11:30AM–2:30PM'], ['Saturday', '4:30–10PM'], ['Sunday', '4:30–9:30PM'], ['Monday', '11:30AM–2:30PM'], ['Tuesday', '11:30AM–2:30PM']]"
0x89babc8b9bd3a5d7:0x277eedce5d4c4c50,Haiku Sushi,"Haiku Sushi, 801 Volvo Pkwy #103, Chesapeake, VA 23320",36.767023,-76.227643,"['Sushi restaurant', 'Asian restaurant', 'Chinese restaurant', 'Japanese restaurant', 'Restaurant']",4.1,67,$$,"[['Wednesday', '11AM–2:30PM'], ['Thursday', '11AM–2:30PM'], ['Friday', '11AM–2:30PM'], ['Saturday', '12–10PM'], ['Sunday', '4:30–9PM'], ['Monday', '11AM–2:30PM'], ['Tuesday', '11AM–2:30PM']]"
0x89b64adfa55f0e89:0x4e350ce523524a6,Sushi Nami,"Sushi Nami, 7801 Leesburg Pike, Falls Church, VA 22043",38.907968,-77.2158792,['Japanese restaurant'],3.5,6,,"[['Tuesday', 'Open 24 hours'], ['Wednesday', 'Open 24 hours'], ['Thursday', 'Open 24 hours'], ['Friday', 'Open 24 hours'], ['Saturday', 'Open 24 hours'], ['Sunday', 'Open 24 hours'], ['Monday', 'Open 24 hours']]"
0x89ba95a7047c12c9:0xafdde0f91a312d78,Amura Sushi Cafe,"Amura Sushi Cafe, 4801 Shore Dr Ste. A-3, Virginia Beach, VA 23455",36.9032738,-76.1361902,"['Sushi restaurant', 'Japanese restaurant']",4.8,58,,"[['Tuesday', '11AM–2:30PM'], ['Wednesday', '11AM–2:30PM'], ['Thursday', 'Closed'], ['Friday', '11AM–2:30PM'], ['Saturday', '5–9PM'], ['Sunday', 'Closed'], ['Monday', '11AM–2:30PM']]"
0x89baebe0c8e92681:0x18bb0779234e7b2b,Sakura Poke Bowl & Sushi,"Sakura Poke Bowl & Sushi, Verizon, 701 Lynnhaven Pkwy Inside Lynnhaven Mall (T-Mobile &, Entrance, Virginia Beach, VA 23452",36.8161418,-76.0712139,"['Sushi restaurant', 'Japanese restaurant']",4.6,16,,"[['Thursday', '11AM–7PM'], ['Friday', '11AM–7PM'], ['Saturday', '11AM–7PM'], ['Sunday', '12–6PM'], ['Monday', '11AM–7PM'], ['Tuesday', '11AM–7PM'], ['Wednesday', '11AM–7PM']]"
0x89b65cf80922e52d:0x220987ec9a7eeae8,Nori Japan,"Nori Japan, 8300 Sudley Rd, Manassas, VA 20109",38.773128899999996,-77.50554869999999,['Japanese restaurant'],3.2,18,$,"[['Thursday', '10AM–9PM'], ['Friday', '10AM–9PM'], ['Saturday', '10AM–9PM'], ['Sunday', '11AM–6PM'], ['Monday', '10AM–9PM'], ['Tuesday', '10AM–9PM'], ['Wednesday', '10AM–9PM']]"
0x89ba9514e860f57d:0x1d4d331e3c1b5484,Misako,"Misako, 4000 Virginia Beach Blvd # 176, Virginia Beach, VA 23452",36.842495,-76.112475,"['Japanese restaurant', 'Asian restaurant', 'Sushi restaurant']",4.6,18,$$,"[['Wednesday', '11:30AM–2:30PM'], ['Thursday', '11:30AM–2:30PM'], ['Friday', '11:30AM–2:30PM'], ['Saturday', '11:30AM–2:30PM'], ['Sunday', 'Closed'], ['Monday', '11:30AM–2:30PM'], ['Tuesday', '11:30AM–2:30PM']]"
0x89b07eae504a5c4f:0x2c5272cf9b87b6c4,Kappo Nara Asian Cuisine,"Kappo Nara Asian Cuisine, 14501 Warwick Blvd, Newport News, VA 23608",37.130338699999996,-76.53958779999999,"['Asian fusion restaurant', 'Asian restaurant', 'Japanese curry restaurant', 'Japanese restaurant', 'Takeout Restaurant', 'Pho restaurant', 'Ramen restaurant', 'Self-catering accommodation', 'Thai restaurant', 'Vietnamese restaurant']",4.6,78,,
0x89b7b0f1cebfd319:0xe584e9f4676115b6,Royal Thai & Sushi Bar,"Royal Thai & Sushi Bar, 801 N Fairfax St, Alexandria, VA 22314",38.8131868,-77.04029729999999,"['Thai restaurant', 'Asian restaurant', 'Japanese restaurant', 'Southeast Asian restaurant', 'Sushi restaurant']",3.6,8,,"[['Tuesday', '11:30AM–9:30PM'], ['Wednesday', '11:30AM–9:30PM'], ['Thursday', '11:30AM–9:30PM'], ['Friday', '11:30AM–9:30PM'], ['Saturday', '11:30AM–9:30PM'], ['Sunday', '5–9PM'], ['Monday', '11:30AM–9:30PM']]"
0x89b2d9845bb2f31f:0x4f21e49834ea546,Main Street Sports Bar & Grill,"Main Street Sports Bar & Grill, 1125 Main St, Lynchburg, VA 24504",37.41241,-79.1404113,"['Sports bar', 'Japanese steakhouse', 'Seafood restaurant']",4.6,73,$,"[['Sunday', '11AM–12AM'], ['Monday', '11AM–12AM'], ['Tuesday', '11AM–12AM'], ['Wednesday', '11AM–12AM'], ['Thursday', '11AM–12AM'], ['Friday', '11AM–12AM'], ['Saturday', '11AM–12AM']]"
0x89ba9457a60a6c49:0x91648f1cb3f5e69b,Kobe Sushi Japanese Steakhouse,"Kobe Sushi Japanese Steakhouse, 1033 Independence Blvd, Virginia Beach, VA 23455",36.8717894,-76.1347509,['Japanese restaurant'],4.4,54,$$,"[['Saturday', '11:30AM–2:30PM'], ['Sunday', '4:30–9:30PM'], ['Monday', '11:30AM–2:30PM'], ['Tuesday', '11:30AM–2:30PM'], ['Wednesday', '11:30AM–2:30PM'], ['Thursday', '11:30AM–2:30PM'], ['Friday', '11:30AM–2:30PM']]"
0x89b0780b328b90ad:0x36ed2cf426457725,Wishful Dream,"Wishful Dream, 10702 Jefferson Ave #2714, Newport News, VA 23601",37.050438799999995,-76.4599624,"['Japanese restaurant', 'Mexican restaurant']",4.4,28,,"[['Saturday', '11AM–10:30PM'], ['Sunday', 'Closed'], ['Monday', '11AM–10PM'], ['Tuesday', '11AM–10PM'], ['Wednesday', '11AM–10PM'], ['Thursday', '11AM–10PM'], ['Friday', '11AM–10:30PM']]"
0x89b3880785aec3e9:0x2325ce1ecbdb1199,Nori Japan,"Nori Japan, 1586 Rio Rd E, Charlottesville, VA 22901",38.0766719,-78.4746826,['Japanese restaurant'],3.0,18,,"[['Friday', '10AM–9PM'], ['Saturday', '10AM–9PM'], ['Sunday', '12–6PM'], ['Monday', '10AM–9PM'], ['Tuesday', '10AM–9PM'], ['Wednesday', '10AM–9PM'], ['Thursday', '10AM–9PM']]"
0x89b16bab50423c2f:0xc6eff641b2a0bd5b,Ichiban Sushi Japanese Cuisine,"Ichiban Sushi Japanese Cuisine, 10490 Ridgefield Pkwy, Henrico, VA 23233",37.6207292,-77.6136582,"['Japanese restaurant', 'Restaurant']",4.4,18,$$,"[['Friday', '5–9PM'], ['Saturday', '5–9PM'], ['Sunday', '5–8:30PM'], ['Monday', 'Closed'], ['Tuesday', '5–8:30PM'], ['Wednesday', '5–8:30PM'], ['Thursday', '5–8:30PM']]"
0x89b64f979b45886d:0xca7a6be3871593e7,Tamashii Ramen & Sushi,"Tamashii Ramen & Sushi, 10780 Fairfax Blvd STE 107, Fairfax, VA 22030",38.8563605,-77.3164962,"['Japanese restaurant', 'Sushi restaurant']",4.2,8,,"[['Tuesday', '11AM–9PM'], ['Wednesday', '11AM–9PM'], ['Thursday', '11AM–9PM'], ['Friday', '11AM–9PM'], ['Saturday', '11AM–9PM'], ['Sunday', '11AM–9PM'], ['Monday', '11AM–9PM']]"
0x89ba83d694939acb:0xe190b8a2e29f3030,Hibachi & Chinese Restaurant,"Virginia, Hampton, Coliseum Dr, Hibachi & Chinese Restaurant邮政编码: 23666",37.045679299999996,-76.389502,"['Chinese restaurant', 'Asian restaurant', 'Delivery Chinese restaurant', 'Japanese restaurant', 'Delivery Restaurant', 'Restaurant']",3.6,8,$,"[['Sunday', '12AM–10PM'], ['Monday', '11AM–10:30PM'], ['Tuesday', '11AM–10:30PM'], ['Wednesday', '11AM–10:30PM'], ['Thursday', '11AM–10:30PM'], ['Friday', '11AM–11PM'], ['Saturday', '11AM–11PM']]"
0x89babe337b83dbfd:0x641171815ae29c6d,Domo Sushi,"Domo Sushi, 4540 Princess Anne Rd, Virginia Beach, VA 23462",36.8072687,-76.1317882,"['Sushi restaurant', 'Japanese restaurant']",4.5,108,$$,"[['Friday', '11AM–2:30PM'], ['Saturday', '11AM–2:30PM'], ['Sunday', 'Closed'], ['Monday', '11AM–2:30PM'], ['Tuesday', '11AM–2:30PM'], ['Wednesday', '11AM–2:30PM'], ['Thursday', '11AM–2:30PM']]"
0x89babfb05400f755:0x7306e86add671c29,Sarku Japanese Restaurant,"Sarku Japanese Restaurant, 2029 Lynnhaven Pkwy, Virginia Beach, VA 23456",36.792404399999995,-76.1232545,"['Japanese restaurant', 'Restaurant']",4.2,14,$$,
0x89b64687af0d8745:0x47b5e3dc4d88bd71,Fuji Japanese Restaurant,"Fuji Japanese Restaurant, 13942 Metrotech Dr, Chantilly, VA 20151",38.896877599999996,-77.42480499999999,"['Restaurant', 'Japanese restaurant', 'Sushi restaurant']",4.4,8,$$,
0x89ba83163918f7bf:0x73f9d7a1623555a4,Hayashi Sushi & Grill,"Hayashi Sushi & Grill, 3110 Allainby Way, Hampton, VA 23666",37.044207899999996,-76.3948427,"['Sushi restaurant', 'Asian restaurant', 'Japanese restaurant', 'Japanese steakhouse', 'Vegetarian restaurant']",4.1,14,,"[['Tuesday', '11AM–9:30PM'], ['Wednesday', '11AM–9:30PM'], ['Thursday', '11AM–9:30PM'], ['Friday', '11AM–9:30PM'], ['Saturday', '12–10:30PM'], ['Sunday', '12–10:30PM'], ['Monday', '11AM–9:30PM']]"
0x89b10bbe83e59171:0x90fddeb14f0e66a6,Ichiban Grill & Supreme Buffet,"Ichiban Grill & Supreme Buffet, 6443 Centralia Rd, Chesterfield, VA 23832",37.3716534,-77.49869609999999,"['Japanese restaurant', 'Asian restaurant']",4.4,15,$$,
0x89bac1f0c282fbb3:0xe5cb639609dd0cd6,Sakura Japanese Restaurant,"Sakura Japanese Restaurant, 1375 Oceana Blvd, Virginia Beach, VA 23454",36.794275,-75.9995545,"['Japanese restaurant', 'Sushi restaurant']",4.2,98,,"[['Saturday', '12–10PM'], ['Sunday', 'Closed'], ['Monday', '11AM–9:30PM'], ['Tuesday', '11AM–9:30PM'], ['Wednesday', '11AM–9:30PM'], ['Thursday', '11AM–9:30PM'], ['Friday', '11AM–10PM']]"
0x89b6c6d1fcb2c74f:0xfd94046bb0b41d7e,Kappa Garden Sushi Bistro,"Kappa Garden Sushi Bistro, 10153 Jefferson Davis Hwy, Fredericksburg, VA 22407",38.2275639,-77.5035556,"['Sushi restaurant', 'Asian restaurant', 'Japanese restaurant']",4.7,118,$$,"[['Saturday', '11AM–9PM'], ['Sunday', '11AM–8PM'], ['Monday', '11AM–9PM'], ['Tuesday', '11AM–9PM'], ['Wednesday', '11AM–9PM'], ['Thursday', '11AM–9PM'], ['Friday', '11AM–9PM']]"
0x89b1114f53303a67:0xf75168d138eb70af,Masa Sushi & Asian Grill,"Masa Sushi & Asian Grill, 948 W Grace St, Richmond, VA 23220",37.5510269,-77.4529931,"['Asian restaurant', 'Japanese restaurant']",3.1,7,$$,"[['Thursday', '11AM–11PM'], ['Friday', '11AM–12AM'], ['Saturday', '11AM–12AM'], ['Sunday', '12–11PM'], ['Monday', '11AM–11PM'], ['Tuesday', '11AM–11PM'], ['Wednesday', '11AM–11PM']]"
0x89b64e93c6ca8023:0x99b7e1efc60619cf,Asian Bistro,"Asian Bistro, 3950 University Dr, Fairfax, VA 22030",38.847259,-77.30534,"['Chinese restaurant', 'Asian restaurant', 'Chinese takeaway', 'Delivery Chinese restaurant', 'Japanese restaurant', 'Restaurant', 'Southeast Asian restaurant', 'Sushi restaurant', 'Vietnamese restaurant']",4.3,42,$$,"[['Thursday', '11:30AM–9:30PM'], ['Friday', '11:30AM–10:30PM'], ['Saturday', '12–10:30PM'], ['Sunday', '12–9:30PM'], ['Monday', '11:30AM–9:30PM'], ['Tuesday', '11:30AM–9:30PM'], ['Wednesday', '11:30AM–9:30PM']]"
0x89b07c2f7592539b:0xee6a1350430a56a3,Kyoto Sushi Bar & Hibachi Grill,"Kyoto Sushi Bar & Hibachi Grill, 15525 Warwick Blvd, Newport News, VA 23608",37.1572974,-76.5573125,"['Japanese restaurant', 'Restaurant']",3.9,105,$$,"[['Thursday', '10:30AM–9:30PM'], ['Friday', '10:30AM–10PM'], ['Saturday', '10:30AM–10PM'], ['Sunday', '10:30AM–9:30PM'], ['Monday', '10:30AM–9:30PM'], ['Tuesday', '10:30AM–9:30PM'], ['Wednesday', '10:30AM–9:30PM']]"
0x89ba99fda243c0e9:0xcddf866dc8466a28,Tokyo Express,"Tokyo Express, 7647 Granby St, Norfolk, VA 23505",36.916670499999995,-76.2732005,"['Japanese restaurant', 'Sushi restaurant']",3.6,57,,"[['Thursday', '10:30AM–9:30PM'], ['Friday', '10:30AM–9:30PM'], ['Saturday', '10:30AM–9:30PM'], ['Sunday', 'Closed'], ['Monday', '10:30AM–9:30PM'], ['Tuesday', '10:30AM–9:30PM'], ['Wednesday', '10:30AM–9:30PM']]"
0x89b5ea28037a884d:0x840428893934b0a0,Ginger Asian,"Ginger Asian, 222 Elizabeth Dr, Stephens City, VA 22655",39.083321399999996,-78.202181,"['Asian restaurant', 'Chinese restaurant', 'Japanese restaurant', 'Delivery Restaurant', 'Restaurant', 'Sushi restaurant']",4.1,193,$,"[['Wednesday', '11AM–9:30PM'], ['Thursday', '11AM–9:30PM'], ['Friday', '11AM–10:30PM'], ['Saturday', '11AM–10:30PM'], ['Sunday', '11:30AM–9:30PM'], ['Monday', '11AM–9:30PM'], ['Tuesday', '11AM–9:30PM']]"
0x89b115b91fc32c65:0xa41699fa03fecda7,Jing Sushi,"Jing Sushi, 7019 Three Chopt Rd, Richmond, VA 23226",37.5903561,-77.5328495,"['Japanese restaurant', 'Sushi restaurant']",4.7,57,,"[['Tuesday', '11:30AM–9PM'], ['Wednesday', '11:30AM–9PM'], ['Thursday', '11:30AM–9PM'], ['Friday', '11:30AM–10PM'], ['Saturday', '11:30AM–10PM'], ['Sunday', '4–9PM'], ['Monday', 'Closed']]"
0x89babe0e1a178181:0x70091a2ac7fc25f0,SUSHI MASA,"SUSHI MASA, 1001 Kempsville Rd, Virginia Beach, VA 23464, United States",36.811659999999996,-76.167357,"['Sushi restaurant', 'Japanese restaurant']",4.4,274,,"[['Monday', '11:30AM–10PM'], ['Tuesday', '11:30AM–10PM'], ['Wednesday', '11:30AM–10PM'], ['Thursday', '11:30AM–10PM'], ['Friday', '11:30AM–10PM'], ['Saturday', '11:30AM–10PM'], ['Sunday', 'Closed']]"
0x89baebcae95d1d07:0x4f053bb6df55336,Otani Japanese Steakhouse now Kuktop Grill,"Otani Japanese Steakhouse now Kuktop Grill, 1532 Laskin Rd #6112, Virginia Beach, VA 23451",36.8517607,-76.014079,"['Japanese steakhouse', 'Karaoke bar', 'Seafood restaurant', 'Sushi restaurant']",3.6,47,$$,"[['Monday', '4–10PM'], ['Tuesday', '4–10PM'], ['Wednesday', '4–10PM'], ['Thursday', '4–10PM'], ['Friday', '4–10:30PM'], ['Saturday', '4–10:30PM'], ['Sunday', '4–9:30PM']]"
0x89b639a80c7075db:0x26a9a8fb60ca476d,Sushi Mori,"Sushi Mori, 20921 Davenport Dr #110, Sterling, VA 20165",39.0369457,-77.4107568,['Japanese restaurant'],4.8,34,$$,"[['Saturday', '12–9PM'], ['Sunday', '4:30–9PM'], ['Monday', '11:30AM–9PM'], ['Tuesday', '11:30AM–9PM'], ['Wednesday', '11:30AM–9PM'], ['Thursday', '11:30AM–9PM'], ['Friday', '11:30AM–9PM']]"
0x89b64f1fc7c370cf:0x6e4e5404127e024,BBQ21,"BBQ21, 11272 James Swart Cir, Fairfax, VA 22030, United States",38.8546264,-77.33520659999999,"['Korean restaurant', 'Barbecue restaurant', 'Japanese restaurant', 'Restaurant']",4.1,196,$$,"[['Saturday', '11AM–11PM'], ['Sunday', '11AM–10:30PM'], ['Monday', '11AM–10:30PM'], ['Tuesday', '11AM–10:30PM'], ['Wednesday', '11AM–10:30PM'], ['Thursday', '11AM–10:30PM'], ['Friday', '11AM–11PM']]"
0x89b6399ff0784767:0x50d60e0ea02378a9,Sarku Japan,"Sarku Japan, 21100 Dulles Town Cir Suite #238, Dulles, VA 20166",39.032371999999995,-77.42393849999999,"['Japanese restaurant', 'Asian restaurant', 'Fast food restaurant', 'Restaurant', 'Sushi restaurant', 'Teppanyaki restaurant']",3.3,28,$,"[['Friday', '11AM–8PM'], ['Saturday', '11AM–8PM'], ['Sunday', '11AM–7PM'], ['Monday', '11AM–8PM'], ['Tuesday', '11AM–8PM'], ['Wednesday', '11AM–8PM'], ['Thursday', '11AM–8PM']]"
0x89b078eea42e2d2b:0xf4bb9c46cebbf158,Sushi King,"Sushi King, 11883 Jefferson Ave, Newport News, VA 23606",37.0895223,-76.48515669999999,"['Japanese restaurant', 'Asian restaurant', 'Sushi restaurant']",4.2,1418,$$,"[['Friday', '11AM–3:30PM'], ['Saturday', '12–10:30PM'], ['Sunday', '12–9:30PM'], ['Monday', '11AM–3:30PM'], ['Tuesday', '11AM–3:30PM'], ['Wednesday', '11AM–3:30PM'], ['Thursday', '11AM–3:30PM']]"
0x89b386242cfa6781:0xea9028af0c10964b,Ten,"Ten, 120 E Main St, Charlottesville, VA 22902",38.0302778,-78.48111109999999,['Japanese restaurant'],4.4,157,$$$,"[['Friday', '5–9PM'], ['Saturday', '5–9PM'], ['Sunday', 'Closed'], ['Monday', 'Closed'], ['Tuesday', '5–9PM'], ['Wednesday', '5–9PM'], ['Thursday', '5–9PM']]"
0x884d31c22957e95f:0xb0f846779dbbbf18,New Yamazato Japanese Restaurant,"New Yamazato Japanese Restaurant, 1128 E Lynchburg Salem Turnpike, Bedford, VA 24523, United States",37.325008,-79.4947914,"['Japanese restaurant', 'Asian restaurant']",4.4,88,$,"[['Friday', '11AM–10PM'], ['Saturday', '11AM–10PM'], ['Sunday', '11:30AM–9:30PM'], ['Monday', '11AM–10PM'], ['Tuesday', '11AM–10PM'], ['Wednesday', '11AM–10PM'], ['Thursday', '11AM–10PM']]"
0x88501340ecf6c7b7:0x9dc10f7968e51a1d,Fuji Yogurt City,"Fuji Yogurt City, 588 Cummings St, Abingdon, VA 24210",36.7013788,-81.9737839,['Japanese steakhouse'],4.1,73,$,"[['Thursday', '10:30AM–10:30PM'], ['Friday', '10:30AM–11PM'], ['Saturday', '10:30AM–11PM'], ['Sunday', '10:30AM–10PM'], ['Monday', '10:30AM–10:30PM'], ['Tuesday', '10:30AM–10:30PM'], ['Wednesday', '10:30AM–10:30PM']]"
0x89babcf77f5b6509:0x2310d24034d8a77b,Sakura Restaurant,"Sakura Restaurant, 1401 Greenbrier Pkwy, Chesapeake, VA 23320",36.780395,-76.22769029999999,"['Japanese restaurant', 'Chinese restaurant']",3.8,14,$$,
0x89b08c00e66eec39:0xbf8b0e8a11d83944,Miyaki Sushi & Grill,"Miyaki Sushi & Grill, 5715 Richmond Rd #3, Williamsburg, VA 23188, United States",37.3159341,-76.73767769999999,['Japanese restaurant'],4.1,298,,"[['Tuesday', '11:30AM–9:30PM'], ['Wednesday', '11:30AM–9:30PM'], ['Thursday', '11:30AM–9:30PM'], ['Friday', '11:30AM–9:30PM'], ['Saturday', '11:30AM–9:30PM'], ['Sunday', '11:30AM–9:30PM'], ['Monday', '11:30AM–9:30PM']]"
0x89b644ee2ee47199:0xe22a2c155fafb133,Bonchon Centreville,"Bonchon Centreville, 14215-10 Centreville Square, Centreville, VA 20121, United States",38.837589,-77.437204,"['Asian fusion restaurant', 'Asian restaurant', 'Chicken restaurant', 'Chicken wings restaurant', 'Fried chicken takeaway', 'Japanese restaurant', 'Korean restaurant', 'Pan-Asian restaurant']",4.4,558,₩₩,"[['Monday', '11:45AM–9:30PM'], ['Tuesday', '11:45AM–9:30PM'], ['Wednesday', '11:45AM–9:30PM'], ['Thursday', '11:45AM–9:30PM'], ['Friday', '11:45AM–10PM'], ['Saturday', '11:45AM–10PM'], ['Sunday', '11:45AM–9PM']]"
0x89b655ae25d487d7:0xd67dfacea59b801f,Jangko Japanese Restaurant,"Jangko Japanese Restaurant, 13658 Jefferson Davis Hwy, Woodbridge, VA 22191",38.6556687,-77.252665,"['Japanese restaurant', 'Asian restaurant', 'Sushi restaurant']",4.4,148,$$,
0x89b10d86d2629d15:0x4e328bc7885c75ee,Tasty Kitchen,"Tasty Kitchen, 6349 Hull Street Rd, Richmond, VA 23224",37.479973,-77.51033199999999,"['Japanese restaurant', 'Asian fusion restaurant', 'Chinese restaurant']",4.5,13,,"[['Saturday', '12–11PM'], ['Sunday', '12–10PM'], ['Monday', '11AM–10PM'], ['Tuesday', '11AM–10PM'], ['Wednesday', '11AM–10PM'], ['Thursday', '11AM–10PM'], ['Friday', '11AM–11PM']]"
0x89ba969ad6088a3f:0x430d0519a6770a64,Sakura Japanese Restaurant,"Sakura Japanese Restaurant, 5824 Northampton Blvd suite 102 suite 102, Virginia Beach, VA 23455",36.881812,-76.18714,"['Sushi restaurant', 'Japanese restaurant']",3.9,95,$$,"[['Tuesday', '11AM–8PM'], ['Wednesday', '11AM–8PM'], ['Thursday', '11AM–8PM'], ['Friday', '11AM–8PM'], ['Saturday', '12–8PM'], ['Sunday', '12–8PM'], ['Monday', '11AM–8PM']]"
0x89b108e47b5bff95:0xee0f7fbee65ab4f,Sino Wok,"Sino Wok, 12114 Bermuda Crossroad Ln, Chester, VA 23831",37.36054,-77.417908,"['Chinese restaurant', 'Japanese restaurant']",4.0,74,$,"[['Tuesday', '12–8PM'], ['Wednesday', '12–8PM'], ['Thursday', '12–8PM'], ['Friday', '12–8PM'], ['Saturday', '12–8PM'], ['Sunday', '12–8PM'], ['Monday', 'Closed']]"
0x89b5efc7fb77d24b:0x93e697b1d8b0a06,Red bowl,"Red bowl, 420 Gateway Dr suite 9, Winchester, VA 22603",39.186456299999996,-78.1331151,"['Japanese restaurant', 'Sushi restaurant']",4.5,85,,"[['Monday', '11AM–10PM'], ['Tuesday', '11AM–10PM'], ['Wednesday', '11AM–10PM'], ['Thursday', '11AM–10PM'], ['Friday', '11AM–11PM'], ['Saturday', '11AM–11PM'], ['Sunday', '12–10PM']]"
0x89b64bf341d0196f:0x381c64b98f093512,Gyu Shige (牛繁) Japanese BBQ,"Gyu Shige (牛繁) Japanese BBQ, 2980 District Ave #100, Fairfax, VA 22031",38.8700209,-77.23131149999999,['Japanese steakhouse'],4.7,58,,"[['Monday', 'Closed'], ['Tuesday', '5–10:30PM'], ['Wednesday', '5–10:30PM'], ['Thursday', '5–10:30PM'], ['Friday', '5–11PM'], ['Saturday', '2–11PM'], ['Sunday', '2–10:30PM']]"
0x89b7b6deb4031363:0x32586a7fd45e70f9,Maki of Japan,"Maki of Japan, 1100 S Hayes St, Arlington, VA 22202",38.8631619,-77.06108979999999,"['Japanese restaurant', 'Restaurant']",2.0,38,,
0x89b4605c92697497:0x6b3d5442356914db,Narita Japanese Takeout,"Narita Japanese Takeout, 159 W Rockingham St, Elkton, VA 22827",38.4076005,-78.62076569999999,['Japanese restaurant'],4.3,37,,"[['Monday', '11AM–10PM'], ['Tuesday', '11AM–10PM'], ['Wednesday', '11AM–10PM'], ['Thursday', '11AM–10PM'], ['Friday', '11AM–10PM'], ['Saturday', '11AM–10PM'], ['Sunday', '11AM–9PM']]"
0x89babd17905c87c9:0xa1cd56ee2a7367c1,Molly Ramen•Poke•Tea,"Molly Ramen•Poke•Tea, 801 Volvo Pkwy #103, Chesapeake, VA 23320",36.767079599999995,-76.22764459999999,['Japanese restaurant'],4.1,55,$$,"[['Monday', '11AM–9PM'], ['Tuesday', '11AM–9PM'], ['Wednesday', '11AM–9PM'], ['Thursday', '11AM–9PM'], ['Friday', '11AM–9:30PM'], ['Saturday', '11AM–9:30PM'], ['Sunday', '11AM–9PM']]"
0x89b65757be0b5cf5:0x249ce3433c9d037f,Sarku Japan,"Sarku Japan, 2700 Potomac Mills Cir Suite 473, Woodbridge, VA 22192",38.6433621,-77.29618289999999,"['Japanese restaurant', 'Fast food restaurant', 'Restaurant', 'Sushi restaurant', 'Teppanyaki restaurant']",2.5,38,$,"[['Monday', '11AM–8PM'], ['Tuesday', '11AM–8PM'], ['Wednesday', '11AM–8PM'], ['Thursday', '11AM–8PM'], ['Friday', '10AM–9PM'], ['Saturday', '10AM–9PM'], ['Sunday', '11AM–6PM']]"
0x89b65e063d17c61f:0xec2ef2fc5106ba59,Aka Sushi,"Aka Sushi, 10474 Bristow Center Dr, Bristow, VA 20136",38.7323252,-77.5492854,"['Sushi restaurant', 'Asian restaurant', 'Japanese restaurant', 'Restaurant']",4.8,228,$$,"[['Sunday', 'Closed'], ['Monday', '11:30AM–3PM'], ['Tuesday', '11:30AM–3PM'], ['Wednesday', '11:30AM–3PM'], ['Thursday', '11:30AM–3PM'], ['Friday', '11:30AM–3PM'], ['Saturday', '11:30AM–3PM']]"
0x89ba968d0ce3a603:0x6bfaad27d1cc6e8,Umi Teriyaki & Sushi,"Umi Teriyaki & Sushi, 1600 Premium Outlets Blvd, Norfolk, VA 23502",36.8814831,-76.1991887,['Japanese restaurant'],2.9,28,,"[['Saturday', '10:30AM–9PM'], ['Sunday', '10AM–7PM'], ['Monday', '10:30AM–7PM'], ['Tuesday', '10:30AM–9PM'], ['Wednesday', '10:30AM–9PM'], ['Thursday', '10:30AM–9PM'], ['Friday', '10:30AM–9PM']]"
0x89babcf7766cfe17:0x336827570dd26f2a,Sarku Japan,"Sarku Japan, South Space #2009, 1401 Greenbrier Pkwy, Chesapeake, VA 23320",36.7804662,-76.2281204,"['Japanese restaurant', 'Asian restaurant', 'Fast food restaurant', 'Restaurant', 'Sushi restaurant', 'Teppanyaki restaurant']",3.9,38,$,"[['Friday', '10AM–8PM'], ['Saturday', '10AM–8PM'], ['Sunday', '12–6PM'], ['Monday', '10AM–8PM'], ['Tuesday', '10AM–8PM'], ['Wednesday', '10AM–8PM'], ['Thursday', '10AM–8PM']]"
0x89baeaa6e6abad07:0x78285469d5e3ac1,Sarku Japan,"Sarku Japan, 701 Lynnhaven Parkway Space #FC-25, Virginia Beach, VA 23452",36.8161987,-76.0721044,"['Japanese restaurant', 'Asian restaurant', 'Fast food restaurant', 'Restaurant', 'Sushi restaurant', 'Teppanyaki restaurant']",3.7,88,$,"[['Friday', '11AM–8PM'], ['Saturday', '11AM–8PM'], ['Sunday', '12–6PM'], ['Monday', '11AM–7PM'], ['Tuesday', '11AM–7PM'], ['Wednesday', '11AM–7PM'], ['Thursday', '11AM–7PM']]"
0x89b173d40f778b63:0x3ce032ccb7f61938,Teriyaki & Sushi Restaurant at Waterford,"Teriyaki & Sushi Restaurant at Waterford, 13544 Waterford Pl, Midlothian, VA 23112",37.4512348,-77.64841539999999,['Japanese restaurant'],4.3,98,,"[['Friday', '11AM–8:30PM'], ['Saturday', '11AM–8:30PM'], ['Sunday', '12–8PM'], ['Monday', '11AM–8:30PM'], ['Tuesday', '11AM–8:30PM'], ['Wednesday', '11AM–8:30PM'], ['Thursday', '11AM–8:30PM']]"
0x89b078a877629f01:0xe4a0174f1a54382,Tokyo Market,"Tokyo Market, 1215 George Washington Memorial Hwy, Yorktown, VA 23693",37.103189,-76.4587093,['Japanese grocery store'],4.7,108,,"[['Friday', '10AM–7:30PM'], ['Saturday', '10AM–7:30PM'], ['Sunday', '1:30–6:30PM'], ['Monday', '10AM–7:30PM'], ['Tuesday', '10AM–7:30PM'], ['Wednesday', '10AM–7:30PM'], ['Thursday', '10AM–7:30PM']]"
0x89baea53076a9e41:0x6cfadad815a8a803,Mizuno Japanese Restaurant,"Mizuno Japanese Restaurant, Distinctive Shoppes, La Promenade, 1860 Laskin Rd Suite 115b, Virginia Beach, VA 23454",36.8501537,-76.0310684,"['Japanese restaurant', 'Restaurant']",4.5,108,$$,"[['Friday', '4–9PM'], ['Saturday', '4–9PM'], ['Sunday', 'Closed'], ['Monday', 'Closed'], ['Tuesday', '4–9PM'], ['Wednesday', '4–9PM'], ['Thursday', '4–9PM']]"
0x89b64703f3658c2f:0x86bda260a2e9f486,Sushi Umi,"Sushi Umi, 13051 Worldgate Dr, Herndon, VA 20170",38.9576706,-77.4015811,['Japanese restaurant'],4.9,48,,"[['Thursday', '11:30AM–2:30PM'], ['Friday', '11:30AM–2:30PM'], ['Saturday', '11:30AM–9:30PM'], ['Sunday', '4–9PM'], ['Monday', '4:30–9:30PM'], ['Tuesday', '11:30AM–2:30PM'], ['Wednesday', '11:30AM–2:30PM']]"
0x89b7b5d45d9ae43b:0xf2395840359b881b,Maneki Neko Express,"Maneki Neko Express, 3813 Lee Hwy., Arlington, VA 22207",38.8966826,-77.1067537,['Japanese restaurant'],4.6,58,$$,"[['Thursday', '11AM–2PM'], ['Friday', '11AM–2PM'], ['Saturday', '11AM–2PM'], ['Sunday', '11AM–2PM'], ['Monday', '11AM–2PM'], ['Tuesday', '11AM–2PM'], ['Wednesday', '11AM–2PM']]"
0x89b6fa7b7ec75fdb:0xc6596590ec91fd7e,I Luv Teriyaki,"I Luv Teriyaki, 125 Corporate Dr, Stafford, VA 22554",38.5149416,-77.3673002,['Japanese restaurant'],4.6,126,$,"[['Thursday', '10AM–8PM'], ['Friday', '10AM–8PM'], ['Saturday', '11AM–6PM'], ['Sunday', 'Closed'], ['Monday', '10AM–8PM'], ['Tuesday', '10AM–8PM'], ['Wednesday', '10AM–8PM']]"
0x89b6458d1691c939:0xe238b143930e977,Kaikaya Japanese Sushi & Sake bar,"Kaikaya Japanese Sushi & Sake bar, 14107 St Germain Dr, Centreville, VA 20121",38.8362981,-77.4392474,"['Japanese restaurant', 'Restaurant']",4.7,87,,"[['Thursday', '11:30AM–2:30PM'], ['Friday', '11:30AM–2:30PM'], ['Saturday', '11:30AM–2:30PM'], ['Sunday', '11:30AM–9:30PM'], ['Monday', '11:30AM–2:30PM'], ['Tuesday', '11:30AM–2:30PM'], ['Wednesday', '11:30AM–2:30PM']]"
0x89b0886c38c7b2e7:0x3e383bb1d1704a0e,China's Cuisine Sushi Bar,"China's Cuisine Sushi Bar, 1915 Pocahontas Trail C3, Williamsburg, VA 23185",37.2460909,-76.6570361,"['Chinese restaurant', 'Asian restaurant', 'Japanese restaurant', 'Restaurant']",3.9,94,$$,"[['Thursday', '11AM–10PM'], ['Friday', '11AM–10PM'], ['Saturday', '11:30AM–10PM'], ['Sunday', 'Closed'], ['Monday', '11AM–10PM'], ['Tuesday', '11AM–10PM'], ['Wednesday', '11AM–10PM']]"
0x89ba9f92d39f3713:0x894bac929cf8182f,Yamachen's Sushi,"Yamachen's Sushi, 5889 Harbour View Blvd, Suffolk, VA 23435",36.8755854,-76.4392704,"['Japanese restaurant', 'Sushi restaurant']",4.7,114,,"[['Thursday', '11:30AM–3PM'], ['Friday', '11:30AM–3PM'], ['Saturday', '12–10PM'], ['Sunday', '12–9:30PM'], ['Monday', '11:30AM–3PM'], ['Tuesday', '11:30AM–3PM'], ['Wednesday', '11:30AM–3PM']]"
0x89b647e8a184e815:0xe357a0f3b44e6762,Kumo Sushi,"Kumo Sushi, 2338 Woodland Crossing Dr, Herndon, VA 20171",38.949185799999995,-77.39580769999999,"['Sushi restaurant', 'Cocktail bar', 'Authentic Japanese restaurant', 'Japanese restaurant', 'Pan-Asian restaurant', 'Restaurant', 'Southeast Asian restaurant']",4.4,53,,"[['Thursday', '11:30AM–9:30PM'], ['Friday', '11:30AM–10PM'], ['Saturday', '11:30AM–10PM'], ['Sunday', '11:30AM–9:30PM'], ['Monday', '11:30AM–9:30PM'], ['Tuesday', '11:30AM–9:30PM'], ['Wednesday', '11:30AM–9:30PM']]"
0x89b667425eecb58d:0xca012051c6767503,Benjin's Asian Bistro,"Benjin's Asian Bistro, 9110 Devlin Rd #130, Bristow, VA 20136",38.7586799,-77.576358,"['Asian fusion restaurant', 'Asian restaurant', 'Chinese restaurant', 'Japanese restaurant', 'Delivery Restaurant']",4.3,157,$$,"[['Thursday', '11AM–9PM'], ['Friday', '11AM–9:30PM'], ['Saturday', '11AM–9:30PM'], ['Sunday', '11:30AM–9PM'], ['Monday', '11AM–9PM'], ['Tuesday', '11AM–9PM'], ['Wednesday', '11AM–9PM']]"
0x89b2d744d282c2d5:0x3758a4d8b47e507f,Kyoto Japanese Express,"Kyoto Japanese Express, 3211 Forest Brook Rd E, Lynchburg, VA 24501",37.4096165,-79.2106542,['Japanese restaurant'],4.3,218,$,"[['Thursday', '11AM–10PM'], ['Friday', '11AM–10PM'], ['Saturday', '11AM–10PM'], ['Sunday', '11AM–10PM'], ['Monday', 'Closed'], ['Tuesday', '11AM–10PM'], ['Wednesday', '11AM–10PM']]"
0x89b249373a9a8c89:0x8483a33a0891accb,Musashi Asian Cuisine,"Musashi Asian Cuisine, 219 Sunchase Blvd, Farmville, VA 23901",37.2948472,-78.3762074,"['Japanese restaurant', 'Asian restaurant', 'Sushi restaurant']",4.0,107,,"[['Wednesday', '11AM–9PM'], ['Thursday', '11AM–9PM'], ['Friday', '11AM–10PM'], ['Saturday', '11AM–10PM'], ['Sunday', '11AM–9PM'], ['Monday', '11AM–9PM'], ['Tuesday', '11AM–9PM']]"
0x89b6374bd2ffffff:0xcb502c034d068e76,Miyama,"Miyama, 20789 Great Falls Plaza Ste 110, Sterling, VA 20165",39.039636,-77.3581118,"['Japanese restaurant', 'Restaurant']",4.3,94,,"[['Wednesday', '11AM–3PM'], ['Thursday', '11AM–3PM'], ['Friday', '11AM–3PM'], ['Saturday', '11AM–3PM'], ['Sunday', '12:30–9PM'], ['Monday', '11AM–3PM'], ['Tuesday', '11AM–3PM']]"
0x89b64ccd9c752959:0x15951ca2576a4497,Honey Pig Izakaya,"Honey Pig Izakaya, 4231 Markham St, Annandale, VA 22003",38.832556,-77.1978578,"['Restaurant', 'Japanese restaurant', 'Karaoke bar', 'Korean restaurant']",3.3,13,,"[['Wednesday', '5PM–2AM'], ['Thursday', '5PM–2AM'], ['Friday', '5PM–2AM'], ['Saturday', '5PM–2AM'], ['Sunday', '5PM–2AM'], ['Monday', 'Closed'], ['Tuesday', '5PM–2AM']]"
0x89b2d034b80bfe2b:0xd478e1a1db092b07,Yamazato Japanese Restaurant,"Yamazato Japanese Restaurant, 21039 Timberlake Rd, Lynchburg, VA 24502",37.335039099999996,-79.2442654,"['Japanese restaurant', 'Fast food restaurant']",4.5,138,$,"[['Wednesday', '11AM–10PM'], ['Thursday', '11AM–10PM'], ['Friday', '11AM–10PM'], ['Saturday', '11AM–10PM'], ['Sunday', '11AM–10PM'], ['Monday', '11AM–10PM'], ['Tuesday', '11AM–10PM']]"
0x89b114ecc80012ef:0x252bbe33ed5a07d1,Jing Sushi,"Jing Sushi, 7019 Three Chopt Rd, Richmond, VA 23226",37.5903561,-77.5328495,"['Japanese restaurant', 'Asian restaurant']",4.5,77,$$,"[['Wednesday', '11:30AM–2:30PM'], ['Thursday', '11:30AM–2:30PM'], ['Friday', '11:30AM–2:30PM'], ['Saturday', '11:30AM–2:30PM'], ['Sunday', '5–9PM'], ['Monday', 'Closed'], ['Tuesday', '11:30AM–2:30PM']]"
0x89b47186f0bd7159:0xabf57f871af3712a,Kyoto Sushi & Teppanyaki,"Kyoto Sushi & Teppanyaki, 130 Cedar Grove Rd, Ruckersville, VA 22968",38.2089121,-78.3878318,['Japanese restaurant'],4.3,94,$$,"[['Wednesday', '11AM–9PM'], ['Thursday', '11AM–9PM'], ['Friday', '11AM–9PM'], ['Saturday', '11AM–9PM'], ['Sunday', '11AM–9PM'], ['Monday', '11AM–9PM'], ['Tuesday', 'Closed']]"
0x89babaf57ed47b61:0xbd882646b3577389,Hanaki Sushi,"Hanaki Sushi, 237 Hanbury Rd E # 11, Chesapeake, VA 23322",36.686113299999995,-76.2242533,"['Sushi restaurant', 'Japanese restaurant', 'Restaurant']",4.8,198,$$,"[['Wednesday', '11:30AM–3PM'], ['Thursday', '11:30AM–3PM'], ['Friday', '11:30AM–3PM'], ['Saturday', '12:30–10PM'], ['Sunday', 'Closed'], ['Monday', '11:30AM–3PM'], ['Tuesday', '11:30AM–3PM']]"
0x89ba82f1bd9233f3:0x6f3607961bc1165a,Japan Sushi House,"Japan Sushi House, 1162 Big Bethel Rd, Hampton, VA 23666",37.0582446,-76.425371,['Japanese restaurant'],4.1,78,$$,"[['Wednesday', '11AM–9:30PM'], ['Thursday', '11AM–9:30PM'], ['Friday', '11AM–10PM'], ['Saturday', '11AM–10PM'], ['Sunday', '12–9PM'], ['Monday', 'Closed'], ['Tuesday', '11AM–9:30PM']]"
0x89b7ad5be738eee9:0xd13ff3cedccc7be7,Osaka Restaurant,"Osaka Restaurant, 6701-L, Loisdale Rd, Springfield, VA 22150",38.7727192,-77.1784648,"['Japanese restaurant', 'Restaurant']",4.4,76,$$,"[['Wednesday', '11:30AM–2:30PM'], ['Thursday', '11:30AM–2:30PM'], ['Friday', '11:30AM–10:30PM'], ['Saturday', '12–10:30PM'], ['Sunday', '12–9:30PM'], ['Monday', '11:30AM–2:30PM'], ['Tuesday', '11:30AM–2:30PM']]"
0x89b655fb573c932f:0xd829c9564f7625d7,CHIYOSHI,"CHIYOSHI, 14087 Jefferson Davis Hwy #121, Woodbridge, VA 22191",38.650105599999996,-77.258771,"['Asian restaurant', 'Chinese restaurant', 'Japanese restaurant']",4.4,114,$,"[['Tuesday', '11AM–9:30PM'], ['Wednesday', '11AM–9:30PM'], ['Thursday', '11AM–9:30PM'], ['Friday', '11AM–9:30PM'], ['Saturday', '11AM–9:30PM'], ['Sunday', '11:30AM–9PM'], ['Monday', '11AM–9:30PM']]"
0x89b2d041b3ce74f7:0x2eab42d9cbbb23f5,Kenko Hibachi,"Kenko Hibachi, 112 Cornerstone St C, Lynchburg, VA 24502",37.340254099999996,-79.2245796,"['Japanese restaurant', 'Delivery Restaurant', 'Restaurant']",4.3,186,$,"[['Tuesday', '11AM–10PM'], ['Wednesday', '11AM–10PM'], ['Thursday', '11AM–10PM'], ['Friday', '11AM–10PM'], ['Saturday', '11AM–10PM'], ['Sunday', '12–9PM'], ['Monday', '11AM–10PM']]"
0x89b649ba58dc625d:0xe7ed2db7bc413e2c,JINYA Ramen Bar - Reston,"JINYA Ramen Bar - Reston, 11964 Market St, Reston, VA 20190",38.958939,-77.3601049,"['Restaurant', 'Asian restaurant', 'Japanese restaurant', 'Ramen restaurant']",4.3,188,$$,"[['Tuesday', '11:30AM–10PM'], ['Wednesday', '11:30AM–10PM'], ['Thursday', '11:30AM–10PM'], ['Friday', '11AM–11PM'], ['Saturday', '11AM–11PM'], ['Sunday', '11AM–10PM'], ['Monday', '11:30AM–10PM']]"
0x89b63c40522a99c5:0x270c0260d20d926a,Mr. Sushi & Mrs. Roll,"Mr. Sushi & Mrs. Roll, 19302 Promenade Dr, Leesburg, VA 20176",39.082479899999996,-77.4954637,['Authentic Japanese restaurant'],4.6,88,$$,"[['Tuesday', '11:30AM–10PM'], ['Wednesday', '11:30AM–10PM'], ['Thursday', '11:30AM–10PM'], ['Friday', '11:30AM–10PM'], ['Saturday', '11:30AM–10PM'], ['Sunday', '11:30AM–9PM'], ['Monday', '11:30AM–10PM']]"
0x89b6ac123ebb8c03:0x39e032545f4aba18,Asian Cafe Lake Anna,"Asian Cafe Lake Anna, 200 Lake Front Dr #104, Mineral, VA 23117",38.0850838,-77.8238056,"['Japanese restaurant', 'Asian restaurant', 'Restaurant', 'Sushi restaurant']",4.5,325,$$,"[['Tuesday', '11AM–3PM'], ['Wednesday', '11AM–3PM'], ['Thursday', '11AM–3PM'], ['Friday', '11AM–3PM'], ['Saturday', '11AM–3PM'], ['Sunday', '11AM–3PM'], ['Monday', 'Closed']]"
0x89ad622c6992cb87:0xc0fb9534eac2b75b,Yamatos Japanese Restaurant,"Yamatos Japanese Restaurant, 4118 Halifax Rd, South Boston, VA 24592",36.7404915,-78.923012,"['Japanese restaurant', 'Asian restaurant']",4.3,167,$$,"[['Tuesday', '11AM–9:30PM'], ['Wednesday', '11AM–9:30PM'], ['Thursday', '11AM–9:30PM'], ['Friday', '11AM–10PM'], ['Saturday', '11AM–10PM'], ['Sunday', '12–9:30PM'], ['Monday', '11AM–9:30PM']]"
0x89babfbd7ee3a3bd:0x6f05f37a536de184,Flaming Japan,"Flaming Japan, 3645 Buckner Blvd#109, Virginia Beach, VA 23453",36.7897926,-76.1086766,"['Japanese restaurant', 'Restaurant']",4.5,288,,"[['Tuesday', 'Closed'], ['Wednesday', '10:30AM–9:30PM'], ['Thursday', '10:30AM–9:30PM'], ['Friday', '10:30AM–10PM'], ['Saturday', '10:30AM–10PM'], ['Sunday', '11AM–9PM'], ['Monday', '10:30AM–9:30PM']]"
0x89b649107cb8ce05:0x5c37f7a9078cc211,Bonchon Reston,"Bonchon Reston, 11652 Plaza America Dr, Reston, VA 20190",38.951572999999996,-77.348827,"['Asian fusion restaurant', 'Asian restaurant', 'Chicken restaurant', 'Chicken wings restaurant', 'Fried chicken takeaway', 'Japanese restaurant', 'Korean restaurant', 'Pan-Asian restaurant']",3.9,36,,"[['Tuesday', '11AM–9PM'], ['Wednesday', '11AM–9PM'], ['Thursday', '11AM–9PM'], ['Friday', '11AM–9PM'], ['Saturday', '11AM–9PM'], ['Sunday', '12–9PM'], ['Monday', '11AM–9PM']]"
0x89b2d75ee46dcb3b:0xadfad7bc63475fd8,Tokyo Hibachi Grill,"Tokyo Hibachi Grill, 2822 Linkhorne Dr, Lynchburg, VA 24503",37.4162871,-79.20341049999999,"['Japanese restaurant', 'Asian restaurant', 'Chinese restaurant', 'Delivery Restaurant', 'Restaurant', 'Sushi restaurant']",4.1,148,$,"[['Monday', '11AM–9:30PM'], ['Tuesday', '11AM–9:30PM'], ['Wednesday', '11AM–9:30PM'], ['Thursday', '11AM–9:30PM'], ['Friday', '11AM–9:30PM'], ['Saturday', '12–9:30PM'], ['Sunday', 'Closed']]"
0x89b65782bd6fa28b:0x659e3db74cc8dd46,Sake Japanese Steakhouse Woodbridge,"Sake Japanese Steakhouse Woodbridge, 2705 Metro Plaza, Woodbridge, VA 22192",38.6394509,-77.29509759999999,['Japanese restaurant'],3.8,167,,"[['Monday', '11:30AM–9:30PM'], ['Tuesday', '11:30AM–9:30PM'], ['Wednesday', '11:30AM–9:30PM'], ['Thursday', '11:30AM–9:30PM'], ['Friday', '11:30AM–10:30PM'], ['Saturday', '12–10:30PM'], ['Sunday', '12–9PM']]"
0x89b63d0b5887b879:0x5d5c12c4333d5bf3,"Sakura Japanese Steak, Seafood House & Sushi Bar","Sakura Japanese Steak, Seafood House & Sushi Bar, 516 Fort Evans Rd NE, Leesburg, VA 20176",39.1075814,-77.52928059999999,"['Japanese steakhouse', 'Asian restaurant', 'Bar', 'Japanese restaurant', 'Restaurant', 'Seafood restaurant', 'Sushi restaurant']",4.3,197,$$,"[['Monday', '12–9PM'], ['Tuesday', '12–9PM'], ['Wednesday', '12–9PM'], ['Thursday', '12–9PM'], ['Friday', '12–10PM'], ['Saturday', '12–10PM'], ['Sunday', '12–9PM']]"
0x89baeb756682cf6d:0xa063d357b81b6011,Volcano Sushi Bar,"Volcano Sushi Bar, 1328 N Great Neck Rd, Virginia Beach, VA 23454",36.876311099999995,-76.0389611,"['Food producer', 'Asian restaurant', 'Japanese restaurant', 'Sushi restaurant']",4.3,205,$$,"[['Monday', '11:30AM–9:30PM'], ['Tuesday', '11:30AM–9:30PM'], ['Wednesday', '11:30AM–9:30PM'], ['Thursday', '11:30AM–9:30PM'], ['Friday', '11:30AM–10:30PM'], ['Saturday', '11:45AM–10:30PM'], ['Sunday', '11:45AM–9:30PM']]"
0x89ba84b7488f8c27:0x57f14b7d15241a6f,Musasi Japanese Restaurant,"Musasi Japanese Restaurant, 49 W Queens Way, Hampton, VA 23669",37.025445999999995,-76.3457067,"['Japanese restaurant', 'Asian restaurant', 'Sushi restaurant']",4.5,365,$$,"[['Monday', '4–9:30PM'], ['Tuesday', '11AM–2:30PM'], ['Wednesday', '11AM–2:30PM'], ['Thursday', '11AM–2:30PM'], ['Friday', '11AM–2:30PM'], ['Saturday', '3:30–10:30PM'], ['Sunday', '12–9:30PM']]"
0x89b641ac1b5c35d9:0x1772dc24ed874b35,Sarku Japan,"Sarku Japan, 24555 Dulles Landing Dr Suite #100 Dulles Landing Shopping Center, Sterling, VA 20166",38.9375591,-77.5220698,"['Japanese restaurant', 'Asian restaurant', 'Fast food restaurant', 'Sushi restaurant', 'Teppanyaki restaurant']",3.9,258,$,"[['Monday', '11AM–8PM'], ['Tuesday', '11AM–8PM'], ['Wednesday', '11AM–8PM'], ['Thursday', '11AM–8PM'], ['Friday', '11AM–8:30PM'], ['Saturday', '11AM–8:30PM'], ['Sunday', '11AM–8PM']]"
0x89ba94ffe17ff075:0x2f284ff998c15025,Yamachen's sushi,"Yamachen's sushi, 750 Independence Blvd, Virginia Beach, VA 23455",36.864232799999996,-76.1310251,"['Japanese restaurant', 'Sushi restaurant']",4.6,217,,"[['Monday', '11:30AM–3PM'], ['Tuesday', '11:30AM–3PM'], ['Wednesday', '11:30AM–3PM'], ['Thursday', '11:30AM–3PM'], ['Friday', '11:30AM–3PM'], ['Saturday', '12–10PM'], ['Sunday', '12–10PM']]"
0x89babd0b03731993:0x3a9a054a727e7140,Molly Ramen•Poke•Tea,"Molly Ramen•Poke•Tea, 6525 College Park Square, Virginia Beach, VA 23464",36.8107085,-76.2161716,['Japanese restaurant'],4.1,117,$$,"[['Monday', '11AM–9PM'], ['Tuesday', '11AM–9PM'], ['Wednesday', '11AM–9PM'], ['Thursday', '11AM–9PM'], ['Friday', '11AM–9:30PM'], ['Saturday', '11AM–9:30PM'], ['Sunday', '11AM–9PM']]"
0x89b1a94cfd50eb8f:0x85867973bd4eac99,Hokkaido Japanese Steakhouse,"Hokkaido Japanese Steakhouse, 4217 Crossings Blvd, Prince George, VA 23875",37.2583108,-77.3268112,"['Sushi restaurant', 'Japanese restaurant', 'Japanese steakhouse', 'Restaurant']",4.3,188,,"[['Monday', 'Closed'], ['Tuesday', '11AM–9:30PM'], ['Wednesday', '11AM–9:30PM'], ['Thursday', '11AM–9:30PM'], ['Friday', '11AM–9:30PM'], ['Saturday', '12–9:30PM'], ['Sunday', '12–9:30PM']]"
0x89b363cfc7aefe51:0xbac32f438b1194a2,Sakura Japanese,"Sakura Japanese, 2105 W Main St, Waynesboro, VA 22980",38.077588999999996,-78.9162143,['Japanese restaurant'],4.5,248,$,"[['Monday', 'Closed'], ['Tuesday', '11AM–9:30PM'], ['Wednesday', '11AM–9:30PM'], ['Thursday', '11AM–9:30PM'], ['Friday', '11AM–10PM'], ['Saturday', '11AM–10PM'], ['Sunday', '11:30AM–9:30PM']]"
0x89babda25f74c15b:0x3c6cf644719c4c4a,Tokyo Grill Teriyaki House,"Tokyo Grill Teriyaki House, 6525 College Park Square, Virginia Beach, VA 23464",36.8107871,-76.216168,['Japanese steakhouse'],4.4,67,$$,"[['Monday', '11AM–10PM'], ['Tuesday', '11AM–10PM'], ['Wednesday', '11AM–10PM'], ['Thursday', '11AM–10PM'], ['Friday', '11AM–10:30PM'], ['Saturday', '1–10:30PM'], ['Sunday', '4–10PM']]"
0x89b426ac3fa52015:0x99d0313f4ae96dd5,Osaka Japanese House,"Osaka Japanese House, 700 Sunset Ln, Culpeper, VA 22701",38.4583545,-78.01216649999999,['Japanese restaurant'],4.6,58,,"[['Monday', '11AM–2:30PM'], ['Tuesday', '11AM–2:30PM'], ['Wednesday', '11AM–2:30PM'], ['Thursday', '11AM–2:30PM'], ['Friday', '11AM–11PM'], ['Saturday', '11AM–11PM'], ['Sunday', '11AM–9PM']]"
0x89b7b700d87c61fb:0x1eeabfc929866c9e,Toryumon Japanese House-Arlington,"Toryumon Japanese House-Arlington, 1650 Wilson Blvd Suite 100B, Arlington, VA 22209",38.894055099999996,-77.07763249999999,"['Restaurant', 'Asian fusion restaurant', 'Japanese restaurant', 'Takeout Restaurant', 'Ramen restaurant', 'Sushi restaurant']",4.6,33,,"[['Monday', '11AM–10PM'], ['Tuesday', '11AM–10PM'], ['Wednesday', '11AM–10PM'], ['Thursday', '11AM–10PM'], ['Friday', '11AM–11PM'], ['Saturday', '12–11PM'], ['Sunday', '12–10PM']]"
0x89b644faeb6ab581:0x933018aa3c0d9375,Soo Won Galbi Korean Restaurant,"Soo Won Galbi Korean Restaurant, 14102 Lee Hwy., Centreville, VA 20120",38.8403673,-77.4329114,"['Korean restaurant', 'Asian restaurant', 'Japanese restaurant', 'Restaurant']",3.4,24,,"[['Sunday', '11AM–11:30PM'], ['Monday', '11AM–10:30PM'], ['Tuesday', '11AM–10:30PM'], ['Wednesday', '11AM–10:30PM'], ['Thursday', '11AM–10:30PM'], ['Friday', '11AM–10:30PM'], ['Saturday', '11AM–11:30PM']]"
0x89b2d8aeebf6ab69:0x3d315991e26a2f2f,New Yamazato Japanese restraunt,"New Yamazato Japanese restraunt, 228 Amelon Rd, Madison Heights, VA 24572",37.468306999999996,-79.117036,['Japanese restaurant'],4.5,78,,"[['Sunday', '11AM–10PM'], ['Monday', '11AM–10PM'], ['Tuesday', '11AM–10PM'], ['Wednesday', '11AM–10PM'], ['Thursday', '11AM–10PM'], ['Friday', '11AM–10PM'], ['Saturday', '11AM–10PM']]"
0x89ba99fd22ee6657:0xa7593bd701652a87,Sai Gai Japanese Steak House & Sushi Bar,"Sai Gai Japanese Steak House & Sushi Bar, 7521 Granby St, Norfolk, VA 23505",36.9139409,-76.2734104,['Japanese restaurant'],4.0,128,$$,"[['Sunday', '4:30–10PM'], ['Monday', '11AM–2:30PM'], ['Tuesday', '11AM–2:30PM'], ['Wednesday', '11AM–2:30PM'], ['Thursday', '11AM–2:30PM'], ['Friday', '11AM–2:30PM'], ['Saturday', '4:30–11PM']]"
0x89b647176267e2bb:0xf90c1c36906fd825,Shimizu Kitchen,"Shimizu Kitchen, 4088 Airline Pkwy, Chantilly, VA 20151",38.901328199999995,-77.4513669,"['Restaurant', 'Fast food restaurant', 'Japanese restaurant', 'Sushi restaurant']",4.7,18,$$,"[['Sunday', 'Closed'], ['Monday', 'Closed'], ['Tuesday', 'Closed'], ['Wednesday', 'Closed'], ['Thursday', '11AM–2PM'], ['Friday', '11AM–2PM'], ['Saturday', '11AM–2PM']]"
0x89b387b69897ad61:0x365724b478b08991,J-Petal,"J-Petal, 1045 Emmet St N, Charlottesville, VA 22903",38.0516601,-78.502242,"['Restaurant', 'Japanese restaurant']",4.5,44,,"[['Sunday', '11AM–9:30PM'], ['Monday', '11AM–9:30PM'], ['Tuesday', '11AM–9:30PM'], ['Wednesday', '11AM–9:30PM'], ['Thursday', '11AM–9:30PM'], ['Friday', '11AM–10:30PM'], ['Saturday', '11AM–10:30PM']]"
0x89b67c56d777765f:0x5db9fff56d58146f,Osaka Japanese Steak & Seafood,"Osaka Japanese Steak & Seafood, 139 W Lee Hwy, Warrenton, VA 20186",38.728981,-77.796031,['Japanese restaurant'],3.7,128,,"[['Sunday', '4–8:30PM'], ['Monday', '4–8:30PM'], ['Tuesday', '4–8:30PM'], ['Wednesday', '4–8:30PM'], ['Thursday', '4–8:30PM'], ['Friday', '4–9:30PM'], ['Saturday', '4–9:30PM']]"
0x89ba9f7a59c96d57:0x6912bf65ffb68795,Yama Sushi,"Yama Sushi, 3124 Western Branch Blvd, Chesapeake, VA 23321",36.8635951,-76.40153769999999,"['Japanese restaurant', 'Sushi restaurant']",4.4,154,,"[['Sunday', '12–8:30PM'], ['Monday', 'Closed'], ['Tuesday', '11AM–10PM'], ['Wednesday', '11AM–10PM'], ['Thursday', '11AM–10PM'], ['Friday', '11AM–10:30PM'], ['Saturday', '11AM–10:30PM']]"
0x89b64f5b437d90e1:0x457701b9d98af5df,Murasaki,"Murasaki, 12158 Fairfax Towne Center, Fairfax, VA 22033",38.8667072,-77.3680048,"['Japanese restaurant', 'Sushi restaurant']",4.3,218,$$,"[['Sunday', '11:30AM–9:30PM'], ['Monday', '10:30AM–2:30PM'], ['Tuesday', '10:30AM–2:30PM'], ['Wednesday', '10:30AM–2:30PM'], ['Thursday', '10:30AM–2:30PM'], ['Friday', '11:30AM–10PM'], ['Saturday', '11:30AM–10PM']]"
0x89b7ad5e4e0464af:0xa5cba174b630ad44,Sarku Japan,"Sarku Japan, 6500 Springfield Mall, Springfield, VA 22150",38.7750299,-77.174736,"['Japanese restaurant', 'Fast food restaurant', 'Restaurant', 'Sushi restaurant', 'Teppanyaki restaurant']",3.0,88,$,"[['Sunday', '11AM–7PM'], ['Monday', '10AM–9:30PM'], ['Tuesday', '10AM–9:30PM'], ['Wednesday', '10AM–9:30PM'], ['Thursday', '10AM–9:30PM'], ['Friday', '10AM–9:30PM'], ['Saturday', '10AM–9:30PM']]"
0x89b65600c9ed58db:0x3db144088fc185e3,Sushi Jin Next Door,"Sushi Jin Next Door, 14901 Potomac Town Pl #135, Woodbridge, VA 22191",38.630165,-77.28801,"['Japanese restaurant', 'Authentic Japanese restaurant', 'Ramen restaurant', 'Sushi restaurant']",4.4,578,$$,"[['Saturday', '12AM–10:30PM'], ['Sunday', '12AM–9:30PM'], ['Monday', '11AM–3PM'], ['Tuesday', '11AM–3PM'], ['Wednesday', '11AM–3PM'], ['Thursday', '11AM–3PM'], ['Friday', '11AM–3PM']]"
0x89b7b426a24804ab:0xe5b60fef2a1c277e,Yona by Mike Isabella,"Yona by Mike Isabella, 4000 Wilson Blvd suite c, Arlington, VA 22203",38.879518,-77.1079068,"['Japanese restaurant', 'Asian restaurant', 'Noodle shop', 'Sushi restaurant']",3.9,248,$$,"[['Saturday', '11:30AM–10PM'], ['Sunday', '11:30AM–9PM'], ['Monday', '11:30AM–9PM'], ['Tuesday', '11:30AM–9PM'], ['Wednesday', '11:30AM–9PM'], ['Thursday', '11:30AM–10PM'], ['Friday', '11:30AM–10PM']]"
0x89b00f1d57661b6b:0x68d35ffdacf136b3,Sakura Express,"Sakura Express, 1202 N Main St #130, Suffolk, VA 23434",36.748354,-76.58241199999999,"['Japanese restaurant', 'Sushi restaurant']",4.1,244,$,"[['Saturday', '11AM–9:45PM'], ['Sunday', '11AM–9:45PM'], ['Monday', '11AM–9:45PM'], ['Tuesday', '11AM–9:45PM'], ['Wednesday', '11AM–9:45PM'], ['Thursday', '11AM–9:45PM'], ['Friday', '11AM–9:45PM']]"
0x89b6f83fac864751:0x17ffea51e166715b,Fo Japanese Bistro,"Fo Japanese Bistro, 5081 Waterway Dr, Dumfries, VA 22025",38.6102389,-77.35819169999999,"['Japanese restaurant', 'Restaurant']",4.4,248,$$,"[['Saturday', '4–9PM'], ['Sunday', '4–9PM'], ['Monday', '4–9PM'], ['Tuesday', 'Closed'], ['Wednesday', '4–9PM'], ['Thursday', '4–9PM'], ['Friday', '4–9PM']]"
0x89b6fb8ca925310d:0x6829ce65512329d0,Tokyo Japanese Restaurant on Quantico,"Tokyo Japanese Restaurant on Quantico, 402 Potomac Ave, Quantico, VA 22134",38.522034399999995,-77.29256,['Japanese restaurant'],4.2,148,$$,"[['Saturday', '12–8:30PM'], ['Sunday', 'Closed'], ['Monday', '10:30AM–8:30PM'], ['Tuesday', '10:30AM–8:30PM'], ['Wednesday', '10:30AM–8:30PM'], ['Thursday', '10:30AM–8:30PM'], ['Friday', '10:30AM–8:30PM']]"
0x89b7b6ba5ac44b61:0x42fae005f1d5013,Maruko Japanese Restaurant,"Maruko Japanese Restaurant, 2915 Columbia Pike, Arlington, VA 22204",38.8626858,-77.08757039999999,"['Japanese restaurant', 'Restaurant', 'Sushi restaurant']",3.5,8,$$,"[['Saturday', '12–10:30PM'], ['Sunday', '5–9:30PM'], ['Monday', '11:30AM–10PM'], ['Tuesday', '11:30AM–10PM'], ['Wednesday', '11:30AM–10PM'], ['Thursday', '11:30AM–10PM'], ['Friday', '11:30AM–10:30PM']]"
0x89b08a69a169abb9:0xe6809c35dced5a94,Sushiya,"Sushiya, 4511 John Tyler Hwy, Williamsburg, VA 23185",37.2517326,-76.7636174,"['Japanese restaurant', 'Sushi restaurant']",4.5,148,$$,"[['Saturday', '12:30–8:30PM'], ['Sunday', '5–8:30PM'], ['Monday', '11:30AM–2:30PM'], ['Tuesday', '11:30AM–2:30PM'], ['Wednesday', '11:30AM–2:30PM'], ['Thursday', '11:30AM–2:30PM'], ['Friday', '11:30AM–2:30PM']]"
0x89bac19fc5749f3b:0xc1a7987b4fc45cad,Sapporo East,"Sapporo East, 2129 General Booth Blvd # 112, Virginia Beach, VA 23454",36.767897,-76.0158591,"['Asian restaurant', 'Japanese restaurant', 'Sushi restaurant']",4.6,148,$$,"[['Saturday', '12–9:30PM'], ['Sunday', '12–9PM'], ['Monday', '12–9PM'], ['Tuesday', 'Closed'], ['Wednesday', '12–9PM'], ['Thursday', '12–9PM'], ['Friday', '12–9:30PM']]"
0x89ba822e8483737d:0x35ebe4ec3bbc9091,Hibachi Express,"Hibachi Express, 2960 Hampton Hwy, Yorktown, VA 23693",37.1009198,-76.4172832,['Japanese restaurant'],4.4,257,$,"[['Saturday', '8AM–8PM'], ['Sunday', 'Closed'], ['Monday', '8AM–8PM'], ['Tuesday', '8AM–8PM'], ['Wednesday', '8AM–8PM'], ['Thursday', '8AM–8PM'], ['Friday', '8AM–8PM']]"
0x89b2d11c1fe89647:0x1295d6dc9f3fb99f,Izakaya Japanese Food & Sushi,"Izakaya Japanese Food & Sushi, 17928 Forest Rd, Forest, VA 24551",37.376442,-79.2492771,"['Authentic Japanese restaurant', 'Japanese restaurant', 'Sports bar', 'Sushi restaurant']",4.6,168,,"[['Saturday', '4:30–10PM'], ['Sunday', '12–3PM'], ['Monday', 'Closed'], ['Tuesday', '11AM–2:30PM'], ['Wednesday', '11AM–2:30PM'], ['Thursday', '11AM–2:30PM'], ['Friday', '11AM–2:30PM']]"
0x89ba95df5266a3eb:0xd4df060eddc359ac,Sushi Mama,"Sushi Mama, 424 Newtown Rd, Virginia Beach, VA 23462",36.8525171,-76.177697,"['Japanese restaurant', 'Restaurant']",4.5,328,$$,"[['Friday', '11AM–10:30PM'], ['Saturday', '11AM–10:30PM'], ['Sunday', '3–9PM'], ['Monday', '11AM–9:30PM'], ['Tuesday', '11AM–9:30PM'], ['Wednesday', '11AM–9:30PM'], ['Thursday', '11AM–9:30PM']]"
0x88501340949548cd:0x2777beaa6eae14c3,Fuji Japanese Express,"Fuji Japanese Express, 588 Cummings St, Abingdon, VA 24210",36.7014089,-81.97405309999999,['Japanese restaurant'],3.9,131,,"[['Friday', '10:30AM–11PM'], ['Saturday', '10:30AM–11PM'], ['Sunday', '10:30AM–10PM'], ['Monday', '10:30AM–10:30PM'], ['Tuesday', '10:30AM–10:30PM'], ['Wednesday', '10:30AM–10:30PM'], ['Thursday', '10:30AM–10:30PM']]"
0x89b16fb9b14d5e11:0x2a132dcf873b2e16,Takara Ramen Westchester,"Takara Ramen Westchester, 15781 WC Main St, Midlothian, VA 23113",37.5149373,-77.6920471,['Japanese restaurant'],4.4,88,,"[['Friday', '11:30AM–3PM'], ['Saturday', '11:30AM–10PM'], ['Sunday', '12–9PM'], ['Monday', 'Closed'], ['Tuesday', '11:30AM–3PM'], ['Wednesday', '11:30AM–3PM'], ['Thursday', '11:30AM–3PM']]"
0x89b1063804e1cf8d:0x8dbc0dc729cc4bc4,Narita Japanese Sushi Restaurant,"Narita Japanese Sushi Restaurant, 13115 Rivers Bend Blvd, Chester, VA 23836",37.3506778,-77.3552778,"['Japanese restaurant', 'Sushi restaurant']",4.4,208,$$,"[['Friday', '5–9PM'], ['Saturday', '5–9PM'], ['Sunday', 'Closed'], ['Monday', '5–9PM'], ['Tuesday', '5–9PM'], ['Wednesday', '5–9PM'], ['Thursday', '5–9PM']]"
0x89b63eec4dd27999:0xeebea7fee664f024,Nagoya Sushi Bar and Japanese Steak House,"Nagoya Sushi Bar and Japanese Steak House, 43330 Junction Plaza #194, Ashburn, VA 20147",39.0356606,-77.5005192,"['Japanese restaurant', 'Asian restaurant', 'Japanese steakhouse', 'Seafood restaurant', 'Sushi restaurant']",4.1,158,$$,"[['Friday', '4–10:30PM'], ['Saturday', '4–10:30PM'], ['Sunday', '3–9PM'], ['Monday', '4:30–10PM'], ['Tuesday', '4:30–10PM'], ['Wednesday', '4:30–10PM'], ['Thursday', '4:30–10PM']]"
0x89b6c12db8c1bc9d:0x8edf7164d1a3051f,Kobe Japanese Steak & Seafood House,"Kobe Japanese Steak & Seafood House, 10119 Southpoint Pkwy, Fredericksburg, VA 22407",38.239256399999995,-77.50687219999999,['Japanese steakhouse'],4.0,264,$$,"[['Friday', '11:30AM–2:30PM'], ['Saturday', '12–10PM'], ['Sunday', '12–9PM'], ['Monday', '11:30AM–2:30PM'], ['Tuesday', '11:30AM–2:30PM'], ['Wednesday', '11:30AM–2:30PM'], ['Thursday', '11:30AM–2:30PM']]"
0x89b69801f10eaaf7:0xc9acb4ca5af78302,Tokyo Restaurant,"Tokyo Restaurant, 36099 Goodwin Dr, Locust Grove, VA 22508",38.3495389,-77.7469772,"['Japanese restaurant', 'Asian restaurant', 'Sushi restaurant']",4.6,225,$$,"[['Friday', '11AM–10:30PM'], ['Saturday', '11AM–10:30PM'], ['Sunday', '12–9:30PM'], ['Monday', 'Closed'], ['Tuesday', '11AM–9:30PM'], ['Wednesday', '11AM–9:30PM'], ['Thursday', '11AM–9:30PM']]"
0x89baa43fabe52451:0x856f5058c858e6,tanko japan,"tanko japan, 2617 Moses Grandy Trail, Chesapeake, VA 23323",36.7388592,-76.3428398,"['Japanese restaurant', 'Asian restaurant']",4.2,128,$,"[['Friday', '11AM–10PM'], ['Saturday', '11AM–10PM'], ['Sunday', '11:30AM–9PM'], ['Monday', 'Closed'], ['Tuesday', '11AM–9:30PM'], ['Wednesday', '11AM–9:30PM'], ['Thursday', '11AM–9:30PM']]"
0x89b63ed0be402691:0x562f08e11c70891d,Mr.Sushi & Mrs.Roll,"Mr.Sushi & Mrs.Roll, 43930 Farmwell Hunt Plaza, Ashburn, VA 20147",39.0233201,-77.4813552,"['Japanese restaurant', 'Restaurant']",4.4,35,,"[['Friday', '10:30AM–10PM'], ['Saturday', '10:30AM–10PM'], ['Sunday', '10:30AM–10PM'], ['Monday', '10:30AM–10PM'], ['Tuesday', '10:30AM–10PM'], ['Wednesday', '10:30AM–10PM'], ['Thursday', '10:30AM–10PM']]"
0x89b5f10a19edcde5:0x5a8a8da79f58f868,Sakura #16,"Sakura #16, 235 Market St, Winchester, VA 22603",39.222387999999995,-78.135042,['Japanese steakhouse'],4.5,98,,"[['Friday', '11AM–10:30PM'], ['Saturday', '11AM–10:30PM'], ['Sunday', '11:30AM–9:30PM'], ['Monday', '11AM–9:30PM'], ['Tuesday', '11AM–9:30PM'], ['Wednesday', '11AM–9:30PM'], ['Thursday', '11AM–9:30PM']]"
0x89b7b1199e43f483:0x240a12f87e7fdb72,Bonchon Alexandria,"Bonchon Alexandria, 6852 Richmond Hwy, Alexandria, VA 22306",38.76932,-77.08247999999999,"['Asian fusion restaurant', 'Asian restaurant', 'Chicken restaurant', 'Chicken wings restaurant', 'Fried chicken takeaway', 'Japanese restaurant', 'Korean restaurant', 'Pan-Asian restaurant']",3.4,106,$$,"[['Friday', '11AM–12AM'], ['Saturday', '11AM–12AM'], ['Sunday', '11AM–8:30PM'], ['Monday', '11AM–9PM'], ['Tuesday', '11AM–9PM'], ['Wednesday', '11AM–9PM'], ['Thursday', '11AM–9:30PM']]"
0x89b387c42c660bdb:0x1415bb0d5e7e0db7,Szechuan Restaurant,"Szechuan Restaurant, 2006 Holiday Dr #2817, Charlottesville, VA 22901",38.05811,-78.49192699999999,"['Sichuan restaurant', 'Asian restaurant', 'Bar', 'Chinese restaurant', 'Japanese restaurant', 'Restaurant']",4.0,185,$,"[['Friday', '11AM–11PM'], ['Saturday', '11AM–11PM'], ['Sunday', '11AM–10PM'], ['Monday', '11AM–10PM'], ['Tuesday', '11AM–10PM'], ['Wednesday', 'Closed'], ['Thursday', '11AM–10PM']]"
0x88502d4d5de6f7d3:0x425b7aa572534564,Yummy Yummy Japanese Restaurant,"Yummy Yummy Japanese Restaurant, 232 E Main St, Marion, VA 24354",36.833886299999996,-81.517104,['Japanese restaurant'],4.4,278,$$,"[['Friday', '11AM–9PM'], ['Saturday', '11:30AM–9PM'], ['Sunday', '11:30AM–9PM'], ['Monday', 'Closed'], ['Tuesday', '11AM–9PM'], ['Wednesday', '11AM–9PM'], ['Thursday', '11AM–9PM']]"
0x89b7b177eec9e623:0x75a14ba68bee7dbd,Kisso Asian Bistro,"Kisso Asian Bistro, 300 King St, Alexandria, VA 22314",38.8044021,-77.0427486,"['Asian restaurant', 'Asian fusion restaurant', 'Bistro', 'Chinese restaurant', 'Authentic Japanese restaurant', 'Japanese restaurant', 'Southeast Asian restaurant', 'Sushi restaurant', 'Thai restaurant']",4.8,97,,"[['Thursday', '11:30AM–9:30PM'], ['Friday', '11:30AM–10PM'], ['Saturday', '11:30AM–10PM'], ['Sunday', '12–9:30PM'], ['Monday', '11:30AM–9:30PM'], ['Tuesday', '11:30AM–9:30PM'], ['Wednesday', '11:30AM–9:30PM']]"
0x89b63990e3fc6f1f:0x501d60c1f02fdfda,Bonchon Sterling,"Bonchon Sterling, 20921 Davenport Dr Unit 131, Sterling, VA 20165",39.036735,-77.41032,"['Asian fusion restaurant', 'Asian restaurant', 'Chicken restaurant', 'Chicken wings restaurant', 'Fried chicken takeaway', 'Japanese restaurant', 'Korean restaurant', 'Pan-Asian restaurant']",3.5,144,$$,"[['Thursday', '11:30AM–8:30PM'], ['Friday', '11:30AM–8:30PM'], ['Saturday', '11:30AM–8:30PM'], ['Sunday', '11:30AM–8:30PM'], ['Monday', 'Closed'], ['Tuesday', '11:30AM–8:30PM'], ['Wednesday', '11:30AM–8:30PM']]"
0x89b65cf7ac94df61:0x349fcdd9897f6d6,Sumo Japanese Steakhouse,"Sumo Japanese Steakhouse, 8359 Sudley Rd, Manassas, VA 20109",38.7753815,-77.5006885,"['Steak house', 'Asian restaurant', 'Japanese restaurant', 'Japanese steakhouse', 'Seafood restaurant', 'Sushi restaurant']",4.5,315,$$,"[['Thursday', '4:30–8PM'], ['Friday', '4:30–9PM'], ['Saturday', '2–9PM'], ['Sunday', '12–8PM'], ['Monday', '4:30–8PM'], ['Tuesday', '4:30–8PM'], ['Wednesday', '4:30–8PM']]"
0x89b477fe5252eeeb:0x6d7afb1dd1086825,Kyoto Restaurant,"Kyoto Restaurant, 1864 Rio Hill Center, Charlottesville, VA 22901",38.087417699999996,-78.4749841,"['Japanese restaurant', 'Asian restaurant']",4.3,78,$$,"[['Thursday', '11AM–9:30PM'], ['Friday', '11AM–9:30PM'], ['Saturday', '11AM–9:30PM'], ['Sunday', 'Closed'], ['Monday', '11AM–9:30PM'], ['Tuesday', '11AM–9:30PM'], ['Wednesday', '11AM–9:30PM']]"
0x89b7b4c1c9e50959:0x9bd07b4f3aab2cdd,Maneki Neko Japanese Restaurant,"Maneki Neko Japanese Restaurant, 238 W Broad St, Falls Church, VA 22046",38.883611099999996,-77.17277779999999,"['Japanese restaurant', 'Authentic Japanese restaurant', 'Sushi restaurant']",4.6,365,$$,"[['Thursday', '11AM–2PM'], ['Friday', '11AM–2PM'], ['Saturday', '12–2PM'], ['Sunday', '12–2PM'], ['Monday', '11AM–2PM'], ['Tuesday', '11AM–2PM'], ['Wednesday', '11AM–2PM']]"
0x89b644fce5e7de35:0x22e289e62a89d7db,Tomo Izakaya Japanese Sushi and Grill,"Tomo Izakaya Japanese Sushi and Grill, 13810 Braddock Rd A, Centreville, VA 20121",38.8384047,-77.4272726,"['Japanese restaurant', 'Restaurant', 'Sushi restaurant']",4.3,638,$$,"[['Thursday', '11AM–10PM'], ['Friday', '11AM–10PM'], ['Saturday', '11AM–10PM'], ['Sunday', '11AM–10PM'], ['Monday', '11AM–10PM'], ['Tuesday', '11AM–10PM'], ['Wednesday', '11AM–10PM']]"
0x89b7ad50c8755b19:0x6156105e7480bce,Sarku Japan Teriyaki & Sushi Express,"Sarku Japan Teriyaki & Sushi Express, 7000A Brookfield Plaza, Springfield, VA 22150",38.773191499999996,-77.18441539999999,"['Japanese restaurant', 'Fast food restaurant', 'Noodle shop', 'Restaurant', 'Sushi restaurant', 'Teppanyaki restaurant']",3.6,168,$,"[['Thursday', '11AM–9PM'], ['Friday', '11AM–9PM'], ['Saturday', '11AM–9PM'], ['Sunday', '11AM–9PM'], ['Monday', '11AM–9PM'], ['Tuesday', '11AM–9PM'], ['Wednesday', '11AM–9PM']]"
0x89b7b0ff7ab44a53:0x7c8b176d4892400,Nasime Japanese Restaurant,"Nasime Japanese Restaurant, 1209 King St, Alexandria, VA 22314",38.805934799999996,-77.0528647,['Japanese restaurant'],4.7,225,$$$,"[['Thursday', '5:30–10PM'], ['Friday', '5:30–10PM'], ['Saturday', '5:30–10PM'], ['Sunday', 'Closed'], ['Monday', 'Closed'], ['Tuesday', '5:30–10PM'], ['Wednesday', '5:30–10PM']]"
0x89b63f229343c1a7:0x3ea34078fe27c113,Sakura Grill Ashburn,"Sakura Grill Ashburn, 43670 Greenway Corporate Dr #112, Ashburn, VA 20147",39.0100561,-77.4920058,"['Japanese steakhouse', 'Asian restaurant', 'Chinese noodle restaurant', 'Chinese takeaway', 'Delivery Chinese restaurant', 'Restaurant', 'Sushi restaurant', 'Sushi takeaway']",4.5,237,$$,"[['Thursday', '11:30AM–10PM'], ['Friday', '11:30AM–10:30PM'], ['Saturday', '11:30AM–10:30PM'], ['Sunday', '11:30AM–10PM'], ['Monday', 'Closed'], ['Tuesday', '11:30AM–10PM'], ['Wednesday', '11:30AM–10PM']]"
0x89b5eef01ca80c4b:0x523c2dfeee312c9b,Ichiban Japanese Steak & Seafood House,"Ichiban Japanese Steak & Seafood House, 2058 S Pleasant Valley Rd, Winchester, VA 22601",39.161394,-78.16654799999999,"['Japanese restaurant', 'Asian restaurant', 'Restaurant', 'Seafood restaurant', 'Sushi restaurant']",4.3,404,$$,"[['Thursday', '12–9PM'], ['Friday', '12–9:30PM'], ['Saturday', '12–9:30PM'], ['Sunday', '12–8:30PM'], ['Monday', '12–9PM'], ['Tuesday', '12–9PM'], ['Wednesday', '12–9PM']]"
0x89b7b55b0fe4d363:0xacb96deae3672c4,Tama Sushi,"Tama Sushi, 6828 Old Dominion Dr, McLean, VA 22101",38.9349661,-77.1793012,"['Japanese restaurant', 'Asian restaurant', 'Sushi restaurant']",4.4,78,$$,"[['Thursday', '11:30AM–9PM'], ['Friday', '11:30AM–9PM'], ['Saturday', '12–9PM'], ['Sunday', '12–9PM'], ['Monday', 'Closed'], ['Tuesday', '11:30AM–9PM'], ['Wednesday', '11:30AM–9PM']]"
0x89bae992d2b3cac3:0xdfe16029a06efcd2,Alkaline Baby Izakaya,"Alkaline Baby Izakaya, 510 17th 1/2 St Suite A, Virginia Beach, VA 23451",36.8449077,-75.9803087,['Japanese restaurant'],4.9,48,,"[['Thursday', '5–9PM'], ['Friday', '5–9PM'], ['Saturday', '5–9PM'], ['Sunday', '5–9PM'], ['Monday', '5–9PM'], ['Tuesday', 'Closed'], ['Wednesday', 'Closed']]"
0x89b08a4a84bc79ab:0x248b47e26db44d5e,Gold Taste Sushi and Japanese Restaurant,"Gold Taste Sushi and Japanese Restaurant, 4680 Monticello Ave suite 18A, Williamsburg, VA 23188",37.272095799999995,-76.7570748,"['Japanese restaurant', 'Restaurant', 'Sushi restaurant']",4.4,215,,"[['Thursday', '11AM–9PM'], ['Friday', '11AM–9:30PM'], ['Saturday', '11AM–9:30PM'], ['Sunday', '12–8PM'], ['Monday', '11AM–9PM'], ['Tuesday', '11AM–9PM'], ['Wednesday', '11AM–9PM']]"
0x89b2da6cc81d882d:0xe6594a2f0801109e,Yamato,"Yamato, 4915 Fort Ave, Lynchburg, VA 24502",37.380041299999995,-79.1828544,"['Restaurant', 'Chinese restaurant', 'Japanese restaurant', 'Takeout Restaurant', 'Sushi restaurant']",4.4,218,$,"[['Thursday', '11AM–10PM'], ['Friday', '11AM–10PM'], ['Saturday', '11AM–10PM'], ['Sunday', '12–9:30PM'], ['Monday', 'Closed'], ['Tuesday', '11AM–10PM'], ['Wednesday', '11AM–10PM']]"
0x89bac1b3b75ebf9d:0x489d9cd2a416e08b,Molly Ramen•Poke•Tea,"Molly Ramen•Poke•Tea, 869 Lynnhaven Pkwy #109, Virginia Beach, VA 23452",36.812472,-76.07205119999999,['Japanese restaurant'],4.2,125,$$,"[['Thursday', '11AM–9:30PM'], ['Friday', '11AM–11PM'], ['Saturday', '11AM–11PM'], ['Sunday', '11AM–9:30PM'], ['Monday', '11AM–9:30PM'], ['Tuesday', '11AM–9:30PM'], ['Wednesday', '11AM–9:30PM']]"
0x89b5c5d229edcc63:0xfda2da15afa13787,YamaFuji Japanese Restaurant,"YamaFuji Japanese Restaurant, 241 Chester St, Front Royal, VA 22630",38.922453999999995,-78.193175,"['Japanese restaurant', 'Asian restaurant', 'Sushi restaurant']",4.4,298,$$,"[['Tuesday', '11AM–10PM'], ['Wednesday', '11AM–10PM'], ['Thursday', '11AM–10PM'], ['Friday', '11AM–11PM'], ['Saturday', '11AM–11PM'], ['Sunday', '12–11PM'], ['Monday', '11AM–10PM']]"
0x89b38647e928d289:0xfd69bad4e9399dea,Lemongrass,"Lemongrass, 104 14th St NW #6, Charlottesville, VA 22903",38.034483699999996,-78.4990789,"['Thai restaurant', 'Asian restaurant', 'Japanese restaurant', 'Delivery Restaurant', 'Restaurant']",4.2,244,$$,"[['Tuesday', '11AM–8PM'], ['Wednesday', '11AM–8PM'], ['Thursday', '11AM–8PM'], ['Friday', '11AM–8PM'], ['Saturday', '12–8PM'], ['Sunday', 'Closed'], ['Monday', 'Closed']]"
0x89b2d0861219b893:0x5d8dfaadea322c65,Jade Palace Restaurant,"Jade Palace Restaurant, 7118 Timberlake Rd, Lynchburg, VA 24502",37.3614167,-79.21017429999999,"['Chinese restaurant', 'American restaurant', 'Japanese restaurant']",4.2,368,$$,"[['Tuesday', 'Closed'], ['Wednesday', '11:30AM–9:45PM'], ['Thursday', '11:30AM–9:45PM'], ['Friday', '11:30AM–9:45PM'], ['Saturday', '11:30AM–9:45PM'], ['Sunday', '11:30AM–9:45PM'], ['Monday', '11:30AM–9:45PM']]"
0x89b64bc7d14722bd:0x5013e32384d9f101,Maru Korean Cuisine & Sushi,"Maru Korean Cuisine & Sushi, 128 Maple Ave W, Vienna, VA 22180",38.900667299999995,-77.2657265,"['Korean restaurant', 'Asian fusion restaurant', 'Japanese restaurant', 'Restaurant', 'Sushi restaurant']",4.6,258,$$,"[['Monday', 'Closed'], ['Tuesday', '11:30AM–9PM'], ['Wednesday', '11:30AM–9PM'], ['Thursday', '11:30AM–9PM'], ['Friday', '11:30AM–9PM'], ['Saturday', '11:30AM–9PM'], ['Sunday', '11:30AM–9PM']]"
0x89b7b7f89a238cff:0xccaf573eebebba0a,takeshi sushi,"takeshi sushi, 2424 A, Wilson Blvd, Arlington, VA 22201",38.890401,-77.0882468,['Japanese restaurant'],4.6,27,,"[['Monday', '11:30AM–3PM'], ['Tuesday', '11:30AM–3PM'], ['Wednesday', '11:30AM–3PM'], ['Thursday', '11:30AM–3PM'], ['Friday', '11:30AM–3PM'], ['Saturday', '11:30AM–3PM'], ['Sunday', '5–9PM']]"
0x89b5c40f69d35419:0xffb931e4d16433f5,MIKADO HIBACHI & SUSHI,"MIKADO HIBACHI & SUSHI, 50 G Riverton Commons Dr #70, Front Royal, VA 22630",38.9626801,-78.1886995,"['Japanese steakhouse', 'Asian restaurant', 'Japanese restaurant', 'Steak house', 'Sushi restaurant']",4.4,368,$$,"[['Monday', '12–8:30PM'], ['Tuesday', '12–8:30PM'], ['Wednesday', '12–8:30PM'], ['Thursday', '12–8:30PM'], ['Friday', '12–8:30PM'], ['Saturday', '12–9PM'], ['Sunday', '12–9PM']]"
0x89b1111eed7c7b0d:0xf9e393ad79aa51a4,Miyabi Sushi,"Miyabi Sushi, 1712 E Main St, Richmond, VA 23223",37.533446,-77.427904,"['Japanese restaurant', 'Delivery service', 'Fine dining restaurant', 'Takeout Restaurant', 'Restaurant', 'Sushi restaurant', 'Sushi takeaway']",4.3,218,,"[['Monday', '11AM–10PM'], ['Tuesday', '11AM–10PM'], ['Wednesday', '11AM–10PM'], ['Thursday', '11AM–10PM'], ['Friday', '11AM–11PM'], ['Saturday', '11AM–11PM'], ['Sunday', '12–10PM']]"
0x89b00f0d0f6a6d6f:0x2344e3ba3303d871,sushi aka,"sushi aka, 116 W Washington St, Suffolk, VA 23434",36.7285164,-76.5836846,"['Asian restaurant', 'Japanese restaurant', 'Seafood restaurant', 'Sushi restaurant']",4.7,198,,"[['Monday', 'Closed'], ['Tuesday', '4–10PM'], ['Wednesday', '11:30AM–2PM'], ['Thursday', '11:30AM–2PM'], ['Friday', '11:30AM–2PM'], ['Saturday', '4–11PM'], ['Sunday', 'Closed']]"
0x89ba97ae7990e749:0xfca9b149445d94c1,T'San Japanese Restaurant,"T'San Japanese Restaurant, 4640 E Princess Anne Rd, Norfolk, VA 23502",36.8675875,-76.2307805,['Japanese restaurant'],4.5,252,$,"[['Sunday', 'Closed'], ['Monday', '11AM–7PM'], ['Tuesday', '11AM–7PM'], ['Wednesday', '11AM–7PM'], ['Thursday', '11AM–7PM'], ['Friday', '11AM–7PM'], ['Saturday', '11AM–7PM']]"
0x89b7b6a5496bb391:0x36084b98184155ee,Takohachi Japanese Restaurant,"Takohachi Japanese Restaurant, 3249 Columbia Pike, Arlington, VA 22204",38.8621694,-77.0913889,"['Sushi restaurant', 'Japanese restaurant']",4.5,308,$,"[['Sunday', '11:30AM–9PM'], ['Monday', '11:30AM–9PM'], ['Tuesday', '11:30AM–9PM'], ['Wednesday', '11:30AM–9PM'], ['Thursday', '11:30AM–9PM'], ['Friday', '11:30AM–9PM'], ['Saturday', '11:30AM–9PM']]"
0x89b1131bd2635919:0xff2e723bbbff5a00,Hibachi Express,"Hibachi Express, 2500 Sheila Ln, Richmond, VA 23225",37.535681,-77.533318,['Japanese restaurant'],4.2,356,$,"[['Sunday', 'Closed'], ['Monday', '11AM–9PM'], ['Tuesday', '11AM–9PM'], ['Wednesday', '11AM–9PM'], ['Thursday', '11AM–9PM'], ['Friday', '11AM–9:30PM'], ['Saturday', '11AM–9:30PM']]"
0x89b6c1818fa9277d:0x11ae2e457761faef,ICHIBAN RAMEN AND SUSHI,"ICHIBAN RAMEN AND SUSHI, 1632 Carl D. Silver Pkwy, Fredericksburg, VA 22401",38.3029644,-77.5098742,['Japanese restaurant'],4.4,233,,"[['Sunday', '11:30AM–8:30PM'], ['Monday', '11:30AM–9PM'], ['Tuesday', '11:30AM–9PM'], ['Wednesday', '11:30AM–9PM'], ['Thursday', '11:30AM–9PM'], ['Friday', '11:30AM–9:30PM'], ['Saturday', '11:30AM–9:30PM']]"
0x89b162df21e4daaf:0xf05ea7b113b3c7ac,Osaka Hibachi & Sushi,"Osaka Hibachi & Sushi, 2105 Academy Rd G, Powhatan, VA 23139",37.5393105,-77.8844946,"['Japanese restaurant', 'Japanese steakhouse', 'Takeout Restaurant', 'Sushi restaurant']",4.5,74,,"[['Sunday', '12–8:30PM'], ['Monday', 'Closed'], ['Tuesday', '11AM–8:30PM'], ['Wednesday', '11AM–8:30PM'], ['Thursday', '11AM–8:30PM'], ['Friday', '11AM–9PM'], ['Saturday', '11AM–9PM']]"
0x89b63de5669b03b7:0x78bfc80f5529572,Bonchon Leesburg,"Bonchon Leesburg, 1607 Village Market Blvd SE Suite K - 106, Leesburg, VA 20175",39.088656,-77.523415,"['Asian fusion restaurant', 'Asian restaurant', 'Chicken restaurant', 'Chicken wings restaurant', 'Fried chicken takeaway', 'Japanese restaurant', 'Korean restaurant', 'Pan-Asian restaurant']",3.6,84,$$,"[['Sunday', '11AM–8PM'], ['Monday', '11AM–8PM'], ['Tuesday', '11AM–8PM'], ['Wednesday', '11AM–8PM'], ['Thursday', '11AM–8PM'], ['Friday', '11AM–9PM'], ['Saturday', '11AM–9PM']]"
0x89b16a883a782c01:0x50d5d057275e631a,7 Stars Asian Cuisine,"7 Stars Asian Cuisine, 11331 W Broad St, Glen Allen, VA 23060",37.6488762,-77.60605939999999,"['Japanese restaurant', 'Asian fusion restaurant', 'Bar', 'Chinese restaurant', 'Sushi restaurant', 'Thai restaurant']",4.3,148,$$,"[['Sunday', '12–10PM'], ['Monday', '11AM–10PM'], ['Tuesday', '11AM–10PM'], ['Wednesday', '11AM–10PM'], ['Thursday', '11AM–10PM'], ['Friday', '11AM–11PM'], ['Saturday', '11AM–11PM']]"
0x89b1113c59fd2825:0xc31d0972a79cd5e0,Tenka Ramen - Richmond VA,"Tenka Ramen - Richmond VA, 110 N 5th St, Richmond, VA 23219",37.541716,-77.438937,"['Ramen restaurant', 'Japanese curry restaurant']",4.5,377,$$,"[['Sunday', 'Closed'], ['Monday', '4–8:30PM'], ['Tuesday', '4–8:30PM'], ['Wednesday', '4–8:30PM'], ['Thursday', '4–8:30PM'], ['Friday', '4–8:30PM'], ['Saturday', '4–8:30PM']]"
0x89b00e8d1f6f746f:0x18f9e6f2fa4bba92,Iron Chef Japanese Restaurant,"Iron Chef Japanese Restaurant, 1024 Centerbrooke Ln # B, Suffolk, VA 23434",36.7706314,-76.5863318,['Japanese restaurant'],4.4,228,$$,"[['Sunday', 'Closed'], ['Monday', '11AM–8PM'], ['Tuesday', '11AM–8PM'], ['Wednesday', '11AM–8PM'], ['Thursday', '11AM–8PM'], ['Friday', '11AM–8PM'], ['Saturday', '11AM–8PM']]"
0x89b7ada29b6b1989:0xd8009aa9b77e8f82,Katana Sushi,"Katana Sushi, 7588 Telegraph Rd, Alexandria, VA 22315",38.7527512,-77.1398294,"['Japanese restaurant', 'Sushi restaurant']",4.6,97,$$,"[['Sunday', '11AM–9:30PM'], ['Monday', 'Closed'], ['Tuesday', '11AM–9:30PM'], ['Wednesday', '11AM–9:30PM'], ['Thursday', '11AM–9:30PM'], ['Friday', '11AM–9:30PM'], ['Saturday', '11AM–9:30PM']]"
0x89b13dc5a18d8407:0xd5dacd0ec76265bc,Tokyo Japanese Express,"Tokyo Japanese Express, 10101 Brook Rd, Glen Allen, VA 23059",37.6751025,-77.4555393,['Japanese restaurant'],4.3,18,,"[['Sunday', 'Open 24 hours'], ['Monday', 'Open 24 hours'], ['Tuesday', 'Open 24 hours'], ['Wednesday', 'Open 24 hours'], ['Thursday', 'Open 24 hours'], ['Friday', 'Open 24 hours'], ['Saturday', 'Open 24 hours']]"
0x89b5e98fbf71e0c9:0x954a1350007be51f,Sake Sushi,"Sake Sushi, 201 Centre Dr, Stephens City, VA 22655",39.0805205,-78.1911451,"['Sushi restaurant', 'Asian restaurant', 'Japanese restaurant']",4.6,197,$$,"[['Sunday', '11AM–9PM'], ['Monday', 'Closed'], ['Tuesday', '10:30AM–10PM'], ['Wednesday', '10:30AM–10PM'], ['Thursday', '10:30AM–10PM'], ['Friday', '10:30AM–10:30PM'], ['Saturday', '10:30AM–10:30PM']]"
0x89b07fe90cf6f2ad:0xe801746c893f2a2d,Hibachi Express,"Hibachi Express, 12971 Jefferson Ave #103, Newport News, VA 23608",37.157238,-76.53535219999999,['Japanese restaurant'],4.3,148,,"[['Sunday', 'Closed'], ['Monday', '11AM–2:30PM'], ['Tuesday', '11AM–2:30PM'], ['Wednesday', '11AM–2:30PM'], ['Thursday', '11AM–2:30PM'], ['Friday', '11AM–2:30PM'], ['Saturday', '11AM–2:30PM']]"
0x89babb61b9dfc049:0x4c9fb20abc36c632,Oishi Sushi,"Oishi Sushi, 817 Botetourt Ct #105, Chesapeake, VA 23320",36.7493461,-76.24419429999999,"['Sushi restaurant', 'Asian restaurant', 'Japanese restaurant', 'Restaurant']",4.7,218,$$,"[['Sunday', 'Closed'], ['Monday', '11AM–9:30PM'], ['Tuesday', '11AM–9:30PM'], ['Wednesday', '11AM–9:30PM'], ['Thursday', '11AM–9:30PM'], ['Friday', '11AM–10:30PM'], ['Saturday', '12–10:30PM']]"
0x89babcbc137ff501:0xedef1233fd135f7e,Daikichi Sushi Bistro,"Daikichi Sushi Bistro, 1400 N Battlefield Blvd, Chesapeake, VA 23320",36.766182199999996,-76.2524452,"['Sushi restaurant', 'Bar', 'Japanese restaurant']",4.6,258,$$,"[['Sunday', 'Closed'], ['Monday', '11:30AM–2PM'], ['Tuesday', '11:30AM–2PM'], ['Wednesday', '11:30AM–2PM'], ['Thursday', '11:30AM–2PM'], ['Friday', '11:30AM–2PM'], ['Saturday', '5–9:30PM']]"
0x89b7b4237c528c85:0x2b7f52ebb9f70f76,Shiki Sushi,"Shiki Sushi, 671 N Glebe Rd #1248, Arlington, VA 22203",38.8788856,-77.1109261,"['Sushi restaurant', 'Asian restaurant', 'Japanese restaurant', 'Korean restaurant']",4.3,25,$$,"[['Saturday', '4:30–10PM'], ['Sunday', 'Closed'], ['Monday', '11AM–10PM'], ['Tuesday', '11AM–10PM'], ['Wednesday', '11AM–10PM'], ['Thursday', '11AM–10PM'], ['Friday', '11AM–10PM']]"
0x89b5eefc1374b591:0xa0f487ef178c867d,Nori Japan,"Nori Japan, 1850 Apple Blossom Dr, Winchester, VA 22601",39.1599879,-78.1635854,"['Asian restaurant', 'Japanese restaurant', 'Sushi restaurant']",4.3,78,$,"[['Saturday', '10AM–9PM'], ['Sunday', '12–6PM'], ['Monday', '11AM–8PM'], ['Tuesday', '11AM–8PM'], ['Wednesday', '11AM–8PM'], ['Thursday', '11AM–8PM'], ['Friday', '10AM–9PM']]"
0x89b63eb178fd5655:0x449996567becc778,Tokyo Sushi,"Tokyo Sushi, 44031 Ashburn Shopping Plaza, Ashburn, VA 20147",39.0443496,-77.4769936,"['Japanese restaurant', 'Restaurant']",3.2,38,$$,"[['Saturday', '11AM–10PM'], ['Sunday', '11AM–9:30PM'], ['Monday', '11AM–3PM'], ['Tuesday', '11AM–3PM'], ['Wednesday', '11AM–3PM'], ['Thursday', '11AM–3PM'], ['Friday', '11AM–3PM']]"
0x89baa05a91fa57c7:0xe98b6099e8ea8bf6,Japan Samurai,"Japan Samurai, 4300 Portsmouth Blvd, Chesapeake, VA 23321",36.8233319,-76.4217269,"['Japanese restaurant', 'Steak house', 'Sushi restaurant']",4.3,228,$$,"[['Saturday', '4–10:30PM'], ['Sunday', '12–9PM'], ['Monday', '4–9:30PM'], ['Tuesday', '11:30AM–2PM'], ['Wednesday', '11:30AM–2PM'], ['Thursday', '11:30AM–2PM'], ['Friday', '11:30AM–2PM']]"
0x89b7b2a9de53bc6d:0xd19571d5343b3cfe,Kana Sushi,"Kana Sushi, 7020 Old Keene Mill Rd, Springfield, VA 22150",38.779361699999995,-77.18718659999999,"['Japanese restaurant', 'Sushi restaurant']",4.5,338,$$,"[['Saturday', '11:30AM–10PM'], ['Sunday', '11:30AM–9PM'], ['Monday', '11:30AM–2:30PM'], ['Tuesday', '11:30AM–2:30PM'], ['Wednesday', '11:30AM–2:30PM'], ['Thursday', '11:30AM–2:30PM'], ['Friday', '11:30AM–2:30PM']]"
0x89ba908c263ca30d:0x85128fc31303c0aa,Osaka,"Osaka, 191 W Ocean View Ave, Norfolk, VA 23503",36.9549468,-76.2541485,['Japanese restaurant'],3.7,124,,"[['Saturday', '11AM–10PM'], ['Sunday', 'Closed'], ['Monday', '11AM–10PM'], ['Tuesday', '11AM–10PM'], ['Wednesday', '11AM–10PM'], ['Thursday', '11AM–10PM'], ['Friday', '11AM–10PM']]"
0x89ba984ca808e6c1:0xc2b38201ee5579c1,Sakura Sushi Bar,"Sakura Sushi Bar, 4300 Monarch Way, Norfolk, VA 23508",36.883641,-76.299973,"['Sushi restaurant', 'Asian restaurant', 'Japanese restaurant', 'Restaurant']",4.1,74,$$,"[['Saturday', '12–10PM'], ['Sunday', '12–10PM'], ['Monday', '11AM–10PM'], ['Tuesday', '11AM–10PM'], ['Wednesday', '11AM–10PM'], ['Thursday', '11AM–10PM'], ['Friday', '11AM–10PM']]"
0x89b66652887b5613:0x93ff52a14b2ef132,Osaka Japanese Steakhouse & Seafood,"Osaka Japanese Steakhouse & Seafood, 7447 Linton Hall Rd, Gainesville, VA 20155",38.7944307,-77.60946419999999,"['Japanese restaurant', 'Asian restaurant', 'Family restaurant', 'Restaurant', 'Sushi restaurant']",4.0,138,$$,"[['Saturday', '3:30–9PM'], ['Sunday', '3:30–9PM'], ['Monday', '4:30–9PM'], ['Tuesday', '4:30–9PM'], ['Wednesday', '4:30–9PM'], ['Thursday', '4:30–9PM'], ['Friday', '4:30–9PM']]"
0x885012e00c16ccc7:0xf115a974573c169b,Tokyo Japanese Steak House,"Tokyo Japanese Steak House, 811 Village Blvd, Abingdon, VA 24210",36.7079434,-81.998376,"['Japanese steakhouse', 'Restaurant']",4.5,138,$$,"[['Saturday', '11AM–9:30PM'], ['Sunday', '11AM–9PM'], ['Monday', 'Closed'], ['Tuesday', '11AM–9PM'], ['Wednesday', '11AM–9PM'], ['Thursday', '11AM–9PM'], ['Friday', '11AM–9:30PM']]"
0x89b7b332694514dd:0x7498a29dc59b4ca0,Ga Bo Ja,"Ga Bo Ja, 7119 Columbia Pike, Annandale, VA 22003",38.8321665,-77.1906846,"['Sushi restaurant', 'Japanese restaurant', 'Korean restaurant', 'Takeout Restaurant', 'Restaurant', 'Seafood restaurant']",3.8,218,,"[['Saturday', '10AM–9:30PM'], ['Sunday', '10AM–9:30PM'], ['Monday', '10AM–9:30PM'], ['Tuesday', '10AM–9:30PM'], ['Wednesday', '10AM–9:30PM'], ['Thursday', '10AM–9:30PM'], ['Friday', '10AM–9:30PM']]"
0x89b7b462e3310975:0x66e3b128d13523e4,Quickway Japanese Hibachi,"Quickway Japanese Hibachi, 6136 F Arlington Blvd, Seven Corners, VA 22044",38.8690974,-77.14533329999999,['Japanese restaurant'],4.0,167,$,"[['Saturday', '11AM–9:50PM'], ['Sunday', '11AM–8:50PM'], ['Monday', '11AM–9:50PM'], ['Tuesday', '11AM–9:50PM'], ['Wednesday', '11AM–9:50PM'], ['Thursday', '11AM–9:50PM'], ['Friday', '11AM–9:50PM']]"
0x89b641a42b57198b:0x44932531fbb20170,Bonchon South Riding,"Bonchon South Riding, South Riding Market Square, 24995 Riding Plaza #120, Chantilly, VA 20152",38.926413,-77.522027,"['Asian fusion restaurant', 'Asian restaurant', 'Chicken restaurant', 'Chicken wings restaurant', 'Fried chicken takeaway', 'Japanese restaurant', 'Korean restaurant', 'Pan-Asian restaurant']",4.2,228,$$,"[['Saturday', '11:30AM–9:30PM'], ['Sunday', '11:30AM–9:30PM'], ['Monday', '11:30AM–9:30PM'], ['Tuesday', '11:30AM–9:30PM'], ['Wednesday', '11:30AM–9:30PM'], ['Thursday', '11:30AM–9:30PM'], ['Friday', '11:30AM–9:30PM']]"
0x89b64bb40e12e643:0x74c0e7265f8f09df,Sweet Ginger,"Sweet Ginger, 120 Branch Rd SE, Vienna, VA 22180",38.906607799999996,-77.25758809999999,"['Japanese restaurant', 'Restaurant']",4.6,228,$$,"[['Saturday', '12–3PM'], ['Sunday', '12–3PM'], ['Monday', '11:30AM–3PM'], ['Tuesday', '11:30AM–3PM'], ['Wednesday', '11:30AM–3PM'], ['Thursday', '11:30AM–3PM'], ['Friday', '11:30AM–3PM']]"
0x89baecafddc29c7d:0xb88eefbd4e445541,Sakura Japanese Restaurant,"Sakura Japanese Restaurant, 2973 Shore Dr #111, Virginia Beach, VA 23451",36.909682499999995,-76.0756802,['Japanese restaurant'],4.3,168,$$,"[['Saturday', '3–9PM'], ['Sunday', '3–9PM'], ['Monday', '3–9PM'], ['Tuesday', '3–9PM'], ['Wednesday', '3–9PM'], ['Thursday', '3–9PM'], ['Friday', '3–9PM']]"
0x8852900aa0c10c0f:0x956c7b06a09575fe,Yamato Japanese Restaurant,"Yamato Japanese Restaurant, 810 Commonwealth Blvd, Martinsville, VA 24112",36.6955665,-79.8994602,"['Japanese restaurant', 'Asian restaurant', 'Restaurant', 'Sushi restaurant', 'Sushi takeaway']",4.2,493,$$,"[['Saturday', '3–11PM'], ['Sunday', '12–10PM'], ['Monday', '11:30AM–3PM'], ['Tuesday', '11:30AM–3PM'], ['Wednesday', '11:30AM–3PM'], ['Thursday', '11:30AM–3PM'], ['Friday', '11:30AM–3PM']]"
0x89b7b55b1b14686d:0x3149e6b819c4c94b,Ichiban Sushi,"Ichiban Sushi, 6821A Old Dominion Dr, McLean, VA 22101",38.9343989,-77.1799157,"['Japanese restaurant', 'Seafood restaurant', 'Sushi restaurant']",4.6,225,$$,"[['Saturday', '11:30AM–10PM'], ['Sunday', 'Closed'], ['Monday', '11:30AM–10PM'], ['Tuesday', '11:30AM–10PM'], ['Wednesday', '11:30AM–10PM'], ['Thursday', '11:30AM–10PM'], ['Friday', '11:30AM–10PM']]"
0x89b7b65bf8d9a445:0x15b99952b050597b,Kanpai Restaurant,"Kanpai Restaurant, 1401 Wilson Blvd, Arlington, VA 22209",38.8956107,-77.0736215,"['Japanese restaurant', 'Sushi restaurant']",3.9,178,$$,"[['Friday', '12–2:30PM'], ['Saturday', 'Closed'], ['Sunday', 'Closed'], ['Monday', '12–2:30PM'], ['Tuesday', '12–2:30PM'], ['Wednesday', '12–2:30PM'], ['Thursday', '12–2:30PM']]"
0x89baa4e62d4eb845:0x5650bd76421c4969,YamaChen's Sushi,"YamaChen's Sushi, 1501 Cedar Rd # 116, Chesapeake, VA 23322",36.7246112,-76.2972764,"['Authentic Japanese restaurant', 'Asian restaurant', 'Sushi restaurant']",4.6,168,$$,"[['Friday', '11:30AM–3PM'], ['Saturday', '12–10PM'], ['Sunday', '12–10PM'], ['Monday', '11:30AM–3PM'], ['Tuesday', '11:30AM–3PM'], ['Wednesday', '11:30AM–3PM'], ['Thursday', '11:30AM–3PM']]"
0x89b7b689ea21949d:0x581226e09d7b4ffc,Asahi,"Asahi, 2250 Clarendon Blvd G, Arlington, VA 22201",38.889598,-77.0865069,"['Japanese restaurant', 'Asian fusion restaurant', 'Sushi restaurant']",4.5,276,$$,"[['Friday', '11:30AM–2:30PM'], ['Saturday', '4–10:30PM'], ['Sunday', '4–9:30PM'], ['Monday', '11:30AM–2:30PM'], ['Tuesday', '11:30AM–2:30PM'], ['Wednesday', '11:30AM–2:30PM'], ['Thursday', '11:30AM–2:30PM']]"
0x89b174021e76c69d:0x909a62c406ac5692,Yamato Japanese Steakhouse,"Yamato Japanese Steakhouse, 13607 Hull Street Rd, Midlothian, VA 23112",37.408943,-77.65245999999999,"['Japanese restaurant', 'Family restaurant', 'Steak house']",4.3,728,$$,"[['Friday', '4:30–9PM'], ['Saturday', '4:30–9:30PM'], ['Sunday', '4:30–9:30PM'], ['Monday', '4:30–9PM'], ['Tuesday', '4:30–9PM'], ['Wednesday', '4:30–9PM'], ['Thursday', '4:30–9PM']]"
0x89b6395938fc1323:0x3c6d5f998033ef3e,Okada Japanese Restaurant & Sushi Bar,"Okada Japanese Restaurant & Sushi Bar, 20357 Exchange St, Ashburn, VA 20147",39.052912299999996,-77.45434279999999,['Japanese restaurant'],4.3,398,$$,"[['Friday', '11:30AM–11PM'], ['Saturday', '11:30AM–11PM'], ['Sunday', '11:30AM–10PM'], ['Monday', '11:30AM–10PM'], ['Tuesday', 'Closed'], ['Wednesday', '11:30AM–10PM'], ['Thursday', '11:30AM–10PM']]"
0x89b7b0f20442a3e9:0x9ca07fe8d7c3f8c9,Tokyo Japanese Steakhouse,"Tokyo Japanese Steakhouse, 66 Canal Center Plaza, Alexandria, VA 22314",38.813508899999995,-77.0389711,['Japanese steakhouse'],4.1,405,$$$,"[['Friday', '11:30AM–2:30PM'], ['Saturday', '12–10:30PM'], ['Sunday', '12–9:30PM'], ['Monday', '11:30AM–2:30PM'], ['Tuesday', '11:30AM–2:30PM'], ['Wednesday', '11:30AM–2:30PM'], ['Thursday', '11:30AM–2:30PM']]"
0x89b13fd0dce336d3:0x68428602d5b61255,Tokyo Sushi Richmond,"Tokyo Sushi Richmond, 10274 Staples Mill Rd, Glen Allen, VA 23060",37.6577151,-77.52633329999999,"['Japanese restaurant', 'Asian restaurant', 'Sushi restaurant']",4.7,268,$$,"[['Friday', '11:30AM–2:30PM'], ['Saturday', '5–9:30PM'], ['Sunday', '5–9:30PM'], ['Monday', '11:30AM–2:30PM'], ['Tuesday', '11:30AM–2:30PM'], ['Wednesday', '11:30AM–2:30PM'], ['Thursday', '11:30AM–2:30PM']]"
0x89b11547f460825b:0x1b307cd504dce999,New Grand Mart,"New Grand Mart, 9035 W Broad St, Richmond, VA 23294",37.6344134,-77.5493054,"['Supermarket', 'Asian grocery store', 'Japanese grocery store', 'Korean grocery store', 'Mexican grocery store']",4.4,458,$,"[['Friday', '8AM–9:30PM'], ['Saturday', '8AM–9:30PM'], ['Sunday', '8AM–9:30PM'], ['Monday', '8AM–9:30PM'], ['Tuesday', '8AM–9:30PM'], ['Wednesday', '8AM–9:30PM'], ['Thursday', '8AM–9:30PM']]"
0x89b1404120f1938b:0xb33eea055a4790af,Samurai Sushi,"Samurai Sushi, 11391 A, Nuckols Rd, Glen Allen, VA 23059",37.6834269,-77.5905202,"['Japanese restaurant', 'Asian restaurant', 'Sushi restaurant']",4.6,225,$$,"[['Friday', '11AM–3PM'], ['Saturday', '11AM–3PM'], ['Sunday', '4:30–10PM'], ['Monday', '11AM–3PM'], ['Tuesday', '11AM–3PM'], ['Wednesday', '11AM–3PM'], ['Thursday', '11AM–3PM']]"
0x1532010fab642889:0x79943673e8061e3a,Hibachi Ichiban,"Hibachi Ichiban, 12766 Jefferson Davis Hwy, Chester, VA 23831",37.3533026,-77.4151622,"['Japanese restaurant', 'Asian restaurant']",3.8,274,$,"[['Friday', '11AM–9:30PM'], ['Saturday', '11AM–9:30PM'], ['Sunday', '11:30AM–9PM'], ['Monday', '11AM–9PM'], ['Tuesday', '11AM–9PM'], ['Wednesday', '11AM–9PM'], ['Thursday', '11AM–9PM']]"
0x8852900aa79e1623:0x215f1d9d9a14ef97,Tokyo Express,"Tokyo Express, 1170 Memorial Blvd N, Martinsville, VA 24112",36.695873999999996,-79.89739399999999,"['Japanese restaurant', 'Asian restaurant']",4.4,387,$,"[['Friday', '11AM–10PM'], ['Saturday', '11AM–10PM'], ['Sunday', 'Closed'], ['Monday', '11AM–9PM'], ['Tuesday', '11AM–9PM'], ['Wednesday', '11AM–9PM'], ['Thursday', '11AM–9PM']]"
0x89b16a7b2f4e7e0b:0x51f168c6d4d702bf,Kenji Hibachi & Sushi Bar,"Kenji Hibachi & Sushi Bar, 11740 W Broad St #102b, Richmond, VA 23233",37.656388899999996,-77.6144444,"['Japanese restaurant', 'Asian restaurant', 'Sushi restaurant']",3.8,54,$$,"[['Friday', '11AM–2:30PM'], ['Saturday', '12–10PM'], ['Sunday', '12–9PM'], ['Monday', 'Closed'], ['Tuesday', '11AM–2:30PM'], ['Wednesday', '11AM–2:30PM'], ['Thursday', '11AM–2:30PM']]"
0x89b7b11e49edcc35:0x995c83973b606596,Kaizen Tavern,"Kaizen Tavern, 1909 Mt Vernon Ave, Alexandria, VA 22301",38.8235575,-77.0579095,"['Japanese restaurant', 'Brunch restaurant']",4.5,158,$$,"[['Friday', '5–9PM'], ['Saturday', '5–9PM'], ['Sunday', '5–9PM'], ['Monday', '5–9PM'], ['Tuesday', '5–9PM'], ['Wednesday', '5–9PM'], ['Thursday', '5–9PM']]"
0x89b176a56ff5684f:0x8f6cfea1535a3072,Sushi King - Hull St,"Sushi King - Hull St, 13933 Hull Street Rd, Midlothian, VA 23112",37.4040986,-77.6630756,"['Sushi restaurant', 'Asian restaurant', 'Japanese restaurant', 'Restaurant']",4.3,1093,$$,"[['Friday', '11AM–3:30PM'], ['Saturday', '11AM–11PM'], ['Sunday', '12–10PM'], ['Monday', '11AM–3:30PM'], ['Tuesday', '11AM–3:30PM'], ['Wednesday', '11AM–3:30PM'], ['Thursday', '11AM–3:30PM']]"
0x89bae96fa90917a5:0x9aa77e16280bdb51,Soya Sushi Bar & Bistro,"Soya Sushi Bar & Bistro, 225 Laskin Rd, Virginia Beach, VA 23451",36.859044399999995,-75.97881939999999,"['Japanese restaurant', 'Asian restaurant', 'Bar', 'Restaurant']",4.2,466,$$,"[['Friday', '11:30AM–9:30PM'], ['Saturday', '11:30AM–9:30PM'], ['Sunday', '11:30AM–8:30PM'], ['Monday', '11:30AM–8:30PM'], ['Tuesday', '11:30AM–8:30PM'], ['Wednesday', '11:30AM–8:30PM'], ['Thursday', '11:30AM–8:30PM']]"
0x89b16da7723012cf:0xb44c2810579aa3c2,Sushi Box,"Sushi Box, 11458 Belvedere Vista Ln, Richmond, VA 23235",37.522082999999995,-77.60822399999999,"['Japanese restaurant', 'Asian restaurant', 'Restaurant', 'Sushi restaurant']",4.6,273,$$,"[['Friday', '11:30AM–8PM'], ['Saturday', '11:30AM–8PM'], ['Sunday', '11:30AM–8PM'], ['Monday', '11AM–8PM'], ['Tuesday', '11:30AM–8PM'], ['Wednesday', 'Closed'], ['Thursday', '11:30AM–8PM']]"
0x89b176c4e43c942b:0x64a90ba0be044360,Shogun Japanese Steakhouse and Sushi Bar,"Shogun Japanese Steakhouse and Sushi Bar, 7020 Woodlake Commons Loop, Midlothian, VA 23112",37.403937,-77.68624299999999,"['Japanese steakhouse', 'Asian restaurant', 'Japanese restaurant', 'Restaurant', 'Sushi restaurant']",4.2,168,$$,"[['Friday', '4:30–10PM'], ['Saturday', '4:30–10PM'], ['Sunday', '4:30–9PM'], ['Monday', 'Closed'], ['Tuesday', '4:30–9PM'], ['Wednesday', '4:30–9PM'], ['Thursday', '4:30–9PM']]"
0x89b6468749d700e1:0x99b9d77482d31a2f,Lotus Vegetarian,"Lotus Vegetarian, 13872 Metrotech Dr, Chantilly, VA 20151",38.894061,-77.422932,"['Vegetarian restaurant', 'Asian restaurant', 'Chinese restaurant', 'Japanese restaurant', 'Vegan restaurant']",4.5,236,$,"[['Thursday', '11:30AM–9PM'], ['Friday', '11:30AM–10PM'], ['Saturday', '11:30AM–10PM'], ['Sunday', '12–9:30PM'], ['Monday', '11:30AM–9PM'], ['Tuesday', '11:30AM–9PM'], ['Wednesday', '11:30AM–9PM']]"
0x89b6391d2c217fb1:0xd5adb1addc5a7efb,Quickway Japanese Hibachi,"Quickway Japanese Hibachi, 1040 Elden St, Herndon, VA 20170",38.9672768,-77.3964574,['Japanese restaurant'],4.4,98,$,"[['Thursday', '11AM–10PM'], ['Friday', '11AM–10PM'], ['Saturday', '11AM–10PM'], ['Sunday', '11AM–9PM'], ['Monday', '11AM–10PM'], ['Tuesday', '11AM–10PM'], ['Wednesday', '11AM–10PM']]"
0x89b7b3ac64edf139:0x1e29f53db790b52b,Quickway,"Quickway, 6242C Little River Turnpike, Lincolnia, VA 22312",38.8182695,-77.14191939999999,['Japanese restaurant'],3.6,188,$,"[['Thursday', '11AM–9:45PM'], ['Friday', '11AM–9:45PM'], ['Saturday', '11AM–9:45PM'], ['Sunday', '11AM–8:45PM'], ['Monday', '11AM–9:45PM'], ['Tuesday', '11AM–9:45PM'], ['Wednesday', '11AM–9:45PM']]"
0x89ba849a203a907f:0x2a1d0e3fcd29a51,Tokyo Grill & Buffet,"Tokyo Grill & Buffet, 49 W Mercury Blvd, Hampton, VA 23669",37.042529099999996,-76.3530845,"['Buffet restaurant', 'Asian fusion restaurant', 'Asian restaurant', 'Chinese restaurant', 'Japanese restaurant', 'Restaurant', 'Seafood restaurant', 'Sushi restaurant']",3.3,98,,"[['Thursday', '11AM–9:30PM'], ['Friday', '11AM–10:30PM'], ['Saturday', '11AM–10:30PM'], ['Sunday', '11AM–9:30PM'], ['Monday', '11AM–9:30PM'], ['Tuesday', '11AM–9:30PM'], ['Wednesday', '11AM–9:30PM']]"
0x89b2d1cdf4ecdd87:0x4134888ce1a058e,Oishii! Japanese Hibachi & Sushi,"Oishii! Japanese Hibachi & Sushi, 3412 Waterlick Rd, Lynchburg, VA 24502",37.329491,-79.24962819999999,"['Japanese restaurant', 'Asian fusion restaurant', 'Asian restaurant', 'Bubble tea store', 'Chinese restaurant', 'Restaurant', 'Sushi restaurant']",4.8,218,$$,"[['Thursday', '11AM–10PM'], ['Friday', '11AM–10PM'], ['Saturday', '11AM–10PM'], ['Sunday', '11AM–10PM'], ['Monday', 'Closed'], ['Tuesday', '11AM–10PM'], ['Wednesday', '11AM–10PM']]"
0x89b64ddd7100289b:0x2585820f5a7fb53f,Ariake Japanese Restaurant,"Ariake Japanese Restaurant, 8708 Little River Turnpike, Fairfax, VA 22031",38.838313,-77.245982,['Japanese restaurant'],4.7,198,$$,"[['Thursday', '11:30AM–2:30PM'], ['Friday', '11:30AM–2:30PM'], ['Saturday', '11:30AM–2:30PM'], ['Sunday', '11:30AM–2:30PM'], ['Monday', '11:30AM–2:30PM'], ['Tuesday', '11:30AM–2:30PM'], ['Wednesday', '11:30AM–2:30PM']]"
0x89b7b7c082774d21:0x46272221c5b5ff56,Gyu-Kaku Japanese BBQ,"Gyu-Kaku Japanese BBQ, 1119 N Hudson St, Arlington, VA 22201",38.887125999999995,-77.096313,"['Japanese restaurant', 'Bar', 'Barbecue restaurant', 'Restaurant']",4.5,448,$$,"[['Thursday', '5–9:30PM'], ['Friday', '5–10PM'], ['Saturday', '11:30AM–10PM'], ['Sunday', '11:30AM–9:30PM'], ['Monday', '5–9:30PM'], ['Tuesday', '5–9:30PM'], ['Wednesday', '5–9:30PM']]"
0x89b7b11f875dd8b3:0xad61cee3c2a33647,The Sushi Bar,"The Sushi Bar, 2312 Mt Vernon Ave, Alexandria, VA 22301",38.8266664,-77.0590098,"['Sushi restaurant', 'Cocktail bar', 'Japanese restaurant', 'Restaurant', 'Seafood restaurant']",4.4,218,$$,"[['Thursday', '5–9PM'], ['Friday', '5–9PM'], ['Saturday', '5–9PM'], ['Sunday', '5–9PM'], ['Monday', '5–9PM'], ['Tuesday', '5–9PM'], ['Wednesday', '5–9PM']]"
0x89bac13192c1d9ed:0x2ca36dd4d1a8ca25,Osaka ramen and sushi,"Osaka ramen and sushi, 1615 General Booth Blvd suite 109, Virginia Beach, VA 23454",36.785477,-76.00166899999999,['Japanese restaurant'],4.7,78,,"[['Wednesday', '11:30AM–9:30PM'], ['Thursday', '11:30AM–9:30PM'], ['Friday', '11:30AM–9:30PM'], ['Saturday', '12:30–9:30PM'], ['Sunday', '12:30–9PM'], ['Monday', '11:30AM–9:30PM'], ['Tuesday', 'Closed']]"
0x89baebb4d0399855:0xf41fda4bdacfecd9,Blue Fin Japanese Restaurant,"Blue Fin Japanese Restaurant, 1625 Hilltop West Shopping Center, Virginia Beach, VA 23451",36.8517475,-76.0215142,"['Japanese restaurant', 'Restaurant', 'Seafood restaurant', 'Sushi restaurant']",4.4,118,$$,"[['Wednesday', '11:30AM–3PM'], ['Thursday', '11:30AM–3PM'], ['Friday', '11:30AM–3PM'], ['Saturday', '11:30AM–3PM'], ['Sunday', '5–9:30PM'], ['Monday', 'Closed'], ['Tuesday', '11:30AM–3PM']]"
0x89babe20ef796a1b:0xc8d96a600df06a99,Fuji Japan Sushi & Sake,"Fuji Japan Sushi & Sake, 4878 Princess Anne Rd, Virginia Beach, VA 23462",36.823077999999995,-76.14963159999999,"['Sushi restaurant', 'Japanese restaurant']",4.6,33,,"[['Wednesday', '11:30AM–10PM'], ['Thursday', '11:30AM–10PM'], ['Friday', '11:30AM–10PM'], ['Saturday', '4:30–10PM'], ['Sunday', '4:30–9PM'], ['Monday', '11:30AM–10PM'], ['Tuesday', '11:30AM–10PM']]"
0x884ccb8b7eeb0745:0xd1dea93bed9ad7d7,Golden Garden Asian Restaurant,"Golden Garden Asian Restaurant, 110 S Jefferson St, Lexington, VA 24450",37.7841664,-79.44397359999999,"['Asian restaurant', 'Chinese restaurant', 'Japanese restaurant', 'Restaurant', 'Sushi restaurant']",4.6,98,,"[['Wednesday', '11AM–10PM'], ['Thursday', '11AM–10PM'], ['Friday', '11AM–10:30PM'], ['Saturday', '11AM–10:30PM'], ['Sunday', '12–10PM'], ['Monday', 'Closed'], ['Tuesday', '11AM–10PM']]"
0x89b115118d8dc037:0x9d4974543cb360bf,Bonchon Richmond,"Bonchon Richmond, 8026 W Broad St Suite A, Henrico, VA 23294",37.626160999999996,-77.52926099999999,"['Asian fusion restaurant', 'Asian restaurant', 'Chicken restaurant', 'Chicken wings restaurant', 'Fried chicken takeaway', 'Japanese restaurant', 'Korean restaurant', 'Pan-Asian restaurant']",4.5,566,$$,"[['Wednesday', '11AM–8:30PM'], ['Thursday', '11AM–8:30PM'], ['Friday', '11AM–9:30PM'], ['Saturday', '11AM–10PM'], ['Sunday', '11AM–9PM'], ['Monday', '11AM–8:30PM'], ['Tuesday', 'Closed']]"
0x89b648236faed4d3:0x99187f628d146fbc,Nikko Sushi & Hibachi,"Nikko Sushi & Hibachi, 11730 Plaza America Dr, Reston, VA 20190",38.9533239,-77.3502614,"['Japanese restaurant', 'Japanese steakhouse', 'Restaurant', 'Sushi restaurant']",4.2,218,$$,"[['Wednesday', '11AM–2:30PM'], ['Thursday', '11AM–2:30PM'], ['Friday', '11AM–2:30PM'], ['Saturday', '12–10PM'], ['Sunday', '12–9PM'], ['Monday', '11AM–2:30PM'], ['Tuesday', '11AM–2:30PM']]"
0x89b65d21c51eece9:0x7552c4dd25ebc556,Tokyo Grill,"Tokyo Grill, Historic District, 7401 Miramar Dr, Manassas, VA 20109",38.795481599999995,-77.5194202,"['Asian fusion restaurant', 'Japanese restaurant']",3.9,128,$,"[['Wednesday', '10:30AM–9:30PM'], ['Thursday', '10:30AM–9:30PM'], ['Friday', '10:30AM–10:30PM'], ['Saturday', '10:30AM–10:30PM'], ['Sunday', '10:30AM–9:30PM'], ['Monday', '10:30AM–9:30PM'], ['Tuesday', '10:30AM–9:30PM']]"
0x89b38647c3a291d1:0x34971b0ec645b9ae,Poke Sushi Bowl UVA,"Poke Sushi Bowl UVA, 101 14th St NW, Charlottesville, VA 22903",38.034421,-78.499608,"['Sushi restaurant', 'Fast food restaurant', 'Hawaiian restaurant', 'Japanese restaurant', 'Seafood restaurant']",4.6,126,$,"[['Tuesday', '11AM–8PM'], ['Wednesday', '11AM–8PM'], ['Thursday', '11AM–8PM'], ['Friday', '11AM–8PM'], ['Saturday', '11AM–8PM'], ['Sunday', '11AM–8PM'], ['Monday', '11AM–8PM']]"
0x89b6392b4fb29b4d:0xaa8d48370b9af40e,Tanuki Japanese Restaurant,"Tanuki Japanese Restaurant, 44260 Ice Rink Plaza, Ashburn, VA 20147",39.020116699999996,-77.4693444,"['Sushi restaurant', 'Izakaya restaurant', 'Japanese restaurant', 'Seafood restaurant', 'Sushi takeaway']",4.7,216,,"[['Tuesday', '11:30AM–2:30PM'], ['Wednesday', '11:30AM–2:30PM'], ['Thursday', '11:30AM–2:30PM'], ['Friday', '11:30AM–2:30PM'], ['Saturday', '12–10PM'], ['Sunday', '12–9PM'], ['Monday', 'Closed']]"
0x89b6efd7ecbe104f:0x1d63837a7269ebdd,Kobe Japanese Steak & Seafood House,"Kobe Japanese Steak & Seafood House, 261 Garrisonville Rd #101, Stafford, VA 22554",38.4732736,-77.417723,"['Steak house', 'Japanese steakhouse']",4.3,422,$$,"[['Tuesday', '11:30AM–2:30PM'], ['Wednesday', '11:30AM–2:30PM'], ['Thursday', '11:30AM–2:30PM'], ['Friday', '11:30AM–2:30PM'], ['Saturday', '12–10PM'], ['Sunday', '12–9PM'], ['Monday', '11:30AM–2:30PM']]"
0x89ba98388b402511:0x39a6ade020048d88,Katana,"Katana, 520 W 21st St # E, Norfolk, VA 23517",36.870023599999996,-76.2928336,['Japanese restaurant'],3.9,216,$$,"[['Tuesday', '11AM–10PM'], ['Wednesday', '11AM–10PM'], ['Thursday', '11AM–10PM'], ['Friday', '11:30AM–11PM'], ['Saturday', '12:30–11PM'], ['Sunday', '12:30–10PM'], ['Monday', '11AM–10PM']]"
0x89b7ad1c0b0ee2ad:0x3279fc195a5ffc75,Matsui Japanese Sushi & Ramen,"Matsui Japanese Sushi & Ramen, 6408 Landsdowne Centre Dr, Alexandria, VA 22315",38.7409986,-77.16568649999999,"['Japanese restaurant', 'Noodle shop', 'Sushi restaurant']",4.6,368,$$,"[['Tuesday', '11AM–3PM'], ['Wednesday', '11AM–3PM'], ['Thursday', '11AM–3PM'], ['Friday', '11AM–3PM'], ['Saturday', '11AM–9PM'], ['Sunday', '12–8PM'], ['Monday', '11AM–3PM']]"
0x89b65673aac8c86f:0x806baa6e93d08aa6,Bento Cafe Sushi and Roll,"Bento Cafe Sushi and Roll, 13257 Worth Ave, Woodbridge, VA 22192",38.650211299999995,-77.2941055,"['Asian restaurant', 'Cafe', 'Japanese restaurant', 'Sushi restaurant']",4.5,836,$$,"[['Tuesday', '11AM–9PM'], ['Wednesday', '11AM–9PM'], ['Thursday', '11AM–9PM'], ['Friday', '11AM–10PM'], ['Saturday', '11AM–10PM'], ['Sunday', '12–8PM'], ['Monday', '11AM–9PM']]"
0x89b666455555554f:0xaa63501b3c578ba6,Musashi Japanese Steakhouse,"Musashi Japanese Steakhouse, 7567 Somerset Crossing Dr, Gainesville, VA 20155",38.7930856,-77.6288272,"['Japanese restaurant', 'Asian restaurant', 'Bar', 'Japanese steakhouse', 'Seafood restaurant', 'Steak house', 'Sushi restaurant']",4.6,236,$$,"[['Tuesday', '4–10PM'], ['Wednesday', '4–10PM'], ['Thursday', '4–10PM'], ['Friday', '4–10:30PM'], ['Saturday', '12–10:30PM'], ['Sunday', '12–9PM'], ['Monday', '4–10PM']]"
0x89b16a7ab0cd916b:0x7cfd5a1ef2be42fa,Umi,"Umi, 11645 W Broad St, Richmond, VA 23233",37.6520146,-77.61822769999999,"['Sushi restaurant', 'Asian restaurant', 'Japanese restaurant']",4.4,158,$$$,"[['Tuesday', '11:30AM–1:30PM'], ['Wednesday', '11:30AM–1:30PM'], ['Thursday', '11:30AM–1:30PM'], ['Friday', '11:30AM–1:30PM'], ['Saturday', '11:30AM–1:30PM'], ['Sunday', 'Closed'], ['Monday', '11:30AM–1:30PM']]"
0x89b16e012a194a65:0x9d0a7ee2275eac9a,Katana Sushi,"Katana Sushi, 13825 Village Place Dr, Midlothian, VA 23114",37.5035313,-77.6565207,"['Sushi restaurant', 'Japanese restaurant']",4.8,323,$$,"[['Tuesday', '4–8PM'], ['Wednesday', '4–8PM'], ['Thursday', '4–8PM'], ['Friday', '4–8PM'], ['Saturday', '4–8PM'], ['Sunday', '4–8PM'], ['Monday', 'Closed']]"
0x89b7b729b8dffd25:0x31390bb6202bbf0a,Bonsai Grill,"Bonsai Grill, 553 23rd St S, Arlington, VA 22202",38.8534272,-77.0548195,"['Sushi restaurant', 'Japanese food']",4.4,186,,"[['Tuesday', '4–10:30PM'], ['Wednesday', '4–10:30PM'], ['Thursday', '4–10:30PM'], ['Friday', '4–11PM'], ['Saturday', '4–11PM'], ['Sunday', '4–10:30PM'], ['Monday', 'Closed']]"
0x89b7b6dc07b5684f:0x4b747f1e5f7bf2ed,Asia Bistro,"Asia Bistro, 1301 S Joyce St D7, Arlington, VA 22202",38.8631618,-77.0629431,"['Sushi restaurant', 'Asian fusion restaurant', 'Asian restaurant', 'Japanese restaurant', 'Pan-Asian restaurant', 'Ramen restaurant', 'Restaurant']",4.2,153,$$,"[['Tuesday', '11AM–10PM'], ['Wednesday', '11AM–10PM'], ['Thursday', '11AM–10PM'], ['Friday', '11AM–11PM'], ['Saturday', '11AM–11PM'], ['Sunday', '11AM–10PM'], ['Monday', '11AM–10PM']]"
0x89b3877314a78425:0xd784a3f01352de39,North American Sake Brewery & Restaurant,"North American Sake Brewery & Restaurant, 522 2nd St SE unit e, Charlottesville, VA 22902",38.026212,-78.4823443,"['Restaurant', 'Asian restaurant', 'Brewery', 'Japanese restaurant', 'Ramen restaurant', 'Sake brewery', 'Sushi restaurant', 'Winery']",4.4,108,,"[['Tuesday', 'Closed'], ['Wednesday', '4–9PM'], ['Thursday', '4–9PM'], ['Friday', '2–10PM'], ['Saturday', '10AM–10PM'], ['Sunday', '4–9PM'], ['Monday', 'Closed']]"
0x89b493a2fc951e95:0x10680a2684195a9d,Hokkaido Restaurant,"Hokkaido Restaurant, 3140 S Main St, Harrisonburg, VA 22801",38.4100411,-78.9036059,['Japanese restaurant'],4.4,684,$$,"[['Tuesday', 'Closed'], ['Wednesday', '11AM–9:30PM'], ['Thursday', '11AM–9:30PM'], ['Friday', '11AM–10:30PM'], ['Saturday', '11AM–10:30PM'], ['Sunday', '11AM–9:30PM'], ['Monday', '11AM–9:30PM']]"
0x89b7b141f54d14bd:0x5ebcc93d69d3563f,May Island,"May Island, 1669 N Quaker Ln, Alexandria, VA 22302",38.831597599999995,-77.0847391,"['Sushi restaurant', 'Asian restaurant', 'Chinese restaurant', 'Japanese restaurant']",4.4,207,$,"[['Tuesday', 'Closed'], ['Wednesday', '11AM–9PM'], ['Thursday', '11AM–9PM'], ['Friday', '11AM–9:15PM'], ['Saturday', '11AM–9:15PM'], ['Sunday', '11:30AM–9PM'], ['Monday', '11AM–9PM']]"
0x89b7b452cc969efd:0xded03ea5fba230ee,Sushi-Zen,"Sushi-Zen, 2457 N Harrison St, Arlington, VA 22207",38.8975329,-77.1383701,"['Japanese restaurant', 'Family restaurant', 'Sushi restaurant']",4.6,205,$$,"[['Monday', '4:30–8:30PM'], ['Tuesday', '4:30–8:30PM'], ['Wednesday', '4:30–8:30PM'], ['Thursday', '11:15AM–2:15PM'], ['Friday', '11:15AM–2:15PM'], ['Saturday', '11:15AM–2:15PM'], ['Sunday', '4:30–8:30PM']]"
0x884d954201bcf977:0x5857b7f29292eed2,Kobe Japanese Express,"Kobe Japanese Express, 106, 2733, 860 University City Blvd, Blacksburg, VA 24060",37.235224699999996,-80.4330063,"['Japanese restaurant', 'Asian restaurant', 'Fast food restaurant', 'Delivery Restaurant']",4.2,78,$,"[['Monday', '11AM–9PM'], ['Tuesday', '11AM–9PM'], ['Wednesday', '11AM–9PM'], ['Thursday', '11AM–9PM'], ['Friday', '11AM–9PM'], ['Saturday', '12–9PM'], ['Sunday', 'Closed']]"
0x89b00f04cbd8fa2b:0x41b5c8702b02e971,Sapporo Japanese Steak House,"Sapporo Japanese Steak House, 729 N Main St, Suffolk, VA 23434",36.7409931,-76.5840703,"['Japanese restaurant', 'Steak house']",4.2,295,$$,"[['Monday', '11:30AM–9AM'], ['Tuesday', '11:30AM–9PM'], ['Wednesday', '11:30AM–9PM'], ['Thursday', '11:30AM–9PM'], ['Friday', '11:30AM–9:30PM'], ['Saturday', '4:30–9:30PM'], ['Sunday', '12:30–8AM']]"
0x89b6660f99a67513:0xc61450820473e31f,Sakura Grill,"Sakura Grill, 6412 Trading Square, Haymarket, VA 20169",38.8171166,-77.64441649999999,['Japanese restaurant'],4.5,168,,"[['Monday', '11AM–10PM'], ['Tuesday', '11AM–10PM'], ['Wednesday', '11AM–10PM'], ['Thursday', '11AM–10PM'], ['Friday', '11AM–10:30PM'], ['Saturday', '11AM–10:30PM'], ['Sunday', '12–9PM']]"
0x89b64b9fa20b7083:0x4d9cc00633d628d0,HUNAN DELIGHT,"HUNAN DELIGHT, 276 Cedar Ln, Vienna, VA 22180",38.8883398,-77.24370979999999,"['Chinese restaurant', 'Japanese restaurant', 'Delivery Restaurant', 'Sushi restaurant', 'Thai restaurant']",3.7,97,$$,"[['Monday', '11AM–10PM'], ['Tuesday', '11AM–10PM'], ['Wednesday', '11AM–10PM'], ['Thursday', '11AM–10PM'], ['Friday', '11AM–10:30PM'], ['Saturday', '11AM–10:30PM'], ['Sunday', '12–9:30PM']]"
0x89b645681f247f01:0xe77b023a7b2b97a7,ARAKI Japanese Ramen Restaurant,"ARAKI Japanese Ramen Restaurant, 14102 Lee Hwy., Centreville, VA 20120",38.840333,-77.4329154,"['Ramen restaurant', 'Authentic Japanese restaurant', 'Izakaya restaurant', 'Japanese restaurant', 'Sake brewery']",4.5,224,,"[['Monday', 'Closed'], ['Tuesday', '11AM–9PM'], ['Wednesday', '11AM–9PM'], ['Thursday', '11AM–9PM'], ['Friday', '11AM–9:30PM'], ['Saturday', '11AM–9:30PM'], ['Sunday', '11AM–9PM']]"
0x89b6f02a56007fb5:0xfd63562eda947826,Sake Restaurant,"Sake Restaurant, 65 Dunn Dr, Stafford, VA 22556",38.4765922,-77.42207789999999,"['Thai restaurant', 'Asian restaurant', 'Chinese restaurant', 'Japanese restaurant', 'Southeast Asian restaurant', 'Sushi restaurant']",4.4,392,$$,"[['Monday', '11:30AM–9:30PM'], ['Tuesday', '11:30AM–9:30PM'], ['Wednesday', '11:30AM–9:30PM'], ['Thursday', '11:30AM–9:30PM'], ['Friday', '11:30AM–10:30PM'], ['Saturday', '11:30AM–10:30PM'], ['Sunday', '11:30AM–9:30PM']]"
0x884d0d9501bbdd3b:0x3274e6af5b1ef526,Wasabi's,"Wasabi's, 214 Market St SE, Roanoke, VA 24011",37.2712645,-79.93886289999999,"['Japanese restaurant', 'Asian restaurant', 'Sushi restaurant']",4.6,375,$$,"[['Monday', '11:30AM–2:45PM'], ['Tuesday', '11:30AM–2:45PM'], ['Wednesday', '11:30AM–2:45PM'], ['Thursday', '11:30AM–2:45PM'], ['Friday', '11:30AM–2:45PM'], ['Saturday', '12–2:45PM'], ['Sunday', 'Closed']]"
0x89ba83150b0df303:0xd493f11a341d4253,Tokyo Japanese Steak House,"Tokyo Japanese Steak House, 2026 Coliseum Dr, Hampton, VA 23666",37.043429499999995,-76.3889142,['Japanese restaurant'],4.3,367,$$,"[['Sunday', '12–9PM'], ['Monday', '4–10PM'], ['Tuesday', '4–10PM'], ['Wednesday', '4–10PM'], ['Thursday', '4–10PM'], ['Friday', '4–11PM'], ['Saturday', '4–11PM']]"
0x89b646421747be99:0x6cd963e820cda8df,Bonchon Herndon,"Bonchon Herndon, 13320 Franklin Farm Rd Suite E, Herndon, VA 20171",38.90828,-77.40600599999999,"['Asian fusion restaurant', 'Asian restaurant', 'Chicken restaurant', 'Chicken wings restaurant', 'Fried chicken takeaway', 'Japanese restaurant', 'Korean restaurant', 'Pan-Asian restaurant']",4.1,228,$$,"[['Sunday', '11AM–8:30PM'], ['Monday', '11AM–8:30PM'], ['Tuesday', '11AM–8:30PM'], ['Wednesday', '11AM–8:30PM'], ['Thursday', '11AM–8:30PM'], ['Friday', '11AM–8:30PM'], ['Saturday', '11AM–8:30PM']]"
0x89b64ec195d225ff:0x36c33b92d9526f55,Teriyaki Madness,"Teriyaki Madness, 10692 Fairfax Blvd, Fairfax, VA 22030",38.856609999999996,-77.314008,"['Asian fusion restaurant', 'Asian restaurant', 'Japanese restaurant']",4.0,117,$,"[['Sunday', '1–7PM'], ['Monday', 'Closed'], ['Tuesday', 'Closed'], ['Wednesday', 'Closed'], ['Thursday', 'Closed'], ['Friday', 'Closed'], ['Saturday', 'Closed']]"
0x89b1a9ac6b9aab2b:0x2f31be132527facb,Kanpai Japanese Steak & Sushi,"23860 Virginia, Hopewell, Oaklawn Blvd, Kanpai Japanese Steak & Sushi",37.259316999999996,-77.32979399999999,"['Japanese steakhouse', 'Asian restaurant', 'Japanese restaurant', 'Sushi restaurant']",4.1,778,$$$,"[['Sunday', '12–9:30PM'], ['Monday', '11:30AM–2PM'], ['Tuesday', '11:30AM–2PM'], ['Wednesday', '11:30AM–2PM'], ['Thursday', '11:30AM–2PM'], ['Friday', '11:30AM–10:30PM'], ['Saturday', '11:30AM–10:30PM']]"
0x885ac8db785a8f41:0xce777dd62922861a,Wakame Japanese Steakhouse,"Wakame Japanese Steakhouse, 959 Park Ave NW, Norton, VA 24273",36.9321834,-82.63267739999999,['Japanese restaurant'],4.2,136,$$,"[['Sunday', '12–9PM'], ['Monday', 'Closed'], ['Tuesday', '11AM–9PM'], ['Wednesday', '11AM–9PM'], ['Thursday', '11AM–9PM'], ['Friday', '11AM–10PM'], ['Saturday', '12–10PM']]"
0x884d0b131fb9e633:0x797c9c90f5776357,Ichiban Japanese Steakhouse,"Ichiban Japanese Steakhouse, 2004 Electric Rd SW, Roanoke, VA 24018",37.2471962,-80.0321924,['Japanese restaurant'],4.5,473,$$,"[['Sunday', '11:30AM–9:10PM'], ['Monday', '11:30AM–2:40PM'], ['Tuesday', '11:30AM–2:40PM'], ['Wednesday', '11:30AM–2:40PM'], ['Thursday', '11:30AM–2:40PM'], ['Friday', '11:30AM–2:40PM'], ['Saturday', '4–10:40PM']]"
0x89b6494ee833f385:0x84bffef45fa689b8,Yoko Sushi,"Yoko Sushi, 2946 Chain Bridge Rd J, Oakton, VA 22124",38.881173499999996,-77.3019502,"['Sushi restaurant', 'Japanese restaurant']",4.3,127,$$,"[['Sunday', '3–9PM'], ['Monday', 'Closed'], ['Tuesday', '3–9PM'], ['Wednesday', '3–9PM'], ['Thursday', '3–9PM'], ['Friday', '3–9PM'], ['Saturday', '3–9PM']]"
0x89babb1ae2341075:0x90d7a45f797130d8,Kagura Japanese Restaurant,"Kagura Japanese Restaurant, 237 S Battlefield Blvd #14b, Chesapeake, VA 23322",36.716017,-76.2373435,"['Japanese restaurant', 'Sushi restaurant']",4.1,468,$$,"[['Sunday', '12–9:30PM'], ['Monday', '11AM–3PM'], ['Tuesday', '11AM–3PM'], ['Wednesday', '11AM–3PM'], ['Thursday', '11AM–3PM'], ['Friday', '11AM–3PM'], ['Saturday', '12–10PM']]"
0x89b64f41a70e975f:0x7a07756779336f58,Quickway Hibachi,"Quickway Hibachi, 11750 Fair Oaks Mall, Fairfax, VA 22033",38.8627384,-77.3602111,['Japanese restaurant'],4.3,104,$,"[['Sunday', '11AM–6:45PM'], ['Monday', '11AM–8:45PM'], ['Tuesday', '11AM–8:45PM'], ['Wednesday', '11AM–8:45PM'], ['Thursday', '11AM–8:45PM'], ['Friday', '11AM–8:45PM'], ['Saturday', '11AM–8:45PM']]"
0x89b7ad87fe873495:0x2c47c633d7808824,Osaka Japanese Steakhouse & Seafood,"Osaka Japanese Steakhouse & Seafood, 5860 Kingstowne Center #180, Alexandria, VA 22315",38.773623,-77.13738699999999,"['Japanese restaurant', 'Asian restaurant', 'Restaurant', 'Sushi restaurant']",4.5,445,$$,"[['Sunday', '12–8PM'], ['Monday', '4:30–8:30PM'], ['Tuesday', '4:30–8:30PM'], ['Wednesday', '4:30–8:30PM'], ['Thursday', '4:30–8:30PM'], ['Friday', '4:30–9PM'], ['Saturday', '12:30–9PM']]"
0x89ba8313d19be3c7:0x33fd30912dd23dad,Soya Sushi Bar & Grille,"Soya Sushi Bar & Grille, 2113 Coliseum Dr Suite 10, Hampton, VA 23666",37.0472111,-76.3930852,"['Japanese restaurant', 'Restaurant']",4.5,268,$$,"[['Sunday', 'Open 24 hours'], ['Monday', 'Open 24 hours'], ['Tuesday', 'Open 24 hours'], ['Wednesday', 'Open 24 hours'], ['Thursday', 'Open 24 hours'], ['Friday', 'Open 24 hours'], ['Saturday', 'Open 24 hours']]"
0x89b65d02d09172eb:0x1f2b42e6fef5a7a2,Akasaka Sushi & Japanese Steak House,"Akasaka Sushi & Japanese Steak House, 10788 Sudley Manor Dr, Manassas, VA 20109",38.7881597,-77.51728279999999,"['Japanese restaurant', 'Restaurant']",4.5,268,$$,"[['Saturday', '1–10PM'], ['Sunday', '1–9PM'], ['Monday', '4:30–9:30PM'], ['Tuesday', '4:30–9:30PM'], ['Wednesday', '4:30–9:30PM'], ['Thursday', '4:30–9:30PM'], ['Friday', '4:30–10PM']]"
0x884d0ca76c32855b:0x64c1d7e7619c10ab,Ike's Kitchen,"Ike's Kitchen, 3214 Electric Rd #101, Roanoke, VA 24018",37.230075,-80.00768,"['Japanese restaurant', 'Japanese curry restaurant', 'Katsudon restaurant', 'Tonkatsu restaurant']",4.7,537,$$,"[['Saturday', '12–8PM'], ['Sunday', '12–8PM'], ['Monday', 'Closed'], ['Tuesday', 'Closed'], ['Wednesday', 'Closed'], ['Thursday', '12–8PM'], ['Friday', '12–8PM']]"
0x89baa52a096f7fcf:0xce2c31dfbb095320,Yu-Mi Sushi,"Yu-Mi Sushi, 940 Cedar Rd #111, Chesapeake, VA 23322",36.712055,-76.2755406,"['Sushi restaurant', 'Asian restaurant', 'Japanese restaurant', 'Ramen restaurant']",4.6,138,$$,"[['Saturday', '12–10PM'], ['Sunday', '12–9PM'], ['Monday', 'Closed'], ['Tuesday', '11AM–10PM'], ['Wednesday', '11AM–10PM'], ['Thursday', '11AM–10PM'], ['Friday', '11AM–10PM']]"
0x89b63ed0906a7a73:0xcdecc962a4f1a96a,"Chin-Chin Cafe Chinese, Thai, Sushi & Catering","Chin-Chin Cafe Chinese, Thai, Sushi & Catering, 43930 Farmwell Hunt Plaza #106, Ashburn, VA 20147",39.0235384,-77.4808668,"['Chinese restaurant', 'Asian fusion restaurant', 'Asian restaurant', 'Catering food and drink supplier', 'Caterer', 'Japanese restaurant', 'Sushi restaurant', 'Thai restaurant']",4.1,317,$$,"[['Saturday', '10:30AM–10:30PM'], ['Sunday', '10:30AM–9:30PM'], ['Monday', '10:30AM–9:30PM'], ['Tuesday', '10:30AM–9:30PM'], ['Wednesday', '10:30AM–9:30PM'], ['Thursday', '10:30AM–9:30PM'], ['Friday', '10:30AM–10:30PM']]"
0x89b113e4c0b9e203:0xe4cecfc3061c19fd,Tokyo Market,"Tokyo Market, 2820 W Cary St, Richmond, VA 23221",37.5522383,-77.4773823,['Japanese grocery store'],4.8,338,,"[['Saturday', '10AM–7PM'], ['Sunday', '12–5PM'], ['Monday', 'Closed'], ['Tuesday', '10AM–7PM'], ['Wednesday', '10AM–7PM'], ['Thursday', '10AM–7PM'], ['Friday', '10AM–7PM']]"
0x89b361607ff9d4ab:0x3b133545977e6729,Osaka III Japanese Restaurant,"Osaka III Japanese Restaurant, 400 Tiffany Dr suite d, Waynesboro, VA 22980",38.0667099,-78.931697,"['Japanese restaurant', 'Asian restaurant', 'Sushi restaurant']",4.5,187,$$,"[['Saturday', '12–10:30PM'], ['Sunday', '12–10PM'], ['Monday', 'Closed'], ['Tuesday', '11AM–10PM'], ['Wednesday', '11AM–10PM'], ['Thursday', '11AM–10PM'], ['Friday', '11AM–10:30PM']]"
0x89b6560fac42aea9:0xf7c0f2c6397fde63,Tokyo Japanese Steak House,"Tokyo Japanese Steak House, 2705 Metro Plaza, Woodbridge, VA 22192",38.639444399999995,-77.295,"['Japanese restaurant', 'Restaurant', 'Steak house', 'Sushi restaurant']",3.5,235,$$,"[['Saturday', '12–10:30PM'], ['Sunday', '12–9PM'], ['Monday', '11:30AM–10PM'], ['Tuesday', '11:30AM–10PM'], ['Wednesday', '11:30AM–10PM'], ['Thursday', '11:30AM–10PM'], ['Friday', '11:30AM–10:30PM']]"
0x89b656ef1169f45d:0xaa143da775b6957f,Sushi Bae,"Sushi Bae, 12492 Dillingham Square, Woodbridge, VA 22192",38.683842999999996,-77.31909399999999,"['Sushi restaurant', 'Japanese restaurant']",4.2,126,$$,"[['Saturday', '11:30AM–10:30PM'], ['Sunday', '11:30AM–10:30PM'], ['Monday', 'Closed'], ['Tuesday', '11AM–10PM'], ['Wednesday', '11:30AM–10PM'], ['Thursday', '11AM–10PM'], ['Friday', '11AM–10:30PM']]"
0x89babc95f62bc8bd:0xf36a6e8b27f5eeb4,Sakura Japanese Restaurant,"Sakura Japanese Restaurant, 1437 Sam's Dr, Chesapeake, VA 23320",36.7679927,-76.2479321,['Japanese restaurant'],4.6,588,$$,"[['Saturday', '11AM–9:30PM'], ['Sunday', '11AM–9:30PM'], ['Monday', '11AM–9:30PM'], ['Tuesday', '11AM–9:30PM'], ['Wednesday', '11AM–9:30PM'], ['Thursday', '11AM–9:30PM'], ['Friday', '11AM–9:30PM']]"
0x89b7b24a00b73d87:0xf57ddb4b765240ce,Taste of Asia,"Taste of Asia, 362 S Pickett St, Alexandria, VA 22304",38.807286999999995,-77.124624,"['Asian restaurant', 'Chinese restaurant', 'Japanese restaurant', 'Restaurant', 'Thai restaurant']",4.1,196,$$,"[['Saturday', '10:30AM–9:30PM'], ['Sunday', '10:30AM–9:30PM'], ['Monday', 'Closed'], ['Tuesday', '10:30AM–9:30PM'], ['Wednesday', '10:30AM–9:30PM'], ['Thursday', '10:30AM–9:30PM'], ['Friday', '10:30AM–9:30PM']]"
0x89babf7f6b9f699d:0x34b8caefef15d4c3,Super Ninja Japanese Steakhouse(Hibachi、Sushi、Bar),"Super Ninja Japanese Steakhouse(Hibachi、Sushi、Bar), 3312 Princess Anne Rd #837, Virginia Beach, VA 23456",36.7732323,-76.084407,['Japanese steakhouse'],4.2,628,$$,"[['Saturday', '11:30AM–10PM'], ['Sunday', '12–9:30PM'], ['Monday', '4:30–9:30PM'], ['Tuesday', '4:30–9:30PM'], ['Wednesday', '4:30–9:30PM'], ['Thursday', '4:30–9:30PM'], ['Friday', '11:30AM–10PM']]"
0x89ba9597d3334215:0xf64fa4ed3e12bf43,This Old House Japanese Restaurant,"This Old House Japanese Restaurant, 309 Aragona Blvd #118, Virginia Beach, VA 23462",36.844991,-76.1463488,"['Japanese restaurant', 'Asian restaurant', 'Sushi restaurant']",4.8,293,$$,"[['Saturday', '12–2:30PM'], ['Sunday', '5–9PM'], ['Monday', '11:30AM–2:30PM'], ['Tuesday', '11:30AM–2:30PM'], ['Wednesday', '11:30AM–2:30PM'], ['Thursday', '11:30AM–2:30PM'], ['Friday', '11:30AM–2:30PM']]"
0x89babe0fb8568b41:0xfae18c7124600cd8,Chiba Japanese Steakhouse,"Chiba Japanese Steakhouse, 5294 Fairfield Shopping Centre, Virginia Beach, VA 23464",36.814979,-76.16965499999999,"['Japanese steakhouse', 'Asian restaurant', 'Japanese restaurant', 'Restaurant', 'Seafood restaurant', 'Steak house', 'Sushi restaurant']",4.3,76,$$,"[['Saturday', '4:30–10:30PM'], ['Sunday', '12–9PM'], ['Monday', '11AM–10PM'], ['Tuesday', '11AM–10PM'], ['Wednesday', '11AM–10PM'], ['Thursday', '11AM–10PM'], ['Friday', '11AM–10:30PM']]"
0x89b113e4dbb57659:0x5f80718065cab203,Carytown Sushi,"Carytown Sushi, 2925 W Cary St, Richmond, VA 23221",37.5521643,-77.47844719999999,"['Sushi restaurant', 'Asian restaurant', 'Japanese restaurant']",4.4,208,$$,"[['Friday', '1–9PM'], ['Saturday', '1–9PM'], ['Sunday', '5–9PM'], ['Monday', 'Closed'], ['Tuesday', '5–9PM'], ['Wednesday', '5–9PM'], ['Thursday', '5–9PM']]"
0x89ba822cdd657f11:0x36962211f487ef26,Yukihana Japanese Steak,"Yukihana Japanese Steak, 3301 Hampton Hwy, Yorktown, VA 23693",37.1009762,-76.411672,['Japanese restaurant'],4.4,265,$$,"[['Friday', '12–2PM'], ['Saturday', '3–8PM'], ['Sunday', '3–8PM'], ['Monday', 'Closed'], ['Tuesday', '12–2PM'], ['Wednesday', '12–2PM'], ['Thursday', '12–2PM']]"
0x89b7b6ba505eefbb:0x676997f979339f69,Boru Ramen,"Boru Ramen, 2915 Columbia Pike, Arlington, VA 22204",38.862564,-77.0875387,['Japanese restaurant'],4.4,548,$$,"[['Friday', '11AM–3PM'], ['Saturday', '11AM–3PM'], ['Sunday', '11AM–3PM'], ['Monday', '11AM–3PM'], ['Tuesday', '11AM–3PM'], ['Wednesday', '11AM–3PM'], ['Thursday', '11AM–3PM']]"
0x89b24f22ffffffff:0x4eede22c68ab06aa,Shogun Steakhouse,"Shogun Steakhouse, 707 N Main St, Farmville, VA 23901",37.3095798,-78.3880102,"['Japanese restaurant', 'Steak house', 'Sushi restaurant']",4.4,313,$$,"[['Friday', '11AM–3PM'], ['Saturday', '4–10:30PM'], ['Sunday', '12:30–9:30PM'], ['Monday', '11AM–3PM'], ['Tuesday', '11AM–3PM'], ['Wednesday', '11AM–3PM'], ['Thursday', '11AM–3PM']]"
0x89b6380402b77509:0x960c250c0bb8b0a9,Red Kimono Japanese & Korean cuisine,"Red Kimono Japanese & Korean cuisine, 790 Station St, Herndon, VA 20170",38.970754899999996,-77.38480009999999,"['Japanese restaurant', 'Syokudo and Teishoku restaurant']",4.4,255,$$,"[['Friday', '3–9:30PM'], ['Saturday', '12–9:30PM'], ['Sunday', '12–9PM'], ['Monday', '3–9:30PM'], ['Tuesday', '3–9:30PM'], ['Wednesday', '3–9:30PM'], ['Thursday', '3–9:30PM']]"
0x884d0b84a85365c7:0x68b182370c110a93,Sakura Japanese Steak and Seafood house,"Sakura Japanese Steak and Seafood house, 2171 Apperson Dr, Salem, VA 24153",37.264821,-80.019425,['Japanese restaurant'],4.4,188,$$,"[['Friday', '11AM–9PM'], ['Saturday', '4–9PM'], ['Sunday', '4–9PM'], ['Monday', '11AM–9PM'], ['Tuesday', '11AM–9PM'], ['Wednesday', '11AM–9PM'], ['Thursday', '11AM–9PM']]"
0x89b08c20c9ebede1:0x8e4b6743d60d2b56,Tokyo Express,"Tokyo Express, 6610 Mooretown Rd, Williamsburg, VA 23188",37.3369168,-76.7359149,['Japanese restaurant'],4.6,158,,"[['Thursday', '11AM–8:30PM'], ['Friday', '11AM–8:30PM'], ['Saturday', '11AM–8:30PM'], ['Sunday', 'Closed'], ['Monday', '11AM–8:30PM'], ['Tuesday', '11AM–8:30PM'], ['Wednesday', '11AM–8:30PM']]"
0x89b64f885efa2e4f:0x40eb8d81142f2140,Crazy Sushi Asian Bistro,"Crazy Sushi Asian Bistro, 3903 Fair Ridge Dr Unit I, Fairfax, VA 22033",38.873234,-77.372907,"['Asian fusion restaurant', 'Caterer', 'Chinese restaurant', 'Health food restaurant', 'Japanese restaurant', 'Lunch restaurant', 'Seafood restaurant', 'Sushi restaurant', 'Vegetarian restaurant']",4.3,48,,"[['Thursday', '11AM–10PM'], ['Friday', '11AM–10PM'], ['Saturday', '11AM–10PM'], ['Sunday', '11AM–10PM'], ['Monday', '11AM–10PM'], ['Tuesday', '11AM–10PM'], ['Wednesday', '11AM–10PM']]"
0x89ba950ab138f44f:0xcfec8d27cd2e2ba5,Volcano Sushi,"Volcano Sushi, 300 Constitution Dr, Virginia Beach, VA 23462",36.844469,-76.12943,"['Japanese restaurant', 'Asian restaurant', 'Sushi restaurant']",2.8,138,$$,"[['Thursday', '11AM–10PM'], ['Friday', '11AM–11PM'], ['Saturday', '11AM–11PM'], ['Sunday', '11AM–10PM'], ['Monday', '11AM–10PM'], ['Tuesday', '11AM–10PM'], ['Wednesday', '11AM–10PM']]"
0x89b65361e038c655:0x5ef9b343ef9eaf63,Tokyo One,"Tokyo One, 9443 Lorton Market St, Lorton, VA 22079",38.701831899999995,-77.22054829999999,"['Japanese steakhouse', 'Restaurant', 'Sushi restaurant', 'Teppanyaki restaurant']",4.2,278,$$,"[['Thursday', '11AM–2:30PM'], ['Friday', '11AM–2:30PM'], ['Saturday', '4–9PM'], ['Sunday', '4–9PM'], ['Monday', '4–9PM'], ['Tuesday', '4–9PM'], ['Wednesday', '11AM–2:30PM']]"
0x89b6c05d7ab68f4b:0xcfd236d3b07fe372,"Sakura Japanese Steak, Seafood House & Sushi Bar","Sakura Japanese Steak, Seafood House & Sushi Bar, 4540 Plank Rd A, Fredericksburg, VA 22407",38.2885359,-77.53831269999999,"['Japanese steakhouse', 'Asian restaurant', 'Bar', 'Japanese restaurant', 'Restaurant', 'Seafood restaurant', 'Sushi restaurant']",4.5,516,$$,"[['Thursday', '4:30–8:30PM'], ['Friday', '4:30–8:45PM'], ['Saturday', '12–8:45PM'], ['Sunday', '12–8:30PM'], ['Monday', '4:30–8:30PM'], ['Tuesday', '4:30–8:30PM'], ['Wednesday', '4:30–8:30PM']]"
0x884d0cc6979bae77:0xd1a11848c7a6e74e,Ben Gui Sushi,"Ben Gui Sushi, 4353 Starkey Rd, Roanoke, VA 24018",37.2285329,-79.98269979999999,"['Sushi restaurant', 'Japanese restaurant']",4.7,268,$$,"[['Thursday', '11:30AM–2PM'], ['Friday', '11:30AM–2PM'], ['Saturday', '11:30AM–2PM'], ['Sunday', '11:30AM–2PM'], ['Monday', 'Closed'], ['Tuesday', '11:30AM–2PM'], ['Wednesday', '11:30AM–2PM']]"
0x89ba8315d7afe82d:0x3646c717295cb563,Sushi King - Peninsula Town Center - Hampton,"Sushi King - Peninsula Town Center - Hampton, 5101 Kilgore Ave, Hampton, VA 23666",37.0447606,-76.3925277,"['Japanese restaurant', 'Asian restaurant', 'Sushi restaurant']",4.0,1065,$$,"[['Thursday', '11AM–3:30PM'], ['Friday', '11AM–3:30PM'], ['Saturday', '12–10:30PM'], ['Sunday', '12–9:30PM'], ['Monday', '11AM–3:30PM'], ['Tuesday', '11AM–3:30PM'], ['Wednesday', '11AM–3:30PM']]"
0x89b07ed1acfec199:0x500240d607843ba6,Volcano Hibachi Express & Sushi,"Volcano Hibachi Express & Sushi, 12515 Jefferson Ave #400, Newport News, VA 23602",37.126987199999995,-76.5123443,['Japanese restaurant'],3.4,238,,"[['Thursday', '11AM–10PM'], ['Friday', '11AM–10PM'], ['Saturday', '11AM–10PM'], ['Sunday', '11AM–10PM'], ['Monday', '11AM–10PM'], ['Tuesday', 'Closed'], ['Wednesday', '11AM–10PM']]"
0x884d95ae37fa255f:0x68c10efa47481c2b,Sake House,"Sake House, 1560 S Main St #116, Blacksburg, VA 24060",37.212705,-80.401787,"['Japanese restaurant', 'Asian restaurant', 'Sushi restaurant']",4.4,348,$$,"[['Thursday', '11:30AM–9PM'], ['Friday', '11:30AM–9PM'], ['Saturday', '11:30AM–9PM'], ['Sunday', '11:30AM–9PM'], ['Monday', '11:30AM–9PM'], ['Tuesday', '11:30AM–9PM'], ['Wednesday', 'Closed']]"
0x89b492cfac36e7d9:0xb00bbf51f9e44038,Beyond Restaurant & Lounge,"Beyond Restaurant & Lounge, 50 W Water St, Harrisonburg, VA 22801",38.4486583,-78.8699333,"['Asian restaurant', 'Japanese restaurant', 'Sushi restaurant', 'Vietnamese restaurant']",4.6,327,$$,"[['Thursday', '11AM–9PM'], ['Friday', '11AM–10PM'], ['Saturday', '11AM–10PM'], ['Sunday', '11AM–9PM'], ['Monday', '11AM–9PM'], ['Tuesday', '11AM–9PM'], ['Wednesday', '11AM–9PM']]"
0x89b6486effbee657:0xbb723b7abdfebf2e,Ariake Japanese Restaurant - Reston Location,"Ariake Japanese Restaurant - Reston Location, 12184 Glade Dr, Reston, VA 20191",38.935204899999995,-77.3640528,"['Japanese restaurant', 'Sushi restaurant']",4.6,1018,$$,"[['Thursday', '11:30AM–2:30PM'], ['Friday', '11:30AM–2:30PM'], ['Saturday', '11:30AM–2:30PM'], ['Sunday', '11:30AM–2:30PM'], ['Monday', '11:30AM–2:30PM'], ['Tuesday', '11:30AM–2:30PM'], ['Wednesday', '11:30AM–2:30PM']]"
0x89b644613d92bc27:0xb4a30964cf4ba323,Matsu,"Matsu, 5635 Stone Rd, Centreville, VA 20120",38.8531653,-77.4501027,"['Japanese restaurant', 'Restaurant', 'Sushi restaurant']",4.6,498,$$,"[['Wednesday', '11AM–2:30PM'], ['Thursday', '11AM–2:30PM'], ['Friday', '11AM–2:30PM'], ['Saturday', '11:30AM–3PM'], ['Sunday', '5–9:30PM'], ['Monday', '11AM–2:30PM'], ['Tuesday', '11AM–2:30PM']]"
0x89b6ea474899a629:0x3f9e5b53423e10eb,Quickway Japanese Hibachi,"Quickway Japanese Hibachi, 28 S Gateway Dr #107, Fredericksburg, VA 22406",38.343106,-77.4943164,['Japanese restaurant'],3.9,228,$,"[['Wednesday', '11AM–9PM'], ['Thursday', '11AM–9PM'], ['Friday', '11AM–9PM'], ['Saturday', '11AM–9PM'], ['Sunday', '11AM–9PM'], ['Monday', '11AM–9PM'], ['Tuesday', '11AM–9PM']]"
0x884d0ce178f6c721:0xbdc1d045a0ec7484,Kabuki Japanese Steak House,"Kabuki Japanese Steak House, 3503 Franklin Rd SW, Roanoke, VA 24014",37.239103,-79.968142,"['Japanese steakhouse', 'Asian restaurant', 'Japanese restaurant', 'Restaurant', 'Sushi restaurant']",4.5,958,$$$,"[['Wednesday', '5–9PM'], ['Thursday', '5–9PM'], ['Friday', '4:30–10PM'], ['Saturday', '4–10PM'], ['Sunday', '12–3PM'], ['Monday', '5–9PM'], ['Tuesday', '5–9PM']]"
0x89b38625c4395c73:0x7b4b9f535d002692,Now & Zen,"Now & Zen, 202 2nd St NW, Charlottesville, VA 22902",38.0320186,-78.4816826,"['Japanese restaurant', 'Sushi restaurant']",4.5,336,$$,"[['Wednesday', '5–9PM'], ['Thursday', '5–9PM'], ['Friday', '5–9PM'], ['Saturday', '5–9PM'], ['Sunday', '5–9PM'], ['Monday', '5–9PM'], ['Tuesday', '5–9PM']]"
0x89b647f2c78b6dc5:0xe4065be6b3c9b214,Matsutake,"Matsutake, 13049 Worldgate Dr, Herndon, VA 20170",38.957619,-77.401459,"['Japanese restaurant', 'Buffet restaurant', 'Restaurant', 'Sushi restaurant']",4.2,194,$$,"[['Wednesday', '11:30AM–2:30PM'], ['Thursday', '11:30AM–2:30PM'], ['Friday', '11:30AM–2:30PM'], ['Saturday', '11:30AM–2:30PM'], ['Sunday', 'Closed'], ['Monday', '11:30AM–2:30PM'], ['Tuesday', '11:30AM–2:30PM']]"
0x89b426add13799a3:0xe49e90e60681b124,Osaka Japanese House,"Osaka Japanese House, 409 Meadowbrook Shopping Ctr, Culpeper, VA 22701",38.458348199999996,-78.0122363,['Japanese restaurant'],4.5,388,$$,"[['Wednesday', '11:10AM–2:30PM'], ['Thursday', '11:10AM–2:30PM'], ['Friday', '11:10AM–2:30PM'], ['Saturday', '11:10AM–2:30PM'], ['Sunday', '11:10AM–2:30PM'], ['Monday', '11:10AM–2:30PM'], ['Tuesday', 'Closed']]"
0x89b6c1ceac3a7ff9:0x92d1f3edb3188f05,Bonchon Fredericksburg,"Bonchon Fredericksburg, 1624 Carl D. Silver Pkwy, Fredericksburg, VA 22401",38.302962099999995,-77.5097212,"['Asian fusion restaurant', 'Asian restaurant', 'Chicken restaurant', 'Chicken wings restaurant', 'Fried chicken takeaway', 'Japanese restaurant', 'Korean restaurant', 'Pan-Asian restaurant']",4.5,338,$$,"[['Wednesday', '11AM–9PM'], ['Thursday', '11AM–9PM'], ['Friday', '11AM–10PM'], ['Saturday', '11AM–10PM'], ['Sunday', '12–9PM'], ['Monday', '11AM–9PM'], ['Tuesday', '11AM–9PM']]"
0x89b65c6259986d0f:0x50d62f4317b5a4b5,Bonchon Manassas,"Bonchon Manassas, 8679 Sudley Rd, Manassas, VA 20110",38.768772,-77.484856,"['Asian fusion restaurant', 'Asian restaurant', 'Chicken restaurant', 'Chicken wings restaurant', 'Fried chicken takeaway', 'Japanese restaurant', 'Korean restaurant', 'Pan-Asian restaurant']",4.6,298,$$,"[['Wednesday', '11AM–9PM'], ['Thursday', '11AM–9PM'], ['Friday', '11AM–9PM'], ['Saturday', '11AM–9PM'], ['Sunday', '12–9PM'], ['Monday', '11AM–9PM'], ['Tuesday', '11AM–9PM']]"
0x89b6398ff94dd0ad:0x94c0018d6a5aa89e,Kobe Bonsai,"Kobe Bonsai, 120 Edds Ln, Sterling, VA 20165",39.040730499999995,-77.4123264,"['Teppanyaki restaurant', 'Japanese restaurant', 'Japanese steakhouse', 'Sushi restaurant']",4.6,258,$$,"[['Wednesday', '11AM–2PM'], ['Thursday', '11AM–2PM'], ['Friday', '11AM–2PM'], ['Saturday', '3:30–10:30PM'], ['Sunday', '4:30–9PM'], ['Monday', '11AM–2PM'], ['Tuesday', '11AM–2PM']]"
0x89b388efc4af2e87:0x714d42c17c52b278,Kabuto Sushi and Teppanyaki,"Kabuto Sushi and Teppanyaki, 1836 Abbey Rd, Charlottesville, VA 22911",38.030077899999995,-78.44677089999999,"['Japanese restaurant', 'Sushi restaurant']",4.4,265,$$,"[['Tuesday', '11AM–9:30PM'], ['Wednesday', '11AM–9:30PM'], ['Thursday', '11AM–9:30PM'], ['Friday', '11AM–10:30PM'], ['Saturday', '11AM–10:30PM'], ['Sunday', 'Closed'], ['Monday', '11AM–9:30PM']]"
0x89b6ebaaaa2f3093:0xcc62c3a9084f8f14,Osan Japanese Restaurant,"Osan Japanese Restaurant, 707 Caroline St, Fredericksburg, VA 22401",38.301123,-77.45785149999999,"['Japanese restaurant', 'Sushi restaurant']",4.7,416,$$,"[['Tuesday', '11AM–2:30PM'], ['Wednesday', '11AM–2:30PM'], ['Thursday', '11AM–2:30PM'], ['Friday', '11AM–2:30PM'], ['Saturday', '12–9:30PM'], ['Sunday', '12–8:30PM'], ['Monday', 'Closed']]"
0x89b7b3326ed4e42b:0x4178c291f4bc537,JK Seafood Korean Restaurant,"JK Seafood Korean Restaurant, 7123 Columbia Pike, Annandale, VA 22003",38.8321089,-77.1907748,"['Korean restaurant', 'Japanese restaurant', 'Sushi restaurant']",3.5,158,,"[['Tuesday', '11AM–11PM'], ['Wednesday', '11AM–11PM'], ['Thursday', '11AM–12AM'], ['Friday', '11AM–12AM'], ['Saturday', '11AM–12AM'], ['Sunday', '11AM–11PM'], ['Monday', '11AM–11PM']]"
0x89b64df53355ad87:0x2f30c1188ce485d5,Waraku Japanese Restaurant,"Waraku Japanese Restaurant, 9539 Braddock Rd, Fairfax, VA 22032",38.8169317,-77.27612719999999,"['Sushi restaurant', 'Japanese restaurant', 'Ramen restaurant']",4.3,188,,"[['Tuesday', '11AM–9:45PM'], ['Wednesday', '11AM–9:45PM'], ['Thursday', '11AM–9:45PM'], ['Friday', '11AM–10:45PM'], ['Saturday', '11AM–10:45PM'], ['Sunday', '12–8:45PM'], ['Monday', '11AM–9:45PM']]"
0x89b64c3bccd76401:0x1c718613fac666a7,Blue Ocean,"Blue Ocean, 9440 Main St, Fairfax, VA 22031",38.8423417,-77.2702278,['Japanese restaurant'],4.4,248,$$,"[['Tuesday', '11:30AM–2:30PM'], ['Wednesday', '11:30AM–2:30PM'], ['Thursday', '11:30AM–2:30PM'], ['Friday', '11:30AM–2:30PM'], ['Saturday', '11:30AM–2:30PM'], ['Sunday', '11:30AM–2:30PM'], ['Monday', '11:30AM–2:30PM']]"
0x89b16d53c61fb3db:0x610a879f1eb7f920,Sushi King,"Sushi King, 9111 Midlothian Turnpike, North Chesterfield, VA 23235",37.496083399999996,-77.5664883,['Japanese restaurant'],4.4,832,$$,"[['Tuesday', '11AM–3:20PM'], ['Wednesday', '11AM–3:20PM'], ['Thursday', '11AM–3:20PM'], ['Friday', '11AM–3:20PM'], ['Saturday', '11AM–10:30PM'], ['Sunday', '12–9:30PM'], ['Monday', '11AM–3:20PM']]"
0x89b47708aa5b9cff:0xd2a9f41042efef24,Sakura,"Sakura, 237 Connor Dr, Charlottesville, VA 22911",38.1287708,-78.4429368,"['Japanese steakhouse', 'Asian restaurant', 'Bar', 'Japanese restaurant', 'Restaurant', 'Seafood restaurant', 'Sushi restaurant']",4.3,315,$$,"[['Tuesday', '4–9PM'], ['Wednesday', '4–9PM'], ['Thursday', '4–9PM'], ['Friday', '4–9PM'], ['Saturday', '12–9PM'], ['Sunday', '12–9PM'], ['Monday', '4–9PM']]"
0x8852b3605907bcb7:0xf548c87971f706b7,Bentto Japanese Express,"Bentto Japanese Express, 721 S Main St, Danville, VA 24541",36.5694333,-79.404577,"['Japanese restaurant', 'Asian restaurant']",4.3,288,$,"[['Tuesday', '10:30AM–8:30PM'], ['Wednesday', '10:30AM–8:30PM'], ['Thursday', '10:30AM–8:30PM'], ['Friday', '10:30AM–9PM'], ['Saturday', '11AM–9PM'], ['Sunday', 'Closed'], ['Monday', '10:30AM–8:30PM']]"
0x89baea4a576b5c0f:0x6613c7e6a4f457b7,Shogun Japanese Steak House and Sushi Bar,"Shogun Japanese Steak House and Sushi Bar, 550 First Colonial Rd #24, Virginia Beach, VA 23451",36.8486111,-76.0183333,"['Japanese restaurant', 'Asian restaurant', 'Seafood restaurant', 'Sushi restaurant']",4.5,577,$$,"[['Tuesday', '5–10PM'], ['Wednesday', '5–10PM'], ['Thursday', '5–10PM'], ['Friday', '5–10PM'], ['Saturday', '5–10PM'], ['Sunday', '5–10PM'], ['Monday', '5–10PM']]"
0x89b35f8b034c7825:0x311b0f950ac1f389,Massaki Japanese Steakhouse & Sushi Bar,"Massaki Japanese Steakhouse & Sushi Bar, 1027 Richmond Ave, Staunton, VA 24401",38.136725999999996,-79.04453199999999,"['Japanese restaurant', 'Asian restaurant', 'Japanese steakhouse', 'Restaurant', 'Steak house', 'Sushi restaurant']",4.6,818,$$,"[['Tuesday', '11:30AM–2PM'], ['Wednesday', '11:30AM–2PM'], ['Thursday', '11:30AM–2PM'], ['Friday', '11:30AM–2PM'], ['Saturday', '2–9PM'], ['Sunday', '12–8PM'], ['Monday', '11:30AM–2PM']]"
0x89b38653a33c3245:0x11040a8483834a76,Tokyo Rose,"Tokyo Rose, 2271 Ivy Rd, Charlottesville, VA 22901",38.044066,-78.512942,"['Japanese restaurant', 'Restaurant', 'Sushi restaurant']",3.9,118,$$,"[['Tuesday', '11AM–3PM'], ['Wednesday', 'Closed'], ['Thursday', '11AM–3PM'], ['Friday', '11AM–3PM'], ['Saturday', '4:30–11PM'], ['Sunday', '12–10PM'], ['Monday', '11AM–3PM']]"
0x89b11513c45b6277:0xde23562c604c322e,Kabuto Japanese House of Steak,"Kabuto Japanese House of Steak, 8052 W Broad St, Richmond, VA 23294",37.6276592,-77.53135209999999,"['Japanese restaurant', 'Asian restaurant', 'Seafood restaurant', 'Steak house', 'Sushi restaurant']",4.1,608,$$,"[['Tuesday', '4:30–8:30PM'], ['Wednesday', '4:30–8:30PM'], ['Thursday', '4:30–8:30PM'], ['Friday', '4:30–9PM'], ['Saturday', '4:30–9PM'], ['Sunday', '4:30–8:30PM'], ['Monday', '4:30–8:30PM']]"
0x89b64f1df9d649e5:0x542ce558440cb56b,Arigato Sushi,"Arigato Sushi, 11199-A, Lee Hwy., Fairfax, VA 22030",38.8512396,-77.33274209999999,"['Sushi restaurant', 'Japanese restaurant']",4.4,298,$$,"[['Monday', 'Closed'], ['Tuesday', '11:30AM–9:30PM'], ['Wednesday', '11:30AM–9:30PM'], ['Thursday', '11:30AM–9:30PM'], ['Friday', '11:30AM–10PM'], ['Saturday', '11:30AM–10PM'], ['Sunday', '11:30AM–9:30PM']]"
0x89b667f101f5e5b9:0x9c4c13568960b909,Passion Fin,"Passion Fin, 7320 Atlas Walk Way, Gainesville, VA 20155",38.7967513,-77.6083275,"['Japanese restaurant', 'Restaurant']",4.7,168,,"[['Monday', '12–9PM'], ['Tuesday', '12–9PM'], ['Wednesday', '12–9PM'], ['Thursday', '12–9PM'], ['Friday', '12–9PM'], ['Saturday', '12–9PM'], ['Sunday', '12–9PM']]"
0x89b00aad25120c23:0xd5d89664ee03b061,Koi Sushi & Hibachi,"Koi Sushi & Hibachi, 3575 Bridge Rd, Suffolk, VA 23435",36.861019899999995,-76.4669396,"['Japanese restaurant', 'Asian restaurant', 'Sushi restaurant']",4.5,253,$$,"[['Monday', '11:30AM–2:30PM'], ['Tuesday', '11:30AM–2:30PM'], ['Wednesday', '11:30AM–2:30PM'], ['Thursday', '11:30AM–2:30PM'], ['Friday', '11:30AM–2:30PM'], ['Saturday', '11:30AM–2:30PM'], ['Sunday', '4:30–9PM']]"
0x89b0722e8b342b1d:0xd3786d37a515b39d,Tokyo Thai Restaurant,"Tokyo Thai Restaurant, 13466 Benns Church Blvd, Smithfield, VA 23430",36.953339899999996,-76.6019177,"['Asian restaurant', 'Japanese restaurant', 'Southeast Asian restaurant', 'Sushi restaurant', 'Thai restaurant']",4.4,312,$$,"[['Monday', '11AM–9:30PM'], ['Tuesday', '11AM–9:30PM'], ['Wednesday', '11AM–9:30PM'], ['Thursday', '11AM–9:30PM'], ['Friday', '11AM–10PM'], ['Saturday', '12–10PM'], ['Sunday', '12–9:30PM']]"
0x89b0741c2bc4df87:0xb65791d537f0a95c,Sakana Sushi,"Sakana Sushi, 13609 Carrollton Blvd, Carrollton, VA 23314",36.949902099999996,-76.5320599,"['Japanese restaurant', 'Sushi restaurant']",4.8,267,$$,"[['Monday', '11:30AM–9:30PM'], ['Tuesday', '11:30AM–9:30PM'], ['Wednesday', '11:30AM–9:30PM'], ['Thursday', '11:30AM–9:30PM'], ['Friday', '11:30AM–10PM'], ['Saturday', '11:30AM–10PM'], ['Sunday', '12–9PM']]"
0x89b64f4072396e23:0xb6b9be3b06ecb550,Sushi On,"Sushi On, 11717 FAIR OAKS MALL UNIT# J135, Fairfax, VA 22033",38.862103499999996,-77.357911,"['Asian restaurant', 'Buffet restaurant', 'Japanese restaurant', 'Seafood restaurant', 'Sushi restaurant']",4.2,1026,$$,"[['Monday', '11:30AM–2:30PM'], ['Tuesday', '11:30AM–2:30PM'], ['Wednesday', '11:30AM–2:30PM'], ['Thursday', '11:30AM–2:30PM'], ['Friday', '11:30AM–2:30PM'], ['Saturday', '11:30AM–2:30PM'], ['Sunday', '11:30AM–2:30PM']]"
0x89b7b55c7f1d26a5:0xb724c10923dabe,Miyagi Restaurant,"Miyagi Restaurant, 6719 Curran St, McLean, VA 22101",38.9349139,-77.1770693,['Japanese restaurant'],4.4,148,$$,"[['Monday', '5–9PM'], ['Tuesday', '11:30AM–2:30PM'], ['Wednesday', '11:30AM–2:30PM'], ['Thursday', '5–9PM'], ['Friday', '11:30AM–2:30PM'], ['Saturday', '5–9PM'], ['Sunday', 'Closed']]"
0x89b6ee2a782f0cdb:0x4f8274fbb7721211,I Luv Teriyaki,"I Luv Teriyaki, 370 Garrisonville Rd #123, Stafford, VA 22554",38.476246499999995,-77.4238055,['Japanese restaurant'],4.5,178,$,"[['Monday', '11AM–9PM'], ['Tuesday', '11AM–9PM'], ['Wednesday', '11AM–9PM'], ['Thursday', '11AM–9PM'], ['Friday', '11AM–9PM'], ['Saturday', 'Closed'], ['Sunday', 'Closed']]"
0x89b35f8276d799db:0xd031065ddc4d2e02,Sakura Japanese Staunton,"Sakura Japanese Staunton, 839 Greenville Ave, Staunton, VA 24401",38.134845999999996,-79.064229,['Japanese restaurant'],4.6,283,$,"[['Monday', '11AM–10PM'], ['Tuesday', '11AM–10PM'], ['Wednesday', '11AM–10PM'], ['Thursday', '11AM–10PM'], ['Friday', '11AM–10PM'], ['Saturday', '11AM–10PM'], ['Sunday', '11AM–9:30PM']]"
0x89b63660ffa564a1:0x305a13b377c6d8c,Kyoto Sushi,"Kyoto Sushi, 3676 King St, Alexandria, VA 22302",38.8287524,-77.09222849999999,"['Authentic Japanese restaurant', 'Japanese restaurant']",4.4,193,$$,"[['Monday', '11:30AM–3PM'], ['Tuesday', '11:30AM–3PM'], ['Wednesday', '11:30AM–3PM'], ['Thursday', '11:30AM–3PM'], ['Friday', '11:30AM–3PM'], ['Saturday', '11:30AM–3PM'], ['Sunday', '11:30AM–3PM']]"
0x89b63990c29f0d73:0x3e2455726f42117f,Aoba Japanese Restaurant,"Aoba Japanese Restaurant, 20921 Davenport Dr #110, Sterling, VA 20165",39.0367296,-77.411064,"['Japanese restaurant', 'Japanese food', 'Salad shop']",4.4,138,$$,"[['Sunday', '4:30–9PM'], ['Monday', '11:30AM–9PM'], ['Tuesday', '11:30AM–9PM'], ['Wednesday', '11:30AM–9PM'], ['Thursday', '11:30AM–9PM'], ['Friday', '11:30AM–9PM'], ['Saturday', '12–9PM']]"
0x89babe7a64eae97d:0xc61be4017fec3d0d,Sakatomo Sushi,"Sakatomo Sushi, 5072 Ferrell Pkwy #102, Virginia Beach, VA 23464",36.7941607,-76.16996639999999,"['Japanese restaurant', 'Ramen restaurant', 'Sushi restaurant']",4.8,238,,"[['Sunday', '12–2:30PM'], ['Monday', '11:30AM–2:30PM'], ['Tuesday', 'Closed'], ['Wednesday', '11:30AM–2:30PM'], ['Thursday', '11:30AM–2:30PM'], ['Friday', '11:30AM–2:30PM'], ['Saturday', '12–2:30PM']]"
0x89baeca365e17215:0xff1b8a558068cf59,Fujiyama Sushi Bar,"Fujiyama Sushi Bar, 2861 Lynnhaven Dr # 112, Virginia Beach, VA 23451",36.907342899999996,-76.0678681,"['Sushi restaurant', 'Asian restaurant', 'Japanese restaurant']",4.5,178,$$,"[['Sunday', '12–9:30PM'], ['Monday', '4–9PM'], ['Tuesday', '4–9PM'], ['Wednesday', '4–9PM'], ['Thursday', '11:30AM–2:30PM'], ['Friday', '11:30AM–2:30PM'], ['Saturday', '12–9:30PM']]"
0x89b7b6603c62b9a1:0x3f972c3277fb56f5,Sushi Rock,"Sushi Rock, 1900 Clarendon Blvd, Arlington, VA 22201",38.891484299999995,-77.0813082,"['Sushi restaurant', 'Asian fusion restaurant', 'Bar', 'Japanese restaurant', 'Restaurant']",4.3,1128,$$,"[['Sunday', '11AM–11PM'], ['Monday', '11AM–11PM'], ['Tuesday', '11AM–11PM'], ['Wednesday', '11AM–11PM'], ['Thursday', '11AM–11PM'], ['Friday', '11AM–11PM'], ['Saturday', '11AM–11PM']]"
0x89b64bc626a48ba9:0xcc30ed45608f3500,Red Galanga Modern Asian,"Red Galanga Modern Asian, 144 Church St NW, Vienna, VA 22180",38.901019399999996,-77.2676,"['Japanese restaurant', 'Asian fusion restaurant', 'Restaurant']",4.6,164,$$,"[['Sunday', '12–3PM'], ['Monday', '4:30–9PM'], ['Tuesday', '4:30–9PM'], ['Wednesday', '4:30–9PM'], ['Thursday', '4:30–9PM'], ['Friday', '11:30AM–3PM'], ['Saturday', '12–3PM']]"
0x89b7b0d33dba9c15:0x7712b41631a73a85,Matsutake Sushi,"Matsutake Sushi, Reagan National Airport National Hall, 2401 Smith Blvd, Arlington, VA 22202",38.853346599999995,-77.0428913,"['Sushi restaurant', 'Japanese restaurant']",3.7,47,$$,"[['Sunday', '10:30AM–9:30PM'], ['Monday', '10:30AM–9:30PM'], ['Tuesday', '10:30AM–9:30PM'], ['Wednesday', '10:30AM–9:30PM'], ['Thursday', '10:30AM–9:30PM'], ['Friday', '10:30AM–9:30PM'], ['Saturday', '10:30AM–9:30PM']]"
0x89b7b4ee346aaaab:0x1b8d56430969d67c,YUME SUSHI,"YUME SUSHI, 2121 N Westmoreland St A-2, Arlington, VA 22213",38.886443,-77.1622976,"['Japanese restaurant', 'Sushi restaurant']",4.7,398,,"[['Sunday', '12–10PM'], ['Monday', '4–10PM'], ['Tuesday', '4–10PM'], ['Wednesday', '4–10PM'], ['Thursday', '4–11PM'], ['Friday', '4PM–12AM'], ['Saturday', '12PM–12AM']]"
0x89b64e91b2bfba13:0x50461da9878ce91e,Sushi Prince,"Sushi Prince, 10256 Main St, Fairfax, VA 22030",38.8456361,-77.3006917,"['Japanese restaurant', 'Restaurant']",4.4,335,$$,"[['Sunday', '4–8PM'], ['Monday', '11:30AM–8PM'], ['Tuesday', '11:30AM–8PM'], ['Wednesday', '11:30AM–8PM'], ['Thursday', '11:30AM–8PM'], ['Friday', '11:30AM–9PM'], ['Saturday', '11:30AM–9PM']]"
0x89b645922e81b1dd:0xc66d88d3454682a4,"Sakura Japanese Steak, Seafood House & Sushi Bar","Sakura Japanese Steak, Seafood House & Sushi Bar, 12950 Fair Lakes Shopping Center, Fairfax, VA 22033",38.8597847,-77.3889532,"['Japanese steakhouse', 'Asian restaurant', 'Bar', 'Japanese restaurant', 'Restaurant', 'Seafood restaurant', 'Sushi restaurant']",4.4,588,$$,"[['Sunday', '12–9PM'], ['Monday', '11:30AM–2PM'], ['Tuesday', '11:30AM–2PM'], ['Wednesday', '11:30AM–2PM'], ['Thursday', '11:30AM–2PM'], ['Friday', '12–2PM'], ['Saturday', '12–9:30PM']]"
0x89b16b33105b7521:0xfe5310aeeaa6fd9c,Little Tokyo Restaurant,"Little Tokyo Restaurant, 1420 N Parham Rd, Richmond, VA 23229",37.6017619,-77.568022,['Japanese restaurant'],4.5,47,,"[['Sunday', '12–6PM'], ['Monday', '10AM–9PM'], ['Tuesday', '10AM–9PM'], ['Wednesday', '10AM–9PM'], ['Thursday', '10AM–9PM'], ['Friday', '10AM–9PM'], ['Saturday', '10AM–9PM']]"
0x89b7b32d546112e9:0xbbcc55f270b9e863,Bonchon Annandale,"Bonchon Annandale, 7215 Columbia Pike, Annandale, VA 22003",38.83125,-77.19321,"['Asian fusion restaurant', 'Asian restaurant', 'Chicken restaurant', 'Chicken wings restaurant', 'Fried chicken takeaway', 'Japanese restaurant', 'Korean restaurant', 'Pan-Asian restaurant', 'Restaurant']",4.0,607,$$,"[['Saturday', '11:30AM–12AM'], ['Sunday', '11:30AM–11PM'], ['Monday', '11:30AM–11PM'], ['Tuesday', '11:30AM–11PM'], ['Wednesday', '11:30AM–11PM'], ['Thursday', '11:30AM–11PM'], ['Friday', '11:30AM–12AM']]"
0x89b7b3ab993c3127:0x5e43c567fb918c2b,Yamazato,"Yamazato, 6303 Little River Turnpike #120, Alexandria, VA 22312",38.8173981,-77.1442758,"['Japanese restaurant', 'Asian restaurant', 'Bar', 'Restaurant', 'Sushi restaurant', 'Thai restaurant']",4.6,378,$$,"[['Saturday', '11:30AM–3PM'], ['Sunday', '5–9:30PM'], ['Monday', '11:30AM–2:30PM'], ['Tuesday', '11:30AM–2:30PM'], ['Wednesday', '11:30AM–2:30PM'], ['Thursday', '11:30AM–2:30PM'], ['Friday', '11:30AM–2:30PM']]"
0x89b64ccd77d2043d:0x81da9bf1c7a54fc7,Khan Japanese Kitchen & Bar,"Khan Japanese Kitchen & Bar, 4231 Markham St a, Annandale, VA 22003",38.8324753,-77.1973265,['Japanese restaurant'],4.1,68,,"[['Saturday', '5PM–12AM'], ['Sunday', '5PM–12AM'], ['Monday', '5PM–12AM'], ['Tuesday', '5PM–12AM'], ['Wednesday', '5PM–12AM'], ['Thursday', '5PM–12AM'], ['Friday', '5PM–12AM']]"
0x89b64afab1257aa5:0x4e1a1a5aeb74d493,Kizuna Sushi & Ramen,"Kizuna Sushi & Ramen, 8221 Leesburg Pike, Vienna, VA 22182",38.916578799999996,-77.2293854,"['Japanese restaurant', 'Ramen restaurant', 'Sushi restaurant']",4.4,941,$$,"[['Saturday', '11:30AM–9PM'], ['Sunday', '12–8:30PM'], ['Monday', 'Closed'], ['Tuesday', '11:30AM–2:30PM'], ['Wednesday', '11:30AM–2:30PM'], ['Thursday', '11:30AM–2:30PM'], ['Friday', '11:30AM–2:30PM']]"
0x89b64cd187e1790b:0xfafdb51c8d261561,Tanpopo Ramen House,"Tanpopo Ramen House, 4316 Markham St, Annandale, VA 22003",38.8302444,-77.2010167,"['Ramen restaurant', 'Japanese restaurant', 'Restaurant', 'Sushi restaurant']",4.4,403,$$,"[['Saturday', '11AM–10PM'], ['Sunday', '11AM–10PM'], ['Monday', '11AM–10PM'], ['Tuesday', '11AM–10PM'], ['Wednesday', '11AM–10PM'], ['Thursday', '11AM–10PM'], ['Friday', '11AM–10PM']]"
0x89b6c133ca9cdf4b:0xc5ac174cd446cf28,Oishi Japanese Cuisine,"Oishi Japanese Cuisine, 1901 Carl D. Silver Pkwy, Fredericksburg, VA 22401",38.3086352,-77.51227089999999,"['Japanese restaurant', 'Buffet restaurant', 'Sushi restaurant']",4.7,217,,"[['Saturday', '11AM–10PM'], ['Sunday', '11AM–9PM'], ['Monday', '11AM–9PM'], ['Tuesday', '11AM–9PM'], ['Wednesday', '11AM–9PM'], ['Thursday', '11AM–9PM'], ['Friday', '11AM–10PM']]"
0x884dfc492cd4035f:0x14ce77ad746a612,Kimono Japanese Restaurant,"Kimono Japanese Restaurant, 1075 E Main St, Pulaski, VA 24301",37.0488071,-80.7577135,"['Japanese restaurant', 'Asian restaurant', 'Sushi restaurant']",4.1,78,,"[['Friday', '11AM–10PM'], ['Saturday', '11AM–10PM'], ['Sunday', '11AM–9PM'], ['Monday', '11AM–9PM'], ['Tuesday', '11AM–9PM'], ['Wednesday', '11AM–9PM'], ['Thursday', '11AM–9PM']]"
0x89b64cd1f0d88587:0x629e7fe769a0a12a,Miso Restaurant,"Miso Restaurant, 7410 Little River Turnpike, Annandale, VA 22003",38.8322222,-77.2002778,"['Restaurant', 'Asian restaurant', 'Japanese restaurant', 'Korean restaurant']",4.3,218,$$,"[['Friday', '11AM–9PM'], ['Saturday', '11AM–9PM'], ['Sunday', 'Closed'], ['Monday', '11AM–9PM'], ['Tuesday', '11AM–9PM'], ['Wednesday', '11AM–9PM'], ['Thursday', '11AM–9PM']]"
0x89b10a32933a5917:0x663699a2f08750a1,Kabuki Japanese Steak House,"Kabuki Japanese Steak House, 11926 Iron Bridge Plaza, Chester, VA 23831",37.352132,-77.484685,"['Japanese restaurant', 'Japanese steakhouse', 'Pan-Asian restaurant', 'Seafood restaurant', 'Steak house', 'Sushi restaurant']",4.0,618,$$,"[['Friday', '11AM–9:30PM'], ['Saturday', '11:30AM–9:30PM'], ['Sunday', '11:30AM–8:30PM'], ['Monday', '11AM–2PM'], ['Tuesday', '11AM–2PM'], ['Wednesday', '11AM–2PM'], ['Thursday', '11AM–2PM']]"
0x89b7b1aedfb0f4e9:0x239b3481ec922dd1,Sumo Hibachi & Sushi,"Sumo Hibachi & Sushi, 2016 Eisenhower Ave, Alexandria, VA 22314",38.8000737,-77.0641417,"['Japanese restaurant', 'Bar & grill', 'Sushi restaurant']",4.1,608,$$,"[['Friday', '11:30AM–10:30PM'], ['Saturday', '11:30AM–10:30PM'], ['Sunday', '12–10PM'], ['Monday', 'Closed'], ['Tuesday', '11:30AM–10PM'], ['Wednesday', '11:30AM–10PM'], ['Thursday', '11:30AM–10PM']]"
0x89b2da140ef99c19:0xcd2d2fc5c735d3c7,Osaka Japanese Express,"Osaka Japanese Express, 4901 Fort Ave, Lynchburg, VA 24502",37.3802778,-79.1827778,"['Japanese restaurant', 'Sushi restaurant']",4.4,488,$,"[['Friday', '10:30AM–10PM'], ['Saturday', '11:30AM–10PM'], ['Sunday', '11:30AM–10PM'], ['Monday', 'Closed'], ['Tuesday', '10:30AM–10PM'], ['Wednesday', '10:30AM–10PM'], ['Thursday', '10:30AM–10PM']]"
0x89b2d05c2fab9137:0x2f9e1f85d337e973,Tokyo Japanese Express,"Tokyo Japanese Express, 7803 Timberlake Rd, Lynchburg, VA 24502",37.3543071,-79.2261597,['Japanese restaurant'],4.5,134,$,"[['Friday', '11AM–10PM'], ['Saturday', '11AM–10PM'], ['Sunday', '11AM–10PM'], ['Monday', '11AM–10PM'], ['Tuesday', '11AM–10PM'], ['Wednesday', '11AM–10PM'], ['Thursday', '11AM–10PM']]"
0x89b07f8164387ee7:0xf794f5cf2e81b889,Asahi Japanese and Chinese Restaurant,"Asahi Japanese and Chinese Restaurant, 121 Grafton Station Ln, Yorktown, VA 23692",37.159535,-76.461535,['Japanese restaurant'],4.5,214,$$,"[['Friday', '11AM–3PM'], ['Saturday', '11AM–10PM'], ['Sunday', '11AM–9PM'], ['Monday', 'Closed'], ['Tuesday', '11AM–3PM'], ['Wednesday', '11AM–3PM'], ['Thursday', '11AM–3PM']]"
0x89b2d75ec3176515:0x1eafe6dadb51539c,King's Island Restaurant,"King's Island Restaurant, 2804 Old Forest Rd, Lynchburg, VA 24501",37.416185,-79.20392799999999,"['Chinese restaurant', 'Japanese restaurant', 'Sushi restaurant']",4.4,956,$$,"[['Friday', '11AM–10:30PM'], ['Saturday', '2:30–10:30PM'], ['Sunday', '11AM–9:30PM'], ['Monday', '11AM–9:30PM'], ['Tuesday', '11AM–9:30PM'], ['Wednesday', 'Closed'], ['Thursday', '11AM–9:30PM']]"
0x89b49296617a0121:0x40c1d25ded672ba0,Sushi Village,"Sushi Village, 1820 Evelyn Byrd Ave #110, Harrisonburg, VA 22801",38.431807299999996,-78.85427229999999,['Japanese restaurant'],4.4,506,$$,"[['Thursday', '11AM–9:30PM'], ['Friday', '11AM–10:30PM'], ['Saturday', '11AM–10:30PM'], ['Sunday', '11AM–9:30PM'], ['Monday', '11AM–9:30PM'], ['Tuesday', '11AM–9:30PM'], ['Wednesday', '11AM–9:30PM']]"
0x89b6105bbf0578ab:0xa20d429e8879e8ca,Pen's Oriental Kitchen,"Pen's Oriental Kitchen, 609 E Main St, Purcellville, VA 20132",39.1375294,-77.7070226,"['Restaurant', 'Chinese restaurant', 'Japanese restaurant', 'Sushi restaurant', 'Thai restaurant']",4.0,158,$$,"[['Thursday', '11:30AM–9PM'], ['Friday', '11:30AM–9PM'], ['Saturday', '11:30AM–9PM'], ['Sunday', '11:30AM–9PM'], ['Monday', '11:30AM–9PM'], ['Tuesday', 'Closed'], ['Wednesday', '11:30AM–9PM']]"
0x89b647971fec30c1:0xdd4a953db964a004,Hama Sushi,"Hama Sushi, 2415 Centreville Rd, Herndon, VA 20171",38.9504507,-77.40711979999999,"['Sushi restaurant', 'Japanese restaurant']",4.3,218,$$,"[['Thursday', '11:30AM–9:30PM'], ['Friday', '11:30AM–9:30PM'], ['Saturday', '12–9:30PM'], ['Sunday', '12–9:30PM'], ['Monday', '11:30AM–9:30PM'], ['Tuesday', '11:30AM–9:30PM'], ['Wednesday', '11:30AM–9:30PM']]"
0x89b645a0fa0e5cb7:0xbca9f757845d3f2f,Sarku Japan,"Sarku Japan, 4299 Chantilly Shopping Center Suite #105, Chantilly, VA 20151",38.8868614,-77.4419089,"['Japanese restaurant', 'Asian restaurant', 'Fast food restaurant', 'Sushi restaurant', 'Teppanyaki restaurant']",4.2,115,$,"[['Thursday', '11AM–7PM'], ['Friday', '11AM–7PM'], ['Saturday', '11AM–6PM'], ['Sunday', 'Closed'], ['Monday', '11AM–7PM'], ['Tuesday', '11AM–7PM'], ['Wednesday', '11AM–7PM']]"
0x884d118dfff4def9:0x5a86203538d3aa11,Hibachi Express,"Hibachi Express, 3433 Orange Ave NE c3, Roanoke, VA 24012",37.3018901,-79.8913966,['Japanese restaurant'],4.7,218,$,"[['Thursday', '11AM–9PM'], ['Friday', '11AM–9PM'], ['Saturday', '11AM–9PM'], ['Sunday', '11AM–9PM'], ['Monday', 'Closed'], ['Tuesday', '11AM–9PM'], ['Wednesday', '11AM–9PM']]"
0x884d0da8664b39a7:0xcca9942ce72d8423,Hibachi Express,"Hibachi Express, 2035 Colonial Ave SW, Roanoke, VA 24015",37.2561128,-79.95576989999999,"['Restaurant', 'Asian restaurant', 'Diner', 'Japanese restaurant', 'Sushi restaurant']",4.1,198,$$,"[['Thursday', '11AM–9PM'], ['Friday', '11AM–9:30PM'], ['Saturday', '11AM–9PM'], ['Sunday', 'Closed'], ['Monday', '11AM–9PM'], ['Tuesday', '11AM–9PM'], ['Wednesday', '11AM–9PM']]"
0x884d0be7292414db:0xb0e8f59e9b7a0a50,Hibachi Express,"Hibachi Express, 141 S Electric Rd, Salem, VA 24153",37.2975,-80.02916669999999,"['Japanese restaurant', 'Asian restaurant']",4.3,177,$,"[['Thursday', '11AM–9PM'], ['Friday', '11AM–9PM'], ['Saturday', '11AM–9PM'], ['Sunday', 'Closed'], ['Monday', '11AM–9PM'], ['Tuesday', '11AM–9PM'], ['Wednesday', '11AM–9PM']]"
0x884d0e5b23640001:0x22e2511c9a43d056,Sakura #9,"Sakura #9, 5436 Williamson Rd, Roanoke, VA 24012",37.3247206,-79.9539082,['Japanese restaurant'],4.5,298,$$,"[['Thursday', '11AM–9:30PM'], ['Friday', '11AM–10:30PM'], ['Saturday', '11AM–10:30PM'], ['Sunday', '11:30AM–9:30PM'], ['Monday', '11AM–9:30PM'], ['Tuesday', '11AM–9:30PM'], ['Wednesday', '11AM–9:30PM']]"
0x884d0e5b233d7121:0x55f8308c0d9c3848,Sakura Japanese Steak House,"Sakura Japanese Steak House, 5436 Williamson Rd, Roanoke, VA 24012",37.324723,-79.95391,"['Japanese steakhouse', 'Restaurant']",4.5,437,$$,"[['Thursday', '11AM–9:30PM'], ['Friday', '11AM–10:30PM'], ['Saturday', '11AM–10:30PM'], ['Sunday', '11AM–9:30PM'], ['Monday', '11AM–9:30PM'], ['Tuesday', '11AM–9:30PM'], ['Wednesday', '11AM–9:30PM']]"
0x89b2da667cb76b43:0xad4f93c9eaba05d8,Choice Hibachi Buffet,"Choice Hibachi Buffet, 2623 Wards Rd, Lynchburg, VA 24502",37.363071399999995,-79.1822739,"['Buffet restaurant', 'American restaurant', 'Asian restaurant', 'Chinese restaurant', 'Japanese restaurant']",4.2,2556,$$,"[['Thursday', '10:30AM–9:30PM'], ['Friday', '10:30AM–10PM'], ['Saturday', '10:30AM–10PM'], ['Sunday', '10:30AM–9:30PM'], ['Monday', '10:30AM–9:30PM'], ['Tuesday', '10:30AM–9:30PM'], ['Wednesday', '10:30AM–9:30PM']]"
0x8852b30982c2c873:0x13f3bacb16d0ed9e,Tokyo Grill,"Tokyo Grill, 364 Lowes Dr STE I, Danville, VA 24540",36.5980206,-79.42845229999999,"['Japanese restaurant', 'Asian restaurant', 'Sushi restaurant']",4.3,677,$$,"[['Thursday', '11AM–10PM'], ['Friday', '11AM–10PM'], ['Saturday', '11AM–10PM'], ['Sunday', '11AM–9PM'], ['Monday', '11AM–9:30PM'], ['Tuesday', '11AM–9:30PM'], ['Wednesday', '11AM–9:30PM']]"
0x884d0a0cbf2d997d:0xfe1ae245fa1eed19,Tokyo Express,"Tokyo Express, 1940 W Main St, Salem, VA 24153",37.287757,-80.09128199999999,"['Asian restaurant', 'Japanese restaurant', 'Sushi restaurant']",4.2,263,$$,"[['Wednesday', '11AM–9PM'], ['Thursday', '11AM–9PM'], ['Friday', '11AM–9PM'], ['Saturday', '11AM–9PM'], ['Sunday', '11AM–9PM'], ['Monday', 'Closed'], ['Tuesday', '11AM–9PM']]"
0x89b6c1d1e1bf8f75:0x3464ad803272e455,Sushi Kola,"Sushi Kola, 1811 Carl D. Silver Pkwy, Fredericksburg, VA 22401",38.307973,-77.509135,"['Japanese restaurant', 'Asian restaurant']",4.3,848,$$,"[['Wednesday', '11AM–3PM'], ['Thursday', '11AM–3PM'], ['Friday', '11AM–3PM'], ['Saturday', '12–10PM'], ['Sunday', '12–9PM'], ['Monday', '11AM–3PM'], ['Tuesday', '11AM–3PM']]"
0x89b6c1cd8bf2ec71:0x5ea11bbf755d1a53,Hibachi Grill Buffet,"Hibachi Grill Buffet, 1901 Carl D. Silver Pkwy, Fredericksburg, VA 22401",38.308659999999996,-77.512256,"['Japanese restaurant', 'Sushi restaurant']",3.6,706,$$,"[['Wednesday', '11AM–9PM'], ['Thursday', '11AM–9PM'], ['Friday', '11AM–10PM'], ['Saturday', '11AM–10PM'], ['Sunday', '11AM–9PM'], ['Monday', '11AM–9PM'], ['Tuesday', '11AM–9PM']]"
0x89b6e9e1a66ab403:0xe7a349a2b9f963ce,Sakae Thai & Sushi Bar,"Sakae Thai & Sushi Bar, 430 Chatham Heights Rd #101, Fredericksburg, VA 22405",38.3144839,-77.4509961,"['Sushi restaurant', 'Japanese restaurant']",4.5,213,$$,"[['Wednesday', '11AM–8:45PM'], ['Thursday', '11AM–8:45PM'], ['Friday', '11AM–9PM'], ['Saturday', '11AM–9PM'], ['Sunday', '12–7:30PM'], ['Monday', '11AM–8:45PM'], ['Tuesday', '11AM–8:45PM']]"
0x89b7b4c3f80621e5:0x7d4d79c8b253f91f,Koi Koi Sushi and Roll,"Koi Koi Sushi and Roll, 450 W Broad St # 117, Falls Church, VA 22046",38.8867201,-77.17732579999999,"['Sushi restaurant', 'Asian fusion restaurant', 'Japanese restaurant', 'Restaurant']",4.4,208,$$,"[['Wednesday', '11:30AM–2:30PM'], ['Thursday', '11:30AM–2:30PM'], ['Friday', '11:30AM–2:30PM'], ['Saturday', '12–10:30PM'], ['Sunday', '5–9:30PM'], ['Monday', '11:30AM–2:30PM'], ['Tuesday', '11:30AM–2:30PM']]"
0x89babcf1bef3b90f:0x867bfcc2c7c804b4,Kyoto Japanese Steakhouse & Sushi Bar,"Kyoto Japanese Steakhouse & Sushi Bar, 1412 Greenbrier Pkwy #129, Chesapeake, VA 23320",36.775659999999995,-76.2310514,"['Restaurant', 'Japanese restaurant', 'South American restaurant', 'Sushi restaurant']",4.2,478,$$,"[['Wednesday', '11AM–2PM'], ['Thursday', '11AM–2PM'], ['Friday', '11AM–2PM'], ['Saturday', '11AM–2PM'], ['Sunday', '4–9PM'], ['Monday', '11AM–2PM'], ['Tuesday', '11AM–2PM']]"
0x89b16d8357996ee5:0xc8337d4eebd7a078,Bonchon Midlothian,"Bonchon Midlothian, 11607 Midlothian Turnpike, Midlothian, VA 23113",37.503304,-77.61126999999999,"['Asian fusion restaurant', 'Asian restaurant', 'Chicken restaurant', 'Chicken wings restaurant', 'Fried chicken takeaway', 'Japanese restaurant', 'Korean restaurant', 'Pan-Asian restaurant']",4.2,445,$$,"[['Wednesday', '11AM–10PM'], ['Thursday', '11AM–10PM'], ['Friday', '11AM–10PM'], ['Saturday', '11AM–10PM'], ['Sunday', '11AM–10PM'], ['Monday', '11AM–10PM'], ['Tuesday', '11AM–10PM']]"
0x89b078d6fef11083:0xdd6c2f19247b4ec2,Japan Samurai,"Japan Samurai, 12233 Jefferson Ave, Newport News, VA 23602",37.110058099999996,-76.49936679999999,"['Japanese steakhouse', 'Asian restaurant', 'Japanese restaurant', 'Restaurant', 'Sushi restaurant']",4.2,293,$$,"[['Wednesday', '4–9:30PM'], ['Thursday', '4–9:30PM'], ['Friday', '4–10:30PM'], ['Saturday', '2–10:30PM'], ['Sunday', '12–9PM'], ['Monday', '4–9:30PM'], ['Tuesday', '4–9:30PM']]"
0x89ba965ae75cae61:0x9f9de792be63b88e,Sake Sushi Restaurant,"Sake Sushi Restaurant, 1213 N Military Hwy, Norfolk, VA 23502",36.863895299999996,-76.2121995,['Japanese restaurant'],4.4,298,$$,"[['Wednesday', '11AM–9:30PM'], ['Thursday', '11AM–9:30PM'], ['Friday', '11AM–10PM'], ['Saturday', '11AM–10PM'], ['Sunday', '12–9:30PM'], ['Monday', '11AM–9:30PM'], ['Tuesday', '11AM–9:30PM']]"
0x8851e20d4710c555:0x728d5e410e00c755,Tokyo Japanese Seafood & Steakhouse,"Tokyo Japanese Seafood & Steakhouse, 215 Commonwealth Dr #5, Wytheville, VA 24382",36.9571605,-81.0969107,"['Asian restaurant', 'Japanese restaurant', 'Restaurant', 'Seafood restaurant', 'Sushi restaurant']",4.4,338,$$,"[['Wednesday', '11:30AM–9:30PM'], ['Thursday', '11:30AM–9:30PM'], ['Friday', '11:30AM–10PM'], ['Saturday', '11:30AM–10PM'], ['Sunday', '11:30AM–9PM'], ['Monday', '11:30AM–9:30PM'], ['Tuesday', '11:30AM–9:30PM']]"
0x89ba908e866bf261:0x7c8b19f7710fe81,Golden China,"Golden China, 9645 1st View St, Norfolk, VA 23503",36.955725199999996,-76.25451369999999,"['Chinese restaurant', 'Japanese restaurant']",4.2,516,$,"[['Wednesday', '11AM–9:30PM'], ['Thursday', '11AM–9:30PM'], ['Friday', '11AM–10PM'], ['Saturday', '11AM–10PM'], ['Sunday', '12–9:30PM'], ['Monday', 'Closed'], ['Tuesday', '11AM–9:30PM']]"
0x89b6c04c689642a5:0x66e516ba93a1dd1c,Otani Japanese Steak and Seafood House,"Otani Japanese Steak and Seafood House, 12131 Amos Ln, Fredericksburg, VA 22407",38.2924085,-77.51976719999999,"['Japanese steakhouse', 'Asian restaurant', 'Japanese restaurant', 'Restaurant', 'Steak house', 'Sushi restaurant']",4.4,418,$$,"[['Tuesday', '4–9PM'], ['Wednesday', '4–9PM'], ['Thursday', '4–9PM'], ['Friday', '4–9PM'], ['Saturday', '12–9:30PM'], ['Sunday', '4–9PM'], ['Monday', '4–9PM']]"
0x89b7b70b2601960d:0xe001c2cae0d2937b,I-Thai Restaurant (Merge with Thai Select),"I-Thai Restaurant (Merge with Thai Select), 1713 Wilson Blvd, Arlington, VA 22209",38.894332299999995,-77.0787623,"['Thai restaurant', 'Bubble tea store', 'Japanese restaurant']",4.0,108,,"[['Tuesday', '11AM–10PM'], ['Wednesday', '11AM–10PM'], ['Thursday', '11AM–10PM'], ['Friday', '11AM–10:30PM'], ['Saturday', '11AM–10:30PM'], ['Sunday', '11AM–10PM'], ['Monday', '11AM–10PM']]"
0x89b115470b8cbf33:0xf6e41783a38e5570,Sakura | Japanese Steak House & Sushi Bar,"Sakura | Japanese Steak House & Sushi Bar, 9008 W Broad St, Richmond, VA 23294",37.637018,-77.547608,"['Japanese restaurant', 'Japanese steakhouse']",4.4,388,$$,"[['Tuesday', '11:30AM–2:30PM'], ['Wednesday', '11:30AM–2:30PM'], ['Thursday', '11:30AM–2:30PM'], ['Friday', '11:30AM–2:30PM'], ['Saturday', '11:30AM–2:30PM'], ['Sunday', '12–9PM'], ['Monday', '11:30AM–2:30PM']]"
0x89b64e5c99032aa7:0x230c0b90806b7a64,Samurai Japanese Steakhouse & Sushi Bar,"Samurai Japanese Steakhouse & Sushi Bar, 10645 Braddock Rd # B, Fairfax, VA 22032",38.8255076,-77.314906,"['Japanese steakhouse', 'Bar & grill', 'Japanese restaurant', 'Sushi restaurant']",4.1,318,,"[['Tuesday', '12–9PM'], ['Wednesday', '12–9PM'], ['Thursday', '12–9PM'], ['Friday', '12–9PM'], ['Saturday', '12–9PM'], ['Sunday', '12–9PM'], ['Monday', '12–9PM']]"
0x89b64c3a8b477b33:0xaab383449ee74b87,Sarku Japan Teriyaki & Sushi Express,"Sarku Japan Teriyaki & Sushi Express, 9508 Main St, Fairfax, VA 22031",38.8429358,-77.2723362,"['Japanese restaurant', 'Fast food restaurant', 'Restaurant', 'Sushi restaurant', 'Teppanyaki restaurant']",4.1,172,$,"[['Tuesday', '11AM–8PM'], ['Wednesday', '11AM–8PM'], ['Thursday', '11AM–8PM'], ['Friday', '11AM–8:30PM'], ['Saturday', '11AM–8:30PM'], ['Sunday', '11AM–8PM'], ['Monday', '11AM–8PM']]"
0x89ba9597d3334215:0xf8b72004f7b39ddd,J Mart Japanese Grocery,"J Mart Japanese Grocery, 309 Aragona Blvd Ste 111, Virginia Beach, VA 23462",36.844633099999996,-76.1463296,['Japanese grocery store'],4.8,116,,"[['Monday', 'Closed'], ['Tuesday', '10AM–5PM'], ['Wednesday', '10AM–5PM'], ['Thursday', '10AM–5PM'], ['Friday', '10AM–5PM'], ['Saturday', '10AM–5PM'], ['Sunday', '12–5PM']]"
0x89ba974ee7d29c2b:0x34679cfba7b77ecc,Teppanyaki Grill & Buffet,"Teppanyaki Grill & Buffet, 7525 Tidewater Dr #18, Norfolk, VA 23505",36.9145137,-76.2569695,"['Buffet restaurant', 'Asian restaurant', 'Chinese restaurant', 'Japanese restaurant', 'Sushi restaurant']",3.9,1212,$,"[['Monday', '11AM–9:30PM'], ['Tuesday', '11AM–9:30PM'], ['Wednesday', '11AM–9:30PM'], ['Thursday', 'Closed'], ['Friday', '11AM–10:30PM'], ['Saturday', '11AM–10:30PM'], ['Sunday', '11AM–9:30PM']]"
0x89b07850cc23001f:0x4b3e5083530046a5,Asian Grill,"Asian Grill, 12442 Warwick Blvd, Newport News, VA 23606",37.0714896,-76.4926452,"['Restaurant', 'Chinese restaurant', 'Japanese restaurant', 'Delivery Restaurant']",4.4,396,$,"[['Monday', '10:30AM–10PM'], ['Tuesday', '10:30AM–10PM'], ['Wednesday', '10:30AM–10PM'], ['Thursday', '10:30AM–10PM'], ['Friday', '10:30AM–11PM'], ['Saturday', '10:30AM–11PM'], ['Sunday', '11:30AM–10PM']]"
0x89b11119ae764cb1:0x19059b844915cf3d,Mom's Siam 2 Restaurant,"Mom's Siam 2 Restaurant, 1309 E Cary St, Richmond, VA 23219",37.534923,-77.43350699999999,"['Thai restaurant', 'Japanese restaurant']",4.4,387,$$,"[['Monday', '11AM–10PM'], ['Tuesday', '11AM–10PM'], ['Wednesday', '11AM–10PM'], ['Thursday', '11AM–10PM'], ['Friday', '11AM–10PM'], ['Saturday', '11AM–10PM'], ['Sunday', '11AM–10PM']]"
0x89b111522bc4d85b:0xa033822daa721221,LEVEL Restaurant & Bar,"LEVEL Restaurant & Bar, 2007 W Broad St, Richmond, VA 23220",37.556903299999995,-77.4611778,"['Sushi restaurant', 'Asian fusion restaurant', 'Bar', 'Japanese restaurant']",4.5,428,$$,"[['Monday', '11:30AM–2:30PM'], ['Tuesday', 'Closed'], ['Wednesday', '11:30AM–2:30PM'], ['Thursday', '11:30AM–2:30PM'], ['Friday', '11:30AM–2:30PM'], ['Saturday', '11:30AM–2:30PM'], ['Sunday', '12:30–9PM']]"
0x89b4929f1b4b922f:0x1e8a4545085210b2,Sakura #10,"Sakura #10, 1790 E Market St #120, Harrisonburg, VA 22801",38.432333,-78.8402724,"['Japanese restaurant', 'Asian restaurant', 'Japanese steakhouse', 'Sushi restaurant', 'Vietnamese restaurant']",4.5,408,$,"[['Sunday', '11:30AM–9PM'], ['Monday', '11AM–9PM'], ['Tuesday', '11AM–9PM'], ['Wednesday', '11AM–9PM'], ['Thursday', '11AM–9PM'], ['Friday', '11AM–10PM'], ['Saturday', '11AM–10PM']]"
0x89ba9fec706b048f:0x95d6ee49731ac9fc,Ninja Japanese Steakhouse & Sushi Bar,"Ninja Japanese Steakhouse & Sushi Bar, 7386 Harbour Towne Pkwy #35, Suffolk, VA 23435",36.875296999999996,-76.4353311,"['Japanese restaurant', 'Sushi restaurant']",4.4,563,$$,"[['Sunday', '12–9PM'], ['Monday', '11AM–2:15PM'], ['Tuesday', '11AM–2:15PM'], ['Wednesday', '11AM–2:15PM'], ['Thursday', '11AM–2:15PM'], ['Friday', '11AM–10PM'], ['Saturday', '11AM–10PM']]"
0x89b2da5b93975289:0x6d9e7719432e38ad,Wasabi Japanese Steakhouse & Sushi Bar,"Wasabi Japanese Steakhouse & Sushi Bar, Z Candlers Station, 3700 Candlers Mountain Rd, Lynchburg, VA 24502",37.359849,-79.1684441,"['Japanese steakhouse', 'Bar', 'Bar & grill', 'Japanese restaurant', 'Restaurant', 'Steak house', 'Sushi restaurant']",4.1,713,$$,"[['Sunday', '11AM–9:30PM'], ['Monday', '11AM–2:30PM'], ['Tuesday', '11AM–2:30PM'], ['Wednesday', '11AM–9:30PM'], ['Thursday', '11AM–2:30PM'], ['Friday', '11AM–10PM'], ['Saturday', '11AM–10PM']]"
0x89ba969c2c1ab7a7:0x4a9e2d69cf3e8a4b,Fuji Hana Sushi,"Fuji Hana Sushi, 5708 Northampton Blvd, Virginia Beach, VA 23455",36.8855679,-76.1814985,"['Japanese restaurant', 'Asian restaurant', 'Sushi restaurant']",4.2,527,$$,"[['Sunday', '11AM–10PM'], ['Monday', '11AM–10PM'], ['Tuesday', 'Closed'], ['Wednesday', '11AM–10PM'], ['Thursday', '11AM–10PM'], ['Friday', '11AM–10:30PM'], ['Saturday', '11AM–10:30PM']]"
0x89ba95df7eede68f:0x2bca64b02f9bc4c1,Kyushu Japanese Restaurant,"Kyushu Japanese Restaurant, 400 Newtown Rd, Virginia Beach, VA 23462",36.851586999999995,-76.178119,"['Japanese restaurant', 'Restaurant', 'Seafood restaurant', 'Sushi restaurant', 'Traditional restaurant']",4.7,497,$$,"[['Sunday', 'Closed'], ['Monday', '11:30AM–3PM'], ['Tuesday', '11:30AM–3PM'], ['Wednesday', '11:30AM–3PM'], ['Thursday', '11:30AM–3PM'], ['Friday', '11:30AM–3PM'], ['Saturday', '5–10PM']]"
0x89b49296bd62b7ff:0xf1de76f57401c3b2,Mr. Sato Express,"Mr. Sato Express, 1645 Reservoir St, Harrisonburg, VA 22801",38.430596,-78.8545132,"['Japanese restaurant', 'Asian restaurant', 'Delivery Restaurant', 'Restaurant', 'Sushi restaurant']",4.6,188,$$,"[['Sunday', '11AM–9:30PM'], ['Monday', '11AM–9:30PM'], ['Tuesday', '11AM–9:30PM'], ['Wednesday', '11AM–9:30PM'], ['Thursday', '11AM–9:30PM'], ['Friday', '11AM–9:30PM'], ['Saturday', '11AM–9:30PM']]"
0x89b64591171076f7:0xb839d355e19c6883,Tsunami Sushi,"Tsunami Sushi, 13039 Fair Lakes Shopping Center, Fairfax, VA 22033",38.855976999999996,-77.392538,"['Sushi restaurant', 'Asian restaurant', 'Bar', 'Japanese restaurant', 'Seafood restaurant']",4.4,357,$$,"[['Saturday', '11:30AM–10:30PM'], ['Sunday', '12–9:30PM'], ['Monday', '11:30AM–2:30PM'], ['Tuesday', '11:30AM–2:30PM'], ['Wednesday', '11:30AM–2:30PM'], ['Thursday', '11:30AM–2:30PM'], ['Friday', '11:30AM–10:30PM']]"
0x8850738cbc88d09b:0xb8b1ba111e9ee38c,Kobe Japanese Steakhouse,"Kobe Japanese Steakhouse, 1131 Old Airport Rd, Bristol, VA 24202",36.6320915,-82.1209946,"['Japanese steakhouse', 'Restaurant', 'Sushi restaurant']",4.4,298,$$,"[['Saturday', '11AM–2PM'], ['Sunday', '11AM–2PM'], ['Monday', '11AM–2PM'], ['Tuesday', '11AM–2PM'], ['Wednesday', '11AM–2PM'], ['Thursday', '11AM–2PM'], ['Friday', '11AM–2PM']]"
0x89b2d74f4c8f160b:0x60d161049fbf051,Suzaku Cafe,"Suzaku Cafe, 120 Simons Run ste g, Lynchburg, VA 24502",37.3424316,-79.1909154,"['Japanese restaurant', 'Asian restaurant', 'Cafe', 'Restaurant']",4.7,466,$,"[['Saturday', '11AM–9:30PM'], ['Sunday', '11AM–9:30PM'], ['Monday', '11AM–9:30PM'], ['Tuesday', '11AM–9:30PM'], ['Wednesday', '11AM–9:30PM'], ['Thursday', '11AM–9:30PM'], ['Friday', '11AM–9:30PM']]"
0x89b7b0f62db5005d:0xb28eecc8d4d9db3f,Ichiban Sushi House,"Ichiban Sushi House, 211 King St, Alexandria, VA 22314",38.804616599999996,-77.0417617,"['Sushi restaurant', 'Asian restaurant', 'Japanese restaurant', 'Restaurant', 'Seafood restaurant']",4.3,318,$$,"[['Saturday', '11:30AM–10PM'], ['Sunday', '12–10PM'], ['Monday', '11:30AM–9:30PM'], ['Tuesday', '11:30AM–9:30PM'], ['Wednesday', '11:30AM–9:30PM'], ['Thursday', '11:30AM–9:30PM'], ['Friday', '11:30AM–10PM']]"
0x89b7b22d4de28145:0xecf2fad2baa0300c,Samurai Hibachi & Sushi Bar,"Samurai Hibachi & Sushi Bar, 4603 Duke St, Alexandria, VA 22304",38.813269,-77.111535,"['Japanese restaurant', 'Restaurant']",4.2,468,$$,"[['Saturday', '11AM–10PM'], ['Sunday', '11AM–9:30PM'], ['Monday', '11AM–9:30PM'], ['Tuesday', '11AM–9:30PM'], ['Wednesday', '11AM–9:30PM'], ['Thursday', '11AM–9:30PM'], ['Friday', '11AM–10PM']]"
0x89baa4d9ad5e3b8b:0xa923c4d5ec995d6,Mikado Japanese & Thai Restaurant,"Mikado Japanese & Thai Restaurant, 1249 Cedar Rd #103, Chesapeake, VA 23322",36.715662,-76.2845566,"['Japanese restaurant', 'Asian restaurant', 'Southeast Asian restaurant', 'Sushi restaurant', 'Thai restaurant']",4.7,348,$$,"[['Friday', '11AM–3PM'], ['Saturday', '11AM–10PM'], ['Sunday', '12–9:30PM'], ['Monday', 'Closed'], ['Tuesday', '11AM–3PM'], ['Wednesday', '11AM–3PM'], ['Thursday', '11AM–3PM']]"
0x88507474fc0e5bbb:0x11a85689c4f4f02c,Osaka Japanese Steakhouse,"Osaka Japanese Steakhouse, 102 Bonham Rd, Bristol, VA 24202",36.6296615,-82.1317574,['Japanese restaurant'],4.5,517,$$,"[['Friday', '11:30AM–9:30PM'], ['Saturday', '11:30AM–9:30PM'], ['Sunday', '11:30AM–9:30PM'], ['Monday', '11:30AM–9:30PM'], ['Tuesday', '11:30AM–9:30PM'], ['Wednesday', '11:30AM–9:30PM'], ['Thursday', '11:30AM–9:30PM']]"
0x89b089696456cb93:0xac377d95f10efcea,Peking Restaurant,"Peking Restaurant, 120 Waller Mill Rd suite J, Williamsburg, VA 23188",37.288913,-76.71841599999999,"['Chinese restaurant', 'Asian restaurant', 'Japanese restaurant', 'Mongolian barbecue restaurant']",4.1,1328,$,"[['Friday', '11:30AM–8PM'], ['Saturday', '11:30AM–8PM'], ['Sunday', '11:30AM–8PM'], ['Monday', '11:30AM–8PM'], ['Tuesday', '11:30AM–8PM'], ['Wednesday', '11:30AM–8PM'], ['Thursday', '11:30AM–8PM']]"
0x89b7b684517eab6f:0xa51940404fe084e6,Endo Sushi,"Endo Sushi, 3000 Washington Blvd, Arlington, VA 22201",38.8848577,-77.0938,"['Authentic Japanese restaurant', 'Sushi restaurant']",4.5,288,$$,"[['Friday', '12–3PM'], ['Saturday', '12–3PM'], ['Sunday', '12–3PM'], ['Monday', 'Closed'], ['Tuesday', '4–9PM'], ['Wednesday', '4–9PM'], ['Thursday', '4–9PM']]"
0x89b6f02a89759d23:0xc4dec32a66d754b1,Umi Japanese Cuisine,"Umi Japanese Cuisine, 20 Dunn Dr, Stafford, VA 22556",38.475480499999996,-77.4216103,['Japanese restaurant'],4.5,533,$$,"[['Thursday', '11AM–9PM'], ['Friday', '11AM–11PM'], ['Saturday', '11AM–11PM'], ['Sunday', '12AM–10PM'], ['Monday', '11AM–9PM'], ['Tuesday', '11AM–9PM'], ['Wednesday', '11AM–9PM']]"
0x89b11118515f9c5d:0x59091ee18e668de8,Kobe Japanese Steaks and Sushi,"Kobe Japanese Steaks and Sushi, 19 S 13th St, Richmond, VA 23219",37.53554,-77.433343,"['Steak house', 'Asian restaurant', 'Japanese restaurant', 'Seafood restaurant', 'Sushi restaurant']",3.6,445,$$,"[['Thursday', '11:30AM–2:30PM'], ['Friday', '11:30AM–2:30PM'], ['Saturday', '1–10PM'], ['Sunday', '3–10PM'], ['Monday', '11:30AM–2:30PM'], ['Tuesday', '11:30AM–2:30PM'], ['Wednesday', '11:30AM–2:30PM']]"
0x89b6533383a2fc79:0xdceceee5337667c2,Taeji Sushi Japanese Restaurant,"Taeji Sushi Japanese Restaurant, 8326 Old Keene Mill Rd, West Springfield, VA 22152",38.7806023,-77.2329101,"['Japanese restaurant', 'Asian restaurant', 'Korean restaurant', 'Restaurant', 'Sushi restaurant']",4.3,148,,"[['Thursday', '11:30AM–3PM'], ['Friday', '11:30AM–3PM'], ['Saturday', '11:30AM–3PM'], ['Sunday', '11:30AM–3PM'], ['Monday', '11:30AM–3PM'], ['Tuesday', '11:30AM–3PM'], ['Wednesday', '11:30AM–3PM']]"
0x89b5eee8cb741029:0x440cce911da273ff,Okinawa,"Okinawa, 571 Adams Dr, Winchester, VA 22601",39.1565139,-78.16961669999999,"['Japanese steakhouse', 'Japanese restaurant', 'Restaurant']",4.2,407,$$,"[['Wednesday', '11AM–3PM'], ['Thursday', '11AM–3PM'], ['Friday', '11AM–10:30PM'], ['Saturday', '11AM–10:30PM'], ['Sunday', '12–9PM'], ['Monday', '11AM–3PM'], ['Tuesday', '11AM–3PM']]"
0x89b6465141500495:0xe1ed1fe3a9fdb3a2,Mikaku,"Mikaku, 3065 Centreville Rd # J, Herndon, VA 20171",38.921666699999996,-77.4163889,"['Sushi restaurant', 'Japanese restaurant', 'Ramen restaurant', 'Restaurant']",4.3,228,$$,"[['Wednesday', '11:30AM–2PM'], ['Thursday', '11:30AM–2PM'], ['Friday', '11:30AM–2PM'], ['Saturday', '11AM–3PM'], ['Sunday', '11AM–3PM'], ['Monday', '11:30AM–2PM'], ['Tuesday', '11:30AM–2PM']]"
0x89b667b5f2fc26ad:0x76384a0e8942df40,Taste of Asian,"Taste of Asian, 7921 Heritage Village Plaza, Gainesville, VA 20155",38.8039397,-77.6028195,"['Chinese restaurant', 'Asian restaurant', 'Japanese restaurant', 'Southeast Asian restaurant', 'Sushi restaurant', 'Thai restaurant']",3.9,124,,"[['Wednesday', '11:30AM–9PM'], ['Thursday', '11:30AM–9PM'], ['Friday', '11:30AM–9PM'], ['Saturday', '11:30AM–9PM'], ['Sunday', '11:30AM–9PM'], ['Monday', '11:30AM–9PM'], ['Tuesday', '11:30AM–9PM']]"
0x89b492b0a34a9f55:0xcc407b103dbb7265,Kyoto Japanese Steakhouse,"Kyoto Japanese Steakhouse, 829 E Market St, Harrisonburg, VA 22801",38.445591799999995,-78.8544694,"['Japanese steakhouse', 'Asian restaurant', 'Japanese restaurant', 'Steak house', 'Sushi restaurant', 'Teppanyaki restaurant']",4.6,766,$$,"[['Wednesday', '11AM–10PM'], ['Thursday', '11AM–10PM'], ['Friday', '11AM–11PM'], ['Saturday', '11AM–11PM'], ['Sunday', '11AM–10PM'], ['Monday', '11AM–10PM'], ['Tuesday', '11AM–10PM']]"
0x89b6efd9d2cac4ad:0xf0e10f0697328ae1,Sarku Japan Teriyaki & Sushi Express,"Sarku Japan Teriyaki & Sushi Express, 1475 Stafford Market Pl Unit #101, Stafford, VA 22556",38.471016299999995,-77.4121273,"['Japanese restaurant', 'Fast food restaurant', 'Restaurant', 'Sushi restaurant', 'Teppanyaki restaurant']",3.7,168,$,"[['Wednesday', '11AM–7PM'], ['Thursday', '11AM–7PM'], ['Friday', '11AM–7:30PM'], ['Saturday', '11AM–7:30PM'], ['Sunday', 'Closed'], ['Monday', '11AM–7PM'], ['Tuesday', '11AM–7PM']]"
0x89b6560543c31581:0x7edccd5bec3bceea,Bonchon Chicken Woodbridge,"Bonchon Chicken Woodbridge, 14563 Potomac Mills Rd, Woodbridge, VA 22192",38.6348814,-77.2966093,"['Asian fusion restaurant', 'Asian restaurant', 'Chicken restaurant', 'Chicken wings restaurant', 'Fried chicken takeaway', 'Japanese restaurant', 'Korean restaurant', 'Pan-Asian restaurant']",4.3,498,$$,"[['Wednesday', '11AM–9PM'], ['Thursday', '11AM–9PM'], ['Friday', '11AM–9PM'], ['Saturday', '11AM–9PM'], ['Sunday', '12–9PM'], ['Monday', '11AM–9PM'], ['Tuesday', '11AM–9PM']]"
0x89babc6ad7fddc53:0xe5bd8afc7a8599b6,Ninja Sushi Bar,"Ninja Sushi Bar, 1400 Kempsville Rd, Chesapeake, VA 23320",36.7633887,-76.20189859999999,"['Japanese restaurant', 'Asian restaurant', 'Restaurant', 'Sushi restaurant']",4.4,493,$$,"[['Tuesday', '11AM–9PM'], ['Wednesday', '11AM–9PM'], ['Thursday', '11AM–9PM'], ['Friday', '11AM–10PM'], ['Saturday', '11AM–10PM'], ['Sunday', '12–8PM'], ['Monday', '11AM–9PM']]"
0x89ba959c1249ce41:0x39fb4b711fd0531d,Sumo Japanese Steak House,"Sumo Japanese Steak House, 116 S Independence Blvd #108, Virginia Beach, VA 23462",36.8382311,-76.1354806,"['Restaurant', 'Asian restaurant', 'Japanese restaurant', 'Japanese steakhouse', 'Seafood restaurant', 'Sushi restaurant']",4.2,768,$$,"[['Tuesday', '4:30–9:30PM'], ['Wednesday', '4:30–9:30PM'], ['Thursday', '4:30–9:30PM'], ['Friday', '4:30–10:30PM'], ['Saturday', '4:30–10:30PM'], ['Sunday', '4:30–9:30PM'], ['Monday', '4:30–9:30PM']]"
0x89babfddcff79e85:0xfa93d48899a7f701,Inaka Sushi & Hibachi,"Inaka Sushi & Hibachi, 3809 Princess Anne Rd, Virginia Beach, VA 23456",36.785149499999996,-76.1085575,['Japanese restaurant'],4.5,178,,
0x89ba9847715daf95:0xad13babaeab8a36b,Kotobuki Japanese Restaurant,"Kotobuki Japanese Restaurant, 721 W 21st St, Norfolk, VA 23517",36.8699978,-76.2945675,"['Japanese restaurant', 'Restaurant']",4.6,438,$$,"[['Tuesday', '11AM–2:30PM'], ['Wednesday', '11AM–2:30PM'], ['Thursday', '11AM–2:30PM'], ['Friday', '11AM–2:30PM'], ['Saturday', '11AM–2:30PM'], ['Sunday', 'Closed'], ['Monday', '11AM–2:30PM']]"
0x89b63d79daabb88d:0x5fdee7b87017c2be,Kobe Japanese Steak & Seafood House,"Kobe Japanese Steak & Seafood House, 514 E Market St, Leesburg, VA 20176",39.1102585,-77.5510579,"['Japanese restaurant', 'Sushi restaurant', 'Teppanyaki restaurant']",4.3,133,,"[['Tuesday', '4:30–9PM'], ['Wednesday', '4:30–9PM'], ['Thursday', '4:30–9PM'], ['Friday', '4:30–9PM'], ['Saturday', '4:30–9PM'], ['Sunday', '4:30–9PM'], ['Monday', '4:30–9PM']]"
0x89b07f5325dc4383:0x6dd7c19634848fd1,Kero Sushi and Japanese Restaurant,"Kero Sushi and Japanese Restaurant, 5005B Victory Blvd, Yorktown, VA 23693",37.1148343,-76.4642654,"['Japanese restaurant', 'Asian restaurant', 'Bar', 'Bar & grill', 'Restaurant', 'Seafood restaurant', 'Sushi restaurant']",4.7,414,$$,"[['Monday', 'Closed'], ['Tuesday', '11AM–9:30PM'], ['Wednesday', '11AM–9:30PM'], ['Thursday', '11AM–9:30PM'], ['Friday', '11AM–10:30PM'], ['Saturday', '11AM–10:30PM'], ['Sunday', '12–9PM']]"
0x89b7b3ac887d586f:0xc7b0182c9f8569da,Win Buffet,"Win Buffet, 6244 Little River Turnpike, Alexandria, VA 22312",38.818524499999995,-77.142194,"['Buffet restaurant', 'Chinese restaurant', 'Japanese restaurant', 'Korean restaurant']",3.5,615,$,"[['Monday', '11AM–9:30PM'], ['Tuesday', '11AM–9:30PM'], ['Wednesday', '11AM–9:30PM'], ['Thursday', '11AM–9:30PM'], ['Friday', '11AM–9:30PM'], ['Saturday', '11AM–9:30PM'], ['Sunday', '11AM–9:30PM']]"
0x89b639c016c41271:0x85db0a8d6bdf902f,Sushi Queen,"Sushi Queen, 46240 Potomac Run Plaza, Sterling, VA 20164",39.027904899999996,-77.40007,"['Japanese restaurant', 'Restaurant', 'Sushi restaurant']",4.2,808,$$,"[['Monday', '11AM–3PM'], ['Tuesday', '11AM–3PM'], ['Wednesday', '11AM–3PM'], ['Thursday', '11AM–3PM'], ['Friday', '11AM–3PM'], ['Saturday', '12–10PM'], ['Sunday', '12–9PM']]"
0x89b6c1ede52f1b9b:0x4866afe68153ae66,Umi Japanese Cuisine,"Umi Japanese Cuisine, 1500 Jefferson Davis Hwy, Fredericksburg, VA 22401",38.3008333,-77.4813889,"['Japanese restaurant', 'Asian restaurant', 'Sushi restaurant']",4.6,768,$$,"[['Monday', '11AM–9:30PM'], ['Tuesday', '11AM–9:30PM'], ['Wednesday', '11AM–9:30PM'], ['Thursday', '11AM–9:30PM'], ['Friday', '11AM–10:30PM'], ['Saturday', '11AM–10:30PM'], ['Sunday', '11AM–9PM']]"
0x89b1153805a6054f:0xdba033e3b2cb9930,Teppanyaki Grill & Buffet,"Teppanyaki Grill & Buffet, 9043 W Broad St, Henrico, VA 23294",37.633758199999995,-77.54989309999999,"['Restaurant', 'Chinese restaurant', 'Japanese restaurant']",3.8,828,,"[['Sunday', '11AM–10PM'], ['Monday', '11AM–10PM'], ['Tuesday', '11AM–10PM'], ['Wednesday', '11AM–10PM'], ['Thursday', '11AM–10PM'], ['Friday', '11AM–10:30PM'], ['Saturday', '11AM–10:30PM']]"
0x89b078b266ab4aa9:0x796a1cb27a05e40e,Saisaki Asian Bistro & Sushi Bar,"Saisaki Asian Bistro & Sushi Bar, 101 Regal Way, Newport News, VA 23602",37.111844,-76.46891699999999,"['Asian restaurant', 'Chinese restaurant', 'Japanese restaurant', 'Sushi restaurant']",4.4,704,$$,"[['Sunday', '11AM–10PM'], ['Monday', '11AM–10PM'], ['Tuesday', '11AM–10PM'], ['Wednesday', '11AM–10PM'], ['Thursday', '11AM–10PM'], ['Friday', '11AM–11PM'], ['Saturday', '11AM–11PM']]"
0x89b1154bee760ded:0x848c02bfe9e22713,Takara Ramen,"Takara Ramen, 9468 W Broad St, Richmond, VA 23294",37.6396091,-77.5568764,"['Ramen restaurant', 'Izakaya restaurant', 'Japanese restaurant']",4.4,718,$$,"[['Sunday', '11AM–9PM'], ['Monday', '11AM–3PM'], ['Tuesday', '11AM–3PM'], ['Wednesday', '11AM–3PM'], ['Thursday', '11AM–3PM'], ['Friday', '11AM–3PM'], ['Saturday', '11AM–10PM']]"
0x89b16a7309e7d0b3:0x8932a73824114987,Kanpai Japanese Steak House and Sushi,"Kanpai Japanese Steak House and Sushi, 11964 W Broad St, Richmond, VA 23233",37.6570903,-77.6276251,"['Japanese steakhouse', 'Asian restaurant', 'Japanese restaurant', 'Restaurant', 'Steak house', 'Sushi restaurant', 'Teppanyaki restaurant']",4.4,858,$$$,"[['Sunday', '12–9PM'], ['Monday', '11:30AM–2PM'], ['Tuesday', '11:30AM–2PM'], ['Wednesday', '11:30AM–2PM'], ['Thursday', '11:30AM–2PM'], ['Friday', '11:30AM–2PM'], ['Saturday', '11:30AM–10PM']]"
0x89b16aba96ef6a8b:0xab01c7c6e5745eca,Ninja Hibachi,"Ninja Hibachi, 10162 W Broad St, Glen Allen, VA 23060",37.646233599999995,-77.5743227,"['Japanese restaurant', 'Restaurant', 'Sushi restaurant']",4.3,135,,"[['Sunday', '12–9PM'], ['Monday', 'Closed'], ['Tuesday', '11:30AM–9PM'], ['Wednesday', '11:30AM–9PM'], ['Thursday', '11:30AM–9PM'], ['Friday', '11:30AM–9PM'], ['Saturday', '12–9PM']]"
0x89b655fa7fedb571:0x1493e8dc31378612,Hibachi Grill & Supreme Buffet,"Hibachi Grill & Supreme Buffet, 1965 Daniel Stuart Square, Woodbridge, VA 22191",38.631392999999996,-77.275216,"['Buffet restaurant', 'Chinese restaurant', 'Japanese restaurant']",4.0,1138,$,"[['Sunday', '11AM–10PM'], ['Monday', '11AM–10PM'], ['Tuesday', '11AM–10PM'], ['Wednesday', '11AM–10PM'], ['Thursday', '11AM–10PM'], ['Friday', '11AM–10:30PM'], ['Saturday', '11AM–10:30PM']]"
0x884d937cd4ef8d61:0x2d651a634f3ded8d,Sakura Steak House,"Sakura Steak House, 105 Laurel St, Christiansburg, VA 24073",37.1626092,-80.4213403,"['Japanese steakhouse', 'Restaurant', 'Seafood restaurant', 'Steak house']",4.2,1038,$,"[['Sunday', '11AM–9:30PM'], ['Monday', '11AM–9:30PM'], ['Tuesday', '11AM–9:30PM'], ['Wednesday', '11AM–9:30PM'], ['Thursday', '11AM–9:30PM'], ['Friday', '11AM–10PM'], ['Saturday', '11AM–10PM']]"
0x89b7b3886aa78bad:0x2303301e2d48e33d,Hokkaido Seafood Buffet,"Hokkaido Seafood Buffet, 5900 Leesburg Pike, Falls Church, VA 22041",38.85445,-77.135436,"['Seafood restaurant', 'Chinese restaurant', 'Japanese restaurant']",3.7,617,$$,"[['Saturday', '11AM–10:30PM'], ['Sunday', '11AM–10PM'], ['Monday', '11AM–10PM'], ['Tuesday', '11AM–10PM'], ['Wednesday', '11AM–10PM'], ['Thursday', '11AM–10PM'], ['Friday', '11AM–10:30PM']]"
0x89b7b1c26e90b75b:0x298fdd472c61ef37,Sarku Japan Teriyaki & Sushi Express,"Sarku Japan Teriyaki & Sushi Express, 6309 Richmond Highway King's Crossing Shopping Center, Alexandria, VA 22306",38.7809497,-77.0783088,"['Japanese restaurant', 'Asian restaurant', 'Fast food restaurant', 'Restaurant', 'Sushi restaurant', 'Teppanyaki restaurant']",4.1,248,$,"[['Saturday', '11AM–8:30PM'], ['Sunday', '11AM–8PM'], ['Monday', '11AM–8PM'], ['Tuesday', '11AM–8PM'], ['Wednesday', '11AM–8PM'], ['Thursday', '11AM–8PM'], ['Friday', '11AM–8:30PM']]"
0x89b64b6fcdb92895:0x9eda926223d2e8e6,Passion Fin Asian Bistro & Sushi Bar,"Passion Fin Asian Bistro & Sushi Bar, 2750 Gallows Rd A, Vienna, VA 22180",38.878927,-77.2292752,"['Asian fusion restaurant', 'Bistro', 'Japanese restaurant', 'Salad shop', 'Sushi restaurant']",4.3,365,$$,"[['Saturday', '12–11PM'], ['Sunday', '12–9:30PM'], ['Monday', '11:30AM–2:45PM'], ['Tuesday', '11:30AM–2:45PM'], ['Wednesday', '11:30AM–2:45PM'], ['Thursday', '11:30AM–2:45PM'], ['Friday', '11:30AM–2:45PM']]"
0x89b64b7ce91fc397:0xa5567b69d2ac5117,Iron Chef House,"Iron Chef House, 2985 District Ave #145, Fairfax, VA 22031",38.869808,-77.2306933,"['Sushi restaurant', 'Japanese restaurant']",4.1,258,$$,"[['Saturday', '12AM–11PM'], ['Sunday', '12–10PM'], ['Monday', '11AM–10PM'], ['Tuesday', '11AM–10PM'], ['Wednesday', '11AM–10PM'], ['Thursday', '11AM–10PM'], ['Friday', '11AM–11PM']]"
0x89b7ae14ea653253:0xb22edd2f2fcd3126,Quickfire Japanese Hibachi,"Quickfire Japanese Hibachi, 7732A Richmond Hwy, Alexandria, VA 22306",38.7481534,-77.0836745,['Japanese restaurant'],3.5,128,$,"[['Saturday', '11AM–9PM'], ['Sunday', '11AM–9PM'], ['Monday', '11AM–9PM'], ['Tuesday', '11AM–9PM'], ['Wednesday', '11AM–9PM'], ['Thursday', '11AM–9PM'], ['Friday', '11AM–9PM']]"
0x89b644efd8e4884d:0x87fcfdde77130236,INDY Sushi & Hot Pot,"INDY Sushi & Hot Pot, 14215 Centreville Square Unit S, Centreville, VA 20121",38.837531899999995,-77.43765669999999,"['Restaurant', 'Japanese restaurant']",4.3,205,$$,"[['Saturday', '12–9PM'], ['Sunday', '12–9PM'], ['Monday', 'Closed'], ['Tuesday', '12–9PM'], ['Wednesday', 'Closed'], ['Thursday', '12–9PM'], ['Friday', '12–9PM']]"
0x89ba9641c2d544bf:0x8e6cb7984ed24435,Captain Ray's Buffet and Sushi,"Captain Ray's Buffet and Sushi, 5957 E Virginia Beach Blvd, Norfolk, VA 23502",36.8542363,-76.2017939,"['Buffet restaurant', 'Chinese restaurant', 'Japanese restaurant']",3.8,1367,$,
0x89babce27f7d65c7:0x79de5e2c6d0a5600,Crazy Buffet & Grill,"Crazy Buffet & Grill, 2630, 1745 Parkview Dr, Chesapeake, VA 23320",36.792535099999995,-76.2377971,"['Buffet restaurant', 'Chinese restaurant', 'Japanese restaurant', 'Restaurant']",3.8,1807,$,"[['Friday', '11AM–9:30PM'], ['Saturday', '11AM–9:30PM'], ['Sunday', '11AM–9:30PM'], ['Monday', '11AM–9:30PM'], ['Tuesday', '11AM–9:30PM'], ['Wednesday', '11AM–9:30PM'], ['Thursday', '11AM–9:30PM']]"
0x89babf7fa7f779b3:0x4f160f22fcc06915,Teriyaki Madness,"Teriyaki Madness, 1912 Landstown Centre Way Ste 130, Virginia Beach, VA 23456",36.7720525,-76.0877878,"['Asian fusion restaurant', 'Caterer', 'Fast food restaurant', 'Gluten-free restaurant', 'Japanese restaurant', 'Restaurant']",4.0,378,$,"[['Friday', '11AM–8PM'], ['Saturday', '11AM–8PM'], ['Sunday', '11AM–8PM'], ['Monday', '11AM–8PM'], ['Tuesday', '11AM–8PM'], ['Wednesday', '11AM–8PM'], ['Thursday', '11AM–8PM']]"
0x89ba9d9f8f6c2207:0x6524cbe648cfd61a,Juicy Teriyaki,"Juicy Teriyaki, 3201 Washington Ave #108, Newport News, VA 23607",36.9826602,-76.43356949999999,['Japanese restaurant'],4.3,216,$,"[['Friday', '10AM–8:30PM'], ['Saturday', '10AM–8:30PM'], ['Sunday', 'Closed'], ['Monday', '10AM–8:30PM'], ['Tuesday', '10AM–8:30PM'], ['Wednesday', '10AM–8:30PM'], ['Thursday', '10AM–8:30PM']]"
0x89ba980e01dfc94b:0xa419c4c96e28159,Sushi King - Monticello,"Sushi King - Monticello, 420 Monticello Ave, Norfolk, VA 23510",36.8509439,-76.2886176,"['Japanese restaurant', 'Asian restaurant', 'Sushi restaurant']",4.1,1174,$$,"[['Friday', '11AM–3:30PM'], ['Saturday', '12–10:30PM'], ['Sunday', '12–9:30PM'], ['Monday', '11AM–3:30PM'], ['Tuesday', '11AM–3:30PM'], ['Wednesday', '11AM–3:30PM'], ['Thursday', '11AM–3:30PM']]"
0x89ba980dab0ff2db:0xdb4337449ede7701,Hokkaido Sushi Bar,"Hokkaido Sushi Bar, 233 Granby St, Norfolk, VA 23510",36.8490164,-76.2912594,"['Sushi restaurant', 'Japanese restaurant']",4.5,680,$$,"[['Friday', '11AM–11PM'], ['Saturday', '12–11PM'], ['Sunday', '12–10PM'], ['Monday', '11AM–10PM'], ['Tuesday', '11AM–10PM'], ['Wednesday', '11AM–10PM'], ['Thursday', '11AM–10PM']]"
0x89bae96887a22db5:0x4550ddc47babf83e,Sakura Japanese Restaurant,"Sakura Japanese Restaurant, 3623 Pacific Ave, Virginia Beach, VA 23451",36.864834,-75.980419,"['Japanese restaurant', 'Sushi restaurant']",4.2,188,$$,"[['Thursday', '12–9PM'], ['Friday', '12–9PM'], ['Saturday', '12–9PM'], ['Sunday', '12–9PM'], ['Monday', 'Closed'], ['Tuesday', '12–9PM'], ['Wednesday', '12–9PM']]"
0x89b7b55cb47667bf:0x8df7c11c0ea941ba,Tachibana Japanese Restaurant,"Tachibana Japanese Restaurant, 6715 Lowell Ave, McLean, VA 22101",38.932440299999996,-77.176022,"['Japanese restaurant', 'Restaurant', 'Sushi restaurant']",4.5,735,$$,"[['Thursday', '11:30AM–2PM'], ['Friday', '11:30AM–2PM'], ['Saturday', '12–2:30PM'], ['Sunday', '12–2:30PM'], ['Monday', '11:30AM–2PM'], ['Tuesday', '11:30AM–2PM'], ['Wednesday', '11:30AM–2PM']]"
0x89b64b7b53dbaad1:0x64b3eda12549f1cd,JINYA Ramen Bar - Fairfax,"JINYA Ramen Bar - Fairfax, 2911 District Ave Suite 140, Fairfax, VA 22031",38.8718746,-77.22935,"['Restaurant', 'Asian restaurant', 'Japanese restaurant', 'Ramen restaurant']",4.4,1138,$$,"[['Thursday', '11AM–10PM'], ['Friday', '11AM–11PM'], ['Saturday', '11AM–11PM'], ['Sunday', '11AM–10PM'], ['Monday', '11AM–10PM'], ['Tuesday', '11AM–10PM'], ['Wednesday', '11AM–10PM']]"
0x89b07f523196f6d7:0x51dbc6531e29ca82,Miyaki Sushi & Grill,"Miyaki Sushi & Grill, 3120 Kiln Creek Pkwy, Yorktown, VA 23693",37.118838,-76.465616,"['Japanese restaurant', 'Korean barbecue restaurant', 'Korean restaurant', 'Sushi restaurant']",4.2,236,$$,"[['Thursday', '11AM–10PM'], ['Friday', '11AM–10PM'], ['Saturday', '11AM–10PM'], ['Sunday', '11AM–10PM'], ['Monday', '11AM–10PM'], ['Tuesday', 'Closed'], ['Wednesday', '11AM–10PM']]"
0x89b113605e90592b:0xf09ab5858286ed90,Osaka Sushi & Steak,"Osaka Sushi & Steak, 5023 Huguenot Rd, Richmond, VA 23226",37.5674,-77.5377625,"['Sushi restaurant', 'Asian restaurant', 'Japanese restaurant']",4.7,298,$$,"[['Thursday', '11:30AM–2:30PM'], ['Friday', '11:30AM–2:30PM'], ['Saturday', '11:30AM–2:30PM'], ['Sunday', '5–10PM'], ['Monday', '11:30AM–2:30PM'], ['Tuesday', '11:30AM–2:30PM'], ['Wednesday', '11:30AM–2:30PM']]"
0x89b7b0fa7a15c0ed:0x201807100ec57207,Zento Japanese Restaurant,"Zento Japanese Restaurant, 693 N Washington St, Alexandria, VA 22314",38.811656,-77.0453098,"['Japanese restaurant', 'Restaurant', 'Sushi restaurant']",4.6,608,$$,"[['Thursday', '11:30AM–3PM'], ['Friday', '11:30AM–3PM'], ['Saturday', '12–9:30PM'], ['Sunday', '12–9:30PM'], ['Monday', '11:30AM–3PM'], ['Tuesday', '11:30AM–3PM'], ['Wednesday', '11:30AM–3PM']]"
0x89b13ddd4984668b:0xb95947dc9378587a,Roda Japan House,"Roda Japan House, 1080 Virginia Center Pkwy #121, Glen Allen, VA 23059",37.6673153,-77.45890279999999,"['Sushi restaurant', 'Asian restaurant', 'Japanese restaurant']",4.1,284,$$,"[['Thursday', '11:30AM–2:30PM'], ['Friday', '11:30AM–2:30PM'], ['Saturday', '11:30AM–2:30PM'], ['Sunday', '11:30AM–9:30PM'], ['Monday', '11:30AM–2:30PM'], ['Tuesday', '11:30AM–2:30PM'], ['Wednesday', '11:30AM–2:30PM']]"
0x89b1111e90da9abd:0x88b1df27132bcaac,Sumo San Restaurant,"Sumo San Restaurant, 1725 E Main St, Richmond, VA 23223",37.532939999999996,-77.428045,"['Japanese restaurant', 'Asian restaurant', 'Sushi restaurant']",4.5,268,$$,"[['Thursday', '11:30AM–2:30PM'], ['Friday', '11:30AM–2:30PM'], ['Saturday', '5–10PM'], ['Sunday', '5–10PM'], ['Monday', '11:30AM–2:30PM'], ['Tuesday', '11:30AM–2:30PM'], ['Wednesday', '11:30AM–2:30PM']]"
0x89ba914cf48a0c2b:0x615aee890a88e41b,Sushi King - Little Creek,"Sushi King - Little Creek, 4249 E Little Creek Rd, Norfolk, VA 23518",36.9165853,-76.19381779999999,['Japanese restaurant'],3.7,608,$$,"[['Thursday', '11AM–3PM'], ['Friday', '11AM–3PM'], ['Saturday', '12–10PM'], ['Sunday', '12–9PM'], ['Monday', '11AM–3PM'], ['Tuesday', '11AM–3PM'], ['Wednesday', '11AM–3PM']]"
0x89b0895d1c614227:0x75a6e4934cd5469b,Kyoto Japanese Steak and Seafood,"Kyoto Japanese Steak and Seafood, 1621 Richmond Rd Suite 2318, Williamsburg, VA 23185",37.2933954,-76.724115,"['Japanese restaurant', 'Bar']",4.1,668,$$,"[['Thursday', '3–10PM'], ['Friday', '3–10PM'], ['Saturday', '12–10PM'], ['Sunday', '12–9:30PM'], ['Monday', '3–10PM'], ['Tuesday', '3–10PM'], ['Wednesday', '3–10PM']]"
0x89b64686a1e01d91:0x72187518a9915517,OTANI Japanese Steak & Seafood,"OTANI Japanese Steak & Seafood, 13952 Lee Jackson Memorial Hwy, Chantilly, VA 20151",38.8946592,-77.42959859999999,"['Japanese steakhouse', 'Restaurant']",4.3,368,$$,"[['Wednesday', '4:30–9PM'], ['Thursday', '4:30–9PM'], ['Friday', '4:30–9PM'], ['Saturday', '4:30–9PM'], ['Sunday', '4:30–9PM'], ['Monday', '4:30–9PM'], ['Tuesday', '4:30–9PM']]"
0x884d47612f996d55:0x35d5cb443d5fb986,Edo Grill and Sushi,"Edo Grill and Sushi, 1035 mercantile St, Moneta, VA 24121",37.1794444,-79.62166669999999,"['Japanese restaurant', 'Asian restaurant', 'Sushi restaurant']",4.7,388,$$,"[['Wednesday', '11:30AM–9PM'], ['Thursday', '11:30AM–9PM'], ['Friday', '11:30AM–9PM'], ['Saturday', '11:30AM–9PM'], ['Sunday', '11:30AM–9PM'], ['Monday', '11:30AM–9PM'], ['Tuesday', 'Closed']]"
0x89ba9fbd36c98519:0xfb28deadc0bdeb8c,Sakura Sushi and Grill,"Sakura Sushi and Grill, 3261 Western Branch Blvd, Chesapeake, VA 23321",36.8647619,-76.4094598,"['Sushi restaurant', 'Japanese restaurant']",4.7,144,,"[['Wednesday', '11AM–10PM'], ['Thursday', '11AM–10PM'], ['Friday', '11AM–10:30PM'], ['Saturday', '11AM–10:30PM'], ['Sunday', '11:30AM–9:30PM'], ['Monday', '11AM–10PM'], ['Tuesday', '11AM–10PM']]"
0x89babe257cf285bd:0x4611875d4f788c4d,YamaChen's Sushi,"YamaChen's Sushi, 4700 Princess Anne Rd, Virginia Beach, VA 23462",36.815135,-76.14385399999999,"['Authentic Japanese restaurant', 'Asian restaurant', 'Sushi restaurant']",4.6,423,$$,"[['Wednesday', '11:30AM–3PM'], ['Thursday', '11:30AM–3PM'], ['Friday', '11:30AM–3PM'], ['Saturday', '12–10PM'], ['Sunday', '12–10PM'], ['Monday', '11:30AM–3PM'], ['Tuesday', '11:30AM–3PM']]"
0x89babe0e210c38a7:0x3f0bf2aa1ad40f6c,Kappo Nara Ramen,"Kappo Nara Ramen, 989 Kempsville Rd, Virginia Beach, VA 23464",36.8120232,-76.16713279999999,"['Ramen restaurant', 'Bubble tea store', 'Authentic Japanese restaurant', 'Japanese curry restaurant', 'Japanese restaurant', 'Kyoto style Japanese restaurant', 'Restaurant', 'Soup restaurant', 'Tea house']",4.7,547,,"[['Wednesday', '11:30AM–3PM'], ['Thursday', '11:30AM–3PM'], ['Friday', '11:30AM–3PM'], ['Saturday', '12–9PM'], ['Sunday', 'Closed'], ['Monday', '11:30AM–3PM'], ['Tuesday', '11:30AM–3PM']]"
0x89b00ee2ab8be54f:0x7a2cac2e3d48db14,Tokyo Grill,"Tokyo Grill, 1409 N Main St, Suffolk, VA 23434",36.7480008,-76.5852754,"['Japanese restaurant', 'Asian restaurant']",3.9,138,$,"[['Wednesday', '11AM–9PM'], ['Thursday', '11AM–9PM'], ['Friday', '11AM–9PM'], ['Saturday', '11AM–9PM'], ['Sunday', '12–8:30PM'], ['Monday', '11AM–9PM'], ['Tuesday', '11AM–9PM']]"
0x89b111539687042f:0x97ecfb181c26c06,Sticky Rice,"Sticky Rice, 2232 W Main St, Richmond, VA 23220",37.5506098,-77.4693569,"['Sushi restaurant', 'Bar', 'Delivery service', 'Japanese restaurant', 'Karaoke bar', 'Takeout Restaurant', 'Restaurant']",4.2,1123,$$,"[['Wednesday', '11AM–10:30PM'], ['Thursday', '11AM–11PM'], ['Friday', '11AM–11PM'], ['Saturday', '11AM–11PM'], ['Sunday', '11AM–10:30PM'], ['Monday', '11AM–10:30PM'], ['Tuesday', '11AM–10:30PM']]"
0x89b07856d7e55551:0xbcd65a2d27c0ca57,OMG Sushi,"OMG Sushi, 63 Hidenwood Shopping Center Ste 63, Newport News, VA 23606",37.0709307,-76.493978,"['Japanese restaurant', 'Restaurant', 'Sushi restaurant']",4.4,338,$$,"[['Wednesday', '11AM–3PM'], ['Thursday', '11AM–3PM'], ['Friday', '11AM–10:30PM'], ['Saturday', '12–9:30PM'], ['Sunday', 'Closed'], ['Monday', '11AM–3PM'], ['Tuesday', '11AM–3PM']]"
0x89b16a7c9d544d63:0xa063e58bb6202892,YaYas Cookbook,"YaYas Cookbook, 11674 W Broad St, Henrico, VA 23233",37.653439299999995,-77.6135041,"['Southeast Asian restaurant', 'Asian restaurant', 'Cocktail bar', 'Japanese restaurant', 'Thai restaurant']",4.6,458,,"[['Tuesday', '11AM–10PM'], ['Wednesday', '11AM–10PM'], ['Thursday', '11AM–10PM'], ['Friday', '11AM–11PM'], ['Saturday', '11AM–11PM'], ['Sunday', '11AM–10PM'], ['Monday', '11AM–10PM']]"
0x89b65cfbf2b84a67:0x1c9fe1b61e9d06c8,Hibachi Buffet & Sushi,"Hibachi Buffet & Sushi, 8121 Sudley Rd, Manassas, VA 20109",38.780381299999995,-77.50879809999999,"['Asian restaurant', 'Buffet restaurant', 'Japanese restaurant', 'Restaurant', 'Sushi restaurant']",3.2,546,$$,"[['Tuesday', 'Closed'], ['Wednesday', '11AM–9PM'], ['Thursday', '11AM–9PM'], ['Friday', '11AM–9PM'], ['Saturday', '11AM–9PM'], ['Sunday', '11AM–9PM'], ['Monday', '11AM–9PM']]"
0x89b7b68dfa2ce2a5:0xcbe08a7861b64909,Bonchon Arlington,"Bonchon Arlington, 2201 N Pershing Dr Suite E, Arlington, VA 22201",38.880859,-77.0859763,"['Asian fusion restaurant', 'Asian restaurant', 'Chicken restaurant', 'Chicken wings restaurant', 'Fried chicken takeaway', 'Japanese restaurant', 'Korean restaurant', 'Pan-Asian restaurant']",4.4,618,$$,"[['Monday', '11:30AM–9:30PM'], ['Tuesday', '11:30AM–9:30PM'], ['Wednesday', '11:30AM–9:30PM'], ['Thursday', '11:30AM–9:30PM'], ['Friday', '11:30AM–11PM'], ['Saturday', '11:30AM–11PM'], ['Sunday', '11:30AM–9:30PM']]"
0x89b64aefbbe5efeb:0x22c8906e74d216d2,Wasabi,"Wasabi, 1961 Chain Bridge Rd, McLean, VA 22102",38.918022199999996,-77.22133889999999,"['Japanese restaurant', 'Asian restaurant', 'Conveyor belt sushi restaurant', 'Restaurant', 'Sushi restaurant']",4.0,354,$$,"[['Sunday', '11AM–7PM'], ['Monday', '11AM–9:30PM'], ['Tuesday', '11AM–9:30PM'], ['Wednesday', '11AM–9:30PM'], ['Thursday', '11AM–9:30PM'], ['Friday', '11AM–9:30PM'], ['Saturday', '11AM–9:30PM']]"
0x8851f405cfd7bae9:0x22600df7fe3edade,Kyoto At Virginia,"Kyoto At Virginia, 1075 E Stuart Dr, Galax, VA 24333",36.6843748,-80.8868116,"['Restaurant', 'Asian restaurant', 'Japanese restaurant']",4.4,177,$$,"[['Saturday', '11:30AM–9:30PM'], ['Sunday', '11:30AM–9:30PM'], ['Monday', '11:30AM–9PM'], ['Tuesday', '11:30AM–9PM'], ['Wednesday', '11:30AM–9PM'], ['Thursday', '11:30AM–9PM'], ['Friday', '11:30AM–9:30PM']]"
0x89b64af6b71b54b9:0x95d8fa8bdfc528d2,"Sakura Japanese Steak, Seafood House & Sushi Bar","Sakura Japanese Steak, Seafood House & Sushi Bar, 8369 Leesburg Pike, Vienna, VA 22182",38.9214299,-77.23614429999999,"['Japanese steakhouse', 'Asian restaurant', 'Bar', 'Japanese restaurant', 'Restaurant', 'Seafood restaurant', 'Sushi restaurant']",4.4,598,$$,"[['Saturday', '12–9PM'], ['Sunday', '12–9PM'], ['Monday', '11:30AM–2PM'], ['Tuesday', '11:30AM–2PM'], ['Wednesday', '11:30AM–2PM'], ['Thursday', '11:30AM–2PM'], ['Friday', '11:30AM–2PM']]"
0x89b637ddff0c3133:0x99ebafccb8988a60,Bento House,"Bento House, 11790 Baron Cameron Ave j, Reston, VA 20190",38.9672179,-77.3550595,['Japanese restaurant'],4.1,378,$,"[['Saturday', '10:30AM–10PM'], ['Sunday', '11AM–9PM'], ['Monday', '10AM–9:30PM'], ['Tuesday', '10AM–9:30PM'], ['Wednesday', '10AM–9:30PM'], ['Thursday', '10AM–9:30PM'], ['Friday', '10:30AM–10PM']]"
0x89b63c4006630851:0xf39e3a9439512726,Noku Sushi,"Noku Sushi, 1607 Village Market Blvd SE #108, Leesburg, VA 20175",39.088584999999995,-77.5233581,"['Japanese restaurant', 'Restaurant']",4.6,218,,"[['Saturday', '11:30AM–3PM'], ['Sunday', '11:30AM–3PM'], ['Monday', '11:30AM–3PM'], ['Tuesday', '11:30AM–3PM'], ['Wednesday', '11:30AM–3PM'], ['Thursday', '11:30AM–3PM'], ['Friday', '11:30AM–3PM']]"
0x89b6390aeae238db:0x139e1e7cff8b225b,Benihana,"Benihana, 21089 Dulles Town Cir, Dulles, VA 20166",39.029007,-77.419136,"['Japanese restaurant', 'Asian restaurant', 'Japanese steakhouse', 'Restaurant', 'Steak house', 'Sushi restaurant', 'Teppanyaki restaurant']",3.9,608,$$$,"[['Saturday', '11AM–11PM'], ['Sunday', '11AM–10PM'], ['Monday', '11AM–10PM'], ['Tuesday', '11AM–10PM'], ['Wednesday', '11AM–10PM'], ['Thursday', '11AM–10PM'], ['Friday', '11AM–11PM']]"
0x89ba959feaf850ad:0x62579aa1d9e0d6fa,Zushi Japanese Bistro,"Zushi Japanese Bistro, 4540 Main St, Virginia Beach, VA 23462",36.8423775,-76.13328229999999,"['Japanese restaurant', 'Bistro', 'Restaurant', 'Sushi restaurant']",4.7,457,$$,"[['Saturday', '4–9:30PM'], ['Sunday', 'Closed'], ['Monday', '4–9PM'], ['Tuesday', '4–9PM'], ['Wednesday', '4–9PM'], ['Thursday', '4–9PM'], ['Friday', '4–9:30PM']]"
0x89bac1f413d19721:0x2a1f3cf640d4beb4,YamaChen's Sushi,"YamaChen's Sushi, 1485 General Booth Blvd #107, Virginia Beach, VA 23454",36.7898517,-75.9991301,"['Sushi restaurant', 'Asian restaurant', 'Japanese restaurant', 'Seafood restaurant']",4.7,773,$$,"[['Saturday', '12–10PM'], ['Sunday', '12–10PM'], ['Monday', '11:30AM–3PM'], ['Tuesday', '11:30AM–3PM'], ['Wednesday', '11:30AM–3PM'], ['Thursday', '11:30AM–3PM'], ['Friday', '11:30AM–3PM']]"
0x89babceb54e3ef83:0x36edee9e947abf76,Geisha Japanese Steakhouse,"Geisha Japanese Steakhouse, 741 Eden Way N #316, Chesapeake, VA 23320",36.771380799999996,-76.2355853,"['Japanese restaurant', 'Bar']",4.2,618,$$,"[['Saturday', '5–10PM'], ['Sunday', '11:30AM–1:45PM'], ['Monday', '11:30AM–1:45PM'], ['Tuesday', '11:30AM–1:45PM'], ['Wednesday', '11:30AM–1:45PM'], ['Thursday', '11:30AM–1:45PM'], ['Friday', '11:30AM–10PM']]"
0x89b5ef1cb9b3d339:0x4ebe31e8d566209c,Hibachi Grill & Supreme Buffet,"Hibachi Grill & Supreme Buffet, 1080 Millwood Pike, Winchester, VA 22602",39.159105,-78.152058,"['Buffet restaurant', 'Asian restaurant', 'Japanese restaurant', 'Sushi restaurant']",4.0,1298,$,"[['Saturday', '11AM–9:30PM'], ['Sunday', '11AM–9PM'], ['Monday', '11AM–9PM'], ['Tuesday', '11AM–9PM'], ['Wednesday', '11AM–9PM'], ['Thursday', '11AM–9PM'], ['Friday', '11AM–9:30PM']]"
0x89b16d9bd15d84b1:0xc61d515ab2143281,Sushi-O,"Sushi-O, 1228 Alverser Plaza, Midlothian, VA 23113",37.5101831,-77.6156865,"['Chinese restaurant', 'Asian restaurant', 'Japanese restaurant', 'Restaurant', 'Sushi restaurant']",4.4,263,$$,"[['Saturday', '11:30AM–2:30PM'], ['Sunday', '4:30–8:30PM'], ['Monday', '11:30AM–2:30PM'], ['Tuesday', '11:30AM–2:30PM'], ['Wednesday', '11:30AM–2:30PM'], ['Thursday', '11:30AM–2:30PM'], ['Friday', '11:30AM–2:30PM']]"
0x89b6560c8725f4d1:0x18d845f6caa82cc4,"Sakura Japanese Steak, Seafood House & Sushi Bar","Sakura Japanese Steak, Seafood House & Sushi Bar, 4625 4625, 14595 Potomac Mills Rd, Woodbridge, VA 22192",38.635473999999995,-77.296813,"['Japanese steakhouse', 'Asian restaurant', 'Bar', 'Japanese restaurant', 'Restaurant', 'Seafood restaurant', 'Sushi restaurant']",4.3,620,$$,"[['Friday', '11:30AM–2PM'], ['Saturday', '12–10:30PM'], ['Sunday', '12–9PM'], ['Monday', '11:30AM–2PM'], ['Tuesday', '11:30AM–2PM'], ['Wednesday', '11:30AM–2PM'], ['Thursday', '11:30AM–2PM']]"
0x89b6c1c8af872121:0x8f597cf948a4c29,Fujiya House Japanese Steak & Sushi Bar,"Fujiya House Japanese Steak & Sushi Bar, 1489 Carl D. Silver Pkwy, Fredericksburg, VA 22401",38.3016094,-77.5050133,['Japanese restaurant'],4.5,598,$$,"[['Friday', '3–9PM'], ['Saturday', '3–9PM'], ['Sunday', 'Closed'], ['Monday', 'Closed'], ['Tuesday', '3–8PM'], ['Wednesday', '3–8PM'], ['Thursday', '3–8PM']]"
0x89b64bc416a043d3:0x1cde17f90531b1ae,Sushi Yama (Yama Japanese Restaurant),"Sushi Yama (Yama Japanese Restaurant), 328 Maple Ave W, Vienna, VA 22180",38.897208299999996,-77.2699556,['Japanese restaurant'],4.6,292,$$,"[['Thursday', '11:30AM–2:30PM'], ['Friday', '11:30AM–2:30PM'], ['Saturday', '12–3PM'], ['Sunday', '5–9:30PM'], ['Monday', 'Closed'], ['Tuesday', '11:30AM–2:30PM'], ['Wednesday', '11:30AM–2:30PM']]"
0x89b64beecf42e713:0x2d6d44db23cc3b78,Shin Se Kai Ramen and Sushi,"Shin Se Kai Ramen and Sushi, 234 Maple Ave E, Vienna, VA 22180",38.904644399999995,-77.26204469999999,"['Japanese restaurant', 'Modern izakaya restaurants', 'Ramen restaurant', 'Sushi restaurant']",4.4,265,,"[['Thursday', '11:30AM–2PM'], ['Friday', '11:30AM–2PM'], ['Saturday', '11:30AM–3PM'], ['Sunday', '11:30AM–3PM'], ['Monday', '11:30AM–2PM'], ['Tuesday', '11:30AM–2PM'], ['Wednesday', '11:30AM–2PM']]"
