gmap_id,name,address,latitude,longitude,category,avg_rating,num_of_reviews,price,hours
0x54905b57bd207b65:0x51e7734870181563,Kobo,"Kobo, Seattle, WA 98158",47.4389805,-122.3020483,"['Japanese food', 'Takeout Restaurant', 'Salad shop', 'Sandwich shop', 'Sushi restaurant']",1.7,28,,"[['Tuesday', '4:30AM–12AM'], ['Wednesday', '4:30AM–12AM'], ['Thursday', '4:30AM–12AM'], ['Friday', '4:30AM–12AM'], ['Saturday', '4:30AM–12AM'], ['Sunday', '4:30AM–12AM'], ['Monday', '4:30AM–12AM']]"
0x54906a868e8af8af:0xb83dd8e42a0334a,Hiroshi's,"Hiroshi's, 2521 15th Ave S, Seattle, WA 98144",47.5804538,-122.31370629999999,['Japanese restaurant'],4.1,38,,"[['Tuesday', '11AM–6PM'], ['Wednesday', '11AM–6PM'], ['Thursday', '11AM–6PM'], ['Friday', '11AM–6PM'], ['Saturday', 'Closed'], ['Sunday', 'Closed'], ['Monday', '11AM–6PM']]"
0x5491751c7e5a05a5:0xb8dab85f4cb036ce,Inaka Ramen,"Inaka Ramen, 120 5th Ave SW, Olympia, WA 98501",47.044118999999995,-122.90264649999999,"['Ramen restaurant', 'Izakaya restaurant', 'Japanese restaurant']",2.2,28,,"[['Tuesday', '4:30–9PM'], ['Wednesday', '11:15AM–2PM'], ['Thursday', '11:15AM–2PM'], ['Friday', '11:15AM–2PM'], ['Saturday', '11:15AM–2PM'], ['Sunday', '11:15AM–2PM'], ['Monday', '4:30–9PM']]"
0x548553feafbfbceb:0xfc442f72346d34a9,Tokyo Stop Teriyaki in Marysville,"Tokyo Stop Teriyaki in Marysville, 1369 State Ave, Marysville, WA 98270",48.0669185,-122.177336,['Japanese restaurant'],4.6,18,,"[['Tuesday', '11AM–8:30PM'], ['Wednesday', '11AM–8:30PM'], ['Thursday', '11AM–8:30PM'], ['Friday', '11AM–8:30PM'], ['Saturday', '11AM–8:30PM'], ['Sunday', 'Closed'], ['Monday', '11AM–8:30PM']]"
0x54907184e871b8b3:0xd6b96efed8e5720,Big Fish Sushi,"Big Fish Sushi, 22639 NE Inglewood Hill Rd, Sammamish, WA 98074",47.6155361,-122.03689639999999,"['Japanese restaurant', 'Ramen restaurant', 'Sushi restaurant', 'Sushi takeaway']",4.7,38,,"[['Monday', '11AM–9:30PM'], ['Tuesday', '11AM–9:30PM'], ['Wednesday', '11AM–9:30PM'], ['Thursday', '11AM–9:30PM'], ['Friday', '11AM–10PM'], ['Saturday', '11AM–10PM'], ['Sunday', '12–9PM']]"
0x549e1de5395e7879:0x157f2d64a558cc48,Avocado Roll Sushi,"Avocado Roll Sushi, 9423 N Division St, Spokane, WA 99218",47.7430022,-117.41204959999999,['Japanese restaurant'],4.8,18,,"[['Wednesday', '11AM–8:30PM'], ['Thursday', '11AM–8:30PM'], ['Friday', '11AM–8:30PM'], ['Saturday', '11AM–8:30PM'], ['Sunday', 'Closed'], ['Monday', '11AM–8:30PM'], ['Tuesday', '11AM–8:30PM']]"
0x549015b9daa72b6b:0x373b9017a50f2b3d,Aoki Sushi & Grill,"Aoki Sushi & Grill, 621 Broadway E, Seattle, WA 98102",47.6249014,-122.32118159999999,"['Restaurant', 'Japanese restaurant', 'Sushi restaurant', 'Sushi takeaway']",4.9,64,$$,"[['Wednesday', '5–9PM'], ['Thursday', '5–9PM'], ['Friday', '4–10PM'], ['Saturday', '4–10PM'], ['Sunday', '4–9PM'], ['Monday', '5–9PM'], ['Tuesday', '5–9PM']]"
0x54906dbaaf77f0cf:0x4a683ea5872b5cf7,Tanpopo,"Tanpopo, 15600 NE 8th St, Bellevue, WA 98008",47.619491599999996,-122.1308591,"['Japanese restaurant', 'Restaurant']",3.5,33,,"[['Monday', '11AM–9PM'], ['Tuesday', '11AM–9PM'], ['Wednesday', '11AM–9PM'], ['Thursday', '11AM–9PM'], ['Friday', '11AM–9PM'], ['Saturday', '11AM–9PM'], ['Sunday', '11AM–6PM']]"
0x54906fa2a19b58bd:0x3f07046a43b6c436,Orenji Sushi & Noodles,"Orenji Sushi & Noodles, 5625 221st Pl SE unit 120, Issaquah, WA 98027",47.550923999999995,-122.04560599999999,"['Japanese restaurant', 'Noodle shop', 'Ramen restaurant', 'Sushi restaurant']",4.6,458,$$,"[['Tuesday', '11AM–9PM'], ['Wednesday', '11AM–9PM'], ['Thursday', '11AM–9PM'], ['Friday', '11AM–9PM'], ['Saturday', '11AM–9PM'], ['Sunday', '11AM–9PM'], ['Monday', '11AM–9PM']]"
0x54987b58496b2091:0x74e3e80df9352441,Nikko Japanese Restaurant,"Nikko Japanese Restaurant, 5025 N Rd 68, Pasco, WA 99301",46.2727706,-119.1827005,"['Japanese restaurant', 'Restaurant']",4.8,18,,"[['Tuesday', 'Closed'], ['Wednesday', '11AM–3PM'], ['Thursday', '11AM–3PM'], ['Friday', '11AM–3PM'], ['Saturday', '12–10PM'], ['Sunday', '12–9PM'], ['Monday', '11AM–3PM']]"
0x5499d79958165e47:0xc7af257ae053d898,sumo hibachi and sushi,"sumo hibachi and sushi, 111 E Yakima Ave, Yakima, WA 98901",46.6025278,-120.50548029999999,['Japanese restaurant'],4.5,53,,"[['Monday', '11AM–9PM'], ['Tuesday', '11AM–9PM'], ['Wednesday', '11AM–9PM'], ['Thursday', '11AM–9PM'], ['Friday', '11AM–10PM'], ['Saturday', '11AM–10PM'], ['Sunday', '12–8PM']]"
0x54903782947149e1:0x7856c3e2b7fddea3,Ichizen Restaurant,"Ichizen Restaurant, 200 1st St, Bremerton, WA 98337",47.5636091,-122.6257424,"['Japanese restaurant', 'Restaurant', 'Sushi restaurant']",4.7,14,,"[['Saturday', '3–7PM'], ['Sunday', 'Closed'], ['Monday', '10:30AM–7PM'], ['Tuesday', '10:30AM–7PM'], ['Wednesday', '10:30AM–7PM'], ['Thursday', '10:30AM–7PM'], ['Friday', '10:30AM–7PM']]"
0x549058645b3eb859:0x523d928cae8c5974,Sapporo Teriyaki,"Sapporo Teriyaki, 512 Auburn Way N, Auburn, WA 98002",47.3120991,-122.22575669999999,['Japanese restaurant'],4.1,44,$$,"[['Sunday', 'Closed'], ['Monday', '11AM–9PM'], ['Tuesday', '11AM–9PM'], ['Wednesday', '11AM–9PM'], ['Thursday', '11AM–9PM'], ['Friday', '11AM–9PM'], ['Saturday', '11AM–9PM']]"
0x549058e4825607a3:0x4f52d06f0894579,Himitsu Sushi & Teriyaki,"Himitsu Sushi & Teriyaki, 3310 Auburn Way N # J, Auburn, WA 98002",47.336515,-122.22125199999999,"['Sushi restaurant', 'Asian restaurant', 'Japanese restaurant', 'Restaurant']",4.2,18,,"[['Wednesday', '11AM–8PM'], ['Thursday', '11AM–8PM'], ['Friday', '11AM–8PM'], ['Saturday', 'Closed'], ['Sunday', 'Closed'], ['Monday', '11AM–8PM'], ['Tuesday', '11AM–8PM']]"
0x54904119963d1ec3:0x67a06b4857149272,New Teriyaki & Wok,"New Teriyaki & Wok, 6540 California Ave SW #C, Seattle, WA 98136",47.5437503,-122.3866419,['Japanese restaurant'],4.4,105,$,"[['Wednesday', '11:30AM–8:30PM'], ['Thursday', '11:30AM–8:30PM'], ['Friday', '11:30AM–8:30PM'], ['Saturday', '12–7:30PM'], ['Sunday', 'Closed'], ['Monday', '11:30AM–8:30PM'], ['Tuesday', '11:30AM–8:30PM']]"
0x54906abfdd488895:0xeb2fe6573d1b0acb,Mikado Teppanyaki,"Mikado Teppanyaki, 1306 S King St, Seattle, WA 98144",47.5985139,-122.3138694,"['Japanese restaurant', 'Bar']",4.5,27,$$,"[['Monday', '4:30–9:30PM'], ['Tuesday', '4:30–9:30PM'], ['Wednesday', '4:30–9:30PM'], ['Thursday', '4:30–9:30PM'], ['Friday', '4:30–9:30PM'], ['Saturday', '4:30–9:30PM'], ['Sunday', '4:30–9:30PM']]"
0x54906dbaaf77f0cf:0x44f1d2602174c6fe,Ai Sushi,"Ai Sushi, 15600 NE 8th St, Bellevue, WA 98008",47.6194157,-122.13070019999999,"['Sushi restaurant', 'Asian restaurant', 'Japanese restaurant']",2.7,8,,"[['Saturday', '11AM–10PM'], ['Sunday', '11AM–6PM'], ['Monday', '11AM–9PM'], ['Tuesday', '11AM–9PM'], ['Wednesday', '11AM–9PM'], ['Thursday', '11AM–9PM'], ['Friday', '11AM–10PM']]"
0x548553e0509bf56f:0x73ca9f79d71a55e7,Jackpot Teriyaki,"Jackpot Teriyaki, 8825 34th Ave NE STE J, Tulalip, WA 98271",48.0768541,-122.1867073,['Japanese restaurant'],4.3,65,$,"[['Friday', '11AM–9PM'], ['Saturday', '11AM–9PM'], ['Sunday', 'Closed'], ['Monday', '11AM–9PM'], ['Tuesday', '11AM–9PM'], ['Wednesday', '11AM–9PM'], ['Thursday', '11AM–9PM']]"
0x54900fa9b7f716d1:0x1c205508b93922bb,Sumo Teriyaki,"Sumo Teriyaki, 22833 Bothell Everett Hwy UNIT 105, Bothell, WA 98021",47.7897562,-122.21733739999999,"['Japanese restaurant', 'Asian restaurant', 'Restaurant', 'Sushi restaurant']",4.4,48,,"[['Friday', '11AM–7PM'], ['Saturday', 'Closed'], ['Sunday', 'Closed'], ['Monday', '11AM–7PM'], ['Tuesday', '11AM–7PM'], ['Wednesday', '11AM–7PM'], ['Thursday', '11AM–7PM']]"
0x549059f51bcd5237:0xa8d0990e3e944980,Apple Teriyaki,"Apple Teriyaki, 27400 Pacific Hwy S B, Federal Way, WA 98003",47.3563135,-122.3093237,['Japanese restaurant'],3.8,76,$,"[['Tuesday', '10:30AM–8PM'], ['Wednesday', '10:30AM–8PM'], ['Thursday', '10:30AM–8PM'], ['Friday', '10:30AM–8PM'], ['Saturday', '10:30AM–7PM'], ['Sunday', 'Closed'], ['Monday', '10:30AM–8PM']]"
0x549006d5f2fc0449:0x3f398675775cd891,Express Japan,"Express Japan, 1402 SE Everett Mall Way, Everett, WA 98208",47.9106598,-122.2138415,['Japanese restaurant'],4.1,25,,"[['Monday', '11AM–7PM'], ['Tuesday', '11AM–7PM'], ['Wednesday', '11AM–7PM'], ['Thursday', '11AM–7PM'], ['Friday', '11AM–7PM'], ['Saturday', '11AM–7PM'], ['Sunday', '11AM–6PM']]"
0x549012e9d48cb139:0xe01a88867173d95f,Rikki Rikki Japanese Restaurant,"Rikki Rikki Japanese Restaurant, 442 Parkplace Center, Kirkland, WA 98033",47.678071499999994,-122.19835499999999,"['Japanese restaurant', 'Restaurant']",3.9,28,$$,
0x54906acdcd22e78b:0x5eb998423e14c7f8,Boom Noodle,"Boom Noodle, 1121 E Pike St, Seattle, WA 98122",47.613974999999996,-122.3171778,"['Japanese restaurant', 'Restaurant']",3.5,58,$$,"[['Monday', '11:30AM–10PM'], ['Tuesday', '11:30AM–10PM'], ['Wednesday', '11:30AM–10PM'], ['Thursday', '11:30AM–10PM'], ['Friday', '11:30AM–12AM'], ['Saturday', '11:30AM–12AM'], ['Sunday', '11:30AM–10PM']]"
0x5495a50de6f12307:0x468bc09fe8306d5c,Wagaya Sushi & Grill,"Wagaya Sushi & Grill, 3425 SE 192nd Ave #110, Vancouver, WA 98683",45.5956459,-122.4765243,"['Japanese restaurant', 'Asian fusion restaurant', 'Sushi takeaway']",3.8,38,,"[['Sunday', '11AM–9PM'], ['Monday', '11AM–9PM'], ['Tuesday', '11AM–9PM'], ['Wednesday', '11AM–9PM'], ['Thursday', '11AM–9PM'], ['Friday', '11AM–9PM'], ['Saturday', '11AM–9PM']]"
0x808e1aff62cbda21:0x41e8b0df1ff943c8,Samurai Sam's,"Samurai Sam's, 8530 W Gage Blvd, Kennewick, WA 99336",46.226856,-119.23637,"['Japanese restaurant', 'Asian fusion restaurant', 'Asian restaurant', 'Chinese restaurant', 'Fast food restaurant', 'Food court', 'Noodle shop', 'Salad shop', 'Thai restaurant']",4.1,18,$,
0x54987aea15d60a47:0x378cbf8eaa7f6f06,Seoul Sushi,"Seoul Sushi, 701 The Pkwy, Richland, WA 99352",46.275085,-119.2745499,"['Sushi restaurant', 'Japanese restaurant']",4.5,24,,"[['Wednesday', '11AM–8PM'], ['Thursday', '11AM–8PM'], ['Friday', '11AM–8PM'], ['Saturday', '11AM–3PM'], ['Sunday', 'Closed'], ['Monday', '11AM–8PM'], ['Tuesday', '11AM–8PM']]"
0x54905876fc3f8a5d:0x6de4248df42c7f23,Soo Teriyaki House,"Soo Teriyaki House, 620 Auburn Way S, Auburn, WA 98002",47.3016667,-122.22416679999999,['Japanese restaurant'],4.8,28,,"[['Wednesday', '11AM–8:30PM'], ['Thursday', '11AM–8:30PM'], ['Friday', '11AM–8:30PM'], ['Saturday', '11AM–8:30PM'], ['Sunday', 'Closed'], ['Monday', '11AM–8:30PM'], ['Tuesday', '11AM–8:30PM']]"
0x5490580e86bc9de5:0xd20b17295a908004,Nori Japan,"Nori Japan, 1101 Outlet Collection Way, Auburn, WA 98001",47.2996426,-122.24520589999999,['Japanese restaurant'],1.7,34,,"[['Wednesday', '11AM–7PM'], ['Thursday', '11AM–7PM'], ['Friday', '11AM–7PM'], ['Saturday', '11AM–7PM'], ['Sunday', '12–6PM'], ['Monday', '11AM–7PM'], ['Tuesday', '11AM–7PM']]"
0x54900677e1fff04b:0x6afc246da12a9292,N'Joy Sushi and Roll,"N'Joy Sushi and Roll, 15603 Main St #102, Mill Creek, WA 98012",47.856432999999996,-122.22074599999999,"['Sushi restaurant', 'Asian restaurant', 'Japanese restaurant']",4.3,46,$$,"[['Tuesday', '11:30AM–3PM'], ['Wednesday', '11:30AM–3PM'], ['Thursday', '11:30AM–3PM'], ['Friday', '11:30AM–9PM'], ['Saturday', '11:30AM–9PM'], ['Sunday', '1–8PM'], ['Monday', '11:30AM–3PM']]"
0x54946c8799ef3db3:0xbec94519a9191427,Fuji Teriyaki Inc,"98632 Washington, Longview, 14th Ave, Fuji Teriyaki Inc",46.130594699999996,-122.9379575,"['Japanese restaurant', 'Asian restaurant', 'Sushi restaurant']",4.4,18,$$,"[['Monday', '11AM–9PM'], ['Tuesday', '11AM–9PM'], ['Wednesday', '11AM–9PM'], ['Thursday', '11AM–9PM'], ['Friday', '11AM–9PM'], ['Saturday', '11AM–9PM'], ['Sunday', 'Closed']]"
0x549005de76e58551:0xf5116a0e531254e2,Tokyo Garden,"Tokyo Garden, 914 164th St SE b10, Mill Creek, WA 98012",47.8487316,-122.22007769999999,"['Japanese restaurant', 'Asian restaurant']",4.4,68,$,"[['Sunday', 'Closed'], ['Monday', '11AM–8:30PM'], ['Tuesday', '11AM–8:30PM'], ['Wednesday', '11AM–8:30PM'], ['Thursday', '11AM–8:30PM'], ['Friday', '11AM–8:30PM'], ['Saturday', '11AM–8:30PM']]"
0x548553eaef95254f:0xd8d5a920927b936b,Teriyaki Town,"Teriyaki Town, 9925 State Ave # B, Marysville, WA 98270",48.0852815,-122.17009469999999,"['Japanese restaurant', 'Asian restaurant']",4.1,25,,"[['Sunday', 'Closed'], ['Monday', '11AM–9PM'], ['Tuesday', '11AM–9PM'], ['Wednesday', '11AM–9PM'], ['Thursday', '11AM–9PM'], ['Friday', '11AM–9PM'], ['Saturday', '11AM–9PM']]"
0x54906fd84936fe97:0xc5d11584f10300e6,Orenji Sushi & Noodles,"Orenji Sushi & Noodles, 5625 221st Pl SE, Issaquah, WA 98027",47.550842599999996,-122.04555549999999,"['Sushi restaurant', 'Asian restaurant', 'Japanese restaurant', 'Ramen restaurant']",4.7,38,,"[['Friday', '11AM–9PM'], ['Saturday', '11AM–9PM'], ['Sunday', '11AM–9PM'], ['Monday', '11AM–9PM'], ['Tuesday', '11AM–9PM'], ['Wednesday', '11AM–9PM'], ['Thursday', '11AM–9PM']]"
0x549055f6f173139b:0xe98057e18d0c3e42,Musashi's,"Musashi's, 2919 S 38th St Suite B, Tacoma, WA 98409",47.2246126,-122.4744728,['Japanese restaurant'],3.6,8,,"[['Friday', '11:30AM–2:30PM'], ['Saturday', '5–9:30PM'], ['Sunday', 'Closed'], ['Monday', '11:30AM–2:30PM'], ['Tuesday', '11:30AM–2:30PM'], ['Wednesday', '11:30AM–2:30PM'], ['Thursday', '11:30AM–2:30PM']]"
0x54900d5ffc53f9b3:0x4e85fccdc74130f5,I Love Bento's,"I Love Bento's, 13520 100th Ave NE, Kirkland, WA 98034",47.721950799999995,-122.20694089999999,"['Japanese restaurant', 'Restaurant', 'Sushi restaurant']",4.6,93,,"[['Friday', '11AM–9PM'], ['Saturday', '11AM–9PM'], ['Sunday', 'Closed'], ['Monday', '11AM–9PM'], ['Tuesday', '11AM–9PM'], ['Wednesday', '11AM–9PM'], ['Thursday', '11AM–9PM']]"
0x54906ea19dd44049:0x91ecb4f7c6e9ea97,Hidden Teriyaki,"Hidden Teriyaki, 3205 148th Ave SE, Bellevue, WA 98007",47.5815212,-122.1432476,['Japanese restaurant'],4.1,54,$$,"[['Wednesday', '9AM–8:30PM'], ['Thursday', '9AM–8:30PM'], ['Friday', '9AM–8:30PM'], ['Saturday', '11AM–7PM'], ['Sunday', 'Closed'], ['Monday', '9AM–8:30PM'], ['Tuesday', '9AM–8:30PM']]"
0x54923991c47adcc7:0x4cb62de533089389,Honey Teriyaki,"Honey Teriyaki, 511 Oak St, Aberdeen, WA 98520",46.9755952,-123.8491365,"['Japanese restaurant', 'Asian restaurant']",4.3,88,$,"[['Wednesday', '10:30AM–8:30PM'], ['Thursday', '10:30AM–8:30PM'], ['Friday', '10:30AM–8:30PM'], ['Saturday', '10:30AM–8:30PM'], ['Sunday', 'Closed'], ['Monday', '10:30AM–8:30PM'], ['Tuesday', '10:30AM–8:30PM']]"
0x5499d63a8d3b8a69:0xbb70a76a8a3590ad,Wok Teriyaki,"Wok Teriyaki, 1601 E Washington Ave UNIT 103, Union Gap, WA 98903",46.570907899999995,-120.48023699999999,"['Japanese restaurant', 'Asian restaurant']",3.8,58,,"[['Tuesday', '11AM–8PM'], ['Wednesday', '11AM–8PM'], ['Thursday', '11AM–8PM'], ['Friday', '11AM–8PM'], ['Saturday', '11AM–8PM'], ['Sunday', '11AM–8PM'], ['Monday', 'Closed']]"
0x5490691547983c37:0x5179993becfb84fb,Teriyaki Town II,"Teriyaki Town II, 5806 119th Ave SE, Bellevue, WA 98006",47.5512047,-122.17835989999999,['Japanese restaurant'],3.7,68,$,"[['Tuesday', '11AM–7PM'], ['Wednesday', '11AM–7PM'], ['Thursday', '11AM–7PM'], ['Friday', '11AM–7PM'], ['Saturday', '12–6PM'], ['Sunday', 'Closed'], ['Monday', '11AM–7PM']]"
0x54900677e1fff04b:0xfcae2f54252c5d40,Town Center Teriyaki,"Town Center Teriyaki, 15603 Main St #104, Mill Creek, WA 98012",47.856376,-122.22085,"['Japanese restaurant', 'Asian restaurant']",3.8,19,$$,"[['Tuesday', '11AM–9PM'], ['Wednesday', '11AM–9PM'], ['Thursday', '11AM–9PM'], ['Friday', '11AM–9PM'], ['Saturday', '11AM–8PM'], ['Sunday', '11AM–8PM'], ['Monday', '11AM–9PM']]"
0x5495b477d45678f7:0xf94e552912394ff7,Rising Sun Teriyaki Grill,"Rising Sun Teriyaki Grill, 1710 SW 9th Ave Ste 114, Battle Ground, WA 98604",45.7678909,-122.5469052,"['Asian fusion restaurant', 'Asian restaurant', 'Chinese restaurant', 'Japanese restaurant', 'Thai restaurant']",4.4,134,$,"[['Monday', '11AM–8PM'], ['Tuesday', '11AM–8PM'], ['Wednesday', '11AM–8PM'], ['Thursday', '11AM–8PM'], ['Friday', '11AM–8PM'], ['Saturday', 'Closed'], ['Sunday', '12–8PM']]"
0x54901516dbb12dad:0xf56a415afd7ed617,Tokara,"Tokara, 6208 Phinney Ave N, Seattle, WA 98103",47.6742207,-122.3541195,['Japanese confectionery shop'],4.7,16,,
0x5493e1d46d8979e9:0x44fb3dcc7a57f10a,Royal Sushi & Teriyaki,"Royal Sushi & Teriyaki, 575 N Market Blvd, Chehalis, WA 98532, United States",46.665960999999996,-122.97133099999999,"['Japanese restaurant', 'Chinese restaurant']",4.2,605,$,"[['Monday', 'Closed'], ['Tuesday', '11AM–8PM'], ['Wednesday', '11AM–8PM'], ['Thursday', '11AM–8PM'], ['Friday', '11AM–8PM'], ['Saturday', '11AM–8PM'], ['Sunday', '11AM–8PM']]"
0x5490008f272239ab:0xff3da6a56a7f55b8,Teriyaki Zone,"Teriyaki Zone, 4927 Evergreen Way, Everett, WA 98203",47.952034,-122.212324,"['Japanese restaurant', 'Asian restaurant']",4.4,93,,"[['Monday', '10:30AM–8PM'], ['Tuesday', '10:30AM–8PM'], ['Wednesday', '10:30AM–8PM'], ['Thursday', '10:30AM–8PM'], ['Friday', '10:30AM–8PM'], ['Saturday', 'Closed'], ['Sunday', 'Closed']]"
0x549aab9724427a3d:0x6c0a682f2837ff61,Joa Teriyaki & Sushi,"Joa Teriyaki & Sushi, 3625 Broadway, Everett, WA 98201",47.9691854,-122.2007149,"['Fast food restaurant', 'Asian restaurant', 'Chinese restaurant', 'Delivery Chinese restaurant', 'Japanese curry restaurant', 'Sushi restaurant']",4.3,64,$,"[['Sunday', '11AM–12AM'], ['Monday', '11AM–12AM'], ['Tuesday', '11AM–12AM'], ['Wednesday', '11AM–12AM'], ['Thursday', '11AM–12AM'], ['Friday', '11AM–12AM'], ['Saturday', '11AM–12AM']]"
0x5490072a89aa0849:0x11345251006d3861,Teriyaki Express,"Teriyaki Express, 1402 SE Everett Mall Way # 11F, Everett, WA 98208",47.9106774,-122.2136398,"['Japanese restaurant', 'Asian restaurant', 'Restaurant']",4.4,43,,"[['Sunday', '11AM–6PM'], ['Monday', '10AM–7PM'], ['Tuesday', '10AM–7PM'], ['Wednesday', '10AM–7PM'], ['Thursday', '10AM–7PM'], ['Friday', '10AM–7PM'], ['Saturday', '10AM–7PM']]"
0x54987b4d8966e4b7:0x8fc10a9ff2fd3a1b,Ara Sushi & Grill,"99352 Washington, Richland, George Washington Way, Ara Sushi & Grill",46.2711964,-119.2710286,"['Japanese restaurant', 'Sushi restaurant']",4.9,68,,"[['Sunday', '11AM–9PM'], ['Monday', '11AM–9PM'], ['Tuesday', '11AM–9PM'], ['Wednesday', '11AM–9PM'], ['Thursday', '11AM–9PM'], ['Friday', '11AM–10PM'], ['Saturday', '11AM–10PM']]"
0x54901078f390c89f:0xa5afafe762e1b6b1,Teriyaki Way,"Teriyaki Way, 23632 Highway 99 #U 23632, Hwy 99, Edmonds, WA 98026",47.7835731,-122.3450668,"['Japanese restaurant', 'Takeout Restaurant']",4.6,114,$,"[['Sunday', '10:30AM–9PM'], ['Monday', '10:30AM–9PM'], ['Tuesday', '10:30AM–9PM'], ['Wednesday', '10:30AM–9PM'], ['Thursday', '10:30AM–9PM'], ['Friday', '10:30AM–9PM'], ['Saturday', '10:30AM–9PM']]"
0x54901460342e0055:0x61129c04efb9f748,Village Sushi,"Village Sushi, 4741 12th Ave NE, Seattle, WA 98105",47.664310099999994,-122.3154715,"['Japanese restaurant', 'Sushi restaurant']",4.6,25,$$,"[['Saturday', '12–10PM'], ['Sunday', '5–10PM'], ['Monday', '5–10PM'], ['Tuesday', '5–10PM'], ['Wednesday', '5–10PM'], ['Thursday', '5–10PM'], ['Friday', '5–10PM']]"
0x54905ce89eb25725:0x2fa93023d6dcbf03,Wok & Bowl,"Wok & Bowl, 18012 W Valley Hwy, Kent, WA 98032",47.440739799999996,-122.24478719999999,"['Japanese restaurant', 'Restaurant']",4.1,105,$,"[['Saturday', '9:30AM–7:45PM'], ['Sunday', 'Closed'], ['Monday', '9:30AM–7:45PM'], ['Tuesday', '9:30AM–7:45PM'], ['Wednesday', '9:30AM–7:45PM'], ['Thursday', '9:30AM–7:45PM'], ['Friday', '9:30AM–7:45PM']]"
0x549015cda6d141ff:0x17d0ea742b95e490,Ballard Pho & Teriyaki,"Ballard Pho & Teriyaki, 6315 15th Ave NW, Seattle, WA 98107",47.675154,-122.376477,"['Vietnamese restaurant', 'Japanese restaurant']",4.1,108,$,"[['Saturday', '10AM–8PM'], ['Sunday', 'Closed'], ['Monday', '10AM–8PM'], ['Tuesday', '10AM–8PM'], ['Wednesday', '10AM–8PM'], ['Thursday', '10AM–8PM'], ['Friday', '10AM–8PM']]"
0x5499d8ffd5d135f7:0x73908a8230191b31,Teppanyaki Box,"Teppanyaki Box, 103, Ste A, 1380, N 1st St, Selah, WA 98942",46.655200099999995,-120.5299757,['Japanese restaurant'],4.5,118,,"[['Saturday', '11AM–9PM'], ['Sunday', 'Closed'], ['Monday', '11AM–9PM'], ['Tuesday', '11AM–9PM'], ['Wednesday', '11AM–9PM'], ['Thursday', '11AM–9PM'], ['Friday', '11AM–9PM']]"
0x54905eca37e4b77d:0x97c9c015c5e9d454,K-Ton Japanese Restaurant,"K-Ton Japanese Restaurant, 31217 Pacific Hwy S C-103, Federal Way, WA 98003",47.3216148,-122.31498149999999,['Japanese restaurant'],4.2,48,,"[['Thursday', '11AM–7:30PM'], ['Friday', '11AM–7:30PM'], ['Saturday', '11AM–7:30PM'], ['Sunday', '11AM–7:30PM'], ['Monday', '11AM–7:30PM'], ['Tuesday', '11AM–7:30PM'], ['Wednesday', '11AM–7:30PM']]"
0x549e219462847b05:0x28b493bf7794ee42,Shogun Restaurant,"99206 Washington, Spokane Valley, N Raymond Rd, Shogun Restaurant",47.657915599999995,-117.26357309999999,['Japanese steakhouse'],4.2,275,,"[['Thursday', '11AM–8PM'], ['Friday', '11AM–8PM'], ['Saturday', '11AM–8PM'], ['Sunday', '12–8PM'], ['Monday', '11AM–8PM'], ['Tuesday', '11AM–8PM'], ['Wednesday', '11AM–8PM']]"
0x54856dc7c367e7b1:0xb57adb28e5d2f852,Tokyo Stop & Sushi,"Tokyo Stop & Sushi, 477 Cascade Mall Dr, Burlington, WA 98233",48.461600399999995,-122.3385462,"['Japanese restaurant', 'Asian restaurant', 'Fast food restaurant']",4.2,35,,"[['Thursday', '10AM–8PM'], ['Friday', '10AM–8PM'], ['Saturday', '10AM–8PM'], ['Sunday', '11AM–6PM'], ['Monday', '10AM–8PM'], ['Tuesday', '10AM–8PM'], ['Wednesday', '10AM–8PM']]"
0x54910b90d513e13d:0x5e82f38f76c2e828,Happy Teriyaki #4 Lacey,"Happy Teriyaki #4 Lacey, 8205 Martin Way E STE L, Lacey, WA 98516, United States",47.0554102,-122.7664179,"['Sushi restaurant', 'Asian restaurant', 'Japanese restaurant', 'Restaurant']",4.0,733,$,"[['Thursday', '11AM–9:30PM'], ['Friday', '11AM–9:30PM'], ['Saturday', '11AM–9:30PM'], ['Sunday', '11AM–9PM'], ['Monday', '11AM–9:30PM'], ['Tuesday', '11AM–9:30PM'], ['Wednesday', '11AM–9:30PM']]"
0x5490153730f3c0d5:0x6bb019227142c6de,Kai Market,"Kai Market, 400 Fairview Ave N p001, Seattle, WA 98109, United States",47.6228997,-122.334003,"['Asian grocery store', 'Japanese grocery store']",4.5,387,,"[['Thursday', 'Closed'], ['Friday', '10AM–6PM'], ['Saturday', 'Closed'], ['Sunday', 'Closed'], ['Monday', 'Closed'], ['Tuesday', 'Closed'], ['Wednesday', 'Closed']]"
0x54906ab403730b41:0x2787abbe0b614e8d,Hamanasu,"Hamanasu, 1200 5th Ave, Seattle, WA 98101, United States",47.608533,-122.3329266,['Japanese restaurant'],4.3,589,$$,"[['Thursday', '11:30AM–2PM'], ['Friday', '11:30AM–2PM'], ['Saturday', '4:30–10:30PM'], ['Sunday', '4:30–9PM'], ['Monday', '11:30AM–2PM'], ['Tuesday', '11:30AM–2PM'], ['Wednesday', '11:30AM–2PM']]"
0x54987eb9a4974611:0x624426d1e1bbcbe8,Red Bento Teriyaki Restaurant,"Red Bento Teriyaki Restaurant, 1320 N 20th Ave, Pasco, WA 99301",46.239756,-119.11774229999999,"['Japanese restaurant', 'Sports bar', 'Sushi restaurant']",4.1,378,$$,"[['Wednesday', '11AM–9PM'], ['Thursday', '11AM–9PM'], ['Friday', '11AM–9PM'], ['Saturday', '11AM–9PM'], ['Sunday', '12–8PM'], ['Monday', '11AM–9PM'], ['Tuesday', '11AM–9PM']]"
0x5495a4ce8ac45b9f:0x8c6374d51462d178,Marinepolis Sushi Land,"Marinepolis Sushi Land, 1401 SE 164th Ave, Vancouver, WA 98683",45.610585099999994,-122.50373409999999,"['Sushi restaurant', 'Japanese restaurant']",4.1,567,$,"[['Wednesday', '11AM–9PM'], ['Thursday', '11AM–9PM'], ['Friday', '11AM–9PM'], ['Saturday', '11AM–9PM'], ['Sunday', '11AM–9PM'], ['Monday', '11AM–9PM'], ['Tuesday', '11AM–9PM']]"
0x54906ddad2810cdf:0x46ced6531212cbc1,JOY BOX RESTAURANT,"JOY BOX RESTAURANT, 15920 NE 8th St #1, Bellevue, WA 98008",47.6176271,-122.1279096,"['Asian fusion restaurant', 'Asian restaurant', 'Japanese restaurant', 'Korean restaurant', 'Delivery Restaurant', 'Pan-Asian restaurant', 'Restaurant']",4.3,108,,"[['Wednesday', '10:30AM–9PM'], ['Thursday', '10:30AM–9PM'], ['Friday', '10:30AM–9PM'], ['Saturday', '10:30AM–9PM'], ['Sunday', 'Closed'], ['Monday', '10:30AM–9PM'], ['Tuesday', '10:30AM–9PM']]"
0x5490142100b5f9a9:0x347bd4caaf295207,Mori Sushi,"Mori Sushi, 101 NW 85th St #102, Seattle, WA 98103",47.6904478,-122.35780229999999,"['Japanese restaurant', 'Sushi restaurant']",2.7,57,$$,"[['Wednesday', '5:30–10PM'], ['Thursday', '5:30–10PM'], ['Friday', '5:30–10PM'], ['Saturday', '5:30–10PM'], ['Sunday', '5:30–10PM'], ['Monday', 'Closed'], ['Tuesday', '5:30–10PM']]"
0x5490153309ef69fd:0xcd6092c4135dc4c5,Best Teriyaki,"Best Teriyaki, 110 Summit Ave, Seattle, WA 98102",47.618854999999996,-122.32491499999999,['Japanese restaurant'],4.0,18,,
0x54901549bcdda921:0xbf1515b63cb9c8f8,Shilla Restaurant,"Shilla Restaurant, 2300 8th Ave N, Seattle, WA 98121",47.618359999999996,-122.34051489999999,"['Restaurant', 'Japanese restaurant', 'Korean restaurant']",2.9,38,$$,
0x5491aad96c03ee41:0xc276cdaf95d5964d,Shogun Japanese Express,"Shogun Japanese Express, 2009 S Mildred St, Tacoma, WA 98466",47.2417254,-122.5257654,"['Japanese steakhouse', 'Asian restaurant', 'Japanese restaurant', 'Sushi restaurant']",4.3,148,$$,"[['Monday', 'Closed'], ['Tuesday', '11:30AM–9PM'], ['Wednesday', '11:30AM–9PM'], ['Thursday', '11:30AM–9PM'], ['Friday', '11:30AM–9AM'], ['Saturday', '12–9PM'], ['Sunday', 'Closed']]"
0x54905ea3dfb7ac13:0xf484e21ddf3089f,Soho Teriyaki(Kent),"Soho Teriyaki(Kent), 10423 SE 240th St, Kent, WA 98031, United States",47.386649299999995,-122.2013781,"['Japanese restaurant', 'Restaurant']",4.3,158,₩,"[['Sunday', 'Closed'], ['Monday', '11AM–9PM'], ['Tuesday', '11AM–9PM'], ['Wednesday', '11AM–9PM'], ['Thursday', '11AM–9PM'], ['Friday', '11AM–9PM'], ['Saturday', '11AM–9PM']]"
0x54900540659114d5:0xbf255f0cc1cbfd44,Teriyaki Town,"Teriyaki Town, 4615 196th St SW #128, Lynnwood, WA 98036, United States",47.8217322,-122.2963834,['Japanese restaurant'],3.9,326,₩₩,"[['Sunday', '10AM–9PM'], ['Monday', '10AM–9PM'], ['Tuesday', '10AM–9PM'], ['Wednesday', '10AM–9PM'], ['Thursday', '10AM–9PM'], ['Friday', '10AM–9PM'], ['Saturday', '10AM–9PM']]"
0x54906e98a2e92741:0xd243456ca6feb634,Shibuya Sushi Bar & Grill,"Shibuya Sushi Bar & Grill, 3303 156th Ave SE, Bellevue, WA 98007",47.5809569,-122.13713569999999,"['Japanese restaurant', 'Restaurant', 'Sushi restaurant']",4.0,105,$$,"[['Sunday', '11:30AM–2PM'], ['Monday', 'Closed'], ['Tuesday', '11:30AM–2PM'], ['Wednesday', '11:30AM–2PM'], ['Thursday', '11:30AM–2PM'], ['Friday', '11:30AM–2PM'], ['Saturday', '11:30AM–2PM']]"
0x5490532ded8385ff:0xb19a4400d0694a12,Nagoya Teriyaki,"Nagoya Teriyaki, 5500 Olympic Dr STE A104, Gig Harbor, WA 98335",47.307206699999995,-122.5753805,['Japanese restaurant'],4.4,78,$,"[['Sunday', 'Closed'], ['Monday', '11AM–7:30PM'], ['Tuesday', '11AM–7:30PM'], ['Wednesday', '11AM–7:30PM'], ['Thursday', '11AM–7:30PM'], ['Friday', '11AM–7:30PM'], ['Saturday', '11AM–7:30PM']]"
0x549045cedf313847:0x365b8152207261ca,Tomo Sushi @Burien,"Washington, Burien, SW 152nd St, Tomo Sushi @Burien邮政编码: 98166",47.466645899999996,-122.3427722,"['Traditional restaurant', 'Japanese restaurant']",4.7,17,,"[['Sunday', '4:30–8:30PM'], ['Monday', 'Closed'], ['Tuesday', '11:30AM–2:30PM'], ['Wednesday', '11:30AM–2:30PM'], ['Thursday', '11:30AM–2:30PM'], ['Friday', '11:30AM–2:30PM'], ['Saturday', '11:30AM–2:30PM']]"
0x54906acd9e68410d:0x6fe6a1ae72da8d53,Octo Sushi,"Octo Sushi, 1621 12th Ave #102, Seattle, WA 98122",47.6158594,-122.3172192,"['Sushi restaurant', 'Asian restaurant', 'Japanese restaurant']",4.3,87,$$,"[['Sunday', '5–10:30PM'], ['Monday', '5–10:30PM'], ['Tuesday', '11AM–3PM'], ['Wednesday', '11AM–3PM'], ['Thursday', '11AM–3PM'], ['Friday', '11AM–3PM'], ['Saturday', '12–3PM']]"
0x54905641f59f9939:0xb4993a2b4f2341e4,Think Teriyaki,"Think Teriyaki, 2125 SW 356th St B, Federal Way, WA 98023",47.2822928,-122.36152999999999,"['Japanese restaurant', 'Asian restaurant']",3.7,48,,"[['Saturday', '11AM–9PM'], ['Sunday', 'Closed'], ['Monday', '11AM–9PM'], ['Tuesday', '11AM–9PM'], ['Wednesday', '11AM–9PM'], ['Thursday', '11AM–9PM'], ['Friday', '11AM–9PM']]"
0x548fedc604bd8551:0xed360ac25e11edad,Ichikawa Sushi Bar,"Ichikawa Sushi Bar, 1208 Water St, Port Townsend, WA 98368",48.1132035,-122.7602441,"['Japanese restaurant', 'Restaurant', 'Sushi restaurant', 'Traditional restaurant']",4.3,187,$$,"[['Saturday', '11AM–2PM'], ['Sunday', 'Closed'], ['Monday', 'Closed'], ['Tuesday', '11AM–2PM'], ['Wednesday', '11AM–2PM'], ['Thursday', '11AM–2PM'], ['Friday', '11AM–2PM']]"
0x5495ae8ca78de243:0xd0457624b6c674fd,Sakura of Japan,"Sakura of Japan, 8010 NE Hwy 99 # A, Vancouver, WA 98665, United States",45.680634,-122.66199399999999,"['Japanese restaurant', 'Restaurant']",4.7,338,₩₩,"[['Wednesday', '11AM–2PM'], ['Thursday', '11AM–2PM'], ['Friday', '11AM–2PM'], ['Saturday', '5–9PM'], ['Sunday', '5–8PM'], ['Monday', '11AM–2PM'], ['Tuesday', '11AM–2PM']]"
0x549057c859c7ffaf:0x3997d3af34820f63,House Teriyaki Wok,"House Teriyaki Wok, 35002 Pacific Hwy S a104, Federal Way, WA 98003, United States",47.2881116,-122.31788929999999,['Japanese restaurant'],4.1,178,₩₩,"[['Wednesday', '10AM–9PM'], ['Thursday', '10AM–9PM'], ['Friday', '10AM–9PM'], ['Saturday', '10AM–9PM'], ['Sunday', '12–6PM'], ['Monday', '10AM–9PM'], ['Tuesday', '10AM–9PM']]"
0x549006dc274181f9:0xbed4b25367bf7062,PNW Teriyaki,"PNW Teriyaki, 11014 19th Ave SE, Everett, WA 98208",47.8980361,-122.2089833,['Japanese restaurant'],3.9,105,,"[['Tuesday', '11AM–9PM'], ['Wednesday', '11AM–9PM'], ['Thursday', '11AM–9PM'], ['Friday', '11AM–9PM'], ['Saturday', '11AM–9PM'], ['Sunday', 'Closed'], ['Monday', '11AM–9PM']]"
0x5490fb6eeb99b77b:0x754c6e0e207ecee9,niko teriyaki,"niko teriyaki, 21241 WA-410 e, Bonney Lake, WA 98391",47.1661721,-122.1461597,['Japanese restaurant'],4.1,13,,"[['Monday', '10:30AM–8:30AM'], ['Tuesday', '10:30AM–8:30PM'], ['Wednesday', '10:30AM–8:30PM'], ['Thursday', '10:30AM–8:30PM'], ['Friday', '10:30AM–8:30PM'], ['Saturday', '10:30AM–8:30PM'], ['Sunday', 'Closed']]"
0x549175a5d35b686b:0xb9755815bd91f805,Teriyaki Japan,"Teriyaki Japan, 625 Black Lake Blvd SW, Olympia, WA 98502",47.0422294,-122.93419309999999,['Japanese restaurant'],4.0,55,,"[['Tuesday', '10:30AM–8PM'], ['Wednesday', '10:30AM–8PM'], ['Thursday', '10:30AM–8PM'], ['Friday', '10:30AM–8PM'], ['Saturday', '10:30AM–8PM'], ['Sunday', '11AM–6PM'], ['Monday', '10:30AM–8PM']]"
0x5490145337df6f8b:0xd376fd7787eaa78b,Suga,"Suga, 4262 Fremont Ave N, Seattle, WA 98103",47.6590791,-122.34986409999999,['Japanese restaurant'],4.6,18,,"[['Monday', 'Closed'], ['Tuesday', '4–9PM'], ['Wednesday', '4–9PM'], ['Thursday', '4–9PM'], ['Friday', '4–9PM'], ['Saturday', '2–9PM'], ['Sunday', '2–9PM']]"
0x54906c7d086b51e7:0x9fb5a27e7259dbef,Toshi's Teriyaki,"Toshi's Teriyaki, 10618 Main St, Bellevue, WA 98004",47.610464799999995,-122.1980179,"['Japanese restaurant', 'Asian restaurant']",3.2,65,$,"[['Monday', '11AM–7PM'], ['Tuesday', '11AM–7PM'], ['Wednesday', '11AM–7PM'], ['Thursday', '11AM–7PM'], ['Friday', '11AM–7PM'], ['Saturday', '11AM–7PM'], ['Sunday', 'Closed']]"
0x549006d8fa1bca37:0x3997f39d81bf2c45,Best 1 Teriyaki,"Best 1 Teriyaki, 10430 19th Ave SE Suite #3, Everett, WA 98208",47.9030226,-122.2073989,"['Japanese restaurant', 'Asian restaurant', 'Korean restaurant']",4.4,32,,
0x5490f7897ef19fe3:0x4289e314f2dbb700,Ginger Teriyaki II,"Ginger Teriyaki II, 4329 A St SE C, Auburn, WA 98002",47.2693069,-122.22967229999999,"['Japanese restaurant', 'Asian restaurant']",4.5,166,$,"[['Monday', '10AM–8PM'], ['Tuesday', '10AM–8PM'], ['Wednesday', '10AM–8PM'], ['Thursday', '10AM–8PM'], ['Friday', '10AM–8PM'], ['Saturday', '10AM–8PM'], ['Sunday', 'Closed']]"
0x5490e2b277e3617b:0x5a2190d5e2394eb1,Modoo Teriyaki,"Modoo Teriyaki, 17530 Meridian Ave E, Puyallup, WA 98375",47.097599599999995,-122.29842169999999,['Authentic Japanese restaurant'],4.0,198,$,"[['Monday', '10:30AM–9PM'], ['Tuesday', '10:30AM–9PM'], ['Wednesday', '10:30AM–9PM'], ['Thursday', '10:30AM–9PM'], ['Friday', '10:30AM–9PM'], ['Saturday', '10:30AM–9PM'], ['Sunday', 'Closed']]"
0x54906be2e9fca021:0xb666d6ca910fe0d2,Azuki,"Azuki, 2711 E Madison St, Seattle, WA 98112",47.6227443,-122.29688809999999,"['Japanese restaurant', 'Restaurant']",4.8,48,,"[['Monday', '12–2PM'], ['Tuesday', '12–2PM'], ['Wednesday', '12–2PM'], ['Thursday', '12–2PM'], ['Friday', '12–2PM'], ['Saturday', '12–2PM'], ['Sunday', '12–2PM']]"
0x549e1868dd2b14eb:0xbaa5269bad26a1c8,Sushi Yama,"Sushi Yama, 1321 W 3rd Ave, Spokane, WA 99201",47.6531473,-117.43204899999999,"['Sushi restaurant', 'Asian restaurant', 'Japanese restaurant', 'Restaurant']",3.7,95,$$,"[['Monday', '11AM–9PM'], ['Tuesday', '11AM–9PM'], ['Wednesday', '11AM–9PM'], ['Thursday', '11AM–9PM'], ['Friday', '11AM–9PM'], ['Saturday', '11AM–10PM'], ['Sunday', '12–8PM']]"
0x549aab7b86f8a711:0x8dbcdb6dad9a9c92,Teriyaki Diner,"Teriyaki Diner, 303 91st Ave NE STE A 102, Lake Stevens, WA 98258",48.00112,-122.10690989999999,"['Asian fusion restaurant', 'Japanese restaurant']",4.3,88,$,"[['Monday', '11AM–8:30PM'], ['Tuesday', '11AM–8:30PM'], ['Wednesday', '11AM–8:30PM'], ['Thursday', '11AM–8:30PM'], ['Friday', '11AM–8:30PM'], ['Saturday', '11AM–8:30PM'], ['Sunday', 'Closed']]"
0x5490068b78b76345:0x2622eb034461a1b4,Joy teriyaki,"Joy teriyaki, 13300 Bothell Everett Hwy Suite 302B, Mill Creek, WA 98012",47.877327799999996,-122.21206989999999,"['Japanese restaurant', 'Asian restaurant', 'Fast food restaurant']",4.2,78,$$,"[['Monday', '11AM–3PM'], ['Tuesday', '11AM–3PM'], ['Wednesday', '11AM–3PM'], ['Thursday', '11AM–3PM'], ['Friday', '11AM–3PM'], ['Saturday', '11AM–3PM'], ['Sunday', 'Closed']]"
0x54905ce3ece3b189:0x8fbc796307f281,Asia Ginger Teriyaki,"Asia Ginger Teriyaki, 1250 S 180th St, Renton, WA 98057",47.4416559,-122.2340917,"['Asian restaurant', 'Japanese restaurant']",4.3,66,,"[['Sunday', 'Closed'], ['Monday', '10AM–8PM'], ['Tuesday', '10AM–8PM'], ['Wednesday', '10AM–8PM'], ['Thursday', '10AM–8PM'], ['Friday', '10AM–7PM'], ['Saturday', '11AM–3PM']]"
0x5490577eb98f716d:0x9275e613d183e2b3,Paul's Burger & Teriyaki,"Paul's Burger & Teriyaki, 2148 S 314th St, Federal Way, WA 98003",47.3210647,-122.3052218,"['Japanese restaurant', 'Asian restaurant', 'Hamburger restaurant']",4.5,74,$,"[['Sunday', 'Closed'], ['Monday', '10:30AM–8PM'], ['Tuesday', '10:30AM–8PM'], ['Wednesday', '10:30AM–8PM'], ['Thursday', '10:30AM–8PM'], ['Friday', '10:30AM–8PM'], ['Saturday', '10:30AM–8PM']]"
0x5495b07966fcee11:0x865cfadc52dca5d,Ichi 20 Teriyaki,"Ichi 20 Teriyaki, 6700 NE 162nd Ave suite 617, Vancouver, WA 98682",45.67013,-122.507644,['Japanese restaurant'],4.3,99,$,"[['Sunday', 'Closed'], ['Monday', '11AM–8PM'], ['Tuesday', '11AM–8PM'], ['Wednesday', '11AM–8PM'], ['Thursday', '11AM–8PM'], ['Friday', '11AM–8:30PM'], ['Saturday', '11AM–8PM']]"
0x5490fe2d400c4cd7:0x6a60eabd7d610890,Lucky Teriyaki,"Lucky Teriyaki, 812 E 72nd St, Tacoma, WA 98404",47.191399499999996,-122.4203874,['Japanese restaurant'],4.1,7,,"[['Sunday', '11AM–8PM'], ['Monday', 'Closed'], ['Tuesday', '11AM–8PM'], ['Wednesday', '11AM–8PM'], ['Thursday', '11AM–8PM'], ['Friday', '11AM–8PM'], ['Saturday', '11AM–8PM']]"
0x54905bba8aa9a961:0x413cbc90656bda9a,Konich's Teriyaki,"Konich's Teriyaki, 23217 Pacific Hwy S, Kent, WA 98032",47.3935874,-122.2963125,['Japanese restaurant'],4.3,167,$,"[['Sunday', 'Closed'], ['Monday', '11AM–8PM'], ['Tuesday', '11AM–8PM'], ['Wednesday', '11AM–8PM'], ['Thursday', '11AM–8PM'], ['Friday', '11AM–8PM'], ['Saturday', '11AM–8PM']]"
0x54906d9f5fd8d82d:0x2ef566f33cf5ddb9,Donburi Station Bellevue,"Donburi Station Bellevue, 14339 NE 20th St Ste E, Bellevue, WA 98007",47.627410999999995,-122.149031,['Japanese restaurant'],4.9,18,,"[['Sunday', '11:30AM–2PM'], ['Monday', '11:30AM–2PM'], ['Tuesday', '11:30AM–2PM'], ['Wednesday', '11:30AM–2PM'], ['Thursday', '11:30AM–2PM'], ['Friday', '11:30AM–2PM'], ['Saturday', '11:30AM–2PM']]"
0x54906b2d601dd8e3:0xbf5a8042f7137364,Aki Kushiyaki,"Aki Kushiyaki, 2106 E Madison St, Seattle, WA 98112",47.6184133,-122.303992,"['Japanese restaurant', 'Fine dining restaurant', 'Authentic Japanese restaurant']",4.9,24,,"[['Sunday', '5–10PM'], ['Monday', 'Closed'], ['Tuesday', '5–10PM'], ['Wednesday', '5–10PM'], ['Thursday', '5–10PM'], ['Friday', '5–10PM'], ['Saturday', '5–10PM']]"
0x54900573399da2df:0xba278c54618bd1c0,Sarku Japan,"Sarku Japan, 3000 184th Street SW Space #854, Lynnwood, WA 98037",47.8288558,-122.2746301,"['Japanese restaurant', 'Fast food restaurant', 'Restaurant', 'Sushi restaurant', 'Teppanyaki restaurant']",3.6,68,$,"[['Sunday', '12–6PM'], ['Monday', '11AM–7PM'], ['Tuesday', '11AM–7PM'], ['Wednesday', '11AM–7PM'], ['Thursday', '11AM–7PM'], ['Friday', '11AM–8PM'], ['Saturday', '11AM–8PM']]"
0x549067da1c39a5e5:0x8d3dbb6c480f369b,Nori Presto Teriyaki,"Nori Presto Teriyaki, 4710 NE 4th St # C102, Renton, WA 98059",47.488947599999996,-122.1553769,"['Asian restaurant', 'Japanese restaurant', 'Sushi restaurant']",4.2,227,$,"[['Sunday', '11AM–9PM'], ['Monday', '11AM–9PM'], ['Tuesday', '11AM–9PM'], ['Wednesday', '11AM–9PM'], ['Thursday', '11AM–9PM'], ['Friday', '11AM–9PM'], ['Saturday', '11AM–9PM']]"
0x54904250e80ac4dd:0x6727652e6220164e,Best Cafe & Teriyaki,"Best Cafe & Teriyaki, 10990 E Marginal Way S, Tukwila, WA 98168",47.5042733,-122.28931419999999,"['Cafe', 'Asian restaurant', 'Japanese restaurant']",4.1,67,,"[['Saturday', 'Closed'], ['Sunday', 'Closed'], ['Monday', '9AM–5PM'], ['Tuesday', '9AM–5PM'], ['Wednesday', '9AM–5PM'], ['Thursday', '9AM–5PM'], ['Friday', '9AM–5PM']]"
0x549010e60a4920cb:0x2858342a9322d8d2,Red Crane Steak & Sushi Cafe,"Red Crane Steak & Sushi Cafe, 16716 Aurora Ave N, Shoreline, WA 98133",47.751114799999996,-122.345216,['Japanese restaurant'],3.4,7,$$,
0x54901538abe473ff:0xf28588e3576fc973,Teriyaki Bowl,"Teriyaki Bowl, 718 Taylor Ave N, Seattle, WA 98109",47.625971,-122.3457562,['Japanese restaurant'],4.2,108,$,"[['Saturday', '10:30AM–11PM'], ['Sunday', '10:30AM–11PM'], ['Monday', '10:30AM–11PM'], ['Tuesday', '10:30AM–11PM'], ['Wednesday', '10:30AM–11PM'], ['Thursday', '10:30AM–11PM'], ['Friday', '10:30AM–11PM']]"
0x54900e43d0bf3c1f:0xbdd89668c335162b,Bento Teriyaki,"Bento Teriyaki, 18931 Bothell Way NE, Bothell, WA 98011",47.7656889,-122.21131109999999,"['Japanese restaurant', 'Restaurant']",4.2,178,$,"[['Saturday', '11AM–8:30PM'], ['Sunday', 'Closed'], ['Monday', '11AM–8:30PM'], ['Tuesday', '11AM–8:30PM'], ['Wednesday', '11AM–8:30PM'], ['Thursday', '11AM–8:30PM'], ['Friday', '11AM–8:30PM']]"
0x5490587c3f00186d:0xe0fe7e45241c5e41,Mom's Teriyaki,"Mom's Teriyaki, 1115 E Main St, Auburn, WA 98002",47.3084383,-122.2143304,"['Japanese restaurant', 'Asian restaurant', 'Chinese restaurant', 'Restaurant']",4.1,108,$,"[['Saturday', '10:30AM–7PM'], ['Sunday', 'Closed'], ['Monday', '10:30AM–7PM'], ['Tuesday', '10:30AM–7PM'], ['Wednesday', '10:30AM–7PM'], ['Thursday', '10:30AM–7PM'], ['Friday', '10:30AM–7PM']]"
0x549016a31bf05c37:0xf46243c964d81e6,Mr & Mrs Wok,"Mr & Mrs Wok, 10000 Holman Rd NW, Seattle, WA 98177",47.701682999999996,-122.3616028,"['Asian fusion restaurant', 'Japanese restaurant']",4.4,53,$,"[['Saturday', 'Closed'], ['Sunday', 'Closed'], ['Monday', '4–9PM'], ['Tuesday', '4–9PM'], ['Wednesday', '4–9PM'], ['Thursday', '4–9PM'], ['Friday', '4–9PM']]"
0x5490152ca437d79b:0x6062d2940a7ec0f8,Moli Bento,"Moli Bento, 316 15th Ave E, Seattle, WA 98112",47.621009,-122.312446,"['Asian restaurant', 'Deli', 'Japanese restaurant']",4.4,24,,"[['Saturday', 'Closed'], ['Sunday', 'Closed'], ['Monday', '10:30AM–7PM'], ['Tuesday', '10:30AM–7PM'], ['Wednesday', '10:30AM–7PM'], ['Thursday', '10:30AM–7PM'], ['Friday', '10:30AM–7PM']]"
0x5490e372a747ef81:0x7fa1fc6d0eafb982,Wawa Teriyaki,"Wawa Teriyaki, 101 Calistoga St E, Orting, WA 98360",47.0981691,-122.2045016,['Japanese restaurant'],4.2,153,$$,"[['Friday', '11AM–9PM'], ['Saturday', '11AM–9PM'], ['Sunday', 'Closed'], ['Monday', '11AM–9PM'], ['Tuesday', '11AM–9PM'], ['Wednesday', '11AM–9PM'], ['Thursday', '11AM–9PM']]"
0x549001194c17ef09:0x2f91dacbcb9ee8b5,Tokyo Teriyaki & Wok,"Tokyo Teriyaki & Wok, 7405 Hardeson Rd STE D, Everett, WA 98203",47.9309839,-122.2480281,['Japanese restaurant'],4.0,158,$,"[['Friday', '9AM–8PM'], ['Saturday', '10AM–8PM'], ['Sunday', 'Closed'], ['Monday', '9AM–8PM'], ['Tuesday', '9AM–8PM'], ['Wednesday', '9AM–8PM'], ['Thursday', '9AM–8PM']]"
0x54900d82c3a12887:0x16115386e78d18b6,Himitsu Teriyaki,"Himitsu Teriyaki, 12719 NE 124th St, Kirkland, WA 98034",47.7099706,-122.1707229,"['Japanese restaurant', 'Restaurant']",4.2,76,$,"[['Friday', '10AM–9PM'], ['Saturday', '10AM–9PM'], ['Sunday', 'Closed'], ['Monday', '10AM–9PM'], ['Tuesday', '10AM–9PM'], ['Wednesday', '10AM–9PM'], ['Thursday', '10AM–9PM']]"
0x54900cd97e93f983:0x386d6f71b46e6e58,Apple Teriyaki,"Apple Teriyaki, 11523 Avondale Rd NE, Building B, Suite #107, Redmond, WA 98052",47.7026669,-122.09365509999999,['Japanese restaurant'],3.9,98,$,"[['Friday', '11AM–9PM'], ['Saturday', '11AM–8PM'], ['Sunday', 'Closed'], ['Monday', '11AM–8PM'], ['Tuesday', '11AM–8PM'], ['Wednesday', '11AM–9PM'], ['Thursday', '11AM–9PM']]"
0x54903eb76a7058c7:0xf4b2088ff330f6dd,Teriyaki Town,"Teriyaki Town, 278 Winslow Way E #102, Bainbridge Island, WA 98110",47.6250216,-122.51878599999999,"['Japanese restaurant', 'Asian restaurant']",4.2,78,$$,"[['Friday', '11AM–8PM'], ['Saturday', '11AM–8PM'], ['Sunday', 'Closed'], ['Monday', '11AM–8PM'], ['Tuesday', '11AM–8PM'], ['Wednesday', '11AM–8PM'], ['Thursday', '11AM–8PM']]"
0x548553d917d798a5:0xb7731c6473605337,Tokyo Teriyaki & Wok,"Tokyo Teriyaki & Wok, 11603 State Ave # F, Marysville, WA 98271",48.1004715,-122.173582,"['Japanese restaurant', 'Asian restaurant']",4.2,58,,"[['Friday', '10:30AM–8:30PM'], ['Saturday', '10:30AM–8:30PM'], ['Sunday', 'Closed'], ['Monday', '10:30AM–8:30PM'], ['Tuesday', '10:30AM–8:30PM'], ['Wednesday', '10:30AM–8:30PM'], ['Thursday', '10:30AM–8:30PM']]"
0x5495bb3cf17cd0e9:0xebb8b46ecc5162d4,Sushi Moto Bar,"Sushi Moto Bar, 19206 SE 1st St, Camas, WA 98607",45.621637199999995,-122.4751161,"['Japanese restaurant', 'Bar']",3.6,145,$,"[['Friday', '11AM–9PM'], ['Saturday', '11AM–9PM'], ['Sunday', 'Closed'], ['Monday', '11AM–9PM'], ['Tuesday', '11AM–9PM'], ['Wednesday', '11AM–9PM'], ['Thursday', '11AM–9PM']]"
0x5490fbd691cdf0b5:0xcb58a2ffe0c5b09c,Teriyaki House,"Teriyaki House, 1012 Wood Ave, Sumner, WA 98390",47.203860899999995,-122.23761449999999,"['Japanese restaurant', 'Asian restaurant']",3.8,153,$,"[['Friday', '10:30AM–8PM'], ['Saturday', '10:30AM–8PM'], ['Sunday', 'Closed'], ['Monday', '10:30AM–8PM'], ['Tuesday', '10:30AM–8PM'], ['Wednesday', '10:30AM–8PM'], ['Thursday', '10:30AM–8PM']]"
0x549015c8f232ff9b:0x729f049b5716860a,Bloom Restaurant,"Bloom Restaurant, 5410 17th Ave NW, Seattle, WA 98107",47.6683143,-122.3786535,"['Japanese restaurant', 'Bar', 'Restaurant']",4.4,8,$$,
0x54901ab6a749d143:0x713f16ad9ae9694b,Toshi's Teriyaki,"Toshi's Teriyaki, 20829 Hwy 99, Lynnwood, WA 98036",47.8095406,-122.32406979999999,"['Japanese restaurant', 'Asian restaurant']",4.4,29,$,"[['Friday', '11:30AM–7PM'], ['Saturday', '11:30AM–7PM'], ['Sunday', 'Closed'], ['Monday', '11:30AM–7PM'], ['Tuesday', '11:30AM–7PM'], ['Wednesday', '11:30AM–7PM'], ['Thursday', '11:30AM–7PM']]"
0x5490fd1cdc5a83a7:0x2adc7b219f6c5f55,Happy at the Bay Teriyaki #11,"Happy at the Bay Teriyaki #11, 13414 Meridian Ave E, Puyallup, WA 98373",47.1341472,-122.2939712,"['Japanese restaurant', 'Chinese restaurant']",4.1,204,,"[['Friday', '11AM–3PM'], ['Saturday', '11AM–3PM'], ['Sunday', 'Closed'], ['Monday', '11AM–3PM'], ['Tuesday', '11AM–3PM'], ['Wednesday', '11AM–3PM'], ['Thursday', '11AM–3PM']]"
0x5490151b72b3563b:0x9b852394edd84941,SAI Sushi & Sake,"SAI Sushi & Sake, 25 W Mercer St, Seattle, WA 98119",47.6244296,-122.3576971,['Japanese restaurant'],4.9,14,,"[['Friday', '5:30–9PM'], ['Saturday', '5:30–9PM'], ['Sunday', '5:30–9PM'], ['Monday', '5:30–9PM'], ['Tuesday', 'Closed'], ['Wednesday', '5:30–9PM'], ['Thursday', '5:30–9PM']]"
0x5490f7dae1529f41:0xa6418ef361800ce1,Super Teriyaki,"Super Teriyaki, 1811 Howard Rd, Auburn, WA 98002",47.292427599999996,-122.21201459999999,"['Japanese restaurant', 'Asian restaurant']",3.6,45,,"[['Thursday', '11AM–9PM'], ['Friday', '11AM–9PM'], ['Saturday', '11AM–9PM'], ['Sunday', 'Closed'], ['Monday', '11AM–9PM'], ['Tuesday', '11AM–9PM'], ['Wednesday', '11AM–9PM']]"
0x549aa6f66727cc75:0xe3d96783a9516989,Manse Teriyaki,"Manse Teriyaki, 383 Butler Ave, Monroe, WA 98272",47.857906299999996,-121.96712489999999,"['Japanese restaurant', 'Restaurant']",4.4,228,$,"[['Thursday', '10:15AM–9PM'], ['Friday', '10:15AM–9PM'], ['Saturday', '10:30AM–9PM'], ['Sunday', 'Closed'], ['Monday', '10:15AM–9PM'], ['Tuesday', '10:15AM–9PM'], ['Wednesday', '10:15AM–9PM']]"
0x548579e4243955bd:0x952d10446fb676cb,Tokyo Restaurant,"Tokyo Restaurant, 818 Commercial Ave, Anacortes, WA 98221",48.515270199999996,-122.6127243,['Japanese restaurant'],4.2,31,$$,"[['Thursday', '3:30–9PM'], ['Friday', '3:30–9PM'], ['Saturday', '3:30–9PM'], ['Sunday', 'Closed'], ['Monday', '3:30–9PM'], ['Tuesday', '3:30–9PM'], ['Wednesday', '3:30–9PM']]"
0x54915fb9281281a7:0x9c1cc55704cb083f,ZABDI TERIYAKI,"ZABDI TERIYAKI, 1621 S Gold St, Centralia, WA 98531",46.6968045,-122.95771219999999,['Japanese restaurant'],4.8,118,,"[['Thursday', '10AM–8:30PM'], ['Friday', '10AM–8:30PM'], ['Saturday', '10AM–8:30PM'], ['Sunday', '3–8PM'], ['Monday', '10AM–8:30PM'], ['Tuesday', '10AM–8:30PM'], ['Wednesday', '10AM–8:30PM']]"
0x549014617dffbf91:0xcb9ac4c3a6f522ed,Village Sushi,"Village Sushi, 5211 University Way NE, Seattle, WA 98105",47.666846,-122.3133404,"['Japanese restaurant', 'Restaurant', 'Sushi restaurant']",4.6,238,$$,"[['Thursday', '5–10PM'], ['Friday', '5–10PM'], ['Saturday', '5–10PM'], ['Sunday', '5–10PM'], ['Monday', 'Closed'], ['Tuesday', '5–10PM'], ['Wednesday', '5–10PM']]"
0x5495af94da089723:0xa30b30e21e89cd4b,Sushi Factory,"Sushi Factory, 8115 NE Vancouver Mall Dr, Vancouver, WA 98662",45.6578301,-122.58925959999999,"['Sushi restaurant', 'Japanese restaurant', 'Seafood restaurant']",3.8,466,$,"[['Thursday', '11AM–9PM'], ['Friday', '11AM–9PM'], ['Saturday', '11AM–9PM'], ['Sunday', '11AM–9PM'], ['Monday', '11AM–9PM'], ['Tuesday', '11AM–9PM'], ['Wednesday', '11AM–9PM']]"
0x549015dbf4ced5fb:0x6e62637992eced33,Shinya Shokudo,"Shinya Shokudo, 2401 3rd Ave, Seattle, WA 98121",47.6153644,-122.34655029999999,"['Japanese restaurant', 'Bar', 'Izakaya restaurant', 'Kushiyaki restaurant', 'Yakitori restaurant']",4.3,107,,"[['Thursday', '12–10PM'], ['Friday', 'Closed'], ['Saturday', '12PM–12AM'], ['Sunday', '12–10PM'], ['Monday', '12–10PM'], ['Tuesday', '12–10PM'], ['Wednesday', '12–10PM']]"
0x54906b9d8d5116b7:0x508b463e27b3872f,Taku,"Taku, 706 E Pike St, Seattle, WA 98122",47.614191999999996,-122.3231553,['Japanese restaurant'],4.3,24,,"[['Thursday', '3–10PM'], ['Friday', '3–10PM'], ['Saturday', '3–10PM'], ['Sunday', '3–10PM'], ['Monday', 'Closed'], ['Tuesday', 'Closed'], ['Wednesday', '3–10PM']]"
0x5485a3bd80a2f845:0x70b9ab820ccac54d,Maki Zushi,"Maki Zushi, 1530 Cornwall Ave, Bellingham, WA 98225",48.752065699999996,-122.47457999999999,"['Japanese restaurant', 'Restaurant']",4.7,38,,"[['Thursday', '11:30AM–8PM'], ['Friday', '11:30AM–8PM'], ['Saturday', '1–7PM'], ['Sunday', 'Closed'], ['Monday', '11:30AM–8PM'], ['Tuesday', '11:30AM–8PM'], ['Wednesday', '11:30AM–8PM']]"
0x5499f361e064a0a9:0x4589de6dce663288,Crazy Wok,"Crazy Wok, 108 S Water St, Ellensburg, WA 98926",46.9916011,-120.5495979,"['Restaurant', 'Chinese restaurant', 'Japanese restaurant']",4.6,14,,"[['Thursday', '11AM–9PM'], ['Friday', '11AM–9PM'], ['Saturday', '11AM–9PM'], ['Sunday', '11AM–9PM'], ['Monday', 'Closed'], ['Tuesday', '11AM–9PM'], ['Wednesday', '11AM–9PM']]"
0x549011c817df4fc1:0x1ef06e3f6126c1c0,Kitto,"Kitto, 17171 Bothell Way NE, Lake Forest Park, WA 98155",47.754328,-122.27930099999999,"['Japanese restaurant', 'Asian restaurant', 'Chinese restaurant', 'Sushi restaurant']",2.7,28,$,"[['Thursday', '11AM–8:30PM'], ['Friday', '11AM–9:30PM'], ['Saturday', '11AM–9PM'], ['Sunday', '11AM–7PM'], ['Monday', '11AM–8:30PM'], ['Tuesday', '11AM–8:30PM'], ['Wednesday', '11AM–8:30PM']]"
0x5490152deb68facb:0xba67d73de013f12c,Teriyaki & Wok,"Teriyaki & Wok, 324 Broadway E, Seattle, WA 98102",47.6218442,-122.32054289999999,"['Asian restaurant', 'Chinese restaurant', 'Japanese restaurant', 'Restaurant']",4.1,274,$,"[['Thursday', '11AM–8:30PM'], ['Friday', '11AM–8:30PM'], ['Saturday', 'Closed'], ['Sunday', '11:30AM–8:30PM'], ['Monday', '11AM–8:30PM'], ['Tuesday', '11AM–8:30PM'], ['Wednesday', '11AM–8:30PM']]"
0x5490402841af7127:0xd11e9a4dae3798e5,Seattle's Best Teriyaki,"Seattle's Best Teriyaki, 2445 4th Ave S #109, Seattle, WA 98134",47.580433799999994,-122.3298052,['Japanese restaurant'],3.8,145,$,"[['Thursday', '10AM–9:15PM'], ['Friday', '10AM–9:15PM'], ['Saturday', '10AM–8:30PM'], ['Sunday', 'Closed'], ['Monday', '10AM–9:15PM'], ['Tuesday', '10AM–9:15PM'], ['Wednesday', '10AM–9:15PM']]"
0x5499f3b7c7ff09ff:0x2c99d4a5f4aa0f2d,Kiku-Chan Japanese Restaurant,"Kiku-Chan Japanese Restaurant, 702 E University Way, Ellensburg, WA 98926",46.9996844,-120.53875,"['Japanese restaurant', 'Restaurant']",4.2,124,$$,"[['Thursday', '12–7PM'], ['Friday', '12–7PM'], ['Saturday', '12–7PM'], ['Sunday', 'Closed'], ['Monday', '12–7PM'], ['Tuesday', '12–7PM'], ['Wednesday', '12–7PM']]"
0x549001287a544193:0x6aec7bdd7706910e,Appletree Teriyaki,"Appletree Teriyaki, 8554 Evergreen Way, Everett, WA 98208",47.91997,-122.2313337,['Japanese restaurant'],3.8,128,$,"[['Thursday', '10:30AM–9PM'], ['Friday', '10:30AM–9PM'], ['Saturday', '10:30AM–9PM'], ['Sunday', '10:30AM–9PM'], ['Monday', '10:30AM–9PM'], ['Tuesday', 'Closed'], ['Wednesday', '10:30AM–9PM']]"
0x549879d9a72e2123:0x6cd856345fdf22ea,Tokyo Sushi & Teriyaki,"Tokyo Sushi & Teriyaki, 3617 Plaza Way Suite# B, Kennewick, WA 99338",46.1781971,-119.18733329999999,['Japanese restaurant'],4.5,158,,"[['Thursday', '10:30AM–9PM'], ['Friday', '10:30AM–9PM'], ['Saturday', '10:30AM–9PM'], ['Sunday', '11AM–8PM'], ['Monday', '10:30AM–9PM'], ['Tuesday', '10:30AM–9PM'], ['Wednesday', '10:30AM–9PM']]"
0x5499d623a6e147e3:0x4b68aae84f619289,New York Teriyaki,"New York Teriyaki, 2518 Main St, Union Gap, WA 98903",46.564264099999995,-120.4813337,['Japanese restaurant'],4.3,334,$$,"[['Thursday', '11AM–9PM'], ['Friday', '11AM–9PM'], ['Saturday', '11AM–9PM'], ['Sunday', 'Closed'], ['Monday', '11AM–9PM'], ['Tuesday', '11AM–9PM'], ['Wednesday', '11AM–9PM']]"
0x5490686f2dcf8df7:0x47c2481164371261,Toshi's Teriyaki,"Toshi's Teriyaki, 3154 NE Sunset Blvd, Renton, WA 98056",47.504158,-122.177067,"['Japanese restaurant', 'Asian restaurant', 'Chinese restaurant']",4.0,88,$,"[['Wednesday', '11AM–9PM'], ['Thursday', '11AM–9PM'], ['Friday', '11AM–9PM'], ['Saturday', '11AM–9PM'], ['Sunday', 'Closed'], ['Monday', '11AM–9PM'], ['Tuesday', '11AM–9PM']]"
0x549aa6f5c55731e3:0xf3a31713174a09c3,Teriyaki Bowl,"Teriyaki Bowl, 19821 US-2, Monroe, WA 98272",47.859458599999996,-121.9652464,['Japanese restaurant'],4.6,138,$,"[['Wednesday', '11AM–9PM'], ['Thursday', '11AM–9PM'], ['Friday', '11AM–9PM'], ['Saturday', '11AM–9PM'], ['Sunday', 'Closed'], ['Monday', '11AM–9PM'], ['Tuesday', '11AM–9PM']]"
0x54856c6e8968d01b:0xc2b41b6c984be22e,Teriyaki Time,"Teriyaki Time, 3729 E College Way, Mt Vernon, WA 98273",48.435854899999995,-122.29225269999999,['Japanese restaurant'],4.3,208,$,"[['Wednesday', '11AM–8PM'], ['Thursday', '11AM–8PM'], ['Friday', '11AM–8PM'], ['Saturday', '11AM–8PM'], ['Sunday', 'Closed'], ['Monday', '11AM–8PM'], ['Tuesday', '11AM–8PM']]"
0x5490fcfd5d718f7f:0xfb34cd846672201d,Joy Teriyaki,"Joy Teriyaki, South Hill, WA 98373",47.1371293,-122.29166719999999,['Japanese restaurant'],4.0,115,$$,"[['Wednesday', '11AM–8:30PM'], ['Thursday', '11AM–8:30PM'], ['Friday', '11AM–9PM'], ['Saturday', '11AM–9PM'], ['Sunday', '11AM–8PM'], ['Monday', 'Closed'], ['Tuesday', '11AM–8:30PM']]"
0x549000db65d22bcd:0xbc75dc6ea2b8320e,Ichiban Teriyaki,"Ichiban Teriyaki, 7601 Evergreen Way, Everett, WA 98203",47.929187399999996,-122.21902109999999,"['Korean restaurant', 'Japanese restaurant']",4.4,154,$,"[['Wednesday', '10AM–8PM'], ['Thursday', '10AM–8PM'], ['Friday', '10AM–8PM'], ['Saturday', '11AM–8PM'], ['Sunday', 'Closed'], ['Monday', '10AM–8PM'], ['Tuesday', '10AM–8PM']]"
0x549006e0ca0f44c9:0x3e729df63428e3ba,Lucky Teriyaki,"Lucky Teriyaki, 11419 19th Ave SE #104, Everett, WA 98208",47.8941027,-122.20154219999999,"['Japanese restaurant', 'Asian', 'Asian restaurant']",3.9,58,,"[['Wednesday', '11AM–8PM'], ['Thursday', '11AM–8PM'], ['Friday', '11AM–8PM'], ['Saturday', 'Closed'], ['Sunday', 'Closed'], ['Monday', '11AM–8PM'], ['Tuesday', '11AM–8PM']]"
0x54905caa3c1b424d:0xd0759cf93b97f089,Waji's,"Waji's, Concourse C, Near Gate C12, 17801 International Blvd, Seattle, WA 98158",47.4458,-122.30395109999999,"['Asian restaurant', 'Japanese restaurant', 'Restaurant']",3.3,128,$$,"[['Wednesday', '6AM–10:45PM'], ['Thursday', '6AM–10:45PM'], ['Friday', '6AM–10:45PM'], ['Saturday', '6AM–10:45PM'], ['Sunday', '6AM–10:45PM'], ['Monday', '6AM–10:45PM'], ['Tuesday', '6AM–10:45PM']]"
0x549007b560efd4bf:0xede9257d1758876b,GO!! GO!! Teriyaki,"GO!! GO!! Teriyaki, 10430 19th Ave SE Suite 3, Everett, WA 98208",47.9030226,-122.2073989,"['Japanese restaurant', 'Asian restaurant']",4.9,118,,"[['Wednesday', '11AM–7:30PM'], ['Thursday', '11AM–7:30PM'], ['Friday', '11AM–7:30PM'], ['Saturday', '11AM–7:30PM'], ['Sunday', '11AM–6:30PM'], ['Monday', 'Closed'], ['Tuesday', '11AM–7:30PM']]"
0x549056f8b5ae13c9:0x3a09bf528cb844d2,Hak San Teriyaki,"Hak San Teriyaki, 1913 SW Campus Dr, Federal Way, WA 98023",47.3003615,-122.3591362,"['Asian restaurant', 'Fast food restaurant', 'Japanese restaurant', 'Korean restaurant', 'Restaurant']",4.1,78,,"[['Wednesday', '11AM–9PM'], ['Thursday', '11AM–9PM'], ['Friday', '11AM–9PM'], ['Saturday', '11AM–9PM'], ['Sunday', 'Closed'], ['Monday', '11AM–9PM'], ['Tuesday', '11AM–9PM']]"
0x549763290a927d2d:0x59f22f926a74e68b,New York Teriyaki (on 72nd),"New York Teriyaki (on 72nd), 210 S 72nd Ave, Yakima, WA 98908",46.5948956,-120.6062377,"['Japanese restaurant', 'American restaurant', 'Asian restaurant', 'Korean restaurant']",4.4,238,$$,"[['Wednesday', '11AM–8:30PM'], ['Thursday', '11AM–8:30PM'], ['Friday', '11AM–8:30PM'], ['Saturday', '11AM–8:30PM'], ['Sunday', 'Closed'], ['Monday', '11AM–8:30PM'], ['Tuesday', '11AM–8:30PM']]"
0x549005ddce1766af:0x3be7dbc0e9aac3a2,Sky Teriyaki,"Sky Teriyaki, 800 164th St SE K, Mill Creek, WA 98012",47.8485708,-122.2216284,"['Japanese restaurant', 'Chinese restaurant', 'Restaurant']",4.6,88,$,"[['Wednesday', '11AM–8PM'], ['Thursday', '11AM–8PM'], ['Friday', '11AM–8PM'], ['Saturday', '12–8PM'], ['Sunday', 'Closed'], ['Monday', '11AM–8PM'], ['Tuesday', '11AM–8PM']]"
0x54900530e76bc61d:0x14bc641d14005867,Highway Teriyaki,"Highway Teriyaki, 19312 60th Ave W, Lynnwood, WA 98036",47.823492599999994,-122.31646629999999,"['Asian restaurant', 'Japanese restaurant', 'Japanese steakhouse', 'Restaurant']",4.4,128,$,"[['Wednesday', '11AM–8PM'], ['Thursday', '11AM–8PM'], ['Friday', '11AM–8PM'], ['Saturday', '11AM–7PM'], ['Sunday', 'Closed'], ['Monday', '11AM–8PM'], ['Tuesday', '11AM–8PM']]"
0x54905daddbb50c3f:0xd19dc128eaea0928,Craving Thai,"Craving Thai, 1250 SW 43rd St ste a, Renton, WA 98057",47.441700499999996,-122.23415709999999,"['Thai restaurant', 'Japanese restaurant']",4.4,47,,"[['Wednesday', '10:30AM–8PM'], ['Thursday', '10:30AM–8PM'], ['Friday', '10:30AM–8PM'], ['Saturday', '10:30AM–7PM'], ['Sunday', 'Closed'], ['Monday', '10:30AM–8PM'], ['Tuesday', '10:30AM–8PM']]"
0x54903a957bedaca3:0xc1a3c71768fedccd,Teriyaki Delight,"Teriyaki Delight, 9989 Silverdale Way NW STE C, Silverdale, WA 98383",47.6538252,-122.6924803,"['Japanese restaurant', 'Asian restaurant']",4.5,108,,"[['Wednesday', '11AM–8:30PM'], ['Thursday', '11AM–8:30PM'], ['Friday', '11AM–8:30PM'], ['Saturday', '11AM–8:30PM'], ['Sunday', 'Closed'], ['Monday', '11AM–8:30PM'], ['Tuesday', '11AM–8:30PM']]"
0x5490088a20336527:0x7d48d1211abcc377,One Teriyaki,"One Teriyaki, 17424 WA-9 C, Snohomish, WA 98296",47.8383624,-122.1255583,['Japanese restaurant'],4.2,95,,"[['Wednesday', '11AM–9PM'], ['Thursday', '11AM–9PM'], ['Friday', '11AM–9PM'], ['Saturday', '11AM–9PM'], ['Sunday', 'Closed'], ['Monday', '11AM–9PM'], ['Tuesday', '11AM–9PM']]"
0x5499d9427bbf29a9:0x727564d9f6cb18b8,New York Teriyaki,"New York Teriyaki, 723 N. Park Central, Selah, WA 98942",46.6635664,-120.52141089999999,"['Japanese restaurant', 'Restaurant']",4.2,78,,"[['Wednesday', '11AM–9PM'], ['Thursday', '11AM–9PM'], ['Friday', '11AM–9PM'], ['Saturday', '11AM–9PM'], ['Sunday', 'Closed'], ['Monday', '11AM–9PM'], ['Tuesday', '11AM–9PM']]"
0x5490ff50189e1479:0xcaacbaebd69811e1,Ichiban Teriyaki Fife,"Ichiban Teriyaki Fife, 4500 Pacific Hwy E # I, Fife, WA 98424",47.2426858,-122.3680095,"['Japanese restaurant', 'Asian restaurant']",4.2,271,$,"[['Wednesday', '10AM–9PM'], ['Thursday', '10AM–9PM'], ['Friday', '10AM–9PM'], ['Saturday', '10AM–9PM'], ['Sunday', 'Closed'], ['Monday', '10AM–9PM'], ['Tuesday', '10AM–9PM']]"
0x54946d10851a3269:0xaec87e686ca374bf,Teriyaki Spice,"Teriyaki Spice, 1140 15th Ave, Longview, WA 98632",46.1349218,-122.9376942,"['Japanese restaurant', 'Restaurant']",4.2,88,,"[['Wednesday', '10AM–10PM'], ['Thursday', '10AM–10PM'], ['Friday', '10AM–10PM'], ['Saturday', '10AM–10PM'], ['Sunday', '10AM–8PM'], ['Monday', '10AM–10PM'], ['Tuesday', '10AM–10PM']]"
0x549005fa1711fb9b:0xbb56c311b90c6e96,Osaka Grill Teriyaki,"Osaka Grill Teriyaki, 18001 Bothell Everett Hwy #124, Bothell, WA 98012",47.833697799999996,-122.20938179999999,['Japanese restaurant'],4.3,105,$,"[['Wednesday', '10:30AM–9PM'], ['Thursday', '10:30AM–9PM'], ['Friday', '10:30AM–9PM'], ['Saturday', '10:30AM–9PM'], ['Sunday', 'Closed'], ['Monday', '10:30AM–9PM'], ['Tuesday', '10:30AM–9PM']]"
0x5490148b4b1858b7:0x8fcb595390632ace,Best of Bento,"Best of Bento, 4245 University Way NE, Seattle, WA 98105",47.659609599999996,-122.3134541,"['Japanese restaurant', 'Restaurant']",4.2,56,$,"[['Wednesday', '11AM–9:30PM'], ['Thursday', '11AM–9:30PM'], ['Friday', '11AM–9:30PM'], ['Saturday', '12–9PM'], ['Sunday', 'Closed'], ['Monday', '11AM–9:30PM'], ['Tuesday', '11AM–9:30PM']]"
0x54900f6bad46ccfb:0x9c00e70a188c9ea0,Yummy Teriyaki,"Yummy Teriyaki, 20631 Bothell Everett Hwy, Bothell, WA 98012",47.8106727,-122.20581519999999,"['Japanese restaurant', 'Asian restaurant']",3.7,98,,"[['Tuesday', '10:30AM–9PM'], ['Wednesday', '10:30AM–9PM'], ['Thursday', '10:30AM–9PM'], ['Friday', '10:30AM–9PM'], ['Saturday', '10:30AM–9PM'], ['Sunday', '11AM–8:45PM'], ['Monday', 'Closed']]"
0x54900e27f76da3bd:0x235bd74b7e65c89e,Ichiban Teriyaki,"Ichiban Teriyaki, 6524 NE 181st St, Kenmore, WA 98028",47.759761499999996,-122.25237329999999,['Japanese restaurant'],4.5,212,$,"[['Tuesday', '11AM–8PM'], ['Wednesday', '11AM–8PM'], ['Thursday', '11AM–8PM'], ['Friday', '11AM–8PM'], ['Saturday', '11AM–7:30PM'], ['Sunday', 'Closed'], ['Monday', '11AM–8PM']]"
0x549044b447ca1843:0x66980f0c14f3807d,Normandy Teriyaki & Sushi,"Normandy Teriyaki & Sushi, 17841 1st Ave S, Normandy Park, WA 98148",47.4422961,-122.33537709999999,"['Japanese restaurant', 'Asian restaurant', 'Bubble tea store', 'Chinese restaurant', 'Fast food restaurant', 'Korean restaurant']",4.0,118,$,"[['Tuesday', '11AM–11PM'], ['Wednesday', '11AM–11PM'], ['Thursday', '11AM–11PM'], ['Friday', '11AM–11PM'], ['Saturday', '11AM–11PM'], ['Sunday', '12–11PM'], ['Monday', '11AM–11PM']]"
0x5490449dfa37b68b:0x3028e6d29a17e8aa,I Luv Teriyaki,"I Luv Teriyaki, 15225 1st Ave S, Burien, WA 98148",47.466152,-122.3342509,"['Japanese restaurant', 'Asian restaurant']",4.2,128,$,"[['Tuesday', '11AM–9PM'], ['Wednesday', '11AM–9PM'], ['Thursday', '11AM–9PM'], ['Friday', '11AM–9PM'], ['Saturday', '11AM–9PM'], ['Sunday', '12–7PM'], ['Monday', '11AM–9PM']]"
0x54900c292facd935:0xc148d588ffd21213,Minami Teriyaki,"Minami Teriyaki, 17307 140th Ave NE #6879, Woodinville, WA 98072",47.753343699999995,-122.1533973,['Japanese restaurant'],4.5,166,$,"[['Tuesday', '11AM–9PM'], ['Wednesday', '11AM–9PM'], ['Thursday', '11AM–9PM'], ['Friday', '11AM–9PM'], ['Saturday', '11AM–9PM'], ['Sunday', 'Closed'], ['Monday', '11AM–9PM']]"
0x54905c8a1d488dff:0x3b0e88506210d5cd,Teriyaki 2U,"Teriyaki 2U, 20038 68th Ave S #108, Kent, WA 98032",47.4223121,-122.2489406,"['Japanese restaurant', 'Asian restaurant']",4.1,73,$,"[['Tuesday', '9:30AM–7PM'], ['Wednesday', '9:30AM–7PM'], ['Thursday', '9:30AM–7PM'], ['Friday', '9:30AM–7PM'], ['Saturday', '10AM–5PM'], ['Sunday', 'Closed'], ['Monday', '9:30AM–7PM']]"
0x549aa9a3227e1581:0x350a0d3fd7cf8204,Snohomish Teriyaki,"Snohomish Teriyaki, 1207 13th St # J, Snohomish, WA 98290",47.925888,-122.0970332,['Japanese restaurant'],4.1,118,,"[['Tuesday', '11AM–9PM'], ['Wednesday', '11AM–9PM'], ['Thursday', '11AM–9PM'], ['Friday', '11AM–9PM'], ['Saturday', '11AM–9PM'], ['Sunday', '1–7PM'], ['Monday', '11AM–9PM']]"
0x5490ff8d6d6d829b:0x3e7aa214b786aa50,Kobo Teriyaki,"Kobo Teriyaki, 3814 Pacific Ave #104, Tacoma, WA 98418",47.2222687,-122.4347361,"['Japanese restaurant', 'Asian restaurant', 'Chinese restaurant']",3.7,148,$$,
0x54901484ae448759:0x9aff3342596fe882,Toshi's Teriyaki,"Toshi's Teriyaki, 3715 NE 45th St, Seattle, WA 98105",47.6610987,-122.28761949999999,['Japanese restaurant'],4.2,118,$,"[['Tuesday', '11AM–8PM'], ['Wednesday', '11AM–8PM'], ['Thursday', '11AM–8PM'], ['Friday', '11AM–8PM'], ['Saturday', '11AM–8PM'], ['Sunday', 'Closed'], ['Monday', '11AM–8PM']]"
0x549042ab606fe4d9:0x3702b3d2cd5fb46a,Wild Ginger Teriyaki,"Wild Ginger Teriyaki, 305 Burnett Ave S, Renton, WA 98057",47.4794621,-122.2082985,['Kyoto style Japanese restaurant'],4.6,158,,"[['Tuesday', '11AM–9PM'], ['Wednesday', '11AM–9PM'], ['Thursday', '11AM–9PM'], ['Friday', '11AM–9PM'], ['Saturday', '11AM–8PM'], ['Sunday', 'Closed'], ['Monday', '11AM–9PM']]"
0x549010f2e5645555:0x3bd5493d4c6030c9,Asian Palette,"Asian Palette, 18336 Aurora Ave N Suite 106, Shoreline, WA 98133",47.761655999999995,-122.344977,"['Asian restaurant', 'Japanese restaurant', 'Restaurant', 'Sushi restaurant']",3.3,47,,"[['Tuesday', '10:30AM–9PM'], ['Wednesday', '10:30AM–9PM'], ['Thursday', '10:30AM–9PM'], ['Friday', '10:30AM–9PM'], ['Saturday', '10:30AM–9PM'], ['Sunday', 'Closed'], ['Monday', '10:30AM–9PM']]"
0x54906d09cb23091d:0x7a40b7c815ae2957,Yumiko's Teriyaki,"Yumiko's Teriyaki, 15003 NE 24th St, Redmond, WA 98052",47.631269599999996,-122.1404032,['Japanese restaurant'],4.4,117,$,"[['Tuesday', '11AM–8:30PM'], ['Wednesday', '11AM–8:30PM'], ['Thursday', '11AM–8:30PM'], ['Friday', '11AM–8:30PM'], ['Saturday', '11AM–8PM'], ['Sunday', 'Closed'], ['Monday', '11AM–8:30PM']]"
0x54901a62625d769f:0x76d68dbb0162857e,Yummy Teriyaki & Sushi,"Yummy Teriyaki & Sushi, 9808 Edmonds Way, Edmonds, WA 98020",47.7902303,-122.36502259999999,"['Sushi restaurant', 'Asian restaurant', 'Japanese restaurant']",3.8,44,$$,"[['Tuesday', '11AM–7:30PM'], ['Wednesday', '11AM–7:30PM'], ['Thursday', '11AM–7:30PM'], ['Friday', '11AM–7:30PM'], ['Saturday', '11AM–7:30PM'], ['Sunday', 'Closed'], ['Monday', '11AM–7:30PM']]"
0x5485538c45d95861:0x415c81f386fd5bed,Sunny Teriyaki,"Sunny Teriyaki, 3719 88th St NE E, Marysville, WA 98270",48.0762314,-122.1801419,"['Japanese restaurant', 'Chinese restaurant']",4.7,198,$,"[['Tuesday', '10:30AM–9PM'], ['Wednesday', '10:30AM–9PM'], ['Thursday', '10:30AM–9PM'], ['Friday', '10:30AM–9PM'], ['Saturday', '10:30AM–9PM'], ['Sunday', 'Closed'], ['Monday', '10:30AM–9PM']]"
0x549004fdda657d35:0xbaeb90bf6bb91dbd,Teriyaki Plus,"98037 Washington, Lynnwood, Hwy 99, Teriyaki Plus",47.8468641,-122.2956815,"['Japanese restaurant', 'Asian restaurant']",4.5,154,,"[['Tuesday', '11AM–8PM'], ['Wednesday', '11AM–8PM'], ['Thursday', '11AM–8PM'], ['Friday', '11AM–8PM'], ['Saturday', '11AM–5PM'], ['Sunday', 'Closed'], ['Monday', '11AM–8PM']]"
0x549004fcb7589c79:0xdaa7fe3ce21aae18,Teriyaki Grill,"Teriyaki Grill, 16725 52nd Ave W, Lynnwood, WA 98037",47.8472219,-122.3032274,"['Grill', 'Japanese restaurant']",4.3,87,$,"[['Tuesday', '11AM–8PM'], ['Wednesday', '11AM–8PM'], ['Thursday', '11AM–8PM'], ['Friday', '11AM–8PM'], ['Saturday', '11AM–8PM'], ['Sunday', 'Closed'], ['Monday', '11AM–8PM']]"
0x5490119fd72b60f5:0xebcc74a4667ff25c,Nasai Teriyaki,"Nasai Teriyaki, 3221 NE 145th St, Seattle, WA 98155",47.7333788,-122.29312709999999,"['Japanese restaurant', 'Chinese restaurant']",4.6,143,$$,"[['Monday', '11AM–8PM'], ['Tuesday', '11AM–8PM'], ['Wednesday', '11AM–8PM'], ['Thursday', '11AM–8PM'], ['Friday', '11AM–8PM'], ['Saturday', '11AM–8PM'], ['Sunday', 'Closed']]"
0x54906cf88940f2e3:0x15247cc2815dbf4c,Teriyaki Express,"Teriyaki Express, 1425 130th Ave NE #2221, Bellevue, WA 98005",47.6230622,-122.16762399999999,"['Asian restaurant', 'Japanese restaurant']",4.4,198,$,"[['Monday', 'Closed'], ['Tuesday', '10AM–6PM'], ['Wednesday', '10AM–6PM'], ['Thursday', 'Closed'], ['Friday', 'Closed'], ['Saturday', 'Closed'], ['Sunday', 'Open 24 hours']]"
0x54906bba5608ab0b:0xa3b9adfdde37dcca,Gourmet Teriyaki,"Gourmet Teriyaki, 7671 SE 27th St, Mercer Island, WA 98040",47.586458799999996,-122.2358462,['Japanese restaurant'],3.8,127,$$,"[['Monday', '11AM–8PM'], ['Tuesday', '11AM–8PM'], ['Wednesday', '11AM–8PM'], ['Thursday', '11AM–8PM'], ['Friday', '11AM–8PM'], ['Saturday', '11AM–7PM'], ['Sunday', 'Closed']]"
0x54905eb68c08b715:0x11add5a1b2559e60,Himitsu Teriyaki,"Himitsu Teriyaki, 10216 SE 256th St #110, Kent, WA 98030",47.373225,-122.2037699,"['Authentic Japanese restaurant', 'Asian restaurant', 'Sushi restaurant']",4.5,218,$$,"[['Monday', 'Closed'], ['Tuesday', '11AM–7:30PM'], ['Wednesday', '11AM–7:30PM'], ['Thursday', '11AM–7:30PM'], ['Friday', '11AM–7:30PM'], ['Saturday', '11AM–7:30PM'], ['Sunday', 'Closed']]"
0x54906dc0467fd2d7:0xd139c6c60afa7494,The Bento Box,"The Bento Box, 15119 NE 24th St, Redmond, WA 98052",47.630435299999995,-122.1389114,['Japanese restaurant'],4.6,64,,"[['Monday', '11AM–9PM'], ['Tuesday', '11AM–9PM'], ['Wednesday', '11AM–9PM'], ['Thursday', '11AM–9PM'], ['Friday', '11AM–9PM'], ['Saturday', '11AM–9PM'], ['Sunday', 'Closed']]"
0x5490e3131fe05d23:0x2e1cf81c18480e72,Modoo 3 Teriyaki,"Modoo 3 Teriyaki, 215 Whitesell St NW # B106, Orting, WA 98360",47.0996318,-122.2099537,['Japanese restaurant'],4.2,88,,"[['Monday', '11AM–8:30PM'], ['Tuesday', '11AM–8:30PM'], ['Wednesday', '11AM–8:30PM'], ['Thursday', '11AM–9PM'], ['Friday', '11AM–9PM'], ['Saturday', '11AM–8:30PM'], ['Sunday', 'Closed']]"
0x54901153065c11ed:0x90c46a0065789aed,Teriyaki Plus,"Teriyaki Plus, 2100 N Northgate Way b, Seattle, WA 98133",47.7089992,-122.33363849999999,"['Japanese restaurant', 'Asian restaurant']",4.3,126,$,"[['Monday', '11AM–8PM'], ['Tuesday', '11AM–8PM'], ['Wednesday', '11AM–8PM'], ['Thursday', '11AM–8PM'], ['Friday', '11AM–8PM'], ['Saturday', '11:30AM–7:30PM'], ['Sunday', 'Closed']]"
0x54915f87ec2dcf7f:0x2e55a0f561db23ac,Kobo Teriyaki,"Kobo Teriyaki, 1409 NW Louisiana Ave, Chehalis, WA 98532",46.675424299999996,-122.9801973,['Japanese restaurant'],4.5,248,$,"[['Monday', '11AM–8PM'], ['Tuesday', '11AM–8PM'], ['Wednesday', '11AM–8PM'], ['Thursday', '11AM–8PM'], ['Friday', '11AM–8PM'], ['Saturday', '11AM–8PM'], ['Sunday', 'Closed']]"
0x54906d84ae503453:0xb50d242f72fbb972,Avo-Poke,"Avo-Poke, 500 Bellevue Way NE St Fl 2, Bellevue, WA 98004",47.614889999999995,-122.20109409999999,"['Hawaiian restaurant', 'Family restaurant', 'Fast food restaurant', 'Japanese restaurant', 'Sushi restaurant']",3.5,16,,"[['Monday', '11AM–8PM'], ['Tuesday', '11AM–8PM'], ['Wednesday', '11AM–8PM'], ['Thursday', '11AM–8PM'], ['Friday', '11AM–9PM'], ['Saturday', '11AM–9PM'], ['Sunday', '11AM–8PM']]"
0x549057082a379e85:0xa1a83d4cf15b5c9f,Best Sushi,"Best Sushi, 32911 1st Ave S, Federal Way, WA 98003",47.3074818,-122.3356206,"['Japanese restaurant', 'Sushi restaurant']",4.6,238,$$,"[['Monday', '12–8PM'], ['Tuesday', '12–8PM'], ['Wednesday', '12–8PM'], ['Thursday', '12–8PM'], ['Friday', '12–8PM'], ['Saturday', '12–8PM'], ['Sunday', 'Closed']]"
0x54905c06d946b563:0x5fcc8763749ef5f,Kim's Teriyaki,"Kim's Teriyaki, 841 Central Ave N #101, Kent, WA 98032",47.389769,-122.2316862,['Japanese restaurant'],4.7,188,$,"[['Monday', 'Closed'], ['Tuesday', '11AM–8PM'], ['Wednesday', '11AM–8PM'], ['Thursday', '11AM–8PM'], ['Friday', '11AM–8PM'], ['Saturday', 'Closed'], ['Sunday', 'Closed']]"
0x548fbf5f6d188baf:0xd873525e666700e1,Osaka Japanese Restaurant,"Osaka Japanese Restaurant, 740 E Washington St, Sequim, WA 98382",48.078801999999996,-123.091788,"['Japanese restaurant', 'Sushi restaurant']",4.2,45,,"[['Monday', '11AM–9PM'], ['Tuesday', '11AM–9PM'], ['Wednesday', '11AM–9PM'], ['Thursday', '11AM–9PM'], ['Friday', '11AM–9PM'], ['Saturday', '11AM–9PM'], ['Sunday', '11AM–9PM']]"
0x549100768f914edb:0x4f1e7b89d3d0107b,56th Teriyaki,"56th Teriyaki, 5013 S 56th St Suite #E, Tacoma, WA 98409",47.207116,-122.503985,"['Japanese restaurant', 'Asian restaurant']",4.7,215,$,"[['Monday', 'Closed'], ['Tuesday', '11:30AM–8PM'], ['Wednesday', '11:30AM–8PM'], ['Thursday', '11:30AM–8PM'], ['Friday', 'Closed'], ['Saturday', '12–8PM'], ['Sunday', 'Closed']]"
0x54986f8f362aa3db:0xdf9ce0b8834c59d0,Tri Teriyaki,"Tri Teriyaki, 5431 W Van Giesen St, West Richland, WA 99353",46.303418,-119.357878,"['Asian restaurant', 'Japanese restaurant', 'Korean restaurant']",4.6,128,$$,"[['Sunday', 'Closed'], ['Monday', 'Closed'], ['Tuesday', '7:30AM–7:30PM'], ['Wednesday', '7AM–7:30PM'], ['Thursday', '7:30AM–7:30PM'], ['Friday', '7:30AM–7:30PM'], ['Saturday', '7:30AM–7:30PM']]"
0x5490fae7bb813215:0x14cd536b3ba0b9ec,Ichi 5 Teriyaki,"Ichi 5 Teriyaki, 19916 S Prairie Rd E, Bonney Lake, WA 98391",47.1682126,-122.1627846,"['Japanese restaurant', 'Asian restaurant']",4.5,93,,"[['Sunday', 'Closed'], ['Monday', 'Closed'], ['Tuesday', '11AM–9PM'], ['Wednesday', '11AM–9PM'], ['Thursday', '11AM–9PM'], ['Friday', '11AM–9PM'], ['Saturday', '11AM–9PM']]"
0x549012beb36c0567:0xa57ecd7a3c9f7af2,Nasai Teriyaki,"Nasai Teriyaki, 8417 122nd Ave NE, Kirkland, WA 98033",47.678864999999995,-122.178567,"['Japanese restaurant', 'Asian restaurant']",4.2,228,$,"[['Sunday', '11AM–8:30PM'], ['Monday', '11AM–8PM'], ['Tuesday', '11AM–8PM'], ['Wednesday', '11AM–8PM'], ['Thursday', '11AM–8PM'], ['Friday', '11AM–8PM'], ['Saturday', '11AM–8PM']]"
0x549e202bf003240d:0xdc15c52283c9f706,Chan Bistro,"Chan Bistro, 1409 N Argonne Rd, Spokane Valley, WA 99212",47.6700556,-117.2836875,"['Bistro', 'Chinese restaurant', 'Japanese restaurant']",4.4,218,$$,"[['Sunday', 'Closed'], ['Monday', '12–8PM'], ['Tuesday', '12–8PM'], ['Wednesday', '12–8PM'], ['Thursday', '12–8PM'], ['Friday', '4–8PM'], ['Saturday', '4–8PM']]"
0x5495af93914588e3:0x3a23fff660ca0ac3,Ichi 28 Teriyaki,"Ichi 28 Teriyaki, 4804 NE Thurston Way #F, Vancouver, WA 98662",45.657050899999994,-122.59024769999999,['Japanese restaurant'],4.2,148,,"[['Sunday', 'Closed'], ['Monday', '10:30AM–9PM'], ['Tuesday', '10:30AM–9PM'], ['Wednesday', '10:30AM–9PM'], ['Thursday', '10:30AM–9PM'], ['Friday', '10:30AM–9PM'], ['Saturday', '10:30AM–9PM']]"
0x54906ddc960d1a33:0x8b9d4d43cbd106de,Hurry Curry of Tokyo - Bellevue,"Hurry Curry of Tokyo - Bellevue, 15015 Main St #114, Bellevue, WA 98007",47.6082678,-122.14177169999999,"['Japanese restaurant', 'Japanese curry restaurant']",4.5,18,,"[['Sunday', '11AM–9PM'], ['Monday', '11AM–9PM'], ['Tuesday', '11AM–9PM'], ['Wednesday', '11AM–9PM'], ['Thursday', '11AM–9PM'], ['Friday', '11AM–9PM'], ['Saturday', '11AM–9PM']]"
0x54905cc5f3509a21:0xca0e7ffea3931273,Happy Teriyaki,"Happy Teriyaki, 17165 Southcenter Pkwy, Tukwila, WA 98188",47.4495922,-122.26334,['Japanese restaurant'],3.9,127,,"[['Sunday', 'Closed'], ['Monday', '11AM–9PM'], ['Tuesday', '11AM–9PM'], ['Wednesday', '11AM–9PM'], ['Thursday', '11AM–9PM'], ['Friday', '11AM–9PM'], ['Saturday', '11AM–9PM']]"
0x54906bbbb7c81efd:0x513e2d326a77a79d,Sushi Joa Restaurant,"Sushi Joa Restaurant, 2717 78th Ave SE, Mercer Island, WA 98040",47.586139499999994,-122.2340725,"['Sushi restaurant', 'Asian restaurant', 'Japanese restaurant']",4.5,194,$$,"[['Sunday', 'Closed'], ['Monday', 'Closed'], ['Tuesday', '11:30AM–8:30PM'], ['Wednesday', '11:30AM–8:30PM'], ['Thursday', '11:30AM–8:30PM'], ['Friday', '11:30AM–8:30PM'], ['Saturday', '11:30AM–8:30PM']]"
0x54905a200bf5dbad:0x4b2fc3fd8a5c150a,Happy Teriyaki Des Moines,"Happy Teriyaki Des Moines, 27011 Pacific Hwy S, Des Moines, WA 98198",47.3594274,-122.3094565,['Japanese restaurant'],3.8,128,$,"[['Sunday', 'Closed'], ['Monday', '10:30AM–8:30PM'], ['Tuesday', '10:30AM–8:30PM'], ['Wednesday', '10:30AM–8:30PM'], ['Thursday', '10:30AM–8:30PM'], ['Friday', '10:30AM–7PM'], ['Saturday', '11AM–8PM']]"
0x549101b1910a6b69:0x51d6c5316f411b87,Jinza Teriyaki,"Jinza Teriyaki, 9318 Steele St S, Tacoma, WA 98444",47.1725558,-122.46409,['Japanese restaurant'],4.6,154,$,"[['Sunday', 'Closed'], ['Monday', '10:30AM–9PM'], ['Tuesday', '10:30AM–9PM'], ['Wednesday', '10:30AM–9PM'], ['Thursday', '10:30AM–9PM'], ['Friday', '10:30AM–9PM'], ['Saturday', '10:30AM–9PM']]"
0x549042ac2cb3e721:0x7dddea5de38d3d9c,Happy At the Bay Teriyaki,"Happy At the Bay Teriyaki, 203 S 2nd St, Renton, WA 98057",47.4807031,-122.2147464,"['Japanese restaurant', 'Asian restaurant']",4.2,97,,"[['Sunday', 'Closed'], ['Monday', 'Closed'], ['Tuesday', '11AM–8:30PM'], ['Wednesday', '11AM–8:30PM'], ['Thursday', '11AM–8:30PM'], ['Friday', '11AM–8:30PM'], ['Saturday', '11AM–8PM']]"
0x5490154b0b05e625:0xbdde58674f939625,Poke Alice 2,"Poke Alice 2, 2001 6th Ave #102, Seattle, WA 98121",47.6144331,-122.3388904,"['Hawaiian restaurant', 'Health food restaurant', 'Japanese restaurant', 'Sushi restaurant']",4.2,188,$,"[['Sunday', 'Closed'], ['Monday', '10:30AM–7PM'], ['Tuesday', '10:30AM–7PM'], ['Wednesday', '10:30AM–7PM'], ['Thursday', '10:30AM–7PM'], ['Friday', '10:30AM–7PM'], ['Saturday', 'Closed']]"
0x549058602a654d97:0xb93a4ef4cbe8538f,Soho Teriyaki,"Soho Teriyaki, 1209 Auburn Way N, Auburn, WA 98002",47.318873599999996,-122.2220265,"['Japanese restaurant', 'Asian restaurant']",3.3,68,,"[['Sunday', 'Closed'], ['Monday', '11AM–8:30PM'], ['Tuesday', '11AM–8:30PM'], ['Wednesday', '11AM–8:30PM'], ['Thursday', '11AM–8:30PM'], ['Friday', '11AM–8:30PM'], ['Saturday', '12–8PM']]"
0x549058099e3cb66d:0xbbb595ed53ca48f7,Asiana Teriyaki,"Asiana Teriyaki, 920 15th St SW, Auburn, WA 98001",47.2952778,-122.2405556,"['Japanese restaurant', 'Asian restaurant']",4.4,128,$,"[['Sunday', 'Closed'], ['Monday', '10:30AM–9PM'], ['Tuesday', '10:30AM–9PM'], ['Wednesday', '10:30AM–9PM'], ['Thursday', '10:30AM–9PM'], ['Friday', '10:30AM–9PM'], ['Saturday', '11AM–8PM']]"
0x54905bca58dc2aab:0xa3492e77a939b080,Haru Sushi & Teriyaki,"Haru Sushi & Teriyaki, 23629 Pacific Hwy S, Des Moines, WA 98198",47.389396999999995,-122.29626599999999,"['Japanese restaurant', 'Asian restaurant']",4.4,165,,"[['Sunday', 'Closed'], ['Monday', '11AM–9PM'], ['Tuesday', '11AM–9PM'], ['Wednesday', '11AM–9PM'], ['Thursday', '11AM–9PM'], ['Friday', '11AM–9PM'], ['Saturday', '11AM–9PM']]"
0x54901487daf23895:0xc2a6e0ed783fd95a,Nasai Teriyaki,"Nasai Teriyaki, 5025 25th Ave NE, Seattle, WA 98105",47.6655843,-122.3013213,"['Japanese restaurant', 'Restaurant']",3.9,57,$,"[['Sunday', 'Closed'], ['Monday', '11AM–8PM'], ['Tuesday', '11AM–8PM'], ['Wednesday', '11AM–8PM'], ['Thursday', '11AM–8PM'], ['Friday', '11AM–8PM'], ['Saturday', 'Closed']]"
0x54906fdf8bb81577:0x5f5f5d8bb23a7c4a,Yoko Teriyaki :,"Yoko Teriyaki :, 4516 Klahanie Dr SE, Issaquah, WA 98029",47.5657655,-122.00578349999999,"['Japanese restaurant', 'Asian restaurant', 'Sushi restaurant']",3.6,108,,"[['Sunday', 'Closed'], ['Monday', '10:30AM–9PM'], ['Tuesday', '10:30AM–9PM'], ['Wednesday', '10:30AM–9PM'], ['Thursday', '10:30AM–9PM'], ['Friday', '10:30AM–9PM'], ['Saturday', '10:30AM–9PM']]"
0x54906c8779da7333:0xc866578e92fc4c88,Teriyaki & More,"Teriyaki & More, 120 Bellevue Way NE, Bellevue, WA 98004",47.6117926,-122.20108599999999,"['Asian restaurant', 'Box lunch supplier', 'Chicken restaurant', 'Fast food restaurant', 'Japanese restaurant', 'Noodle shop', 'Seafood restaurant', 'Thai restaurant', 'Vegetarian restaurant']",4.0,24,,"[['Sunday', 'Closed'], ['Monday', '11AM–9PM'], ['Tuesday', '11AM–9PM'], ['Wednesday', '11AM–9PM'], ['Thursday', '11AM–9PM'], ['Friday', '11AM–9PM'], ['Saturday', '11AM–3PM']]"
0x549015ddfbd9df63:0xd5a98231d407c3f3,Koku Cafe + Market,"Koku Cafe + Market, 1417 Queen Anne Ave N #101b, Seattle, WA 98109",47.6321868,-122.35700879999999,"['Health food restaurant', 'Asian grocery store', 'Asian restaurant', 'Breakfast restaurant', 'Cafe', 'Coffee shop', 'Eclectic restaurant', 'Japanese delicatessen', 'Delivery Restaurant', 'Tea house']",4.8,98,$,"[['Sunday', '9AM–8PM'], ['Monday', 'Closed'], ['Tuesday', '10AM–3PM'], ['Wednesday', '10AM–3PM'], ['Thursday', '10AM–3PM'], ['Friday', '9AM–8PM'], ['Saturday', '9AM–8PM']]"
0x549037e2467c61ef:0xd7886cb15130fd02,Ace Teriyaki,"Ace Teriyaki, 1734 Village Ln SE, Port Orchard, WA 98366",47.533029899999995,-122.59543269999999,"['Japanese restaurant', 'Asian restaurant']",3.8,26,,"[['Sunday', 'Closed'], ['Monday', '11AM–8:30PM'], ['Tuesday', '11AM–8:30PM'], ['Wednesday', '11AM–8:30PM'], ['Thursday', '11AM–8:30PM'], ['Friday', '11AM–8:30PM'], ['Saturday', '12–8:30PM']]"
0x549006993ccb3f33:0x2548cfc6f57fffde,Echigo Teriyaki in Everett,"Echigo Teriyaki in Everett, 520 128th St SW, Everett, WA 98204",47.8809329,-122.2415977,"['Japanese restaurant', 'Asian restaurant', 'Sushi restaurant']",4.2,88,$,"[['Saturday', '10:30AM–9PM'], ['Sunday', 'Closed'], ['Monday', '10:30AM–9PM'], ['Tuesday', '10:30AM–9PM'], ['Wednesday', '10:30AM–9PM'], ['Thursday', '10:30AM–9PM'], ['Friday', '10:30AM–9PM']]"
0x549004115de079fb:0x63010b3ca21422d8,Niko Teriyaki,"Niko Teriyaki, 12926 Mukilteo Speedway # 9, Lynnwood, WA 98087",47.8804607,-122.27950009999999,"['Japanese restaurant', 'Restaurant']",4.1,58,$$,"[['Saturday', '12–8:30PM'], ['Sunday', 'Closed'], ['Monday', '11AM–9PM'], ['Tuesday', '11AM–9PM'], ['Wednesday', '11AM–9PM'], ['Thursday', '11AM–9PM'], ['Friday', '11AM–9PM']]"
0x54906abfb18e7555:0x8246645a1acde533,Ten Sushi #35,"Ten Sushi #35, 1207 S Jackson St b106, Seattle, WA 98144",47.598870399999996,-122.3165678,"['Japanese restaurant', 'Delivery Restaurant', 'Sushi restaurant']",3.8,98,$$,"[['Saturday', '10AM–9PM'], ['Sunday', '10AM–7:30PM'], ['Monday', '10AM–7:30PM'], ['Tuesday', '10AM–7:30PM'], ['Wednesday', '10AM–7:30PM'], ['Thursday', '10AM–7:30PM'], ['Friday', '10AM–9PM']]"
0x549005573fe3552d:0x845104bedd8c2ccb,Teriyaki Garden,"Teriyaki Garden, 21210 44th Ave W C, Mountlake Terrace, WA 98043",47.806188,-122.2928779,"['Japanese restaurant', 'Fast food restaurant']",4.5,233,$,"[['Saturday', '11AM–8:30PM'], ['Sunday', 'Closed'], ['Monday', 'Closed'], ['Tuesday', '10:30AM–9PM'], ['Wednesday', '10:30AM–9PM'], ['Thursday', '10:30AM–9PM'], ['Friday', '10:30AM–9PM']]"
0x5491751c5db0c70f:0x479f8780889fa834,Happy Teriyaki 16,"Happy Teriyaki 16, 106 Legion Way SE, Olympia, WA 98501",47.04334,-122.90103289999999,"['Japanese restaurant', 'Asian restaurant', 'Bubble tea store', 'Pho restaurant']",4.1,108,$,"[['Saturday', '12–9PM'], ['Sunday', 'Closed'], ['Monday', '11AM–9PM'], ['Tuesday', '11AM–9PM'], ['Wednesday', '11AM–9PM'], ['Thursday', '11AM–9PM'], ['Friday', '11AM–9PM']]"
0x54906abcea372a19:0xa799a7c11c24b139,Aloha Plates,"Aloha Plates, 511 S Weller St, Seattle, WA 98104",47.597381,-122.3272502,"['Hawaiian restaurant', 'Asian fusion restaurant', 'Asian restaurant', 'Fast food restaurant', 'Filipino restaurant', 'Food court', 'Japanese restaurant', 'Restaurant']",4.4,113,$,"[['Saturday', '10AM–7:30PM'], ['Sunday', '10AM–7:30PM'], ['Monday', '10AM–7:30PM'], ['Tuesday', '10AM–7:30PM'], ['Wednesday', '10AM–7:30PM'], ['Thursday', '10AM–7:30PM'], ['Friday', '10AM–7:30PM']]"
0x549aa9bb0d3d4ad7:0x37b6b7b40582d893,Niko Teriyaki,"Niko Teriyaki, 811 Ave D, Snohomish, WA 98290",47.921872699999994,-122.09725949999999,['Japanese restaurant'],3.8,65,,"[['Saturday', '11AM–9PM'], ['Sunday', 'Closed'], ['Monday', '11AM–9PM'], ['Tuesday', '11AM–9PM'], ['Wednesday', '11AM–9PM'], ['Thursday', '11AM–9PM'], ['Friday', '11AM–9PM']]"
0x54906edc48a348a7:0x2ff6171c9752db7d,Teriyaki House,"Teriyaki House, 4957 Lakemont Blvd SE, Bellevue, WA 98006",47.557840899999995,-122.1145861,"['Japanese restaurant', 'Asian restaurant']",4.1,98,$$,"[['Saturday', '11AM–9PM'], ['Sunday', 'Closed'], ['Monday', '11AM–9PM'], ['Tuesday', '11AM–9PM'], ['Wednesday', '11AM–9PM'], ['Thursday', '11AM–9PM'], ['Friday', '11AM–9PM']]"
0x54903ac43d7c3ef5:0x860363be218eaafc,Hakata Japanese Restaurant,"Hakata Japanese Restaurant, 10876 Myhre Pl NW Suite 108, Silverdale, WA 98383",47.662247,-122.6869627,['Japanese restaurant'],4.6,438,$$,"[['Saturday', '12–3PM'], ['Sunday', 'Closed'], ['Monday', 'Closed'], ['Tuesday', '11AM–2PM'], ['Wednesday', '11AM–2PM'], ['Thursday', '11AM–2PM'], ['Friday', '11AM–2PM']]"
0x549023a033242da7:0xe2b11dd3c7f3b920,Chung's Teriyaki,"Chung's Teriyaki, 19438 7th Ave NE # E, Poulsbo, WA 98370",47.7392945,-122.63949029999999,['Japanese restaurant'],4.4,116,$,"[['Saturday', '11AM–8PM'], ['Sunday', '11AM–8PM'], ['Monday', '11AM–8PM'], ['Tuesday', '11AM–8PM'], ['Wednesday', '11AM–8PM'], ['Thursday', '11AM–8PM'], ['Friday', '11AM–8PM']]"
0x54910b99c3553e99:0x5b4b41ed7e32b1e9,Mt. Fuji Japanese Steak House,"Mt. Fuji Japanese Steak House, 7914 Martin Way E # 3, Olympia, WA 98516",47.055673299999995,-122.7719705,['Japanese restaurant'],3.8,244,$$$,"[['Saturday', '1–9PM'], ['Sunday', '1–9PM'], ['Monday', '3:30–9PM'], ['Tuesday', '3:30–9PM'], ['Wednesday', '3:30–9PM'], ['Thursday', '3:30–9PM'], ['Friday', '3:30–9PM']]"
0x5495a4aba0dd8131:0x1e01c6ef07bbecfb,Joy Teriyaki,"Joy Teriyaki, 3425 SE 192nd Ave, Vancouver, WA 98683",45.5953087,-122.4766377,['Japanese restaurant'],4.4,138,$,"[['Saturday', '10:30AM–9PM'], ['Sunday', '11AM–9PM'], ['Monday', '10:30AM–9PM'], ['Tuesday', '10:30AM–9PM'], ['Wednesday', '10:30AM–9PM'], ['Thursday', '10:30AM–9PM'], ['Friday', '10:30AM–9PM']]"
0x54900e2786e93e45:0x8e50c41118fd773d,Toshi's Teriyaki,"Toshi's Teriyaki, 6830 NE Bothell Way, Kenmore, WA 98028",47.758596999999995,-122.248746,['Japanese restaurant'],4.0,78,$,"[['Saturday', '11:30AM–7:30PM'], ['Sunday', 'Closed'], ['Monday', '11:30AM–7:30PM'], ['Tuesday', '11:30AM–7:30PM'], ['Wednesday', '11:30AM–7:30PM'], ['Thursday', '11:30AM–7:30PM'], ['Friday', '11:30AM–7:30PM']]"
0x5490107c5472c3ed:0x74c2c523171fe1a1,Teriyaki Island,"Teriyaki Island, 1263 N 205th St, Shoreline, WA 98133",47.775383399999996,-122.34344399999999,"['Japanese restaurant', 'Asian restaurant', 'Chinese restaurant', 'Sushi restaurant']",4.4,267,$,"[['Saturday', '10:30AM–8PM'], ['Sunday', '11AM–7PM'], ['Monday', '10:30AM–8PM'], ['Tuesday', '10:30AM–8PM'], ['Wednesday', '10:30AM–8PM'], ['Thursday', '10:30AM–8PM'], ['Friday', '10:30AM–8PM']]"
0x549aa65bbca9828d:0x29bcee7b3b915558,Tokyo Teriyaki & Wok,"Tokyo Teriyaki & Wok, 14650 N Kelsey St, Monroe, WA 98272",47.864363499999996,-121.9770092,['Japanese restaurant'],4.4,178,$,"[['Saturday', '11AM–9PM'], ['Sunday', 'Closed'], ['Monday', '11AM–9PM'], ['Tuesday', '11AM–9PM'], ['Wednesday', '11AM–9PM'], ['Thursday', '11AM–9PM'], ['Friday', '11AM–9PM']]"
0x54922eff35fb9267:0x4226b7ee8d9c5d8c,Oishi Teriyaki,"Oishi Teriyaki, 112 Pioneer Ave W, Montesano, WA 98563",46.979704999999996,-123.601202,['Japanese restaurant'],4.3,103,,"[['Saturday', 'Closed'], ['Sunday', 'Closed'], ['Monday', '11AM–8PM'], ['Tuesday', '11AM–8PM'], ['Wednesday', '11AM–8PM'], ['Thursday', '11AM–8PM'], ['Friday', '11AM–8PM']]"
0x5490052f2c279a39:0x5b9a7c401d6c445e,MUGEN SUSHI,"MUGEN SUSHI, 18601 Hwy 99 STE 100, Lynnwood, WA 98037",47.830368799999995,-122.30656119999999,"['Japanese restaurant', 'Restaurant']",4.2,58,,"[['Saturday', '12–11PM'], ['Sunday', 'Closed'], ['Monday', 'Closed'], ['Tuesday', 'Closed'], ['Wednesday', 'Closed'], ['Thursday', 'Closed'], ['Friday', 'Closed']]"
0x54905d4cdaf42695:0x2522d4d96dff4157,Ono Teriyaki,"Ono Teriyaki, 2361, 20 SW 7th St F, Renton, WA 98057",47.4744738,-122.2173777,"['Japanese restaurant', 'Asian restaurant', 'Restaurant']",4.2,153,$,"[['Saturday', '11AM–8PM'], ['Sunday', 'Closed'], ['Monday', '10:30AM–9PM'], ['Tuesday', '10:30AM–9PM'], ['Wednesday', '10:30AM–9PM'], ['Thursday', '10:30AM–9PM'], ['Friday', '10:30AM–9PM']]"
0x549015bd8c6df02f:0xb14addac1616f61f,Sunny Teriyaki,"Sunny Teriyaki, 2120 W Emerson Pl B, Seattle, WA 98199",47.6563308,-122.38438339999999,['Japanese restaurant'],4.5,138,$,"[['Saturday', '11AM–8PM'], ['Sunday', 'Closed'], ['Monday', 'Closed'], ['Tuesday', '10:30AM–8PM'], ['Wednesday', '10:30AM–8PM'], ['Thursday', '10:30AM–8PM'], ['Friday', '10:30AM–8PM']]"
0x54905e8beb94bacf:0xf45d5a5ada07a5b7,Ichi 2 Teriyaki Restaurant,"Ichi 2 Teriyaki Restaurant, 13215 SE 240th St B, Kent, WA 98042",47.3865688,-122.164852,"['Restaurant', 'Asian restaurant', 'Japanese restaurant', 'Sushi restaurant']",4.1,95,$$,"[['Saturday', '11AM–8PM'], ['Sunday', 'Closed'], ['Monday', 'Closed'], ['Tuesday', '11AM–8PM'], ['Wednesday', '11AM–8PM'], ['Thursday', '11AM–8PM'], ['Friday', '11AM–8PM']]"
0x54856dbd42df0f3d:0x79574b2edadd21be,Sunny Teriyaki,"Sunny Teriyaki, 280 S Burlington Blvd, Burlington, WA 98233",48.4741411,-122.33534279999999,"['Japanese restaurant', 'Asian restaurant']",4.5,268,$,"[['Friday', '10:30AM–8PM'], ['Saturday', '10:30AM–8PM'], ['Sunday', 'Closed'], ['Monday', 'Closed'], ['Tuesday', '10:30AM–8PM'], ['Wednesday', '10:30AM–8PM'], ['Thursday', '10:30AM–8PM']]"
0x5490040e438b01e1:0x426cabc62d9c467b,Nori Teriyaki,"Nori Teriyaki, 12502 Mukilteo Speedway UNIT 104, Mukilteo, WA 98275",47.8844809,-122.28214519999999,"['Japanese restaurant', 'Asian restaurant', 'Bubble tea store', 'Chinese restaurant', 'Chinese takeaway', 'Delivery Chinese restaurant', 'Takeout Restaurant', 'Sushi takeaway', 'Vegan restaurant', 'Vegetarian restaurant']",4.5,134,$$,"[['Friday', '10:30AM–8:30PM'], ['Saturday', '11:30AM–8:30PM'], ['Sunday', 'Closed'], ['Monday', '10:30AM–8:30PM'], ['Tuesday', '10:30AM–8:30PM'], ['Wednesday', '10:30AM–8:30PM'], ['Thursday', '10:30AM–8:30PM']]"
0x5485a3ea82cf6047:0x797506f97de15fdd,Lakeway Teriyaki,"Lakeway Teriyaki, 806 Lakeway Dr, Bellingham, WA 98229",48.743841599999996,-122.4638282,['Japanese restaurant'],4.1,108,$,"[['Friday', '10:30AM–8:30PM'], ['Saturday', '11AM–8:30PM'], ['Sunday', 'Closed'], ['Monday', '10:30AM–8:30PM'], ['Tuesday', '10:30AM–8:30PM'], ['Wednesday', '10:30AM–8:30PM'], ['Thursday', '10:30AM–8:30PM']]"
0x54855485d36ee239:0x5a70ddb4d5cbb312,Teriyaki Bowl,"Teriyaki Bowl, 1416 5th St B, Marysville, WA 98270",48.052501199999995,-122.1779952,"['Japanese restaurant', 'Asian restaurant', 'Fast food restaurant', 'Takeout Restaurant']",4.4,358,$,"[['Friday', '10:30AM–9PM'], ['Saturday', '10:30AM–9PM'], ['Sunday', 'Closed'], ['Monday', '10:30AM–9PM'], ['Tuesday', '10:30AM–9PM'], ['Wednesday', '10:30AM–9PM'], ['Thursday', '10:30AM–9PM']]"
0x549072b03284e079:0xb1684adc55f3bdbd,Nara Japanese Restaurant,"Nara Japanese Restaurant, 16564 Cleveland St, Redmond, WA 98052",47.6725006,-122.1195142,"['Japanese restaurant', 'Restaurant', 'Seafood restaurant', 'Sushi restaurant']",4.0,18,$$,"[['Friday', '11:30AM–9:30PM'], ['Saturday', '4:30–9:30PM'], ['Sunday', 'Closed'], ['Monday', '11:30AM–9:30PM'], ['Tuesday', '11:30AM–9:30PM'], ['Wednesday', '11:30AM–9:30PM'], ['Thursday', '11:30AM–9:30PM']]"
0x54905d0c5399144b:0x9c34816b0943977a,New Zen Japanese Restaurant,"New Zen Japanese Restaurant, 509 S 3rd St suite a, Renton, WA 98057",47.479563299999995,-122.21003599999999,"['Authentic Japanese restaurant', 'Japanese curry restaurant', 'Japanese restaurant', 'Noodle shop', 'Ramen restaurant', 'Sushi restaurant']",4.3,146,$$,"[['Friday', '12–8PM'], ['Saturday', '3–8PM'], ['Sunday', 'Closed'], ['Monday', 'Closed'], ['Tuesday', '12–8PM'], ['Wednesday', '12–8PM'], ['Thursday', '12–8PM']]"
0x5490552174135aef:0x2b496bcc81d17882,Goofy Goose Burgers & Teriyaki,"Goofy Goose Burgers & Teriyaki, 3702 6th Ave, Tacoma, WA 98406",47.2550659,-122.48553469999999,"['Restaurant', 'American restaurant', 'Chinese restaurant', 'Japanese restaurant', 'Korean restaurant', 'Wok restaurant']",4.3,395,$,"[['Friday', '11AM–12AM'], ['Saturday', '11AM–12AM'], ['Sunday', '11AM–10PM'], ['Monday', '11AM–10PM'], ['Tuesday', '11AM–10PM'], ['Wednesday', '11AM–10PM'], ['Thursday', '11AM–10PM']]"
0x549015ea529a06af:0x9af22b8167010291,Imperial Lounge,"Imperial Lounge, 2400 1st Ave, Seattle, WA 98121",47.6143188,-122.3478243,"['Cocktail bar', 'American restaurant', 'Asian fusion restaurant', 'Japanese restaurant', 'Mexican restaurant']",4.5,84,,"[['Friday', '4PM–12AM'], ['Saturday', '4PM–12AM'], ['Sunday', '4:30–11PM'], ['Monday', 'Closed'], ['Tuesday', '4:30–11PM'], ['Wednesday', '4:30–11PM'], ['Thursday', '4:30–11PM']]"
0x54905554da36c5a1:0x364b7b0245a60a03,Wok Teriyaki IX,"Wok Teriyaki IX, 2941 S 38th St, Tacoma, WA 98409",47.2234248,-122.47595319999999,"['Pan-Asian restaurant', 'Asian restaurant', 'Chinese restaurant', 'Japanese restaurant', 'Restaurant']",4.2,268,$$,"[['Friday', '10:30AM–9PM'], ['Saturday', '10:30AM–9PM'], ['Sunday', 'Closed'], ['Monday', '10:30AM–9PM'], ['Tuesday', '10:30AM–9PM'], ['Wednesday', '10:30AM–9PM'], ['Thursday', '10:30AM–9PM']]"
0x54905777f7a08b53:0xbf0bd04aa790876,Ichi Teriyaki,"Ichi Teriyaki, 1706 S 320th St F, Federal Way, WA 98003",47.3161111,-122.3116666,"['Japanese restaurant', 'Chinese restaurant', 'Restaurant']",3.9,176,,"[['Friday', '11AM–9PM'], ['Saturday', '11AM–9PM'], ['Sunday', '11AM–8PM'], ['Monday', '11AM–9PM'], ['Tuesday', '11AM–9PM'], ['Wednesday', '11AM–9PM'], ['Thursday', '11AM–9PM']]"
0x54905cd3f17b1b13:0xbc501cde90497bf8,Sarku Japan,"Sarku Japan, 2800 Southcenter Mall Space #FC-3, Seattle, WA 98188",47.4579891,-122.2577304,"['Japanese restaurant', 'Fast food restaurant', 'Restaurant', 'Sushi restaurant', 'Teppanyaki restaurant']",3.8,125,$,"[['Friday', '11AM–7PM'], ['Saturday', '11AM–7PM'], ['Sunday', '12–6PM'], ['Monday', '11AM–7PM'], ['Tuesday', '11AM–7PM'], ['Wednesday', '11AM–7PM'], ['Thursday', '11AM–7PM']]"
0x5485a54011666c89:0xcc6027129194b8d8,Hokkai Ramen & Sushi,"Hokkai Ramen & Sushi, 4277 Meridian St #C-102, Bellingham, WA 98226",48.7962913,-122.4868066,['Japanese restaurant'],4.7,308,$$,"[['Friday', '11AM–2:30PM'], ['Saturday', '11:30AM–2:30PM'], ['Sunday', 'Closed'], ['Monday', 'Closed'], ['Tuesday', '4:30AM–8:30PM'], ['Wednesday', '11AM–2:30PM'], ['Thursday', '11AM–2:30PM']]"
0x54906801b0adccd3:0xaaeada295c5ff9e8,Enjoy Teriyaki,"Enjoy Teriyaki, 1222 Bronson Way N # 135, Renton, WA 98057",47.483643799999996,-122.2013928,['Japanese restaurant'],4.2,127,,"[['Friday', '11AM–9PM'], ['Saturday', '11AM–9PM'], ['Sunday', 'Closed'], ['Monday', '11AM–9PM'], ['Tuesday', '11AM–9PM'], ['Wednesday', '11AM–9PM'], ['Thursday', '11AM–9PM']]"
0x54903a20687a4525:0x1d1c730202586050,Joy Teriyaki,"Joy Teriyaki, 5050 WA-303 Suite 105, Bremerton, WA 98311",47.609570399999996,-122.62655729999999,['Japanese restaurant'],3.7,128,$,"[['Friday', '11AM–9PM'], ['Saturday', '11AM–9PM'], ['Sunday', '11AM–9PM'], ['Monday', '11AM–9PM'], ['Tuesday', '11AM–9PM'], ['Wednesday', '11AM–9PM'], ['Thursday', '11AM–9PM']]"
0x5495a50dc889fc01:0x51ab20241f9a2843,Youskyme Teriyaki,"Youskyme Teriyaki, 221 NE 104th Ave, Vancouver, WA 98664",45.6219926,-122.56492,['Japanese restaurant'],4.6,296,$,"[['Friday', '10:30AM–8PM'], ['Saturday', '10:30AM–8PM'], ['Sunday', 'Closed'], ['Monday', '10:30AM–8PM'], ['Tuesday', '10:30AM–8PM'], ['Wednesday', '10:30AM–8PM'], ['Thursday', '10:30AM–8PM']]"
0x54901a9ec440e8eb:0x59e4ead0567dbef7,Sushi Moto Japanese Restaurant,"Sushi Moto Japanese Restaurant, 22618 Pacific Hwy #99, Edmonds, WA 98026",47.7935568,-122.3367366,"['Japanese restaurant', 'Restaurant']",4.5,237,$$,"[['Friday', '12–2PM'], ['Saturday', '12–2:30PM'], ['Sunday', '12–2:30PM'], ['Monday', '12–2PM'], ['Tuesday', 'Closed'], ['Wednesday', '12–2PM'], ['Thursday', '12–2PM']]"
0x54905be3bd6f0695:0xe6c7a2727be92547,Ichi Teriyaki,"Ichi Teriyaki, 1313 W Meeker St, Kent, WA 98032",47.3820394,-122.2494878,['Japanese restaurant'],4.3,192,,"[['Friday', '11AM–9PM'], ['Saturday', '11AM–9PM'], ['Sunday', 'Closed'], ['Monday', '11AM–9PM'], ['Tuesday', '11AM–9PM'], ['Wednesday', '11AM–9PM'], ['Thursday', '11AM–9PM']]"
0x5490402c88643e9b:0x81a763f357bd1c7f,Yak's Teriyaki,"Yak's Teriyaki, 3401 4th Ave S, Seattle, WA 98134",47.5735483,-122.329538,['Japanese restaurant'],4.3,106,$,"[['Friday', '10AM–5PM'], ['Saturday', 'Closed'], ['Sunday', 'Closed'], ['Monday', '10AM–5PM'], ['Tuesday', '10AM–5PM'], ['Wednesday', '10AM–5PM'], ['Thursday', '10AM–5PM']]"
0x5485547f813bbe33:0x172c469a8f17c98b,Teriyaki Point,"Teriyaki Point, 1206 State Ave E, Marysville, WA 98270",48.0616403,-122.175551,"['Japanese restaurant', 'Fast food restaurant']",4.5,138,$,"[['Friday', '10:30AM–9PM'], ['Saturday', '10:30AM–9PM'], ['Sunday', 'Closed'], ['Monday', '10:30AM–9PM'], ['Tuesday', '10:30AM–9PM'], ['Wednesday', '10:30AM–9PM'], ['Thursday', '10:30AM–9PM']]"
0x54900d8224cc9685:0x5dab8c3a0266f232,Ken Zaburo,"Ken Zaburo, 12413 NE 124th St, Kirkland, WA 98034",47.7085339,-122.1749145,"['Sushi restaurant', 'Japanese restaurant', 'Restaurant']",4.1,273,$$,"[['Friday', '11AM–10:30PM'], ['Saturday', '12–10:30PM'], ['Sunday', '12–9PM'], ['Monday', '11AM–10PM'], ['Tuesday', '11AM–10PM'], ['Wednesday', '11AM–10PM'], ['Thursday', '11AM–10PM']]"
0x549055ae50805591:0xe73823e6668054fb,Miyamoto,"Miyamoto, 2919 S 38th St, Tacoma, WA 98409",47.224391399999995,-122.4742691,['Japanese restaurant'],4.3,18,,"[['Friday', '11:30AM–2:30PM'], ['Saturday', '5–8PM'], ['Sunday', 'Closed'], ['Monday', '11:30AM–2:30PM'], ['Tuesday', '11:30AM–2:30PM'], ['Wednesday', '11:30AM–2:30PM'], ['Thursday', '11:30AM–2:30PM']]"
0x549006c418c352c7:0xe3beaee999d060ee,EuShi's Teriyaki,"EuShi's Teriyaki, 615 112th St SE #D, Everett, WA 98208",47.896990599999995,-122.2237737,['Japanese restaurant'],4.2,108,$,"[['Friday', '2–9PM'], ['Saturday', '2–9PM'], ['Sunday', '2–9PM'], ['Monday', '4–9PM'], ['Tuesday', '4–9PM'], ['Wednesday', '2–9PM'], ['Thursday', '2–9PM']]"
0x54900c2631340edf:0x5427a3748fe6c3ff,Matsu Teriyaki,"Matsu Teriyaki, 14231 NE Woodinville Duvall Rd, Woodinville, WA 98072",47.7547943,-122.1489361,"['Asian restaurant', 'Japanese restaurant']",4.2,115,$,"[['Thursday', '11AM–8PM'], ['Friday', '11AM–8PM'], ['Saturday', '12–8PM'], ['Sunday', 'Closed'], ['Monday', '11AM–8PM'], ['Tuesday', '11AM–8PM'], ['Wednesday', '11AM–8PM']]"
0x5491751f41b8a9eb:0x494bf8d912969c9a,Fuji Japanese Restaurant,"Fuji Japanese Restaurant, 123 East Bay Drive Northeast, Olympia, WA 98506",47.046148099999996,-122.8930929,"['Japanese restaurant', 'Asian restaurant', 'Sushi restaurant', 'Wine']",3.9,175,$$,"[['Thursday', '11AM–9PM'], ['Friday', '11AM–9PM'], ['Saturday', '11AM–9PM'], ['Sunday', '3–8PM'], ['Monday', '11AM–9PM'], ['Tuesday', '11AM–9PM'], ['Wednesday', '11AM–9PM']]"
0x5491aba69f4c16ed:0xa3dc7f1e7802510d,LAON Sushi & Teriyaki,"LAON Sushi & Teriyaki, 1905 Bridgeport Way W ste100, University Place, WA 98466",47.242358599999996,-122.5362486,"['Asian restaurant', 'Japanese restaurant', 'Korean restaurant']",4.7,148,,"[['Thursday', '11AM–9PM'], ['Friday', '11AM–9PM'], ['Saturday', '11AM–9PM'], ['Sunday', '3–8PM'], ['Monday', '11AM–9PM'], ['Tuesday', '11AM–9PM'], ['Wednesday', '11AM–9PM']]"
0x54906954ea034305:0x47092237806ae797,Toshi's Teriyaki,"Toshi's Teriyaki, 4038 Factoria Blvd SE, Bellevue, WA 98006",47.5734405,-122.168403,['Japanese restaurant'],4.3,175,$,"[['Thursday', '11AM–9PM'], ['Friday', '11AM–9PM'], ['Saturday', '11:30AM–8PM'], ['Sunday', 'Closed'], ['Monday', '11AM–9PM'], ['Tuesday', '11AM–9PM'], ['Wednesday', '11AM–9PM']]"
0x549aa980ee097cb1:0xb7d73bc7b7c625ab,Kami Teriyaki(Snohomish),"Kami Teriyaki(Snohomish), 2801 Bickford Ave A, Snohomish, WA 98290",47.9433417,-122.1086528,"['Asian restaurant', 'Japanese restaurant', 'Sushi restaurant']",4.4,255,$$,"[['Thursday', '11AM–9PM'], ['Friday', '11AM–9PM'], ['Saturday', '11AM–9PM'], ['Sunday', 'Closed'], ['Monday', '11AM–9PM'], ['Tuesday', '11AM–9PM'], ['Wednesday', '11AM–9PM']]"
0x549108afa492c183:0x74d2922060295fe9,Koko Teriyaki,"Koko Teriyaki, 1520 Wilmington Dr # 160, DuPont, WA 98327",47.091586199999995,-122.6438831,"['Chinese restaurant', 'Asian restaurant', 'Japanese restaurant', 'Korean restaurant']",3.9,238,$$,"[['Thursday', '11AM–9PM'], ['Friday', '11AM–9PM'], ['Saturday', '11AM–9PM'], ['Sunday', 'Closed'], ['Monday', '11AM–9PM'], ['Tuesday', '11AM–9PM'], ['Wednesday', '11AM–9PM']]"
0x54904f7e1d14dd81:0x12fcf5a01bc79392,Red Bicycle Bistro & Sushi,"Red Bicycle Bistro & Sushi, 17618 Vashon Hwy SW, Vashon, WA 98070",47.4467791,-122.460104,"['Sushi restaurant', 'Asian restaurant', 'Bar', 'Bistro', 'Japanese restaurant', 'Restaurant', 'Seafood restaurant']",3.7,128,$$,"[['Thursday', '11:30AM–11PM'], ['Friday', '11:30AM–12AM'], ['Saturday', '11:30AM–12AM'], ['Sunday', '11:30AM–11PM'], ['Monday', '11:30AM–11PM'], ['Tuesday', '11:30AM–11PM'], ['Wednesday', '11:30AM–11PM']]"
0x549001194bfb2e93:0xa762819d8b782392,Wasabi Factory,"Wasabi Factory, 7415 Hardeson Rd #A, Everett, WA 98203",47.930862999999995,-122.2476118,"['Sushi restaurant', 'Japanese restaurant', 'Restaurant']",4.5,235,$$,"[['Thursday', '10:30AM–9PM'], ['Friday', '10:30AM–9PM'], ['Saturday', 'Closed'], ['Sunday', 'Closed'], ['Monday', 'Closed'], ['Tuesday', '10:30AM–8:30PM'], ['Wednesday', '10:30AM–8:30PM']]"
0x54900444da571333:0xd59a87fe535eeb3e,Ichi Teriyaki - Pickup Order: https://ichiteriyakilynnwood.com,"Ichi Teriyaki - Pickup Order: https://ichiteriyakilynnwood.com, 14920 Hwy 99, Lynnwood, WA 98087",47.862656,-122.2840686,['Japanese restaurant'],4.6,278,$$,"[['Thursday', '11AM–9PM'], ['Friday', '11AM–9PM'], ['Saturday', '11AM–9PM'], ['Sunday', 'Closed'], ['Monday', '11AM–9PM'], ['Tuesday', '11AM–9PM'], ['Wednesday', '11AM–9PM']]"
0x5491acccd1b87601:0xb74cefc7353e35a9,Happy at the Bay Teriyaki,"Happy at the Bay Teriyaki, 4910 Point Fosdick Dr B, Gig Harbor, WA 98335",47.302987699999996,-122.5816224,"['Japanese restaurant', 'Asian restaurant']",3.9,148,$$,"[['Thursday', '10:45AM–8:15PM'], ['Friday', '10:45AM–8:15PM'], ['Saturday', '10:45AM–8:15PM'], ['Sunday', '10:45AM–8:15PM'], ['Monday', '10:45AM–8:15PM'], ['Tuesday', 'Closed'], ['Wednesday', '10:45AM–8:15PM']]"
0x54906f9c3b787c91:0x9e1ed692e33a1035,Bento-ya Goemon,"Bento-ya Goemon, 700 Northwest Gilman Boulevard E - 103A, Issaquah, WA 98027",47.543706199999995,-122.0472817,"['Authentic Japanese restaurant', 'Restaurant']",4.7,98,,"[['Thursday', '11AM–2:30PM'], ['Friday', '11AM–2:30PM'], ['Saturday', '11AM–2:30PM'], ['Sunday', 'Closed'], ['Monday', '11AM–2:30PM'], ['Tuesday', '11AM–2:30PM'], ['Wednesday', '11AM–2:30PM']]"
0x54905d0cf8c7069f:0x6a2e0551f3473617,Teriyaki Express,"Teriyaki Express, 10715 SE Carr Rd, Renton, WA 98055",47.4446879,-122.19782959999999,['Japanese restaurant'],3.7,68,,"[['Thursday', '10:30AM–9PM'], ['Friday', '10:30AM–9PM'], ['Saturday', '11AM–8:30PM'], ['Sunday', 'Closed'], ['Monday', '10:30AM–9PM'], ['Tuesday', '10:30AM–9PM'], ['Wednesday', '10:30AM–9PM']]"
0x54906ab0f38ecf2b:0xfe283625eb897444,Happy Teriyaki,"Happy Teriyaki, 823 3rd Ave #109, Seattle, WA 98104",47.6045977,-122.333546,"['Japanese restaurant', 'Takeout Restaurant']",3.9,68,$,"[['Thursday', '9AM–3PM'], ['Friday', '9AM–3PM'], ['Saturday', 'Closed'], ['Sunday', 'Closed'], ['Monday', '9AM–3PM'], ['Tuesday', '9AM–3PM'], ['Wednesday', '9AM–3PM']]"
0x549052dcb393492f:0xb7dc1fe3e2e340a4,Tokyo Teriyaki,"Tokyo Teriyaki, 3111 Judson St, Gig Harbor, WA 98335",47.3275094,-122.5803914,"['Japanese restaurant', 'Asian restaurant']",4.6,138,$,"[['Thursday', '11AM–9PM'], ['Friday', '11AM–9PM'], ['Saturday', '11AM–9PM'], ['Sunday', 'Closed'], ['Monday', '11AM–9PM'], ['Tuesday', '11AM–9PM'], ['Wednesday', '11AM–9PM']]"
0x54906acf3313b1e5:0xba49e48e42a76eb3,Yoshino Teriyaki,"Yoshino Teriyaki, 1010 Madison St, Seattle, WA 98104",47.60917,-122.3260009,"['Japanese restaurant', 'Asian restaurant']",4.4,208,$,"[['Thursday', '10AM–8:30PM'], ['Friday', '10AM–8:30PM'], ['Saturday', '11AM–3PM'], ['Sunday', 'Closed'], ['Monday', '10AM–8:30PM'], ['Tuesday', '10AM–8:30PM'], ['Wednesday', '10AM–8:30PM']]"
0x549100e0af8242dd:0x27f323af29943f47,Happy Teriyaki,"Happy Teriyaki, 6007 100th St SW, Lakewood, WA 98499",47.1670187,-122.51729719999999,['Japanese restaurant'],4.1,605,$$,"[['Thursday', '11AM–9PM'], ['Friday', '11AM–9PM'], ['Saturday', '11AM–9PM'], ['Sunday', '11AM–9PM'], ['Monday', '11AM–9PM'], ['Tuesday', '11AM–9PM'], ['Wednesday', '11AM–9PM']]"
0x54900164cfeb922f:0x454e83ed82376ea2,King's Teriyaki,"King's Teriyaki, 8229 44th Ave W C, Mukilteo, WA 98275",47.923297399999996,-122.29216219999999,"['Japanese restaurant', 'Asian restaurant']",4.5,204,$,"[['Thursday', '9:30AM–7:30PM'], ['Friday', '9:30AM–7:30PM'], ['Saturday', 'Closed'], ['Sunday', 'Closed'], ['Monday', '9:30AM–7:30PM'], ['Tuesday', '9:30AM–7:30PM'], ['Wednesday', '9:30AM–7:30PM']]"
0x54906acc788d2981:0x47520444d9c31f1,Kyoto Teriyaki,"Kyoto Teriyaki, 803 E Pike St, Seattle, WA 98122",47.6139332,-122.3219453,['Japanese restaurant'],3.9,118,$$,"[['Thursday', '10:30AM–9PM'], ['Friday', '10:30AM–9PM'], ['Saturday', '11AM–9PM'], ['Sunday', 'Closed'], ['Monday', '10:30AM–9PM'], ['Tuesday', '10:30AM–9PM'], ['Wednesday', '10:30AM–9PM']]"
0x549072ada5763229:0xb726f74f75a9f96c,Niko Teriyaki,"Niko Teriyaki, 15946 Redmond Way #102, Redmond, WA 98052",47.674986,-122.12799899999999,['Japanese restaurant'],4.2,255,$,"[['Thursday', '10:30AM–7:45PM'], ['Friday', '10:30AM–7:45PM'], ['Saturday', '11AM–7:30PM'], ['Sunday', '11AM–5:45PM'], ['Monday', '10:30AM–7:45PM'], ['Tuesday', '10:30AM–7:45PM'], ['Wednesday', '10:30AM–7:45PM']]"
0x54906d315d88b675:0xd397a1f1d5d4bf1b,Sushi J,"Sushi J, 15600 NE 8th St, Bellevue, WA 98008",47.6194594,-122.13085509999999,"['Sushi takeaway', 'Health food restaurant', 'Japanese restaurant', 'Takeout Restaurant', 'Pan-Asian restaurant', 'Sushi restaurant']",4.8,92,,"[['Thursday', '11AM–7:30PM'], ['Friday', '11AM–7:30PM'], ['Saturday', '11AM–7:30PM'], ['Sunday', '11AM–5:30PM'], ['Monday', '11AM–7:30PM'], ['Tuesday', '11AM–7:30PM'], ['Wednesday', '11AM–7:30PM']]"
0x549006f35b80239b:0xb5edcc8dba9f15c3,Manna Teriyaki,"Manna Teriyaki, 12906 Bothell Everett Hwy D, Everett, WA 98208",47.8795132,-122.2082643,['Japanese restaurant'],4.0,176,$,"[['Thursday', '11AM–9PM'], ['Friday', '11AM–9PM'], ['Saturday', '11AM–9PM'], ['Sunday', 'Closed'], ['Monday', '11AM–9PM'], ['Tuesday', '11AM–9PM'], ['Wednesday', '11AM–9PM']]"
0x54901ab69a521bd3:0x9968c57c899dcd2a,Kim's Teriyaki,"Kim's Teriyaki, 6810 208th St SW, Lynnwood, WA 98036",47.810159999999996,-122.32509399999999,"['Japanese restaurant', 'Asian restaurant']",4.6,118,$,"[['Thursday', 'Closed'], ['Friday', 'Closed'], ['Saturday', 'Closed'], ['Sunday', 'Closed'], ['Monday', 'Closed'], ['Tuesday', '11AM–7PM'], ['Wednesday', '11AM–7PM']]"
0x549015417d096d13:0x2cfee28cecaba19d,Yummy Teriyaki,"Yummy Teriyaki, 622 1st Ave N, Seattle, WA 98109",47.625334599999995,-122.3551552,"['Japanese restaurant', 'Asian restaurant']",3.7,193,$,"[['Thursday', '11AM–11PM'], ['Friday', '11AM–11PM'], ['Saturday', '11AM–11PM'], ['Sunday', 'Closed'], ['Monday', '11AM–11PM'], ['Tuesday', '11AM–11PM'], ['Wednesday', '11AM–11PM']]"
0x5495a8b13d070915:0xa4542635e971b7e4,Oriental Fast Bowl,"Oriental Fast Bowl, 905 Main St, Vancouver, WA 98660",45.6282656,-122.67132869999999,"['Japanese restaurant', 'Asian restaurant']",4.1,78,$,"[['Thursday', '10AM–6PM'], ['Friday', '10AM–6PM'], ['Saturday', 'Closed'], ['Sunday', 'Closed'], ['Monday', '10AM–6PM'], ['Tuesday', '10AM–6PM'], ['Wednesday', '10AM–6PM']]"
0x549f8703b78e7025:0x14985d25934104eb,Fujiyama,"Fujiyama, 1170 SE Bishop Blvd, Pullman, WA 99163",46.7155578,-117.16576459999999,"['Restaurant', 'Japanese restaurant', 'Teppanyaki restaurant']",4.2,284,$$,"[['Tuesday', '5–8:30PM'], ['Wednesday', '5–8:30PM'], ['Thursday', '5–8:30PM'], ['Friday', '5–9PM'], ['Saturday', '12–9PM'], ['Sunday', '12–8PM'], ['Monday', 'Closed']]"
0x54904206a841a7cb:0x18f877a2b641fe03,Othello Wok and Teriyaki,"Othello Wok and Teriyaki, 4219 S Othello St, Seattle, WA 98118",47.5364252,-122.28048469999999,"['Japanese restaurant', 'Chinese restaurant']",4.4,216,$,"[['Tuesday', '10:30AM–8:30PM'], ['Wednesday', '10:30AM–8:30PM'], ['Thursday', '10:30AM–8:30PM'], ['Friday', '10:30AM–8:30PM'], ['Saturday', '10:30AM–8:30PM'], ['Sunday', 'Closed'], ['Monday', '10:30AM–8:30PM']]"
0x549012d0a7ff8967:0x45eb23efc49635cd,Teriyaki Madness,"Teriyaki Madness, 10600 NE 68th St b, Kirkland, WA 98033",47.6669444,-122.1983334,['Japanese restaurant'],4.2,158,$,"[['Tuesday', '10:30AM–8:30PM'], ['Wednesday', '10:30AM–8:30PM'], ['Thursday', '10:30AM–8:30PM'], ['Friday', '10:30AM–8:30PM'], ['Saturday', '11AM–8PM'], ['Sunday', 'Closed'], ['Monday', 'Closed']]"
0x54915fc72ed313e7:0x97ce549557e3c56c,Happy Teriyaki 12,"Happy Teriyaki 12, 1632 S Gold St, Centralia, WA 98531",46.6961914,-122.9561306,"['Restaurant', 'Japanese restaurant']",4.2,98,,"[['Tuesday', '11AM–8PM'], ['Wednesday', '11AM–8PM'], ['Thursday', '11AM–8PM'], ['Friday', '11AM–8PM'], ['Saturday', 'Closed'], ['Sunday', 'Closed'], ['Monday', 'Closed']]"
0x54906a8d94364fb9:0xc871b979a7a39478,Toshio's Teriyaki,"Toshio's Teriyaki, 1706 Rainier Ave S, Seattle, WA 98144",47.5881883,-122.3053925,['Japanese restaurant'],4.3,706,$,"[['Tuesday', '10:30AM–8PM'], ['Wednesday', '10:30AM–8PM'], ['Thursday', '10:30AM–8PM'], ['Friday', '10:30AM–8PM'], ['Saturday', '10:30AM–8PM'], ['Sunday', 'Closed'], ['Monday', '10:30AM–8PM']]"
0x54907357fbcb6377:0x4101bba4c457b780,Tokyo Teriyaki : Order on line https://tokyoteriyaki.menu11.com/,"Tokyo Teriyaki : Order on line https://tokyoteriyaki.menu11.com/, 23525 NE Novelty Hill Rd #107, Redmond, WA 98053",47.699882699999996,-122.02412509999999,['Japanese restaurant'],4.7,118,,"[['Tuesday', '11AM–8PM'], ['Wednesday', '11AM–8PM'], ['Thursday', '11AM–8PM'], ['Friday', '11AM–8PM'], ['Saturday', '11AM–8PM'], ['Sunday', 'Closed'], ['Monday', '11AM–8PM']]"
0x5490fc5ae9e5cafb:0x89955650c8b73058,Sapporo Teriyaki IV,"Sapporo Teriyaki IV, 3850 S Meridian, Puyallup, WA 98373",47.155394099999995,-122.2940094,"['Japanese restaurant', 'Health food restaurant', 'Korean restaurant', 'Weight loss service', 'Wok restaurant']",4.1,77,$$,"[['Tuesday', '11AM–8PM'], ['Wednesday', '11AM–8PM'], ['Thursday', '11AM–8PM'], ['Friday', '11AM–8PM'], ['Saturday', '11AM–8PM'], ['Sunday', 'Closed'], ['Monday', '11AM–8PM']]"
0x54905777af38df6d:0xc4c740b66be5c8cd,Tokyo Japanese Steak House,"Tokyo Japanese Steak House, 1404 S 320th St, Federal Way, WA 98003",47.3154987,-122.3156435,"['Japanese steakhouse', 'Asian restaurant', 'Japanese restaurant', 'Steak house', 'Sushi restaurant']",4.4,1117,$$$,"[['Tuesday', '5–9PM'], ['Wednesday', '5–9PM'], ['Thursday', '5–9PM'], ['Friday', '5–9:30PM'], ['Saturday', '12–2:30PM'], ['Sunday', '12–2:30PM'], ['Monday', '5–9PM']]"
0x5490587776b53a47:0x8d4959a8cf0340a5,J's Teriyaki,"J's Teriyaki, 4 B Street Southeast, Auburn, WA 98002",47.3071421,-122.22722209999999,['Japanese restaurant'],4.4,17,,"[['Tuesday', '11AM–3PM'], ['Wednesday', '11AM–3PM'], ['Thursday', '11AM–3PM'], ['Friday', '11AM–3PM'], ['Saturday', '11AM–3PM'], ['Sunday', 'Closed'], ['Monday', '11AM–3PM']]"
0x5495ae8d4b093a4d:0x2d8fea9e30a1df92,Ichi 16 Teriyaki,"Ichi 16 Teriyaki, 9301 NE 5th Ave #112, Vancouver, WA 98665",45.687993,-122.66662199999999,"['Japanese restaurant', 'Restaurant']",4.5,298,$,"[['Tuesday', '10:30AM–9PM'], ['Wednesday', '10:30AM–9PM'], ['Thursday', '10:30AM–9PM'], ['Friday', '10:30AM–9PM'], ['Saturday', '11AM–9PM'], ['Sunday', '11AM–8:30PM'], ['Monday', '10:30AM–9PM']]"
0x5495adeae876a0cb:0x6cb418e5a193992b,KC Teriyaki,"KC Teriyaki, 800 NE Tenney Rd B-207, Vancouver, WA 98685",45.719062,-122.6624949,"['Japanese restaurant', 'Asian restaurant', 'Sushi restaurant']",4.4,278,$,"[['Tuesday', '10:30AM–8:30PM'], ['Wednesday', '10:30AM–8:30PM'], ['Thursday', '10:30AM–8:30PM'], ['Friday', '10:30AM–8:30PM'], ['Saturday', '11AM–8:30PM'], ['Sunday', 'Closed'], ['Monday', '10:30AM–8:30PM']]"
0x549015c60ea6fd1f:0xc0d4b47b4895cfba,Sunny Teriyaki,"Sunny Teriyaki, 2035 NW Market St, Seattle, WA 98107",47.6682669,-122.38365019999999,"['Japanese restaurant', 'Chinese restaurant', 'Restaurant']",4.3,208,$,"[['Monday', '11AM–9PM'], ['Tuesday', '11AM–9PM'], ['Wednesday', '11AM–9PM'], ['Thursday', '11AM–9PM'], ['Friday', '11AM–9PM'], ['Saturday', '11AM–9PM'], ['Sunday', 'Closed']]"
0x54855049a12e5773:0x2065513ff604a504,Teriyaki Point,"Teriyaki Point, 3707 172nd St NE Ste #15, Arlington, WA 98223",48.1528736,-122.1795035,"['Korean restaurant', 'Japanese restaurant']",4.4,154,,"[['Monday', '10:30AM–8:30PM'], ['Tuesday', '10:30AM–8:30PM'], ['Wednesday', '10:30AM–8:30PM'], ['Thursday', '10:30AM–8:30PM'], ['Friday', '10:30AM–8:30PM'], ['Saturday', '10:30AM–8PM'], ['Sunday', 'Closed']]"
0x54854d2a1d0636d7:0x9e74fb1723865f98,Teriyaki Cafe,"Teriyaki Cafe, 408 W Stanley St, Granite Falls, WA 98252",48.0830698,-121.97420179999999,['Japanese restaurant'],4.2,144,,"[['Monday', '11AM–8:30PM'], ['Tuesday', '11AM–8:30PM'], ['Wednesday', '11AM–8:30PM'], ['Thursday', '11AM–8:30PM'], ['Friday', '11AM–8:30PM'], ['Saturday', '11AM–8:30PM'], ['Sunday', '12–8PM']]"
0x54900505437b6f67:0x4f66f13839d7083a,SenSen Ramen & Katsu,"SenSen Ramen & Katsu, 17424 Hwy 99 Ste 105, Lynnwood, WA 98037",47.8409658,-122.29983899999999,"['Ramen restaurant', 'Food court', 'Japanese restaurant', 'Korean restaurant', 'Restaurant', 'Tonkatsu restaurant']",4.7,58,,"[['Monday', '10:30AM–8:30PM'], ['Tuesday', 'Closed'], ['Wednesday', '10:30AM–8:30PM'], ['Thursday', '10:30AM–8:30PM'], ['Friday', '10:30AM–8:30PM'], ['Saturday', '10:30AM–8:30PM'], ['Sunday', '10:30AM–8:30PM']]"
0x549e1d43c6c23dd3:0x3027ec53b08f1904,Kuni's Thai Cuisine,"Kuni's Thai Cuisine, 101 E Hastings Rd Suite A and B, Spokane, WA 99218",47.7696209,-117.40849779999999,"['Thai restaurant', 'Asian fusion restaurant', 'Asian restaurant', 'Chinese restaurant', 'Gluten-free restaurant', 'Japanese restaurant', 'Restaurant', 'South Asian restaurant', 'Southeast Asian restaurant', 'Vegan restaurant']",4.8,317,$$,"[['Monday', 'Closed'], ['Tuesday', '11AM–2PM'], ['Wednesday', '11AM–2PM'], ['Thursday', '11AM–2PM'], ['Friday', '11AM–2PM'], ['Saturday', '11AM–9PM'], ['Sunday', '11AM–8PM']]"
0x54906db096bf0bbf:0x59bca789e76f69a2,Crab King,"Crab King, 15600 NE 8th St Suite O18, Bellevue, WA 98007",47.620800599999995,-122.12975899999999,"['Shabu-shabu restaurant', 'Japanese restaurant', 'Sukiyaki and Shabu Shabu restaurant']",4.1,118,,"[['Monday', '11AM–2:30PM'], ['Tuesday', '11AM–2:30PM'], ['Wednesday', '11AM–2:30PM'], ['Thursday', '11AM–2:30PM'], ['Friday', '11AM–2:30PM'], ['Saturday', '11:30AM–3PM'], ['Sunday', '11:30AM–3PM']]"
0x549005889c5f2a13:0x4e3a865825d4af37,Ohana Teriyaki,"Ohana Teriyaki, 212 W Winesap Rd #103, Bothell, WA 98012",47.823520699999996,-122.23579489999999,['Japanese restaurant'],4.5,264,$,"[['Monday', '11AM–9PM'], ['Tuesday', '11AM–9PM'], ['Wednesday', '11AM–9PM'], ['Thursday', '11AM–9PM'], ['Friday', '11AM–9PM'], ['Saturday', '11AM–9PM'], ['Sunday', 'Closed']]"
0x549f86e396c5bdf9:0x6f1f8d98e5118074,Red Bento Pullman,"Red Bento Pullman, 395 NE Stadium Way, Pullman, WA 99163",46.7388382,-117.1721115,"['Sushi restaurant', 'Asian restaurant', 'Japanese restaurant', 'Korean restaurant']",4.0,436,$$,"[['Sunday', '12–8PM'], ['Monday', '12–8PM'], ['Tuesday', '12–8PM'], ['Wednesday', '12–8PM'], ['Thursday', '12–8PM'], ['Friday', '12–9PM'], ['Saturday', '12–9PM']]"
0x549039efb8a419b1:0xba6816825a01c217,Sunny Teriyaki,"Sunny Teriyaki, 1221 Sylvan Way, Bremerton, WA 98310",47.5954839,-122.62824649999999,"['Japanese restaurant', 'Asian restaurant', 'Chinese restaurant']",4.2,198,$,"[['Sunday', 'Closed'], ['Monday', '11AM–8:30PM'], ['Tuesday', '11AM–8:30PM'], ['Wednesday', '11AM–8:30PM'], ['Thursday', '11AM–8:30PM'], ['Friday', '11AM–8:30PM'], ['Saturday', '11AM–8:30PM']]"
0x549015422fe77bf3:0xdae9e9d9c6b48d00,Shiki,"Shiki, 4 W Roy St, Seattle, WA 98119",47.625871499999995,-122.3572356,"['Japanese restaurant', 'Fugu restaurant', 'Sushi restaurant']",4.5,216,$$,"[['Sunday', '5–8:30PM'], ['Monday', 'Closed'], ['Tuesday', '5–8:30PM'], ['Wednesday', '5–8:30PM'], ['Thursday', '5–8:30PM'], ['Friday', '5–8:30PM'], ['Saturday', '5–8:30PM']]"
0x54906f99c29d16d1:0x5b8ae70396d39615,TERIYAKI BISTRO,"TERIYAKI BISTRO, 6100 E Lake Sammamish Pkwy SE # B, Issaquah, WA 98029",47.5481779,-122.03893219999999,"['Japanese restaurant', 'Asian restaurant']",4.0,198,$,"[['Sunday', 'Closed'], ['Monday', '10:30AM–9PM'], ['Tuesday', '10:30AM–9PM'], ['Wednesday', '10:30AM–9PM'], ['Thursday', '10:30AM–9PM'], ['Friday', '10:30AM–9PM'], ['Saturday', '10:30AM–9PM']]"
0x54906f0b36e4256f:0x48fd9ab4f84d2e9e,Toshi's Teriyaki,"Toshi's Teriyaki, 1620 NW Gilman Blvd # 1A, Issaquah, WA 98027",47.546005699999995,-122.06167819999999,"['Japanese restaurant', 'Asian restaurant']",3.6,108,$,"[['Sunday', 'Closed'], ['Monday', '10:30AM–8PM'], ['Tuesday', '10:30AM–8PM'], ['Wednesday', '10:30AM–8PM'], ['Thursday', '10:30AM–8PM'], ['Friday', '10:30AM–8PM'], ['Saturday', '11AM–8PM']]"
0x5490151aba70cb9b:0x7c93ae9d406e3d19,Sumo Express Japanese Food,"Sumo Express Japanese Food, 219 Broadway E #18, Seattle, WA 98102",47.6205778,-122.32129859999999,['Japanese restaurant'],4.7,28,$$,"[['Sunday', 'Closed'], ['Monday', '11:30AM–10:30PM'], ['Tuesday', '11:30AM–10:30PM'], ['Wednesday', '11:30AM–10:30PM'], ['Thursday', '11:30AM–10:30PM'], ['Friday', '11:30AM–11:30PM'], ['Saturday', '11:30AM–11:30PM']]"
0x54906be67748046d:0x70bfe529c4c3d831,Matsu,"Matsu, 501 Stadium Pl S, Seattle, WA 98104",47.598017,-122.3322922,"['Sushi restaurant', 'Japanese restaurant', 'Lounge']",4.6,178,,"[['Sunday', 'Closed'], ['Monday', '4–9PM'], ['Tuesday', '4–9PM'], ['Wednesday', '4–9PM'], ['Thursday', '4–9PM'], ['Friday', '4–10PM'], ['Saturday', '4–10PM']]"
0x54901443340a5119:0x48072edd12835bed,Hiroki,"Hiroki, 2224 N 56th St, Seattle, WA 98103",47.669008,-122.33219989999999,"['Cake shop', 'Japanese confectionery shop']",4.8,138,$,"[['Sunday', '12–5PM'], ['Monday', 'Closed'], ['Tuesday', '12–4PM'], ['Wednesday', '12–6PM'], ['Thursday', '12–6PM'], ['Friday', '12–6PM'], ['Saturday', '12–5PM']]"
0x549012dd7e552d9d:0x6222eb5af04fb506,KIWAMI Sushi Bar & Sake House,"KIWAMI Sushi Bar & Sake House, 104 Kirkland Ave, Kirkland, WA 98033",47.6756615,-122.2062588,"['Sushi restaurant', 'Asian restaurant', 'Japanese restaurant']",4.4,398,$$,"[['Sunday', '12–3PM'], ['Monday', '12–3PM'], ['Tuesday', '12–3PM'], ['Wednesday', '12–3PM'], ['Thursday', '12–3PM'], ['Friday', '12–3PM'], ['Saturday', '12–3PM']]"
0x5490734f7b9d5a45:0x1ede2f396ddde44d,Himitsu Teriyaki - Redmond Ridge,"Himitsu Teriyaki - Redmond Ridge, 22350 NE Marketplace Dr, Redmond, WA 98053",47.6944938,-122.0410069,['Japanese restaurant'],4.5,125,$,"[['Sunday', 'Closed'], ['Monday', '10:30AM–8:30PM'], ['Tuesday', '10:30AM–8:30PM'], ['Wednesday', '10:30AM–8:30PM'], ['Thursday', '10:30AM–8:30PM'], ['Friday', '10:30AM–8:30PM'], ['Saturday', '10:30AM–8:30PM']]"
0x549005df24988687:0x35b7ad8e1141012d,Toshi's Teriyaki Grill,"Toshi's Teriyaki Grill, 16212 Bothell Everett Hwy, Mill Creek, WA 98012",47.851718,-122.218763,"['Japanese restaurant', 'Asian restaurant', 'Fast food restaurant']",4.7,176,$,"[['Sunday', 'Closed'], ['Monday', 'Closed'], ['Tuesday', '11AM–8PM'], ['Wednesday', '11AM–8PM'], ['Thursday', '11AM–8PM'], ['Friday', '11AM–8PM'], ['Saturday', '12–8PM']]"
0x54900d81e280cb89:0x422850b9b9a1223,I Love Teriyaki,"I Love Teriyaki, 12077 124th Ave NE, Kirkland, WA 98034",47.707100499999996,-122.1766497,"['Restaurant', 'Chinese restaurant', 'Fast food restaurant', 'Japanese restaurant']",4.6,298,$,"[['Sunday', 'Closed'], ['Monday', '10:30AM–9PM'], ['Tuesday', '10:30AM–9PM'], ['Wednesday', '10:30AM–9PM'], ['Thursday', '10:30AM–9PM'], ['Friday', '10:30AM–9PM'], ['Saturday', '10:30AM–9PM']]"
0x5490fc41a57d37db:0x3fe8fdfa0ad9d49d,Shilla Teriyaki,"Shilla Teriyaki, 4423 S Meridian, Puyallup, WA 98373",47.1497071,-122.291719,['Japanese restaurant'],4.2,196,$$,"[['Sunday', 'Closed'], ['Monday', '11AM–9PM'], ['Tuesday', '11AM–9PM'], ['Wednesday', '11AM–9PM'], ['Thursday', '11AM–9PM'], ['Friday', '11AM–9PM'], ['Saturday', '11AM–9PM']]"
0x549057b4c1406cf7:0xc73183d9353c8a36,Nami Sushi,"Nami Sushi, 31260 Pacific Hwy S Suite 12, Federal Way, WA 98003",47.3208109,-122.3118252,"['Sushi restaurant', 'Asian fusion restaurant', 'Asian restaurant', 'Japanese restaurant', 'Korean restaurant']",4.8,138,,"[['Sunday', '12–10PM'], ['Monday', '11:30AM–10PM'], ['Tuesday', 'Closed'], ['Wednesday', '11:30AM–10PM'], ['Thursday', '11:30AM–10PM'], ['Friday', '11:30AM–11PM'], ['Saturday', '12–11PM']]"
0x549003f7e5d33af5:0xde9fb71e50f5be46,Miako Teriyaki,"Miako Teriyaki, 11700 Mukilteo Speedway #409, Mukilteo, WA 98275",47.892053499999996,-122.2878286,"['Japanese restaurant', 'Asian restaurant']",4.2,148,,"[['Sunday', 'Closed'], ['Monday', '10:30AM–8PM'], ['Tuesday', '10:30AM–8PM'], ['Wednesday', '10:30AM–8PM'], ['Thursday', '10:30AM–8PM'], ['Friday', '10:30AM–8PM'], ['Saturday', '11:30AM–8PM']]"
0x549041c18ca49aad:0xc5b2562637339a87,Cutting Board,"Cutting Board, 5503 Airport Way S, Seattle, WA 98108",47.5532,-122.32101399999999,"['Japanese restaurant', 'Restaurant']",4.4,248,$$,"[['Sunday', 'Closed'], ['Monday', '11AM–8PM'], ['Tuesday', '11AM–8PM'], ['Wednesday', '11AM–8PM'], ['Thursday', '11AM–8PM'], ['Friday', '11AM–8PM'], ['Saturday', '12–8PM']]"
0x54906c8667753cbf:0x710a5c4475a72a5d,Kizuki Ramen & Izakaya,"Kizuki Ramen & Izakaya, 575 Bellevue Way NE Space 252, Bellevue, WA 98004",47.614627999999996,-122.203474,"['Ramen restaurant', 'Izakaya restaurant', 'Japanese restaurant']",4.2,588,$$,"[['Sunday', '10AM–9:30PM'], ['Monday', '10AM–9:30PM'], ['Tuesday', '10AM–9:30PM'], ['Wednesday', '10AM–9:30PM'], ['Thursday', '10AM–9:30PM'], ['Friday', '10AM–9:30PM'], ['Saturday', '10AM–9:30PM']]"
0x5490fc41a57d39e9:0x97f187f3989a0611,Iron Chef,"Iron Chef, 4301 S Meridian, Puyallup, WA 98373",47.150754199999994,-122.2909899,['Japanese steakhouse'],4.2,555,$$$,"[['Sunday', '1–8PM'], ['Monday', '4:30–8:30PM'], ['Tuesday', '4:30–8:30PM'], ['Wednesday', '4:30–8:30PM'], ['Thursday', '4:30–8:30PM'], ['Friday', '4:30–8:30PM'], ['Saturday', '1–8PM']]"
0x549aaa9bfa3b3ba1:0xde37a1c4ceaa24ea,Toshi's Teriyaki,"Toshi's Teriyaki, 3101 Hoyt Ave, Everett, WA 98201",47.9762938,-122.2095659,"['Japanese restaurant', 'Asian restaurant']",4.4,176,$,"[['Saturday', '12–8PM'], ['Sunday', 'Closed'], ['Monday', 'Closed'], ['Tuesday', '11AM–2PM'], ['Wednesday', '11AM–2PM'], ['Thursday', '11AM–2PM'], ['Friday', '11AM–2PM']]"
0x5499d43c793cb337:0xfa17775593ddb76a,New York Teriyaki,"New York Teriyaki, 214 E Moxee Ave, Moxee, WA 98936",46.554238,-120.383423,"['Japanese restaurant', 'Asian restaurant']",4.5,156,$$,"[['Saturday', '2–8PM'], ['Sunday', 'Closed'], ['Monday', '11AM–8PM'], ['Tuesday', '11AM–8PM'], ['Wednesday', '11AM–8PM'], ['Thursday', '11AM–8PM'], ['Friday', '11AM–8PM']]"
0x549aacf0155408bb:0xa84f7239a9e5abaa,Midori Teriyaki,"Midori Teriyaki, 12405 20th St NE, Lake Stevens, WA 98258",48.015797799999994,-122.0623284,"['Japanese restaurant', 'Fast food restaurant']",4.6,164,$,"[['Saturday', '10:30AM–8PM'], ['Sunday', 'Closed'], ['Monday', '10:30AM–8PM'], ['Tuesday', '10:30AM–8PM'], ['Wednesday', '10:30AM–8PM'], ['Thursday', '10:30AM–8PM'], ['Friday', '10:30AM–8PM']]"
0x549042b20d3fc217:0xf06cf3107404e5ff,Teriyaki Box,"Teriyaki Box, 364 Renton Center Way SW # 55, Renton, WA 98057",47.478353999999996,-122.2173071,['Japanese restaurant'],4.1,234,$,"[['Saturday', '10:30AM–8:30PM'], ['Sunday', 'Closed'], ['Monday', '10:30AM–8:30PM'], ['Tuesday', '10:30AM–8:30PM'], ['Wednesday', '10:30AM–8:30PM'], ['Thursday', '10:30AM–8:30PM'], ['Friday', '10:30AM–8:30PM']]"
0x5491740e39adcd0f:0x239d999c07535122,Teriyaki Delight,"Teriyaki Delight, 855 Trosper Rd SW #104, Tumwater, WA 98512",46.9992733,-122.9193473,['Japanese restaurant'],4.7,363,$,"[['Saturday', '10:30AM–9PM'], ['Sunday', 'Closed'], ['Monday', '10:30AM–9PM'], ['Tuesday', '10:30AM–9PM'], ['Wednesday', '10:30AM–9PM'], ['Thursday', '10:30AM–9PM'], ['Friday', '10:30AM–9PM']]"
0x54906b2c9d9727c5:0xdf4104da1d92fd4b,Jae's Asian Bistro and Sushi,"Jae's Asian Bistro and Sushi, 2801 E Madison St, Seattle, WA 98112",47.6234387,-122.2959502,"['Japanese restaurant', 'Sushi restaurant']",4.6,168,$$,"[['Saturday', '9AM–9:30PM'], ['Sunday', '4–9PM'], ['Monday', '11:30AM–2:30PM'], ['Tuesday', '11:30AM–2:30PM'], ['Wednesday', '11:30AM–2:30PM'], ['Thursday', '11:30AM–2:30PM'], ['Friday', '11:30AM–3PM']]"
0x54906d0a27d577eb:0xd2e54c6091ca79c9,Sapporo Teriyaki,"Sapporo Teriyaki, 2560 152nd Ave NE, Redmond, WA 98052",47.6325607,-122.1369373,['Japanese restaurant'],4.3,148,$,"[['Saturday', 'Closed'], ['Sunday', 'Closed'], ['Monday', '11AM–7PM'], ['Tuesday', '11AM–7PM'], ['Wednesday', '11AM–7PM'], ['Thursday', '11AM–7PM'], ['Friday', '11AM–7PM']]"
0x54905d438ce2a2eb:0x486cfd7f1dd8389f,Bucks Teriyaki,"Bucks Teriyaki, 2000 Benson Rd S #100, Renton, WA 98055",47.4629644,-122.2035684,"['Japanese restaurant', 'Asian restaurant']",4.2,156,$$,"[['Saturday', '10:30AM–9PM'], ['Sunday', 'Closed'], ['Monday', '10:30AM–9PM'], ['Tuesday', '10:30AM–9PM'], ['Wednesday', '10:30AM–9PM'], ['Thursday', '10:30AM–9PM'], ['Friday', '10:30AM–9PM']]"
0x5499f22f2f5a343d:0xf7ef850e7a40cfd9,Teriyaki Wok,"Teriyaki Wok, 1210 Canyon Rd, Ellensburg, WA 98926",46.9808764,-120.545271,['Japanese restaurant'],3.6,435,$,"[['Saturday', '11AM–9PM'], ['Sunday', '11AM–9PM'], ['Monday', '11AM–9PM'], ['Tuesday', '11AM–9PM'], ['Wednesday', '11AM–9PM'], ['Thursday', '11AM–9PM'], ['Friday', '11AM–9PM']]"
0x5490148b36d478ef:0x6cbdbdadf9dbf867,Nasai Teriyaki 3,"Nasai Teriyaki 3, 4305 University Way NE, Seattle, WA 98105",47.66,-122.31333339999999,['Japanese restaurant'],4.2,178,$,"[['Saturday', '11AM–8PM'], ['Sunday', 'Closed'], ['Monday', '11AM–8PM'], ['Tuesday', '11AM–8PM'], ['Wednesday', '11AM–8PM'], ['Thursday', '11AM–8PM'], ['Friday', '11AM–8PM']]"
0x54905c3560a1c653:0xb28c17f0d06f05,Yummy Teriyaki,"Yummy Teriyaki, 10844 SE 208th St, Kent, WA 98031",47.416111099999995,-122.19555559999999,"['Japanese restaurant', 'Chinese restaurant', 'Sushi restaurant']",4.3,198,,"[['Saturday', '10:30AM–9PM'], ['Sunday', 'Closed'], ['Monday', '10:30AM–9PM'], ['Tuesday', '10:30AM–9PM'], ['Wednesday', '10:30AM–9PM'], ['Thursday', '10:30AM–9PM'], ['Friday', '10:30AM–9PM']]"
0x54908b7af2ab6659:0x7a82ce96a602619,Tokyo Monster Sushi,"Tokyo Monster Sushi, 27317 Maple Valley Black Diamond Rd SE a104, Maple Valley, WA 98038",47.3567007,-122.0206405,['Japanese restaurant'],4.0,146,,"[['Saturday', '1–9PM'], ['Sunday', '1–9PM'], ['Monday', '4–9PM'], ['Tuesday', '1–9PM'], ['Wednesday', '1–9PM'], ['Thursday', '1–9PM'], ['Friday', '1–9PM']]"
0x54946ceaaca10dad:0x97809a555e5ae48f,Kyoto Japanese Steakhouse And Sushi,"Kyoto Japanese Steakhouse And Sushi, 760 Ocean Beach Hwy J, Longview, WA 98632",46.1475,-122.9244444,['Japanese restaurant'],4.3,613,$$,"[['Saturday', '11AM–10PM'], ['Sunday', '11AM–9PM'], ['Monday', '11AM–2:30PM'], ['Tuesday', '11AM–2:30PM'], ['Wednesday', '11AM–2:30PM'], ['Thursday', '11AM–2:30PM'], ['Friday', '11AM–10PM']]"
0x549014277da39b95:0x7d5c88f327ebfe7f,Teriyaki First,"Teriyaki First, 806 NW 85th St, Seattle, WA 98117",47.6909473,-122.36673499999999,['Japanese restaurant'],4.2,107,$,"[['Saturday', '11AM–9PM'], ['Sunday', 'Closed'], ['Monday', '11AM–8PM'], ['Tuesday', '11AM–8PM'], ['Wednesday', '11AM–8PM'], ['Thursday', '11AM–8PM'], ['Friday', '11AM–8PM']]"
0x54901450cd1b4d45:0xd7b6aad2da820930,Modern Japanese Cuisine & Desserts,"Modern Japanese Cuisine & Desserts, 6108 Phinney Ave N, Seattle, WA 98103",47.6735143,-122.3541623,"['Sushi restaurant', 'Bakery', 'Authentic Japanese restaurant', 'Wedding bakery', 'Wholesale bakery']",4.5,108,,"[['Saturday', '12–2:30PM'], ['Sunday', '12–2:30PM'], ['Monday', 'Closed'], ['Tuesday', '12–2:30PM'], ['Wednesday', '12–2:30PM'], ['Thursday', '12–2:30PM'], ['Friday', '12–2:30PM']]"
0x5490017d3cbecf7f:0x23e8aa18e5e2df05,Rainbow Wok & Teriyaki,"Rainbow Wok & Teriyaki, 8410 Mukilteo Speedway #3233, Mukilteo, WA 98275",47.9214482,-122.30075289999999,"['Japanese restaurant', 'Asian restaurant']",4.4,93,$,"[['Saturday', '12–8PM'], ['Sunday', 'Closed'], ['Monday', '10AM–8:30PM'], ['Tuesday', '10:30AM–8:30PM'], ['Wednesday', '10:30AM–8:30PM'], ['Thursday', '10:30AM–8:30PM'], ['Friday', '10:30AM–8:30PM']]"
0x549041cded882e75:0xeef5b71ded10e946,ASIAGINGER TERIYAKI & ROLL,"ASIAGINGER TERIYAKI & ROLL, 4119 4th Ave S, Seattle, WA 98134",47.5666815,-122.33005999999999,"['Japanese restaurant', 'Chicken restaurant']",4.4,88,$,"[['Saturday', 'Closed'], ['Sunday', 'Closed'], ['Monday', '9AM–7:30PM'], ['Tuesday', '9AM–7:30PM'], ['Wednesday', '9AM–7:30PM'], ['Thursday', '9AM–7:30PM'], ['Friday', '9AM–7:30PM']]"
0x54906c8ed2bbf5c5:0x74228ecfcf457c92,Ishoni Yakiniku,"Ishoni Yakiniku, 10630 NE 8th St, Bellevue, WA 98004",47.6178908,-122.19796609999999,"['Japanese restaurant', 'Authentic Japanese restaurant']",4.4,268,$$,"[['Saturday', '5:30–9:30PM'], ['Sunday', '5:30–9:30PM'], ['Monday', '5:30–9:30PM'], ['Tuesday', '5:30–9:30PM'], ['Wednesday', '5:30–9:30PM'], ['Thursday', '5:30–9:30PM'], ['Friday', '5:30–9:30PM']]"
0x5490050c0b5dad3d:0x6e90e4d15578a563,Oshima Japanese Cuisine,"Oshima Japanese Cuisine, 3301 184th St SW, Lynnwood, WA 98037",47.833077599999996,-122.27702599999999,"['Japanese restaurant', 'Restaurant', 'Sushi restaurant']",4.5,124,,"[['Saturday', '10:30AM–9PM'], ['Sunday', '10:30AM–9PM'], ['Monday', '10:30AM–9PM'], ['Tuesday', '10:30AM–9PM'], ['Wednesday', '10:30AM–9PM'], ['Thursday', '10:30AM–9PM'], ['Friday', '10:30AM–9PM']]"
0x549059e9720010b5:0x62a219e33c95ce2e,Yummy Teriyaki,"Yummy Teriyaki, 28849 Military Rd S, Federal Way, WA 98003",47.342222199999995,-122.30194449999999,"['Japanese restaurant', 'Asian restaurant']",4.2,192,,"[['Saturday', '10AM–9PM'], ['Sunday', 'Closed'], ['Monday', '10AM–9PM'], ['Tuesday', '10AM–9PM'], ['Wednesday', '10AM–9PM'], ['Thursday', '10AM–9PM'], ['Friday', '10AM–9PM']]"
0x5490577bb61b8273:0x6516318a8bc7f993,I Love Ramen,"I Love Ramen, 31254 Pacific Hwy S, Federal Way, WA 98003",47.32082,-122.313007,"['Ramen restaurant', 'Asian restaurant', 'Japanese restaurant', 'Restaurant']",4.4,274,$$,"[['Saturday', '11:30AM–8:30PM'], ['Sunday', '11AM–8PM'], ['Monday', '12–8:30PM'], ['Tuesday', 'Closed'], ['Wednesday', '11:30AM–8:30PM'], ['Thursday', '11:30AM–8:30PM'], ['Friday', '11:30AM–8:30PM']]"
0x54901bec3f104e73:0x8f8ca3c37b56f16d,Yua Ramen,"Yua Ramen, 22511 Hwy 99 #105, Edmonds, WA 98026",47.7950897,-122.33386,"['Ramen restaurant', 'Japanese restaurant', 'Tempura donburi restaurant']",4.7,93,,"[['Saturday', '12–9PM'], ['Sunday', '12–9PM'], ['Monday', 'Closed'], ['Tuesday', '12–9PM'], ['Wednesday', '12–9PM'], ['Thursday', '12–9PM'], ['Friday', '12–9PM']]"
0x5490577b796fa475:0x7cf37a3317ce2875,International Teriyaki House,"International Teriyaki House, 1620 S 312th St, Federal Way, WA 98003",47.3227659,-122.312288,"['Japanese restaurant', 'Restaurant']",4.2,176,$,"[['Saturday', '11AM–9PM'], ['Sunday', 'Closed'], ['Monday', '11AM–9PM'], ['Tuesday', '11AM–9PM'], ['Wednesday', '11AM–9PM'], ['Thursday', '11AM–9PM'], ['Friday', '11AM–9PM']]"
0x549014f53f83dfad:0xe2843774e37312c,Big Tuna,"Big Tuna, 4336 Roosevelt Way NE b, Seattle, WA 98105",47.6610692,-122.3174816,"['Japanese restaurant', 'Restaurant']",4.2,98,$,"[['Saturday', '2–8PM'], ['Sunday', 'Closed'], ['Monday', '11AM–8PM'], ['Tuesday', '11AM–8PM'], ['Wednesday', '11AM–8PM'], ['Thursday', '11AM–8PM'], ['Friday', '11AM–8PM']]"
0x54856da252aa404d:0xedd7736cabe1208b,Cherry Teriyaki,"Cherry Teriyaki, 200 S Cherry St, Burlington, WA 98233",48.47456,-122.327626,"['Japanese restaurant', 'Asian restaurant']",4.3,148,$,"[['Saturday', '11AM–8PM'], ['Sunday', 'Closed'], ['Monday', '11AM–8PM'], ['Tuesday', '11AM–8PM'], ['Wednesday', '11AM–8PM'], ['Thursday', '11AM–8PM'], ['Friday', '11AM–8PM']]"
0x5495a53a74fd9f79:0x1e9f994c2438039f,Ichi 18 Teriyaki,"Ichi 18 Teriyaki, 925 NE 136th Ave, Vancouver, WA 98684",45.6298879,-122.5342895,"['Japanese restaurant', 'Asian restaurant', 'Restaurant', 'Sushi restaurant']",4.4,436,$,"[['Saturday', '11:30AM–9PM'], ['Sunday', 'Closed'], ['Monday', '11AM–9PM'], ['Tuesday', '11AM–9PM'], ['Wednesday', '11AM–9PM'], ['Thursday', '11AM–9PM'], ['Friday', '11AM–9PM']]"
0x549f871863433bcb:0x1b2fdd11bc79d2f7,Tokyo Seoul,"Tokyo Seoul, 905 E Main St, Pullman, WA 99163",46.7272527,-117.16974959999999,"['Sushi restaurant', 'Japanese restaurant', 'Korean barbecue restaurant', 'Korean restaurant']",4.3,418,$$,"[['Saturday', '12–10PM'], ['Sunday', '12–10PM'], ['Monday', 'Closed'], ['Tuesday', '11AM–9PM'], ['Wednesday', '11AM–9PM'], ['Thursday', '11AM–9PM'], ['Friday', '11AM–9PM']]"
0x549011292739ba6b:0xf9e99f04fa756255,Teriyaki Time,"Teriyaki Time, #B, 14419 Greenwood Ave N, Seattle, WA 98133",47.733723999999995,-122.3560668,['Japanese restaurant'],4.2,88,$,"[['Saturday', '11AM–9PM'], ['Sunday', 'Closed'], ['Monday', '11AM–9PM'], ['Tuesday', '11AM–9PM'], ['Wednesday', '11AM–9PM'], ['Thursday', '11AM–9PM'], ['Friday', '11AM–9PM']]"
0x54903eb0841dfa09:0x81ceba60f16176f9,SuBI Japanese Restaurant,"SuBI Japanese Restaurant, 403 Madison Ave N #150, Bainbridge Island, WA 98110",47.627352099999996,-122.5214029,"['Japanese restaurant', 'Asian restaurant', 'Family restaurant', 'Sushi restaurant']",4.5,268,$$,"[['Saturday', '11:45AM–1:45PM'], ['Sunday', 'Closed'], ['Monday', '5–8PM'], ['Tuesday', '11:45AM–1:45PM'], ['Wednesday', '11:45AM–1:45PM'], ['Thursday', '11:45AM–1:45PM'], ['Friday', '11:45AM–1:45PM']]"
0x54906cc024925f11:0xfb2c16c17504a707,Sushi In Joy,"Sushi In Joy, 2618 Bellevue Way NE, Bellevue, WA 98004",47.634166699999994,-122.2005556,"['Sushi restaurant', 'Japanese restaurant']",4.5,148,$$,"[['Saturday', '4:30–8:30PM'], ['Sunday', '4–8PM'], ['Monday', '11:30AM–2PM'], ['Tuesday', '11:30AM–2PM'], ['Wednesday', '11:30AM–2PM'], ['Thursday', '11:30AM–2PM'], ['Friday', '11:30AM–2PM']]"
0x54906abc8b1e7081:0x93fff44e30cbd782,Maekawa Bar,"Maekawa Bar, 601 S King St #2, Seattle, WA 98104",47.5981838,-122.3259866,"['Japanese restaurant', 'Bar']",4.2,33,,"[['Saturday', '5:30PM–12AM'], ['Sunday', 'Closed'], ['Monday', 'Closed'], ['Tuesday', '5:30–10PM'], ['Wednesday', '5:30–10PM'], ['Thursday', '5:30–10PM'], ['Friday', '5:30PM–12AM']]"
0x5490152d81521b25:0x77003ce9689d05f0,Junkichi Robata Izakaya,"Junkichi Robata Izakaya, 224 Broadway E, Seattle, WA 98102",47.620672,-122.32051799999999,['Japanese restaurant'],4.4,166,,"[['Saturday', '11:30AM–2PM'], ['Sunday', '11:30AM–1:30PM'], ['Monday', '11:30AM–1:30PM'], ['Tuesday', '11:30AM–1:30PM'], ['Wednesday', '11:30AM–1:30PM'], ['Thursday', '11:30AM–1:30PM'], ['Friday', '11:30AM–2PM']]"
0x54900f77cb5564a5:0xff2e7a9cb51fd3dc,Big Fish Sushi,"Big Fish Sushi, 1410 228th St SE STE 100, Bothell, WA 98021",47.790969999999994,-122.2134858,['Japanese restaurant'],4.6,232,$$,"[['Saturday', '11AM–10PM'], ['Sunday', '12–9PM'], ['Monday', '11AM–9:30PM'], ['Tuesday', '11AM–9:30PM'], ['Wednesday', '11AM–9:30PM'], ['Thursday', '11AM–9:30PM'], ['Friday', '11AM–10PM']]"
0x5490437bde9b1ee1:0x5cad777dd2c145e6,Toshi's Teriyaki( Burien - Fred Meyer),"Toshi's Teriyaki( Burien - Fred Meyer), 14200 1st Ave S, Burien, WA 98168",47.47635,-122.33275499999999,['Japanese restaurant'],4.5,344,$,"[['Friday', '10:30AM–9PM'], ['Saturday', '10:30AM–9PM'], ['Sunday', 'Closed'], ['Monday', '10:30AM–9PM'], ['Tuesday', '10:30AM–8:45PM'], ['Wednesday', '10:30AM–9PM'], ['Thursday', '10:30AM–9PM']]"
0x5495bb22c2368ad3:0xaf4df7b94a89bdf0,Ichi Teriyaki 19,"Ichi Teriyaki 19, 155 NE 192nd Ave #103, Camas, WA 98607",45.621829299999995,-122.4754782,"['Japanese restaurant', 'Asian restaurant']",4.1,164,,"[['Friday', '11AM–8PM'], ['Saturday', '11AM–8PM'], ['Sunday', 'Closed'], ['Monday', '11AM–8PM'], ['Tuesday', '11AM–8PM'], ['Wednesday', '11AM–8PM'], ['Thursday', '11AM–8PM']]"
0x5490154f3acffa0d:0xff7b20df010c4e71,Wa'z Seattle,"Wa'z Seattle, 411 Cedar St, Seattle, WA 98121",47.618030399999995,-122.3475682,['Kyoto style Japanese restaurant'],4.8,168,,
0x5499d7b7b1b45887:0x861e2f0927153bb4,Kobe Sushi and Teriyaki,"Kobe Sushi and Teriyaki, 1905 S 1st St, Yakima, WA 98903",46.5747632,-120.4896395,"['Japanese restaurant', 'Asian restaurant', 'Takeout Restaurant', 'Sushi restaurant']",4.7,68,,"[['Friday', '11AM–9:30PM'], ['Saturday', '11AM–9:30PM'], ['Sunday', '12–9PM'], ['Monday', '11AM–9PM'], ['Tuesday', '11AM–9PM'], ['Wednesday', '11AM–9PM'], ['Thursday', '11AM–9PM']]"
0x54987b814716333d:0x606f4ba5c175e16a,Teriyaki Grill,"Teriyaki Grill, 5325 Rd 68, Pasco, WA 99301",46.2756957,-119.1850369,['Japanese restaurant'],4.2,134,$,"[['Friday', '11AM–9PM'], ['Saturday', '11AM–9PM'], ['Sunday', 'Closed'], ['Monday', '11AM–9PM'], ['Tuesday', '11AM–9PM'], ['Wednesday', '11AM–9PM'], ['Thursday', '11AM–9PM']]"
0x54856bffea14859b:0xb7d8a8648669e08d,Umi Teriyaki,"98274 Washington, Mt Vernon, E Section St, Umi Teriyaki",48.4141913,-122.31242239999999,"['Asian restaurant', 'Japanese restaurant']",4.2,126,$$,"[['Friday', '11AM–8PM'], ['Saturday', 'Closed'], ['Sunday', 'Closed'], ['Monday', '11AM–8PM'], ['Tuesday', '11AM–8PM'], ['Wednesday', '11AM–8PM'], ['Thursday', '11AM–8PM']]"
0x549011c4adb49aed:0xca3d155131683a9b,Sarku Japan,"Sarku Japan, 401 NE Northgate Way, Sp#VC2, Northgate Mall, Seattle, WA 98125",47.7044372,-122.3257064,"['Japanese restaurant', 'Fast food restaurant', 'Restaurant', 'Sushi restaurant', 'Teppanyaki restaurant']",3.6,48,$,"[['Friday', '10AM–9PM'], ['Saturday', '10AM–9PM'], ['Sunday', '11AM–7PM'], ['Monday', '10AM–9PM'], ['Tuesday', '10AM–9PM'], ['Wednesday', '10AM–9PM'], ['Thursday', '10AM–9PM']]"
0x54906f8068b73ec5:0xf4583338506c2d70,Japan Ginger,"Japan Ginger, 220 Front St N, Issaquah, WA 98027",47.5327312,-122.03620029999999,['Japanese restaurant'],4.3,117,,"[['Friday', '11:30AM–9PM'], ['Saturday', '11:30AM–9PM'], ['Sunday', '11:30AM–7:30AM'], ['Monday', '11:30AM–9PM'], ['Tuesday', '11:30AM–9PM'], ['Wednesday', '11:30AM–9PM'], ['Thursday', '11:30AM–9PM']]"
0x54923a112f1c46b7:0x3e75ac86113aee7b,Happy Teriyaki,"Happy Teriyaki, 1029 E Wishkah St # E, Aberdeen, WA 98520",46.976604099999996,-123.8048343,['Japanese restaurant'],4.1,448,$$,"[['Friday', '11AM–9:30PM'], ['Saturday', '11AM–9:30PM'], ['Sunday', 'Closed'], ['Monday', '11AM–9:30PM'], ['Tuesday', '11AM–9:30PM'], ['Wednesday', '11AM–9:30PM'], ['Thursday', '11AM–9:30PM']]"
0x549b9b1b2f0cb221:0x22e541ca312a4cd3,Chelan Teriyaki Bistro,"Chelan Teriyaki Bistro, 109 S Emerson St, Chelan, WA 98816",47.8395144,-120.0166404,['Japanese restaurant'],3.7,74,,"[['Friday', '11AM–6:30PM'], ['Saturday', '3–6:30PM'], ['Sunday', 'Closed'], ['Monday', '11AM–6:30PM'], ['Tuesday', '11AM–6:30PM'], ['Wednesday', '11AM–6:30PM'], ['Thursday', '11AM–6:30PM']]"
0x549041032d853f4f:0xb00652939d428a65,Donburi Station Seattle,"Donburi Station Seattle, 5503 Airport Way S, Seattle, WA 98108",47.5532,-122.32101399999999,"['Japanese restaurant', 'Seafood donburi restaurant']",4.8,98,$$,"[['Friday', '11AM–2PM'], ['Saturday', '11AM–2PM'], ['Sunday', '11AM–2PM'], ['Monday', 'Closed'], ['Tuesday', '11AM–2PM'], ['Wednesday', '11AM–2PM'], ['Thursday', '11AM–2PM']]"
0x549013dfc4a71e1f:0xa284ec5f32ca560f,Manna Teriyaki,"Manna Teriyaki, 11064 Lake City Way NE, Seattle, WA 98125",47.709952699999995,-122.3002748,"['Japanese restaurant', 'Restaurant']",4.4,106,$,"[['Friday', '11AM–8:30PM'], ['Saturday', '11AM–8PM'], ['Sunday', 'Closed'], ['Monday', '11AM–8:30PM'], ['Tuesday', '11AM–8:30PM'], ['Wednesday', '11AM–8:30PM'], ['Thursday', '11AM–8:30PM']]"
0x54901282f405cc89:0x840614523093ce09,Kami Teriyaki,"Kami Teriyaki, 11613 124th Ave NE D, Kirkland, WA 98033",47.704544399999996,-122.17629989999999,['Japanese restaurant'],4.3,167,$,"[['Friday', '10:30AM–9PM'], ['Saturday', '10:30AM–9PM'], ['Sunday', 'Closed'], ['Monday', '10:30AM–9PM'], ['Tuesday', '10:30AM–9PM'], ['Wednesday', '10:30AM–9PM'], ['Thursday', '10:30AM–9PM']]"
0x549059560b184a4f:0xbe8145b400aa4d65,Sushi Kuine,"Sushi Kuine, 202 W Gowe St, Kent, WA 98032",47.3808194,-122.2339583,['Japanese restaurant'],4.6,308,$,"[['Thursday', '11:15AM–2PM'], ['Friday', '11:15AM–2PM'], ['Saturday', '11:15AM–2PM'], ['Sunday', '11:15AM–2PM'], ['Monday', 'Closed'], ['Tuesday', '11:15AM–2PM'], ['Wednesday', '11:15AM–2PM']]"
0x5495adebd8fcc915:0x5ce4a6acd36a4090,Mio Sushi,"Mio Sushi, 13317 NE 12th Ave #101, Vancouver, WA 98685",45.7178615,-122.6588666,"['Sushi restaurant', 'Japanese restaurant', 'Seafood restaurant']",4.2,325,$$,"[['Thursday', '11AM–2:30PM'], ['Friday', '11AM–2:30PM'], ['Saturday', '12–3PM'], ['Sunday', 'Closed'], ['Monday', '11AM–2:30PM'], ['Tuesday', '11AM–2:30PM'], ['Wednesday', '11AM–2:30PM']]"
0x54901534b7bcda01:0x5956cdd849055bc,Sushi Maki,"Sushi Maki, 1633 Bellevue Ave, Seattle, WA 98122",47.61616,-122.327102,"['Sushi restaurant', 'Asian restaurant', 'Japanese restaurant']",4.5,148,$$,"[['Thursday', '11AM–2PM'], ['Friday', '11AM–2PM'], ['Saturday', 'Closed'], ['Sunday', 'Closed'], ['Monday', '11AM–2PM'], ['Tuesday', '11AM–2PM'], ['Wednesday', '11AM–2PM']]"
0x5490152ef74936e3:0x36a0f6eaa64fa1b3,Aoki Japanese Restaurant,"Aoki Japanese Restaurant, 621 Broadway E, Seattle, WA 98102",47.6248911,-122.32113179999999,"['Sushi restaurant', 'Japanese restaurant', 'Seafood restaurant']",4.4,158,$$,"[['Thursday', '11:30AM–2:30PM'], ['Friday', '11:30AM–2:30PM'], ['Saturday', '4–9PM'], ['Sunday', '4–8PM'], ['Monday', '11:30AM–2:30PM'], ['Tuesday', '11:30AM–2:30PM'], ['Wednesday', '11:30AM–2:30PM']]"
0x549e172ec55fd54b:0xe96b8b67d1018f5c,Noodle Express,"Noodle Express, 10408 US HWY 2 Ste 1, Spokane, WA 99224",47.644174799999995,-117.55665069999999,"['Asian fusion restaurant', 'Asian restaurant', 'Chinese restaurant', 'Fast food restaurant', 'Hawaiian restaurant', 'Japanese restaurant', 'Takeout Restaurant', 'Restaurant', 'Thai restaurant']",4.1,175,,"[['Thursday', '11AM–9PM'], ['Friday', '11AM–9PM'], ['Saturday', '11AM–9PM'], ['Sunday', '11AM–9PM'], ['Monday', '11AM–9PM'], ['Tuesday', '11AM–9PM'], ['Wednesday', '11AM–9PM']]"
0x54905cd71f4ed3ed:0x96250fef5cf66cc3,Mizu Japanese Steakhouse,"Mizu Japanese Steakhouse, 339 Strander Blvd, Tukwila, WA 98188",47.4548175,-122.2563424,"['Japanese steakhouse', 'Restaurant', 'Steak house', 'Sushi restaurant']",4.2,486,$$,"[['Thursday', '3–9PM'], ['Friday', '3–9PM'], ['Saturday', '3–9PM'], ['Sunday', '3–9PM'], ['Monday', '3–9PM'], ['Tuesday', '3–9PM'], ['Wednesday', '3–9PM']]"
0x549049cf59679631:0x6882ddbb447ca22e,Kim's Teriyaki,"Kim's Teriyaki, 1894 SE Sedgwick Rd # 102, Port Orchard, WA 98366",47.504563999999995,-122.628315,['Japanese restaurant'],4.4,267,$,"[['Thursday', '11:30AM–8PM'], ['Friday', '11:30AM–8PM'], ['Saturday', '11:30AM–8PM'], ['Sunday', 'Closed'], ['Monday', 'Closed'], ['Tuesday', '11:30AM–8PM'], ['Wednesday', '11:30AM–8PM']]"
0x54901510b4d36957:0xaff74ab8ffe3e8f7,Sushi I,"Sushi I, 2242 NW Market St, Seattle, WA 98107",47.6688937,-122.3866541,"['Sushi restaurant', 'Japanese restaurant']",4.5,136,$$,"[['Thursday', '11:30AM–9PM'], ['Friday', '11:30AM–9PM'], ['Saturday', '12–9PM'], ['Sunday', 'Closed'], ['Monday', '11:30AM–9PM'], ['Tuesday', '11:30AM–9PM'], ['Wednesday', '11:30AM–9PM']]"
0x54905cd5123f5097:0x15a27b16a6a6c8c2,Teriyaki Time,"Teriyaki Time, 80 Andover Park W, Tukwila, WA 98188",47.4605831,-122.2535326,['Japanese restaurant'],4.1,153,$,"[['Thursday', '10:30AM–8PM'], ['Friday', '10:30AM–8PM'], ['Saturday', '11AM–5PM'], ['Sunday', 'Closed'], ['Monday', '10:30AM–8PM'], ['Tuesday', '10:30AM–8PM'], ['Wednesday', '10:30AM–8PM']]"
0x5490573d7611ff2f:0x9223b840c385727b,Teriyaki House,"Teriyaki House, 1608 SW Dash Point Rd, Federal Way, WA 98023",47.3238847,-122.3556225,"['Japanese restaurant', 'Asian restaurant']",3.8,145,,"[['Thursday', '10:30AM–9PM'], ['Friday', '10:30AM–9PM'], ['Saturday', '10:30AM–9PM'], ['Sunday', 'Closed'], ['Monday', '10:30AM–9PM'], ['Tuesday', '10:30AM–9PM'], ['Wednesday', '10:30AM–9PM']]"
0x54906996dfa866fb:0x435aaa17f81d3a83,Yuzen Japanese Cuisine,"Yuzen Japanese Cuisine, 8451 SE 68th St, Mercer Island, WA 98040",47.5409917,-122.2244894,"['Japanese restaurant', 'Asian restaurant', 'Bar']",4.5,78,$$,"[['Thursday', '4:30–8:30PM'], ['Friday', '4:30–8:30PM'], ['Saturday', '4:30–8:30PM'], ['Sunday', '4:30–8:30PM'], ['Monday', 'Closed'], ['Tuesday', 'Closed'], ['Wednesday', '4:30–8:30PM']]"
0x5491740d3314ab43:0xe95680c2ab5d2319,Happy Teriyaki #5,"Happy Teriyaki #5, 5103 Capitol Blvd SE, Tumwater, WA 98501",47.0020874,-122.9101548,['Japanese restaurant'],4.3,427,$,"[['Thursday', '11AM–10PM'], ['Friday', '11AM–10PM'], ['Saturday', '11AM–10PM'], ['Sunday', 'Closed'], ['Monday', '11AM–10PM'], ['Tuesday', '11AM–10PM'], ['Wednesday', '11AM–10PM']]"
0x54906b2d4bd909d1:0xb82fb11860bb1f4a,Teriyaki Bowl,"Teriyaki Bowl, 3121 E Madison St #100, Seattle, WA 98112",47.626178599999996,-122.2919699,['Japanese restaurant'],4.0,68,$,"[['Thursday', '11AM–9PM'], ['Friday', '11AM–9PM'], ['Saturday', '11AM–9PM'], ['Sunday', 'Closed'], ['Monday', '11AM–9PM'], ['Tuesday', '11AM–9PM'], ['Wednesday', '11AM–9PM']]"
0x549072b08f21efe5:0xa14d70cb816d7578,Nasai Teriyaki,"Nasai Teriyaki, 16849 Redmond Way, Redmond, WA 98052",47.671166,-122.11532,"['Japanese restaurant', 'Asian restaurant']",4.1,138,$,"[['Thursday', '11AM–8:30PM'], ['Friday', '11AM–8:30PM'], ['Saturday', '11AM–8:30PM'], ['Sunday', 'Closed'], ['Monday', '11AM–8:30PM'], ['Tuesday', '11AM–8:30PM'], ['Wednesday', '11AM–8:30PM']]"
0x54855393528ae2e1:0x80e3ccbc428b632,Marysville Teriyaki,"Marysville Teriyaki, 9501 State Ave, Marysville, WA 98270",48.0818339,-122.1731729,"['Japanese restaurant', 'Asian restaurant', 'Fast food restaurant']",4.4,178,,"[['Thursday', '11AM–9PM'], ['Friday', '11AM–9PM'], ['Saturday', '12–9PM'], ['Sunday', '11AM–9PM'], ['Monday', '11AM–9PM'], ['Tuesday', '11AM–9PM'], ['Wednesday', '11AM–9PM']]"
0x548553eaffa060e5:0xdc5d47be70315bc6,KYO Teriyaki,"KYO Teriyaki, 9925 Old Highway 99, Marysville, WA 98270",48.0852648,-122.17109719999999,['Japanese restaurant'],4.1,168,,"[['Thursday', '11AM–9PM'], ['Friday', '11AM–9PM'], ['Saturday', '11AM–9PM'], ['Sunday', '11AM–8:30PM'], ['Monday', '11AM–9PM'], ['Tuesday', '11AM–9PM'], ['Wednesday', '11AM–8PM']]"
0x54905cd3a427b7ef:0xabab087d1d0d808c,Kizuki Ramen & Izakaya,"Kizuki Ramen & Izakaya, 2800 Southcenter Mall Suite 182, Tukwila, WA 98188",47.4584439,-122.2603293,"['Ramen restaurant', 'Izakaya restaurant', 'Japanese restaurant']",4.2,760,$$,"[['Thursday', '10AM–9PM'], ['Friday', '10AM–9PM'], ['Saturday', '10AM–9PM'], ['Sunday', '11AM–7PM'], ['Monday', '11AM–8PM'], ['Tuesday', '11AM–8PM'], ['Wednesday', '10AM–9PM']]"
0x54905c7b00994ccb:0xffa0882d51a45690,Nikko Teriyaki,"Nikko Teriyaki, 6621 S 211th St 105 (compound section 0x475b70e7527938cf), Kent, WA 98032",47.413056499999996,-122.25102609999999,"['Japanese restaurant', 'Asian restaurant', 'Sushi restaurant']",3.9,104,$$,"[['Thursday', '10AM–8PM'], ['Friday', '10AM–8PM'], ['Saturday', '10AM–7PM'], ['Sunday', 'Closed'], ['Monday', '10AM–8PM'], ['Tuesday', '10AM–8PM'], ['Wednesday', '10AM–8PM']]"
0x54906ab1a9741c97:0x7e0fee814c012bb8,joybento,"joybento, 214 Madison St, Seattle, WA 98104",47.605663899999996,-122.33448329999999,"['Korean restaurant', 'Japanese restaurant', 'Sushi takeaway']",4.6,68,$,"[['Thursday', '10AM–3PM'], ['Friday', '10AM–3PM'], ['Saturday', 'Closed'], ['Sunday', 'Closed'], ['Monday', '10AM–3PM'], ['Tuesday', '10AM–3PM'], ['Wednesday', '10AM–3PM']]"
0x5491963457d312fb:0xe2b4daf83febdfed,Miako Teriyaki Restaurant,"Miako Teriyaki Restaurant, 301 E Wallace Kneeland Blvd #218, Shelton, WA 98584",47.2306384,-123.1220252,"['Japanese restaurant', 'Asian restaurant']",4.2,168,$$,"[['Wednesday', '11AM–8:30PM'], ['Thursday', '11AM–8:30PM'], ['Friday', '11AM–8:30PM'], ['Saturday', '11AM–8:30PM'], ['Sunday', 'Closed'], ['Monday', '11AM–8:30PM'], ['Tuesday', '11AM–8:30PM']]"
0x549071f38ada0e91:0x57d906202fc373be,Nasai Teriyaki,"Nasai Teriyaki, 506 228th Ave NE, Sammamish, WA 98074",47.614059,-122.03376399999999,"['Japanese restaurant', 'Asian restaurant']",3.9,98,,"[['Wednesday', '11AM–8PM'], ['Thursday', '11AM–8PM'], ['Friday', '11AM–8PM'], ['Saturday', '11AM–8PM'], ['Sunday', 'Closed'], ['Monday', '11AM–8PM'], ['Tuesday', '11AM–8PM']]"
0x54900ddea51630c3:0x50f3d1006a298108,Best Teriyaki & Wok Gluten-Free Specialty,"Best Teriyaki & Wok Gluten-Free Specialty, 11801 NE 160th St, Bothell, WA 98011",47.7430881,-122.18383019999999,['Japanese restaurant'],4.4,285,$,"[['Wednesday', '11AM–9PM'], ['Thursday', '11AM–9PM'], ['Friday', '11AM–9PM'], ['Saturday', '11AM–9PM'], ['Sunday', 'Closed'], ['Monday', '11AM–9PM'], ['Tuesday', '11AM–9PM']]"
0x5490482a934c592b:0x27b6dd961fcdef14,Wok & Teriyaki,"Wok & Teriyaki, 1948 SE Lund Ave # 100, Port Orchard, WA 98366",47.5185847,-122.62723799999999,['Japanese restaurant'],4.2,295,$,"[['Wednesday', '11AM–9PM'], ['Thursday', '11AM–9PM'], ['Friday', '11AM–9PM'], ['Saturday', '11AM–9PM'], ['Sunday', '11AM–9PM'], ['Monday', '11AM–9PM'], ['Tuesday', '11AM–9PM']]"
0x5491aac9b75694af:0xc7061f797f67e15c,Songs Teriyaki,"Songs Teriyaki, 4916 Center St #A, Tacoma, WA 98409",47.2335407,-122.5033746,"['Japanese restaurant', 'Asian restaurant', 'Chinese restaurant']",4.0,186,$,"[['Wednesday', '11AM–8:30PM'], ['Thursday', '11AM–8:30PM'], ['Friday', '11AM–8:30PM'], ['Saturday', '11AM–8:30PM'], ['Sunday', 'Closed'], ['Monday', '11AM–8:30PM'], ['Tuesday', '11AM–8:30PM']]"
0x5491aad9642401a9:0x6a1aee8816707cb9,Wok V Teriyaki,"Wok V Teriyaki, 1816 S Mildred St ste b, Tacoma, WA 98465",47.243986,-122.52756199999999,"['Asian restaurant', 'Chinese restaurant', 'Japanese restaurant']",4.1,164,$,"[['Wednesday', '11AM–9PM'], ['Thursday', '11AM–9PM'], ['Friday', '11AM–9PM'], ['Saturday', '12–9PM'], ['Sunday', '12–9PM'], ['Monday', '11AM–9PM'], ['Tuesday', '11AM–9PM']]"
0x5490056c124ee893:0xad0340967ccc9b4c,Edo Sushi &Sake,"Edo Sushi &Sake, 19400 36th Ave W #101, Lynnwood, WA 98036",47.8225595,-122.2828215,['Japanese restaurant'],4.4,228,$$,"[['Wednesday', '11AM–9:30PM'], ['Thursday', '11AM–9:30PM'], ['Friday', '11AM–10PM'], ['Saturday', '11:30AM–10PM'], ['Sunday', '12–8PM'], ['Monday', '11AM–9:30PM'], ['Tuesday', '11AM–9:30PM']]"
0x549055212b26215d:0x7e22dd2f10371758,Joy Teriyaki,"Joy Teriyaki, 3908 6th Ave, Tacoma, WA 98406",47.2549316,-122.48942389999999,"['Japanese restaurant', 'Asian restaurant', 'Fast food restaurant']",4.1,433,$,"[['Wednesday', '11AM–12AM'], ['Thursday', '11AM–12AM'], ['Friday', '11AM–12AM'], ['Saturday', '11AM–12AM'], ['Sunday', '12PM–12AM'], ['Monday', '11AM–12AM'], ['Tuesday', '11AM–12AM']]"
0x548f8a15f839446d:0x92338aa02955724b,Teriyaki Time,"Teriyaki Time, 31531 WA-20, Oak Harbor, WA 98277",48.2886338,-122.65961759999999,"['Japanese restaurant', 'Sushi restaurant']",4.4,346,$$,"[['Tuesday', '11AM–8:30PM'], ['Wednesday', '11AM–8:30PM'], ['Thursday', '11AM–8:30PM'], ['Friday', '11AM–8:30PM'], ['Saturday', '12–8PM'], ['Sunday', 'Closed'], ['Monday', '11AM–8:30PM']]"
0x54856c26b1110647:0xe9812a87e177df20,Best Teriyaki,"Best Teriyaki, 1722 Riverside Dr, Mt Vernon, WA 98273",48.4365567,-122.33480159999999,"['Japanese restaurant', 'Asian restaurant']",4.4,156,$$,"[['Tuesday', '11AM–8:30PM'], ['Wednesday', '11AM–8:30PM'], ['Thursday', '11AM–8:30PM'], ['Friday', '11AM–8:30PM'], ['Saturday', '12–8PM'], ['Sunday', 'Closed'], ['Monday', '11AM–8:30PM']]"
0x5485a3bc6e6a72ff:0x7ab623845b6aca38,Teriyaki Bar - CLOSED,"Teriyaki Bar - CLOSED, 119 W Holly St, Bellingham, WA 98225",48.749949199999996,-122.4797727,"['Japanese restaurant', 'Asian restaurant']",4.2,96,$,"[['Tuesday', '11AM–8:30PM'], ['Wednesday', '11AM–8:30PM'], ['Thursday', '11AM–8:30PM'], ['Friday', '11AM–8:30PM'], ['Saturday', '11:30AM–7:30PM'], ['Sunday', '11:30AM–7:30PM'], ['Monday', '11AM–8:30PM']]"
0x54906c4a73f85ff9:0x19162104a8eaebdd,Tuna House,"Tuna House, 15015 Main St #114, Bellevue, WA 98007",47.608367199999996,-122.14126809999999,"['Japanese restaurant', 'Sushi restaurant']",4.6,168,$$,"[['Tuesday', '11:30AM–1:30PM'], ['Wednesday', '11:30AM–1:30PM'], ['Thursday', '11:30AM–1:30PM'], ['Friday', '11:30AM–1:30PM'], ['Saturday', '5–8:30PM'], ['Sunday', 'Closed'], ['Monday', 'Closed']]"
0x54906c62872efadb:0x4a707be7a2b12e52,Sushiya,"Sushiya, 300 110th Ave NE #104, Bellevue, WA 98004",47.6131897,-122.1933136,"['Japanese restaurant', 'Restaurant', 'Sushi restaurant']",4.3,208,$$,
0x5490fd4b7ebc7831:0x7511eb1860d90328,Happy Bento,"Happy Bento, 9909 168th St E #103, Puyallup, WA 98375",47.103981,-122.29673799999999,"['Sushi restaurant', 'Asian restaurant', 'Japanese restaurant', 'Restaurant']",4.4,808,$$,"[['Tuesday', '11AM–9PM'], ['Wednesday', '11AM–9PM'], ['Thursday', '11AM–9PM'], ['Friday', '11AM–9PM'], ['Saturday', '11AM–9PM'], ['Sunday', '11AM–8:30PM'], ['Monday', '11AM–9PM']]"
0x549e18850df3caa7:0xac4af83b9dba0ae8,Shogun Restaurant,"Shogun Restaurant, 821 E 3rd Ave, Spokane, WA 99202",47.653852,-117.398123,"['Japanese restaurant', 'Asian restaurant']",3.9,128,$$,"[['Tuesday', '5–9PM'], ['Wednesday', '5–9PM'], ['Thursday', '5–9PM'], ['Friday', '5–9PM'], ['Saturday', '5–9PM'], ['Sunday', '5–9PM'], ['Monday', '5–9PM']]"
0x54903b8d56dc55cb:0x4804e2cb39b46bfc,Peter's Kitchen,"Peter's Kitchen, 10516 Silverdale Way NW Suite 126, Silverdale, WA 98383",47.6588242,-122.6854741,"['Ramen restaurant', 'Hawaiian restaurant', 'Japanese restaurant', 'Korean restaurant']",4.5,93,,"[['Tuesday', '11AM–8PM'], ['Wednesday', '11AM–8PM'], ['Thursday', '11AM–8PM'], ['Friday', '11AM–8PM'], ['Saturday', '11AM–8PM'], ['Sunday', '11AM–8PM'], ['Monday', '11AM–8PM']]"
0x5490f8f38715bd29:0xbe85beae70db5bd1,Yoko Teriyaki,"Yoko Teriyaki, 2800 Milton Way #18, Milton, WA 98354",47.251714,-122.29510719999999,"['Japanese restaurant', 'Asian restaurant']",4.6,258,$,"[['Tuesday', '11AM–9PM'], ['Wednesday', '11AM–9PM'], ['Thursday', '11AM–9PM'], ['Friday', '11AM–9PM'], ['Saturday', '11AM–9PM'], ['Sunday', 'Closed'], ['Monday', '11AM–9PM']]"
0x549044b41d188a07:0x3c553e8cbdcb89fa,Bamboo Garden Teriyaki,"Bamboo Garden Teriyaki, 17652 1st Ave S, Burien, WA 98148",47.444212,-122.333151,"['Asian restaurant', 'Japanese restaurant']",4.2,65,$,"[['Tuesday', '9AM–9PM'], ['Wednesday', '9AM–9PM'], ['Thursday', '9AM–9PM'], ['Friday', '9AM–9PM'], ['Saturday', '9AM–9PM'], ['Sunday', 'Closed'], ['Monday', '9AM–9PM']]"
0x5490f9d91af179b1:0x2e951f1f31432d96,Ichi Teriyaki,"Ichi Teriyaki, 1414 Lake Tapps Pkwy E, Auburn, WA 98092",47.244434399999996,-122.2090183,['Japanese restaurant'],3.7,138,$,"[['Tuesday', '11AM–9PM'], ['Wednesday', '11AM–9PM'], ['Thursday', '11AM–9PM'], ['Friday', '11AM–9PM'], ['Saturday', '11AM–9PM'], ['Sunday', 'Closed'], ['Monday', '11AM–9PM']]"
0x54901aa58b606653:0x73703f791f6b7725,Bento Teriyaki II,"Bento Teriyaki II, 21919 66th Ave W H, Mountlake Terrace, WA 98043",47.7999521,-122.3211307,['Japanese restaurant'],4.3,88,$,"[['Tuesday', '11AM–8PM'], ['Wednesday', '11AM–9PM'], ['Thursday', '11AM–9PM'], ['Friday', '11AM–9PM'], ['Saturday', '11AM–8PM'], ['Sunday', 'Closed'], ['Monday', '11AM–9PM']]"
0x54906c7e1140f219:0x5dc4af872a9f288f,Ginza,"Ginza, 103 102nd Ave SE, Bellevue, WA 98004",47.6098551,-122.2043463,"['Japanese restaurant', 'Bar', 'Sushi restaurant']",4.3,588,$$,"[['Tuesday', '11:30AM–2PM'], ['Wednesday', '11:30AM–2PM'], ['Thursday', '11:30AM–2PM'], ['Friday', '11:30AM–2PM'], ['Saturday', '5–8:30PM'], ['Sunday', '5–8:30PM'], ['Monday', '11:30AM–2PM']]"
0x5495afeb8b7a33cb:0x914c056f2019f677,Express Japan,"Express Japan, 8700 NE Vancouver Mall Dr, Vancouver, WA 98662",28.647889799999998,180.0,['Japanese restaurant'],3.8,74,,"[['Monday', '10AM–9PM'], ['Tuesday', '10AM–9PM'], ['Wednesday', '10AM–9PM'], ['Thursday', '10AM–9PM'], ['Friday', '10AM–9PM'], ['Saturday', '10AM–9PM'], ['Sunday', '10AM–6PM']]"
0x54906a6509c0d74b:0x7ab6a36fbfcdb4ea,Rainier Teriyaki,"Rainier Teriyaki, 3330 Rainier Ave S, Seattle, WA 98144",47.573192,-122.2936519,"['Asian restaurant', 'Japanese restaurant', 'Korean restaurant', 'Restaurant']",4.1,185,$,"[['Monday', '10:30AM–8:45PM'], ['Tuesday', '10:30AM–8:45PM'], ['Wednesday', '10:30AM–8:45PM'], ['Thursday', '10:30AM–8:45PM'], ['Friday', '10:30AM–8:45PM'], ['Saturday', '10:30AM–8:45PM'], ['Sunday', 'Closed']]"
0x5490fbd32f9d0e21:0x13f1471fa6756c2f,Modoo #2 Teriyaki,"Modoo #2 Teriyaki, 15127 Main St #103, Sumner, WA 98390",47.2028623,-122.2268003,"['Japanese restaurant', 'Asian restaurant']",4.4,188,$,"[['Monday', '11AM–8:30PM'], ['Tuesday', '11AM–8:30PM'], ['Wednesday', '11AM–8:30PM'], ['Thursday', '11AM–8:30PM'], ['Friday', '11AM–8:30PM'], ['Saturday', '11AM–8:30PM'], ['Sunday', 'Closed']]"
0x54910b4c5d1cc9a9:0xc477c55028ce2042,kamakura japanese cuisine,"kamakura japanese cuisine, 4804 Pacific Ave SE, Lacey, WA 98503",47.037454,-122.81950669999999,"['Japanese restaurant', 'Modern izakaya restaurants', 'Restaurant']",4.8,108,,"[['Monday', '12–8PM'], ['Tuesday', '12–8PM'], ['Wednesday', '12–8PM'], ['Thursday', '12–8PM'], ['Friday', '12–9PM'], ['Saturday', '12–9PM'], ['Sunday', '12–8PM']]"
0x549879ee06b81203:0x827c7cef9a4400c0,Sushi Ya,"Sushi Ya, 731 N Columbia Center Blvd # 120, Kennewick, WA 99336",46.2161158,-119.2261463,"['Japanese restaurant', 'Restaurant']",4.5,338,$$,"[['Monday', '11AM–2PM'], ['Tuesday', '11AM–2PM'], ['Wednesday', '11AM–2PM'], ['Thursday', '11AM–2PM'], ['Friday', '11AM–2PM'], ['Saturday', '11AM–2PM'], ['Sunday', '12–8PM']]"
0x5495a8ba05345a01:0x42db9dabdabbe0fe,Ichi Teriyaki 27,"Ichi Teriyaki 27, 585 W 8th St, Vancouver, WA 98660",45.6270734,-122.67712859999999,['Japanese restaurant'],4.3,156,$,"[['Monday', '10:30AM–7:30PM'], ['Tuesday', '10:30AM–7:30PM'], ['Wednesday', '10:30AM–7:30PM'], ['Thursday', '10:30AM–7:30PM'], ['Friday', '10:30AM–7:30PM'], ['Saturday', 'Closed'], ['Sunday', 'Closed']]"
0x549879ef4f2f8cb5:0x5a75759cd48ad7db,Aki Sushi,"Aki Sushi, 321 N Columbia Center Blvd, Kennewick, WA 99336",46.211765,-119.2263045,"['Restaurant', 'Japanese restaurant', 'Sushi restaurant']",4.7,638,$$,"[['Monday', '11:30AM–2:30PM'], ['Tuesday', '11:30AM–2:30PM'], ['Wednesday', '11:30AM–2:30PM'], ['Thursday', '11:30AM–2:30PM'], ['Friday', '11:30AM–2:30PM'], ['Saturday', '12–3PM'], ['Sunday', '12–3PM']]"
0x549055272b3f2655:0x573033a2755945b2,Sushi Tama Restaurant,"Sushi Tama Restaurant, 3919 6th Ave, Tacoma, WA 98406",47.2554856,-122.49013939999999,"['Japanese restaurant', 'Asian restaurant', 'Authentic Japanese restaurant', 'Japanese curry restaurant', 'Restaurant', 'Sushi restaurant']",4.6,258,$$,"[['Monday', 'Closed'], ['Tuesday', '4:15–7:30PM'], ['Wednesday', '4:15–7:30PM'], ['Thursday', '4:15–7:30PM'], ['Friday', '4:15–8PM'], ['Saturday', '4:15–8PM'], ['Sunday', 'Closed']]"
0x5490fdebf7526907:0x5a70c6c223594ff7,Suzy's Pho Teriyaki,"Suzy's Pho Teriyaki, 11416 Canyon Rd E B, Puyallup, WA 98373",47.15238,-122.3578737,"['Pho restaurant', 'Asian restaurant', 'Japanese restaurant']",4.2,277,$,"[['Monday', '11AM–9PM'], ['Tuesday', '11AM–9PM'], ['Wednesday', '11AM–9PM'], ['Thursday', '11AM–9PM'], ['Friday', '11AM–9PM'], ['Saturday', '11AM–9PM'], ['Sunday', '12–8PM']]"
0x54906fbd58a282c9:0x3489efeebe0097ee,Zushi Sushi,"Zushi Sushi, 5614 E Lake Sammamish Pkwy SE, Issaquah, WA 98029",47.5513499,-122.04296819999999,"['Sushi restaurant', 'Japanese restaurant']",4.5,238,$$,"[['Monday', '4–8PM'], ['Tuesday', 'Closed'], ['Wednesday', '4–8PM'], ['Thursday', '4–8PM'], ['Friday', '4–8PM'], ['Saturday', '4–8PM'], ['Sunday', '4–8PM']]"
0x54907c379138b555:0x283cf14da8fce576,I Luv Teriyaki,"I Luv Teriyaki, 458 SW Mt Si Blvd #B1-C, North Bend, WA 98045",47.487859,-121.7917461,"['Japanese restaurant', 'Asian restaurant']",4.4,233,$,"[['Monday', '11AM–8:30PM'], ['Tuesday', '11AM–8:30PM'], ['Wednesday', '11AM–8:30PM'], ['Thursday', '11AM–8:30PM'], ['Friday', '11AM–8:30PM'], ['Saturday', '11AM–8:30PM'], ['Sunday', 'Closed']]"
0x549072aff64de3e3:0xa170c1527657c19d,Fuji Steak House,"Fuji Steak House, 7330 164th Ave NE e255, Redmond, WA 98052",47.6697389,-122.12032869999999,"['Restaurant', 'Japanese steakhouse', 'Steak house', 'Sushi restaurant', 'Teppanyaki restaurant']",4.1,166,,"[['Monday', '3–9:30PM'], ['Tuesday', '3–9:30PM'], ['Wednesday', '3–9:30PM'], ['Thursday', '3–9:30PM'], ['Friday', '12–3PM'], ['Saturday', '12–3PM'], ['Sunday', '12–3PM']]"
0x548fb100ed767a4b:0xba5253fb7f43047b,Okasan Japanese Restaurant,"Okasan Japanese Restaurant, 1617 E Front St, Port Angeles, WA 98362",48.1082,-123.40355559999999,['Japanese restaurant'],4.0,226,$$,"[['Monday', '11AM–9PM'], ['Tuesday', '11AM–9PM'], ['Wednesday', '11AM–9PM'], ['Thursday', '11AM–9PM'], ['Friday', '11AM–9PM'], ['Saturday', '11AM–9PM'], ['Sunday', 'Closed']]"
0x80ca5b2e5d584e7d:0x48c724acd1f37464,Samurai Sam's,"Samurai Sam's, 1145 S Main St, Colville, WA 99114",48.533560699999995,-117.9042053,"['Japanese restaurant', 'Asian fusion restaurant', 'Asian restaurant', 'Chinese restaurant', 'Fast food restaurant', 'Food court', 'Noodle shop', 'Salad shop', 'Thai restaurant']",3.7,18,$,"[['Monday', '7AM–9PM'], ['Tuesday', '7AM–9PM'], ['Wednesday', '7AM–9PM'], ['Thursday', '7AM–9PM'], ['Friday', '7AM–9PM'], ['Saturday', '8AM–9PM'], ['Sunday', '8AM–9PM']]"
0x54854fbec3242de7:0x91c3c08c9e51aa82,K's Teriyaki,"K's Teriyaki, 20308 77th Ave NE, Arlington, WA 98223",48.1801022,-122.1272111,['Japanese restaurant'],4.2,273,$,"[['Monday', '11AM–8:30PM'], ['Tuesday', '11AM–8:30PM'], ['Wednesday', '11AM–8:30PM'], ['Thursday', '11AM–8:30PM'], ['Friday', '11AM–8:30PM'], ['Saturday', '11AM–8:30PM'], ['Sunday', 'Closed']]"
0x54855c14dd60022d:0xbbd2e0a971cc6ce,Happy Teriyaki,"Happy Teriyaki, 9730 WA-532, Stanwood, WA 98292",48.239772599999995,-122.36507519999999,['Japanese restaurant'],4.7,245,,"[['Monday', '11AM–9PM'], ['Tuesday', '11AM–9PM'], ['Wednesday', '11AM–9PM'], ['Thursday', '11AM–9PM'], ['Friday', '11AM–9PM'], ['Saturday', '11AM–9PM'], ['Sunday', '12–8PM']]"
0x549015c672c225d5:0xb2b03d934e3f39dc,Billy Beach Sushi & Bar,"Billy Beach Sushi & Bar, 5463 Leary Ave NW, Seattle, WA 98107",47.668207599999995,-122.38418499999999,"['Sushi restaurant', 'Japanese restaurant']",4.5,438,$$,"[['Sunday', '4–9PM'], ['Monday', 'Closed'], ['Tuesday', '5–9PM'], ['Wednesday', '5–9PM'], ['Thursday', '5–9PM'], ['Friday', '4–9PM'], ['Saturday', '4–9PM']]"
0x5490154b196184fb:0xf3b73dd8f7855096,Urban Sushi Kitchen,"Urban Sushi Kitchen, 2001 8th Ave #150, Seattle, WA 98121",47.6159056,-122.3371583,"['Sushi restaurant', 'Japanese restaurant']",4.5,234,$$,"[['Sunday', 'Closed'], ['Monday', '10:30AM–6PM'], ['Tuesday', '10:30AM–6PM'], ['Wednesday', '10:30AM–6PM'], ['Thursday', '10:30AM–6PM'], ['Friday', '10:30AM–6PM'], ['Saturday', 'Closed']]"
0x54855482de4a289b:0xe4bef0b057f19b15,Kami Teriyaki,"Kami Teriyaki, 4711 64th St NE #104, Marysville, WA 98270",48.0521658,-122.16692099999999,"['Japanese restaurant', 'Asian restaurant', 'Sushi restaurant']",4.4,248,$,"[['Sunday', 'Closed'], ['Monday', '11AM–8:30PM'], ['Tuesday', '11AM–8:30PM'], ['Wednesday', '11AM–8:30PM'], ['Thursday', '11AM–8:30PM'], ['Friday', '11AM–8:30PM'], ['Saturday', '11AM–8PM']]"
0x54901535041c4723:0x11c1320d49447c26,Midori Teriyaki,"Midori Teriyaki, 1120 Howell St, Seattle, WA 98101",47.616817,-122.3310032,"['Asian restaurant', 'Chicken restaurant', 'Japanese restaurant', 'Restaurant']",4.3,178,$,"[['Sunday', 'Closed'], ['Monday', '9AM–4PM'], ['Tuesday', '9AM–4PM'], ['Wednesday', '9AM–4PM'], ['Thursday', '9AM–4PM'], ['Friday', '9AM–4PM'], ['Saturday', 'Closed']]"
0x54905fa1bf7d5df9:0x20966c39e4a69b49,Kami Teriyaki,"Kami Teriyaki, 27237 172nd Ave SE # 115, Covington, WA 98042",47.3572693,-122.1128006,['Japanese restaurant'],3.8,67,,"[['Sunday', '12–8PM'], ['Monday', '11AM–9PM'], ['Tuesday', '11AM–9PM'], ['Wednesday', '11AM–9PM'], ['Thursday', '11AM–9PM'], ['Friday', '11AM–9PM'], ['Saturday', '11:30AM–9PM']]"
0x549012dd89f29f73:0x6d539d6f277540c0,Raw Bar 89,"Raw Bar 89, 89 Kirkland Ave, Kirkland, WA 98033",47.6751752,-122.2068597,"['Restaurant', 'Japanese restaurant', 'Sushi restaurant', 'Vietnamese restaurant']",3.6,138,$$,"[['Sunday', '12–10PM'], ['Monday', '3–10PM'], ['Tuesday', '3–10PM'], ['Wednesday', '3–10PM'], ['Thursday', '3–10PM'], ['Friday', '3–11PM'], ['Saturday', '12–11PM']]"
0x549aaab1295784b1:0x8feee6a4ecaa94c4,Moontree Sushi And Tapas,"Moontree Sushi And Tapas, 516 1st Ave N, Seattle, WA 98109",47.623931,-122.3552546,"['Sushi restaurant', 'Asian restaurant', 'Authentic Japanese restaurant', 'Korean restaurant', 'Modern izakaya restaurants', 'Restaurant', 'Takoyaki restaurant', 'Tapas restaurant', 'Yakitori restaurant']",4.7,427,$$,"[['Sunday', '12–9PM'], ['Monday', 'Closed'], ['Tuesday', '11:30AM–9PM'], ['Wednesday', '11:30AM–9PM'], ['Thursday', '11:30AM–9PM'], ['Friday', '11:30AM–9PM'], ['Saturday', '12–9PM']]"
0x549040f99731c43d:0xec850460781087a4,Azuma Sushi,"Azuma Sushi, 4533 California Ave SW, Seattle, WA 98116",47.561944399999994,-122.3869445,['Japanese restaurant'],4.4,248,$$,"[['Sunday', 'Closed'], ['Monday', '11AM–2:30PM'], ['Tuesday', '11AM–2:30PM'], ['Wednesday', '11AM–2:30PM'], ['Thursday', '11AM–2:30PM'], ['Friday', '11AM–10PM'], ['Saturday', '12–3:30PM']]"
0x5490449c98d34043:0x1bc292e2443d1e39,Oishi Sushi,"Oishi Sushi, 623 SW 152nd St, Burien, WA 98166",47.466688,-122.3427662,['Japanese restaurant'],4.2,118,,"[['Sunday', '4:30–8:30PM'], ['Monday', 'Closed'], ['Tuesday', '11:30AM–2:30PM'], ['Wednesday', '11:30AM–2:30PM'], ['Thursday', '11:30AM–2:30PM'], ['Friday', '11:30AM–2:30PM'], ['Saturday', '11:30AM–2:30PM']]"
0x5490105457e33f35:0x167770e179c21d90,Ichi Bento,"Ichi Bento, 17203 15th Ave NE, Shoreline, WA 98155",47.7541667,-122.31361109999999,['Japanese restaurant'],4.5,338,$,"[['Sunday', 'Closed'], ['Monday', '11AM–9PM'], ['Tuesday', '11AM–9PM'], ['Wednesday', '11AM–9PM'], ['Thursday', '11AM–9PM'], ['Friday', '11AM–9PM'], ['Saturday', '11AM–9PM']]"
0x54906cfc332a5f1d:0xe9a0ac7bfbad29d4,Kiku Sushi,"Kiku Sushi, 13112 NE 20th St #200, Bellevue, WA 98005",47.628839199999994,-122.16567339999999,"['Japanese restaurant', 'Sushi restaurant']",4.4,265,$$,"[['Sunday', '5–8:30PM'], ['Monday', '11:30AM–2PM'], ['Tuesday', '11:30AM–2PM'], ['Wednesday', '11:30AM–2PM'], ['Thursday', '11:30AM–2PM'], ['Friday', '11:30AM–2PM'], ['Saturday', '5–8:30PM']]"
0x54900d24f7b20a4b:0x28b4033fd1f25e00,Silverlake Ramen,"Silverlake Ramen, 12540 120th Ave NE #118, Kirkland, WA 98034",47.712515599999996,-122.1795033,['Japanese restaurant'],4.2,18,,"[['Sunday', '11:30AM–9PM'], ['Monday', '11:30AM–9PM'], ['Tuesday', '11:30AM–9PM'], ['Wednesday', '11:30AM–9PM'], ['Thursday', '11:30AM–9PM'], ['Friday', '11:30AM–9:30PM'], ['Saturday', '11:30AM–9:30PM']]"
0x5490577bb5edf197:0x838bbbe8856e6791,Hanabi Sushi Restaurant,"Hanabi Sushi Restaurant, 31260 Pacific Hwy S, Federal Way, WA 98003",47.3208431,-122.31179999999999,"['Sushi restaurant', 'Japanese restaurant', 'Restaurant']",4.5,238,$$,"[['Saturday', '4–10:30PM'], ['Sunday', '4–10:30PM'], ['Monday', '4–10:30PM'], ['Tuesday', '4–10:30PM'], ['Wednesday', '4–10:30PM'], ['Thursday', '4–10:30PM'], ['Friday', '4–10:30PM']]"
0x549011d82533ad19:0xab5de7baa11c707a,Ikiiki Sushi Chinese and Japanese Cuisine,"Ikiiki Sushi Chinese and Japanese Cuisine, 6512 NE Bothell Way, Kenmore, WA 98028",47.7589833,-122.2529943,"['Asian restaurant', 'Chinese restaurant', 'Japanese restaurant', 'Sushi restaurant']",4.2,363,$$,"[['Saturday', '11:30AM–10PM'], ['Sunday', '11:30AM–8:45PM'], ['Monday', '11:30AM–8:45PM'], ['Tuesday', '11:30AM–8:45PM'], ['Wednesday', '11:30AM–8:45PM'], ['Thursday', '11:30AM–8:45PM'], ['Friday', '11:30AM–10PM']]"
0x54906ab48a4853f1:0x209ea56e892268e3,Sushi Kudasai,"Sushi Kudasai, 1420 5th Ave #203, Seattle, WA 98101",47.6103222,-122.33414499999999,"['Sushi restaurant', 'Japanese restaurant', 'Restaurant']",4.4,144,,"[['Saturday', '10AM–3PM'], ['Sunday', '10AM–3PM'], ['Monday', '10AM–3PM'], ['Tuesday', '10AM–3PM'], ['Wednesday', '10AM–3PM'], ['Thursday', '10AM–3PM'], ['Friday', '10AM–3PM']]"
0x5485a3bf27286e13:0x3cd61cb37847192f,Tokyo House,"Tokyo House, 1222 N Garden St, Bellingham, WA 98225",48.746590399999995,-122.4753841,['Japanese restaurant'],4.2,268,$$,"[['Saturday', '12–10PM'], ['Sunday', '12–10PM'], ['Monday', '11:30AM–10PM'], ['Tuesday', '11:30AM–10PM'], ['Wednesday', '11:30AM–10PM'], ['Thursday', '11:30AM–10PM'], ['Friday', '11:30AM–10PM']]"
0x5485a3bbf7563f7b:0x9e4b43955089588,Muto lzakaya Restaurant,"Muto lzakaya Restaurant, 105 E Chestnut St, Bellingham, WA 98225",48.748646,-122.4802309,['Japanese restaurant'],4.3,458,$$,"[['Saturday', '12–3PM'], ['Sunday', '5–9PM'], ['Monday', '11:30AM–2:30PM'], ['Tuesday', 'Closed'], ['Wednesday', '11:30AM–2:30PM'], ['Thursday', '11:30AM–2:30PM'], ['Friday', '11:30AM–2:30PM']]"
0x54907bc466ae8e23:0x4442c44bc700e5ce,Happy At the Bay Teriyaki,"Happy At the Bay Teriyaki, 7328 Better Way SE # 100, Snoqualmie, WA 98065",47.533902999999995,-121.83932999999999,"['Chinese restaurant', 'Japanese restaurant', 'Korean restaurant', 'Restaurant']",4.6,228,$,"[['Saturday', '11AM–9PM'], ['Sunday', '1–8PM'], ['Monday', '11AM–9PM'], ['Tuesday', '11AM–9PM'], ['Wednesday', '11AM–9PM'], ['Thursday', '11AM–9PM'], ['Friday', '11AM–9PM']]"
0x549aab7c64eb76ab:0xfa2ebcbc37f338f1,Yumiko Teriyaki,"Yumiko Teriyaki, 521 WA-9, Lake Stevens, WA 98258",48.000924999999995,-122.103921,"['Japanese restaurant', 'Asian restaurant']",3.6,184,$$,"[['Friday', '11AM–8PM'], ['Saturday', '11AM–8PM'], ['Sunday', 'Closed'], ['Monday', '11AM–8PM'], ['Tuesday', '11AM–8PM'], ['Wednesday', '11AM–8PM'], ['Thursday', '11AM–8PM']]"
0x5495aef24d965b7d:0x45dd418b845e000b,Sakanaya Sushi,"Sakanaya Sushi, 7415 NE Hwy 99, Vancouver, WA 98665",45.6763,-122.66181999999999,"['Sushi restaurant', 'Asian restaurant', 'Japanese restaurant']",4.1,504,$,"[['Friday', '12–9PM'], ['Saturday', '12–9PM'], ['Sunday', '12–9PM'], ['Monday', '12–9PM'], ['Tuesday', '12–9PM'], ['Wednesday', '12–9PM'], ['Thursday', '12–9PM']]"
0x549043b757fa9ac9:0x6643f77555febb20,Buxx Teriyaki,"Buxx Teriyaki, 805 S 112th St # B, Seattle, WA 98168",47.5025062,-122.32263189999999,"['Japanese restaurant', 'Restaurant']",4.6,278,$,"[['Friday', '10:30AM–8:30PM'], ['Saturday', '10:30AM–8:30PM'], ['Sunday', 'Closed'], ['Monday', '10:30AM–8:30PM'], ['Tuesday', '10:30AM–8:30PM'], ['Wednesday', '10:30AM–8:30PM'], ['Thursday', '10:30AM–8:30PM']]"
0x54987a1e167b449b:0xe47b1a75bfc7b8ef,Sushi Mori,"Sushi Mori, 1350 N Louisiana St suite g, Kennewick, WA 99336",46.225954699999996,-119.2332843,"['Sushi restaurant', 'Asian restaurant', 'Family restaurant', 'Japanese restaurant', 'Restaurant']",4.6,318,$$,"[['Friday', '11AM–9PM'], ['Saturday', '11AM–9PM'], ['Sunday', '11AM–8PM'], ['Monday', '11AM–8:30PM'], ['Tuesday', 'Closed'], ['Wednesday', '11AM–8:30PM'], ['Thursday', '11AM–8:30PM']]"
0x549054c79c49b28d:0x4e70d751dbb54887,Bonsai Teriyaki,"Bonsai Teriyaki, 5738 N 26th St, Tacoma, WA 98406",47.2706382,-122.5150216,"['Asian restaurant', 'Japanese restaurant', 'Restaurant']",4.1,107,,"[['Friday', '11AM–9:01PM'], ['Saturday', '11AM–9PM'], ['Sunday', '11AM–9PM'], ['Monday', '11AM–9PM'], ['Tuesday', '11AM–9PM'], ['Wednesday', '11AM–9PM'], ['Thursday', '11AM–9PM']]"
0x54905588322537c3:0x1014e26d74d7b484,Sake Sushi + Grill,"Sake Sushi + Grill, 5738 N 26th St, Tacoma, WA 98407",47.2708072,-122.5149694,['Japanese restaurant'],4.6,88,,"[['Friday', '11AM–9PM'], ['Saturday', '11AM–9PM'], ['Sunday', '11AM–9PM'], ['Monday', '11AM–9PM'], ['Tuesday', '11AM–9PM'], ['Wednesday', '11AM–4PM'], ['Thursday', '11AM–9PM']]"
0x54900f078530d9c9:0x6638a3a7381fc9b4,Nakagawa Japanese Restaurant,"Nakagawa Japanese Restaurant, 1427 228th St SE d6, Bothell, WA 98021",47.791672999999996,-122.2135496,['Japanese restaurant'],4.5,258,$$,"[['Friday', '11:30AM–2PM'], ['Saturday', '11:30AM–2:30PM'], ['Sunday', '11:30AM–2PM'], ['Monday', 'Closed'], ['Tuesday', '4:30–8PM'], ['Wednesday', '11:30AM–2PM'], ['Thursday', '11:30AM–2PM']]"
0x54923a1de87f6895:0x5e52fd6ffd09c243,Express Teriyaki,"Express Teriyaki, 401 W Heron St, Aberdeen, WA 98520",46.9712982,-123.8205261,"['Japanese restaurant', 'Restaurant']",4.4,17,,"[['Friday', '11AM–10PM'], ['Saturday', '11AM–10PM'], ['Sunday', '12–10PM'], ['Monday', '11AM–9PM'], ['Tuesday', '11AM–9PM'], ['Wednesday', '11AM–9PM'], ['Thursday', '11AM–9PM']]"
0x549173e557ac10c9:0x6ead4b9a95d2c663,Niko Teriyaki,"Niko Teriyaki, 125 Tumwater Blvd SE, Tumwater, WA 98501",46.983802,-122.9035888,['Authentic Japanese restaurant'],4.3,271,$,"[['Friday', '10:30AM–8:45PM'], ['Saturday', '11AM–8PM'], ['Sunday', 'Closed'], ['Monday', '10:30AM–8:45PM'], ['Tuesday', '10:30AM–8:45PM'], ['Wednesday', '10:30AM–8:45PM'], ['Thursday', '10:30AM–8:45PM']]"
0x54855c6b785d0c2d:0xcda3dcf98a3c1aae,Naha Teriyaki,"Naha Teriyaki, 9322 271st St NW, Stanwood, WA 98292",48.2418304,-122.3591965,['Japanese restaurant'],4.6,148,,"[['Friday', '11AM–9PM'], ['Saturday', '11AM–9PM'], ['Sunday', '11AM–8PM'], ['Monday', '11AM–9PM'], ['Tuesday', '11AM–9PM'], ['Wednesday', '11AM–9PM'], ['Thursday', '11AM–9PM']]"
0x549052c3362fcd9f:0x2f03ddea76a595da,Mizu Japanese Steak House,"Mizu Japanese Steak House, 3116 Judson St, Gig Harbor, WA 98335",47.327354899999996,-122.5809,"['Teppanyaki restaurant', 'Bar', 'Cocktail bar', 'Japanese restaurant', 'Restaurant', 'Seafood restaurant', 'Sushi restaurant']",4.3,298,$$$,"[['Friday', '11AM–2PM'], ['Saturday', '11AM–2PM'], ['Sunday', '3–8PM'], ['Monday', '4:30–8:30PM'], ['Tuesday', '4:30–8:30PM'], ['Wednesday', '4:30–8:30PM'], ['Thursday', '4:30–8:30PM']]"
0x5495a4d3c4d33f23:0x46e397ab873f22c8,KC Teriyaki,"KC Teriyaki, 16020 SE Mill Plain Blvd #115, Vancouver, WA 98684",45.617078799999994,-122.5073666,['Japanese restaurant'],4.5,188,$,"[['Thursday', '10:30AM–9PM'], ['Friday', '10:30AM–9PM'], ['Saturday', '10:30AM–9PM'], ['Sunday', 'Closed'], ['Monday', '10:30AM–9PM'], ['Tuesday', '10:30AM–9PM'], ['Wednesday', '10:30AM–9PM']]"
0x5495a55b0fd52969:0x780b32f0e4de84aa,Kim’s Grill Teriyaki (Safeway Mall),"Kim’s Grill Teriyaki (Safeway Mall), 2702 NE 114th Ave, Vancouver, WA 98684",45.64195,-122.55576699999999,['Japanese restaurant'],4.0,188,$,"[['Thursday', '11AM–7PM'], ['Friday', '11AM–7PM'], ['Saturday', '12–7PM'], ['Sunday', '12–7PM'], ['Monday', 'Closed'], ['Tuesday', 'Closed'], ['Wednesday', '11AM–7PM']]"
0x54906c8bc6b37c71:0xd9373c3a20552b25,Minamoto Japanese Restaurant,"Minamoto Japanese Restaurant, 11011 NE 9th St, Bellevue, WA 98004",47.6180611,-122.1922249,"['Sushi restaurant', 'Japanese restaurant', 'Japanese steakhouse', 'Takeout Restaurant', 'Sushi takeaway']",4.4,398,$$,"[['Thursday', '11AM–3PM'], ['Friday', '11AM–3PM'], ['Saturday', '1–11PM'], ['Sunday', '1–10PM'], ['Monday', 'Closed'], ['Tuesday', '11AM–3PM'], ['Wednesday', '11AM–3PM']]"
0x5490121e2442aabf:0xda61cfd18cd63240,Kami Teriyaki,"Kami Teriyaki, 14130 Juanita Dr NE, Bothell, WA 98028",47.7284412,-122.2430031,['Japanese restaurant'],4.1,108,$,"[['Thursday', '11AM–8:30PM'], ['Friday', '11AM–8:30PM'], ['Saturday', '11AM–8:30PM'], ['Sunday', 'Closed'], ['Monday', '11AM–8:30PM'], ['Tuesday', '11AM–8:30PM'], ['Wednesday', '11AM–8:30PM']]"
0x54905c35a046738b:0xb6ff30a53bf2aaa4,Tokyo Town Teriyaki,"Tokyo Town Teriyaki, 21004 108th Ave SE, Kent, WA 98031",47.4140532,-122.19564679999999,"['Japanese restaurant', 'Asian restaurant']",4.6,176,$$,"[['Thursday', '10AM–9PM'], ['Friday', '10AM–9PM'], ['Saturday', '10AM–9PM'], ['Sunday', 'Closed'], ['Monday', '10AM–9PM'], ['Tuesday', '10AM–9PM'], ['Wednesday', '10AM–9PM']]"
0x54904362cb6e654b:0xd5b92ad12ad702e3,Manna Teriyaki|best teriyaki|best Chinese |best Japanese,"Manna Teriyaki|best teriyaki|best Chinese |best Japanese, 125 SW 148th St G, Burien, WA 98166",47.4698624,-122.3350734,"['Japanese restaurant', 'Asian restaurant', 'Chinese restaurant']",4.0,168,$$,"[['Thursday', '10:30AM–10PM'], ['Friday', '10:30AM–10PM'], ['Saturday', '10:15AM–10PM'], ['Sunday', '11AM–10PM'], ['Monday', '10:30AM–10PM'], ['Tuesday', '10:30AM–10PM'], ['Wednesday', '10:30AM–10PM']]"
0x54910053e2c7430d:0x4e53e9956a006712,Kyoto Japanese Restaurant,"Kyoto Japanese Restaurant, 8722 S Tacoma Way, Lakewood, WA 98499",47.1781192,-122.4852734,"['Japanese restaurant', 'Sushi restaurant']",4.4,408,$$,"[['Thursday', '11AM–10PM'], ['Friday', '11AM–10PM'], ['Saturday', '12–10PM'], ['Sunday', '12–10PM'], ['Monday', '11AM–10PM'], ['Tuesday', '11AM–10PM'], ['Wednesday', '11AM–10PM']]"
0x54906ea1f96b39d9:0xcbb668f7f6e9bfb3,Teriyaki & More,"Teriyaki & More, 3080 148th Ave SE, Bellevue, WA 98007",47.581615,-122.1393975,"['Japanese restaurant', 'Noodle shop', 'Restaurant']",4.4,454,$,"[['Thursday', '10:30AM–11PM'], ['Friday', '10:30AM–11PM'], ['Saturday', '10:30AM–11PM'], ['Sunday', '11AM–8PM'], ['Monday', '10:30AM–11PM'], ['Tuesday', '10:30AM–11PM'], ['Wednesday', '10:30AM–11PM']]"
0x54906abc8b1ef259:0xbacc11cdc0038ce1,Fort St. George,"Fort St. George, 601 S King St UNIT 202, Seattle, WA 98104",47.598212499999995,-122.3262127,"['Japanese restaurant', 'Restaurant']",4.4,371,$,"[['Thursday', '5–8PM'], ['Friday', '5–8PM'], ['Saturday', '5–8PM'], ['Sunday', '12–8PM'], ['Monday', '5–8PM'], ['Tuesday', '5–8PM'], ['Wednesday', '5–8PM']]"
0x5499d78af7f44243:0x9307afa1f07ca248,New York Teriyaki,"New York Teriyaki, 822 N 1st St, Yakima, WA 98901",46.6138753,-120.51200829999999,"['Japanese restaurant', 'Restaurant']",4.6,393,$$,"[['Thursday', '11AM–9PM'], ['Friday', '11AM–9PM'], ['Saturday', '11AM–9PM'], ['Sunday', 'Closed'], ['Monday', '11AM–9PM'], ['Tuesday', '11AM–9PM'], ['Wednesday', '11AM–9PM']]"
0x54905eb66ae350e9:0x69d463e51ac995d5,California Monster Sushi,"California Monster Sushi, 25620 104th Ave SE, Kent, WA 98030",47.3717117,-122.20072169999999,"['Sushi restaurant', 'Asian restaurant', 'Japanese restaurant']",3.6,227,$$,"[['Thursday', '11AM–9:30PM'], ['Friday', '11AM–9:30PM'], ['Saturday', '11AM–9:30PM'], ['Sunday', '11AM–9:30PM'], ['Monday', 'Closed'], ['Tuesday', '11AM–9:30PM'], ['Wednesday', '11AM–9:30PM']]"
0x548579f042c5b03f:0xab73c3682f4cdaa5,Happy Wok Teriyaki,"Happy Wok Teriyaki, 1708 Commercial Ave, Anacortes, WA 98221",48.5081054,-122.6131817,['Japanese restaurant'],4.2,178,$$,"[['Thursday', '10:30AM–9PM'], ['Friday', '10:30AM–9PM'], ['Saturday', '10:30AM–9PM'], ['Sunday', 'Closed'], ['Monday', '10:30AM–9PM'], ['Tuesday', '10:30AM–9PM'], ['Wednesday', '10:30AM–9PM']]"
0x54906acc100bf5c9:0x9311e7cfbaf7c7ce,Gokan Sushi & Katsu,"Gokan Sushi & Katsu, 954 E Union St, Seattle, WA 98122",47.6131731,-122.31963049999999,"['Sushi restaurant', 'Japanese restaurant']",4.4,304,$$,"[['Thursday', '4–11PM'], ['Friday', '4PM–12AM'], ['Saturday', '4PM–12AM'], ['Sunday', '4–10PM'], ['Monday', '4–10PM'], ['Tuesday', '4–10PM'], ['Wednesday', '4–10PM']]"
0x54906acdbcf4583d:0xeaef3dfcdac32ee1,Poke Bar,"Poke Bar, 1542 12th Ave, Seattle, WA 98122",47.6151634,-122.31665129999999,"['Japanese restaurant', 'Fast food restaurant', 'Hawaiian restaurant', 'Korean restaurant', 'Tea house']",4.5,178,,"[['Thursday', '11AM–3PM'], ['Friday', '11AM–3PM'], ['Saturday', '11AM–3PM'], ['Sunday', '11AM–3PM'], ['Monday', '11AM–3PM'], ['Tuesday', '11AM–3PM'], ['Wednesday', '11AM–3PM']]"
0x54904194275962f1:0x52d982fd09785542,I Luv Teriyaki,"I Luv Teriyaki, 6500 4th Ave S, Seattle, WA 98108",47.5451115,-122.32927719999999,"['Japanese restaurant', 'Asian restaurant']",4.4,928,$,"[['Thursday', '10AM–9PM'], ['Friday', '10AM–9PM'], ['Saturday', '10AM–8PM'], ['Sunday', '10:30AM–8PM'], ['Monday', '10AM–9PM'], ['Tuesday', '10AM–9PM'], ['Wednesday', '10AM–9PM']]"
0x5490fde992c2a331:0xe37b812158e77051,Teriyaki Town,"Teriyaki Town, 5605 112th St E, Puyallup, WA 98373",47.154824,-122.3551012,['Japanese restaurant'],4.0,168,$,"[['Thursday', '11AM–9PM'], ['Friday', '11AM–9PM'], ['Saturday', '11AM–9PM'], ['Sunday', 'Closed'], ['Monday', '11AM–9PM'], ['Tuesday', '11AM–9PM'], ['Wednesday', '11AM–9PM']]"
0x5490151890a14935:0x1189744ed292318a,Star Fusion and Bar,"Star Fusion and Bar, 538 Broadway E, Seattle, WA 98102",47.624146599999996,-122.320685,"['Restaurant', 'Cocktail bar', 'Dessert restaurant', 'Fusion restaurant', 'Japanese restaurant', 'Ramen restaurant', 'Small plates restaurant', 'Sushi restaurant']",4.9,128,,"[['Wednesday', '3–9PM'], ['Thursday', '3–9PM'], ['Friday', '12–10PM'], ['Saturday', '12–10PM'], ['Sunday', 'Closed'], ['Monday', '3–9PM'], ['Tuesday', '3–9PM']]"
0x54901168065d26d5:0xf00e3dc2b0c8e416,Nori Presto,"Nori Presto, 12354 15th Ave NE, Seattle, WA 98125",47.7191608,-122.31224429999999,"['Japanese restaurant', 'Restaurant']",4.6,298,$,"[['Wednesday', '11AM–8:30PM'], ['Thursday', '11AM–8:30PM'], ['Friday', '11AM–8:30PM'], ['Saturday', '11AM–8:30PM'], ['Sunday', 'Closed'], ['Monday', '11AM–8:30PM'], ['Tuesday', '11AM–8:30PM']]"
0x5498716856279967:0x3bd2d57fdd621581,Sake Express Sushi & Teriyaki,"Sake Express Sushi & Teriyaki, 2576 Queensgate Dr, Richland, WA 99352",46.2590842,-119.3069742,"['Sushi restaurant', 'Bubble tea store', 'Japanese restaurant', 'Seafood restaurant']",4.2,85,,"[['Wednesday', '11AM–8:30PM'], ['Thursday', '11AM–8:30PM'], ['Friday', '11AM–8:30PM'], ['Saturday', '11AM–8:30PM'], ['Sunday', '12–7:30PM'], ['Monday', '11AM–8:30PM'], ['Tuesday', 'Closed']]"
0x5495bb39fa0cdbc5:0xd10dbe97be0ad610,Soy Grill Teriyaki,"Soy Grill Teriyaki, 18919 SE Mill Plain Blvd, Vancouver, WA 98683",45.616107,-122.47968329999999,['Japanese restaurant'],4.4,118,,"[['Wednesday', '10:30AM–9PM'], ['Thursday', '10:30AM–9PM'], ['Friday', '10:30AM–9PM'], ['Saturday', '10:30AM–9PM'], ['Sunday', 'Closed'], ['Monday', '10:30AM–9PM'], ['Tuesday', '10:30AM–9PM']]"
0x5495b07966fcee11:0x76ba42840dd4d431,Osaka House,"Osaka House, 6700 NE 162nd Ave, Vancouver, WA 98682",45.6715036,-122.50807879999999,['Japanese restaurant'],3.8,168,$$,"[['Wednesday', '11:30AM–2:30PM'], ['Thursday', '11:30AM–2:30PM'], ['Friday', '11:30AM–2:30PM'], ['Saturday', '4:30–10PM'], ['Sunday', '4:30–9:30PM'], ['Monday', '11:30AM–2:30PM'], ['Tuesday', '11:30AM–2:30PM']]"
0x54905cd39009e335:0xe72e760510ac0d51,Unicone Crepes,"Unicone Crepes, 2800 Southcenter Mall, Seattle, WA 98188",47.4579679,-122.25843909999999,"['Crêperie', 'Dessert shop', 'Japanese restaurant']",4.4,172,,"[['Wednesday', '12–7:30PM'], ['Thursday', 'Closed'], ['Friday', '2–7:30PM'], ['Saturday', '2–8PM'], ['Sunday', '2–6:30PM'], ['Monday', '12–7:30PM'], ['Tuesday', '12–7:30PM']]"
0x54901afba55ebfa9:0x576178783fe9ff17,Toshi's Teriyaki,"Toshi's Teriyaki, 311 Main St, Edmonds, WA 98020",47.8113355,-122.3790047,"['Japanese restaurant', 'Asian restaurant', 'Restaurant', 'Taiwanese restaurant']",4.5,93,$,"[['Wednesday', '11AM–7:45PM'], ['Thursday', '11AM–7:45PM'], ['Friday', '11AM–7:45PM'], ['Saturday', '12–7:30PM'], ['Sunday', 'Closed'], ['Monday', '11AM–7:45PM'], ['Tuesday', '11AM–7:45PM']]"
0x549878910d1260fb:0x14c940e37e0d57d5,Osaka Teriyaki and Sushi,"Osaka Teriyaki and Sushi, 4101 W 27th Pl, Kennewick, WA 99337",46.185366099999996,-119.17650809999999,"['Japanese restaurant', 'Sushi restaurant']",4.1,658,$$,"[['Wednesday', '10:30AM–9PM'], ['Thursday', '10:30AM–9PM'], ['Friday', '10:30AM–9PM'], ['Saturday', '10:30AM–9PM'], ['Sunday', '11AM–8PM'], ['Monday', '10:30AM–9PM'], ['Tuesday', '10:30AM–9PM']]"
0x5490050ce4160af7:0xb467c4494783ffb7,Sushi Land,"Sushi Land, 18500 33rd Ave W Suite B, Lynnwood, WA 98037",47.830560899999995,-122.2797252,"['Sushi restaurant', 'Japanese restaurant']",3.1,678,$,"[['Wednesday', '11AM–9PM'], ['Thursday', '11AM–9PM'], ['Friday', '11AM–9PM'], ['Saturday', '11AM–9PM'], ['Sunday', '11AM–3PM'], ['Monday', '11AM–9PM'], ['Tuesday', '11AM–9PM']]"
0x5490106add833dd3:0xdb45a046df6e68d0,Teriyaki Town,"Teriyaki Town, 20120 Ballinger Way NE, Shoreline, WA 98155",47.7773034,-122.3117723,"['Japanese restaurant', 'Asian restaurant']",4.0,164,$,"[['Wednesday', '11AM–9PM'], ['Thursday', '11AM–9PM'], ['Friday', '11AM–9PM'], ['Saturday', '11AM–9PM'], ['Sunday', 'Closed'], ['Monday', '11AM–9PM'], ['Tuesday', '11AM–9PM']]"
0x54900541a13a24d3:0x7a57a8b2df916cef,Wild Wasabi,"Wild Wasabi, 19720 44th Ave W suite a, Lynnwood, WA 98036",47.8198722,-122.29322789999999,"['Sushi restaurant', 'Japanese restaurant']",4.4,714,$$,"[['Wednesday', '11:30AM–9PM'], ['Thursday', '11:30AM–9PM'], ['Friday', '11:30AM–10PM'], ['Saturday', '11:30AM–10PM'], ['Sunday', '4–9PM'], ['Monday', '11:30AM–9PM'], ['Tuesday', '11:30AM–9PM']]"
0x5490449f6566dc1b:0xfdc01fa14bd2b632,Sunny Teriyaki,"Sunny Teriyaki, 15830 1st Ave S #103, Burien, WA 98148",47.4612469,-122.33266169999999,"['Japanese restaurant', 'Asian restaurant']",4.5,118,$$,"[['Wednesday', '10:30AM–9PM'], ['Thursday', '10:30AM–9PM'], ['Friday', '10:30AM–9PM'], ['Saturday', '10:30AM–8PM'], ['Sunday', 'Closed'], ['Monday', '10:30AM–9PM'], ['Tuesday', '10:30AM–9PM']]"
0x5490159f5a55eed5:0xa066ac2d201800ac,Yasuko's Teriyaki,"Yasuko's Teriyaki, 3200 15th Ave W, Seattle, WA 98119",47.648655299999994,-122.37599829999999,['Japanese restaurant'],4.2,194,$,"[['Wednesday', '11AM–9PM'], ['Thursday', '11AM–9PM'], ['Friday', '11AM–9PM'], ['Saturday', '11AM–9PM'], ['Sunday', '11AM–9PM'], ['Monday', '11AM–9PM'], ['Tuesday', '11AM–9PM']]"
0x54906c7d47212d43:0x8c333764c28a6c9c,Marinepolis Sushi Land: Bellevue,"Marinepolis Sushi Land: Bellevue, 138 107th Ave NE, Bellevue, WA 98004",47.611404199999996,-122.19698849999999,"['Sushi restaurant', 'Japanese restaurant', 'Restaurant']",4.1,808,$,"[['Wednesday', '12–3PM'], ['Thursday', '12–3PM'], ['Friday', '12–3PM'], ['Saturday', '12–3PM'], ['Sunday', '12–3PM'], ['Monday', 'Closed'], ['Tuesday', 'Closed']]"
0x5490605d2fc084b9:0x5e80695261e9686d,Sumo Sushi,"Sumo Sushi, 23745 225th Way SE #101, Maple Valley, WA 98038",47.388425,-122.042813,['Japanese restaurant'],4.6,378,$$,"[['Wednesday', '11AM–8PM'], ['Thursday', '11AM–8PM'], ['Friday', '11AM–9PM'], ['Saturday', '11AM–9PM'], ['Sunday', '11AM–8PM'], ['Monday', '11AM–8PM'], ['Tuesday', '11AM–8PM']]"
0x549e20415c5c8a15:0x719551d0c91a7fdf,Sushi Sakai,"Sushi Sakai, 829 E Boone Ave B, Spokane, WA 99202",47.668845,-117.396852,"['Sushi restaurant', 'Asian restaurant', 'Japanese restaurant']",4.3,176,$$,
0x549e191720c07ffd:0x3ccddd68a1971e18,Kim's Teriyaki,"Kim's Teriyaki, 927 W Garland Ave, Spokane, WA 99205",47.6931167,-117.42558609999999,['Japanese restaurant'],3.7,194,$,"[['Tuesday', '11AM–9PM'], ['Wednesday', '11AM–9PM'], ['Thursday', '11AM–9PM'], ['Friday', '11AM–9PM'], ['Saturday', '11AM–9PM'], ['Sunday', 'Closed'], ['Monday', '11AM–9PM']]"
0x54944f3944cf0c49:0x3175efffb63d8b96,Teriyaki Spice,"Teriyaki Spice, 631 Goerig St, Woodland, WA 98674",45.9026766,-122.7452905,['Japanese restaurant'],4.4,246,$,"[['Tuesday', '10AM–10PM'], ['Wednesday', '10AM–10PM'], ['Thursday', '10AM–10PM'], ['Friday', '10AM–10PM'], ['Saturday', '10AM–10PM'], ['Sunday', '10AM–8PM'], ['Monday', '10AM–10PM']]"
0x549049ef9557ceb1:0x8fb1b5b0e945f59c,Mana Sushi & Teriyaki Wok,"Mana Sushi & Teriyaki Wok, 435 SW Sedgwick Rd #103, Port Orchard, WA 98367",47.4980298,-122.65419209999999,"['Sushi restaurant', 'Chinese restaurant', 'Japanese restaurant', 'Pan-Asian restaurant']",4.3,716,$$,"[['Tuesday', '11AM–9PM'], ['Wednesday', '11AM–9PM'], ['Thursday', '11AM–9PM'], ['Friday', '11AM–9PM'], ['Saturday', '12–9PM'], ['Sunday', 'Closed'], ['Monday', '11AM–9PM']]"
0x5490050ce4160af7:0x42dc243d7aed010b,Teriyaki Wok Express,"Teriyaki Wok Express, 18500 33rd Ave W B, Lynnwood, WA 98037",47.8306384,-122.2797169,"['Japanese restaurant', 'Asian restaurant']",4.4,278,,"[['Tuesday', '10:30AM–8PM'], ['Wednesday', '10:30AM–8PM'], ['Thursday', '10:30AM–8PM'], ['Friday', '10:30AM–8PM'], ['Saturday', '10:30AM–8PM'], ['Sunday', '12–8PM'], ['Monday', 'Closed']]"
0x5495ae8d391f3e1f:0x466218793ed29510,Sushi Mioga,"Sushi Mioga, 7904 NE 6th Ave, Vancouver, WA 98665",45.6791706,-122.66731829999999,"['Sushi restaurant', 'Japanese restaurant']",4.1,288,,"[['Tuesday', '11AM–9PM'], ['Wednesday', '11AM–9PM'], ['Thursday', '11AM–9PM'], ['Friday', '11AM–9:30PM'], ['Saturday', '11AM–9:30PM'], ['Sunday', '11AM–9PM'], ['Monday', '11AM–9PM']]"
0x549aa658fe8790ff:0xce47af0f95994347,Kami Teriyaki & Sushi,"Kami Teriyaki & Sushi, 19191 US-2, Monroe, WA 98272",47.8604382,-121.9731257,"['Japanese restaurant', 'Fast food restaurant']",4.3,314,$,"[['Tuesday', '11AM–9PM'], ['Wednesday', '11AM–9PM'], ['Thursday', '11AM–9PM'], ['Friday', '11AM–9PM'], ['Saturday', '11AM–9PM'], ['Sunday', '12–9PM'], ['Monday', 'Closed']]"
0x549aa7b466991ef3:0xdabc4bb1d0c4c2b7,Kami Teriyaki,"Kami Teriyaki, 14655 Fryelands Blvd # 135, Monroe, WA 98272",47.8645262,-122.0081926,['Japanese restaurant'],3.7,78,,"[['Tuesday', '10:30AM–8PM'], ['Wednesday', '10:30AM–8PM'], ['Thursday', '10:30AM–8PM'], ['Friday', '10:30AM–8PM'], ['Saturday', '10:30AM–8PM'], ['Sunday', 'Closed'], ['Monday', '10:30AM–8PM']]"
0x54900698c055bf7d:0x11e5b5a75665508b,Ho Sushi Bistro,"Ho Sushi Bistro, 617 128th St SW #104, Everett, WA 98204",47.8823971,-122.24196669999999,"['Japanese restaurant', 'Sushi restaurant']",4.5,495,$$,"[['Tuesday', '11:30AM–9PM'], ['Wednesday', '11:30AM–9PM'], ['Thursday', '11:30AM–9PM'], ['Friday', '11:30AM–9PM'], ['Saturday', '11:30AM–9PM'], ['Sunday', '12–8PM'], ['Monday', '11:30AM–9PM']]"
0x5490f8f15f9328c7:0x8e12db15c3647d77,Gikan Teriyaki,"Gikan Teriyaki, 900 Meridian Ave E Suite 8A, Milton, WA 98354",47.2492836,-122.29558019999999,"['Japanese restaurant', 'Asian restaurant', 'Restaurant']",4.1,88,,"[['Tuesday', '11AM–9PM'], ['Wednesday', '11AM–9PM'], ['Thursday', '11AM–9PM'], ['Friday', '11AM–9PM'], ['Saturday', '11AM–9PM'], ['Sunday', 'Closed'], ['Monday', '11AM–9PM']]"
0x54906ff359de6413:0x49af9f448597e96d,AJI Sushi & Grill,"AJI Sushi & Grill, 1052 NE Park Dr, Issaquah, WA 98029",47.5439556,-122.0150778,"['Sushi restaurant', 'Japanese restaurant']",4.6,498,$$,"[['Tuesday', '11AM–3PM'], ['Wednesday', '11AM–3PM'], ['Thursday', '11AM–3PM'], ['Friday', '11AM–3PM'], ['Saturday', '12–10PM'], ['Sunday', '12–9PM'], ['Monday', '11AM–3PM']]"
0x5495aeef5a5dc523:0xf94aba728ef68282,Oh My Teriyaki,"Oh My Teriyaki, 6400 NE Hwy 99 R, Vancouver, WA 98665",45.668717099999995,-122.6650032,"['Asian restaurant', 'Japanese restaurant', 'Korean restaurant']",4.2,153,$,"[['Tuesday', '11AM–8:30PM'], ['Wednesday', '10:30AM–8:30PM'], ['Thursday', '11AM–8:30PM'], ['Friday', '10:30AM–8:30PM'], ['Saturday', '11AM–8PM'], ['Sunday', 'Closed'], ['Monday', '10:30AM–8:30PM']]"
0x54906abad8caa85b:0x8b284979fceb2645,Asia Ginger Teriyaki Restaurant,"Asia Ginger Teriyaki Restaurant, 209 2nd Ave S, Seattle, WA 98104",47.6005136,-122.33182409999999,['Japanese restaurant'],4.6,174,$,"[['Tuesday', '10AM–2:30PM'], ['Wednesday', '10AM–2:30PM'], ['Thursday', '10AM–2:30PM'], ['Friday', '10AM–2:30PM'], ['Saturday', 'Closed'], ['Sunday', 'Closed'], ['Monday', '10AM–2:30PM']]"
0x549014617e8b53c3:0xc7be735fd520cbd7,Teriyaki 1st,"Teriyaki 1st, 5201 University Way NE B, Seattle, WA 98105",47.666671199999996,-122.3135173,"['Japanese restaurant', 'Restaurant']",4.2,195,$,"[['Tuesday', '11AM–10PM'], ['Wednesday', '11AM–10PM'], ['Thursday', '11AM–9:30PM'], ['Friday', '11AM–10PM'], ['Saturday', '11AM–10PM'], ['Sunday', 'Closed'], ['Monday', '11AM–10PM']]"
0x54905d02c3bb56bf:0xa25f530459ca86cc,Happy At the Bay Teriyaki,"Happy At the Bay Teriyaki, 18119 E Valley Hwy #101, Kent, WA 98032",47.440118,-122.2226391,"['Japanese restaurant', 'Asian restaurant']",4.1,233,$,"[['Tuesday', '10:30AM–8:30PM'], ['Wednesday', '10:30AM–8:30PM'], ['Thursday', '10:30AM–8:30PM'], ['Friday', '10:30AM–8:30PM'], ['Saturday', '10:30AM–8:30PM'], ['Sunday', 'Closed'], ['Monday', '10:30AM–8:30PM']]"
0x54906dba90c7a437:0xbf7f25a8c028f3d0,JINYA Ramen Bar - Bellevue,"JINYA Ramen Bar - Bellevue, 15600 NE 8th St Suite 0-11, Bellevue, WA 98008",47.6207918,-122.1304133,"['Restaurant', 'Asian restaurant', 'Japanese restaurant', 'Ramen restaurant']",4.3,688,$$,"[['Tuesday', '11AM–10PM'], ['Wednesday', '11AM–10PM'], ['Thursday', '11AM–10PM'], ['Friday', '11AM–10PM'], ['Saturday', '11AM–10PM'], ['Sunday', '11AM–10PM'], ['Monday', '11AM–10PM']]"
0x54905d1b623b8e13:0xfc1dca503b5d8adb,Chopstick Teriyaki,"Chopstick Teriyaki, 101 SW 41st St, Renton, WA 98057",47.443298299999995,-122.21892589999999,"['Japanese restaurant', 'Sandwich shop']",4.3,118,$,"[['Tuesday', '10:30AM–8PM'], ['Wednesday', '10:30AM–8PM'], ['Thursday', '10:30AM–8PM'], ['Friday', '10:30AM–8PM'], ['Saturday', '11AM–7PM'], ['Sunday', 'Closed'], ['Monday', '10:30AM–8PM']]"
0x5499d80a80433aeb:0x6759df270148d27e,New York Teriyaki,"New York Teriyaki, 3710 Fruitvale Blvd, Yakima, WA 98902",46.6202815,-120.55973569999999,['Japanese restaurant'],4.1,265,$$,"[['Monday', '11AM–7:30PM'], ['Tuesday', '11AM–7:30PM'], ['Wednesday', '11AM–7:30PM'], ['Thursday', '11AM–7:30PM'], ['Friday', '11AM–7:30PM'], ['Saturday', 'Closed'], ['Sunday', 'Closed']]"
0x54977d0ce16a617f:0xa97447c4324184d7,Kyoto Sushi & Steak House,"Kyoto Sushi & Steak House, 2405 W Washington Ave #150, Yakima, WA 98903",46.5722911,-120.5416611,['Japanese restaurant'],4.3,618,$$,"[['Monday', '11AM–2:30PM'], ['Tuesday', '11AM–2:30PM'], ['Wednesday', '11AM–2:30PM'], ['Thursday', '11AM–2:30PM'], ['Friday', '11AM–10PM'], ['Saturday', '11AM–10PM'], ['Sunday', '11AM–9PM']]"
0x54905b03647755b9:0x3be5c36313e6fd46,Kaihana,"Kaihana, 21816 Marine View Dr S, Des Moines, WA 98198",47.406787,-122.324435,"['Asian restaurant', 'Japanese restaurant', 'Sushi restaurant']",4.4,278,$$,"[['Monday', 'Closed'], ['Tuesday', '3–9PM'], ['Wednesday', '3–9PM'], ['Thursday', '3–9PM'], ['Friday', '3–9PM'], ['Saturday', '3–9PM'], ['Sunday', '4–9PM']]"
0x549e185c6b00fea1:0x463ad16fd996bd35,Umi Kitchen and Sushi Bar,"Umi Kitchen and Sushi Bar, 1309 W Summit Pkwy, Spokane, WA 99201",47.6616469,-117.4313586,['Japanese restaurant'],4.6,431,$$,"[['Monday', '11AM–8:30PM'], ['Tuesday', '11AM–8:30PM'], ['Wednesday', '11AM–8:30PM'], ['Thursday', '11AM–8:30PM'], ['Friday', '11AM–8:30PM'], ['Saturday', '11AM–8:30PM'], ['Sunday', '11AM–8:30PM']]"
0x54901549e79f63f9:0x4b60429d6c7226f8,Mio Sushi,"Mio Sushi, 120 Westlake Ave N, Seattle, WA 98109",47.6193343,-122.3382159,"['Sushi restaurant', 'Japanese restaurant', 'Restaurant']",3.8,266,$$,"[['Monday', '11AM–8:30PM'], ['Tuesday', '11AM–8:30PM'], ['Wednesday', '11AM–8:30PM'], ['Thursday', '11AM–8:30PM'], ['Friday', '11AM–8:30PM'], ['Saturday', 'Closed'], ['Sunday', 'Closed']]"
0x54856db624413049:0xe92a6265e6e2c1eb,Asian 1 in Burlington (Healthy Asian Cuisine),"Asian 1 in Burlington (Healthy Asian Cuisine), 145 Cascade Pl #112, Burlington, WA 98233",48.460220299999996,-122.33413689999999,"['Thai restaurant', 'Asian restaurant', 'Chinese restaurant', 'Japanese restaurant', 'Sushi restaurant']",4.3,718,$$,"[['Monday', '11:30AM–8PM'], ['Tuesday', '11:30AM–8PM'], ['Wednesday', '11:30AM–9PM'], ['Thursday', '11:30AM–9PM'], ['Friday', '11:30AM–9PM'], ['Saturday', '11:30AM–9PM'], ['Sunday', '11:30AM–8PM']]"
0x5491001c55483a6f:0x2bcae3b7154a1f6b,Sushi Revolution,"Sushi Revolution, 5225 Tacoma Mall Blvd Suite D101, Tacoma, WA 98409",47.209076499999995,-122.4631766,"['Conveyor belt sushi restaurant', 'Asian restaurant', 'Japanese restaurant', 'Seafood restaurant', 'Sushi restaurant']",4.1,458,$$,"[['Monday', '12–6:30PM'], ['Tuesday', '12–6:30PM'], ['Wednesday', '12–6:30PM'], ['Thursday', '12–6:30PM'], ['Friday', '12–6:30PM'], ['Saturday', '12–6:30PM'], ['Sunday', 'Closed']]"
0x548fb8b19c7be293:0xa7e30c034b085605,Sequim Bento Teriyaki,"Sequim Bento Teriyaki, 1243 W Washington St, Sequim, WA 98382",48.0772828,-123.13343889999999,['Japanese restaurant'],4.2,285,$$,"[['Monday', '11AM–8PM'], ['Tuesday', '11AM–8PM'], ['Wednesday', '11AM–8PM'], ['Thursday', '11AM–8PM'], ['Friday', '11AM–8PM'], ['Saturday', '11AM–8PM'], ['Sunday', '11AM–8PM']]"
0x54946cbb04f9dcf5:0x47ae636d115d2a2d,Sora Sushi Restaurant (Kelso),"Sora Sushi Restaurant (Kelso), 503 Allen St, Kelso, WA 98626",46.1446283,-122.90785009999999,"['Conveyor belt sushi restaurant', 'Asian restaurant', 'Japanese restaurant', 'Sushi restaurant', 'Sushi takeaway']",4.4,678,$$,"[['Monday', '11AM–9PM'], ['Tuesday', '11AM–9PM'], ['Wednesday', '11AM–9PM'], ['Thursday', '11AM–9PM'], ['Friday', '11AM–9PM'], ['Saturday', '11AM–9PM'], ['Sunday', '11AM–9PM']]"
0x5490148aef4cc1bb:0xa2c676f63cc6874c,U:Don - University District Fresh Japanese Noodle Station,"U:Don - University District Fresh Japanese Noodle Station, 4515 University Way NE, Seattle, WA 98105",47.6617673,-122.31340349999999,"['Udon noodle restaurant', 'Asian restaurant', 'Caterer', 'Cold noodle restaurant', 'Japanese restaurant', 'Delivery Restaurant', 'Soup restaurant', 'Tempura restaurant']",4.4,738,$,"[['Monday', '11AM–8:30PM'], ['Tuesday', '11AM–8:30PM'], ['Wednesday', '11AM–8:30PM'], ['Thursday', '11AM–8:30PM'], ['Friday', '11AM–9PM'], ['Saturday', '11AM–9PM'], ['Sunday', '11AM–8:30PM']]"
0x54901461cc6aedc7:0x6c8ffc9c96cf4db9,Itadakimasu,"Itadakimasu, 4743 Brooklyn Ave NE, Seattle, WA 98105",47.6643367,-122.3144255,"['Japanese restaurant', 'Asian fusion restaurant', 'Asian restaurant', 'Bar', 'Restaurant']",4.3,234,$$,"[['Monday', '11AM–8:30PM'], ['Tuesday', '11AM–8:30PM'], ['Wednesday', '11AM–8:30PM'], ['Thursday', '11AM–8:30PM'], ['Friday', '11AM–9:30PM'], ['Saturday', '11AM–9:30PM'], ['Sunday', 'Closed']]"
0x54903ab8b097c895:0xe0541b9b2b202b8e,Down East Restaurant,"Down East Restaurant, 3299 NW Randall Way #101, Silverdale, WA 98383",47.6588028,-122.69525279999999,"['Restaurant', 'Asian fusion restaurant', 'Bubble tea store', 'Fish & chips restaurant', 'Japanese restaurant', 'Korean restaurant', 'Pho restaurant']",4.4,157,,"[['Monday', '11AM–8PM'], ['Tuesday', '11AM–8PM'], ['Wednesday', '11AM–8PM'], ['Thursday', '11AM–8PM'], ['Friday', '11AM–8PM'], ['Saturday', '11AM–8PM'], ['Sunday', 'Closed']]"
0x54906acd98bc04df:0x63e5c893c12adf0b,U:Don - Capitol Hill Fresh Japanese Noodle Station,"U:Don - Capitol Hill Fresh Japanese Noodle Station, 1640 12th Ave, Seattle, WA 98122",47.6158266,-122.3164182,"['Udon noodle restaurant', 'Caterer', 'Cold noodle restaurant', 'Japanese restaurant', 'Delivery Restaurant', 'Noodle shop', 'Soup restaurant', 'Tempura restaurant']",4.5,498,$,"[['Monday', '11AM–8:30PM'], ['Tuesday', '11AM–8:30PM'], ['Wednesday', '11AM–8:30PM'], ['Thursday', '11AM–8:30PM'], ['Friday', '11AM–9PM'], ['Saturday', '11AM–9PM'], ['Sunday', '11AM–8:30PM']]"
0x5490154c12de9b87:0x59aff3cc48793253,Moon's Kitchen Homemade Japanese Restaurant,"Moon's Kitchen Homemade Japanese Restaurant, 2211 4th Ave, Seattle, WA 98121",47.6147925,-122.34330689999999,"['Japanese restaurant', 'Restaurant']",4.2,244,$,"[['Monday', '11AM–8PM'], ['Tuesday', '11AM–8PM'], ['Wednesday', '11AM–8PM'], ['Thursday', '11AM–8PM'], ['Friday', '11AM–8PM'], ['Saturday', 'Closed'], ['Sunday', 'Closed']]"
0x54906c01d5dd1ea7:0xa2ca05db61f397a9,Musashi's,"Musashi's, 3720 Factoria Blvd SE #1, Bellevue, WA 98006",47.577303799999996,-122.16902189999999,"['Japanese restaurant', 'Sushi restaurant']",4.4,746,$,"[['Monday', '11:30AM–2:30PM'], ['Tuesday', '11:30AM–2:30PM'], ['Wednesday', '11:30AM–2:30PM'], ['Thursday', '11:30AM–2:30PM'], ['Friday', '11:30AM–2:30PM'], ['Saturday', '5–9:30PM'], ['Sunday', 'Closed']]"
0x54906acb60c2ed55:0x5e459216a0dacc93,SUIKA Seattle,"SUIKA Seattle, 611 E Pine St, Seattle, WA 98122",47.6150683,-122.3238526,"['Japanese restaurant', 'Restaurant']",4.5,634,$$,"[['Monday', 'Closed'], ['Tuesday', '5–10:30PM'], ['Wednesday', '5–10:30PM'], ['Thursday', '5–10:30PM'], ['Friday', '5–11:30PM'], ['Saturday', '4–11:30PM'], ['Sunday', '4–10:30PM']]"
0x54906d2a55315091:0xfc86209a31e349be,SHABURINA,"SHABURINA, 2720 152nd Ave NE #130, Redmond, WA 98052",47.6344693,-122.13729529999999,"['Sukiyaki and Shabu Shabu restaurant', 'Japanese restaurant', 'Korean restaurant']",4.7,198,$$,"[['Monday', 'Closed'], ['Tuesday', '5–9PM'], ['Wednesday', '5–9PM'], ['Thursday', '5–9PM'], ['Friday', '5–10PM'], ['Saturday', '11AM–2:30PM'], ['Sunday', '11AM–2:30PM']]"
0x5490fabf7dd99fa3:0xe754a01caa08864,Okasan Teriyaki,"Okasan Teriyaki, 9805 214th Ave E, Bonney Lake, WA 98391",47.168333499999996,-122.1434609,['Japanese restaurant'],4.6,138,$,"[['Monday', '11AM–8:30PM'], ['Tuesday', '11AM–8:30PM'], ['Wednesday', '11AM–8:30PM'], ['Thursday', '11AM–8:30PM'], ['Friday', '11AM–9PM'], ['Saturday', '11:30AM–9PM'], ['Sunday', 'Closed']]"
0x54900c2a4464b3b3:0xf1b8380b1028a3c3,King's Teriyaki,"King's Teriyaki, 13317 NE 175th St d, Woodinville, WA 98072",47.7533678,-122.16044249999999,"['Japanese restaurant', 'Asian restaurant', 'Restaurant']",4.0,214,$,"[['Sunday', '11AM–8PM'], ['Monday', '10:30AM–9PM'], ['Tuesday', '10:30AM–9PM'], ['Wednesday', '10:30AM–9PM'], ['Thursday', '10:30AM–9PM'], ['Friday', '10:30AM–9PM'], ['Saturday', '10:30AM–9PM']]"
0x5490fde867d53f25:0x8840f7ad0eb8f459,Honto Teriyaki Restaurant,"Honto Teriyaki Restaurant, 11012 Canyon Rd E #45, Puyallup, WA 98373",47.1569243,-122.3585099,"['Japanese restaurant', 'Asian restaurant', 'Chinese restaurant']",4.4,405,$$,"[['Sunday', '11AM–8PM'], ['Monday', '10:30AM–9PM'], ['Tuesday', '10:30AM–9PM'], ['Wednesday', '10:30AM–9PM'], ['Thursday', '10:30AM–9PM'], ['Friday', '10:30AM–9PM'], ['Saturday', '10:30AM–9PM']]"
0x5490145125b330a9:0x37e6b707ac51e117,Musashi's,"Musashi's, 1400 N 45th St, Seattle, WA 98103",47.6615602,-122.34049019999999,"['Japanese restaurant', 'Restaurant', 'Sushi restaurant']",4.6,905,$,"[['Sunday', 'Closed'], ['Monday', 'Closed'], ['Tuesday', '11:30AM–2PM'], ['Wednesday', '11:30AM–2PM'], ['Thursday', '11:30AM–2PM'], ['Friday', '11:30AM–2PM'], ['Saturday', '5–9PM']]"
0x549014555575792f:0xaf7967773ae43cf4,kamonegi,"〒98103 Washington, Seattle, N 39th St, kamonegi",47.654057699999996,-122.3442817,"['Japanese restaurant', 'Restaurant', 'Soba noodle shop']",4.6,497,$$,"[['Sunday', 'Closed'], ['Monday', 'Closed'], ['Tuesday', '11:30AM–2PM'], ['Wednesday', '11:30AM–2PM'], ['Thursday', '11:30AM–2PM'], ['Friday', '11:30AM–2PM'], ['Saturday', '11:30AM–2PM']]"
0x548fedc68df43a1f:0x97599a9afd0a2c8e,Hanazono Asian Noodle,"Hanazono Asian Noodle, 225 Taylor St, Port Townsend, WA 98368",48.1146475,-122.7569309,"['Japanese restaurant', 'Noodle shop', 'Restaurant']",4.4,248,$$,
0x5485a3c538c8bb1b:0xd29f7c721f474e7c,Blue Fin Sushi,"Blue Fin Sushi, 102 S Samish Way, Bellingham, WA 98225",48.735209,-122.47049799999999,"['Asian restaurant', 'Japanese restaurant', 'Seafood restaurant', 'Sushi restaurant']",4.6,476,$$,"[['Sunday', '12–3PM'], ['Monday', '11:30AM–3PM'], ['Tuesday', 'Closed'], ['Wednesday', '11:30AM–3PM'], ['Thursday', '11:30AM–3PM'], ['Friday', '11:30AM–3PM'], ['Saturday', '12–3PM']]"
0x5490152de78811ab:0x97eb36255321b2f6,Samurai Noodle,"Samurai Noodle, 412 Broadway E, Seattle, WA 98102",47.6224312,-122.3205861,"['Japanese restaurant', 'Asian restaurant', 'Restaurant']",3.9,33,$,"[['Sunday', '11:30AM–10PM'], ['Monday', '11:30AM–10PM'], ['Tuesday', '11:30AM–10PM'], ['Wednesday', '11:30AM–10PM'], ['Thursday', '11:30AM–10PM'], ['Friday', '11:30AM–10:30PM'], ['Saturday', '11:30AM–10:30PM']]"
0x54905f2756aab6d5:0x67d32dfb45f63d22,Happy At the Bay Teriyaki,"Happy At the Bay Teriyaki, 13003 SE Kent-Kangley Rd #114, Kent, WA 98030",47.3575558,-122.16798019999999,"['Japanese restaurant', 'Chinese takeaway', 'Hawaiian restaurant', 'Korean restaurant', 'Sushi takeaway']",4.3,133,$,"[['Sunday', 'Closed'], ['Monday', '11AM–9PM'], ['Tuesday', '11AM–9PM'], ['Wednesday', '11AM–9PM'], ['Thursday', '11AM–9PM'], ['Friday', '11AM–9PM'], ['Saturday', '11AM–9PM']]"
0x5495af575e116ad7:0x66eef1bb5c130156,Du's Teriyaki,"Du's Teriyaki, 900 Grand Blvd, Vancouver, WA 98661",45.6276103,-122.6409468,"['Japanese restaurant', 'Restaurant']",4.3,167,$,"[['Sunday', 'Closed'], ['Monday', '11AM–8PM'], ['Tuesday', '11AM–8PM'], ['Wednesday', '11AM–8PM'], ['Thursday', '11AM–8PM'], ['Friday', '11AM–8PM'], ['Saturday', '11AM–3:30PM']]"
0x54946c8ed2334a33:0xaf45ef09325161c2,Minami Teriyaki,"Minami Teriyaki, 1208 15th Ave, Longview, WA 98632",46.136165999999996,-122.937193,"['Japanese restaurant', 'Asian restaurant']",4.5,488,$,"[['Sunday', 'Closed'], ['Monday', '10AM–8:30PM'], ['Tuesday', '10AM–8:30PM'], ['Wednesday', '10AM–8:30PM'], ['Thursday', '10AM–8:30PM'], ['Friday', '10AM–8:30PM'], ['Saturday', '11AM–8PM']]"
0x54946cbebd7ad0b9:0xe365d7c40a13fc4,Sun's Teriyaki,"Sun's Teriyaki, 114 1st Ave NW, Kelso, WA 98626",46.146057899999995,-122.9157606,"['Japanese restaurant', 'Asian restaurant']",4.2,115,$,"[['Sunday', 'Closed'], ['Monday', '11AM–8PM'], ['Tuesday', '11AM–8PM'], ['Wednesday', '11AM–8PM'], ['Thursday', '11AM–8PM'], ['Friday', '11AM–8PM'], ['Saturday', 'Closed']]"
0x54905b01cc52bafb:0x19f7733b361960a1,New Tokyo Teriyaki,"New Tokyo Teriyaki, 22340 Marine View Dr S # C, Des Moines, WA 98198",47.400634,-122.324095,"['Japanese restaurant', 'Asian restaurant']",4.5,216,$,"[['Sunday', 'Closed'], ['Monday', '11AM–8:30PM'], ['Tuesday', '11AM–8:30PM'], ['Wednesday', '11AM–8:30PM'], ['Thursday', '11AM–8:30PM'], ['Friday', '11AM–8:30PM'], ['Saturday', '11:30AM–8PM']]"
0x5491963456be8b77:0x7cee075963b5abbc,Happy Teriyaki & Wok,"Happy Teriyaki & Wok, 3101 Olympic Hwy N, Shelton, WA 98584",47.2300069,-123.1270541,"['Grill', 'Asian restaurant', 'Chinese restaurant', 'Japanese restaurant', 'Sushi restaurant']",4.3,598,$$,"[['Sunday', '11AM–8:30PM'], ['Monday', '11AM–9PM'], ['Tuesday', '11AM–9PM'], ['Wednesday', '11AM–9PM'], ['Thursday', '11AM–9PM'], ['Friday', '11AM–9PM'], ['Saturday', '11AM–9PM']]"
0x54903a3b1ae6f04b:0x893a0aa3f90bcb4c,Trapper's Sushi - Bremerton,"Trapper's Sushi - Bremerton, 1405 NE McWilliams Rd, Bremerton, WA 98311",47.6202098,-122.6305074,"['Japanese restaurant', 'Asian restaurant', 'Sushi restaurant']",4.3,478,$$,"[['Sunday', '11AM–9PM'], ['Monday', '11AM–9PM'], ['Tuesday', '11AM–9PM'], ['Wednesday', '11AM–9PM'], ['Thursday', '11AM–9PM'], ['Friday', '11AM–9PM'], ['Saturday', '11AM–9PM']]"
0x54855048d6220c1b:0x9c94cfd6c0b89fd6,Teriyaki Bowl,"Teriyaki Bowl, 3405 172nd St NE #23, Arlington, WA 98223",48.1533537,-122.18444939999999,"['Asian restaurant', 'Chinese restaurant', 'Japanese restaurant']",4.4,185,$,"[['Sunday', 'Closed'], ['Monday', '10:30AM–9PM'], ['Tuesday', '10:30AM–9PM'], ['Wednesday', '10:30AM–9PM'], ['Thursday', '10:30AM–9PM'], ['Friday', '10:30AM–9PM'], ['Saturday', '10:30AM–9PM']]"
0x549068881c6a827b:0xa952980881c8df41,Sushi Roll Roll Roll,"Sushi Roll Roll Roll, 1630 Duvall Ave NE #G, Renton, WA 98059",47.5062876,-122.1554992,"['Japanese restaurant', 'Restaurant', 'Sushi restaurant']",4.6,298,$,"[['Saturday', '12–8:30PM'], ['Sunday', '12–8PM'], ['Monday', 'Closed'], ['Tuesday', '11AM–8:30PM'], ['Wednesday', '11AM–8:30PM'], ['Thursday', '11AM–8:30PM'], ['Friday', '11AM–8:30PM']]"
0x5490138f9820ebf5:0x6d1b76fbeb19a3bf,I Love Bento,"I Love Bento, 7500 35th Ave NE, Seattle, WA 98115",47.683140599999994,-122.29032559999999,"['Sushi restaurant', 'Asian restaurant', 'Japanese restaurant']",3.7,67,$$,"[['Saturday', 'Closed'], ['Sunday', 'Closed'], ['Monday', '11AM–8PM'], ['Tuesday', '11AM–8PM'], ['Wednesday', '11AM–8PM'], ['Thursday', '11AM–8PM'], ['Friday', '11AM–8PM']]"
0x549015c5e1209991:0x7f38208d62cac73c,Sam's Sushi Bar & Grill,"Sam's Sushi Bar & Grill, 5506 22nd Ave NW, Seattle, WA 98107",47.668960999999996,-122.384559,"['Japanese restaurant', 'Sushi restaurant']",4.4,288,$$,"[['Saturday', '3:30–8:30PM'], ['Sunday', '3:30–8:30PM'], ['Monday', '3:30–8:30PM'], ['Tuesday', '3:30–8:30PM'], ['Wednesday', '3:30–8:30PM'], ['Thursday', '3:30–8:30PM'], ['Friday', '3:30–8:30PM']]"
0x5490fc5a85a882a7:0x9bce8ea986850f11,Sushi Ari Japanese Restaurant,"Sushi Ari Japanese Restaurant, 206 39th Ave SW, Puyallup, WA 98373",47.1545815,-122.2945142,['Japanese restaurant'],4.6,387,$$,"[['Saturday', '3–9:30PM'], ['Sunday', '3–9:30PM'], ['Monday', 'Closed'], ['Tuesday', '3–9:30PM'], ['Wednesday', '3–9:30PM'], ['Thursday', '3–9:30PM'], ['Friday', '3–9:30PM']]"
0x54900c2a4464b3b3:0x1aa84892941a33f8,Tokyo Japanese Steakhouse,"Tokyo Japanese Steakhouse, 13317 NE 175th St # L, Woodinville, WA 98072",47.753392,-122.16110359999999,"['Japanese restaurant', 'Teppanyaki restaurant']",4.3,326,$$,"[['Saturday', '4:30–9PM'], ['Sunday', '4:30–8PM'], ['Monday', '11:30AM–2PM'], ['Tuesday', '11:30AM–2PM'], ['Wednesday', '11:30AM–2PM'], ['Thursday', '11:30AM–2PM'], ['Friday', '11:30AM–2PM']]"
0x549006cada3c2cfb:0xa2297994ace9227a,Toyama Sushi,"Toyama Sushi, 10121 Evergreen Way, Everett, WA 98204",47.9055324,-122.2412415,"['Sushi restaurant', 'Asian restaurant', 'Japanese restaurant']",4.6,298,$$,"[['Saturday', '11AM–9PM'], ['Sunday', 'Closed'], ['Monday', '11AM–9PM'], ['Tuesday', '11AM–9PM'], ['Wednesday', '11AM–9PM'], ['Thursday', '11AM–9PM'], ['Friday', '11AM–9PM']]"
0x5490ffc5470a6f65:0xee6999864d2f0e61,Kizuki Ramen & Izakaya,"Kizuki Ramen & Izakaya, 4502 S Steele St, Mall Suite 501A, Tacoma, WA 98409",47.2165555,-122.46733359999999,"['Ramen restaurant', 'Izakaya restaurant', 'Japanese restaurant']",4.4,338,$$,"[['Saturday', '11AM–8PM'], ['Sunday', '11AM–7PM'], ['Monday', '11AM–8PM'], ['Tuesday', '11AM–8PM'], ['Wednesday', '11AM–8PM'], ['Thursday', '11AM–8PM'], ['Friday', '11AM–8PM']]"
0x549aaa984be90bad:0x7a1094a342c55380,Kai Sushi Fusion Roll & Sake,"Kai Sushi Fusion Roll & Sake, 2811 Colby Ave a, Everett, WA 98201",47.9802257,-122.2083308,"['Japanese restaurant', 'Restaurant']",4.7,436,$$,"[['Saturday', '12–8:30PM'], ['Sunday', 'Closed'], ['Monday', '12–8PM'], ['Tuesday', '12–8PM'], ['Wednesday', '12–8PM'], ['Thursday', '12–8PM'], ['Friday', '12–8:30PM']]"
0x549aaa9c6adb52cd:0xbe8f859c8973dbde,Bento Factory,"Bento Factory, 3201 Rucker Ave, Everett, WA 98201",47.974999999999994,-122.21083329999999,"['Japanese restaurant', 'Restaurant']",4.4,388,$,"[['Saturday', '11AM–9PM'], ['Sunday', 'Closed'], ['Monday', '10AM–9PM'], ['Tuesday', '10AM–9PM'], ['Wednesday', '10AM–9PM'], ['Thursday', '10AM–9PM'], ['Friday', '10AM–9PM']]"
0x549e186745e245c1:0x4100979c0cf5d029,Sushi Maru,"Sushi Maru, 808 W Main Ave #105, Spokane, WA 99201",47.6599119,-117.42385949999999,"['Conveyor belt sushi restaurant', 'Japanese restaurant']",3.9,951,$$,"[['Saturday', '11AM–8PM'], ['Sunday', '12–6:45PM'], ['Monday', 'Closed'], ['Tuesday', '11AM–6:45PM'], ['Wednesday', '11AM–6:45PM'], ['Thursday', '11AM–6:45PM'], ['Friday', '11AM–8PM']]"
0x54905eb60ff003a7:0x44cf6e557c22763,King's Teriyaki & Sushi,"King's Teriyaki & Sushi, 25803 104th Ave SE, Kent, WA 98030",47.3711055,-122.2034781,"['Japanese restaurant', 'Asian fusion restaurant']",4.0,378,$$,"[['Friday', '11AM–1AM'], ['Saturday', '11AM–1AM'], ['Sunday', '12PM–12AM'], ['Monday', '11AM–12AM'], ['Tuesday', '11AM–12AM'], ['Wednesday', '11AM–12AM'], ['Thursday', '11AM–1AM']]"
0x549938a50bee6f01:0x3ffcd6bff77e0c72,J's Teriyaki Grill,"J's Teriyaki Grill, 123 E Broadway Ave #1739, Moses Lake, WA 98837",47.131389,-119.2777934,"['Japanese restaurant', 'Asian restaurant']",4.4,610,$$,"[['Friday', '11AM–9PM'], ['Saturday', '11AM–9PM'], ['Sunday', '11AM–8PM'], ['Monday', '11AM–9PM'], ['Tuesday', '11AM–9PM'], ['Wednesday', '11AM–9PM'], ['Thursday', '11AM–9PM']]"
0x549938a55f221f9b:0xa9110722f96c8823,Tsunami Sushi,"Tsunami Sushi, 109 W 3rd Ave, Moses Lake, WA 98837",47.1298767,-119.2783908,"['Sushi restaurant', 'Asian restaurant', 'Japanese restaurant']",4.0,382,$$,"[['Friday', '11AM–10PM'], ['Saturday', '11AM–10PM'], ['Sunday', '11AM–9PM'], ['Monday', '11AM–9PM'], ['Tuesday', '11AM–9PM'], ['Wednesday', '11AM–9PM'], ['Thursday', '11AM–9PM']]"
0x5490577a1420970f:0x3004a79b720da10f,Tokyo-ya Ramen,"Tokyo-ya Ramen, 31507 Pacific Hwy S, Federal Way, WA 98003",47.319718599999995,-122.3153875,"['Ramen restaurant', 'Authentic Japanese restaurant', 'Japanese restaurant']",4.6,1085,$,"[['Friday', '11AM–11:15PM'], ['Saturday', '11AM–11:15PM'], ['Sunday', '11AM–10:45PM'], ['Monday', '11AM–10:45PM'], ['Tuesday', '11AM–10:45PM'], ['Wednesday', '11AM–10:45PM'], ['Thursday', '11AM–10:45PM']]"
0x54905797f06beaa3:0x9a56ef618e1055e9,8ight Izakaya,"8ight Izakaya, 33320 Pacific Hwy S #101, Federal Way, WA 98003",47.302705499999995,-122.3129225,"['Restaurant', 'Asian fusion restaurant', 'Asian restaurant', 'Bar', 'Japanese restaurant', 'Korean restaurant', 'Sushi restaurant']",4.0,78,,"[['Friday', '5:30–11PM'], ['Saturday', '5:30–11PM'], ['Sunday', 'Closed'], ['Monday', '5:30PM–12:30AM'], ['Tuesday', '5:30PM–12:30AM'], ['Wednesday', '5:30PM–12:30AM'], ['Thursday', '5:30PM–12:30AM']]"
0x549037829476b83f:0x4f7d31886655d58,Umami Kitchen,"Umami Kitchen, 200 1st St, Bremerton, WA 98337",47.563624999999995,-122.6256856,"['Sushi restaurant', 'Japanese restaurant', 'Korean restaurant']",4.6,228,$,"[['Friday', '10AM–2:45PM'], ['Saturday', '2–8PM'], ['Sunday', 'Closed'], ['Monday', '10AM–2:45PM'], ['Tuesday', '10AM–2:45PM'], ['Wednesday', '10AM–2:45PM'], ['Thursday', '10AM–2:45PM']]"
0x548f8a0734a1ad85:0xe026dba11c259a40,Tokyo Stop Teriyaki,"Tokyo Stop Teriyaki, 910 NE Midway Blvd, Oak Harbor, WA 98277",48.3058488,-122.64303179999999,"['Japanese restaurant', 'Asian restaurant', 'Sushi restaurant']",4.4,348,,"[['Friday', '11AM–8:30PM'], ['Saturday', '11AM–8:30PM'], ['Sunday', 'Closed'], ['Monday', '11AM–8:30PM'], ['Tuesday', '11AM–8:30PM'], ['Wednesday', '11AM–8:30PM'], ['Thursday', '11AM–8:30PM']]"
0x548fb8b187089905:0xc369c5bba5a584f4,Koto Teriyaki & Sushi,"Koto Teriyaki & Sushi, 1252 W Washington St, Sequim, WA 98382",48.078036,-123.133758,"['Sushi restaurant', 'Asian restaurant', 'Japanese restaurant']",4.5,528,$$,"[['Friday', '11AM–8:30PM'], ['Saturday', '11AM–8:30PM'], ['Sunday', 'Closed'], ['Monday', '11AM–8:30PM'], ['Tuesday', '11AM–8:30PM'], ['Wednesday', '11AM–8:30PM'], ['Thursday', '11AM–8:30PM']]"
0x5490fac0b77a3417:0x83684725ee3a7e43,Teriyaki Wok,"Teriyaki Wok, 9925 214th Ave E, Bonney Lake, WA 98391",47.165949,-122.143064,"['Asian restaurant', 'Bubble tea store', 'Chinese restaurant', 'Japanese restaurant']",4.4,266,$,"[['Friday', '11:30AM–8:30PM'], ['Saturday', '12–8:30PM'], ['Sunday', '12–8:30PM'], ['Monday', 'Closed'], ['Tuesday', '11:30AM–8:30PM'], ['Wednesday', '11:30AM–8:30PM'], ['Thursday', '11:30AM–8:30PM']]"
0x5490fae5db475ed5:0x2d062ff02e25a192,Honto Teriyaki II,"Honto Teriyaki II, 19567 WA-410, Bonney Lake, WA 98391",47.1684985,-122.1689629,"['Japanese restaurant', 'Asian restaurant', 'Restaurant']",4.3,238,,"[['Friday', '11AM–8:30PM'], ['Saturday', '11AM–8:30PM'], ['Sunday', 'Closed'], ['Monday', '11AM–8:30PM'], ['Tuesday', '11AM–8:30PM'], ['Wednesday', '11AM–8:30PM'], ['Thursday', '11AM–8:30PM']]"
0x54900d7e451951a1:0xe1b9b623ba5f0229,Teriyaki Plus,"Teriyaki Plus, 11512 124th Ave NE, Kirkland, WA 98033",47.703256599999996,-122.17514,['Japanese restaurant'],4.7,188,$,"[['Friday', '10:30AM–2:45PM'], ['Saturday', '11AM–2:45PM'], ['Sunday', 'Closed'], ['Monday', '10:30AM–2:45PM'], ['Tuesday', '10:30AM–2:45PM'], ['Wednesday', '10:30AM–2:45PM'], ['Thursday', '10:30AM–2:45PM']]"
0x5490117b36babb81:0x2a7093701a37ccdf,Toyoda Sushi,"Toyoda Sushi, 12543 Lake City Way NE, Seattle, WA 98125",47.7205121,-122.2947816,"['Japanese restaurant', 'Restaurant', 'Sushi restaurant']",4.6,446,$$,"[['Friday', '5–7PM'], ['Saturday', '5–7PM'], ['Sunday', '5–7PM'], ['Monday', 'Closed'], ['Tuesday', 'Closed'], ['Wednesday', 'Closed'], ['Thursday', '5–7PM']]"
0x549072ad86d0faa5:0x894f427bf84f3a1c,Oto Sushi,"Oto Sushi, 8105 161st Avenue Northeast, Redmond, WA 98052",47.6759822,-122.12598679999999,"['Sushi restaurant', 'Japanese restaurant', 'Restaurant']",4.4,1125,$$,"[['Friday', '11:30AM–2:30PM'], ['Saturday', '12AM–2:30PM'], ['Sunday', '12AM–2:30PM'], ['Monday', '11:30AM–2:30PM'], ['Tuesday', '11:30AM–2:30PM'], ['Wednesday', '11:30AM–2:30PM'], ['Thursday', '11:30AM–2:30PM']]"
0x5490159756087dbd:0xfcc69e989ac50f1e,Nana’s Green Tea,"Nana’s Green Tea, 1007 Stewart St #103, Seattle, WA 98101",47.6160523,-122.33292039999999,"['Japanese sweets restaurant', 'Ice cream shop', 'Authentic Japanese restaurant', 'Japanese curry restaurant', 'Japanese restaurant', 'Tea house']",4.4,755,$$,"[['Friday', '11AM–8PM'], ['Saturday', '11AM–8PM'], ['Sunday', '11AM–8PM'], ['Monday', '11AM–8PM'], ['Tuesday', '11AM–8PM'], ['Wednesday', '11AM–8PM'], ['Thursday', '11AM–8PM']]"
0x54906d014fe8abb9:0xe39a745e2cc21557,I Love Teriyaki,"I Love Teriyaki, 2255 140th Ave NE D, Bellevue, WA 98005",47.6304191,-122.1545524,"['Japanese restaurant', 'Asian restaurant']",4.5,175,$,"[['Friday', '10:30AM–8:30PM'], ['Saturday', '11AM–4PM'], ['Sunday', 'Closed'], ['Monday', '10:30AM–8:30PM'], ['Tuesday', '10:30AM–8:30PM'], ['Wednesday', '10:30AM–8:30PM'], ['Thursday', '10:30AM–8:30PM']]"
0x549010406ab1ebeb:0x2af5f5b31d45349c,Teriyaki Plus,"Teriyaki Plus, 19939 Ballinger Way NE B, Shoreline, WA 98155",47.77362,-122.30843999999999,"['Restaurant', 'Japanese restaurant', 'Noodle shop', 'Rice restaurant', 'Rice shop', 'Salad shop', 'Udon noodle restaurant']",4.6,295,$,"[['Friday', '11:30AM–9PM'], ['Saturday', '12–9PM'], ['Sunday', 'Closed'], ['Monday', '11:30AM–9PM'], ['Tuesday', '11:30AM–9PM'], ['Wednesday', '11:30AM–9PM'], ['Thursday', '11:30AM–9PM']]"
0x54910187c5964bb5:0xfc409a747214c3ef,Trapper's Sushi,"Trapper's Sushi, 323 Garfield St S #101, Parkland, WA 98444",47.146282199999995,-122.4368186,"['Sushi restaurant', 'Asian restaurant', 'Bar & grill', 'Japanese restaurant', 'Restaurant']",4.5,1467,$$,"[['Friday', '11AM–9PM'], ['Saturday', '11AM–9PM'], ['Sunday', '11AM–9PM'], ['Monday', '11AM–9PM'], ['Tuesday', '11AM–9PM'], ['Wednesday', '11AM–9PM'], ['Thursday', '11AM–9PM']]"
0x5490150727b49f55:0xf11a1166b2a4f4e6,Blue C Sushi,"Blue C Sushi, 3411 Fremont Ave N, Seattle, WA 98103",47.6499726,-122.3499696,"['Japanese restaurant', 'Sushi restaurant']",3.4,108,$$,"[['Friday', '11:30AM–10PM'], ['Saturday', '11:30AM–10PM'], ['Sunday', '11:30AM–9PM'], ['Monday', '11:30AM–9PM'], ['Tuesday', '11:30AM–9PM'], ['Wednesday', '11:30AM–9PM'], ['Thursday', '11:30AM–9PM']]"
0x54901507325c5f29:0x86cf674cbbfa48be,Palmi Korean Cuisine & Teriyaki,"Palmi Korean Cuisine & Teriyaki, 3424 Fremont Ave N, Seattle, WA 98103",47.6503666,-122.34963499999999,"['Korean restaurant', 'Asian restaurant', 'Japanese restaurant']",4.1,174,$,"[['Friday', '11AM–8PM'], ['Saturday', '12–8PM'], ['Sunday', 'Closed'], ['Monday', '11AM–8PM'], ['Tuesday', '11AM–8PM'], ['Wednesday', '11AM–8PM'], ['Thursday', '11AM–8PM']]"
0x54908aa72ddbf5fb:0x1bc509ee8d28ad94,Four Corner Teriyaki,"Four Corner Teriyaki, 26927 Maple Valley Black Diamond Rd SE, Maple Valley, WA 98038",47.3596019,-122.021901,"['Restaurant', 'Japanese restaurant']",4.5,244,$,"[['Thursday', '11AM–9PM'], ['Friday', '11AM–9PM'], ['Saturday', '11AM–9PM'], ['Sunday', 'Closed'], ['Monday', '11AM–9PM'], ['Tuesday', '11AM–9PM'], ['Wednesday', '11AM–9PM']]"
0x549aab9bdfd871a3:0x5f46563d64f0ac0c,Botan Ramen n' Bar,"Botan Ramen n' Bar, 2803 Colby Ave, Everett, WA 98201",47.9804136,-122.2082559,['Japanese restaurant'],4.4,198,$$,"[['Thursday', '11AM–8:30PM'], ['Friday', '11AM–9PM'], ['Saturday', '12–9PM'], ['Sunday', '12–8:30PM'], ['Monday', '11AM–8:30PM'], ['Tuesday', '11AM–8:30PM'], ['Wednesday', '11AM–8:30PM']]"
0x549aaa984885bb37:0x222215a44c4f045e,Tokyo Teriyaki,"Tokyo Teriyaki, 2804 Colby Ave, Everett, WA 98201",47.9804202,-122.2088295,['Japanese restaurant'],4.6,178,$,"[['Thursday', '10:30AM–9PM'], ['Friday', '10:30AM–9PM'], ['Saturday', '11AM–7PM'], ['Sunday', 'Closed'], ['Monday', '10:30AM–9PM'], ['Tuesday', '10:30AM–9PM'], ['Wednesday', '10:30AM–9PM']]"
0x5490154e7b9892a9:0x48c22355f19b0e13,Karaage Setsuna,"Karaage Setsuna, 2429 2nd Ave, Seattle, WA 98121",47.6150914,-122.3477611,['Japanese restaurant'],4.6,535,$$,"[['Wednesday', '11:30AM–2PM'], ['Thursday', '11:30AM–2PM'], ['Friday', '11:30AM–2PM'], ['Saturday', '11:30AM–2PM'], ['Sunday', '11:30AM–2PM'], ['Monday', 'Closed'], ['Tuesday', '11:30AM–2PM']]"
0x54910064ba757969:0x58c436ff40b081e0,Meadow Teriyaki,"Meadow Teriyaki, 5320 66th St W, University Place, WA 98467",47.197166599999996,-122.5077721,"['Japanese restaurant', 'Asian restaurant', 'Chinese restaurant']",4.4,128,$,"[['Wednesday', '11AM–7:30PM'], ['Thursday', '11AM–7:30PM'], ['Friday', '11AM–7:30PM'], ['Saturday', '11AM–7:30PM'], ['Sunday', 'Closed'], ['Monday', '11AM–7:30PM'], ['Tuesday', '11AM–7:30PM']]"
0x5490e2b20b007d73:0x69192e88e85ddf4,Takara Teriyaki,"Takara Teriyaki, 17526 Meridian Ave E, Puyallup, WA 98375",47.097381399999996,-122.29755569999999,['Japanese restaurant'],4.5,386,$,"[['Wednesday', '10:30AM–9PM'], ['Thursday', '10:30AM–9PM'], ['Friday', '10:30AM–9PM'], ['Saturday', '10:30AM–9PM'], ['Sunday', 'Closed'], ['Monday', '10:30AM–9PM'], ['Tuesday', '10:30AM–9PM']]"
0x54910374e3c2de4b:0xd7ac3b234bdc8082,Sunny Teriyaki,"Sunny Teriyaki, 17415 Pacific Ave S UNIT D, Spanaway, WA 98387",47.099041799999995,-122.434108,"['Chinese restaurant', 'Japanese restaurant', 'Restaurant']",3.6,184,$$,"[['Wednesday', '11AM–8:45PM'], ['Thursday', '11AM–8:45PM'], ['Friday', '11AM–8:45PM'], ['Saturday', '12–8PM'], ['Sunday', 'Closed'], ['Monday', '11AM–8:45PM'], ['Tuesday', '11AM–8:45PM']]"
0x5491aa8b971a5693:0xe26c031128968c5d,Good Wok & Teriyaki No.2,"Good Wok & Teriyaki No.2, 4324 Bridgeport Way W, University Place, WA 98466",47.217644299999996,-122.5375157,"['Asian restaurant', 'Chinese restaurant', 'Japanese restaurant']",4.3,108,$,"[['Wednesday', '11AM–9PM'], ['Thursday', '11AM–9PM'], ['Friday', '11AM–9PM'], ['Saturday', '11AM–9PM'], ['Sunday', 'Closed'], ['Monday', '11AM–9PM'], ['Tuesday', '11AM–9PM']]"
0x5490fae9fdceca53:0xab41dbc0b58c8f29,Trapper's Sushi Co.,"Trapper's Sushi Co., 20625 WA-410, Bonney Lake, WA 98391",47.167434199999995,-122.15442829999999,"['Sushi restaurant', 'Asian restaurant', 'Bar & grill', 'Japanese restaurant']",4.3,1177,$$,"[['Wednesday', '11AM–9PM'], ['Thursday', '11AM–9PM'], ['Friday', '11AM–9PM'], ['Saturday', '11AM–9PM'], ['Sunday', '11AM–9PM'], ['Monday', '11AM–9PM'], ['Tuesday', '11AM–9PM']]"
0x54906eaaac5fc89f:0xc19dbcdad1040ad3,Katsu Burger,"Katsu Burger, 12700 SE 38th St, Bellevue, WA 98006",47.576749899999996,-122.1703938,"['Hamburger restaurant', 'Japanese restaurant']",4.5,1046,$,"[['Wednesday', '11AM–9PM'], ['Thursday', '11AM–9PM'], ['Friday', '11AM–9PM'], ['Saturday', '11AM–9PM'], ['Sunday', '11AM–9PM'], ['Monday', '11AM–9PM'], ['Tuesday', '11AM–9PM']]"
0x54901128c5323899:0x9d339431586be66d,Kiriba Sushi & Grill,"Kiriba Sushi & Grill, 323 N 145th St, Seattle, WA 98133",47.7339434,-122.3544919,"['Sushi restaurant', 'Asian restaurant', 'Japanese restaurant']",4.6,358,$$,"[['Wednesday', '11:30AM–2:30PM'], ['Thursday', '11:30AM–2:30PM'], ['Friday', '11:30AM–2:30PM'], ['Saturday', '5–9PM'], ['Sunday', 'Closed'], ['Monday', '11:30AM–2:30PM'], ['Tuesday', '11:30AM–2:30PM']]"
0x54905d3511687e8f:0x22573e910f4737b4,Izakaya Kaiten Sushi and Yakitori Bar,"Izakaya Kaiten Sushi and Yakitori Bar, 829 N 10th St, Renton, WA 98057",47.4975753,-122.2034954,"['Japanese restaurant', 'Restaurant']",3.1,333,$$,"[['Wednesday', '10:30AM–9PM'], ['Thursday', '10:30AM–9PM'], ['Friday', '10:30AM–9PM'], ['Saturday', '10:30AM–9PM'], ['Sunday', '10:30AM–9PM'], ['Monday', 'Closed'], ['Tuesday', '4–9PM']]"
0x549005c8263bb29b:0xffafd8441442c88b,Ashiya,"Ashiya, 1233 164th St SW, Lynnwood, WA 98087",47.850147,-122.25061199999999,"['Japanese restaurant', 'Asian restaurant']",4.6,315,$,"[['Wednesday', '11AM–9PM'], ['Thursday', '11AM–9PM'], ['Friday', '11AM–9PM'], ['Saturday', '11AM–9PM'], ['Sunday', 'Closed'], ['Monday', '11AM–9PM'], ['Tuesday', '11AM–9PM']]"
0x5490054028ded6f7:0xb5f68e1df20d1ca,Muto Izakaya,"Muto Izakaya, 19505 44th Ave W K, Lynnwood, WA 98036",47.822282699999995,-122.2913962,"['Japanese restaurant', 'Izakaya restaurant', 'Sushi restaurant']",4.4,488,$$,"[['Wednesday', '11:30AM–2:30PM'], ['Thursday', '11:30AM–2:30PM'], ['Friday', '11:30AM–2:30PM'], ['Saturday', '12–3PM'], ['Sunday', '5–8:30PM'], ['Monday', '11:30AM–2:30PM'], ['Tuesday', 'Closed']]"
0x5485504e9c52a0fb:0x6f7e3caa9e7339f,Tokyo House Restaurant,"Tokyo House Restaurant, 3323 169th Pl NE G, Arlington, WA 98223",48.150335399999996,-122.1850822,['Japanese restaurant'],4.3,328,$$,"[['Wednesday', '12–9PM'], ['Thursday', '12–9PM'], ['Friday', '12–9PM'], ['Saturday', '12–9PM'], ['Sunday', 'Closed'], ['Monday', '12–9PM'], ['Tuesday', '12–9PM']]"
0x54856c334102b8bd:0x919a5255152eba91,Sakura Japanese Steakhouse and Sushi Bar,"Sakura Japanese Steakhouse and Sushi Bar, 1830 S Burlington Blvd, Burlington, WA 98233",48.450908999999996,-122.33425199999999,['Japanese restaurant'],4.3,1118,$$,"[['Wednesday', '11AM–9PM'], ['Thursday', '11AM–9PM'], ['Friday', '11AM–9PM'], ['Saturday', '12–9PM'], ['Sunday', '12–9PM'], ['Monday', '11AM–9PM'], ['Tuesday', '11AM–9PM']]"
0x54856c1622ae59b5:0xd5a85e3209a23e21,Kyoto Kitchen,"Kyoto Kitchen, 2001 E College Way, Mt Vernon, WA 98273",48.435972,-122.3157427,"['Japanese restaurant', 'Restaurant']",4.4,128,$$,"[['Wednesday', '11:30AM–1:30PM'], ['Thursday', '11:30AM–1:30PM'], ['Friday', '11:30AM–1:30PM'], ['Saturday', '11:30AM–1:30PM'], ['Sunday', 'Closed'], ['Monday', '11:30AM–1:30PM'], ['Tuesday', '11:30AM–1:30PM']]"
0x548579e4572d1cd1:0xe18df8eb198d71ab,Teriyaki Time,"Teriyaki Time, 910 11th St, Anacortes, WA 98221",48.513650899999995,-122.611369,['Japanese restaurant'],4.4,337,$$,"[['Wednesday', '11AM–9PM'], ['Thursday', '11AM–9PM'], ['Friday', '11AM–9PM'], ['Saturday', '11AM–9PM'], ['Sunday', 'Closed'], ['Monday', '11AM–9PM'], ['Tuesday', '11AM–9PM']]"
0x54901459ab731413:0x20c3dc986e37e149,45th Stop N Shop & Poke Bar,"45th Stop N Shop & Poke Bar, 2323 N 45th St, Seattle, WA 98103",47.6612578,-122.3303476,"['Hawaiian restaurant', 'Convenience store', 'Japanese regional restaurant', 'Restaurant', 'Sushi restaurant']",4.7,657,$,"[['Wednesday', '11AM–9PM'], ['Thursday', '11AM–9PM'], ['Friday', '11AM–9PM'], ['Saturday', '11AM–9PM'], ['Sunday', 'Closed'], ['Monday', '11AM–9PM'], ['Tuesday', '11AM–9PM']]"
0x54901503d6832c6b:0xa8139222ce95c9cd,I Love Teriyaki,"I Love Teriyaki, 3409 Stone Way N, Seattle, WA 98103",47.648955799999996,-122.3431643,"['Japanese restaurant', 'Restaurant']",4.4,223,$,"[['Wednesday', '10:30AM–8:30PM'], ['Thursday', '10:30AM–8:30PM'], ['Friday', '10:30AM–8:30PM'], ['Saturday', '11AM–7PM'], ['Sunday', 'Closed'], ['Monday', '10:30AM–8:30PM'], ['Tuesday', '10:30AM–8:30PM']]"
0x5490153e809d86e9:0xd6baa2a9957de6d4,Koibito Sushi and Teriyaki,"Koibito Sushi and Teriyaki, 1201 Dexter Ave N, Seattle, WA 98109",47.629838799999995,-122.34258179999999,"['Sushi restaurant', 'Japanese restaurant']",4.2,127,$,"[['Wednesday', '10:30AM–9PM'], ['Thursday', '10:30AM–9PM'], ['Friday', '10:30AM–9PM'], ['Saturday', '10:30AM–9PM'], ['Sunday', 'Closed'], ['Monday', '10:30AM–9PM'], ['Tuesday', '10:30AM–9PM']]"
0x54901500b6aeb49d:0xf02d98e0c99b8bf6,Chiso Sushi & Izakaya,"Chiso Sushi & Izakaya, 3520 Fremont Ave N, Seattle, WA 98103",47.651147699999996,-122.3496873,"['Japanese restaurant', 'Restaurant']",4.3,296,$$,"[['Wednesday', '11:30AM–2PM'], ['Thursday', '11:30AM–2PM'], ['Friday', '11:30AM–2PM'], ['Saturday', '4–10PM'], ['Sunday', '4–9PM'], ['Monday', '11:30AM–2PM'], ['Tuesday', '11:30AM–2PM']]"
0x54906ab655c284a9:0x2cd5bdc16181c0e4,Sushi Kanpai,"Sushi Kanpai, 900 8th Ave, Seattle, WA 98104",47.6074972,-122.3278778,"['Sushi restaurant', 'Asian fusion restaurant', 'Japanese restaurant']",4.4,357,$$,"[['Wednesday', '11AM–2:30PM'], ['Thursday', '11AM–2:30PM'], ['Friday', '11AM–2:30PM'], ['Saturday', '11AM–2:30PM'], ['Sunday', '11AM–2:30PM'], ['Monday', '11AM–2:30PM'], ['Tuesday', '11AM–2:30PM']]"
0x549072be6748bc69:0x75d7e7b6d3ca59c1,Asiana Bistro,"Asiana Bistro, 17875 Redmond Way #150, Redmond, WA 98052",47.667263,-122.10258479999999,"['Asian restaurant', 'Chinese restaurant', 'Japanese restaurant', 'Korean restaurant', 'Restaurant', 'Sushi restaurant']",4.3,198,$,"[['Wednesday', '10:30AM–9PM'], ['Thursday', '10:30AM–9PM'], ['Friday', '10:30AM–9PM'], ['Saturday', '10:30AM–9PM'], ['Sunday', 'Closed'], ['Monday', '10:30AM–9PM'], ['Tuesday', '10:30AM–9PM']]"
0x549e1860d2ab1de3:0xf040d3e0d8cd1754,Nudo Ramen House,"Nudo Ramen House, 818 W Sprague Ave, Spokane, WA 99201",47.657315,-117.42446819999999,"['Japanese restaurant', 'Ramen restaurant']",4.4,918,$$,"[['Tuesday', '11AM–9PM'], ['Wednesday', '11AM–9PM'], ['Thursday', '11AM–9PM'], ['Friday', '11AM–9PM'], ['Saturday', '11AM–9PM'], ['Sunday', '11AM–9PM'], ['Monday', '11AM–9PM']]"
0x5490557427b6da73:0x27fb411e8c0ef081,THEKOI Japanese Cuisine,"THEKOI Japanese Cuisine, 1552 Commerce St #100, Tacoma, WA 98402",47.247324,-122.438334,"['Japanese restaurant', 'Asian restaurant', 'Restaurant', 'Sushi restaurant']",4.5,628,$$,"[['Tuesday', '11AM–9:30PM'], ['Wednesday', '11AM–9:30PM'], ['Thursday', '11AM–9:30PM'], ['Friday', '11AM–10PM'], ['Saturday', '12–10PM'], ['Sunday', '12–9:30PM'], ['Monday', '11AM–9:30PM']]"
0x54905d4ea2f44957:0x5ef3d8c18bf6bf96,Genki Sushi,"Genki Sushi, 365 South Grady Way, Suite B & C Renton Village Shopping Center, Renton, WA 98057",47.470404599999995,-122.21335459999999,"['Conveyor belt sushi restaurant', 'Japanese restaurant', 'Restaurant', 'Sushi restaurant']",4.0,765,$$,"[['Tuesday', '11:30AM–7:30PM'], ['Wednesday', '11:30AM–7:30PM'], ['Thursday', '11:30AM–7:30PM'], ['Friday', '11:30AM–7:30PM'], ['Saturday', '11:30AM–7:30PM'], ['Sunday', '11:30AM–7:30PM'], ['Monday', '11:30AM–7:30PM']]"
0x5490ff4e1399dae9:0x33796b8c3021d930,Sapporo & Sushi Restaurant,"Sapporo & Sushi Restaurant, 4803 Pacific Hwy E, Fife, WA 98424",47.243419499999995,-122.36411059999999,"['Japanese restaurant', 'Restaurant']",4.7,535,$$,"[['Monday', '10:30AM–9PM'], ['Tuesday', '10:30AM–9PM'], ['Wednesday', '10:30AM–9PM'], ['Thursday', '10:30AM–9PM'], ['Friday', '10:30AM–9PM'], ['Saturday', '10:30AM–9PM'], ['Sunday', 'Closed']]"
0x5490fc576f49191f:0x7dc40442c3f1e097,Forever Sushi,"Forever Sushi, 4301 S Meridian Ste F2, Puyallup, WA 98374",47.1504645,-122.291798,"['Sushi restaurant', 'Japanese restaurant']",4.5,587,$$,"[['Monday', '11AM–9PM'], ['Tuesday', 'Closed'], ['Wednesday', '11AM–9PM'], ['Thursday', '11AM–9PM'], ['Friday', '11AM–9PM'], ['Saturday', '11AM–9PM'], ['Sunday', '11AM–9PM']]"
0x5490f78cc931d629:0x7b128134f4f26f7b,Teriyaki 2U,"Teriyaki 2U, 4017 A St SE UNIT 106, Auburn, WA 98002",47.272538,-122.22984149999999,"['Japanese restaurant', 'Asian restaurant', 'Restaurant']",4.5,437,$,"[['Monday', 'Closed'], ['Tuesday', '10AM–9PM'], ['Wednesday', '10AM–9PM'], ['Thursday', '10AM–9PM'], ['Friday', '10AM–9PM'], ['Saturday', '10AM–9PM'], ['Sunday', '11AM–8:30PM']]"
0x549e188a7b0c0441:0xc08c93ae9a556677,Suki Yaki Inn,"Suki Yaki Inn, 119 N Bernard St #0203, Spokane, WA 99201",47.6586314,-117.4162161,['Japanese restaurant'],4.4,418,$$,"[['Monday', '11:30AM–2PM'], ['Tuesday', '11:30AM–2PM'], ['Wednesday', '11:30AM–2PM'], ['Thursday', '11:30AM–2PM'], ['Friday', '11:30AM–2PM'], ['Saturday', '4–9PM'], ['Sunday', '4–9PM']]"
0x54906ab2c4ff164f:0x317f3ef2feb607d9,Urara Japanese Cuisine,"Urara Japanese Cuisine, 82 Stewart St, Seattle, WA 98101",47.6099386,-122.34208989999999,"['Authentic Japanese restaurant', 'Restaurant']",4.3,184,,"[['Monday', '11AM–8PM'], ['Tuesday', '11AM–8PM'], ['Wednesday', '11AM–8PM'], ['Thursday', '11AM–8PM'], ['Friday', '11AM–8PM'], ['Saturday', '11AM–8PM'], ['Sunday', '11AM–8PM']]"
0x54923a1e70c3b693:0xc3b83acf4cf8933b,Samurai Sushi Bar & Grill,"Samurai Sushi Bar & Grill, 327 W Wishkah St, Aberdeen, WA 98520",46.972332099999996,-123.8207406,"['Sushi restaurant', 'Japanese restaurant']",4.6,297,$$,"[['Monday', '11AM–2PM'], ['Tuesday', '11AM–2PM'], ['Wednesday', '11AM–2PM'], ['Thursday', '11AM–2PM'], ['Friday', '11AM–2PM'], ['Saturday', '4–8PM'], ['Sunday', 'Closed']]"
0x54905fa0b22c54ad:0xfd5473a3eaadc152,Teriyaki Wok,"Teriyaki Wok, 16747 SE 272nd St, Covington, WA 98042",47.3569956,-122.1175581,"['Chinese restaurant', 'Asian restaurant', 'Japanese restaurant']",4.3,126,$,"[['Monday', '11AM–8:30PM'], ['Tuesday', '11AM–8:30PM'], ['Wednesday', '11AM–8:30PM'], ['Thursday', '11AM–8:30PM'], ['Friday', '11AM–8:30PM'], ['Saturday', '11AM–8PM'], ['Sunday', '11:30AM–7:30PM']]"
0x5485a3a364eb6a13:0xfa00aa48861c42ec,Hana Teriyaki,"Hana Teriyaki, 701 W Holly St, Bellingham, WA 98225",48.7537794,-122.4856868,['Japanese restaurant'],4.6,488,$,"[['Monday', '10:30AM–8PM'], ['Tuesday', '10:30AM–8PM'], ['Wednesday', '10:30AM–8PM'], ['Thursday', '10:30AM–8PM'], ['Friday', '10:30AM–8PM'], ['Saturday', '10:30AM–8PM'], ['Sunday', 'Closed']]"
0x54900655d18d069f:0x1de72ae5503504b0,Miyako's Teriyaki & Wok,"Miyako's Teriyaki & Wok, 13112 39th Ave SE D, Everett, WA 98208",47.878622,-122.18113539999999,['Japanese restaurant'],4.5,198,$,"[['Monday', '11AM–8:30PM'], ['Tuesday', '11AM–8:30PM'], ['Wednesday', '11AM–8:30PM'], ['Thursday', '11AM–8:30PM'], ['Friday', '11AM–8:30PM'], ['Saturday', '11AM–8:30PM'], ['Sunday', 'Closed']]"
0x549040f976b28b81:0xcfb3b4c355421068,Kizuki Ramen & Izakaya,"Kizuki Ramen & Izakaya, 4203 SW Alaska St, Seattle, WA 98116",47.5609313,-122.38576219999999,"['Ramen restaurant', 'Izakaya restaurant', 'Japanese restaurant']",4.4,698,$$,"[['Monday', '11AM–9:30PM'], ['Tuesday', '11AM–9:30PM'], ['Wednesday', '11AM–9:30PM'], ['Thursday', '11AM–9:30PM'], ['Friday', '11AM–10PM'], ['Saturday', '11AM–10PM'], ['Sunday', '11AM–9:30PM']]"
0x54906da82aab7a11:0xe1a6be4f7be2657b,Gyu-Kaku Japanese BBQ,"Gyu-Kaku Japanese BBQ, 14506 NE 20th St #2, Bellevue, WA 98007",47.6283567,-122.14617539999999,"['Japanese restaurant', 'Bar', 'Barbecue restaurant', 'Restaurant']",4.4,936,$$,"[['Monday', '11:30AM–10:30PM'], ['Tuesday', '11:30AM–10:30PM'], ['Wednesday', '11:30AM–10:30PM'], ['Thursday', '11:30AM–10:30PM'], ['Friday', '11:30AM–10:30PM'], ['Saturday', '11:30AM–10:30PM'], ['Sunday', '11:30AM–10:30PM']]"
0x54900d4cf549bcb3:0xee212f78d6f011c3,Marinepolis Sushi Land,"Marinepolis Sushi Land, 8910 161st Avenue Northeast, Redmond, WA 98052",47.6813234,-122.122992,"['Sushi restaurant', 'Japanese restaurant', 'Restaurant']",3.3,417,$,"[['Sunday', '11AM–9PM'], ['Monday', '11AM–9PM'], ['Tuesday', '11AM–9PM'], ['Wednesday', '11AM–9PM'], ['Thursday', '11AM–9PM'], ['Friday', '11AM–9PM'], ['Saturday', '11AM–9PM']]"
0x549058701986911d:0x59aa5b134ffaf8e7,Sushido,"Sushido, 117 E Main St, Auburn, WA 98002",47.3075668,-122.2280419,"['Japanese restaurant', 'Restaurant']",4.6,588,$$,"[['Sunday', 'Closed'], ['Monday', '11AM–3PM'], ['Tuesday', '11AM–3PM'], ['Wednesday', '11AM–3PM'], ['Thursday', '11AM–3PM'], ['Friday', '11AM–3PM'], ['Saturday', '11AM–3PM']]"
0x5495af938093f52b:0x255b661954570aed,Oishi Sushi,"Oishi Sushi, 8101 NE Parkway Dr # E2, Vancouver, WA 98662",45.6542281,-122.589535,"['Sushi restaurant', 'Asian restaurant', 'Japanese restaurant']",4.3,408,$$,"[['Sunday', 'Closed'], ['Monday', '11AM–9PM'], ['Tuesday', '11AM–9PM'], ['Wednesday', '11AM–9PM'], ['Thursday', '11AM–9PM'], ['Friday', '11AM–9PM'], ['Saturday', '12–9PM']]"
0x549241e30087cab5:0x3976ede120e17053,UMI SUSHI,"UMI SUSHI, 698 Ocean Shores Blvd NW Suit N4, Ocean Shores, WA 98569",47.0067179,-124.1656404,"['Japanese restaurant', 'Japanese regional restaurant']",4.4,328,,"[['Sunday', '11AM–3PM'], ['Monday', '11AM–3PM'], ['Tuesday', '11AM–3PM'], ['Wednesday', '11AM–3PM'], ['Thursday', '11AM–3PM'], ['Friday', '11AM–3PM'], ['Saturday', '11AM–3PM']]"
0x5491b563c1173de7:0x63e8a4a3ed52009c,Teriyaki Wok,"Teriyaki Wok, 23961 WA-3, Belfair, WA 98528",47.454101099999995,-122.8245785,"['Chinese restaurant', 'Asian restaurant', 'Japanese restaurant']",4.1,78,$$,"[['Sunday', 'Closed'], ['Monday', 'Closed'], ['Tuesday', 'Closed'], ['Wednesday', '11AM–7:30PM'], ['Thursday', '11AM–7:30PM'], ['Friday', '11AM–7:30PM'], ['Saturday', '11AM–7:30PM']]"
0x54903779fa62887f:0x804380aa743e5344,Happy Teriyaki & Sushi,"Happy Teriyaki & Sushi, 844 6th St, Bremerton, WA 98337",47.5675977,-122.63256729999999,"['Japanese restaurant', 'Asian restaurant', 'Restaurant']",4.4,644,$$,"[['Sunday', 'Closed'], ['Monday', '10:30AM–8:30PM'], ['Tuesday', '10:30AM–8:30PM'], ['Wednesday', '10:30AM–8:30PM'], ['Thursday', '10:30AM–8:30PM'], ['Friday', '10:30AM–8:30PM'], ['Saturday', '4–8:30PM']]"
0x54916085435e5dd3:0x536c190b47193208,Young's Teriyaki,"Young's Teriyaki, 1010 Algiers Dr NE B, Yelm, WA 98597",46.9365654,-122.59394839999999,['Japanese restaurant'],4.5,376,,"[['Sunday', 'Closed'], ['Monday', '11AM–8PM'], ['Tuesday', '11AM–8PM'], ['Wednesday', '11AM–8PM'], ['Thursday', '11AM–8PM'], ['Friday', '11AM–8PM'], ['Saturday', '11AM–8PM']]"
0x549057b33999e0d3:0x5ed5c6f22956a18,Hana Two Teriyaki & Sushi,"Hana Two Teriyaki & Sushi, 106 SW Campus Dr, Federal Way, WA 98023",47.2926265,-122.336563,"['Japanese restaurant', 'Asian restaurant']",4.1,248,$$,"[['Sunday', '11AM–8:30PM'], ['Monday', '11AM–9PM'], ['Tuesday', '11AM–9PM'], ['Wednesday', '11AM–9PM'], ['Thursday', '11AM–7:30PM'], ['Friday', '11AM–9PM'], ['Saturday', '11AM–9PM']]"
0x54906abcdaad7e1d:0xbacd6a69ab4fa972,Samurai Noodle,"Samurai Noodle, 606 5th Ave S, Seattle, WA 98104",47.5968447,-122.32732379999999,"['Ramen restaurant', 'Asian restaurant', 'Japanese restaurant', 'Restaurant']",4.4,548,$,"[['Sunday', '11AM–8:30PM'], ['Monday', '11AM–8PM'], ['Tuesday', '11AM–8PM'], ['Wednesday', '11AM–8PM'], ['Thursday', '11AM–8PM'], ['Friday', '11AM–8:30PM'], ['Saturday', '11AM–8:30PM']]"
0x549015330131d019:0xc0e3b4087e12beb,Rondo Japanese Kitchen,"Rondo Japanese Kitchen, 224 Broadway E, Seattle, WA 98102",47.6207211,-122.32051469999999,['Japanese restaurant'],4.6,118,,"[['Sunday', '11:30AM–9PM'], ['Monday', '11:30AM–9PM'], ['Tuesday', '11:30AM–9PM'], ['Wednesday', '11:30AM–9PM'], ['Thursday', '11:30AM–9PM'], ['Friday', '11:30AM–9PM'], ['Saturday', '11:30AM–9PM']]"
0x5490072aa9449459:0x43a1b05978039a7c,Kyoto Japanese Steakhouse,"Kyoto Japanese Steakhouse, 1205 SE Everett Mall Way, Everett, WA 98208",47.9138453,-122.2163289,"['Japanese steakhouse', 'Japanese restaurant', 'Restaurant', 'Steak house', 'Teppanyaki restaurant']",4.2,555,$$$,"[['Sunday', '11AM–2PM'], ['Monday', '4:30–9:45PM'], ['Tuesday', '4:30–9:45PM'], ['Wednesday', '4:30–9:45PM'], ['Thursday', '4:30–9:45PM'], ['Friday', '11AM–2PM'], ['Saturday', '11AM–2PM']]"
0x549014d2ab88f34f:0xf66910521c11bcb,Nishino,"Nishino, 3130 E Madison St, Seattle, WA 98112",47.6268666,-122.2918921,"['Sushi restaurant', 'Asian restaurant', 'Fine dining restaurant', 'Japanese restaurant', 'Seafood restaurant', 'Sushi takeaway']",4.6,337,$$$,"[['Saturday', '4:30–8:30PM'], ['Sunday', '4:30–8PM'], ['Monday', 'Closed'], ['Tuesday', 'Closed'], ['Wednesday', '11:30AM–1:30PM'], ['Thursday', '11:30AM–1:30PM'], ['Friday', '11:30AM–1:30PM']]"
0x549113ed74e971a3:0x5355388cd2c9f417,Kinja Japanese Restaurant,"Kinja Japanese Restaurant, 1314 E Yelm Ave, Yelm, WA 98597",46.9344636,-122.59112909999999,"['Japanese restaurant', 'Asian restaurant', 'Sushi restaurant']",4.4,375,$$,"[['Saturday', '12–10PM'], ['Sunday', '12–9PM'], ['Monday', 'Closed'], ['Tuesday', '11:30AM–9PM'], ['Wednesday', '11:30AM–9PM'], ['Thursday', '11:30AM–10PM'], ['Friday', '11:30AM–10PM']]"
0x54906abb9174053f:0x55b99474851a6f61,Fuji Sushi,"Fuji Sushi, 520 South Main St, Seattle, WA 98104",47.600124799999996,-122.32691659999999,"['Japanese restaurant', 'Asian restaurant', 'Restaurant', 'Sushi restaurant']",4.4,418,$$,"[['Saturday', '11AM–9:30PM'], ['Sunday', '11AM–9:30PM'], ['Monday', 'Closed'], ['Tuesday', '11AM–9:30PM'], ['Wednesday', '11AM–9:30PM'], ['Thursday', '11AM–9:30PM'], ['Friday', '11AM–9:30PM']]"
0x54905fa0d6cb84ad:0xa6c5a30382956975,Covington Teriyaki,"Covington Teriyaki, 27116 167th Pl SE #116, Covington, WA 98042",47.3588212,-122.1172601,['Japanese restaurant'],4.5,438,$,"[['Friday', '11AM–9PM'], ['Saturday', '11AM–9PM'], ['Sunday', 'Closed'], ['Monday', '11AM–9PM'], ['Tuesday', '11AM–9PM'], ['Wednesday', '11AM–9PM'], ['Thursday', '11AM–9PM']]"
0x54901540a6ef0ebf:0x16e951d4cedf7190,Marinepolis Sushi Land,"Marinepolis Sushi Land, 803 5th Ave N, Seattle, WA 98109",47.626397999999995,-122.34776,"['Sushi restaurant', 'Japanese restaurant']",3.7,205,$,"[['Friday', '11AM–9PM'], ['Saturday', '11AM–9PM'], ['Sunday', '11AM–9PM'], ['Monday', '11AM–9PM'], ['Tuesday', '11AM–9PM'], ['Wednesday', '11AM–9PM'], ['Thursday', '11AM–9PM']]"
0x549042e4081ae56b:0x286cdc0f99cc5617,Sunny Teriyaki,"Sunny Teriyaki, 13038 Interurban Ave S, Tukwila, WA 98168",47.485703699999995,-122.2725993,['Japanese restaurant'],4.1,298,$,"[['Friday', '10AM–8:30PM'], ['Saturday', '10AM–8PM'], ['Sunday', '11AM–8PM'], ['Monday', '10AM–8:30PM'], ['Tuesday', '10AM–8:30PM'], ['Wednesday', '10AM–8:30PM'], ['Thursday', '10AM–8:30PM']]"
0x549864f4638526b1:0x6a1cb347e605c476,Shogun Teriyaki & Sushi,"Shogun Teriyaki & Sushi, 760 Dalton St, Richland, WA 99354",46.3324224,-119.2814274,"['Japanese restaurant', 'Asian restaurant', 'Korean beef restaurant', 'Sushi restaurant', 'Wok restaurant']",4.3,368,$$,"[['Friday', '10:30AM–8:30PM'], ['Saturday', '10:30AM–8:30PM'], ['Sunday', '10:30AM–7:30PM'], ['Monday', '10:30AM–8:30PM'], ['Tuesday', '10:30AM–8:30PM'], ['Wednesday', '10:30AM–8:30PM'], ['Thursday', '10:30AM–8:30PM']]"
0x549101744d1e1d13:0x6c3e254231b08ee9,Apple Teriyaki,"Apple Teriyaki, 11401 Steele St S, Tacoma, WA 98444",47.152859799999995,-122.46736999999999,"['Japanese restaurant', 'Asian restaurant', 'Sushi restaurant', 'Sushi takeaway']",4.4,208,$,"[['Friday', '10:30AM–8PM'], ['Saturday', '11AM–8PM'], ['Sunday', 'Closed'], ['Monday', '10:30AM–8PM'], ['Tuesday', '10:30AM–8PM'], ['Wednesday', '10:30AM–8PM'], ['Thursday', '10:30AM–8PM']]"
0x54905cce4b7df981:0xc78f158db7ac77a2,Miyabi Sushi,"Miyabi Sushi, 16800 Southcenter Pkwy, Tukwila, WA 98188",47.452756199999996,-122.26068799999999,"['Japanese restaurant', 'Sushi restaurant']",4.5,1058,$$,"[['Friday', '11:15AM–2PM'], ['Saturday', '12–2:30PM'], ['Sunday', '4:30–8:30PM'], ['Monday', '11:15AM–2PM'], ['Tuesday', '11:15AM–2PM'], ['Wednesday', '11:15AM–2PM'], ['Thursday', '11:15AM–2PM']]"
0x5490577bb6d3b36d:0xc2303b3add60e424,Akasaka Restaurant,"Akasaka Restaurant, 31246 Pacific Hwy S, Federal Way, WA 98003",47.321362799999996,-122.3128758,"['Japanese restaurant', 'Asian restaurant', 'Sushi restaurant']",4.2,433,$$,"[['Friday', '12–10PM'], ['Saturday', '12–10PM'], ['Sunday', '12–10PM'], ['Monday', 'Closed'], ['Tuesday', '12–10PM'], ['Wednesday', '12–10PM'], ['Thursday', '12–10PM']]"
0x5490449fa16fe5a7:0x5ed07eab9f60f884,Sushi Maki,"Sushi Maki, 15710 1st Ave S, Burien, WA 98148",47.4623503,-122.3323436,"['Sushi restaurant', 'Asian restaurant', 'Japanese restaurant']",4.5,338,$$,"[['Friday', '11AM–9PM'], ['Saturday', '11AM–9PM'], ['Sunday', 'Closed'], ['Monday', '11AM–9PM'], ['Tuesday', '11AM–9PM'], ['Wednesday', '11AM–9PM'], ['Thursday', '11AM–9PM']]"
0x54900e6a4ad1cd21:0xee64dd551e2da5fc,Sushi Zone,"Sushi Zone, 10024 Main St, Bothell, WA 98011",47.7602003,-122.2064733,['Japanese restaurant'],4.3,854,$,"[['Friday', '11AM–9:30PM'], ['Saturday', '11AM–9:30PM'], ['Sunday', '11AM–9PM'], ['Monday', '11AM–9PM'], ['Tuesday', '11AM–9PM'], ['Wednesday', '11AM–9PM'], ['Thursday', '11AM–9PM']]"
0x54905cd5b0a4feb1:0x48e351bd3f2da2d2,Marinepolis Sushi Land,"Marinepolis Sushi Land, 100 Andover Park W, Tukwila, WA 98188",47.459568499999996,-122.25313609999999,"['Sushi restaurant', 'Asian restaurant', 'Japanese restaurant', 'Restaurant']",3.0,678,$,"[['Friday', '11AM–9PM'], ['Saturday', '11AM–9PM'], ['Sunday', '12:15–1:30PM'], ['Monday', '11AM–9PM'], ['Tuesday', '11AM–9PM'], ['Wednesday', '11AM–9PM'], ['Thursday', '11AM–9PM']]"
0x549006b1f6fede7f:0x37b99dbf63624fb3,Oshima Sushi,"Oshima Sushi, 11108 Evergreen Way, Everett, WA 98204",47.897139599999996,-122.25189569999999,"['Sushi restaurant', 'Japanese restaurant', 'Restaurant']",4.5,778,$$,"[['Friday', '11AM–3PM'], ['Saturday', '11AM–10PM'], ['Sunday', '12–9PM'], ['Monday', '11AM–3PM'], ['Tuesday', '11AM–3PM'], ['Wednesday', '11AM–3PM'], ['Thursday', '11AM–3PM']]"
0x54900f6b14bff73d:0xf09bf4248fcc311f,Sushi Hana,"Sushi Hana, 2020 Maltby Rd #2, Bothell, WA 98021",47.809151799999995,-122.2057705,"['Sushi restaurant', 'Asian restaurant', 'Japanese restaurant']",4.2,598,$,"[['Friday', '12–8PM'], ['Saturday', '12–8PM'], ['Sunday', 'Closed'], ['Monday', 'Closed'], ['Tuesday', '12–8PM'], ['Wednesday', '12–8PM'], ['Thursday', '12–8PM']]"
0x5491011ec6cbd265:0x646c66a59dd62406,Sunny Teriyaki,"Sunny Teriyaki, 10509 Bridgeport Way SW, Lakewood, WA 98499",47.1617737,-122.5049667,['Japanese restaurant'],4.5,404,$,"[['Friday', '11AM–8PM'], ['Saturday', '11AM–8PM'], ['Sunday', 'Closed'], ['Monday', '11AM–8PM'], ['Tuesday', '11AM–8PM'], ['Wednesday', '11AM–8PM'], ['Thursday', '11AM–8PM']]"
0x5490fff697865ea1:0x3d177abfbbd58563,Gari of Sushi,"Gari of Sushi, 1209 S 38th St, Tacoma, WA 98418",47.2233696,-122.4498672,"['Japanese restaurant', 'Sushi restaurant']",4.6,318,$$,"[['Friday', '3–9PM'], ['Saturday', '3–9PM'], ['Sunday', '3–9PM'], ['Monday', '3–9PM'], ['Tuesday', '3–9PM'], ['Wednesday', '3–9PM'], ['Thursday', '3–9PM']]"
0x54900e6002c870b9:0xf2e63195ec61c7ff,"Teriyaki,etc!","Teriyaki,etc!, 11511 NE 195th St Classroom, Bothell, WA 98011",47.7685435,-122.18601869999999,"['Japanese restaurant', 'Asian restaurant', 'Restaurant']",3.9,195,$,"[['Friday', '9AM–8PM'], ['Saturday', 'Closed'], ['Sunday', 'Closed'], ['Monday', '9AM–8PM'], ['Tuesday', '9AM–8PM'], ['Wednesday', '9AM–8PM'], ['Thursday', '9AM–8PM']]"
0x5490677e68b3e92f:0x66ba14ab22e29a19,Miako Teriyaki,"Miako Teriyaki, 17328 140th Ave SE, Renton, WA 98058",47.4460072,-122.1527916,"['Japanese restaurant', 'Restaurant']",4.2,158,$$,"[['Friday', '11AM–9PM'], ['Saturday', '11AM–9PM'], ['Sunday', 'Closed'], ['Monday', '11AM–9PM'], ['Tuesday', '11AM–9PM'], ['Wednesday', '11AM–9PM'], ['Thursday', '11AM–9PM']]"
0x54907c3a4b168d29:0x1c7f0b5a787c3df7,Teriyaki Town,"Teriyaki Town, 434 Main Ave S, North Bend, WA 98045",47.492289,-121.78811429999999,"['Japanese restaurant', 'Asian restaurant']",4.2,78,,"[['Friday', '12–8PM'], ['Saturday', '12–8PM'], ['Sunday', 'Closed'], ['Monday', 'Closed'], ['Tuesday', '12–8PM'], ['Wednesday', '12–8PM'], ['Thursday', '12–8PM']]"
0x54907c39ba96d39b:0xd20ab558f5938973,Trapper's Sushi,"Trapper's Sushi, 320 SW Mt Si Blvd #106, North Bend, WA 98045",47.489135,-121.79154989999999,"['Sushi restaurant', 'Asian restaurant', 'Japanese restaurant']",4.4,625,$$,"[['Friday', '11AM–9PM'], ['Saturday', '11AM–9PM'], ['Sunday', '11AM–9PM'], ['Monday', '11AM–9PM'], ['Tuesday', '11AM–9PM'], ['Wednesday', '11AM–9PM'], ['Thursday', '11AM–9PM']]"
0x549072ae2b80672b:0xa4a46543fe66d8da,Haiku Sushi & Seafood Buffet,"Haiku Sushi & Seafood Buffet, 7530 164th Ave NE STE A108, Redmond, WA 98052",47.6719237,-122.12122819999999,"['Buffet restaurant', 'Japanese restaurant', 'Seafood restaurant', 'Sushi restaurant']",3.9,1278,$$,"[['Friday', 'Closed'], ['Saturday', '11:30AM–2:30PM'], ['Sunday', '11:30AM–2:30PM'], ['Monday', 'Closed'], ['Tuesday', '11:30AM–2:30PM'], ['Wednesday', '11:30AM–2:30PM'], ['Thursday', '11:30AM–2:30PM']]"
0x54906b9a8eaab02d:0xa0ab806a823031bc,Menya Musashi Tsukemen & Ramen,"Menya Musashi Tsukemen & Ramen, 1510 Belmont Ave, Seattle, WA 98122",47.614396799999994,-122.32417389999999,"['Ramen restaurant', 'Japanese restaurant']",4.4,432,,"[['Friday', '11:30AM–11:30PM'], ['Saturday', '11:30AM–11:30PM'], ['Sunday', '11:30AM–9:30PM'], ['Monday', '11:30AM–9:30PM'], ['Tuesday', '11:30AM–9:30PM'], ['Wednesday', '11:30AM–9:30PM'], ['Thursday', '11:30AM–9:30PM']]"
0x54903ac3d67e0743:0x896e9c0e58d8466b,Jo:a Japanese Restaurant,"Jo:a Japanese Restaurant, 10516 Silverdale Way NW Suite 120, Silverdale, WA 98383",47.6587324,-122.68502149999999,"['Japanese restaurant', 'Restaurant']",4.5,728,$$,"[['Friday', '11AM–2PM'], ['Saturday', '11AM–2PM'], ['Sunday', 'Closed'], ['Monday', 'Closed'], ['Tuesday', '11AM–2PM'], ['Wednesday', '11AM–2PM'], ['Thursday', '11AM–2PM']]"
0x5490377307611895:0xb4c11a4fe5408bb3,Tom's Teriyaki & Pho Noodle House,"Tom's Teriyaki & Pho Noodle House, 410 Naval Ave, Bremerton, WA 98337",47.5660982,-122.64609469999999,"['Restaurant', 'Japanese restaurant', 'Pho restaurant']",4.3,168,$,"[['Friday', '11AM–9PM'], ['Saturday', '11AM–8PM'], ['Sunday', 'Closed'], ['Monday', '11AM–9PM'], ['Tuesday', '11AM–9PM'], ['Wednesday', '11AM–9PM'], ['Thursday', '11AM–9PM']]"
0x549aaabf49945b8d:0xf0fc0302dd74dc91,Oishi Teriyaki,"Oishi Teriyaki, 2030 Broadway, Everett, WA 98201",47.9900818,-122.20175139999999,['Japanese restaurant'],4.5,638,$,"[['Thursday', '10:30AM–9PM'], ['Friday', '10:30AM–9PM'], ['Saturday', '10:30AM–9PM'], ['Sunday', 'Closed'], ['Monday', '10:30AM–9PM'], ['Tuesday', '10:30AM–9PM'], ['Wednesday', '10:30AM–9PM']]"
0x549197c26ed90c9f:0x4322497e2d8fea43,Kobe Teriyaki,"Kobe Teriyaki, 118 W Alder St, Shelton, WA 98584",47.216249999999995,-123.10024999999999,"['Japanese restaurant', 'Asian restaurant', 'Sushi restaurant']",4.3,373,$$,"[['Thursday', '11AM–9PM'], ['Friday', '11AM–9PM'], ['Saturday', '11AM–9PM'], ['Sunday', 'Closed'], ['Monday', '11AM–9PM'], ['Tuesday', '11AM–9PM'], ['Wednesday', '11AM–9PM']]"
0x549e186016220493:0x20b67d26b124f25d,Sushi.Com,"Sushi.Com, 430 W Main Ave, Spokane, WA 99201",47.659272699999995,-117.4193073,"['Sushi restaurant', 'Asian restaurant', 'Japanese restaurant', 'Restaurant']",4.6,1427,$$,"[['Thursday', '11AM–9PM'], ['Friday', '11AM–10PM'], ['Saturday', '12–9PM'], ['Sunday', '12–8PM'], ['Monday', '11AM–9PM'], ['Tuesday', '11AM–9PM'], ['Wednesday', '11AM–9PM']]"
0x549e1eaa0f6b3fed:0xaaf8488d67356b55,Noodle Express,"Noodle Express, 7514 N Division St, Spokane, WA 99208",47.7261898,-117.41079889999999,"['Asian fusion restaurant', 'Asian restaurant', 'Chinese restaurant', 'Fast food restaurant', 'Hawaiian restaurant', 'Japanese restaurant', 'Takeout Restaurant', 'Thai restaurant']",4.3,738,$,"[['Thursday', '11AM–9PM'], ['Friday', '11AM–10PM'], ['Saturday', '11AM–10PM'], ['Sunday', '11AM–9PM'], ['Monday', '11AM–9PM'], ['Tuesday', '11AM–9PM'], ['Wednesday', '11AM–9PM']]"
0x54917508e2c71099:0x705fc4a506e030e2,Koibito Sushi Japanese Restaurant,"Koibito Sushi Japanese Restaurant, 1707 Harrison Ave NW, Olympia, WA 98502",47.045728,-122.92293799999999,"['Japanese restaurant', 'Asian restaurant', 'Sushi restaurant']",4.5,593,$$,"[['Thursday', '11:30AM–8:30PM'], ['Friday', '11:30AM–9PM'], ['Saturday', '11:30AM–9PM'], ['Sunday', 'Closed'], ['Monday', '11:30AM–8:30PM'], ['Tuesday', '11:30AM–8:30PM'], ['Wednesday', '11:30AM–8:30PM']]"
0x54910b3652250bf7:0xadce3fdaeb568546,Koibito,"Koibito, 730 Sleater Kinney Rd SE, Lacey, WA 98503",47.0392474,-122.8310947,"['Sushi restaurant', 'Japanese restaurant', 'Restaurant']",4.4,621,$$,"[['Thursday', '11AM–9PM'], ['Friday', '11AM–9PM'], ['Saturday', '11:30AM–9PM'], ['Sunday', '11:30AM–9PM'], ['Monday', '11AM–9PM'], ['Tuesday', '11AM–9PM'], ['Wednesday', '11AM–9PM']]"
0x549173e545a59e07:0x5cecb0be98d50396,Koibito Japanese Restaurant,"Koibito Japanese Restaurant, 7205 Capitol Blvd SE #102, Tumwater, WA 98501",46.982780999999996,-122.9054199,"['Japanese restaurant', 'Sushi restaurant']",4.4,332,$$,"[['Thursday', '11AM–8PM'], ['Friday', '11AM–8PM'], ['Saturday', '12–8PM'], ['Sunday', 'Closed'], ['Monday', '11AM–8PM'], ['Tuesday', '11AM–8PM'], ['Wednesday', '11AM–8PM']]"
0x5490fc5a855af4b3:0xa368b0ab6f34643b,Trapper’s Sushi,"Trapper’s Sushi, 10305 156th St E #105, Puyallup, WA 98373",47.1150471,-122.2909521,"['Sushi restaurant', 'Asian restaurant', 'Bar & grill', 'Japanese restaurant']",4.3,1158,$$,"[['Thursday', '11AM–9PM'], ['Friday', '11AM–9PM'], ['Saturday', '11AM–9PM'], ['Sunday', '11AM–9PM'], ['Monday', '11AM–9PM'], ['Tuesday', '11AM–9PM'], ['Wednesday', '11AM–9PM']]"
0x54901543c3fcc713:0xecc9d9d03c7da8f7,Obasan,"Obasan, 11 Mercer St, Seattle, WA 98109",47.6244367,-122.3561898,"['Japanese restaurant', 'Asian restaurant', 'Bar', 'Restaurant', 'Sushi restaurant']",4.3,218,$$,"[['Wednesday', '11AM–3PM'], ['Thursday', '11AM–3PM'], ['Friday', '11AM–3PM'], ['Saturday', '12–3PM'], ['Sunday', 'Closed'], ['Monday', '11AM–3PM'], ['Tuesday', '11AM–3PM']]"
0x5490117b4d6b61f3:0x21e067a298b34f57,Beyond The Bowl,"Beyond The Bowl, 12518 Lake City Way NE, Seattle, WA 98125",47.7198056,-122.2946917,['Japanese restaurant'],4.6,257,$,"[['Wednesday', '11:30AM–8:30PM'], ['Thursday', '11:30AM–8:30PM'], ['Friday', '11:30AM–8:30PM'], ['Saturday', '11:30AM–8:30PM'], ['Sunday', 'Closed'], ['Monday', '11:30AM–8:30PM'], ['Tuesday', '11:30AM–8:30PM']]"
0x549013fe2dbb4341:0xc78040436dcb249b,Tengu Sushi Japanese Restaurant,"Tengu Sushi Japanese Restaurant, 311 NE 103rd St, Seattle, WA 98125",47.7022306,-122.32515819999999,"['Conveyor belt sushi restaurant', 'Asian restaurant', 'Japanese restaurant', 'Restaurant', 'Sushi restaurant']",4.1,498,$$,"[['Wednesday', '11:30AM–2PM'], ['Thursday', '11:30AM–2PM'], ['Friday', '11:30AM–2PM'], ['Saturday', '12–8PM'], ['Sunday', '12–8PM'], ['Monday', '11:30AM–2PM'], ['Tuesday', '11:30AM–2PM']]"
0x54906acc11ce2721:0xb9282b43d6d7be80,Betsutenjin Ramen,"Betsutenjin Ramen, 954 E Union St #102, Seattle, WA 98122",47.6133901,-122.3196004,"['Ramen restaurant', 'Japanese restaurant']",4.5,638,$$,"[['Wednesday', '11:30AM–2:15PM'], ['Thursday', '11:30AM–2:15PM'], ['Friday', '11:30AM–2:15PM'], ['Saturday', '11:30AM–2:15PM'], ['Sunday', '5:30–10:15PM'], ['Monday', '11:30AM–2:15PM'], ['Tuesday', '11:30AM–2:15PM']]"
0x54901530c2759abb:0x394e605743e992c1,Teinei,"Teinei, 1256 Republican St #5538, Seattle, WA 98109",47.6232974,-122.33150309999999,"['Japanese restaurant', 'Ramen restaurant', 'Restaurant', 'Sushi restaurant']",4.3,438,$$,"[['Wednesday', '11:30AM–2PM'], ['Thursday', '11:30AM–2PM'], ['Friday', '11:30AM–2PM'], ['Saturday', '12–2PM'], ['Sunday', '12–2PM'], ['Monday', 'Closed'], ['Tuesday', '11:30AM–2PM']]"
0x5490419463867719:0xf4a6604c98912f8b,Woks Teriyaki,"Woks Teriyaki, 6316 6th Ave S, Seattle, WA 98108",47.5457513,-122.3258226,['Japanese restaurant'],4.3,93,$,"[['Wednesday', '10AM–7PM'], ['Thursday', '10AM–7PM'], ['Friday', '10AM–7PM'], ['Saturday', '10:30AM–7PM'], ['Sunday', 'Closed'], ['Monday', '10AM–7PM'], ['Tuesday', '10AM–7PM']]"
0x54906996dea27767:0x978fc1f454a2fc38,Toshi's Teriyaki,"Toshi's Teriyaki, 8425 SE 68th St #118, Mercer Island, WA 98040",47.5417225,-122.2250692,"['Japanese restaurant', 'Asian restaurant']",4.5,74,$,"[['Wednesday', '11AM–8:30PM'], ['Thursday', '11AM–8:30PM'], ['Friday', '11AM–8:30PM'], ['Saturday', '11AM–8:30PM'], ['Sunday', 'Closed'], ['Monday', '11AM–8:30PM'], ['Tuesday', '11AM–8:30PM']]"
0x5490113ab0f3089f:0x8b90367a1c14fb07,Sunny Teriyaki #9,"Sunny Teriyaki #9, 13754 Aurora Ave N, Seattle, WA 98133",47.7302013,-122.34456309999999,"['Japanese restaurant', 'Asian restaurant']",4.1,58,$$,"[['Wednesday', '11AM–7PM'], ['Thursday', '11AM–7PM'], ['Friday', '11AM–7PM'], ['Saturday', 'Closed'], ['Sunday', 'Closed'], ['Monday', '11AM–7PM'], ['Tuesday', '11AM–7PM']]"
0x54906acdd543d373:0x1198c6d13571d92a,Katsu Burger & Bar,"Katsu Burger & Bar, 1410 12th Ave, Seattle, WA 98122",47.6134962,-122.31648899999999,"['Hamburger restaurant', 'Japanese restaurant', 'Restaurant']",4.5,1113,$$,"[['Tuesday', '11AM–10PM'], ['Wednesday', '11AM–10PM'], ['Thursday', '11AM–10PM'], ['Friday', '11AM–10PM'], ['Saturday', '11AM–10PM'], ['Sunday', '11AM–9PM'], ['Monday', '11AM–10PM']]"
0x54906eaac60be7ad:0x30c78a9eb2b922c9,Teriyaki Time,"Teriyaki Time, 12813 SE 38th St, Bellevue, WA 98006",47.5757732,-122.1687231,"['Japanese restaurant', 'Restaurant']",4.5,218,$,"[['Tuesday', '11AM–9PM'], ['Wednesday', '11AM–9PM'], ['Thursday', '11AM–9PM'], ['Friday', '11AM–9PM'], ['Saturday', '11:30AM–9PM'], ['Sunday', 'Closed'], ['Monday', '11AM–9PM']]"
0x54906c8c5f96a9a5:0x6902e0c9eb452bae,Rolls and Rolls + Sushi,"Rolls and Rolls + Sushi, 11011 NE 12th St c1, Bellevue, WA 98004",47.620852899999996,-122.1934426,"['Sushi restaurant', 'Asian restaurant', 'Japanese restaurant']",4.6,274,$$,"[['Tuesday', '11AM–2:30PM'], ['Wednesday', '11AM–2:30PM'], ['Thursday', '11AM–2:30PM'], ['Friday', '11AM–2:30PM'], ['Saturday', '11AM–2:30PM'], ['Sunday', 'Closed'], ['Monday', '11AM–2:30PM']]"
0x54946ceb66899187:0x5a612b7d9db4ff20,Sushi Sakura Restaurant,"Sushi Sakura Restaurant, 1310 Ocean Beach Hwy, Longview, WA 98632",46.146853799999995,-122.932206,['Authentic Japanese restaurant'],4.6,478,$$,"[['Tuesday', '11AM–8:30PM'], ['Wednesday', '11AM–8:30PM'], ['Thursday', '11AM–8:30PM'], ['Friday', '11AM–8:30PM'], ['Saturday', '11AM–8:30PM'], ['Sunday', '11AM–8:30PM'], ['Monday', '11AM–8:30PM']]"
0x54906abb8f11278b:0x67652e9acd844703,Maneki Restaurant,"Maneki Restaurant, 304 6th Ave S, Seattle, WA 98104",47.599659599999995,-122.32616879999999,"['Japanese restaurant', 'Restaurant']",4.6,773,$$,"[['Tuesday', '4:30–8PM'], ['Wednesday', '4:30–8PM'], ['Thursday', '4:30–8PM'], ['Friday', '4:30–8PM'], ['Saturday', '4:30–8PM'], ['Sunday', '4:30–8PM'], ['Monday', 'Closed']]"
0x5490154da5e74c5d:0xbc33003943f9cd71,Ohana Belltown,"Ohana Belltown, 2207 1st Ave, Seattle, WA 98121",47.612657,-122.3458914,"['Sushi restaurant', 'Asian restaurant', 'Bar', 'Hawaiian restaurant', 'Japanese restaurant', 'Restaurant']",4.3,983,$$,"[['Tuesday', '3–11PM'], ['Wednesday', '3–11PM'], ['Thursday', '3–11PM'], ['Friday', '11:30AM–11PM'], ['Saturday', '11:30AM–11PM'], ['Sunday', '11:30AM–11PM'], ['Monday', '3–11PM']]"
0x549015a9e20c8be1:0x26e96ebe4be9e52e,Nuna Ramen,"Nuna Ramen, 501 N 36th St, Seattle, WA 98103",47.6515139,-122.3523292,"['Ramen restaurant', 'Asian restaurant', 'Japanese restaurant']",4.3,528,$,"[['Tuesday', '11AM–3PM'], ['Wednesday', '11AM–3PM'], ['Thursday', '11AM–3PM'], ['Friday', '11AM–3PM'], ['Saturday', '11AM–9PM'], ['Sunday', '11AM–9PM'], ['Monday', '11AM–3PM']]"
0x54906c5fe09a87c5:0x9a35082ba68fbda3,Uwajimaya Bellevue,"Uwajimaya Bellevue, 699 120th Ave NE, Bellevue, WA 98005",47.6158071,-122.18211509999999,"['Asian grocery store', 'Grocery store', 'Japanese grocery store', 'Seafood market', 'Supermarket']",4.5,3019,$$,"[['Tuesday', '8AM–8PM'], ['Wednesday', '9AM–8PM'], ['Thursday', '9AM–8PM'], ['Friday', '9AM–8PM'], ['Saturday', '9AM–8PM'], ['Sunday', '9AM–8PM'], ['Monday', '9AM–8PM']]"
0x54906c888ae9e00d:0x39a4ef1f13072b7d,Coco Izakaya 2.0,"Coco Izakaya 2.0, 550 106th Ave NE, Bellevue, WA 98004",47.6151042,-122.1985855,"['Asian restaurant', 'Bar', 'Japanese restaurant', 'Korean restaurant']",4.1,747,$$,"[['Tuesday', '11AM–9PM'], ['Wednesday', '11AM–9PM'], ['Thursday', '11AM–9PM'], ['Friday', '11AM–9PM'], ['Saturday', '11AM–9PM'], ['Sunday', '11AM–9PM'], ['Monday', '11AM–9PM']]"
0x54906c8e7ae906bf:0x5a674273385267eb,FLO Japanese Restaurant & Sake Bar,"FLO Japanese Restaurant & Sake Bar, 1150 106th Ave NE, Bellevue, WA 98004",47.6207786,-122.1989084,"['Japanese restaurant', 'Bar', 'Japanese regional restaurant', 'Sushi restaurant']",4.5,437,$$$,"[['Tuesday', '4:30–8PM'], ['Wednesday', '4:30–8PM'], ['Thursday', '4:30–8PM'], ['Friday', '4:30–8PM'], ['Saturday', '4:30–8PM'], ['Sunday', 'Closed'], ['Monday', 'Closed']]"
0x54906d0060c281d7:0x320792743acb92ee,Sushi Mojo,"Sushi Mojo, 1915 140th Ave NE suite d-1b, Bellevue, WA 98005",47.6270445,-122.154322,"['Japanese restaurant', 'Asian restaurant', 'Fast food restaurant', 'Restaurant', 'Sushi restaurant']",3.4,7,$$,"[['Tuesday', '11AM–9PM'], ['Wednesday', '11AM–9PM'], ['Thursday', '11AM–9PM'], ['Friday', '11AM–9PM'], ['Saturday', '11AM–9PM'], ['Sunday', 'Closed'], ['Monday', '11AM–9PM']]"
0x54900adc1242dea3:0x4b82144e263c12fb,Best Teriyaki & Sushi,"Best Teriyaki & Sushi, 15420 Main St NE # A, Duvall, WA 98019",47.7399608,-121.98572399999999,['Japanese restaurant'],4.6,213,$$,"[['Tuesday', '11AM–9PM'], ['Wednesday', '11AM–9PM'], ['Thursday', '11AM–9PM'], ['Friday', '11AM–9PM'], ['Saturday', '11AM–9PM'], ['Sunday', 'Closed'], ['Monday', '11AM–9PM']]"
0x549072ba259f98c3:0x18223f566c6b01d3,Yummy Teriyaki,"Yummy Teriyaki, 17218 Redmond Way, Redmond, WA 98052",47.6726011,-122.1099868,"['Restaurant', 'Asian restaurant', 'Japanese restaurant']",4.5,415,$,"[['Tuesday', '10:30AM–8:30PM'], ['Wednesday', '10:30AM–8:30PM'], ['Thursday', '10:30AM–8:30PM'], ['Friday', '10:30AM–8:30PM'], ['Saturday', '10:30AM–8:30PM'], ['Sunday', 'Closed'], ['Monday', '10:30AM–8:30PM']]"
0x54906ab2dda52f15:0xee0f05a876eec32e,Sushi Kashiba,"Sushi Kashiba, 86 Pine St Suite #1, Seattle, WA 98101",47.6099251,-122.3415442,"['Sushi restaurant', 'Asian restaurant', 'Japanese restaurant']",4.7,1182,$$$$,"[['Tuesday', 'Closed'], ['Wednesday', '5–9PM'], ['Thursday', '5–9PM'], ['Friday', '5–9:30PM'], ['Saturday', '5–9:30PM'], ['Sunday', '5–9PM'], ['Monday', 'Closed']]"
0x54905ccf6387679d:0x1227c387bfbed1a4,Arashi Ramen,"Arashi Ramen, 17045 Southcenter Pkwy, Tukwila, WA 98188",47.4504708,-122.2632769,"['Ramen restaurant', 'Japanese restaurant']",4.5,968,$$,"[['Tuesday', '11:30AM–9:30PM'], ['Wednesday', '11:30AM–9:30PM'], ['Thursday', '11:30AM–9:30PM'], ['Friday', '11:30AM–9:30PM'], ['Saturday', '11:30AM–9:30PM'], ['Sunday', '11:30AM–9:30PM'], ['Monday', 'Closed']]"
0x5495a4ce0e16bfbd:0xce38de1b82f13767,Makoto Japanese Buffet,"Makoto Japanese Buffet, 1119 SE 163rd Pl, Vancouver, WA 98683",45.6131653,-122.5048906,"['Japanese restaurant', 'Buffet restaurant', 'Caterer', 'Family restaurant', 'Authentic Japanese restaurant', 'Takeout Restaurant', 'Restaurant', 'Sushi restaurant', 'Sushi takeaway']",4.1,2292,$$,"[['Tuesday', '11AM–9:30PM'], ['Wednesday', '11AM–9:30PM'], ['Thursday', '11AM–9:30PM'], ['Friday', '11AM–9:30PM'], ['Saturday', '11:30AM–9:30PM'], ['Sunday', '11:30AM–9:30PM'], ['Monday', '11AM–9:30PM']]"
0x54906b8a45396fbd:0x4d33dd77e65e770,BB's Teriyaki Grill,"BB's Teriyaki Grill, 1111 3rd Ave, Seattle, WA 98101",47.6062576,-122.3352628,['Japanese restaurant'],4.6,38,,"[['Tuesday', '10:30AM–5:30PM'], ['Wednesday', '10:30AM–5:30PM'], ['Thursday', '10:30AM–5:30PM'], ['Friday', '10:30AM–5:30PM'], ['Saturday', 'Closed'], ['Sunday', 'Closed'], ['Monday', '10:30AM–5:30PM']]"
0x54910befa280d61d:0x5701eebda4cf82d9,Kobo Teriyaki Restaurant,"Kobo Teriyaki Restaurant, 9323 Martin Way E #110, Olympia, WA 98516",47.0603501,-122.74173669999999,"['Japanese restaurant', 'Asian restaurant']",3.9,78,$$,"[['Tuesday', '11AM–8:30PM'], ['Wednesday', '11AM–8:30PM'], ['Thursday', '11AM–8:30PM'], ['Friday', '11AM–8:30PM'], ['Saturday', '11AM–8:30PM'], ['Sunday', 'Closed'], ['Monday', '11AM–8:30PM']]"
0x5490557a3d9d0655:0x723ba40a8ea53418,Happy Teriyaki #4,"Happy Teriyaki #4, 2223 Pacific Ave, Tacoma, WA 98402",47.241222,-122.43559359999999,"['Sushi restaurant', 'Asian restaurant', 'Japanese restaurant']",4.4,436,$,"[['Tuesday', '10AM–9PM'], ['Wednesday', '10AM–9PM'], ['Thursday', '10AM–9PM'], ['Friday', '10AM–9PM'], ['Saturday', '11AM–9PM'], ['Sunday', 'Closed'], ['Monday', '10AM–9PM']]"
0x5491003a94c77413:0xb66539394708799,Little Tokyo Teriyaki Restaurant,"Little Tokyo Teriyaki Restaurant, 1905 S 72nd St, Tacoma, WA 98408",47.1927757,-122.45957449999999,['Japanese restaurant'],4.2,451,$,"[['Tuesday', '11AM–9:30PM'], ['Wednesday', '11AM–9:30PM'], ['Thursday', '11AM–9:30PM'], ['Friday', '11AM–9:30PM'], ['Saturday', '11AM–9:30PM'], ['Sunday', '11AM–9:30PM'], ['Monday', '11AM–9:30PM']]"
0x5490feb3064d9e91:0x29c5b9b8618da430,Happy Teriyaki 11 on River Road,"Happy Teriyaki 11 on River Road, 717 River Rd, Puyallup, WA 98371",47.201944399999995,-122.3027778,['Japanese restaurant'],4.6,645,$,"[['Tuesday', '10:30AM–9PM'], ['Wednesday', '10:30AM–9PM'], ['Thursday', '10:30AM–9PM'], ['Friday', '10:30AM–9PM'], ['Saturday', '10:30AM–9PM'], ['Sunday', 'Closed'], ['Monday', '10:30AM–9PM']]"
0x54855c7c15eca3df:0x991c3e1f76400e93,Miyako's Teriyaki & Wok,"Miyako's Teriyaki & Wok, 7200 267th St NW #101, Stanwood, WA 98292",48.238515799999995,-122.33092769999999,['Japanese restaurant'],4.2,172,$$,"[['Tuesday', '11AM–7:30PM'], ['Wednesday', '11AM–7:30PM'], ['Thursday', '11AM–7:30PM'], ['Friday', '11AM–7:30PM'], ['Saturday', '11AM–7:30PM'], ['Sunday', 'Closed'], ['Monday', '11AM–7:30PM']]"
0x54911ca4fdec40cd:0x1c50469f607efbb3,Kinza Teriyaki,"Kinza Teriyaki, 22219 Mountain Hwy E, Spanaway, WA 98387",47.055842399999996,-122.3990628,['Japanese restaurant'],3.7,148,,"[['Tuesday', '11:30AM–7PM'], ['Wednesday', '11:30AM–7PM'], ['Thursday', '11:30AM–7PM'], ['Friday', '11:30AM–7PM'], ['Saturday', '11:30AM–6PM'], ['Sunday', 'Closed'], ['Monday', '11:30AM–7PM']]"
0x549023c40b299365:0xbf7596861e4de93d,Wok Teriyaki,"Wok Teriyaki, 21555 Olhava Way NW #102, Poulsbo, WA 98370",47.7588805,-122.6587388,['Japanese restaurant'],4.5,188,$,"[['Tuesday', '11AM–8PM'], ['Wednesday', '11AM–8PM'], ['Thursday', '11AM–8PM'], ['Friday', '11AM–8PM'], ['Saturday', '12–7PM'], ['Sunday', 'Closed'], ['Monday', '11AM–8PM']]"
0x5490553265a2830b:0xf7fc9b99d9eb5af,Hana Teriyaki,"Hana Teriyaki, 4505 S 19th St, Tacoma, WA 98405",47.2436158,-122.49758849999999,"['Vietnamese restaurant', 'Japanese restaurant']",4.0,76,,"[['Tuesday', '11AM–9PM'], ['Wednesday', '11AM–9PM'], ['Thursday', '11AM–9PM'], ['Friday', '11AM–9PM'], ['Saturday', '11AM–9PM'], ['Sunday', '12–7PM'], ['Monday', '11AM–9PM']]"
0x5490fffe235187cf:0x3378a5d5e7aab401,Sushi Express,"Sushi Express, 4502 S Steele St, Tacoma, WA 98409",47.2157888,-122.47119409999999,"['Japanese restaurant', 'Sushi restaurant']",3.4,244,$$,"[['Tuesday', '11AM–9PM'], ['Wednesday', '11AM–9PM'], ['Thursday', '11AM–9PM'], ['Friday', '11AM–9PM'], ['Saturday', '11AM–9PM'], ['Sunday', '11AM–8PM'], ['Monday', '11AM–9PM']]"
0x54987070c6fb69db:0xb6f5cf46c168231f,Fujiyama Japanese Steak House & Bar,"Fujiyama Japanese Steak House & Bar, 2522 Queensgate Dr, Richland, WA 99352",46.2583394,-119.30613729999999,"['Japanese steakhouse', 'Bar', 'Restaurant']",4.3,885,$$$,"[['Monday', '3:30–10PM'], ['Tuesday', '3:30–10PM'], ['Wednesday', '3:30–10PM'], ['Thursday', '3:30–10PM'], ['Friday', '11AM–11PM'], ['Saturday', '11AM–11PM'], ['Sunday', '12–9:30PM']]"
0x549870a6e0325f07:0xbbf6782952460731,Sakura Restaurant,"Sakura Restaurant, 130 Keene Rd, Richland, WA 99352",46.229103699999996,-119.2677118,['Japanese restaurant'],4.1,358,$$,"[['Monday', '11AM–9PM'], ['Tuesday', '11AM–9PM'], ['Wednesday', '11AM–9PM'], ['Thursday', '11AM–9PM'], ['Friday', '11AM–10PM'], ['Saturday', '11AM–10PM'], ['Sunday', '11AM–9PM']]"
0x54906ab2f64d7cbd:0xce365a8d26500b5e,Umai sushi &teriyaki,"98101 Washington, Seattle, Pike St, Umai sushi &teriyaki",47.6085413,-122.3402232,['Japanese restaurant'],4.1,193,,"[['Monday', '9:30AM–4PM'], ['Tuesday', 'Closed'], ['Wednesday', '9:30AM–4PM'], ['Thursday', '9:30AM–4PM'], ['Friday', '9:30AM–4PM'], ['Saturday', '9:30AM–5PM'], ['Sunday', '9:30AM–4PM']]"
0x549113b8641d7f49:0x9e5b05e75ffa381f,Ichiban Teriyaki Yelm,"Ichiban Teriyaki Yelm, 506 W Yelm Ave, Yelm, WA 98597",46.945291399999995,-122.6119375,['Japanese restaurant'],4.5,208,$,"[['Monday', '11AM–7PM'], ['Tuesday', '11AM–7PM'], ['Wednesday', '11AM–7PM'], ['Thursday', '11AM–7PM'], ['Friday', '11AM–7PM'], ['Saturday', '2–7PM'], ['Sunday', 'Closed']]"
0x54901459bbfe0a1b:0xa6dfbf5efc2d1e87,Kokkaku,"Kokkaku, 6904, 2208 N 45th St, Seattle, WA 98103",47.6615779,-122.3320725,"['Japanese restaurant', 'Japanese steakhouse', 'Restaurant', 'Steak house', 'Pacific Northwest restaurant (US)']",4.5,177,$$$,"[['Monday', 'Closed'], ['Tuesday', 'Closed'], ['Wednesday', '4–8:30PM'], ['Thursday', '4–8:30PM'], ['Friday', '4–8:30PM'], ['Saturday', '4–8:30PM'], ['Sunday', '4–8:30PM']]"
0x5490151337ed2679:0x744945a8fa1cd817,Sushi Samurai,"Sushi Samurai, 1817 Queen Anne Ave N, Seattle, WA 98109",47.6352778,-122.3571305,"['Sushi restaurant', 'Japanese restaurant', 'Restaurant']",4.3,225,$$,"[['Monday', '2–9PM'], ['Tuesday', '2–9PM'], ['Wednesday', '2–9PM'], ['Thursday', '2–9PM'], ['Friday', '2–9PM'], ['Saturday', '2–9PM'], ['Sunday', '2–9PM']]"
0x54901459b8b4cd79:0x69f99957d8532a0,Miyabi 45th,"Miyabi 45th, 2208 N 45th St, Seattle, WA 98103",47.6615779,-122.3320725,"['Noodle shop', 'Asian restaurant', 'Japanese restaurant', 'Seafood restaurant', 'Sushi restaurant']",4.2,47,$$,"[['Monday', '5–10PM'], ['Tuesday', '5–10PM'], ['Wednesday', '5–10PM'], ['Thursday', '5–10PM'], ['Friday', '5–11PM'], ['Saturday', '5–11PM'], ['Sunday', 'Closed']]"
0x549016cb1b0a83a1:0x3858515f9e234188,Ichi roll Wok & Teriyaki,"Ichi roll Wok & Teriyaki, 306 N 125th St, Seattle, WA 98133",47.719929099999995,-122.35494969999999,['Japanese restaurant'],4.7,188,$,"[['Monday', '11AM–9PM'], ['Tuesday', '11AM–9PM'], ['Wednesday', '11AM–9PM'], ['Thursday', '11AM–9PM'], ['Friday', '11AM–9PM'], ['Saturday', '11AM–8PM'], ['Sunday', 'Closed']]"
0x549014434d688ec3:0xac6d632e12890c5d,Kisaku Sushi,"Kisaku Sushi, 2101 N 55th St Suite 100, Seattle, WA 98103",47.668592499999995,-122.3331082,['Japanese restaurant'],4.4,464,$$,"[['Monday', '11:30AM–2PM'], ['Tuesday', '11:30AM–2PM'], ['Wednesday', '11:30AM–2PM'], ['Thursday', '11:30AM–2PM'], ['Friday', '11:30AM–2PM'], ['Saturday', '11:30AM–2PM'], ['Sunday', '5–8PM']]"
0x54987af39fb4ea5b:0xf132d35867bdf1c8,Bento Teriyaki,"Bento Teriyaki, 61 Columbia Point Dr, Richland, WA 99352",46.261738,-119.26536899999999,"['Japanese restaurant', 'Asian restaurant', 'Restaurant', 'Sushi restaurant']",4.4,238,$$,"[['Monday', '11AM–7:30PM'], ['Tuesday', '11AM–7:30PM'], ['Wednesday', '11AM–7:30PM'], ['Thursday', '11AM–7:30PM'], ['Friday', '11AM–7:30PM'], ['Saturday', '11AM–7:30PM'], ['Sunday', 'Closed']]"
0x54906c879ae5007d:0xda4dd2ab12ba290a,Sushi Maru,"Sushi Maru, 205 105th Ave NE, Bellevue, WA 98004",47.612367299999995,-122.2005128,['Japanese restaurant'],4.0,438,$$,"[['Monday', '11AM–2:30PM'], ['Tuesday', '11AM–2:30PM'], ['Wednesday', '11AM–2:30PM'], ['Thursday', '11AM–2:30PM'], ['Friday', '11AM–10PM'], ['Saturday', '11AM–10PM'], ['Sunday', '12–9PM']]"
0x54904196ae01a21f:0xa40d7224a27c67f1,Katsu Burger,"Katsu Burger, 6538 4th Ave S, Seattle, WA 98108",47.544086899999996,-122.32914,"['Hamburger restaurant', 'Japanese restaurant']",4.6,1516,$$,"[['Sunday', '11AM–9PM'], ['Monday', '11AM–9PM'], ['Tuesday', '11AM–9PM'], ['Wednesday', '11AM–9PM'], ['Thursday', '11AM–9PM'], ['Friday', '11AM–9PM'], ['Saturday', '11AM–9PM']]"
0x5490050c19774793:0x4295816aa8b585c9,Katsu Burger,"Katsu Burger, 3333 184th St SW, Lynnwood, WA 98037",47.8328948,-122.2797214,"['Hamburger restaurant', 'Japanese restaurant', 'Restaurant']",4.5,1098,$$,"[['Sunday', '11AM–9PM'], ['Monday', '11AM–9PM'], ['Tuesday', '11AM–9PM'], ['Wednesday', '11AM–9PM'], ['Thursday', '11AM–9PM'], ['Friday', '11AM–9PM'], ['Saturday', '11AM–9PM']]"
0x549041eb70bc11c1:0x57b2005c5ee1ae9c,Maruta Shoten,"Maruta Shoten, 1024 S Bailey St, Seattle, WA 98108",47.5479878,-122.3188684,"['Japanese grocery store', 'Grocery store', 'Supermarket']",4.6,607,,"[['Sunday', 'Closed'], ['Monday', '10AM–5:30PM'], ['Tuesday', '10AM–5:30PM'], ['Wednesday', '10AM–5:30PM'], ['Thursday', '10AM–5:30PM'], ['Friday', '10AM–5:30PM'], ['Saturday', '10AM–5:30PM']]"
0x54901098afa16807:0x3031e5af0eca3d17,Best Teriyaki & Sushi,"Best Teriyaki & Sushi, 1437 NW Richmond Beach Rd A, Shoreline, WA 98177",47.769577399999996,-122.3769583,"['Japanese restaurant', 'Asian restaurant']",4.3,105,$,"[['Sunday', 'Closed'], ['Monday', '11AM–9PM'], ['Tuesday', '11AM–9PM'], ['Wednesday', '11AM–9PM'], ['Thursday', '11AM–9PM'], ['Friday', '11AM–9PM'], ['Saturday', '11AM–9PM']]"
0x5495bb48f022b40f:0x6327a2fe774128b9,Mio Sushi,"Mio Sushi, 1735 SE 192nd Ave #104, Camas, WA 98607",45.609531399999995,-122.47552479999999,"['Sushi restaurant', 'Japanese restaurant', 'Restaurant']",4.4,432,$$,"[['Saturday', '12AM–3PM'], ['Sunday', 'Closed'], ['Monday', '11AM–2:30PM'], ['Tuesday', '11AM–2:30PM'], ['Wednesday', '11AM–2:30PM'], ['Thursday', '11AM–2:30PM'], ['Friday', '11AM–2:30PM']]"
0x5490068c97a71049:0xf6d7604fa81603b1,Sushi Zen,"Sushi Zen, 13206 Bothell Everett Hwy, Bothell, WA 98012",47.877620799999995,-122.2120539,"['Sushi restaurant', 'Asian restaurant', 'Japanese restaurant', 'Restaurant', 'Seafood restaurant']",4.7,528,$$,"[['Saturday', '12–9PM'], ['Sunday', '5–9PM'], ['Monday', '11:30AM–2PM'], ['Tuesday', '11:30AM–2PM'], ['Wednesday', '11:30AM–2PM'], ['Thursday', '11:30AM–2PM'], ['Friday', '11:30AM–2PM']]"
0x54900590f4bfecbf:0x70582c90070a58de,MoMo sushi,"MoMo sushi, 15603 Main St #102, Mill Creek, WA 98012",47.856449999999995,-122.2206111,"['Sushi restaurant', 'Japanese restaurant']",4.6,258,,"[['Saturday', '11:30AM–3PM'], ['Sunday', '11:30AM–3PM'], ['Monday', '11:30AM–2:30PM'], ['Tuesday', '11:30AM–2:30PM'], ['Wednesday', '11:30AM–2:30PM'], ['Thursday', '11:30AM–2:30PM'], ['Friday', '11:30AM–2:30PM']]"
0x549041eb31ada4cf:0x4dd9351c2b0914e5,Daimonji Sushi & Grill,"Daimonji Sushi & Grill, 5963 Corson Ave S #194, Seattle, WA 98108",47.5476331,-122.3225818,"['Sushi restaurant', 'Japanese restaurant']",4.5,218,$$,"[['Saturday', '5–8:30PM'], ['Sunday', 'Closed'], ['Monday', '11AM–2PM'], ['Tuesday', '11AM–2PM'], ['Wednesday', '11AM–2PM'], ['Thursday', '11AM–2PM'], ['Friday', '11AM–2PM']]"
0x549003fa88460135:0x1abdfc9340f6c751,Sakuma Japanese Restaurant,"Sakuma Japanese Restaurant, 10924 Mukilteo Speedway, Mukilteo, WA 98275",47.898609099999994,-122.29194319999999,['Japanese restaurant'],4.6,188,$$,"[['Saturday', '5–9PM'], ['Sunday', 'Closed'], ['Monday', '11AM–2PM'], ['Tuesday', '11AM–2PM'], ['Wednesday', '11AM–2PM'], ['Thursday', '11AM–2PM'], ['Friday', '11AM–2PM']]"
0x54900d87b36da23d:0x3553bd3a693d4985,Izumi,"Izumi, 12539 116th Ave NE, Kirkland, WA 98034",47.7125418,-122.18789749999999,"['Sushi restaurant', 'Japanese restaurant', 'Restaurant']",4.6,707,$$$,"[['Saturday', '5–8:30PM'], ['Sunday', 'Closed'], ['Monday', 'Closed'], ['Tuesday', '11:30AM–1:30PM'], ['Wednesday', '11:30AM–1:30PM'], ['Thursday', '11:30AM–1:30PM'], ['Friday', '11:30AM–1:30PM']]"
0x549012667551704b:0x4dd6c8c843bae09f,Shibu Ramen Kirkland,"Shibu Ramen Kirkland, 9733 NE 117th Ln, Kirkland, WA 98034",47.7054864,-122.2112684,"['Japanese restaurant', 'Restaurant']",4.3,216,$$,"[['Saturday', '11AM–8:30PM'], ['Sunday', '11AM–8:30PM'], ['Monday', '11AM–8:30PM'], ['Tuesday', 'Closed'], ['Wednesday', '11AM–8:30PM'], ['Thursday', '11AM–8:30PM'], ['Friday', '11AM–8:30PM']]"
0x549005dec793618b:0x381e5007026ae108,Wasabi Bay,"Wasabi Bay, 16300 Mill Creek Blvd, Mill Creek, WA 98012",47.850775899999995,-122.22159549999999,"['Asian restaurant', 'Japanese restaurant', 'Restaurant', 'Sushi restaurant']",4.4,295,$$,"[['Saturday', '12–9PM'], ['Sunday', '12–8PM'], ['Monday', '3:30–9PM'], ['Tuesday', '3:30–9PM'], ['Wednesday', '3:30–9PM'], ['Thursday', '3:30–9PM'], ['Friday', '3:30–9PM']]"
0x54911da1e48a46d3:0x912bbf4b17413fb1,Sun's Teriyaki,"Sun's Teriyaki, 9915 224th St E, Graham, WA 98338",47.0546033,-122.2987067,['Japanese restaurant'],4.3,224,$,"[['Saturday', '10:30AM–9PM'], ['Sunday', '10:30AM–9PM'], ['Monday', '10:30AM–9PM'], ['Tuesday', '10:30AM–9PM'], ['Wednesday', '10:30AM–9PM'], ['Thursday', '10:30AM–9PM'], ['Friday', '10:30AM–9PM']]"
0x5491751c7e1762d5:0xdb23cc03db7841bf,Kizuki Ramen & Izakaya,"Kizuki Ramen & Izakaya, 120 5th Ave SW, Olympia, WA 98501",47.044118999999995,-122.90264649999999,"['Ramen restaurant', 'Izakaya restaurant', 'Japanese restaurant']",4.3,998,$$,"[['Saturday', '11AM–2PM'], ['Sunday', '11AM–2PM'], ['Monday', '4:30–8PM'], ['Tuesday', '11AM–2PM'], ['Wednesday', '11AM–2PM'], ['Thursday', '11AM–2PM'], ['Friday', '11AM–2PM']]"
0x54910b9613cd454b:0x6629d4864ebc39b,Trapper's Sushi,"Trapper's Sushi, 1360 Galaxy Dr NE, Lacey, WA 98516",47.059367099999996,-122.76787809999999,"['Sushi restaurant', 'Asian restaurant', 'Bar & grill', 'Japanese restaurant', 'Restaurant']",4.4,1325,$$,"[['Saturday', '11AM–9PM'], ['Sunday', '11AM–9PM'], ['Monday', '11AM–9PM'], ['Tuesday', '11AM–9PM'], ['Wednesday', '11AM–9PM'], ['Thursday', '11AM–9PM'], ['Friday', '11AM–9PM']]"
0x54910b461d018e39:0x792ae4ae12021dc7,Happy Teriyaki #3,"Happy Teriyaki #3, 1107 College St SE # A, Lacey, WA 98503",47.038036299999995,-122.823837,"['Japanese restaurant', 'Restaurant']",4.4,788,$,"[['Saturday', '11AM–10PM'], ['Sunday', 'Closed'], ['Monday', '11AM–10PM'], ['Tuesday', '11AM–10PM'], ['Wednesday', '11AM–10PM'], ['Thursday', '11AM–10PM'], ['Friday', '11AM–10PM']]"
0x5490154dcd1c12ad:0x765c942349802f0b,Wasabi Sushi & Izakaya,"Wasabi Sushi & Izakaya, 2311 2nd Ave, Seattle, WA 98121",47.6141611,-122.3461889,"['Japanese restaurant', 'Izakaya restaurant', 'Sushi restaurant']",4.4,1235,$$,"[['Saturday', '4PM–12AM'], ['Sunday', '4–10PM'], ['Monday', '4–10PM'], ['Tuesday', '4–10PM'], ['Wednesday', '4–10PM'], ['Thursday', '4–10PM'], ['Friday', '4PM–12AM']]"
0x5490154bb3f2fcdb:0x3016c0da552be291,Kiki Ramen,"Kiki Ramen, 2051 7th Ave, Seattle, WA 98121",47.615590999999995,-122.33877319999999,"['Ramen restaurant', 'Japanese restaurant', 'Restaurant']",3.6,551,$$,"[['Saturday', '11AM–9PM'], ['Sunday', '11AM–9PM'], ['Monday', '11AM–9PM'], ['Tuesday', '11AM–9PM'], ['Wednesday', '11AM–9PM'], ['Thursday', '11AM–9PM'], ['Friday', '11AM–9PM']]"
0x54906aae2c4f6953:0x445c84736626d892,Okinawa Teriyaki,"Okinawa Teriyaki, 1100 Western Ave, Seattle, WA 98101",47.605114,-122.3379593,"['Japanese restaurant', 'Restaurant']",4.5,318,$,"[['Saturday', 'Closed'], ['Sunday', 'Closed'], ['Monday', '10:30AM–6PM'], ['Tuesday', '10:30AM–6PM'], ['Wednesday', '10:30AM–6PM'], ['Thursday', '10:30AM–6PM'], ['Friday', '10:30AM–6PM']]"
0x54906c8631ef5237:0x64557fa0414a3b84,Japonessa,"Japonessa, 500 Bellevue Way NE Suite 130, Bellevue, WA 98004",47.614850499999996,-122.200976,"['Sushi restaurant', 'Asian fusion restaurant', 'Bar', 'Box lunch supplier', 'Delivery service', 'Japanese restaurant', 'Lunch restaurant', 'Delivery Restaurant', 'Takeout Restaurant', 'Sushi takeaway']",4.5,1307,$$$,"[['Saturday', '12–11PM'], ['Sunday', '12–10PM'], ['Monday', '12–10PM'], ['Tuesday', '12–10PM'], ['Wednesday', '12–10PM'], ['Thursday', '12–10PM'], ['Friday', '12–11PM']]"
0x54906cf5501793f1:0xc13afc057897abc1,I Love Sushi on Lake Bellevue,"I Love Sushi on Lake Bellevue, 23 Lake Bellevue Dr, Bellevue, WA 98005",47.619049999999994,-122.1817463,"['Sushi restaurant', 'Japanese restaurant']",4.4,683,$$$,"[['Saturday', '11:30AM–8PM'], ['Sunday', '11:30AM–8PM'], ['Monday', '11:30AM–8PM'], ['Tuesday', '11:30AM–8PM'], ['Wednesday', '11:30AM–8PM'], ['Thursday', '11:30AM–8PM'], ['Friday', '11:30AM–8PM']]"
0x5490146950110f9d:0x7ce34df652c6f471,Tsui Sushi Bar,"Tsui Sushi Bar, 6421 Latona Ave NE, Seattle, WA 98115",47.675723399999995,-122.3256717,"['Sushi restaurant', 'Bar', 'Cocktail bar', 'Japanese restaurant']",4.4,348,$$,"[['Saturday', '5–9:30PM'], ['Sunday', '5–9PM'], ['Monday', '5–9PM'], ['Tuesday', 'Closed'], ['Wednesday', '5–9PM'], ['Thursday', '5–9PM'], ['Friday', '5–9:30PM']]"
0x54906c01b866d629:0xceae05aaf1b435b8,Tokyo Japanese Restaurant,"Tokyo Japanese Restaurant, 3500 Factoria Blvd SE, Bellevue, WA 98006",47.5794444,-122.16805559999999,"['Sushi restaurant', 'Authentic Japanese restaurant', 'Japanese steakhouse']",4.1,598,$$,"[['Saturday', '12–9PM'], ['Sunday', '12–8:30PM'], ['Monday', '11AM–8:30PM'], ['Tuesday', '11AM–8:30PM'], ['Wednesday', '11AM–8:30PM'], ['Thursday', '11AM–8:30PM'], ['Friday', '11AM–9PM']]"
0x549015c65a5d1c13:0x1854c93ea520b7e0,Moshi Moshi Sushi & Izakaya,"Moshi Moshi Sushi & Izakaya, 5324 Ballard Ave NW, Seattle, WA 98107",47.6670695,-122.3836833,"['Japanese restaurant', 'Asian restaurant', 'Cocktail bar', 'Restaurant', 'Sushi restaurant']",4.3,426,$$,"[['Saturday', '12–8PM'], ['Sunday', '12–8PM'], ['Monday', '12–8PM'], ['Tuesday', '12–8PM'], ['Wednesday', '12–8PM'], ['Thursday', '12–8PM'], ['Friday', '12–8PM']]"
0x54901ac009adeb07:0x8b8953472ff2bb06,5 Corners Teriyaki,"5 Corners Teriyaki, 8410 Main St, Edmonds, WA 98026",47.8071221,-122.3472644,['Japanese restaurant'],4.3,228,$,"[['Friday', '11AM–8PM'], ['Saturday', '11AM–8PM'], ['Sunday', 'Closed'], ['Monday', '11AM–8PM'], ['Tuesday', '11AM–8PM'], ['Wednesday', '11AM–8PM'], ['Thursday', '11AM–8PM']]"
0x549004446566147b:0x2499501d90f45efd,Big Teriyaki,"Big Teriyaki, 3625 148th St SW, Lynnwood, WA 98087",47.864812,-122.2823576,['Japanese restaurant'],4.5,104,$,"[['Friday', '11AM–9:30PM'], ['Saturday', '11AM–9:30PM'], ['Sunday', 'Closed'], ['Monday', '11AM–9:30PM'], ['Tuesday', '11AM–9:30PM'], ['Wednesday', '11AM–9:30PM'], ['Thursday', '11AM–9:30PM']]"
0x5490069856209f0d:0x4e9d072e9519e43e,Teriyaki Plus,"Teriyaki Plus, 12720 4th Ave W, Everett, WA 98204",47.8826913,-122.23924509999999,"['Japanese restaurant', 'Asian restaurant']",4.5,206,$,"[['Friday', '10:30AM–9PM'], ['Saturday', '11AM–9PM'], ['Sunday', 'Closed'], ['Monday', '10:30AM–9PM'], ['Tuesday', '10:30AM–9PM'], ['Wednesday', '10:30AM–9PM'], ['Thursday', '10:30AM–9PM']]"
0x549010791b30866f:0x46b205ad1c0e4278,Manna Teriyaki,"Manna Teriyaki, 23805 Hwy 99 UNIT 104, Edmonds, WA 98026",47.7828746,-122.3432876,['Japanese restaurant'],4.1,148,$,"[['Friday', '11AM–9PM'], ['Saturday', '11AM–9PM'], ['Sunday', 'Closed'], ['Monday', '11AM–9PM'], ['Tuesday', '11AM–9PM'], ['Wednesday', '11AM–9PM'], ['Thursday', '11AM–9PM']]"
0x549879e8980538c7:0x3505b8ce9f1b332f,Teriyaki Grill,"Teriyaki Grill, 7600 W Clearwater Ave, Kennewick, WA 99336",46.2102083,-119.22500559999999,"['Japanese restaurant', 'Restaurant']",4.5,218,$,"[['Friday', '11AM–9PM'], ['Saturday', '11AM–9PM'], ['Sunday', 'Closed'], ['Monday', '11AM–9PM'], ['Tuesday', '11AM–9PM'], ['Wednesday', '11AM–9PM'], ['Thursday', '11AM–9PM']]"
0x54a26a62784e423f:0xf2971c97b65460,Shiki Hibachi Sushi,"Shiki Hibachi Sushi, 220 E Main St, Walla Walla, WA 99362",46.069240699999995,-118.3356487,"['Sushi restaurant', 'Japanese restaurant', 'Restaurant']",4.5,506,$$,"[['Friday', '11AM–10:30PM'], ['Saturday', '12–10:30PM'], ['Sunday', '12–9PM'], ['Monday', '11AM–9:30PM'], ['Tuesday', '11AM–9:30PM'], ['Wednesday', '11AM–9:30PM'], ['Thursday', '11AM–9:30PM']]"
0x5490416738b15549:0xba98180d31a2c4df,Toshi's Teriyaki,"Toshi's Teriyaki, 9029 25th Ave SW B - 2D, Seattle, WA 98106",47.522518399999996,-122.3656187,"['Restaurant', 'Japanese restaurant']",3.7,173,$,"[['Thursday', '11AM–9PM'], ['Friday', '11AM–9PM'], ['Saturday', '11AM–9PM'], ['Sunday', 'Closed'], ['Monday', '11AM–9PM'], ['Tuesday', '11AM–9PM'], ['Wednesday', '11AM–9PM']]"
0x5490053cd59a1f67:0xe44210ee6fbdaeb6,O2 Sushi,"O2 Sushi, 18601 Hwy 99 STE 100, Lynnwood, WA 98037",47.8303444,-122.3066315,"['Japanese restaurant', 'Asian fusion restaurant', 'Sushi restaurant']",4.3,178,$$,"[['Thursday', '5PM–12AM'], ['Friday', '5PM–12AM'], ['Saturday', '5PM–12AM'], ['Sunday', '12–9PM'], ['Monday', 'Closed'], ['Tuesday', '5PM–12AM'], ['Wednesday', '5PM–12AM']]"
0x5491aaa033ef1ec5:0xc6d90edcc97aa2d5,Samurai's Japanese Steakhouse,"Samurai's Japanese Steakhouse, 3630 S Cedar St, Tacoma, WA 98409",47.2249353,-122.47749479999999,['Japanese steakhouse'],4.3,353,,"[['Thursday', '4–9PM'], ['Friday', '4–10PM'], ['Saturday', '4–10PM'], ['Sunday', '4–9PM'], ['Monday', '4–9PM'], ['Tuesday', '4–9PM'], ['Wednesday', '4–9PM']]"
0x54906c4a5a128b97:0x237f95e15f689f1b,Kizuki Ramen & Izakaya,"Kizuki Ramen & Izakaya, 14845 Main St, Bellevue, WA 98007",47.609612,-122.1417149,"['Ramen restaurant', 'Izakaya restaurant', 'Japanese restaurant']",4.5,1237,$$,"[['Thursday', '11AM–9:30PM'], ['Friday', '11AM–9:30PM'], ['Saturday', '11AM–9:30PM'], ['Sunday', '11AM–9:30PM'], ['Monday', '11AM–9:30PM'], ['Tuesday', '11AM–9:30PM'], ['Wednesday', '11AM–9:30PM']]"
0x54901524cac3f7e3:0x1bbe2259f6465c90,I Love Sushi on Lake Union,"I Love Sushi on Lake Union, 1001 Fairview Ave N, Seattle, WA 98109",47.6288139,-122.33170279999999,"['Sushi restaurant', 'Bar', 'Japanese restaurant']",4.2,776,$$,"[['Thursday', '11:30AM–2PM'], ['Friday', '11:30AM–2PM'], ['Saturday', '5–9:30PM'], ['Sunday', 'Closed'], ['Monday', '11:30AM–2PM'], ['Tuesday', '11:30AM–2PM'], ['Wednesday', '11:30AM–2PM']]"
0x54906c8b9f6a5eb7:0x25935fe0f09beddb,Tokyo Steak House,"Tokyo Steak House, 909 112th Ave NE #109, Bellevue, WA 98004",47.618223,-122.19122999999999,"['Teppanyaki restaurant', 'Japanese restaurant', 'Japanese steakhouse', 'Steak house', 'Sushi restaurant']",3.8,605,$$$,"[['Thursday', '3:30–9PM'], ['Friday', '12–2:30PM'], ['Saturday', '12–2:30PM'], ['Sunday', '12–2:30PM'], ['Monday', '3:30–9PM'], ['Tuesday', '3:30–9PM'], ['Wednesday', '3:30–9PM']]"
0x549066312f1380a9:0x2c87dbff9b88e7bb,Kami Teriyaki (Renton Highlands),"Kami Teriyaki (Renton Highlands), 12636 164th Ave SE, Renton, WA 98059",47.4894336,-122.12108909999999,"['Japanese restaurant', 'Asian restaurant']",4.5,198,$,"[['Thursday', '10:30AM–8:30PM'], ['Friday', '10:30AM–8:30PM'], ['Saturday', '11:30AM–8PM'], ['Sunday', 'Closed'], ['Monday', '10:30AM–8:30PM'], ['Tuesday', '10:30AM–8:30PM'], ['Wednesday', '10:30AM–8:30PM']]"
0x549e1cf5a4f9b455:0x81baaa4cc218175d,Sushiwa Teriyaki,"Sushiwa Teriyaki, 603 W Hastings Rd, Spokane, WA 99218",47.767832999999996,-117.4215959,"['Japanese restaurant', 'Asian restaurant', 'Sushi restaurant']",4.5,236,$$,"[['Thursday', '11AM–9PM'], ['Friday', '11AM–9PM'], ['Saturday', '11AM–9PM'], ['Sunday', 'Closed'], ['Monday', '11AM–9PM'], ['Tuesday', '11AM–9PM'], ['Wednesday', '11AM–9PM']]"
0x54906d09ee2433fb:0x1a946c88ff81cf0,Nasai Teriyaki,"Nasai Teriyaki, 2409 152nd Ave NE, Redmond, WA 98052",47.6321314,-122.1381069,"['Japanese restaurant', 'Restaurant']",4.3,154,$,"[['Thursday', '11AM–6:30PM'], ['Friday', '11AM–6:30PM'], ['Saturday', 'Closed'], ['Sunday', 'Closed'], ['Monday', '11AM–6:30PM'], ['Tuesday', '11AM–6:30PM'], ['Wednesday', '11AM–6:30PM']]"
0x54906db7507e29e5:0x9354b25de218c4f7,Fuji Teriyaki,"Fuji Teriyaki, 15920 NE 8th St #1, Bellevue, WA 98008",47.617639999999994,-122.12795,"['Asian restaurant', 'Japanese restaurant', 'Restaurant']",3.8,58,$,"[['Thursday', '11AM–9PM'], ['Friday', '11AM–9PM'], ['Saturday', '11AM–9PM'], ['Sunday', 'Closed'], ['Monday', '11AM–9PM'], ['Tuesday', '11AM–9PM'], ['Wednesday', '11AM–9PM']]"
0x549013ffb52ddd61:0xc74e57fabdc614ae,Kizuki Ramen & Izakaya,"Kizuki Ramen & Izakaya, 319 NE Thornton Pl, Seattle, WA 98125",47.7023941,-122.32467659999999,"['Ramen restaurant', 'Izakaya restaurant', 'Japanese restaurant']",4.5,1294,$$,"[['Thursday', '11AM–9:30PM'], ['Friday', '11AM–10PM'], ['Saturday', '11AM–10PM'], ['Sunday', '11AM–9:30PM'], ['Monday', '11AM–9:30PM'], ['Tuesday', '11AM–9:30PM'], ['Wednesday', '11AM–9:30PM']]"
0x54900f682ad3171b:0x7a492a4770909d7f,Midori Teriyaki,"Midori Teriyaki, 1912 201st Pl SE #208, Bothell, WA 98012",47.814962,-122.207111,['Japanese restaurant'],4.6,168,$,"[['Thursday', '10:30AM–9PM'], ['Friday', '10:30AM–9PM'], ['Saturday', '10:30AM–9PM'], ['Sunday', 'Closed'], ['Monday', '10:30AM–9PM'], ['Tuesday', '10:30AM–9PM'], ['Wednesday', '10:30AM–9PM']]"
0x54906abb9a90cf9d:0xcf699f944dc35994,Tsukushinbo,"Tsukushinbo, 515 South Main St, Seattle, WA 98104",47.5999361,-122.3268471,['Japanese restaurant'],4.6,848,$$,"[['Thursday', '5–10PM'], ['Friday', '5–11PM'], ['Saturday', '5–11PM'], ['Sunday', '5–10PM'], ['Monday', '5–10PM'], ['Tuesday', '5–10PM'], ['Wednesday', '5–10PM']]"
0x54900fa846c8a007:0x3adb8682601d92cc,Teriyaki Plus,"Teriyaki Plus, 22828 Bothell Everett Hwy, Bothell, WA 98021",47.79051,-122.2179939,"['Japanese restaurant', 'Asian restaurant']",4.6,214,$,"[['Thursday', 'Closed'], ['Friday', 'Closed'], ['Saturday', '10:30AM–8:30PM'], ['Sunday', 'Closed'], ['Monday', 'Closed'], ['Tuesday', 'Closed'], ['Wednesday', 'Closed']]"
0x5490068ca94b4e0b:0x60ec6cecad5ea3,Sushi Spott,"Sushi Spott, 1700 132nd St SE, Mill Creek, WA 98012",47.8777458,-122.21005919999999,"['Japanese restaurant', 'Restaurant']",4.3,838,$$,"[['Thursday', '11:30AM–10PM'], ['Friday', '11:30AM–10:30PM'], ['Saturday', '12–10:30PM'], ['Sunday', '3–9PM'], ['Monday', '11:30AM–10PM'], ['Tuesday', '11:30AM–10PM'], ['Wednesday', '11:30AM–10PM']]"
0x548553d945be8293:0x68ab26bfad7b2cea,Kami Teriyaki,"Kami Teriyaki, 11515 State Ave, Marysville, WA 98271",48.0997194,-122.17357659999999,"['Japanese restaurant', 'Restaurant']",4.5,138,$$,"[['Thursday', '11AM–9PM'], ['Friday', '11AM–9PM'], ['Saturday', '11AM–9PM'], ['Sunday', 'Closed'], ['Monday', '11AM–9PM'], ['Tuesday', '11AM–9PM'], ['Wednesday', '11AM–9PM']]"
0x549006a8a2cd6cbb:0x6c97de8b67a6ec63,Bento Time,"Bento Time, 11802 Evergreen Way #102, Everett, WA 98204",47.8911248,-122.25762549999999,"['Japanese restaurant', 'Asian fusion restaurant']",4.5,128,$,"[['Thursday', '10AM–8:30PM'], ['Friday', '10AM–8:30PM'], ['Saturday', '10AM–8PM'], ['Sunday', 'Closed'], ['Monday', '10AM–8:30PM'], ['Tuesday', '10AM–8:30PM'], ['Wednesday', '10AM–8:30PM']]"
0x5490145348365d81:0x2ea5cf098ebdee6,Fremont Bowl,"Fremont Bowl, 4258 Fremont Ave N Ste #4262, Seattle, WA 98103",47.659036099999994,-122.3498285,"['Japanese restaurant', 'Sushi restaurant']",4.6,824,$$,"[['Thursday', '11:30AM–2PM'], ['Friday', '11:30AM–2PM'], ['Saturday', '11:30AM–2:30PM'], ['Sunday', '11:30AM–2:30PM'], ['Monday', '11:30AM–2PM'], ['Tuesday', '11:30AM–2PM'], ['Wednesday', '11:30AM–2PM']]"
0x54906ad20e56365d:0x42be954df3437d62,Adana,"Adana, 1449 E Pine St, Seattle, WA 98122",47.6151027,-122.31296529999999,"['Japanese restaurant', 'Restaurant']",4.5,308,$$$,"[['Thursday', '5–10PM'], ['Friday', '5–10PM'], ['Saturday', '5–10PM'], ['Sunday', '5–10PM'], ['Monday', 'Closed'], ['Tuesday', 'Closed'], ['Wednesday', '5–10PM']]"
0x549040fbd9102b29:0xdf70ac3d1ec70d6,Mashiko,"Mashiko, 4725 California Ave SW, Seattle, WA 98116",47.5603687,-122.3869893,"['Japanese restaurant', 'Restaurant', 'Sushi restaurant']",4.7,568,$$$,"[['Thursday', '4:03–8PM'], ['Friday', '4:03–8PM'], ['Saturday', '4:03–8PM'], ['Sunday', '4:03–8PM'], ['Monday', '4:03–8PM'], ['Tuesday', 'Closed'], ['Wednesday', '4:03–8PM']]"
0x54905caa0e53c831:0xb080c0d2c4aa1aa4,Maki of Japan,"Maki of Japan, Seattle-Tacoma International Airport, 17801 International Blvd, Seattle, WA 98158",47.4434021,-122.30327279999999,"['Asian restaurant', 'Fast food restaurant', 'Japanese restaurant', 'Restaurant']",2.3,18,,"[['Thursday', '4AM–10PM'], ['Friday', '4AM–10PM'], ['Saturday', '4AM–10PM'], ['Sunday', '4AM–10PM'], ['Monday', '4AM–10PM'], ['Tuesday', '4AM–10PM'], ['Wednesday', '4AM–10PM']]"
0x5491068e3a55236b:0x67fb3fb3699e28de,House of Teriyaki,"House of Teriyaki, 15204 Union Ave SW, Lakewood, WA 98498",47.1211248,-122.55521279999999,"['Japanese restaurant', 'Asian restaurant', 'Chinese restaurant']",4.4,495,$,"[['Thursday', '10AM–8PM'], ['Friday', '10AM–8PM'], ['Saturday', '10AM–8PM'], ['Sunday', 'Closed'], ['Monday', '10AM–8PM'], ['Tuesday', '10AM–8PM'], ['Wednesday', '10AM–8PM']]"
0x54900c2a0c1fa735:0xced325f0cd79db5f,Teriyaki Bowl,"Teriyaki Bowl, 13400 NE 175th St, Woodinville, WA 98072",47.755227,-122.16067489999999,"['Japanese restaurant', 'Pan-Asian restaurant']",4.5,288,$,"[['Wednesday', '10:30AM–9PM'], ['Thursday', '10:30AM–9PM'], ['Friday', '10:30AM–9PM'], ['Saturday', '10:30AM–9PM'], ['Sunday', 'Closed'], ['Monday', '10:30AM–9PM'], ['Tuesday', '10:30AM–9PM']]"
0x5490fc02411d59b3:0xc938d249555018b8,Kyoto Teriyaki Restaurant,"Kyoto Teriyaki Restaurant, 513 S Meridian, Puyallup, WA 98371",47.187920999999996,-122.29308499999999,"['Japanese restaurant', 'Kyoto style Japanese restaurant', 'Restaurant']",4.1,147,$$,"[['Wednesday', '11AM–7:30PM'], ['Thursday', '11AM–7:30PM'], ['Friday', '11AM–7:30PM'], ['Saturday', '11AM–7:30PM'], ['Sunday', 'Closed'], ['Monday', '11AM–7:30PM'], ['Tuesday', '11AM–7:30PM']]"
0x549052d0df5c000f:0xa0ea01d06b5dc45c,Kinza | Teriyaki Japanese Restaurant,"Kinza | Teriyaki Japanese Restaurant, 6820 Kimball Dr, Gig Harbor, WA 98335",47.320812,-122.58736999999999,['Japanese restaurant'],4.6,478,$,"[['Wednesday', '11AM–7:30PM'], ['Thursday', '11AM–7:30PM'], ['Friday', '11AM–7:30PM'], ['Saturday', '11AM–7:30PM'], ['Sunday', 'Closed'], ['Monday', '11AM–7:30PM'], ['Tuesday', '11AM–7:30PM']]"
0x5491acccce1b2b41:0xb28d1368f287d119,Domo Sushi Gig Harbor,"Domo Sushi Gig Harbor, 4901 Point Fosdick Dr, Gig Harbor, WA 98335",47.303284999999995,-122.5787507,"['Sushi restaurant', 'Asian restaurant', 'Chinese restaurant', 'Japanese restaurant', 'Korean restaurant']",4.5,654,$$,"[['Wednesday', '11AM–9PM'], ['Thursday', '11AM–9PM'], ['Friday', '11AM–9PM'], ['Saturday', '11AM–9PM'], ['Sunday', '4–9PM'], ['Monday', '11AM–9PM'], ['Tuesday', '11AM–9PM']]"
0x549006d2c1bf7171:0xc1c26fc25bb49052,Gold Chicken,"Gold Chicken, 305 SE Everett Mall Way # 16, Everett, WA 98208",47.9095855,-122.22772669999999,['Japanese restaurant'],4.1,98,$,"[['Wednesday', '11AM–8PM'], ['Thursday', '11AM–8PM'], ['Friday', '11AM–8PM'], ['Saturday', '12AM–7PM'], ['Sunday', 'Closed'], ['Monday', '11AM–8PM'], ['Tuesday', '11AM–8PM']]"
0x54906c8f224c85f3:0x84d5cd82bd18c2da,Blue C Sushi,"Blue C Sushi, 503 Bellevue Square, Bellevue, WA 98004",47.6163889,-122.20194439999999,"['Conveyor belt sushi restaurant', 'Japanese restaurant']",3.8,316,$$,"[['Wednesday', '11AM–9:30PM'], ['Thursday', '11AM–9:30PM'], ['Friday', '11AM–10:30PM'], ['Saturday', '11AM–10:30PM'], ['Sunday', '11AM–9:30PM'], ['Monday', '11AM–9:30PM'], ['Tuesday', '11AM–9:30PM']]"
0x5490154ce8a29feb:0xa612b8cc7c3eb3df,Wann Japanese Izakaya,"Wann Japanese Izakaya, 2020 2nd Ave, Seattle, WA 98121",47.612322899999995,-122.34244,"['Japanese restaurant', 'Restaurant']",4.4,718,$$,"[['Wednesday', '4–8:30PM'], ['Thursday', '4–8:30PM'], ['Friday', '4–8:30PM'], ['Saturday', '4–8:30PM'], ['Sunday', 'Closed'], ['Monday', '4–8:30PM'], ['Tuesday', '4–8:30PM']]"
0x54906ab24f2c0953:0x76d1c08a65e548de,Japonessa Sushi Cocina,"Japonessa Sushi Cocina, 1400 1st Ave, Seattle, WA 98101",47.6080322,-122.338974,"['Sushi restaurant', 'Asian fusion restaurant', 'Bar', 'Delivery service', 'Japanese restaurant', 'Delivery Restaurant', 'Takeout Restaurant', 'Sushi takeaway']",4.5,3598,$$,"[['Tuesday', '12–10PM'], ['Wednesday', '12–10PM'], ['Thursday', '12–10PM'], ['Friday', '12–11PM'], ['Saturday', '12–11PM'], ['Sunday', '12–10PM'], ['Monday', '12–10PM']]"
0x549069be68c8fb65:0xb3d3918d13a4470e,AJI Sushi & Grill Newcastle,"AJI Sushi & Grill Newcastle, 13176 Newcastle Commons Dr, Newcastle, WA 98059",47.5438281,-122.16371579999999,"['Sushi restaurant', 'Japanese restaurant', 'Restaurant']",4.6,268,$$,"[['Tuesday', '11AM–3PM'], ['Wednesday', '11AM–3PM'], ['Thursday', '11AM–3PM'], ['Friday', '11AM–3PM'], ['Saturday', '12–10PM'], ['Sunday', '12–9PM'], ['Monday', '11AM–3PM']]"
0x54910b9fb4c36a5b:0xb8f380701623d2c5,Osaka Restaurant,"Osaka Restaurant, 7265 Martin Way E, Olympia, WA 98516",47.052583899999995,-122.78360239999999,['Japanese restaurant'],4.3,298,$$,"[['Tuesday', 'Closed'], ['Wednesday', '11:30AM–9PM'], ['Thursday', '11:30AM–9PM'], ['Friday', '11:30AM–9PM'], ['Saturday', '11:30AM–9PM'], ['Sunday', '11:30AM–9PM'], ['Monday', '11:30AM–9PM']]"
0x5491733eeb0a9881:0x70d8ae0310df202a,Souru Teriyaki,"Souru Teriyaki, 4820 Yelm Hwy SE, Lacey, WA 98503",46.997171699999996,-122.82017309999999,"['Sushi restaurant', 'Chinese restaurant', 'Japanese restaurant']",4.4,303,$$,"[['Tuesday', '11AM–9PM'], ['Wednesday', '11AM–9PM'], ['Thursday', '11AM–9PM'], ['Friday', '11AM–9PM'], ['Saturday', '11AM–9PM'], ['Sunday', 'Closed'], ['Monday', '11AM–9PM']]"
0x54906f84a8be935b:0x1e42ef9b50b75b84,Ohana Eastside,"Ohana Eastside, 240 NW Gilman Blvd, Issaquah, WA 98027",47.5405532,-122.0397756,"['Hawaiian restaurant', 'Bar', 'Japanese restaurant', 'Karaoke', 'Live music bar', 'Sushi restaurant']",4.3,455,$$,"[['Tuesday', '3–9PM'], ['Wednesday', '3–9PM'], ['Thursday', '3–9PM'], ['Friday', '12–9PM'], ['Saturday', '12–9PM'], ['Sunday', '12–9PM'], ['Monday', '3–9PM']]"
0x5495bb2b494ce1f5:0x87fec134eed9cca0,Kyoto Japanese Steakhouse,"Kyoto Japanese Steakhouse, 16409 SE 1st St, Vancouver, WA 98684",45.6207056,-122.50368329999999,"['Restaurant', 'Japanese restaurant']",4.4,874,$$,"[['Tuesday', '11AM–2:30PM'], ['Wednesday', '11AM–2:30PM'], ['Thursday', '11AM–2:30PM'], ['Friday', '11AM–10PM'], ['Saturday', '11AM–10PM'], ['Sunday', '11AM–9PM'], ['Monday', '11AM–2:30PM']]"
0x5485a4a88f6bf495:0x196ce8d33ab8b1,Asian 1 in Bellingham,"Asian 1 in Bellingham, 4285 Meridian St #101, Bellingham, WA 98226",48.796661099999994,-122.4865111,"['Asian restaurant', 'Chinese restaurant', 'Japanese restaurant', 'Southeast Asian restaurant', 'Sushi restaurant', 'Thai restaurant']",4.2,698,$$,"[['Monday', '11:30AM–8PM'], ['Tuesday', '11:30AM–8PM'], ['Wednesday', '11:30AM–9PM'], ['Thursday', '11:30AM–9PM'], ['Friday', '11:30AM–9PM'], ['Saturday', '11:30AM–9PM'], ['Sunday', '11:30AM–8PM']]"
0x5485b65c020a15a9:0x829d99df62e39341,Nami Asian Bistro,"Nami Asian Bistro, 8862 Bender Rd #103, Lynden, WA 98264",48.9627237,-122.44017509999999,"['Japanese restaurant', 'Asian restaurant', 'Bistro', 'Sushi restaurant']",4.5,188,$$,"[['Monday', '4–8:30PM'], ['Tuesday', '11:30AM–2PM'], ['Wednesday', '11:30AM–2:30PM'], ['Thursday', '11:30AM–2:30PM'], ['Friday', '11:30AM–2:30PM'], ['Saturday', '4–9:30PM'], ['Sunday', 'Closed']]"
0x549105e3137aaaab:0xc2b054d283290287,Sushi And Teriyaki,"Sushi And Teriyaki, 5280 Fort Lewis Rd, Fort Lewis, WA 98433",47.0920778,-122.58878449999999,['Japanese restaurant'],3.4,5,,"[['Monday', '11AM–7PM'], ['Tuesday', '11AM–7PM'], ['Wednesday', '11AM–7PM'], ['Thursday', '11AM–7PM'], ['Friday', '11AM–7PM'], ['Saturday', '11AM–6PM'], ['Sunday', 'Closed']]"
0x54906ace8183893b:0x95c1d29b8d9ae83f,Momiji,"Momiji, 1522 12th Ave, Seattle, WA 98122",47.6147972,-122.3164889,"['Japanese restaurant', 'Bar', 'Restaurant', 'Sushi restaurant']",4.6,1855,$$,"[['Sunday', '4–10PM'], ['Monday', '4–10PM'], ['Tuesday', '4–10PM'], ['Wednesday', '4–10PM'], ['Thursday', '4–10PM'], ['Friday', '4–10PM'], ['Saturday', '4–10PM']]"
0x54906ab1c389bd91:0x2c8217e5721df432,Nijo Sushi Bar & Grill,"Nijo Sushi Bar & Grill, 83 Spring St, Seattle, WA 98104",47.604980999999995,-122.3375449,"['Sushi restaurant', 'Bar & grill', 'Japanese restaurant']",4.4,1115,$$,"[['Sunday', '1–9PM'], ['Monday', '12–9PM'], ['Tuesday', '12–9PM'], ['Wednesday', '12–9PM'], ['Thursday', '12–9PM'], ['Friday', '12–10PM'], ['Saturday', '1–10PM']]"
0x549014e4deb25877:0xa26ccd41fd33a67b,Sushi Kappo Tamura,"Sushi Kappo Tamura, 2968 Eastlake Ave E, Seattle, WA 98102",47.6485889,-122.3232778,"['Japanese restaurant', 'Asian restaurant', 'Bar', 'Sushi restaurant']",4.7,558,$$$,"[['Sunday', '11:30AM–2PM'], ['Monday', '11:30AM–2PM'], ['Tuesday', '11:30AM–2PM'], ['Wednesday', '11:30AM–2PM'], ['Thursday', '11:30AM–2PM'], ['Friday', '11:30AM–2PM'], ['Saturday', '11:30AM–2PM']]"
0x5490145155555555:0xf8deebb3c15ce6c6,Mejari Fusion Sushi 1924 N 45th St Seattle WA 98103,,47.614820599999994,-122.3271369,"['Asian fusion restaurant', 'Japanese restaurant', 'Restaurant']",4.2,298,$$,"[['Sunday', '12–10PM'], ['Monday', '12–10PM'], ['Tuesday', '12–10PM'], ['Wednesday', '12–10PM'], ['Thursday', '12–10PM'], ['Friday', '12–11PM'], ['Saturday', '12–11PM']]"
0x54901450cd1b4d45:0x453ea9e3c28ff838,ISSIAN,"ISSIAN, 1618 N 45th St, Seattle, WA 98103",47.6615008,-122.33828949999999,"['Japanese restaurant', 'Restaurant', 'Sushi restaurant']",4.5,642,$$,"[['Sunday', '4–8:30PM'], ['Monday', '4–9PM'], ['Tuesday', '4–9PM'], ['Wednesday', '4–9PM'], ['Thursday', '4–9PM'], ['Friday', '4–9PM'], ['Saturday', '4–9PM']]"
0x5499f22d3d5c736b:0x85ebea35bfb7a56e,Oyama Japanese Steak House,"Oyama Japanese Steak House, 506 S Main St, Ellensburg, WA 98926",46.987198799999994,-120.5480017,"['Japanese steakhouse', 'Delivery service', 'Takeout Restaurant', 'Restaurant', 'Seafood restaurant', 'Steak house', 'Sushi restaurant']",4.4,455,$$,"[['Sunday', '12–9:30PM'], ['Monday', '11AM–9:30PM'], ['Tuesday', '11AM–9:30PM'], ['Wednesday', '11AM–9:30PM'], ['Thursday', '11AM–9:30PM'], ['Friday', '11AM–9:30PM'], ['Saturday', '12–9:30PM']]"
0x54905518c7715055:0x3e4ef9368cefca45,Bento Teriyaki & Sushi,"Bento Teriyaki & Sushi, 3201 6th Ave, Tacoma, WA 98406",47.2553942,-122.47790669999999,['Japanese restaurant'],4.4,206,$,"[['Sunday', 'Closed'], ['Monday', '11AM–9PM'], ['Tuesday', '11AM–9PM'], ['Wednesday', '11AM–9PM'], ['Thursday', '11AM–9PM'], ['Friday', '11AM–9PM'], ['Saturday', '11AM–9PM']]"
0x5491004ad16078f9:0xfd5798d1cefcd5fb,Ichiban Teriyaki,"Ichiban Teriyaki, 8425 S Hosmer St, Tacoma, WA 98444",47.180197,-122.46265509999999,['Japanese restaurant'],4.3,188,,"[['Sunday', '10:30AM–9PM'], ['Monday', '10:30AM–9PM'], ['Tuesday', '10:30AM–9PM'], ['Wednesday', '10:30AM–9PM'], ['Thursday', '10:30AM–9PM'], ['Friday', '10:30AM–9PM'], ['Saturday', '10:30AM–9PM']]"
0x549103678f355d1f:0x80526fc9309cece1,Samurai's Japanese Steakhouse,"Samurai's Japanese Steakhouse, 19321 Mountain Hwy E, Spanaway, WA 98387",47.0813333,-122.4309806,['Japanese steakhouse'],4.4,728,$$$,
0x54906acb32e5a7b1:0x6b880432581d21e5,Kizuki Ramen & Izakaya,"Kizuki Ramen & Izakaya, 320 E Pine St, Seattle, WA 98122",47.615382,-122.3271498,"['Ramen restaurant', 'Izakaya restaurant', 'Japanese restaurant']",4.4,2204,$$,"[['Sunday', '11AM–9:30PM'], ['Monday', '11AM–9:30PM'], ['Tuesday', '11AM–9:30PM'], ['Wednesday', '11AM–9:30PM'], ['Thursday', '11AM–9:30PM'], ['Friday', '11AM–9:30PM'], ['Saturday', '11AM–9:30PM']]"
0x549011541fc59b95:0x9dbe215c412a1de8,Bluefin Sushi & Seafood,"Bluefin Sushi & Seafood, 401 NE Northgate Way #463, Seattle, WA 98125",47.7047556,-122.3264306,"['Asian restaurant', 'Buffet restaurant', 'Dessert restaurant', 'Japanese restaurant', 'Restaurant', 'Seafood restaurant', 'Sushi restaurant']",3.9,698,$$,"[['Sunday', '11:30AM–2PM'], ['Monday', '11:30AM–2PM'], ['Tuesday', '11:30AM–2PM'], ['Wednesday', '11:30AM–2PM'], ['Thursday', '11:30AM–2PM'], ['Friday', '11:30AM–2PM'], ['Saturday', '11:30AM–2PM']]"
0x54987a1e44925d47:0x9faa8854e0dbdd29,Shiki Sushi & Grill,"Shiki Sushi & Grill, 1408 N Louisiana St, Kennewick, WA 99336",46.2264917,-119.2331639,"['Sushi restaurant', 'Japanese restaurant']",4.5,794,$$,"[['Sunday', '12:30–9PM'], ['Monday', '11AM–9:30PM'], ['Tuesday', '11AM–9:30PM'], ['Wednesday', '11AM–9:30PM'], ['Thursday', '11AM–9:30PM'], ['Friday', '11AM–10PM'], ['Saturday', '12:30–10PM']]"
0x549175a42bb97553:0xd4e7729b29c647ae,Fujiyama Japanese Steakhouse,"Fujiyama Japanese Steakhouse, 2930 Capital Mall Dr SW, Olympia, WA 98502",47.040489199999996,-122.938503,"['Japanese steakhouse', 'Asian restaurant', 'Bar', 'Japanese restaurant', 'Restaurant', 'Steak house', 'Sushi restaurant']",4.4,1318,$$$,"[['Sunday', '12–8PM'], ['Monday', '3:30–9PM'], ['Tuesday', '3:30–9PM'], ['Wednesday', '3:30–9PM'], ['Thursday', '3:30–9PM'], ['Friday', '3:30–10PM'], ['Saturday', '12–10PM']]"
0x5499475f99ca803f:0xded630bd03d03187,Sumo Japanese Restaurant,"Sumo Japanese Restaurant, 933 N Stratford Rd A, Moses Lake, WA 98837",47.141072,-119.27699799999999,"['Japanese restaurant', 'Asian restaurant', 'Steak house', 'Sushi restaurant']",4.3,665,$$,"[['Sunday', '12:30–9PM'], ['Monday', '11:30AM–9PM'], ['Tuesday', '11:30AM–9PM'], ['Wednesday', '11:30AM–9PM'], ['Thursday', '11:30AM–9PM'], ['Friday', '11:30AM–10PM'], ['Saturday', '12:30–10PM']]"
0x54906abcdbd7d9ab:0xfeedcd4ac66b4ebb,Uwajimaya Seattle,"Uwajimaya Seattle, 600 5th Ave S, Seattle, WA 98104",47.5968738,-122.3269813,"['Asian grocery store', 'Grocery store', 'Japanese grocery store', 'Seafood market', 'Supermarket']",4.6,8534,$$,"[['Sunday', '8AM–8PM'], ['Monday', '8AM–8PM'], ['Tuesday', '8AM–8PM'], ['Wednesday', '8AM–8PM'], ['Thursday', '8AM–8PM'], ['Friday', '8AM–8PM'], ['Saturday', '8AM–8PM']]"
0x54901450d248c975:0xc24c26fe221aba19,Kozue,"Kozue, 1608 N 45th St, Seattle, WA 98103",47.661592299999995,-122.33868629999999,"['Japanese restaurant', 'Asian restaurant', 'Restaurant', 'Seafood restaurant', 'Sushi restaurant']",4.3,316,$$,"[['Sunday', 'Closed'], ['Monday', '5–8PM'], ['Tuesday', '5–8PM'], ['Wednesday', '5–8PM'], ['Thursday', '5–8PM'], ['Friday', '5–8PM'], ['Saturday', '5–8PM']]"
0x549014092620d14b:0x7ece16998c9d4e7f,Kona Kitchen - Seattle,"Kona Kitchen - Seattle, 8501 5th Ave NE, Seattle, WA 98115",47.6906216,-122.32334429999999,"['Hawaiian restaurant', 'American restaurant', 'Asian restaurant', 'Family restaurant', 'Japanese restaurant', 'Restaurant']",4.6,1258,$$,"[['Sunday', '9AM–9PM'], ['Monday', '10AM–9PM'], ['Tuesday', '10AM–9PM'], ['Wednesday', '10AM–9PM'], ['Thursday', '10AM–9PM'], ['Friday', '10AM–9PM'], ['Saturday', '9AM–9PM']]"
0x5490117b3d2e2e87:0x8ccbd96780980446,Teriyaki Time,"Teriyaki Time, 3008 NE 127th St, Seattle, WA 98125",47.721537,-122.2960784,"['Japanese restaurant', 'Asian restaurant']",4.0,108,$$,"[['Sunday', 'Closed'], ['Monday', '11AM–8:30PM'], ['Tuesday', '11AM–8:30PM'], ['Wednesday', '11AM–8:30PM'], ['Thursday', '11AM–8:30PM'], ['Friday', '11AM–8:30PM'], ['Saturday', '11AM–8:30PM']]"
0x5490550ab342dd21:0xc9d48d8acd6fe280,Fujiya Japanese Restaurant,"Fujiya Japanese Restaurant, 1125 Court C #1, Tacoma, WA 98402",47.252151999999995,-122.44001829999999,"['Japanese restaurant', 'Asian restaurant', 'Fine dining restaurant', 'Ramen restaurant', 'Restaurant', 'Sushi restaurant']",4.5,398,$$,"[['Sunday', 'Closed'], ['Monday', '11AM–2PM'], ['Tuesday', '11AM–2PM'], ['Wednesday', '11AM–2PM'], ['Thursday', '11AM–2PM'], ['Friday', '11AM–2PM'], ['Saturday', '4–9:30PM']]"
0x5485a47b79057a41:0x82df178db2db80bf,Little Tokyo Restaurant,"Little Tokyo Restaurant, 2915 Newmarket St #101, Bellingham, WA 98226",48.769605999999996,-122.44377569999999,['Japanese restaurant'],4.2,158,$$,"[['Saturday', '4–8PM'], ['Sunday', 'Closed'], ['Monday', '4–8PM'], ['Tuesday', '4–8PM'], ['Wednesday', '4–8PM'], ['Thursday', '4–8PM'], ['Friday', '4–8PM']]"
0x54905778266741b7:0x11178b39722c4645,Koharu Japanese Restaurant,"Koharu Japanese Restaurant, 31840 Pacific Hwy S suite c, Federal Way, WA 98003",47.3162184,-122.31209989999999,"['Japanese restaurant', 'Restaurant', 'Sushi restaurant']",4.4,328,$$,"[['Saturday', '12–9PM'], ['Sunday', 'Closed'], ['Monday', 'Closed'], ['Tuesday', '11AM–2:30PM'], ['Wednesday', '11AM–2:30PM'], ['Thursday', '11AM–2:30PM'], ['Friday', '11AM–2:30PM']]"
0x5490f2077813072b:0x66bd00d63bedf699,King's Teriyaki,"King's Teriyaki, 1539 Blake St, Enumclaw, WA 98022",47.200395799999995,-121.983886,"['Japanese restaurant', 'Asian restaurant']",4.3,138,$,"[['Saturday', '11AM–7:30PM'], ['Sunday', 'Closed'], ['Monday', '11AM–7:30PM'], ['Tuesday', '11AM–7:30PM'], ['Wednesday', '11AM–7:30PM'], ['Thursday', '11AM–7:30PM'], ['Friday', '11AM–7:30PM']]"
0x549100ba6356d607:0x340f227dbe9bd86a,Kin Ja Teriyaki,"Kin Ja Teriyaki, 8415 87th Ave SW, Lakewood, WA 98498",47.180495199999996,-122.55260179999999,"['Japanese restaurant', 'Asian restaurant']",4.2,165,$,"[['Saturday', '10:30AM–9PM'], ['Sunday', 'Closed'], ['Monday', '10:30AM–9PM'], ['Tuesday', '10:30AM–9PM'], ['Wednesday', '10:30AM–9PM'], ['Thursday', '10:30AM–9PM'], ['Friday', '10:30AM–9PM']]"
0x54905d4a7ac53441:0xaa9e02e7d9e15012,Uwajimaya Renton,"Uwajimaya Renton, 501 S Grady Way, Renton, WA 98057",47.469993099999996,-122.21226739999999,"['Asian grocery store', 'Grocery store', 'Japanese grocery store', 'Supermarket']",4.5,1517,$$,"[['Saturday', '9AM–8PM'], ['Sunday', '9AM–8PM'], ['Monday', '9AM–8PM'], ['Tuesday', '8AM–8PM'], ['Wednesday', '9AM–8PM'], ['Thursday', '9AM–8PM'], ['Friday', '9AM–8PM']]"
0x5490feb3080cfae1:0x6036dbe7822ef806,Sushi Paradise,"Sushi Paradise, 729 River Rd, Puyallup, WA 98371",47.202048,-122.303345,"['Sushi restaurant', 'Asian restaurant', 'Japanese restaurant']",4.2,398,$$,"[['Saturday', '11AM–8PM'], ['Sunday', 'Closed'], ['Monday', '11AM–8PM'], ['Tuesday', '11AM–8PM'], ['Wednesday', '11AM–8PM'], ['Thursday', '11AM–8PM'], ['Friday', '11AM–8PM']]"
0x4107982d5ad119ef:0x31e7ab854d762601,My Lil' Cube,"My Lil' Cube, 402 N Meridian, Puyallup, WA 98371",47.1939425,-122.2940709,"['Japanese restaurant', 'Asian restaurant', 'Sushi restaurant']",4.6,806,$,"[['Saturday', '11AM–8PM'], ['Sunday', 'Closed'], ['Monday', 'Closed'], ['Tuesday', '11AM–9PM'], ['Wednesday', '11AM–9PM'], ['Thursday', '11AM–9PM'], ['Friday', '11AM–9PM']]"
0x549056f4ca9324f3:0xaace2e5b0adf593e,Yoko's Teriyaki Bistro,"Yoko's Teriyaki Bistro, 34024 Hoyt Rd SW, Federal Way, WA 98023",47.2964249,-122.3812719,['Japanese restaurant'],4.0,145,$,"[['Saturday', '11AM–9PM'], ['Sunday', 'Closed'], ['Monday', '11AM–9PM'], ['Tuesday', '11AM–9PM'], ['Wednesday', '11AM–9PM'], ['Thursday', '11AM–9PM'], ['Friday', '11AM–9PM']]"
0x5491aaf33c8e8769:0x5208d8e094e96aff,Sapporo Steakhouse | University Place,"Sapporo Steakhouse | University Place, 3810 Bridgeport Way W, University Place, WA 98466",47.2228813,-122.53907009999999,"['Japanese restaurant', 'Sushi restaurant', 'Teppanyaki restaurant']",4.6,738,$$,"[['Saturday', '11AM–11PM'], ['Sunday', '12–9:30PM'], ['Monday', '11AM–10PM'], ['Tuesday', '11AM–10PM'], ['Wednesday', '11AM–10PM'], ['Thursday', '11AM–10PM'], ['Friday', '11AM–11PM']]"
0x5491aaf32d66262f:0x64b944438f8736de,Happy Hana Teriyaki,"Happy Hana Teriyaki, 3929 Bridgeport Way W #103, University Place, WA 98466",47.2211096,-122.53678049999999,"['Asian restaurant', 'Japanese restaurant', 'Sushi restaurant']",4.2,198,$,"[['Saturday', '10:30AM–9PM'], ['Sunday', 'Closed'], ['Monday', '10:30AM–9PM'], ['Tuesday', '10:30AM–9PM'], ['Wednesday', '10:30AM–9PM'], ['Thursday', '10:30AM–9PM'], ['Friday', '10:30AM–9PM']]"
0x54905ea3cd9c6563:0x5f3df16f04bd6c7,Buck's Teriyaki,"Buck's Teriyaki, 10611 SE 240th St, Kent, WA 98031",47.3865585,-122.1991798,['Japanese restaurant'],4.3,278,$$,"[['Saturday', '10:30AM–8:45PM'], ['Sunday', 'Closed'], ['Monday', '10:30AM–8:45PM'], ['Tuesday', '10:30AM–8:45PM'], ['Wednesday', '10:30AM–8:45PM'], ['Thursday', '10:30AM–8:45PM'], ['Friday', '10:30AM–8:45PM']]"
0x54906a0c27589695:0x66843fe75b16472c,Wabi-Sabi Sushi Bar & Restaurant,"Wabi-Sabi Sushi Bar & Restaurant, 4909 Rainier Ave S, Seattle, WA 98118",47.557574599999995,-122.28526919999999,"['Sushi restaurant', 'Asian restaurant', 'Japanese restaurant']",4.3,205,$$,"[['Saturday', '3–8:30PM'], ['Sunday', '3–8:30PM'], ['Monday', '3–8PM'], ['Tuesday', '3–8PM'], ['Wednesday', '3–8PM'], ['Thursday', '3–8PM'], ['Friday', '3–8:30PM']]"
0x54905b5ee4735573:0xa0fc78ef2d0fe836,Masae's Teriyaki,"Masae's Teriyaki, 19021 International Blvd, SeaTac, WA 98188",47.4324556,-122.29591409999999,['Japanese restaurant'],4.2,153,,"[['Friday', '11AM–9PM'], ['Saturday', '11:30AM–8PM'], ['Sunday', 'Closed'], ['Monday', '11AM–9PM'], ['Tuesday', '11AM–9PM'], ['Wednesday', '11AM–9PM'], ['Thursday', '11AM–9PM']]"
0x54905cd33ffff83f:0xb07d885bd953577,Blue C Sushi,"Blue C Sushi, 468 Southcenter Mall, Tukwila, WA 98188",47.45775,-122.25930299999999,"['Conveyor belt sushi restaurant', 'Asian restaurant', 'Bar', 'Japanese restaurant', 'Seafood restaurant', 'Sushi restaurant']",4.0,308,$$,"[['Friday', '11:30AM–10PM'], ['Saturday', '11:30AM–10PM'], ['Sunday', '11:30AM–9PM'], ['Monday', '11:30AM–9PM'], ['Tuesday', '11:30AM–9PM'], ['Wednesday', '11:30AM–9PM'], ['Thursday', '11:30AM–9PM']]"
0x5490154e7d9f0253:0xb170adb05ad5c454,Shiro's Sushi,"Shiro's Sushi, 2401 2nd Ave, Seattle, WA 98121",47.6147776,-122.34742999999999,"['Sushi restaurant', 'Japanese restaurant']",4.6,1612,$$$$,"[['Thursday', '11AM–8PM'], ['Friday', '11AM–8PM'], ['Saturday', '11AM–8PM'], ['Sunday', '11AM–8PM'], ['Monday', '11AM–8PM'], ['Tuesday', '11AM–8PM'], ['Wednesday', '11AM–8PM']]"
0x54905bfe454ada7f:0x95781d651d592c7b,Trapper's Sushi,"Trapper's Sushi, 4544, 321 Ramsay Way #103, Kent, WA 98032",47.3840668,-122.2349031,"['Sushi restaurant', 'Asian restaurant', 'Bar & grill', 'Japanese restaurant', 'Restaurant']",4.2,1384,$$,"[['Thursday', '11AM–9PM'], ['Friday', '11AM–9PM'], ['Saturday', '11AM–9PM'], ['Sunday', '11AM–9PM'], ['Monday', '11AM–9PM'], ['Tuesday', '11AM–9PM'], ['Wednesday', '11AM–9PM']]"
0x5491733f7c4f1fef:0xb1c715b0d8e8ac47,New Sushi & Teriyaki,"New Sushi & Teriyaki, 5401 Corporate Center Loop SE, Lacey, WA 98503",46.9992321,-122.82493439999999,"['Japanese restaurant', 'Sushi restaurant']",4.3,348,$,"[['Thursday', '11AM–9PM'], ['Friday', '11AM–9PM'], ['Saturday', '11AM–9PM'], ['Sunday', 'Closed'], ['Monday', '11AM–9PM'], ['Tuesday', '11AM–9PM'], ['Wednesday', '11AM–9PM']]"
0x54900e6bd03a6939:0xd623afa30efb48ee,Hana Sushi,"Hana Sushi, 10114 Main St, Bothell, WA 98011",47.760317199999996,-122.20485169999999,"['Sushi restaurant', 'Asian restaurant', 'Japanese restaurant']",4.5,368,$$,"[['Thursday', '11:30AM–2PM'], ['Friday', '11:30AM–2PM'], ['Saturday', '11:30AM–2PM'], ['Sunday', '11:30AM–2PM'], ['Monday', '11:30AM–2PM'], ['Tuesday', '11:30AM–2PM'], ['Wednesday', '11:30AM–2PM']]"
0x54906ab545ba2905:0xafac0b78afedf58e,Sansei Seafood Restaurant & Sushi Bar,"Sansei Seafood Restaurant & Sushi Bar, 815 Pine St, Seattle, WA 98101",47.6131691,-122.3320523,"['Japanese restaurant', 'Sushi restaurant']",4.2,146,$$,"[['Wednesday', '4:30–10PM'], ['Thursday', '4:30–10PM'], ['Friday', '4:30–11PM'], ['Saturday', '4:30–11PM'], ['Sunday', '4:30–10PM'], ['Monday', '4:30–10PM'], ['Tuesday', '4:30–10PM']]"
